gene_symbol	n_ensembl_ids	retained_gene_id	selection_reason	all_ensembl_ids
AAAS	2	ENSG00000094914	MANE Select canonical	ENSG00000094914; ENSG00000291836
AADACL2	2	ENSG00000197953	MANE Select canonical	ENSG00000197953; ENSG00000261846
AATF	2	ENSG00000275700	MANE Select canonical	ENSG00000275700; ENSG00000276072
ABCB11	2	ENSG00000073734	MANE Select canonical	ENSG00000073734; ENSG00000276582
ABCC1	2	ENSG00000103222	MANE Select canonical	ENSG00000103222; ENSG00000278183
ABCC6	2	ENSG00000091262	MANE Select canonical	ENSG00000091262; ENSG00000275331
ABCF1	7	ENSG00000204574	MANE Select canonical	ENSG00000204574; ENSG00000206490; ENSG00000225989; ENSG00000231129; ENSG00000232169; ENSG00000236149; ENSG00000236342
ABHD16A	7	ENSG00000204427	MANE Select canonical	ENSG00000204427; ENSG00000206403; ENSG00000224552; ENSG00000230475; ENSG00000231488; ENSG00000235676; ENSG00000236063
ABO	2	ENSG00000175164	gnomAD-recognized or lowest Ensembl ID	ENSG00000175164; ENSG00000281879
ABR	3	ENSG00000159842	MANE Select canonical	ENSG00000159842; ENSG00000276016; ENSG00000278741
ABT1	2	ENSG00000146109	MANE Select canonical	ENSG00000146109; ENSG00000292169
ACACA	2	ENSG00000278540	MANE Select canonical	ENSG00000275176; ENSG00000278540
ACAP1	2	ENSG00000072818	MANE Select canonical	ENSG00000072818; ENSG00000288169
ACR	2	ENSG00000100312	MANE Select canonical	ENSG00000100312; ENSG00000291368
ACTG1	2	ENSG00000184009	MANE Select canonical	ENSG00000184009; ENSG00000291420
ACTN4	2	ENSG00000130402	MANE Select canonical	ENSG00000130402; ENSG00000282844
ACTR1B	2	ENSG00000115073	MANE Select canonical	ENSG00000115073; ENSG00000291597
ACTR3C	2	ENSG00000106526	MANE Select canonical	ENSG00000106526; ENSG00000303938
ADAM18	2	ENSG00000168619	MANE Select canonical	ENSG00000168619; ENSG00000278548
ADAM2	2	ENSG00000104755	MANE Select canonical	ENSG00000104755; ENSG00000276286
ADAM32	2	ENSG00000197140	MANE Select canonical	ENSG00000197140; ENSG00000275594
ADAM9	2	ENSG00000168615	MANE Select canonical	ENSG00000168615; ENSG00000282230
ADAMTS12	2	ENSG00000151388	MANE Select canonical	ENSG00000151388; ENSG00000281690
ADAMTS13	2	ENSG00000160323	MANE Select canonical	ENSG00000160323; ENSG00000281244
ADAMTSL3	2	ENSG00000156218	MANE Select canonical	ENSG00000156218; ENSG00000291606
ADCK5	2	ENSG00000173137	MANE Select canonical	ENSG00000173137; ENSG00000285451
ADCY4	2	ENSG00000129467	MANE Select canonical	ENSG00000129467; ENSG00000284814
ADGRL1	2	ENSG00000072071	MANE Select canonical	ENSG00000072071; ENSG00000288324
ADI1	2	ENSG00000182551	MANE Select canonical	ENSG00000182551; ENSG00000280830
ADIPOR2	2	ENSG00000006831	MANE Select canonical	ENSG00000006831; ENSG00000285070
AGBL2	2	ENSG00000165923	MANE Select canonical	ENSG00000165923; ENSG00000285501
AGER	7	ENSG00000204305	MANE Select canonical	ENSG00000204305; ENSG00000206320; ENSG00000229058; ENSG00000230514; ENSG00000231268; ENSG00000234729; ENSG00000237405
AGK	2	ENSG00000006530	MANE Select canonical	ENSG00000006530; ENSG00000262327
AGPAT1	7	ENSG00000204310	MANE Select canonical	ENSG00000204310; ENSG00000206324; ENSG00000226467; ENSG00000227642; ENSG00000228892; ENSG00000235758; ENSG00000236873
AGPAT5	2	ENSG00000155189	MANE Select canonical	ENSG00000155189; ENSG00000284980
AIF1	6	ENSG00000204472	MANE Select canonical	ENSG00000204472; ENSG00000206428; ENSG00000234836; ENSG00000235588; ENSG00000235985; ENSG00000237727
AK6	2	ENSG00000085231	MANE Select canonical	ENSG00000085231; ENSG00000279247
AKAP17A	2	ENSG00000197976	MANE Select canonical	ENSG00000197976; ENSG00000292343
AKT3	2	ENSG00000117020	MANE Select canonical	ENSG00000117020; ENSG00000275199
ALOX5	2	ENSG00000012779	MANE Select canonical	ENSG00000012779; ENSG00000275565
ANKRD36	2	ENSG00000135976	MANE Select canonical	ENSG00000135976; ENSG00000291582
ANKRD36B	2	ENSG00000196912	MANE Select canonical	ENSG00000196912; ENSG00000291600
ANKRD45	2	ENSG00000183831	MANE Select canonical	ENSG00000183831; ENSG00000285777
ANKS4B	2	ENSG00000175311	MANE Select canonical	ENSG00000175311; ENSG00000284290
ANO4	2	ENSG00000151572	MANE Select canonical	ENSG00000151572; ENSG00000262139
ANXA8	3	ENSG00000265190	MANE Select canonical	ENSG00000265190; ENSG00000276850; ENSG00000288244
AP2A2	3	ENSG00000183020	MANE Select canonical	ENSG00000183020; ENSG00000280759; ENSG00000281385
APBA1	2	ENSG00000107282	MANE Select canonical	ENSG00000107282; ENSG00000276497
APBA2	2	ENSG00000034053	MANE Select canonical	ENSG00000034053; ENSG00000276495
APEX1	2	ENSG00000100823	MANE Select canonical	ENSG00000100823; ENSG00000291796
APOB	2	ENSG00000084674	MANE Select canonical	ENSG00000084674; ENSG00000291544
APOBEC3A	2	ENSG00000128383	MANE Select canonical	ENSG00000128383; ENSG00000262156
APOL5	2	ENSG00000128313	MANE Select canonical	ENSG00000128313; ENSG00000277390
APOM	7	ENSG00000204444	MANE Select canonical	ENSG00000204444; ENSG00000206409; ENSG00000224290; ENSG00000226215; ENSG00000227567; ENSG00000231974; ENSG00000235754
ARHGAP11A	2	ENSG00000198826	MANE Select canonical	ENSG00000198826; ENSG00000275568
ARHGAP11B	3	ENSG00000285077	MANE Select canonical	ENSG00000274734; ENSG00000285077; ENSG00000286139
ARHGAP17	2	ENSG00000140750	MANE Select canonical	ENSG00000140750; ENSG00000288353
ARHGAP23	2	ENSG00000275832	MANE Select canonical	ENSG00000273780; ENSG00000275832
ARHGAP27	3	ENSG00000159314	MANE Select canonical	ENSG00000159314; ENSG00000276836; ENSG00000276907
ARHGEF10	2	ENSG00000104728	MANE Select canonical	ENSG00000104728; ENSG00000274726
ARHGEF19	2	ENSG00000142632	MANE Select canonical	ENSG00000142632; ENSG00000291381
ARHGEF26	2	ENSG00000114790	MANE Select canonical	ENSG00000114790; ENSG00000277101
ARHGEF35	2	ENSG00000213214	MANE Select canonical	ENSG00000213214; ENSG00000288422
ARHGEF5	2	ENSG00000050327	MANE Select canonical	ENSG00000050327; ENSG00000284933
ARL17B	3	ENSG00000228696	MANE Select canonical	ENSG00000228696; ENSG00000275748; ENSG00000276276
ARMC10	2	ENSG00000170632	MANE Select canonical	ENSG00000170632; ENSG00000282813
ASAP3	2	ENSG00000088280	MANE Select canonical	ENSG00000088280; ENSG00000282854
ASB2	2	ENSG00000100628	MANE Select canonical	ENSG00000100628; ENSG00000278693
ASF1B	2	ENSG00000105011	MANE Select canonical	ENSG00000105011; ENSG00000288210
ASIC5	2	ENSG00000256394	MANE Select canonical	ENSG00000256394; ENSG00000262505
ASMT	2	ENSG00000196433	MANE Select canonical	ENSG00000196433; ENSG00000292336
ASMTL	2	ENSG00000169093	MANE Select canonical	ENSG00000169093; ENSG00000292339
ASPN	2	ENSG00000292224	MANE Select canonical	ENSG00000106819; ENSG00000292224
ATAT1	7	ENSG00000137343	MANE Select canonical	ENSG00000137343; ENSG00000206488; ENSG00000223752; ENSG00000229061; ENSG00000231257; ENSG00000234549; ENSG00000235658
ATF6B	4	ENSG00000213676	MANE Select canonical	ENSG00000168468; ENSG00000213676; ENSG00000228628; ENSG00000234539
ATG16L1	2	ENSG00000085978	MANE Select canonical	ENSG00000085978; ENSG00000281089
ATMIN	2	ENSG00000166454	MANE Select canonical	ENSG00000166454; ENSG00000291953
ATP23	2	ENSG00000166896	MANE Select canonical	ENSG00000166896; ENSG00000262145
ATP5IF1	2	ENSG00000130770	MANE Select canonical	ENSG00000130770; ENSG00000285390
ATP6V1G2	7	ENSG00000213760	MANE Select canonical	ENSG00000206445; ENSG00000213760; ENSG00000226850; ENSG00000227587; ENSG00000230900; ENSG00000234668; ENSG00000234920
ATP6V1G3	2	ENSG00000151418	MANE Select canonical	ENSG00000151418; ENSG00000263014
ATP9B	3	ENSG00000166377	MANE Select canonical	ENSG00000166377; ENSG00000274273; ENSG00000282266
AZU1	2	ENSG00000172232	MANE Select canonical	ENSG00000172232; ENSG00000278624
B2M	2	ENSG00000166710	MANE Select canonical	ENSG00000166710; ENSG00000273686
B3GALNT2	2	ENSG00000162885	MANE Select canonical	ENSG00000162885; ENSG00000282880
B3GALT4	5	ENSG00000235863	MANE Select canonical	ENSG00000206285; ENSG00000226936; ENSG00000235155; ENSG00000235863; ENSG00000236802
BAAT	2	ENSG00000136881	MANE Select canonical	ENSG00000136881; ENSG00000276559
BAG6	7	ENSG00000204463	MANE Select canonical	ENSG00000096155; ENSG00000204463; ENSG00000227761; ENSG00000228760; ENSG00000229524; ENSG00000233348; ENSG00000234651
BAHCC1	2	ENSG00000266074	MANE Select canonical	ENSG00000266074; ENSG00000291421
BCAP29	2	ENSG00000075790	MANE Select canonical	ENSG00000075790; ENSG00000283852
BCL2L14	2	ENSG00000121380	MANE Select canonical	ENSG00000121380; ENSG00000281449
BDH1	2	ENSG00000161267	MANE Select canonical	ENSG00000161267; ENSG00000275544
BDP1	3	ENSG00000145734	MANE Select canonical	ENSG00000145734; ENSG00000273873; ENSG00000274803
BEX5	2	ENSG00000184515	MANE Select canonical	ENSG00000184515; ENSG00000291824
BFAR	2	ENSG00000103429	MANE Select canonical	ENSG00000103429; ENSG00000275618
BLK	2	ENSG00000136573	MANE Select canonical	ENSG00000136573; ENSG00000285369
BMERB1	2	ENSG00000166780	MANE Select canonical	ENSG00000166780; ENSG00000278823
BORCS5	2	ENSG00000165714	MANE Select canonical	ENSG00000165714; ENSG00000280689
BRD2	7	ENSG00000204256	MANE Select canonical	ENSG00000204256; ENSG00000215077; ENSG00000230678; ENSG00000234507; ENSG00000234704; ENSG00000235307; ENSG00000236227
BRME1	2	ENSG00000132016	MANE Select canonical	ENSG00000132016; ENSG00000288152
BRSK2	2	ENSG00000174672	MANE Select canonical	ENSG00000174672; ENSG00000291428
BTBD7	2	ENSG00000011114	MANE Select canonical	ENSG00000011114; ENSG00000277222
BTG3	2	ENSG00000154640	MANE Select canonical	ENSG00000154640; ENSG00000281484
BTN1A1	2	ENSG00000124557	MANE Select canonical	ENSG00000124557; ENSG00000292177
BTN2A1	2	ENSG00000112763	MANE Select canonical	ENSG00000112763; ENSG00000292170
BTNL2	9	ENSG00000204290	MANE Select canonical	ENSG00000204290; ENSG00000224242; ENSG00000224770; ENSG00000225412; ENSG00000225845; ENSG00000226127; ENSG00000229597; ENSG00000229741; ENSG00000275798
C13orf46	2	ENSG00000283199	MANE Select canonical	ENSG00000283199; ENSG00000283302
C14orf180	2	ENSG00000184601	MANE Select canonical	ENSG00000184601; ENSG00000274126
C16orf46	2	ENSG00000166455	MANE Select canonical	ENSG00000166455; ENSG00000291963
C17orf78	2	ENSG00000278505	MANE Select canonical	ENSG00000278145; ENSG00000278505
C19orf67	2	ENSG00000188032	MANE Select canonical	ENSG00000188032; ENSG00000288239
C1GALT1C1	2	ENSG00000171155	MANE Select canonical	ENSG00000171155; ENSG00000288368
C1QTNF4	2	ENSG00000172247	MANE Select canonical	ENSG00000172247; ENSG00000284838
C1R	2	ENSG00000159403	MANE Select canonical	ENSG00000159403; ENSG00000288512
C1RL	2	ENSG00000139178	MANE Select canonical	ENSG00000139178; ENSG00000288124
C2	7	ENSG00000166278	MANE Select canonical	ENSG00000166278; ENSG00000204364; ENSG00000206372; ENSG00000226560; ENSG00000231543; ENSG00000235017; ENSG00000235696
C22orf15	2	ENSG00000169314	MANE Select canonical	ENSG00000169314; ENSG00000273579
C2orf78	2	ENSG00000187833	MANE Select canonical	ENSG00000187833; ENSG00000291484
C2orf92	2	ENSG00000228486	MANE Select canonical	ENSG00000228486; ENSG00000291598
C4A	4	ENSG00000227746	MANE Select canonical	ENSG00000206340; ENSG00000227746; ENSG00000244207; ENSG00000244731
C4B	5	ENSG00000224389	MANE Select canonical	ENSG00000224389; ENSG00000224639; ENSG00000228267; ENSG00000228454; ENSG00000236625
C4orf36	2	ENSG00000163633	MANE Select canonical	ENSG00000163633; ENSG00000285458
C6orf136	7	ENSG00000204564	MANE Select canonical	ENSG00000204564; ENSG00000206487; ENSG00000224120; ENSG00000233164; ENSG00000233641; ENSG00000237012; ENSG00000237100
C6orf15	6	ENSG00000204542	MANE Select canonical	ENSG00000204542; ENSG00000206461; ENSG00000224105; ENSG00000225543; ENSG00000229432; ENSG00000231624
C6orf47	7	ENSG00000204439	MANE Select canonical	ENSG00000203623; ENSG00000204439; ENSG00000226103; ENSG00000226531; ENSG00000228177; ENSG00000228435; ENSG00000235360
C6orf52	2	ENSG00000137434	MANE Select canonical	ENSG00000137434; ENSG00000285312
C8orf33	2	ENSG00000182307	MANE Select canonical	ENSG00000182307; ENSG00000291362
C8orf74	2	ENSG00000171060	MANE Select canonical	ENSG00000171060; ENSG00000285147
C8orf90	2	ENSG00000226490	MANE Select canonical	ENSG00000226490; ENSG00000291474
CABIN1	2	ENSG00000099991	MANE Select canonical	ENSG00000099991; ENSG00000281670
CACFD1	2	ENSG00000160325	MANE Select canonical	ENSG00000160325; ENSG00000280479
CACNA1C	2	ENSG00000151067	MANE Select canonical	ENSG00000151067; ENSG00000285479
CACNA2D4	2	ENSG00000151062	MANE Select canonical	ENSG00000151062; ENSG00000284953
CALB2	2	ENSG00000172137	MANE Select canonical	ENSG00000172137; ENSG00000282830
CANX	2	ENSG00000127022	MANE Select canonical	ENSG00000127022; ENSG00000283777
CAPN12	2	ENSG00000182472	MANE Select canonical	ENSG00000182472; ENSG00000292260
CAPN15	2	ENSG00000103326	MANE Select canonical	ENSG00000103326; ENSG00000282214
CARMIL3	2	ENSG00000186648	MANE Select canonical	ENSG00000186648; ENSG00000284765
CARS1	2	ENSG00000110619	MANE Select canonical	ENSG00000110619; ENSG00000278191
CASP12	2	ENSG00000291983	MANE Select canonical	ENSG00000204403; ENSG00000291983
CASP8AP2	2	ENSG00000288475	MANE Select canonical	ENSG00000118412; ENSG00000288475
CATSPERB	2	ENSG00000133962	MANE Select canonical	ENSG00000133962; ENSG00000274338
CATSPERQ	2	ENSG00000261587	MANE Select canonical	ENSG00000261587; ENSG00000285272
CBY3	2	ENSG00000204659	MANE Select canonical	ENSG00000204659; ENSG00000283718
CC2D1A	2	ENSG00000132024	MANE Select canonical	ENSG00000132024; ENSG00000288293
CCDC120	2	ENSG00000147144	MANE Select canonical	ENSG00000147144; ENSG00000292279
CCDC125	2	ENSG00000183323	MANE Select canonical	ENSG00000183323; ENSG00000277868
CCDC166	2	ENSG00000255181	MANE Select canonical	ENSG00000255181; ENSG00000278749
CCDC197	2	ENSG00000175699	MANE Select canonical	ENSG00000175699; ENSG00000280668
CCDC33	2	ENSG00000140481	MANE Select canonical	ENSG00000140481; ENSG00000288407
CCDC40	2	ENSG00000141519	MANE Select canonical	ENSG00000141519; ENSG00000291505
CCDC74B	2	ENSG00000152076	MANE Select canonical	ENSG00000152076; ENSG00000292118
CCDC92	2	ENSG00000119242	MANE Select canonical	ENSG00000119242; ENSG00000275035
CCER2	2	ENSG00000262484	MANE Select canonical	ENSG00000262484; ENSG00000283099
CCHCR1	6	ENSG00000204536	MANE Select canonical	ENSG00000204536; ENSG00000206355; ENSG00000206457; ENSG00000223533; ENSG00000224180; ENSG00000234114
CCL14	2	ENSG00000276409	MANE Select canonical	ENSG00000276409; ENSG00000277236
CCL15	2	ENSG00000275718	MANE Select canonical	ENSG00000275528; ENSG00000275718
CCL16	2	ENSG00000275152	MANE Select canonical	ENSG00000275095; ENSG00000275152
CCL18	3	ENSG00000275385	MANE Select canonical	ENSG00000275385; ENSG00000278006; ENSG00000278167
CCL23	2	ENSG00000274736	MANE Select canonical	ENSG00000274736; ENSG00000276114
CCL3	3	ENSG00000277632	MANE Select canonical	ENSG00000274221; ENSG00000277632; ENSG00000278567
CCL3L3	4	ENSG00000276085	MANE Select canonical	ENSG00000276085; ENSG00000277336; ENSG00000277768; ENSG00000293545
CCL4	3	ENSG00000275302	MANE Select canonical	ENSG00000275302; ENSG00000275824; ENSG00000277943
CCL4L2	4	ENSG00000276070	MANE Select canonical	ENSG00000276070; ENSG00000276125; ENSG00000282604; ENSG00000293547
CCL5	2	ENSG00000271503	MANE Select canonical	ENSG00000271503; ENSG00000274233
CCNB1IP1	2	ENSG00000100814	MANE Select canonical	ENSG00000100814; ENSG00000291784
CCT8	2	ENSG00000156261	MANE Select canonical	ENSG00000156261; ENSG00000291533
CD300A	2	ENSG00000167851	MANE Select canonical	ENSG00000167851; ENSG00000291918
CD300C	2	ENSG00000167850	MANE Select canonical	ENSG00000167850; ENSG00000291920
CD300H	2	ENSG00000291925	MANE Select canonical	ENSG00000284690; ENSG00000291925
CD300LB	2	ENSG00000178789	MANE Select canonical	ENSG00000178789; ENSG00000291919
CD300LD	2	ENSG00000204345	MANE Select canonical	ENSG00000204345; ENSG00000291922
CD99	2	ENSG00000002586	MANE Select canonical	ENSG00000002586; ENSG00000292348
CDC42EP5	4	ENSG00000167617	MANE Select canonical	ENSG00000167617; ENSG00000273622; ENSG00000273633; ENSG00000278444
CDH4	2	ENSG00000179242	MANE Select canonical	ENSG00000179242; ENSG00000280641
CDHR5	2	ENSG00000099834	MANE Select canonical	ENSG00000099834; ENSG00000273572
CDIP1	2	ENSG00000089486	MANE Select canonical	ENSG00000089486; ENSG00000274336
CDK7	2	ENSG00000134058	MANE Select canonical	ENSG00000134058; ENSG00000277273
CDKN1C	2	ENSG00000129757	MANE Select canonical	ENSG00000129757; ENSG00000273707
CDSN	6	ENSG00000204539	MANE Select canonical	ENSG00000137197; ENSG00000204539; ENSG00000206460; ENSG00000237114; ENSG00000237123; ENSG00000237165
CEACAM21	2	ENSG00000007129	MANE Select canonical	ENSG00000007129; ENSG00000278565
CEACAM4	2	ENSG00000105352	MANE Select canonical	ENSG00000105352; ENSG00000274131
CEACAM7	2	ENSG00000007306	MANE Select canonical	ENSG00000007306; ENSG00000280501
CENATAC	2	ENSG00000186166	MANE Select canonical	ENSG00000186166; ENSG00000280975
CENPN	2	ENSG00000166451	MANE Select canonical	ENSG00000166451; ENSG00000291964
CENPP	2	ENSG00000188312	MANE Select canonical	ENSG00000188312; ENSG00000291348
CEP170	2	ENSG00000143702	MANE Select canonical	ENSG00000143702; ENSG00000276725
CEP20	2	ENSG00000133393	MANE Select canonical	ENSG00000133393; ENSG00000276914
CEP72	2	ENSG00000112877	MANE Select canonical	ENSG00000112877; ENSG00000280688
CES1	2	ENSG00000198848	MANE Select canonical	ENSG00000198848; ENSG00000262243
CES5A	2	ENSG00000159398	MANE Select canonical	ENSG00000159398; ENSG00000261972
CETN2	2	ENSG00000147400	MANE Select canonical	ENSG00000147400; ENSG00000292191
CFB	7	ENSG00000243649	MANE Select canonical	ENSG00000204359; ENSG00000239754; ENSG00000241253; ENSG00000241534; ENSG00000242335; ENSG00000243570; ENSG00000243649
CFD	2	ENSG00000197766	MANE Select canonical	ENSG00000197766; ENSG00000274619
CFHR2	2	ENSG00000080910	MANE Select canonical	ENSG00000080910; ENSG00000292003
CFHR5	2	ENSG00000134389	MANE Select canonical	ENSG00000134389; ENSG00000292002
CHCHD10	2	ENSG00000250479	MANE Select canonical	ENSG00000250479; ENSG00000273607
CHGA	2	ENSG00000100604	MANE Select canonical	ENSG00000100604; ENSG00000276781
CHMP4A	2	ENSG00000254505	MANE Select canonical	ENSG00000254505; ENSG00000285302
CHORDC1	2	ENSG00000110172	MANE Select canonical	ENSG00000110172; ENSG00000285023
CHRFAM7A	2	ENSG00000166664	MANE Select canonical	ENSG00000166664; ENSG00000275917
CHRNA7	3	ENSG00000175344	MANE Select canonical	ENSG00000175344; ENSG00000274542; ENSG00000282088
CHRNB1	2	ENSG00000170175	MANE Select canonical	ENSG00000170175; ENSG00000283946
CIDEB	2	ENSG00000136305	MANE Select canonical	ENSG00000136305; ENSG00000285199
CISD3	2	ENSG00000277972	MANE Select canonical	ENSG00000274768; ENSG00000277972
CLDN23	2	ENSG00000253958	MANE Select canonical	ENSG00000253958; ENSG00000285098
CLDN7	2	ENSG00000181885	MANE Select canonical	ENSG00000181885; ENSG00000288292
CLIC1	7	ENSG00000213719	MANE Select canonical	ENSG00000206394; ENSG00000213719; ENSG00000223639; ENSG00000226248; ENSG00000226417; ENSG00000226651; ENSG00000230685
CLK2	2	ENSG00000176444	MANE Select canonical	ENSG00000176444; ENSG00000261893
CLN3	2	ENSG00000188603	MANE Select canonical	ENSG00000188603; ENSG00000261832
CLN8	2	ENSG00000182372	MANE Select canonical	ENSG00000182372; ENSG00000278220
CLPTM1L	2	ENSG00000049656	MANE Select canonical	ENSG00000049656; ENSG00000274811
CLSTN3	2	ENSG00000139182	MANE Select canonical	ENSG00000139182; ENSG00000288427
CMC2	2	ENSG00000103121	MANE Select canonical	ENSG00000103121; ENSG00000291948
CMKLR2	2	ENSG00000183671	MANE Select canonical	ENSG00000183671; ENSG00000283448
CMTR2	2	ENSG00000180917	MANE Select canonical	ENSG00000180917; ENSG00000292378
CNOT10	2	ENSG00000182973	MANE Select canonical	ENSG00000182973; ENSG00000291502
CNOT3	10	ENSG00000088038	MANE Select canonical	ENSG00000088038; ENSG00000273943; ENSG00000274176; ENSG00000274616; ENSG00000274941; ENSG00000275979; ENSG00000276082; ENSG00000277114; ENSG00000277600; ENSG00000277615
CNTNAP2	2	ENSG00000174469	MANE Select canonical	ENSG00000174469; ENSG00000278728
CNTNAP3C	2	ENSG00000283378	gnomAD-recognized or lowest Ensembl ID	ENSG00000283378; ENSG00000291365
COG5	2	ENSG00000164597	MANE Select canonical	ENSG00000164597; ENSG00000284369
COL11A2	7	ENSG00000204248	MANE Select canonical	ENSG00000204248; ENSG00000206290; ENSG00000223699; ENSG00000227801; ENSG00000230930; ENSG00000232541; ENSG00000235708
COL18A1	2	ENSG00000182871	MANE Select canonical	ENSG00000182871; ENSG00000292234
COL3A1	2	ENSG00000168542	MANE Select canonical	ENSG00000168542; ENSG00000291748
CORO7	2	ENSG00000262246	MANE Select canonical	ENSG00000262246; ENSG00000282725
CORO7-PAM16	2	ENSG00000103426	gnomAD-recognized or lowest Ensembl ID	ENSG00000103426; ENSG00000278760
COX5B	2	ENSG00000135940	MANE Select canonical	ENSG00000135940; ENSG00000291596
COX8C	2	ENSG00000187581	MANE Select canonical	ENSG00000187581; ENSG00000277018
CPEB1	2	ENSG00000214575	MANE Select canonical	ENSG00000214575; ENSG00000277445
CPLANE2	2	ENSG00000132881	MANE Select canonical	ENSG00000132881; ENSG00000291382
CPNE6	2	ENSG00000100884	MANE Select canonical	ENSG00000100884; ENSG00000285221
CPSF1	2	ENSG00000071894	MANE Select canonical	ENSG00000071894; ENSG00000285049
CRHR1	3	ENSG00000120088	MANE Select canonical	ENSG00000120088; ENSG00000276191; ENSG00000278232
CRIM1	2	ENSG00000150938	MANE Select canonical	ENSG00000150938; ENSG00000277354
CRLF2	2	ENSG00000205755	MANE Select canonical	ENSG00000205755; ENSG00000292363
CRYGC	2	ENSG00000163254	MANE Select canonical	ENSG00000163254; ENSG00000285011
CRYGD	2	ENSG00000118231	MANE Select canonical	ENSG00000118231; ENSG00000285434
CSAG1	2	ENSG00000198930	MANE Select canonical	ENSG00000198930; ENSG00000292188
CSF2RA	2	ENSG00000198223	MANE Select canonical	ENSG00000198223; ENSG00000292357
CSNK2B	7	ENSG00000204435	MANE Select canonical	ENSG00000204435; ENSG00000206406; ENSG00000224398; ENSG00000224774; ENSG00000228875; ENSG00000230700; ENSG00000232960
CT47A1	2	ENSG00000236371	MANE Select canonical	ENSG00000236371; ENSG00000288363
CT47A2	2	ENSG00000242362	MANE Select canonical	ENSG00000242362; ENSG00000292268
CT47A3	2	ENSG00000236126	MANE Select canonical	ENSG00000236126; ENSG00000292267
CT47A4	2	ENSG00000230594	MANE Select canonical	ENSG00000230594; ENSG00000288477
CT47A5	2	ENSG00000237957	MANE Select canonical	ENSG00000237957; ENSG00000292266
CT47A6	2	ENSG00000226023	MANE Select canonical	ENSG00000226023; ENSG00000288273
CT47B1	2	ENSG00000236446	MANE Select canonical	ENSG00000236446; ENSG00000288466
CTAGE1	2	ENSG00000212710	MANE Select canonical	ENSG00000212710; ENSG00000282841
CTAGE15	2	ENSG00000271079	MANE Select canonical	ENSG00000271079; ENSG00000285172
CTAGE4	2	ENSG00000288784	MANE Select canonical	ENSG00000288370; ENSG00000288784
CTAGE6	2	ENSG00000271321	MANE Select canonical	ENSG00000271321; ENSG00000285123
CTAGE8	2	ENSG00000289604	MANE Select canonical	ENSG00000288181; ENSG00000289604
CTDP1	2	ENSG00000060069	MANE Select canonical	ENSG00000060069; ENSG00000282752
CTIF	2	ENSG00000134030	MANE Select canonical	ENSG00000134030; ENSG00000282825
CTRB1	2	ENSG00000168925	MANE Select canonical	ENSG00000168925; ENSG00000285346
CTRB2	2	ENSG00000168928	MANE Select canonical	ENSG00000168928; ENSG00000284810
CTSB	2	ENSG00000164733	MANE Select canonical	ENSG00000164733; ENSG00000285132
CTSO	2	ENSG00000256043	MANE Select canonical	ENSG00000256043; ENSG00000263238
CTTN	2	ENSG00000085733	MANE Select canonical	ENSG00000085733; ENSG00000288401
CUTA	2	ENSG00000112514	MANE Select canonical	ENSG00000112514; ENSG00000226492
CWC25	2	ENSG00000273559	MANE Select canonical	ENSG00000273559; ENSG00000276761
CYFIP1	3	ENSG00000273749	MANE Select canonical	ENSG00000273749; ENSG00000280618; ENSG00000288461
CYP11A1	2	ENSG00000140459	MANE Select canonical	ENSG00000140459; ENSG00000288362
CYP21A2	6	ENSG00000231852	MANE Select canonical	ENSG00000198457; ENSG00000206338; ENSG00000231852; ENSG00000232414; ENSG00000233151; ENSG00000235134
CYP2D6	6	ENSG00000100197	MANE Select canonical	ENSG00000100197; ENSG00000272532; ENSG00000275211; ENSG00000280905; ENSG00000282966; ENSG00000283284
DAXX	6	ENSG00000204209	MANE Select canonical	ENSG00000204209; ENSG00000206206; ENSG00000206279; ENSG00000227046; ENSG00000229396; ENSG00000231617
DCAF11	2	ENSG00000100897	MANE Select canonical	ENSG00000100897; ENSG00000284796
DCAF15	2	ENSG00000132017	MANE Select canonical	ENSG00000132017; ENSG00000288453
DCHS2	2	ENSG00000197410	MANE Select canonical	ENSG00000197410; ENSG00000284227
DCP1B	2	ENSG00000151065	MANE Select canonical	ENSG00000151065; ENSG00000284850
DDAH2	7	ENSG00000213722	MANE Select canonical	ENSG00000206395; ENSG00000213722; ENSG00000225635; ENSG00000226634; ENSG00000227317; ENSG00000228128; ENSG00000233076
DDR1	7	ENSG00000204580	MANE Select canonical	ENSG00000137332; ENSG00000204580; ENSG00000215522; ENSG00000223680; ENSG00000229767; ENSG00000230456; ENSG00000234078
DDT	2	ENSG00000099977	MANE Select canonical	ENSG00000099977; ENSG00000275003
DDTL	2	ENSG00000099974	MANE Select canonical	ENSG00000099974; ENSG00000275758
DDX24	2	ENSG00000089737	MANE Select canonical	ENSG00000089737; ENSG00000273761
DDX39B	8	ENSG00000198563	MANE Select canonical	ENSG00000198563; ENSG00000215425; ENSG00000225073; ENSG00000225859; ENSG00000229496; ENSG00000230624; ENSG00000235439; ENSG00000237889
DDX51	2	ENSG00000185163	MANE Select canonical	ENSG00000185163; ENSG00000288503
DDX52	2	ENSG00000278053	MANE Select canonical	ENSG00000277594; ENSG00000278053
DEAF1	2	ENSG00000177030	MANE Select canonical	ENSG00000177030; ENSG00000282712
DECR2	2	ENSG00000242612	MANE Select canonical	ENSG00000242612; ENSG00000274296
DEFA1	2	ENSG00000206047	MANE Select canonical	ENSG00000206047; ENSG00000284983
DEFA1B	2	ENSG00000240247	MANE Select canonical	ENSG00000240247; ENSG00000285176
DEFA3	2	ENSG00000239839	MANE Select canonical	ENSG00000239839; ENSG00000284835
DEFA4	2	ENSG00000164821	MANE Select canonical	ENSG00000164821; ENSG00000285318
DEFA5	2	ENSG00000164816	MANE Select canonical	ENSG00000164816; ENSG00000285251
DEFA6	2	ENSG00000164822	MANE Select canonical	ENSG00000164822; ENSG00000285136
DEFB1	2	ENSG00000164825	MANE Select canonical	ENSG00000164825; ENSG00000284881
DEFB103A	2	ENSG00000176797	MANE Select canonical	ENSG00000176797; ENSG00000284978
DEFB103B	3	ENSG00000177243	MANE Select canonical	ENSG00000177243; ENSG00000273641; ENSG00000285376
DEFB104A	2	ENSG00000176782	MANE Select canonical	ENSG00000176782; ENSG00000285356
DEFB104B	3	ENSG00000177023	MANE Select canonical	ENSG00000177023; ENSG00000277006; ENSG00000285034
DEFB105A	2	ENSG00000186562	MANE Select canonical	ENSG00000186562; ENSG00000285411
DEFB105B	3	ENSG00000186599	MANE Select canonical	ENSG00000186599; ENSG00000274729; ENSG00000285015
DEFB106A	2	ENSG00000186579	MANE Select canonical	ENSG00000186579; ENSG00000284937
DEFB106B	3	ENSG00000187082	MANE Select canonical	ENSG00000187082; ENSG00000275794; ENSG00000285617
DEFB107A	2	ENSG00000186572	MANE Select canonical	ENSG00000186572; ENSG00000285432
DEFB107B	3	ENSG00000198129	MANE Select canonical	ENSG00000198129; ENSG00000277530; ENSG00000284979
DEFB109B	2	ENSG00000206034	MANE Select canonical	ENSG00000206034; ENSG00000284851
DEFB130B	2	ENSG00000233050	MANE Select canonical	ENSG00000233050; ENSG00000285249
DEFB134	2	ENSG00000205882	MANE Select canonical	ENSG00000205882; ENSG00000284754
DEFB135	2	ENSG00000205883	MANE Select canonical	ENSG00000205883; ENSG00000285365
DEFB136	2	ENSG00000205884	MANE Select canonical	ENSG00000205884; ENSG00000285087
DEFB4A	2	ENSG00000171711	MANE Select canonical	ENSG00000171711; ENSG00000285181
DEFB4B	3	ENSG00000177257	MANE Select canonical	ENSG00000177257; ENSG00000275444; ENSG00000285433
DENND11	2	ENSG00000257093	MANE Select canonical	ENSG00000257093; ENSG00000262599
DERL3	2	ENSG00000099958	MANE Select canonical	ENSG00000099958; ENSG00000274437
DGAT1	2	ENSG00000185000	MANE Select canonical	ENSG00000185000; ENSG00000285482
DHRS1	2	ENSG00000157379	MANE Select canonical	ENSG00000157379; ENSG00000284868
DHRS11	2	ENSG00000278535	MANE Select canonical	ENSG00000275397; ENSG00000278535
DHRS4	2	ENSG00000157326	MANE Select canonical	ENSG00000157326; ENSG00000284807
DHRS4L2	2	ENSG00000187630	MANE Select canonical	ENSG00000187630; ENSG00000292270
DHRSX	2	ENSG00000169084	MANE Select canonical	ENSG00000169084; ENSG00000292338
DHX16	8	ENSG00000204560	MANE Select canonical	ENSG00000204560; ENSG00000206486; ENSG00000226171; ENSG00000227222; ENSG00000231377; ENSG00000233049; ENSG00000233418; ENSG00000233561
DHX36	2	ENSG00000174953	MANE Select canonical	ENSG00000174953; ENSG00000281763
DLC1	2	ENSG00000164741	MANE Select canonical	ENSG00000164741; ENSG00000288673
DLG5	2	ENSG00000151208	MANE Select canonical	ENSG00000151208; ENSG00000274429
DLGAP2	5	ENSG00000198010	MANE Select canonical	ENSG00000198010; ENSG00000274161; ENSG00000282103; ENSG00000282152; ENSG00000282318
DLL1	2	ENSG00000198719	MANE Select canonical	ENSG00000198719; ENSG00000275555
DLX1	2	ENSG00000144355	MANE Select canonical	ENSG00000144355; ENSG00000292098
DNAH10	2	ENSG00000197653	MANE Select canonical	ENSG00000197653; ENSG00000281935
DNAJA3	2	ENSG00000103423	MANE Select canonical	ENSG00000103423; ENSG00000276726
DNAJC28	2	ENSG00000177692	MANE Select canonical	ENSG00000177692; ENSG00000262911
DOC2B	2	ENSG00000272636	MANE Select canonical	ENSG00000272636; ENSG00000272670
DRD4	2	ENSG00000069696	MANE Select canonical	ENSG00000069696; ENSG00000276825
DSCAM	2	ENSG00000171587	MANE Select canonical	ENSG00000171587; ENSG00000291561
DSEL	2	ENSG00000171451	MANE Select canonical	ENSG00000171451; ENSG00000262102
DTX2	2	ENSG00000091073	MANE Select canonical	ENSG00000091073; ENSG00000282379
DUS4L	2	ENSG00000105865	MANE Select canonical	ENSG00000105865; ENSG00000284103
DUSP11	2	ENSG00000144048	MANE Select canonical	ENSG00000144048; ENSG00000291483
DUSP13B	2	ENSG00000079393	MANE Select canonical	ENSG00000079393; ENSG00000293542
DUSP14	2	ENSG00000276023	MANE Select canonical	ENSG00000275932; ENSG00000276023
DUSP16	2	ENSG00000111266	MANE Select canonical	ENSG00000111266; ENSG00000280962
DUSP29	2	ENSG00000188716	MANE Select canonical	ENSG00000188716; ENSG00000281660
DUSP8	4	ENSG00000184545	MANE Select canonical	ENSG00000184545; ENSG00000273793; ENSG00000278165; ENSG00000291431
DUX4	2	ENSG00000260596	MANE Select canonical	ENSG00000260596; ENSG00000283949
DXO	6	ENSG00000204348	MANE Select canonical	ENSG00000204348; ENSG00000206346; ENSG00000224313; ENSG00000225682; ENSG00000234798; ENSG00000236765
DYNC1I2	2	ENSG00000077380	MANE Select canonical	ENSG00000077380; ENSG00000292102
DYNLT2	2	ENSG00000184786	MANE Select canonical	ENSG00000184786; ENSG00000275368
DYRK1B	2	ENSG00000105204	MANE Select canonical	ENSG00000105204; ENSG00000281320
E2F2	2	ENSG00000007968	MANE Select canonical	ENSG00000007968; ENSG00000282899
ECH1	2	ENSG00000104823	MANE Select canonical	ENSG00000104823; ENSG00000282853
ECM2	2	ENSG00000106823	MANE Select canonical	ENSG00000106823; ENSG00000291357
ECSCR	2	ENSG00000249751	MANE Select canonical	ENSG00000249751; ENSG00000288297
EEF1B2	2	ENSG00000114942	MANE Select canonical	ENSG00000114942; ENSG00000283391
EEF1D	2	ENSG00000104529	MANE Select canonical	ENSG00000104529; ENSG00000273594
EEF2K	2	ENSG00000103319	MANE Select canonical	ENSG00000103319; ENSG00000284161
EEFSEC	2	ENSG00000132394	MANE Select canonical	ENSG00000132394; ENSG00000284869
EGFL8	7	ENSG00000241404	MANE Select canonical	ENSG00000239974; ENSG00000240389; ENSG00000240592; ENSG00000241404; ENSG00000242038; ENSG00000243897; ENSG00000244444
EHMT2	7	ENSG00000204371	MANE Select canonical	ENSG00000204371; ENSG00000206376; ENSG00000224143; ENSG00000227333; ENSG00000232045; ENSG00000236759; ENSG00000238134
EIF3K	2	ENSG00000178982	MANE Select canonical	ENSG00000178982; ENSG00000282986
EIF4A3	2	ENSG00000141543	MANE Select canonical	ENSG00000141543; ENSG00000291508
EIF5A	2	ENSG00000132507	MANE Select canonical	ENSG00000132507; ENSG00000288145
ELANE	2	ENSG00000197561	MANE Select canonical	ENSG00000197561; ENSG00000277571
ELFN2	2	ENSG00000166897	MANE Select canonical	ENSG00000166897; ENSG00000243902
ELP5	2	ENSG00000170291	MANE Select canonical	ENSG00000170291; ENSG00000288485
EMC3	2	ENSG00000125037	MANE Select canonical	ENSG00000125037; ENSG00000206567
EMC9	2	ENSG00000100908	MANE Select canonical	ENSG00000100908; ENSG00000285377
ENTREP2	2	ENSG00000104059	MANE Select canonical	ENSG00000104059; ENSG00000273564
ENTREP3	2	ENSG00000160767	MANE Select canonical	ENSG00000160767; ENSG00000262666
EPCIP	2	ENSG00000205929	MANE Select canonical	ENSG00000205929; ENSG00000262938
EPHA1	2	ENSG00000146904	MANE Select canonical	ENSG00000146904; ENSG00000284816
EPHB6	2	ENSG00000106123	MANE Select canonical	ENSG00000106123; ENSG00000275482
EPOP	2	ENSG00000273604	MANE Select canonical	ENSG00000273604; ENSG00000277303
ERI1	2	ENSG00000104626	MANE Select canonical	ENSG00000104626; ENSG00000292301
ERICH1	2	ENSG00000104714	MANE Select canonical	ENSG00000104714; ENSG00000282665
ERMARD	2	ENSG00000130023	MANE Select canonical	ENSG00000130023; ENSG00000276187
EVI2B	2	ENSG00000185862	MANE Select canonical	ENSG00000185862; ENSG00000291721
EVPLL	2	ENSG00000214860	MANE Select canonical	ENSG00000214860; ENSG00000284166
F13B	2	ENSG00000143278	MANE Select canonical	ENSG00000143278; ENSG00000291998
FAHD2A	2	ENSG00000115042	MANE Select canonical	ENSG00000115042; ENSG00000292086
FAHD2B	2	ENSG00000144199	MANE Select canonical	ENSG00000144199; ENSG00000291581
FAM120B	2	ENSG00000112584	MANE Select canonical	ENSG00000112584; ENSG00000275333
FAM167A	2	ENSG00000154319	MANE Select canonical	ENSG00000154319; ENSG00000292288
FAM180B	2	ENSG00000196666	MANE Select canonical	ENSG00000196666; ENSG00000284938
FAM181A	2	ENSG00000140067	MANE Select canonical	ENSG00000140067; ENSG00000273533
FAM20C	4	ENSG00000177706	MANE Select canonical	ENSG00000177706; ENSG00000281429; ENSG00000282147; ENSG00000288499
FAM240C	2	ENSG00000216921	MANE Select canonical	ENSG00000216921; ENSG00000281553
FAM25C	2	ENSG00000276430	MANE Select canonical	ENSG00000276430; ENSG00000288481
FAM86B1	2	ENSG00000186523	MANE Select canonical	ENSG00000186523; ENSG00000285316
FAM86B2	2	ENSG00000145002	MANE Select canonical	ENSG00000145002; ENSG00000285397
FAM90A10	2	ENSG00000285950	MANE Select canonical	ENSG00000285950; ENSG00000292276
FAM90A12	2	ENSG00000254229	MANE Select canonical	ENSG00000254229; ENSG00000292438
FAM90A16	2	ENSG00000285620	MANE Select canonical	ENSG00000285620; ENSG00000292322
FAM90A17	2	ENSG00000285720	MANE Select canonical	ENSG00000285720; ENSG00000292321
FAM90A19	2	ENSG00000285657	MANE Select canonical	ENSG00000285657; ENSG00000292275
FAM90A20	2	ENSG00000233295	MANE Select canonical	ENSG00000233295; ENSG00000284799
FAM90A22	2	ENSG00000285687	MANE Select canonical	ENSG00000281407; ENSG00000285687
FAM90A23	3	ENSG00000285765	MANE Select canonical	ENSG00000281862; ENSG00000285765; ENSG00000285795
FAM90A3	2	ENSG00000233132	MANE Select canonical	ENSG00000233132; ENSG00000285074
FAM90A7	4	ENSG00000285975	MANE Select canonical	ENSG00000281040; ENSG00000285832; ENSG00000285975; ENSG00000292325
FAM90A9	2	ENSG00000285607	MANE Select canonical	ENSG00000285607; ENSG00000285962
FAN1	2	ENSG00000198690	MANE Select canonical	ENSG00000198690; ENSG00000276787
FBL	2	ENSG00000105202	MANE Select canonical	ENSG00000105202; ENSG00000280548
FBXL6	2	ENSG00000182325	MANE Select canonical	ENSG00000182325; ENSG00000285442
FBXO17	2	ENSG00000269190	MANE Select canonical	ENSG00000269190; ENSG00000282954
FBXO42	2	ENSG00000037637	MANE Select canonical	ENSG00000037637; ENSG00000291375
FCAR	12	ENSG00000186431	MANE Select canonical	ENSG00000186431; ENSG00000273738; ENSG00000274580; ENSG00000275136; ENSG00000275269; ENSG00000275564; ENSG00000275970; ENSG00000276858; ENSG00000276985; ENSG00000278415; ENSG00000283750; ENSG00000284061
FCER1A	2	ENSG00000179639	MANE Select canonical	ENSG00000179639; ENSG00000291905
FCGBP	2	ENSG00000281123	MANE Select canonical	ENSG00000275395; ENSG00000281123
FDFT1	2	ENSG00000079459	MANE Select canonical	ENSG00000079459; ENSG00000284967
FGF11	2	ENSG00000161958	MANE Select canonical	ENSG00000161958; ENSG00000283903
FITM1	2	ENSG00000139914	MANE Select canonical	ENSG00000139914; ENSG00000285321
FKBPL	4	ENSG00000204315	MANE Select canonical	ENSG00000204315; ENSG00000223666; ENSG00000224200; ENSG00000230907
FLII	2	ENSG00000177731	MANE Select canonical	ENSG00000177731; ENSG00000284571
FLOT1	8	ENSG00000137312	MANE Select canonical	ENSG00000137312; ENSG00000206379; ENSG00000206480; ENSG00000223654; ENSG00000224740; ENSG00000230143; ENSG00000232280; ENSG00000236271
FNBP4	2	ENSG00000109920	MANE Select canonical	ENSG00000109920; ENSG00000285182
FOXO6	2	ENSG00000281518	MANE Select canonical	ENSG00000204060; ENSG00000281518
FRG1	4	ENSG00000109536	MANE Select canonical	ENSG00000109536; ENSG00000275145; ENSG00000283153; ENSG00000283630
FRG2	4	ENSG00000205097	MANE Select canonical	ENSG00000205097; ENSG00000274972; ENSG00000285063; ENSG00000285202
FTCD	2	ENSG00000160282	MANE Select canonical	ENSG00000160282; ENSG00000281775
FUT3	2	ENSG00000292063	MANE Select canonical	ENSG00000171124; ENSG00000292063
G6PC2	2	ENSG00000152254	MANE Select canonical	ENSG00000152254; ENSG00000278373
GAA	2	ENSG00000171298	MANE Select canonical	ENSG00000171298; ENSG00000291507
GABBR1	7	ENSG00000204681	MANE Select canonical	ENSG00000204681; ENSG00000206466; ENSG00000206511; ENSG00000232569; ENSG00000232632; ENSG00000237051; ENSG00000237112
GAL3ST2	2	ENSG00000154252	MANE Select canonical	ENSG00000154252; ENSG00000276126
GALNT9	2	ENSG00000182870	MANE Select canonical	ENSG00000182870; ENSG00000288490
GARRE1	3	ENSG00000166398	MANE Select canonical	ENSG00000166398; ENSG00000279389; ENSG00000282735
GART	2	ENSG00000159131	MANE Select canonical	ENSG00000159131; ENSG00000262473
GATA4	2	ENSG00000136574	MANE Select canonical	ENSG00000136574; ENSG00000285109
GATAD2B	2	ENSG00000143614	MANE Select canonical	ENSG00000143614; ENSG00000261992
GBA1	2	ENSG00000177628	MANE Select canonical	ENSG00000177628; ENSG00000262446
GBA3	2	ENSG00000291927	MANE Select canonical	ENSG00000249948; ENSG00000291927
GCGR	2	ENSG00000215644	MANE Select canonical	ENSG00000215644; ENSG00000288269
GCNT2	2	ENSG00000111846	MANE Select canonical	ENSG00000111846; ENSG00000285222
GCSAM	2	ENSG00000174500	MANE Select canonical	ENSG00000174500; ENSG00000284925
GCSH	2	ENSG00000140905	MANE Select canonical	ENSG00000140905; ENSG00000291958
GFER	2	ENSG00000127554	MANE Select canonical	ENSG00000127554; ENSG00000291944
GFUS	2	ENSG00000104522	MANE Select canonical	ENSG00000104522; ENSG00000278243
GGNBP2	2	ENSG00000278311	MANE Select canonical	ENSG00000275099; ENSG00000278311
GHRH	2	ENSG00000118702	MANE Select canonical	ENSG00000118702; ENSG00000291972
GJA10	2	ENSG00000135355	MANE Select canonical	ENSG00000135355; ENSG00000288435
GLIS2	2	ENSG00000126603	MANE Select canonical	ENSG00000126603; ENSG00000274636
GLUD2	2	ENSG00000182890	MANE Select canonical	ENSG00000182890; ENSG00000288118
GMFG	2	ENSG00000130755	MANE Select canonical	ENSG00000130755; ENSG00000291873
GMPR2	2	ENSG00000100938	MANE Select canonical	ENSG00000100938; ENSG00000284752
GNL1	8	ENSG00000204590	MANE Select canonical	ENSG00000204590; ENSG00000206412; ENSG00000206492; ENSG00000226882; ENSG00000228581; ENSG00000229470; ENSG00000232143; ENSG00000235986
GOLGA6L1	4	ENSG00000273976	MANE Select canonical	ENSG00000273976; ENSG00000275009; ENSG00000278247; ENSG00000288214
GOLGA6L10	3	ENSG00000278662	MANE Select canonical	ENSG00000274042; ENSG00000274166; ENSG00000278662
GOLGA6L2	2	ENSG00000174450	MANE Select canonical	ENSG00000174450; ENSG00000288517
GOLGA6L22	2	ENSG00000277865	MANE Select canonical	ENSG00000274404; ENSG00000277865
GOLGA6L24	3	ENSG00000237850	MANE Select canonical	ENSG00000237850; ENSG00000276455; ENSG00000282475
GOLGA6L25	3	ENSG00000227717	MANE Select canonical	ENSG00000227717; ENSG00000276485; ENSG00000282444
GOLGA6L26	2	ENSG00000273756	MANE Select canonical	ENSG00000273756; ENSG00000288440
GOLGA6L6	2	ENSG00000277322	MANE Select canonical	ENSG00000277322; ENSG00000292284
GOLGA6L9	2	ENSG00000197978	MANE Select canonical	ENSG00000197978; ENSG00000274320
GOLGA8A	2	ENSG00000175265	MANE Select canonical	ENSG00000175265; ENSG00000291995
GOLGA8F	3	ENSG00000153684	MANE Select canonical	ENSG00000153684; ENSG00000276896; ENSG00000278310
GOLGA8G	3	ENSG00000183629	MANE Select canonical	ENSG00000183629; ENSG00000273651; ENSG00000277090
GOLGA8J	2	ENSG00000179938	MANE Select canonical	ENSG00000179938; ENSG00000278119
GOLGA8M	3	ENSG00000188626	MANE Select canonical	ENSG00000188626; ENSG00000261480; ENSG00000278186
GOLGA8N	2	ENSG00000232653	MANE Select canonical	ENSG00000232653; ENSG00000283589
GOLGA8Q	2	ENSG00000178115	MANE Select canonical	ENSG00000178115; ENSG00000282773
GOLGA8T	2	ENSG00000261247	MANE Select canonical	ENSG00000261247; ENSG00000284076
GON7	2	ENSG00000170270	MANE Select canonical	ENSG00000170270; ENSG00000275619
GP6	10	ENSG00000088053	MANE Select canonical	ENSG00000088053; ENSG00000274050; ENSG00000274566; ENSG00000275633; ENSG00000275931; ENSG00000276065; ENSG00000276211; ENSG00000277439; ENSG00000278316; ENSG00000278670
GPANK1	7	ENSG00000204438	MANE Select canonical	ENSG00000204438; ENSG00000206408; ENSG00000223932; ENSG00000228605; ENSG00000232312; ENSG00000233210; ENSG00000236011
GPATCH4	2	ENSG00000292251	MANE Select canonical	ENSG00000160818; ENSG00000292251
GPI	2	ENSG00000105220	MANE Select canonical	ENSG00000105220; ENSG00000282019
GPKOW	2	ENSG00000068394	MANE Select canonical	ENSG00000068394; ENSG00000292204
GPR179	2	ENSG00000277399	MANE Select canonical	ENSG00000276469; ENSG00000277399
GPR20	3	ENSG00000204882	MANE Select canonical	ENSG00000204882; ENSG00000275181; ENSG00000291465
GPR22	2	ENSG00000172209	MANE Select canonical	ENSG00000172209; ENSG00000283812
GPRC5C	2	ENSG00000170412	MANE Select canonical	ENSG00000170412; ENSG00000291917
GPS2	2	ENSG00000132522	MANE Select canonical	ENSG00000132522; ENSG00000288325
GPSM3	7	ENSG00000213654	MANE Select canonical	ENSG00000206314; ENSG00000213654; ENSG00000233490; ENSG00000234243; ENSG00000234508; ENSG00000236697; ENSG00000237052
GPX5	2	ENSG00000224586	MANE Select canonical	ENSG00000224586; ENSG00000257770
GPX6	2	ENSG00000198704	MANE Select canonical	ENSG00000198704; ENSG00000281185
GREM1	3	ENSG00000166923	MANE Select canonical	ENSG00000166923; ENSG00000276886; ENSG00000282046
GRIPAP1	2	ENSG00000068400	MANE Select canonical	ENSG00000068400; ENSG00000292219
GRK1	3	ENSG00000185974	MANE Select canonical	ENSG00000185974; ENSG00000281988; ENSG00000288263
GSDMC	2	ENSG00000147697	MANE Select canonical	ENSG00000147697; ENSG00000285114
GSDMD	2	ENSG00000104518	MANE Select canonical	ENSG00000104518; ENSG00000278718
GSTT2	2	ENSG00000277897	MANE Select canonical	ENSG00000099984; ENSG00000277897
GSTT2B	2	ENSG00000133433	MANE Select canonical	ENSG00000133433; ENSG00000278695
GSTT4	2	ENSG00000276950	MANE Select canonical	ENSG00000276950; ENSG00000281748
GTF2H1	2	ENSG00000110768	MANE Select canonical	ENSG00000110768; ENSG00000288114
GTF2H2	3	ENSG00000145736	MANE Select canonical	ENSG00000145736; ENSG00000275045; ENSG00000276910
GTF2H4	6	ENSG00000213780	MANE Select canonical	ENSG00000213780; ENSG00000221974; ENSG00000226384; ENSG00000233149; ENSG00000234370; ENSG00000236895
GTPBP6	2	ENSG00000178605	MANE Select canonical	ENSG00000178605; ENSG00000292358
H2AC25	2	ENSG00000181218	MANE Select canonical	ENSG00000181218; ENSG00000284841
H2BC26	2	ENSG00000196890	MANE Select canonical	ENSG00000196890; ENSG00000285449
H3-4	2	ENSG00000168148	MANE Select canonical	ENSG00000168148; ENSG00000285435
HAPLN2	2	ENSG00000132702	MANE Select canonical	ENSG00000132702; ENSG00000291756
HAT1	2	ENSG00000128708	MANE Select canonical	ENSG00000128708; ENSG00000292096
HBP1	2	ENSG00000105856	MANE Select canonical	ENSG00000105856; ENSG00000283847
HCN3	2	ENSG00000143630	MANE Select canonical	ENSG00000143630; ENSG00000263324
HEATR9	2	ENSG00000270379	MANE Select canonical	ENSG00000270379; ENSG00000276986
HERC2	3	ENSG00000128731	MANE Select canonical	ENSG00000128731; ENSG00000276802; ENSG00000277278
HERC3	2	ENSG00000138641	MANE Select canonical	ENSG00000138641; ENSG00000287542
HES5	2	ENSG00000197921	MANE Select canonical	ENSG00000197921; ENSG00000273529
HHAT	2	ENSG00000054392	MANE Select canonical	ENSG00000054392; ENSG00000280680
HLA-A	8	ENSG00000206503	MANE Select canonical	ENSG00000206503; ENSG00000206505; ENSG00000223980; ENSG00000224320; ENSG00000227715; ENSG00000229215; ENSG00000231834; ENSG00000235657
HLA-B	6	ENSG00000234745	MANE Select canonical	ENSG00000206450; ENSG00000223532; ENSG00000224608; ENSG00000228964; ENSG00000232126; ENSG00000234745
HLA-C	7	ENSG00000204525	MANE Select canonical	ENSG00000204525; ENSG00000206435; ENSG00000206452; ENSG00000225691; ENSG00000228299; ENSG00000233841; ENSG00000237022
HLA-DMA	8	ENSG00000204257	MANE Select canonical	ENSG00000204257; ENSG00000239463; ENSG00000241394; ENSG00000242361; ENSG00000242685; ENSG00000243189; ENSG00000243215; ENSG00000243719
HLA-DMB	8	ENSG00000242574	MANE Select canonical	ENSG00000226264; ENSG00000234154; ENSG00000239329; ENSG00000241296; ENSG00000241674; ENSG00000242092; ENSG00000242386; ENSG00000242574
HLA-DOA	7	ENSG00000204252	MANE Select canonical	ENSG00000204252; ENSG00000206292; ENSG00000230141; ENSG00000231558; ENSG00000232957; ENSG00000232962; ENSG00000235744
HLA-DOB	6	ENSG00000241106	MANE Select canonical	ENSG00000239457; ENSG00000241106; ENSG00000241386; ENSG00000241910; ENSG00000243496; ENSG00000243612
HLA-DPA1	8	ENSG00000231389	MANE Select canonical	ENSG00000168384; ENSG00000206291; ENSG00000224103; ENSG00000228163; ENSG00000229685; ENSG00000231389; ENSG00000235844; ENSG00000236177
HLA-DPB1	8	ENSG00000223865	MANE Select canonical	ENSG00000215048; ENSG00000223865; ENSG00000226826; ENSG00000229295; ENSG00000230708; ENSG00000230763; ENSG00000236693; ENSG00000237710
HLA-DQA1	6	ENSG00000196735	MANE Select canonical	ENSG00000196735; ENSG00000206305; ENSG00000225890; ENSG00000228284; ENSG00000232062; ENSG00000236418
HLA-DQA2	8	ENSG00000237541	MANE Select canonical	ENSG00000206301; ENSG00000223793; ENSG00000225103; ENSG00000231526; ENSG00000231823; ENSG00000233192; ENSG00000237541; ENSG00000257473
HLA-DQB1	7	ENSG00000179344	MANE Select canonical	ENSG00000179344; ENSG00000206237; ENSG00000206302; ENSG00000225824; ENSG00000231286; ENSG00000231939; ENSG00000233209
HLA-DQB2	8	ENSG00000232629	MANE Select canonical	ENSG00000196610; ENSG00000224305; ENSG00000226165; ENSG00000228254; ENSG00000228813; ENSG00000229493; ENSG00000230675; ENSG00000232629
HLA-DRA	8	ENSG00000204287	MANE Select canonical	ENSG00000204287; ENSG00000206308; ENSG00000226260; ENSG00000227993; ENSG00000228987; ENSG00000230726; ENSG00000234794; ENSG00000277263
HLA-DRB1	6	ENSG00000196126	MANE Select canonical	ENSG00000196126; ENSG00000206240; ENSG00000206306; ENSG00000228080; ENSG00000229074; ENSG00000236884
HLA-DRB3	3	ENSG00000231679	MANE Select canonical	ENSG00000196101; ENSG00000230463; ENSG00000231679
HLA-DRB4	3	ENSG00000231021	MANE Select canonical	ENSG00000227357; ENSG00000227826; ENSG00000231021
HLA-E	7	ENSG00000204592	MANE Select canonical	ENSG00000204592; ENSG00000206493; ENSG00000225201; ENSG00000229252; ENSG00000230254; ENSG00000233904; ENSG00000236632
HLA-F	7	ENSG00000204642	MANE Select canonical	ENSG00000137403; ENSG00000204642; ENSG00000206509; ENSG00000229698; ENSG00000234487; ENSG00000235220; ENSG00000237508
HLA-G	8	ENSG00000204632	MANE Select canonical	ENSG00000204632; ENSG00000206506; ENSG00000230413; ENSG00000233095; ENSG00000235346; ENSG00000235680; ENSG00000237216; ENSG00000276051
HMGN4	2	ENSG00000182952	MANE Select canonical	ENSG00000182952; ENSG00000292175
HMOX2	2	ENSG00000103415	MANE Select canonical	ENSG00000103415; ENSG00000277424
HMX1	2	ENSG00000215612	MANE Select canonical	ENSG00000215612; ENSG00000288204
HNF1B	2	ENSG00000275410	MANE Select canonical	ENSG00000275410; ENSG00000276194
HNRNPCL1	2	ENSG00000179172	MANE Select canonical	ENSG00000179172; ENSG00000282175
HNRNPCL2	4	ENSG00000275774	MANE Select canonical	ENSG00000274109; ENSG00000275774; ENSG00000282530; ENSG00000283370
HNRNPCL3	3	ENSG00000277058	MANE Select canonical	ENSG00000277058; ENSG00000282559; ENSG00000283292
HNRNPCL4	4	ENSG00000179412	MANE Select canonical	ENSG00000179412; ENSG00000273865; ENSG00000282095; ENSG00000283231
HNRNPH1	2	ENSG00000169045	MANE Select canonical	ENSG00000169045; ENSG00000284254
HNRNPL	2	ENSG00000104824	MANE Select canonical	ENSG00000104824; ENSG00000282947
HNRNPR	2	ENSG00000125944	MANE Select canonical	ENSG00000125944; ENSG00000282958
HPS5	2	ENSG00000110756	MANE Select canonical	ENSG00000110756; ENSG00000288445
HRAS	2	ENSG00000174775	MANE Select canonical	ENSG00000174775; ENSG00000276536
HS3ST6	2	ENSG00000162040	MANE Select canonical	ENSG00000162040; ENSG00000276333
HSD17B8	6	ENSG00000204228	MANE Select canonical	ENSG00000112474; ENSG00000204228; ENSG00000225312; ENSG00000228357; ENSG00000228712; ENSG00000232357
HSF1	2	ENSG00000185122	MANE Select canonical	ENSG00000185122; ENSG00000284774
HSPA1A	5	ENSG00000204389	MANE Select canonical	ENSG00000204389; ENSG00000215328; ENSG00000234475; ENSG00000235941; ENSG00000237724
HSPA1B	5	ENSG00000204388	MANE Select canonical	ENSG00000204388; ENSG00000212866; ENSG00000224501; ENSG00000231555; ENSG00000232804
HSPA1L	5	ENSG00000204390	MANE Select canonical	ENSG00000204390; ENSG00000206383; ENSG00000226704; ENSG00000234258; ENSG00000236251
HTN1	2	ENSG00000126550	MANE Select canonical	ENSG00000126550; ENSG00000283046
HTN3	2	ENSG00000205649	MANE Select canonical	ENSG00000205649; ENSG00000282967
HYOU1	2	ENSG00000149428	MANE Select canonical	ENSG00000149428; ENSG00000280682
IARS1	2	ENSG00000196305	MANE Select canonical	ENSG00000196305; ENSG00000291356
IBTK	2	ENSG00000005700	MANE Select canonical	ENSG00000005700; ENSG00000283068
ID3	2	ENSG00000117318	MANE Select canonical	ENSG00000117318; ENSG00000283060
IER3	6	ENSG00000137331	MANE Select canonical	ENSG00000137331; ENSG00000206478; ENSG00000227231; ENSG00000230128; ENSG00000235030; ENSG00000237155
IFI27	2	ENSG00000165949	MANE Select canonical	ENSG00000165949; ENSG00000275214
IFI27L1	2	ENSG00000165948	MANE Select canonical	ENSG00000165948; ENSG00000276880
IFI27L2	2	ENSG00000119632	MANE Select canonical	ENSG00000119632; ENSG00000276879
IFITM10	2	ENSG00000244242	MANE Select canonical	ENSG00000244242; ENSG00000281618
IFNGR2	2	ENSG00000159128	MANE Select canonical	ENSG00000159128; ENSG00000262795
IFNL1	2	ENSG00000182393	MANE Select canonical	ENSG00000182393; ENSG00000291872
IFNL2	2	ENSG00000183709	MANE Select canonical	ENSG00000183709; ENSG00000291875
IFNL3	2	ENSG00000197110	MANE Select canonical	ENSG00000197110; ENSG00000291876
IFNL4	2	ENSG00000292250	MANE Select canonical	ENSG00000272395; ENSG00000292250
IGSF6	2	ENSG00000140749	MANE Select canonical	ENSG00000140749; ENSG00000283934
IL27RA	2	ENSG00000104998	MANE Select canonical	ENSG00000104998; ENSG00000288185
IL3RA	2	ENSG00000185291	MANE Select canonical	ENSG00000185291; ENSG00000292332
IL9R	2	ENSG00000124334	MANE Select canonical	ENSG00000124334; ENSG00000292373
INO80D	2	ENSG00000114933	MANE Select canonical	ENSG00000114933; ENSG00000283510
INPP5D	2	ENSG00000168918	MANE Select canonical	ENSG00000168918; ENSG00000281614
INTS3	2	ENSG00000143624	MANE Select canonical	ENSG00000143624; ENSG00000262826
IPO4	2	ENSG00000196497	MANE Select canonical	ENSG00000196497; ENSG00000285248
IQANK1	2	ENSG00000203499	MANE Select canonical	ENSG00000203499; ENSG00000282685
IQGAP3	2	ENSG00000183856	MANE Select canonical	ENSG00000183856; ENSG00000291754
IQSEC3	2	ENSG00000120645	MANE Select canonical	ENSG00000120645; ENSG00000262607
IRF7	2	ENSG00000185507	MANE Select canonical	ENSG00000185507; ENSG00000276561
IRF9	2	ENSG00000213928	MANE Select canonical	ENSG00000213928; ENSG00000285048
ISLR	2	ENSG00000129009	MANE Select canonical	ENSG00000129009; ENSG00000288508
ITCH	2	ENSG00000078747	MANE Select canonical	ENSG00000078747; ENSG00000289720
ITGA9	2	ENSG00000144668	MANE Select canonical	ENSG00000144668; ENSG00000291488
ITPK1	2	ENSG00000100605	MANE Select canonical	ENSG00000100605; ENSG00000274958
KANSL1	3	ENSG00000120071	MANE Select canonical	ENSG00000120071; ENSG00000275867; ENSG00000278458
KAT6B	2	ENSG00000156650	MANE Select canonical	ENSG00000156650; ENSG00000281813
KBTBD11	2	ENSG00000176595	MANE Select canonical	ENSG00000176595; ENSG00000273645
KBTBD4	2	ENSG00000123444	MANE Select canonical	ENSG00000123444; ENSG00000284900
KCND1	2	ENSG00000102057	MANE Select canonical	ENSG00000102057; ENSG00000292214
KCNIP4	2	ENSG00000185774	MANE Select canonical	ENSG00000185774; ENSG00000281758
KCNMB2	2	ENSG00000197584	MANE Select canonical	ENSG00000197584; ENSG00000275163
KCNQ1	2	ENSG00000053918	MANE Select canonical	ENSG00000053918; ENSG00000282076
KCNQ2	2	ENSG00000075043	MANE Select canonical	ENSG00000075043; ENSG00000281151
KCNT2	2	ENSG00000162687	MANE Select canonical	ENSG00000162687; ENSG00000291999
KCTD11	2	ENSG00000213859	MANE Select canonical	ENSG00000213859; ENSG00000288399
KEL	2	ENSG00000197993	MANE Select canonical	ENSG00000197993; ENSG00000276615
KGD4	2	ENSG00000134056	MANE Select canonical	ENSG00000134056; ENSG00000278461
KIAA1143	2	ENSG00000163807	MANE Select canonical	ENSG00000163807; ENSG00000281665
KIF15	2	ENSG00000163808	MANE Select canonical	ENSG00000163808; ENSG00000280610
KIF26B	2	ENSG00000162849	MANE Select canonical	ENSG00000162849; ENSG00000281216
KIF5C	2	ENSG00000168280	MANE Select canonical	ENSG00000168280; ENSG00000276734
KIFC1	4	ENSG00000237649	MANE Select canonical	ENSG00000056678; ENSG00000204197; ENSG00000233450; ENSG00000237649
KIR2DL1	34	ENSG00000125498	MANE Select canonical	ENSG00000125498; ENSG00000273510; ENSG00000273794; ENSG00000274692; ENSG00000274782; ENSG00000274926; ENSG00000275080; ENSG00000275196; ENSG00000275276; ENSG00000275522; ENSG00000275750; ENSG00000276310; ENSG00000276387; ENSG00000276625; ENSG00000276820; ENSG00000277356; ENSG00000277616; ENSG00000277833; ENSG00000278207; ENSG00000278248; ENSG00000278495; ENSG00000278503; ENSG00000278738; ENSG00000278755; ENSG00000278805; ENSG00000278821; ENSG00000283723; ENSG00000284100; ENSG00000284145; ENSG00000284347; ENSG00000284401; ENSG00000284514; ENSG00000284530; ENSG00000284551
KIR2DL2	7	ENSG00000273578	MANE Select canonical	ENSG00000273578; ENSG00000273661; ENSG00000275546; ENSG00000275960; ENSG00000277251; ENSG00000277725; ENSG00000278692
KIR2DL3	31	ENSG00000243772	MANE Select canonical	ENSG00000243772; ENSG00000273887; ENSG00000273947; ENSG00000274108; ENSG00000274402; ENSG00000274410; ENSG00000274830; ENSG00000274952; ENSG00000275008; ENSG00000275623; ENSG00000275658; ENSG00000276218; ENSG00000276459; ENSG00000276590; ENSG00000277317; ENSG00000277484; ENSG00000277554; ENSG00000277924; ENSG00000278327; ENSG00000278369; ENSG00000283702; ENSG00000283708; ENSG00000283790; ENSG00000283996; ENSG00000284044; ENSG00000284132; ENSG00000284236; ENSG00000284241; ENSG00000284333; ENSG00000284504; ENSG00000284510
KIR2DL4	41	ENSG00000189013	MANE Select canonical	ENSG00000189013; ENSG00000273498; ENSG00000273575; ENSG00000274189; ENSG00000274193; ENSG00000274232; ENSG00000274609; ENSG00000274945; ENSG00000274955; ENSG00000275237; ENSG00000275317; ENSG00000275456; ENSG00000275699; ENSG00000275732; ENSG00000275848; ENSG00000276044; ENSG00000276779; ENSG00000276979; ENSG00000277076; ENSG00000277355; ENSG00000277362; ENSG00000277540; ENSG00000277750; ENSG00000277850; ENSG00000277964; ENSG00000278074; ENSG00000278201; ENSG00000278271; ENSG00000278430; ENSG00000278606; ENSG00000283869; ENSG00000283961; ENSG00000283986; ENSG00000284013; ENSG00000284206; ENSG00000284340; ENSG00000284365; ENSG00000284457; ENSG00000284460; ENSG00000284509; ENSG00000284562
KIR2DL5A	8	ENSG00000275596	MANE Select canonical	ENSG00000274143; ENSG00000274676; ENSG00000275596; ENSG00000276177; ENSG00000276392; ENSG00000276686; ENSG00000278116; ENSG00000288357
KIR2DL5B	6	ENSG00000274707	MANE Select canonical	ENSG00000274707; ENSG00000275436; ENSG00000275937; ENSG00000275946; ENSG00000278414; ENSG00000278481
KIR2DS1	12	ENSG00000275421	MANE Select canonical	ENSG00000273517; ENSG00000273603; ENSG00000275306; ENSG00000275421; ENSG00000275921; ENSG00000276327; ENSG00000278120; ENSG00000278304; ENSG00000283937; ENSG00000284120; ENSG00000284150; ENSG00000284560
KIR2DS2	13	ENSG00000278300	MANE Select canonical	ENSG00000274438; ENSG00000274518; ENSG00000275253; ENSG00000275452; ENSG00000275735; ENSG00000275737; ENSG00000276139; ENSG00000276258; ENSG00000276425; ENSG00000277885; ENSG00000278152; ENSG00000278300; ENSG00000284033
KIR2DS3	6	ENSG00000277163	MANE Select canonical	ENSG00000275599; ENSG00000277163; ENSG00000277193; ENSG00000277657; ENSG00000278306; ENSG00000288487
KIR2DS4	33	ENSG00000274947	MANE Select canonical	ENSG00000221957; ENSG00000273526; ENSG00000273931; ENSG00000274324; ENSG00000274406; ENSG00000274533; ENSG00000274714; ENSG00000274807; ENSG00000274921; ENSG00000274947; ENSG00000274957; ENSG00000275351; ENSG00000275353; ENSG00000275731; ENSG00000275938; ENSG00000276154; ENSG00000276209; ENSG00000276254; ENSG00000276395; ENSG00000276465; ENSG00000276634; ENSG00000276885; ENSG00000277078; ENSG00000277345; ENSG00000283727; ENSG00000283779; ENSG00000283846; ENSG00000283870; ENSG00000283882; ENSG00000284244; ENSG00000284264; ENSG00000284307; ENSG00000284408
KIR2DS5	7	ENSG00000275047	MANE Select canonical	ENSG00000274243; ENSG00000274563; ENSG00000274739; ENSG00000275047; ENSG00000276676; ENSG00000277650; ENSG00000288206
KIR3DL1	32	ENSG00000167633	MANE Select canonical	ENSG00000167633; ENSG00000273518; ENSG00000273775; ENSG00000274036; ENSG00000274146; ENSG00000274920; ENSG00000274948; ENSG00000275288; ENSG00000275486; ENSG00000275545; ENSG00000275659; ENSG00000275717; ENSG00000275786; ENSG00000276329; ENSG00000276379; ENSG00000276423; ENSG00000276501; ENSG00000277175; ENSG00000277272; ENSG00000278079; ENSG00000278368; ENSG00000278427; ENSG00000278856; ENSG00000283729; ENSG00000283731; ENSG00000283827; ENSG00000283954; ENSG00000284093; ENSG00000284177; ENSG00000284342; ENSG00000284426; ENSG00000284589
KIR3DL2	37	ENSG00000240403	MANE Select canonical	ENSG00000240403; ENSG00000273735; ENSG00000273911; ENSG00000274722; ENSG00000275083; ENSG00000275262; ENSG00000275416; ENSG00000275511; ENSG00000275566; ENSG00000275626; ENSG00000275629; ENSG00000275838; ENSG00000276004; ENSG00000276357; ENSG00000276424; ENSG00000276739; ENSG00000276882; ENSG00000277181; ENSG00000277709; ENSG00000277982; ENSG00000278361; ENSG00000278403; ENSG00000278442; ENSG00000278474; ENSG00000278656; ENSG00000278707; ENSG00000278710; ENSG00000278726; ENSG00000278758; ENSG00000278809; ENSG00000278850; ENSG00000284192; ENSG00000284213; ENSG00000284295; ENSG00000284466; ENSG00000284528; ENSG00000288389
KIR3DL3	42	ENSG00000242019	MANE Select canonical	ENSG00000242019; ENSG00000273502; ENSG00000274254; ENSG00000274394; ENSG00000274480; ENSG00000274511; ENSG00000274556; ENSG00000274639; ENSG00000274696; ENSG00000274724; ENSG00000274763; ENSG00000274786; ENSG00000275062; ENSG00000275172; ENSG00000275433; ENSG00000275513; ENSG00000276084; ENSG00000276086; ENSG00000276196; ENSG00000276328; ENSG00000276433; ENSG00000276572; ENSG00000276806; ENSG00000276875; ENSG00000276930; ENSG00000277028; ENSG00000277392; ENSG00000277552; ENSG00000277596; ENSG00000277620; ENSG00000278490; ENSG00000278723; ENSG00000278729; ENSG00000283823; ENSG00000283875; ENSG00000283915; ENSG00000283966; ENSG00000284086; ENSG00000284104; ENSG00000284127; ENSG00000284371; ENSG00000284480
KIR3DS1	10	ENSG00000274283	gnomAD-recognized or lowest Ensembl ID	ENSG00000274283; ENSG00000274465; ENSG00000275037; ENSG00000275434; ENSG00000275608; ENSG00000276498; ENSG00000276534; ENSG00000283719; ENSG00000283889; ENSG00000284111
KLF13	2	ENSG00000169926	MANE Select canonical	ENSG00000169926; ENSG00000275746
KLHL33	2	ENSG00000185271	MANE Select canonical	ENSG00000185271; ENSG00000291793
KLLN	2	ENSG00000227268	MANE Select canonical	ENSG00000227268; ENSG00000283059
KPNA7	2	ENSG00000185467	MANE Select canonical	ENSG00000185467; ENSG00000284068
KRT12	2	ENSG00000187242	MANE Select canonical	ENSG00000187242; ENSG00000263243
KRT20	2	ENSG00000171431	MANE Select canonical	ENSG00000171431; ENSG00000263057
KRT23	2	ENSG00000108244	MANE Select canonical	ENSG00000108244; ENSG00000263309
KRT31	3	ENSG00000094796	MANE Select canonical	ENSG00000094796; ENSG00000262993; ENSG00000292029
KRT33A	3	ENSG00000006059	MANE Select canonical	ENSG00000006059; ENSG00000261986; ENSG00000292027
KRT33B	3	ENSG00000131738	MANE Select canonical	ENSG00000131738; ENSG00000263012; ENSG00000292028
KRT34	3	ENSG00000131737	MANE Select canonical	ENSG00000131737; ENSG00000262045; ENSG00000292033
KRT37	3	ENSG00000108417	MANE Select canonical	ENSG00000108417; ENSG00000263022; ENSG00000292032
KRT39	2	ENSG00000196859	MANE Select canonical	ENSG00000196859; ENSG00000262164
KRT40	2	ENSG00000204889	MANE Select canonical	ENSG00000204889; ENSG00000262845
KRTAP1-1	2	ENSG00000188581	MANE Select canonical	ENSG00000188581; ENSG00000262808
KRTAP1-3	2	ENSG00000221880	MANE Select canonical	ENSG00000221880; ENSG00000262347
KRTAP1-4	2	ENSG00000204887	MANE Select canonical	ENSG00000204887; ENSG00000263242
KRTAP1-5	2	ENSG00000221852	MANE Select canonical	ENSG00000221852; ENSG00000261862
KRTAP16-1	3	ENSG00000212657	MANE Select canonical	ENSG00000212657; ENSG00000263186; ENSG00000292043
KRTAP17-1	3	ENSG00000186860	MANE Select canonical	ENSG00000186860; ENSG00000263341; ENSG00000292024
KRTAP2-1	2	ENSG00000212725	MANE Select canonical	ENSG00000212725; ENSG00000261852
KRTAP2-2	3	ENSG00000214518	MANE Select canonical	ENSG00000214518; ENSG00000262731; ENSG00000292054
KRTAP2-3	3	ENSG00000212724	MANE Select canonical	ENSG00000212724; ENSG00000262862; ENSG00000292034
KRTAP2-4	3	ENSG00000213417	MANE Select canonical	ENSG00000213417; ENSG00000263091; ENSG00000292035
KRTAP29-1	4	ENSG00000212658	MANE Select canonical	ENSG00000212658; ENSG00000262218; ENSG00000262542; ENSG00000292050
KRTAP3-1	2	ENSG00000212901	MANE Select canonical	ENSG00000212901; ENSG00000262068
KRTAP3-2	2	ENSG00000212900	MANE Select canonical	ENSG00000212900; ENSG00000263296
KRTAP3-3	2	ENSG00000212899	MANE Select canonical	ENSG00000212899; ENSG00000263101
KRTAP4-11	3	ENSG00000212721	MANE Select canonical	ENSG00000212721; ENSG00000263229; ENSG00000292038
KRTAP4-12	3	ENSG00000213416	MANE Select canonical	ENSG00000213416; ENSG00000263236; ENSG00000292039
KRTAP4-16	3	ENSG00000241241	MANE Select canonical	ENSG00000241241; ENSG00000262520; ENSG00000292055
KRTAP4-2	2	ENSG00000244537	MANE Select canonical	ENSG00000244537; ENSG00000292044
KRTAP4-4	2	ENSG00000171396	MANE Select canonical	ENSG00000171396; ENSG00000292041
KRTAP4-5	2	ENSG00000198271	MANE Select canonical	ENSG00000198271; ENSG00000292040
KRTAP4-6	2	ENSG00000198090	MANE Select canonical	ENSG00000198090; ENSG00000292051
KRTAP4-7	2	ENSG00000240871	MANE Select canonical	ENSG00000240871; ENSG00000292053
KRTAP4-8	3	ENSG00000204880	MANE Select canonical	ENSG00000204880; ENSG00000261968; ENSG00000292042
KRTAP4-9	3	ENSG00000212722	MANE Select canonical	ENSG00000212722; ENSG00000262121; ENSG00000292052
KRTAP5-1	4	ENSG00000205869	MANE Select canonical	ENSG00000205869; ENSG00000278210; ENSG00000280585; ENSG00000291433
KRTAP5-2	4	ENSG00000205867	MANE Select canonical	ENSG00000205867; ENSG00000278489; ENSG00000281533; ENSG00000291434
KRTAP5-3	4	ENSG00000196224	MANE Select canonical	ENSG00000196224; ENSG00000275920; ENSG00000281191; ENSG00000291435
KRTAP5-4	4	ENSG00000241598	MANE Select canonical	ENSG00000241598; ENSG00000277068; ENSG00000278620; ENSG00000291440
KRTAP5-5	4	ENSG00000185940	MANE Select canonical	ENSG00000185940; ENSG00000277291; ENSG00000278302; ENSG00000291443
KRTAP5-6	2	ENSG00000205864	MANE Select canonical	ENSG00000205864; ENSG00000277389
KRTAP9-2	3	ENSG00000239886	MANE Select canonical	ENSG00000239886; ENSG00000262573; ENSG00000263090
KRTAP9-3	3	ENSG00000204873	MANE Select canonical	ENSG00000204873; ENSG00000262749; ENSG00000292047
KRTAP9-4	4	ENSG00000241595	MANE Select canonical	ENSG00000241595; ENSG00000262512; ENSG00000262896; ENSG00000292049
KRTAP9-6	3	ENSG00000212659	MANE Select canonical	ENSG00000212659; ENSG00000263263; ENSG00000267635
KRTAP9-7	3	ENSG00000180386	MANE Select canonical	ENSG00000180386; ENSG00000262221; ENSG00000267635
KRTAP9-8	2	ENSG00000187272	MANE Select canonical	ENSG00000187272; ENSG00000292048
KRTAP9-9	3	ENSG00000198083	MANE Select canonical	ENSG00000198083; ENSG00000262594; ENSG00000267728
KYAT1	2	ENSG00000171097	MANE Select canonical	ENSG00000171097; ENSG00000286112
LAIR1	5	ENSG00000167613	MANE Select canonical	ENSG00000167613; ENSG00000274110; ENSG00000276053; ENSG00000276163; ENSG00000278154
LAIR2	4	ENSG00000167618	MANE Select canonical	ENSG00000167618; ENSG00000274084; ENSG00000275819; ENSG00000277335
LDHA	2	ENSG00000134333	MANE Select canonical	ENSG00000134333; ENSG00000288299
LENG1	10	ENSG00000105617	MANE Select canonical	ENSG00000105617; ENSG00000275935; ENSG00000276628; ENSG00000276774; ENSG00000276959; ENSG00000277457; ENSG00000277808; ENSG00000278257; ENSG00000278426; ENSG00000278516
LENG8	4	ENSG00000167615	MANE Select canonical	ENSG00000167615; ENSG00000274305; ENSG00000276458; ENSG00000276681
LENG9	4	ENSG00000275183	MANE Select canonical	ENSG00000273574; ENSG00000274495; ENSG00000275183; ENSG00000278312
LEUTX	2	ENSG00000213921	MANE Select canonical	ENSG00000213921; ENSG00000280774
LGALS4	2	ENSG00000171747	MANE Select canonical	ENSG00000171747; ENSG00000282992
LGALS7	2	ENSG00000205076	MANE Select canonical	ENSG00000205076; ENSG00000283082
LGALS7B	2	ENSG00000178934	MANE Select canonical	ENSG00000178934; ENSG00000282902
LGALS9C	2	ENSG00000171916	MANE Select canonical	ENSG00000171916; ENSG00000284021
LHX1	2	ENSG00000273706	MANE Select canonical	ENSG00000273706; ENSG00000274577
LIAT1	2	ENSG00000187624	MANE Select canonical	ENSG00000187624; ENSG00000283985
LILRA1	4	ENSG00000104974	MANE Select canonical	ENSG00000104974; ENSG00000274935; ENSG00000275525; ENSG00000277398
LILRA2	4	ENSG00000239998	MANE Select canonical	ENSG00000239998; ENSG00000274000; ENSG00000275290; ENSG00000278634
LILRA3	4	ENSG00000276175	MANE Select canonical	ENSG00000273884; ENSG00000275841; ENSG00000276175; ENSG00000278046
LILRA4	4	ENSG00000239961	MANE Select canonical	ENSG00000239961; ENSG00000274185; ENSG00000276798; ENSG00000277092
LILRA5	5	ENSG00000187116	MANE Select canonical	ENSG00000187116; ENSG00000274113; ENSG00000274914; ENSG00000275404; ENSG00000278355
LILRA6	5	ENSG00000244482	MANE Select canonical	ENSG00000244482; ENSG00000274148; ENSG00000275539; ENSG00000275584; ENSG00000277177
LILRB1	5	ENSG00000104972	MANE Select canonical	ENSG00000104972; ENSG00000274669; ENSG00000276452; ENSG00000277134; ENSG00000277807
LILRB2	5	ENSG00000131042	MANE Select canonical	ENSG00000131042; ENSG00000274513; ENSG00000275463; ENSG00000276146; ENSG00000277751
LILRB3	4	ENSG00000204577	MANE Select canonical	ENSG00000204577; ENSG00000274587; ENSG00000275019; ENSG00000277816
LILRB4	5	ENSG00000186818	MANE Select canonical	ENSG00000186818; ENSG00000275730; ENSG00000276042; ENSG00000278279; ENSG00000278555
LILRB5	5	ENSG00000105609	MANE Select canonical	ENSG00000105609; ENSG00000273991; ENSG00000274311; ENSG00000277414; ENSG00000278437
LINC02210-CRHR1	2	ENSG00000263715	gnomAD-recognized or lowest Ensembl ID	ENSG00000263715; ENSG00000282456
LMNTD2	2	ENSG00000185522	MANE Select canonical	ENSG00000185522; ENSG00000275873
LOC102724737	3	ENSG00000280463	gnomAD-recognized or lowest Ensembl ID	ENSG00000280463; ENSG00000281087; ENSG00000288164
LOC102725023	3	ENSG00000278086	MANE Select canonical	ENSG00000275500; ENSG00000278086; ENSG00000288381
LOC107987423	2	ENSG00000228695	gnomAD-recognized or lowest Ensembl ID	ENSG00000228695; ENSG00000281948
LOC107987545	2	ENSG00000284827	gnomAD-recognized or lowest Ensembl ID	ENSG00000284827; ENSG00000285408
LOC124900571	2	ENSG00000276387	gnomAD-recognized or lowest Ensembl ID	ENSG00000275921; ENSG00000276387
LOC124901872	2	ENSG00000286726	gnomAD-recognized or lowest Ensembl ID	ENSG00000286726; ENSG00000287747
LOC124905564	2	ENSG00000271254	gnomAD-recognized or lowest Ensembl ID	ENSG00000271254; ENSG00000292228
LOC124907012	2	ENSG00000303867	gnomAD-recognized or lowest Ensembl ID	ENSG00000303867; ENSG00000304745
LOC124907096	2			ENSG00000288184; ENSG00000288249
LOC124907358	2	ENSG00000288184	gnomAD-recognized or lowest Ensembl ID	ENSG00000288184; ENSG00000288249
LOC128966594	2	ENSG00000234749	gnomAD-recognized or lowest Ensembl ID	ENSG00000234749; ENSG00000281150
LOC128966597	2	ENSG00000282304	gnomAD-recognized or lowest Ensembl ID	ENSG00000282304; ENSG00000293619
LOC128966610	2	ENSG00000175711	MANE Select canonical	ENSG00000175711; ENSG00000277033
LOC128966722	34			ENSG00000273688; ENSG00000273880; ENSG00000274163; ENSG00000274498; ENSG00000274610; ENSG00000275255; ENSG00000275593; ENSG00000275751; ENSG00000275887; ENSG00000276035; ENSG00000276041; ENSG00000276212; ENSG00000276518; ENSG00000276912; ENSG00000277176; ENSG00000277477; ENSG00000277560; ENSG00000277742; ENSG00000277835; ENSG00000278051; ENSG00000278157; ENSG00000278691; ENSG00000278786; ENSG00000283713; ENSG00000283919; ENSG00000283968; ENSG00000283974; ENSG00000284006; ENSG00000284007; ENSG00000284102; ENSG00000284105; ENSG00000284119; ENSG00000284397; ENSG00000284417
LOC128966730	36	ENSG00000273688	gnomAD-recognized or lowest Ensembl ID	ENSG00000273688; ENSG00000273880; ENSG00000274163; ENSG00000274498; ENSG00000274610; ENSG00000275255; ENSG00000275593; ENSG00000275751; ENSG00000275887; ENSG00000276035; ENSG00000276041; ENSG00000276212; ENSG00000276518; ENSG00000276912; ENSG00000277176; ENSG00000277477; ENSG00000277560; ENSG00000277742; ENSG00000277835; ENSG00000278051; ENSG00000278157; ENSG00000278277; ENSG00000278691; ENSG00000278786; ENSG00000283713; ENSG00000283919; ENSG00000283968; ENSG00000283974; ENSG00000284006; ENSG00000284007; ENSG00000284102; ENSG00000284105; ENSG00000284119; ENSG00000284397; ENSG00000284417; ENSG00000290528
LOC128966731	34			ENSG00000273688; ENSG00000273880; ENSG00000274163; ENSG00000274498; ENSG00000274610; ENSG00000275255; ENSG00000275593; ENSG00000275751; ENSG00000275887; ENSG00000276035; ENSG00000276041; ENSG00000276212; ENSG00000276518; ENSG00000276912; ENSG00000277176; ENSG00000277477; ENSG00000277560; ENSG00000277742; ENSG00000277835; ENSG00000278051; ENSG00000278157; ENSG00000278691; ENSG00000278786; ENSG00000283713; ENSG00000283919; ENSG00000283968; ENSG00000283974; ENSG00000284006; ENSG00000284007; ENSG00000284102; ENSG00000284105; ENSG00000284119; ENSG00000284397; ENSG00000284417
LOC128966732	36	ENSG00000278345	gnomAD-recognized or lowest Ensembl ID	ENSG00000273688; ENSG00000273880; ENSG00000274163; ENSG00000274498; ENSG00000274610; ENSG00000275255; ENSG00000275593; ENSG00000275751; ENSG00000275887; ENSG00000276035; ENSG00000276041; ENSG00000276212; ENSG00000276518; ENSG00000276912; ENSG00000277176; ENSG00000277477; ENSG00000277560; ENSG00000277742; ENSG00000277835; ENSG00000278051; ENSG00000278157; ENSG00000278277; ENSG00000278345; ENSG00000278691; ENSG00000278786; ENSG00000283713; ENSG00000283919; ENSG00000283968; ENSG00000283974; ENSG00000284006; ENSG00000284007; ENSG00000284102; ENSG00000284105; ENSG00000284119; ENSG00000284397; ENSG00000284417
LOC128966733	34			ENSG00000273688; ENSG00000273880; ENSG00000274163; ENSG00000274498; ENSG00000274610; ENSG00000275255; ENSG00000275593; ENSG00000275751; ENSG00000275887; ENSG00000276035; ENSG00000276041; ENSG00000276212; ENSG00000276518; ENSG00000276912; ENSG00000277176; ENSG00000277477; ENSG00000277560; ENSG00000277742; ENSG00000277835; ENSG00000278051; ENSG00000278157; ENSG00000278691; ENSG00000278786; ENSG00000283713; ENSG00000283919; ENSG00000283968; ENSG00000283974; ENSG00000284006; ENSG00000284007; ENSG00000284102; ENSG00000284105; ENSG00000284119; ENSG00000284397; ENSG00000284417
LONRF1	2	ENSG00000154359	MANE Select canonical	ENSG00000154359; ENSG00000285360
LPCAT1	2	ENSG00000153395	MANE Select canonical	ENSG00000153395; ENSG00000275079
LPCAT4	2	ENSG00000176454	MANE Select canonical	ENSG00000176454; ENSG00000291994
LRFN1	2	ENSG00000128011	MANE Select canonical	ENSG00000128011; ENSG00000291874
LRP6	2	ENSG00000070018	MANE Select canonical	ENSG00000070018; ENSG00000281324
LRRC37A	2	ENSG00000176681	MANE Select canonical	ENSG00000176681; ENSG00000278742
LRRC37A2	6	ENSG00000238083	MANE Select canonical	ENSG00000238083; ENSG00000260075; ENSG00000274332; ENSG00000277221; ENSG00000280810; ENSG00000282733
LRRC37A3	2	ENSG00000176809	MANE Select canonical	ENSG00000176809; ENSG00000275621
LRRC56	2	ENSG00000161328	MANE Select canonical	ENSG00000161328; ENSG00000273831
LRTM2	2	ENSG00000166159	MANE Select canonical	ENSG00000166159; ENSG00000285383
LSM14A	2	ENSG00000257103	MANE Select canonical	ENSG00000257103; ENSG00000262860
LSM2	6	ENSG00000204392	MANE Select canonical	ENSG00000172850; ENSG00000204392; ENSG00000224979; ENSG00000225998; ENSG00000231502; ENSG00000236826
LSP1	2	ENSG00000130592	MANE Select canonical	ENSG00000130592; ENSG00000288199
LSS	2	ENSG00000160285	MANE Select canonical	ENSG00000160285; ENSG00000281289
LST1	8	ENSG00000204482	MANE Select canonical	ENSG00000204482; ENSG00000206433; ENSG00000223465; ENSG00000226182; ENSG00000230791; ENSG00000231048; ENSG00000234514; ENSG00000235915
LTA	7	ENSG00000226979	MANE Select canonical	ENSG00000173503; ENSG00000223919; ENSG00000226275; ENSG00000226979; ENSG00000230279; ENSG00000231408; ENSG00000238130
LTB	8	ENSG00000227507	MANE Select canonical	ENSG00000204487; ENSG00000206437; ENSG00000223448; ENSG00000227507; ENSG00000231314; ENSG00000236237; ENSG00000236925; ENSG00000238114
LTB4R	2	ENSG00000213903	MANE Select canonical	ENSG00000213903; ENSG00000285456
LTB4R2	2	ENSG00000213906	MANE Select canonical	ENSG00000213906; ENSG00000285203
LTC4S	2	ENSG00000213316	MANE Select canonical	ENSG00000213316; ENSG00000283887
LTN1	2	ENSG00000198862	MANE Select canonical	ENSG00000198862; ENSG00000291534
LY6E	2	ENSG00000160932	MANE Select canonical	ENSG00000160932; ENSG00000278032
LY6G5B	7	ENSG00000240053	MANE Select canonical	ENSG00000239285; ENSG00000239497; ENSG00000240053; ENSG00000240433; ENSG00000241132; ENSG00000241713; ENSG00000244672
LY6G5C	7	ENSG00000204428	MANE Select canonical	ENSG00000111971; ENSG00000204428; ENSG00000206404; ENSG00000226404; ENSG00000228883; ENSG00000231325; ENSG00000237495
LY6G6C	7	ENSG00000204421	MANE Select canonical	ENSG00000204421; ENSG00000206398; ENSG00000228250; ENSG00000228859; ENSG00000235452; ENSG00000235925; ENSG00000236183
LY6G6D	7	ENSG00000244355	MANE Select canonical	ENSG00000206402; ENSG00000225993; ENSG00000226603; ENSG00000234443; ENSG00000235302; ENSG00000236902; ENSG00000244355
LY6G6F	7	ENSG00000204424	MANE Select canonical	ENSG00000204424; ENSG00000239741; ENSG00000240008; ENSG00000240957; ENSG00000241822; ENSG00000243003; ENSG00000243804
LY6G6F-LY6G6D	4	ENSG00000250641	gnomAD-recognized or lowest Ensembl ID	ENSG00000250641; ENSG00000258635; ENSG00000258880; ENSG00000259101
LY6H	2	ENSG00000176956	MANE Select canonical	ENSG00000176956; ENSG00000274488
LY6L	2	ENSG00000261667	MANE Select canonical	ENSG00000261667; ENSG00000282693
LYSET	2	ENSG00000153485	MANE Select canonical	ENSG00000153485; ENSG00000275947
LYZL6	2	ENSG00000275722	MANE Select canonical	ENSG00000275722; ENSG00000277042
MAGEA12	2	ENSG00000213401	MANE Select canonical	ENSG00000213401; ENSG00000292189
MAGEA2B	2	ENSG00000183305	MANE Select canonical	ENSG00000183305; ENSG00000292187
MAGEA3	2	ENSG00000221867	MANE Select canonical	ENSG00000221867; ENSG00000292186
MAGEA6	2	ENSG00000197172	MANE Select canonical	ENSG00000197172; ENSG00000292195
MAGEL2	2	ENSG00000254585	MANE Select canonical	ENSG00000254585; ENSG00000288188
MAGIX	2	ENSG00000269313	MANE Select canonical	ENSG00000269313; ENSG00000292218
MAMDC2	2	ENSG00000165072	MANE Select canonical	ENSG00000165072; ENSG00000278608
MAML1	2	ENSG00000161021	MANE Select canonical	ENSG00000161021; ENSG00000283780
MANBAL	2	ENSG00000101363	MANE Select canonical	ENSG00000101363; ENSG00000291969
MANSC1	2	ENSG00000111261	MANE Select canonical	ENSG00000111261; ENSG00000281818
MAP3K14	2	ENSG00000006062	MANE Select canonical	ENSG00000006062; ENSG00000282637
MAP3K7CL	2	ENSG00000156265	MANE Select canonical	ENSG00000156265; ENSG00000291525
MAPK15	2	ENSG00000181085	MANE Select canonical	ENSG00000181085; ENSG00000274205
MAPK4	2	ENSG00000141639	MANE Select canonical	ENSG00000141639; ENSG00000282110
MAPT	3	ENSG00000186868	MANE Select canonical	ENSG00000186868; ENSG00000276155; ENSG00000277956
MARCHF8	2	ENSG00000165406	MANE Select canonical	ENSG00000165406; ENSG00000278545
MARF1	2	ENSG00000166783	MANE Select canonical	ENSG00000166783; ENSG00000277140
MARVELD2	2	ENSG00000152939	MANE Select canonical	ENSG00000152939; ENSG00000274671
MAS1L	8	ENSG00000204687	MANE Select canonical	ENSG00000204687; ENSG00000206470; ENSG00000206515; ENSG00000228377; ENSG00000228515; ENSG00000233141; ENSG00000234954; ENSG00000237284
MASP1	2	ENSG00000127241	MANE Select canonical	ENSG00000127241; ENSG00000291559
MBD3L1	2	ENSG00000170948	MANE Select canonical	ENSG00000170948; ENSG00000291743
MBOAT7	10	ENSG00000125505	MANE Select canonical	ENSG00000125505; ENSG00000273592; ENSG00000274194; ENSG00000275118; ENSG00000276935; ENSG00000277025; ENSG00000277733; ENSG00000277923; ENSG00000278322; ENSG00000278519
MCCC2	3	ENSG00000131844	MANE Select canonical	ENSG00000131844; ENSG00000275300; ENSG00000281742
MCCD1	8	ENSG00000204511	MANE Select canonical	ENSG00000204511; ENSG00000206447; ENSG00000225228; ENSG00000226841; ENSG00000226923; ENSG00000228662; ENSG00000231975; ENSG00000238238
MCRIP1	2	ENSG00000225663	MANE Select canonical	ENSG00000225663; ENSG00000288213
MDC1	8	ENSG00000137337	MANE Select canonical	ENSG00000137337; ENSG00000206481; ENSG00000224587; ENSG00000225589; ENSG00000228575; ENSG00000231135; ENSG00000234012; ENSG00000237095
MDP1	2	ENSG00000213920	MANE Select canonical	ENSG00000213920; ENSG00000285200
MED10	2	ENSG00000133398	MANE Select canonical	ENSG00000133398; ENSG00000291745
MED16	2	ENSG00000175221	MANE Select canonical	ENSG00000175221; ENSG00000282092
MED18	2	ENSG00000130772	MANE Select canonical	ENSG00000130772; ENSG00000284944
MED22	2	ENSG00000148297	MANE Select canonical	ENSG00000148297; ENSG00000281022
MEF2D	2	ENSG00000116604	MANE Select canonical	ENSG00000116604; ENSG00000291761
MEGF11	2	ENSG00000157890	MANE Select canonical	ENSG00000157890; ENSG00000277848
MEIOB	2	ENSG00000162039	MANE Select canonical	ENSG00000162039; ENSG00000282650
MEPCE	2	ENSG00000146834	MANE Select canonical	ENSG00000146834; ENSG00000289690
METAP1D	2	ENSG00000172878	MANE Select canonical	ENSG00000172878; ENSG00000292097
METRNL	2	ENSG00000176845	MANE Select canonical	ENSG00000176845; ENSG00000275031
METTL9	2	ENSG00000197006	MANE Select canonical	ENSG00000197006; ENSG00000284548
MFHAS1	2	ENSG00000147324	MANE Select canonical	ENSG00000147324; ENSG00000285022
MGAM	2	ENSG00000257335	MANE Select canonical	ENSG00000257335; ENSG00000282607
MGAM2	2	ENSG00000257743	MANE Select canonical	ENSG00000257743; ENSG00000278563
MGAT4B	2	ENSG00000161013	MANE Select canonical	ENSG00000161013; ENSG00000284501
MICA	5	ENSG00000204520	MANE Select canonical	ENSG00000183214; ENSG00000204520; ENSG00000231225; ENSG00000233051; ENSG00000235233
MICB	8	ENSG00000204516	MANE Select canonical	ENSG00000204516; ENSG00000206449; ENSG00000224378; ENSG00000227772; ENSG00000231179; ENSG00000231372; ENSG00000234218; ENSG00000238289
MIEF2	2	ENSG00000177427	MANE Select canonical	ENSG00000177427; ENSG00000284495
MIF	2	ENSG00000240972	MANE Select canonical	ENSG00000240972; ENSG00000276701
MISP3	2	ENSG00000141854	MANE Select canonical	ENSG00000141854; ENSG00000288191
MLLT6	2	ENSG00000275023	MANE Select canonical	ENSG00000275023; ENSG00000275851
MLXIP	2	ENSG00000175727	MANE Select canonical	ENSG00000175727; ENSG00000281178
MMEL1	2	ENSG00000142606	MANE Select canonical	ENSG00000142606; ENSG00000277131
MMP11	2	ENSG00000099953	MANE Select canonical	ENSG00000099953; ENSG00000275365
MMP28	2	ENSG00000271447	MANE Select canonical	ENSG00000271447; ENSG00000278843
MOAP1	2	ENSG00000165943	MANE Select canonical	ENSG00000165943; ENSG00000278268
MOB2	2	ENSG00000182208	MANE Select canonical	ENSG00000182208; ENSG00000291442
MOG	8	ENSG00000204655	MANE Select canonical	ENSG00000137345; ENSG00000204655; ENSG00000230885; ENSG00000232641; ENSG00000234096; ENSG00000234623; ENSG00000236561; ENSG00000237834
MOSMO	2	ENSG00000185716	MANE Select canonical	ENSG00000185716; ENSG00000284487
MPIG6B	7	ENSG00000204420	MANE Select canonical	ENSG00000204420; ENSG00000206396; ENSG00000224393; ENSG00000228090; ENSG00000230060; ENSG00000231003; ENSG00000237459
MPV17L	2	ENSG00000156968	MANE Select canonical	ENSG00000156968; ENSG00000275543
MRM1	2	ENSG00000278619	MANE Select canonical	ENSG00000274853; ENSG00000278619
MRNIP	2	ENSG00000161010	MANE Select canonical	ENSG00000161010; ENSG00000283918
MROH5	3	ENSG00000291473	MANE Select canonical	ENSG00000226807; ENSG00000282181; ENSG00000291473
MROH6	2	ENSG00000204839	MANE Select canonical	ENSG00000204839; ENSG00000277781
MROH8	2	ENSG00000292233	MANE Select canonical	ENSG00000101353; ENSG00000292233
MRPL23	2	ENSG00000214026	MANE Select canonical	ENSG00000214026; ENSG00000288141
MRPL45	2	ENSG00000278845	MANE Select canonical	ENSG00000277936; ENSG00000278845
MRPS12	2	ENSG00000128626	MANE Select canonical	ENSG00000128626; ENSG00000283018
MRPS18B	7	ENSG00000204568	MANE Select canonical	ENSG00000203624; ENSG00000204568; ENSG00000223775; ENSG00000226111; ENSG00000227420; ENSG00000229861; ENSG00000233813
MS4A3	2	ENSG00000149516	MANE Select canonical	ENSG00000149516; ENSG00000284903
MSH5	8	ENSG00000204410	MANE Select canonical	ENSG00000204410; ENSG00000227314; ENSG00000230293; ENSG00000230961; ENSG00000233345; ENSG00000235222; ENSG00000235569; ENSG00000237333
MSRA	2	ENSG00000175806	MANE Select canonical	ENSG00000175806; ENSG00000285250
MSRB1	2	ENSG00000198736	MANE Select canonical	ENSG00000198736; ENSG00000291928
MTCH2	2	ENSG00000109919	MANE Select canonical	ENSG00000109919; ENSG00000285121
MTMR10	2	ENSG00000166912	MANE Select canonical	ENSG00000166912; ENSG00000277086
MTMR9	2	ENSG00000104643	MANE Select canonical	ENSG00000104643; ENSG00000285032
MUC16	2	ENSG00000291738	MANE Select canonical	ENSG00000181143; ENSG00000291738
MUC2	3	ENSG00000293532	MANE Select canonical	ENSG00000198788; ENSG00000278466; ENSG00000293532
MUC20	8	ENSG00000176945	MANE Select canonical	ENSG00000176945; ENSG00000274843; ENSG00000275430; ENSG00000275501; ENSG00000276583; ENSG00000277753; ENSG00000278114; ENSG00000281630
MUC21	7	ENSG00000204544	MANE Select canonical	ENSG00000204544; ENSG00000206463; ENSG00000223590; ENSG00000227506; ENSG00000231350; ENSG00000234137; ENSG00000237962
MUC22	8	ENSG00000261272	MANE Select canonical	ENSG00000227132; ENSG00000229126; ENSG00000229199; ENSG00000231474; ENSG00000234063; ENSG00000234461; ENSG00000237108; ENSG00000261272
MUC4	8	ENSG00000145113	MANE Select canonical	ENSG00000145113; ENSG00000273822; ENSG00000273984; ENSG00000275164; ENSG00000276613; ENSG00000277585; ENSG00000278303; ENSG00000278468
MUC5AC	2	ENSG00000215182	MANE Select canonical	ENSG00000215182; ENSG00000291363
MUC6	3	ENSG00000184956	MANE Select canonical	ENSG00000184956; ENSG00000277281; ENSG00000277518
MUCL3	5	ENSG00000168631	MANE Select canonical	ENSG00000168631; ENSG00000229284; ENSG00000232251; ENSG00000232308; ENSG00000257232
MYG1	2	ENSG00000139637	MANE Select canonical	ENSG00000139637; ENSG00000291835
MYH11	2	ENSG00000133392	MANE Select canonical	ENSG00000133392; ENSG00000276480
MYO19	2	ENSG00000278259	MANE Select canonical	ENSG00000278259; ENSG00000278372
MYOM2	2	ENSG00000036448	MANE Select canonical	ENSG00000036448; ENSG00000274137
MYT1	2	ENSG00000196132	MANE Select canonical	ENSG00000196132; ENSG00000276876
MZT2B	2	ENSG00000152082	MANE Select canonical	ENSG00000152082; ENSG00000292119
NAALAD2	2	ENSG00000077616	MANE Select canonical	ENSG00000077616; ENSG00000285516
NAIP	3	ENSG00000249437	MANE Select canonical	ENSG00000249437; ENSG00000276068; ENSG00000278613
NANOS3	2	ENSG00000187556	MANE Select canonical	ENSG00000187556; ENSG00000288505
NAP1L4	2	ENSG00000205531	MANE Select canonical	ENSG00000205531; ENSG00000273562
NAPEPLD	2	ENSG00000161048	MANE Select canonical	ENSG00000161048; ENSG00000275723
NAPRT	2	ENSG00000147813	MANE Select canonical	ENSG00000147813; ENSG00000278488
NAT8	2	ENSG00000144035	MANE Select canonical	ENSG00000144035; ENSG00000291479
NBPF1	2	ENSG00000292225	MANE Select canonical	ENSG00000219481; ENSG00000292225
NBPF26	2	ENSG00000273136	gnomAD-recognized or lowest Ensembl ID	ENSG00000273136; ENSG00000291975
NBPF4	2	ENSG00000196427	MANE Select canonical	ENSG00000196427; ENSG00000292447
NBPF6	2	ENSG00000186086	MANE Select canonical	ENSG00000186086; ENSG00000292440
NCF4	2	ENSG00000100365	MANE Select canonical	ENSG00000100365; ENSG00000275990
NCR1	16	ENSG00000189430	MANE Select canonical	ENSG00000189430; ENSG00000273506; ENSG00000273535; ENSG00000273916; ENSG00000274053; ENSG00000275156; ENSG00000275521; ENSG00000275637; ENSG00000275822; ENSG00000276450; ENSG00000277334; ENSG00000277442; ENSG00000277629; ENSG00000277824; ENSG00000278025; ENSG00000278362
NCR3	8	ENSG00000204475	MANE Select canonical	ENSG00000204475; ENSG00000206430; ENSG00000223833; ENSG00000225211; ENSG00000236315; ENSG00000236979; ENSG00000237103; ENSG00000237808
NDE1	2	ENSG00000072864	MANE Select canonical	ENSG00000072864; ENSG00000275911
NDN	2	ENSG00000182636	MANE Select canonical	ENSG00000182636; ENSG00000288364
NDUFA11	2	ENSG00000174886	MANE Select canonical	ENSG00000174886; ENSG00000292058
NDUFA3	10	ENSG00000170906	MANE Select canonical	ENSG00000170906; ENSG00000273642; ENSG00000274359; ENSG00000275605; ENSG00000275724; ENSG00000276061; ENSG00000276220; ENSG00000276766; ENSG00000277722; ENSG00000278365
NDUFA6	5	ENSG00000184983	MANE Select canonical	ENSG00000184983; ENSG00000272765; ENSG00000273397; ENSG00000277365; ENSG00000281013
NDUFB10	2	ENSG00000140990	MANE Select canonical	ENSG00000140990; ENSG00000291930
NDUFS1	2	ENSG00000023228	MANE Select canonical	ENSG00000023228; ENSG00000283447
NECAP2	2	ENSG00000157191	MANE Select canonical	ENSG00000157191; ENSG00000291380
NEDD8	2	ENSG00000129559	MANE Select canonical	ENSG00000129559; ENSG00000285246
NEDD8-MDP1	2	ENSG00000255526	gnomAD-recognized or lowest Ensembl ID	ENSG00000255526; ENSG00000285425
NEIL2	2	ENSG00000154328	MANE Select canonical	ENSG00000154328; ENSG00000292286
NELFE	6	ENSG00000204356	MANE Select canonical	ENSG00000204356; ENSG00000206268; ENSG00000206357; ENSG00000229363; ENSG00000231044; ENSG00000233801
NEU1	8	ENSG00000204386	MANE Select canonical	ENSG00000184494; ENSG00000204386; ENSG00000223957; ENSG00000227129; ENSG00000227315; ENSG00000228691; ENSG00000234343; ENSG00000234846
NEU4	2	ENSG00000204099	MANE Select canonical	ENSG00000204099; ENSG00000277926
NEURL4	2	ENSG00000215041	MANE Select canonical	ENSG00000215041; ENSG00000288301
NFATC4	2	ENSG00000100968	MANE Select canonical	ENSG00000100968; ENSG00000285485
NFKBIB	2	ENSG00000104825	MANE Select canonical	ENSG00000104825; ENSG00000282905
NFKBIL1	7	ENSG00000204498	MANE Select canonical	ENSG00000204498; ENSG00000206440; ENSG00000227565; ENSG00000234530; ENSG00000235125; ENSG00000236196; ENSG00000236346
NIPA1	2	ENSG00000170113	MANE Select canonical	ENSG00000170113; ENSG00000288478
NKD2	2	ENSG00000145506	MANE Select canonical	ENSG00000145506; ENSG00000276920
NKRF	2	ENSG00000292244	MANE Select canonical	ENSG00000186416; ENSG00000292244
NLGN2	2	ENSG00000169992	MANE Select canonical	ENSG00000169992; ENSG00000283859
NLRP10	3	ENSG00000182261	MANE Select canonical	ENSG00000182261; ENSG00000276780; ENSG00000281166
NLRP2	10	ENSG00000022556	MANE Select canonical	ENSG00000022556; ENSG00000273992; ENSG00000274638; ENSG00000275082; ENSG00000275399; ENSG00000275796; ENSG00000275843; ENSG00000277060; ENSG00000278682; ENSG00000278789
NLRP7	10	ENSG00000167634	MANE Select canonical	ENSG00000167634; ENSG00000274174; ENSG00000274571; ENSG00000275483; ENSG00000276804; ENSG00000277071; ENSG00000277179; ENSG00000277776; ENSG00000277786; ENSG00000278173
NMB	2	ENSG00000197696	MANE Select canonical	ENSG00000197696; ENSG00000291631
NMRAL1	2	ENSG00000153406	MANE Select canonical	ENSG00000153406; ENSG00000274684
NOBOX	2	ENSG00000106410	MANE Select canonical	ENSG00000106410; ENSG00000285328
NOC4L	2	ENSG00000184967	MANE Select canonical	ENSG00000184967; ENSG00000288146
NOL8	2	ENSG00000198000	MANE Select canonical	ENSG00000198000; ENSG00000291347
NOMO1	2	ENSG00000103512	MANE Select canonical	ENSG00000103512; ENSG00000274779
NOMO3	2	ENSG00000103226	MANE Select canonical	ENSG00000103226; ENSG00000278087
NOP10	2	ENSG00000182117	MANE Select canonical	ENSG00000182117; ENSG00000291996
NOP9	2	ENSG00000196943	MANE Select canonical	ENSG00000196943; ENSG00000285326
NOSTRIN	2	ENSG00000163072	MANE Select canonical	ENSG00000163072; ENSG00000275326
NOTCH2NLR	2	ENSG00000286106	MANE Select canonical	ENSG00000286106; ENSG00000291980
NOTCH4	7	ENSG00000204301	MANE Select canonical	ENSG00000204301; ENSG00000206312; ENSG00000223355; ENSG00000232339; ENSG00000234876; ENSG00000235396; ENSG00000238196
NOXO1	2	ENSG00000196408	MANE Select canonical	ENSG00000196408; ENSG00000291939
NPBWR2	2	ENSG00000125522	MANE Select canonical	ENSG00000125522; ENSG00000277339
NPIPA1	2	ENSG00000183426	MANE Select canonical	ENSG00000183426; ENSG00000281994
NPIPA3	2	ENSG00000224712	MANE Select canonical	ENSG00000224712; ENSG00000278308
NPIPA5	2	ENSG00000183793	MANE Select canonical	ENSG00000183793; ENSG00000282705
NPIPA6	2	ENSG00000183889	gnomAD-recognized or lowest Ensembl ID	ENSG00000183889; ENSG00000273807
NPIPA7	2	ENSG00000214967	MANE Select canonical	ENSG00000214967; ENSG00000277983
NPIPB11	2	ENSG00000254206	MANE Select canonical	ENSG00000254206; ENSG00000284454
NPIPB3	2	ENSG00000169246	gnomAD-recognized or lowest Ensembl ID	ENSG00000169246; ENSG00000283738
NPIPB4	2	ENSG00000185864	MANE Select canonical	ENSG00000185864; ENSG00000283855
NPIPB5	2	ENSG00000243716	MANE Select canonical	ENSG00000243716; ENSG00000284218
NPW	2	ENSG00000183971	MANE Select canonical	ENSG00000183971; ENSG00000291946
NPY4R2	2	ENSG00000264717	MANE Select canonical	ENSG00000264717; ENSG00000288157
NRL	2	ENSG00000129535	MANE Select canonical	ENSG00000129535; ENSG00000285493
NRM	7	ENSG00000137404	MANE Select canonical	ENSG00000137404; ENSG00000206484; ENSG00000228854; ENSG00000228867; ENSG00000234809; ENSG00000235773; ENSG00000236843
NSDHL	2	ENSG00000147383	MANE Select canonical	ENSG00000147383; ENSG00000292192
NSF	3	ENSG00000073969	MANE Select canonical	ENSG00000073969; ENSG00000276262; ENSG00000278174
NSMCE3	2	ENSG00000185115	MANE Select canonical	ENSG00000185115; ENSG00000282130
NTAN1	2	ENSG00000157045	MANE Select canonical	ENSG00000157045; ENSG00000275779
NUTM1	2	ENSG00000184507	MANE Select canonical	ENSG00000184507; ENSG00000291987
NXN	3	ENSG00000167693	MANE Select canonical	ENSG00000167693; ENSG00000280563; ENSG00000281300
NXNL2	2	ENSG00000130045	MANE Select canonical	ENSG00000130045; ENSG00000291520
OBP2B	2	ENSG00000171102	MANE Select canonical	ENSG00000171102; ENSG00000280584
OCA2	2	ENSG00000104044	MANE Select canonical	ENSG00000104044; ENSG00000277361
OCLN	2	ENSG00000197822	MANE Select canonical	ENSG00000197822; ENSG00000273814
OGN	2	ENSG00000106809	MANE Select canonical	ENSG00000106809; ENSG00000291350
OMD	2	ENSG00000127083	MANE Select canonical	ENSG00000127083; ENSG00000291355
OMG	2	ENSG00000126861	MANE Select canonical	ENSG00000126861; ENSG00000291720
OOSP1	2	ENSG00000284873	MANE Select canonical	ENSG00000284873; ENSG00000285029
OOSP2	2	ENSG00000149507	MANE Select canonical	ENSG00000149507; ENSG00000285422
OOSP4A	2	ENSG00000285010	MANE Select canonical	ENSG00000285010; ENSG00000285375
OOSP4B	2	ENSG00000255393	MANE Select canonical	ENSG00000255393; ENSG00000285463
OPRL1	2	ENSG00000125510	MANE Select canonical	ENSG00000125510; ENSG00000277044
OR10A3	3	ENSG00000170683	MANE Select canonical	ENSG00000170683; ENSG00000273953; ENSG00000281680
OR10A6	3	ENSG00000279000	MANE Select canonical	ENSG00000276451; ENSG00000279000; ENSG00000280899
OR10C1	8	ENSG00000206474	MANE Select canonical	ENSG00000204689; ENSG00000206474; ENSG00000220550; ENSG00000224234; ENSG00000229412; ENSG00000230505; ENSG00000232397; ENSG00000235441
OR10J1	2	ENSG00000196184	MANE Select canonical	ENSG00000196184; ENSG00000291903
OR10J4	2	ENSG00000292247	MANE Select canonical	ENSG00000249730; ENSG00000292247
OR11A1	8	ENSG00000204694	MANE Select canonical	ENSG00000204694; ENSG00000206472; ENSG00000206517; ENSG00000223898; ENSG00000230780; ENSG00000232289; ENSG00000234347; ENSG00000237258
OR11G2	2	ENSG00000196832	MANE Select canonical	ENSG00000196832; ENSG00000291810
OR11H4	2	ENSG00000176198	MANE Select canonical	ENSG00000176198; ENSG00000291809
OR11H6	2	ENSG00000176219	MANE Select canonical	ENSG00000176219; ENSG00000291779
OR11H7	2	ENSG00000291780	MANE Select canonical	ENSG00000258806; ENSG00000291780
OR12D1	7	ENSG00000249103	MANE Select canonical	ENSG00000248182; ENSG00000249030; ENSG00000249103; ENSG00000249571; ENSG00000250294; ENSG00000251547; ENSG00000251608
OR12D2	6	ENSG00000280236	MANE Select canonical	ENSG00000204690; ENSG00000225247; ENSG00000227446; ENSG00000233481; ENSG00000235966; ENSG00000280236
OR12D3	7	ENSG00000112462	MANE Select canonical	ENSG00000112462; ENSG00000204692; ENSG00000224487; ENSG00000229181; ENSG00000242022; ENSG00000250364; ENSG00000251394
OR13A1	2	ENSG00000256574	MANE Select canonical	ENSG00000256574; ENSG00000277495
OR14I1	2	ENSG00000189181	MANE Select canonical	ENSG00000189181; ENSG00000292014
OR14J1	7	ENSG00000204695	MANE Select canonical	ENSG00000112459; ENSG00000204695; ENSG00000225291; ENSG00000234100; ENSG00000234195; ENSG00000236927; ENSG00000237777
OR2A1	2	ENSG00000221970	MANE Select canonical	ENSG00000221970; ENSG00000285105
OR2A12	2	ENSG00000221858	MANE Select canonical	ENSG00000221858; ENSG00000284949
OR2A14	2	ENSG00000221938	MANE Select canonical	ENSG00000221938; ENSG00000284891
OR2A2	2	ENSG00000221989	MANE Select canonical	ENSG00000221989; ENSG00000285071
OR2A25	2	ENSG00000221933	MANE Select canonical	ENSG00000221933; ENSG00000285496
OR2A42	2	ENSG00000212807	MANE Select canonical	ENSG00000212807; ENSG00000284836
OR2A5	2	ENSG00000221836	MANE Select canonical	ENSG00000221836; ENSG00000284896
OR2A7	2	ENSG00000243896	MANE Select canonical	ENSG00000243896; ENSG00000284749
OR2B3	8	ENSG00000204703	MANE Select canonical	ENSG00000204703; ENSG00000206524; ENSG00000225736; ENSG00000226832; ENSG00000231319; ENSG00000233054; ENSG00000233180; ENSG00000233687
OR2F1	2	ENSG00000213215	MANE Select canonical	ENSG00000213215; ENSG00000284866
OR2F2	2	ENSG00000221910	MANE Select canonical	ENSG00000221910; ENSG00000284965
OR2G6	2	ENSG00000188558	MANE Select canonical	ENSG00000188558; ENSG00000292302
OR2H1	8	ENSG00000204688	MANE Select canonical	ENSG00000204688; ENSG00000206471; ENSG00000206516; ENSG00000224395; ENSG00000229125; ENSG00000229408; ENSG00000232984; ENSG00000235132
OR2H2	7	ENSG00000204657	MANE Select canonical	ENSG00000204657; ENSG00000206467; ENSG00000206512; ENSG00000224319; ENSG00000227044; ENSG00000229185; ENSG00000229680
OR2I1	7	ENSG00000237988	MANE Select canonical	ENSG00000223441; ENSG00000226896; ENSG00000229467; ENSG00000231973; ENSG00000232049; ENSG00000237725; ENSG00000237988
OR2J1	8	ENSG00000204702	MANE Select canonical	ENSG00000204702; ENSG00000206523; ENSG00000225441; ENSG00000226192; ENSG00000226931; ENSG00000234305; ENSG00000234804; ENSG00000235632
OR2J2	8	ENSG00000204700	MANE Select canonical	ENSG00000196231; ENSG00000204700; ENSG00000225550; ENSG00000226000; ENSG00000226347; ENSG00000231676; ENSG00000232945; ENSG00000234746
OR2J3	8	ENSG00000204701	MANE Select canonical	ENSG00000204701; ENSG00000206522; ENSG00000226271; ENSG00000229866; ENSG00000230855; ENSG00000232178; ENSG00000233618; ENSG00000233636
OR2T1	4	ENSG00000175143	MANE Select canonical	ENSG00000175143; ENSG00000273508; ENSG00000275244; ENSG00000292022
OR2T10	2	ENSG00000184022	MANE Select canonical	ENSG00000184022; ENSG00000292303
OR2T11	2	ENSG00000279301	MANE Select canonical	ENSG00000279301; ENSG00000292019
OR2T2	4	ENSG00000196240	MANE Select canonical	ENSG00000196240; ENSG00000275754; ENSG00000276821; ENSG00000292018
OR2T27	2	ENSG00000187701	MANE Select canonical	ENSG00000187701; ENSG00000292015
OR2T29	2	ENSG00000182783	MANE Select canonical	ENSG00000182783; ENSG00000292017
OR2T3	4	ENSG00000196539	MANE Select canonical	ENSG00000196539; ENSG00000277113; ENSG00000278377; ENSG00000292005
OR2T34	2	ENSG00000183310	MANE Select canonical	ENSG00000183310; ENSG00000292011
OR2T35	2	ENSG00000177151	MANE Select canonical	ENSG00000177151; ENSG00000292304
OR2T4	4	ENSG00000196944	MANE Select canonical	ENSG00000196944; ENSG00000274870; ENSG00000275617; ENSG00000292020
OR2T5	4	ENSG00000203661	MANE Select canonical	ENSG00000203661; ENSG00000273827; ENSG00000275102; ENSG00000292007
OR2T6	4	ENSG00000198104	MANE Select canonical	ENSG00000198104; ENSG00000278659; ENSG00000278689; ENSG00000292016
OR2T7	4	ENSG00000227152	gnomAD-recognized or lowest Ensembl ID	ENSG00000227152; ENSG00000281395; ENSG00000281489; ENSG00000292023
OR2W1	8	ENSG00000204704	MANE Select canonical	ENSG00000204704; ENSG00000206525; ENSG00000226463; ENSG00000227639; ENSG00000228652; ENSG00000228977; ENSG00000229328; ENSG00000234101
OR4C12	2	ENSG00000221954	MANE Select canonical	ENSG00000221954; ENSG00000284255
OR4C45	2	ENSG00000292249	MANE Select canonical	ENSG00000260811; ENSG00000292249
OR4K1	2	ENSG00000155249	MANE Select canonical	ENSG00000155249; ENSG00000291807
OR4K13	2	ENSG00000176253	MANE Select canonical	ENSG00000176253; ENSG00000291806
OR4K14	2	ENSG00000169484	MANE Select canonical	ENSG00000169484; ENSG00000291805
OR4K15	2	ENSG00000169488	MANE Select canonical	ENSG00000169488; ENSG00000291812
OR4K17	2	ENSG00000176230	MANE Select canonical	ENSG00000176230; ENSG00000291811
OR4K2	2	ENSG00000165762	MANE Select canonical	ENSG00000165762; ENSG00000291804
OR4K3	2	ENSG00000176290	gnomAD-recognized or lowest Ensembl ID	ENSG00000176290; ENSG00000291821
OR4K5	2	ENSG00000176281	MANE Select canonical	ENSG00000176281; ENSG00000291822
OR4L1	2	ENSG00000176246	MANE Select canonical	ENSG00000176246; ENSG00000291772
OR4M2	2	ENSG00000274102	MANE Select canonical	ENSG00000274102; ENSG00000288194
OR4M2B	3	ENSG00000182974	MANE Select canonical	ENSG00000182974; ENSG00000278776; ENSG00000288469
OR4N4	2	ENSG00000183706	MANE Select canonical	ENSG00000183706; ENSG00000288501
OR4N4C	2	ENSG00000279408	MANE Select canonical	ENSG00000279408; ENSG00000288193
OR4N5	2	ENSG00000184394	MANE Select canonical	ENSG00000184394; ENSG00000291808
OR52E1	2	ENSG00000292245	MANE Select canonical	ENSG00000273085; ENSG00000292245
OR52E2	2	ENSG00000176787	MANE Select canonical	ENSG00000176787; ENSG00000291909
OR52J3	2	ENSG00000205495	MANE Select canonical	ENSG00000205495; ENSG00000291908
OR5AL1	2	ENSG00000292252	MANE Select canonical	ENSG00000272987; ENSG00000292252
OR5M3	2	ENSG00000174937	MANE Select canonical	ENSG00000174937; ENSG00000291859
OR5M8	2	ENSG00000181371	MANE Select canonical	ENSG00000181371; ENSG00000291862
OR5M9	2	ENSG00000150269	MANE Select canonical	ENSG00000150269; ENSG00000291852
OR5P2	3	ENSG00000183303	MANE Select canonical	ENSG00000183303; ENSG00000276025; ENSG00000280931
OR5P3	3	ENSG00000182334	MANE Select canonical	ENSG00000182334; ENSG00000278253; ENSG00000280808
OR5T1	3	ENSG00000181698	MANE Select canonical	ENSG00000181698; ENSG00000262784; ENSG00000291860
OR5T2	3	ENSG00000181718	MANE Select canonical	ENSG00000181718; ENSG00000262851; ENSG00000291863
OR5T3	3	ENSG00000172489	MANE Select canonical	ENSG00000172489; ENSG00000261897; ENSG00000291866
OR5V1	8	ENSG00000243729	MANE Select canonical	ENSG00000112461; ENSG00000227137; ENSG00000230742; ENSG00000233046; ENSG00000240130; ENSG00000242289; ENSG00000243441; ENSG00000243729
OR6B1	2	ENSG00000221813	MANE Select canonical	ENSG00000221813; ENSG00000284939
OR6V1	2	ENSG00000225781	MANE Select canonical	ENSG00000225781; ENSG00000277378
OR8H1	3	ENSG00000181693	MANE Select canonical	ENSG00000181693; ENSG00000262611; ENSG00000291864
OR8J1	3	ENSG00000172487	MANE Select canonical	ENSG00000172487; ENSG00000262796; ENSG00000291858
OR8J2	3	ENSG00000254658	gnomAD-recognized or lowest Ensembl ID	ENSG00000254658; ENSG00000263150; ENSG00000291841
OR8K1	3	ENSG00000150261	MANE Select canonical	ENSG00000150261; ENSG00000263328; ENSG00000291861
OR8K3	3	ENSG00000280314	MANE Select canonical	ENSG00000262755; ENSG00000280314; ENSG00000291865
OR8U1	2	ENSG00000172199	MANE Select canonical	ENSG00000172199; ENSG00000291846
OR8U3	2	ENSG00000279961	MANE Select canonical	ENSG00000279961; ENSG00000291849
OR9A2	2	ENSG00000179468	MANE Select canonical	ENSG00000179468; ENSG00000273914
OR9G1	2	ENSG00000174914	MANE Select canonical	ENSG00000174914; ENSG00000261958
OR9G4	2	ENSG00000172457	MANE Select canonical	ENSG00000172457; ENSG00000262647
OSCAR	10	ENSG00000170909	MANE Select canonical	ENSG00000170909; ENSG00000273511; ENSG00000274703; ENSG00000275551; ENSG00000275644; ENSG00000275736; ENSG00000276982; ENSG00000277088; ENSG00000278378; ENSG00000278533
OSGEP	2	ENSG00000092094	MANE Select canonical	ENSG00000092094; ENSG00000291794
OTOA	2	ENSG00000155719	MANE Select canonical	ENSG00000155719; ENSG00000284559
OTUB2	2	ENSG00000089723	MANE Select canonical	ENSG00000089723; ENSG00000277276
OTUD5	2	ENSG00000068308	MANE Select canonical	ENSG00000068308; ENSG00000292211
P2RY8	2	ENSG00000182162	MANE Select canonical	ENSG00000182162; ENSG00000292333
PADI1	2	ENSG00000142623	MANE Select canonical	ENSG00000142623; ENSG00000281459
PADI2	2	ENSG00000117115	MANE Select canonical	ENSG00000117115; ENSG00000291387
PADI3	2	ENSG00000142619	MANE Select canonical	ENSG00000142619; ENSG00000280549
PADI4	2	ENSG00000159339	MANE Select canonical	ENSG00000159339; ENSG00000280908
PADI6	2	ENSG00000276747	MANE Select canonical	ENSG00000276747; ENSG00000280949
PAK1IP1	2	ENSG00000111845	MANE Select canonical	ENSG00000111845; ENSG00000285226
PALM3	2	ENSG00000187867	MANE Select canonical	ENSG00000187867; ENSG00000288318
PAM16	2	ENSG00000217930	MANE Select canonical	ENSG00000217930; ENSG00000282228
PANK4	2	ENSG00000157881	MANE Select canonical	ENSG00000157881; ENSG00000273494
PARN	2	ENSG00000140694	MANE Select canonical	ENSG00000140694; ENSG00000274829
PARP2	2	ENSG00000129484	MANE Select canonical	ENSG00000129484; ENSG00000291803
PATL2	2	ENSG00000229474	MANE Select canonical	ENSG00000229474; ENSG00000282077
PAXBP1	2	ENSG00000159086	MANE Select canonical	ENSG00000159086; ENSG00000263141
PBX2	7	ENSG00000204304	MANE Select canonical	ENSG00000204304; ENSG00000206315; ENSG00000224952; ENSG00000225987; ENSG00000232005; ENSG00000236353; ENSG00000237344
PCDH20	2	ENSG00000280165	MANE Select canonical	ENSG00000197991; ENSG00000280165
PCDHA1	2	ENSG00000204970	MANE Select canonical	ENSG00000204970; ENSG00000291649
PCDHA10	2	ENSG00000250120	MANE Select canonical	ENSG00000250120; ENSG00000291659
PCDHA11	2	ENSG00000249158	MANE Select canonical	ENSG00000249158; ENSG00000291662
PCDHA12	2	ENSG00000251664	MANE Select canonical	ENSG00000251664; ENSG00000291663
PCDHA13	2	ENSG00000239389	MANE Select canonical	ENSG00000239389; ENSG00000291666
PCDHA2	2	ENSG00000204969	MANE Select canonical	ENSG00000204969; ENSG00000291650
PCDHA3	2	ENSG00000255408	MANE Select canonical	ENSG00000255408; ENSG00000291651
PCDHA4	2	ENSG00000204967	MANE Select canonical	ENSG00000204967; ENSG00000291652
PCDHA5	2	ENSG00000204965	MANE Select canonical	ENSG00000204965; ENSG00000291653
PCDHA6	2	ENSG00000081842	MANE Select canonical	ENSG00000081842; ENSG00000291654
PCDHA7	2	ENSG00000204963	MANE Select canonical	ENSG00000204963; ENSG00000291655
PCDHA8	2	ENSG00000204962	MANE Select canonical	ENSG00000204962; ENSG00000291656
PCDHA9	2	ENSG00000204961	MANE Select canonical	ENSG00000204961; ENSG00000291657
PCDHAC1	2	ENSG00000248383	MANE Select canonical	ENSG00000248383; ENSG00000291670
PCDHAC2	2	ENSG00000243232	MANE Select canonical	ENSG00000243232; ENSG00000291668
PCDHB1	2	ENSG00000171815	MANE Select canonical	ENSG00000171815; ENSG00000291669
PCDHB10	2	ENSG00000120324	MANE Select canonical	ENSG00000120324; ENSG00000291689
PCDHB11	2	ENSG00000197479	MANE Select canonical	ENSG00000197479; ENSG00000291690
PCDHB12	2	ENSG00000120328	MANE Select canonical	ENSG00000120328; ENSG00000291691
PCDHB13	2	ENSG00000187372	MANE Select canonical	ENSG00000187372; ENSG00000291692
PCDHB14	2	ENSG00000120327	MANE Select canonical	ENSG00000120327; ENSG00000291693
PCDHB15	2	ENSG00000113248	MANE Select canonical	ENSG00000113248; ENSG00000291695
PCDHB16	2	ENSG00000272674	MANE Select canonical	ENSG00000272674; ENSG00000291684
PCDHB2	2	ENSG00000112852	MANE Select canonical	ENSG00000112852; ENSG00000291672
PCDHB3	2	ENSG00000113205	MANE Select canonical	ENSG00000113205; ENSG00000291674
PCDHB4	2	ENSG00000081818	MANE Select canonical	ENSG00000081818; ENSG00000291676
PCDHB5	2	ENSG00000113209	MANE Select canonical	ENSG00000113209; ENSG00000291677
PCDHB6	2	ENSG00000113211	MANE Select canonical	ENSG00000113211; ENSG00000291679
PCDHB7	2	ENSG00000113212	MANE Select canonical	ENSG00000113212; ENSG00000291681
PCDHB8	2	ENSG00000120322	MANE Select canonical	ENSG00000120322; ENSG00000291682
PCDHB9	2	ENSG00000177839	MANE Select canonical	ENSG00000177839; ENSG00000291687
PCGF2	2	ENSG00000277258	MANE Select canonical	ENSG00000277258; ENSG00000278644
PCK2	2	ENSG00000100889	MANE Select canonical	ENSG00000100889; ENSG00000285241
PCMTD2	2	ENSG00000203880	MANE Select canonical	ENSG00000203880; ENSG00000280663
PCP4	2	ENSG00000183036	MANE Select canonical	ENSG00000183036; ENSG00000291560
PDCD1	2	ENSG00000188389	MANE Select canonical	ENSG00000188389; ENSG00000276977
PDE4C	2	ENSG00000105650	MANE Select canonical	ENSG00000105650; ENSG00000285188
PDE8B	2	ENSG00000113231	MANE Select canonical	ENSG00000113231; ENSG00000284762
PDXDC1	2	ENSG00000179889	MANE Select canonical	ENSG00000179889; ENSG00000275498
PDZD9	2	ENSG00000155714	MANE Select canonical	ENSG00000155714; ENSG00000284316
PEX5	2	ENSG00000139197	MANE Select canonical	ENSG00000139197; ENSG00000288217
PFDN5	2	ENSG00000123349	MANE Select canonical	ENSG00000123349; ENSG00000291834
PFDN6	5	ENSG00000204220	MANE Select canonical	ENSG00000204220; ENSG00000206283; ENSG00000224782; ENSG00000235692; ENSG00000237335
PHF1	3	ENSG00000112511	MANE Select canonical	ENSG00000112511; ENSG00000225553; ENSG00000239756
PHLDA2	2	ENSG00000181649	MANE Select canonical	ENSG00000181649; ENSG00000274538
PHRF1	2	ENSG00000070047	MANE Select canonical	ENSG00000070047; ENSG00000274780
PIGW	2	ENSG00000277161	MANE Select canonical	ENSG00000275600; ENSG00000277161
PIM2	2	ENSG00000102096	MANE Select canonical	ENSG00000102096; ENSG00000292210
PINX1	4	ENSG00000254093	MANE Select canonical	ENSG00000254093; ENSG00000258724; ENSG00000284764; ENSG00000292296
PIP4K2B	2	ENSG00000276293	MANE Select canonical	ENSG00000276293; ENSG00000277292
PIP4P1	2	ENSG00000165782	MANE Select canonical	ENSG00000165782; ENSG00000291802
PIWIL1	2	ENSG00000125207	MANE Select canonical	ENSG00000125207; ENSG00000275051
PKD1L2	2	ENSG00000166473	gnomAD-recognized or lowest Ensembl ID	ENSG00000166473; ENSG00000292248
PKLR	2	ENSG00000143627	MANE Select canonical	ENSG00000143627; ENSG00000262785
PLA2G10	2	ENSG00000069764	MANE Select canonical	ENSG00000069764; ENSG00000276870
PLCH2	2	ENSG00000149527	MANE Select canonical	ENSG00000149527; ENSG00000276429
PLCL2	2	ENSG00000154822	MANE Select canonical	ENSG00000154822; ENSG00000284017
PLCXD1	2	ENSG00000182378	MANE Select canonical	ENSG00000182378; ENSG00000292344
PLEKHM1	3	ENSG00000225190	MANE Select canonical	ENSG00000225190; ENSG00000276358; ENSG00000277111
PLPPR1	2	ENSG00000148123	MANE Select canonical	ENSG00000148123; ENSG00000276539
PLPPR3	2	ENSG00000129951	MANE Select canonical	ENSG00000129951; ENSG00000282283
PLSCR3	2	ENSG00000187838	MANE Select canonical	ENSG00000187838; ENSG00000284009
PNLIPRP1	2	ENSG00000187021	MANE Select canonical	ENSG00000187021; ENSG00000291891
PNLIPRP2	2	ENSG00000291895	MANE Select canonical	ENSG00000266200; ENSG00000291895
PNMA5	2	ENSG00000198883	MANE Select canonical	ENSG00000198883; ENSG00000292194
PNP	2	ENSG00000198805	MANE Select canonical	ENSG00000198805; ENSG00000291814
PODNL1	2	ENSG00000132000	MANE Select canonical	ENSG00000132000; ENSG00000288195
POLR1H	8	ENSG00000066379	MANE Select canonical	ENSG00000066379; ENSG00000206502; ENSG00000224859; ENSG00000233795; ENSG00000235176; ENSG00000235443; ENSG00000236808; ENSG00000236949
POLR2A	2	ENSG00000284832	MANE Select canonical	ENSG00000181222; ENSG00000284832
POLR3E	2	ENSG00000058600	MANE Select canonical	ENSG00000058600; ENSG00000284282
POMZP3	2	ENSG00000146707	MANE Select canonical	ENSG00000146707; ENSG00000276464
POTEB	2	ENSG00000233917	MANE Select canonical	ENSG00000233917; ENSG00000288347
POTEB2	2	ENSG00000230031	MANE Select canonical	ENSG00000230031; ENSG00000288113
POTEB3	3	ENSG00000278522	MANE Select canonical	ENSG00000278522; ENSG00000278699; ENSG00000288142
POU5F1	7	ENSG00000204531	MANE Select canonical	ENSG00000204531; ENSG00000206454; ENSG00000229094; ENSG00000230336; ENSG00000233911; ENSG00000235068; ENSG00000237582
PPFIA1	2	ENSG00000131626	MANE Select canonical	ENSG00000131626; ENSG00000288198
PPIAL4A	2	ENSG00000263353	MANE Select canonical	ENSG00000263353; ENSG00000291978
PPIAL4F	2	ENSG00000279782	MANE Select canonical	ENSG00000275974; ENSG00000279782
PPP1R10	7	ENSG00000204569	MANE Select canonical	ENSG00000204569; ENSG00000206489; ENSG00000227804; ENSG00000230995; ENSG00000231737; ENSG00000235291; ENSG00000238104
PPP1R11	8	ENSG00000204619	MANE Select canonical	ENSG00000204619; ENSG00000206501; ENSG00000227720; ENSG00000233314; ENSG00000234058; ENSG00000236560; ENSG00000237403; ENSG00000237829
PPP1R18	8	ENSG00000146112	MANE Select canonical	ENSG00000146112; ENSG00000206485; ENSG00000225060; ENSG00000229998; ENSG00000230341; ENSG00000231247; ENSG00000234000; ENSG00000236428
PPP1R27	2	ENSG00000182676	MANE Select canonical	ENSG00000182676; ENSG00000288186
PPP1R3B	2	ENSG00000173281	MANE Select canonical	ENSG00000173281; ENSG00000285343
PPP2R3B	4	ENSG00000167393	MANE Select canonical	ENSG00000167393; ENSG00000273850; ENSG00000276438; ENSG00000292327
PPP4R4	2	ENSG00000119698	MANE Select canonical	ENSG00000119698; ENSG00000278326
PPT2	8	ENSG00000221988	MANE Select canonical	ENSG00000168452; ENSG00000206256; ENSG00000206329; ENSG00000221988; ENSG00000227600; ENSG00000228116; ENSG00000231618; ENSG00000236649
PQBP1	2	ENSG00000102103	MANE Select canonical	ENSG00000102103; ENSG00000292208
PRAF2	2	ENSG00000243279	MANE Select canonical	ENSG00000243279; ENSG00000292222
PRAG1	2	ENSG00000275342	MANE Select canonical	ENSG00000275342; ENSG00000292308
PRAME	2	ENSG00000185686	MANE Select canonical	ENSG00000185686; ENSG00000275013
PRAMEF10	2	ENSG00000187545	MANE Select canonical	ENSG00000187545; ENSG00000282663
PRAMEF11	2	ENSG00000239810	MANE Select canonical	ENSG00000239810; ENSG00000281934
PRAMEF13	2	ENSG00000279169	MANE Select canonical	ENSG00000279169; ENSG00000282741
PRAMEF18	4	ENSG00000279804	MANE Select canonical	ENSG00000277853; ENSG00000279804; ENSG00000282212; ENSG00000292418
PRAMEF2	2	ENSG00000120952	MANE Select canonical	ENSG00000120952; ENSG00000282817
PRAMEF25	4	ENSG00000229571	MANE Select canonical	ENSG00000229571; ENSG00000276299; ENSG00000282566; ENSG00000283348
PRAMEF26	3	ENSG00000280267	MANE Select canonical	ENSG00000280267; ENSG00000281987; ENSG00000283216
PRAMEF27	3	ENSG00000274764	MANE Select canonical	ENSG00000274764; ENSG00000282437; ENSG00000283425
PRAMEF33	4	ENSG00000237700	MANE Select canonical	ENSG00000237700; ENSG00000276370; ENSG00000282125; ENSG00000283488
PRAMEF4	2	ENSG00000243073	MANE Select canonical	ENSG00000243073; ENSG00000282584
PRAMEF5	4	ENSG00000270601	MANE Select canonical	ENSG00000270601; ENSG00000276420; ENSG00000282424; ENSG00000283150
PRAMEF6	2	ENSG00000232423	MANE Select canonical	ENSG00000232423; ENSG00000282119
PRAMEF7	2	ENSG00000204510	MANE Select canonical	ENSG00000204510; ENSG00000279195
PRAMEF8	4	ENSG00000182330	MANE Select canonical	ENSG00000182330; ENSG00000278021; ENSG00000282583; ENSG00000283387
PRAMEF9	4	ENSG00000204505	MANE Select canonical	ENSG00000204505; ENSG00000281573; ENSG00000282298; ENSG00000283139
PRB1	3	ENSG00000251655	gnomAD-recognized or lowest Ensembl ID	ENSG00000251655; ENSG00000275517; ENSG00000282673
PRB3	2	ENSG00000197870	MANE Select canonical	ENSG00000197870; ENSG00000275624
PRB4	2	ENSG00000230657	MANE Select canonical	ENSG00000230657; ENSG00000274839
PRDM9	2	ENSG00000164256	MANE Select canonical	ENSG00000164256; ENSG00000292167
PRH1	2	ENSG00000231887	MANE Select canonical	ENSG00000231887; ENSG00000277823
PRH2	3	ENSG00000134551	MANE Select canonical	ENSG00000134551; ENSG00000272803; ENSG00000275679
PRIMA1	2	ENSG00000175785	MANE Select canonical	ENSG00000175785; ENSG00000274089
PRKACA	2	ENSG00000072062	MANE Select canonical	ENSG00000072062; ENSG00000288516
PROM2	2	ENSG00000155066	MANE Select canonical	ENSG00000155066; ENSG00000292084
PROP1	3	ENSG00000175325	MANE Select canonical	ENSG00000175325; ENSG00000274382; ENSG00000280635
PRPF31	10	ENSG00000105618	MANE Select canonical	ENSG00000105618; ENSG00000274144; ENSG00000274651; ENSG00000274894; ENSG00000275117; ENSG00000275885; ENSG00000276421; ENSG00000277154; ENSG00000277707; ENSG00000277953
PRPF8	2	ENSG00000174231	MANE Select canonical	ENSG00000174231; ENSG00000274442
PRR23D1	3	ENSG00000255251	MANE Select canonical	ENSG00000255251; ENSG00000274540; ENSG00000284870
PRR23D2	2	ENSG00000255378	MANE Select canonical	ENSG00000255378; ENSG00000292388
PRR27	2	ENSG00000187533	MANE Select canonical	ENSG00000187533; ENSG00000282868
PRR3	7	ENSG00000204576	MANE Select canonical	ENSG00000204576; ENSG00000206491; ENSG00000223766; ENSG00000223887; ENSG00000228186; ENSG00000229202; ENSG00000233564
PRR33	2	ENSG00000283787	MANE Select canonical	ENSG00000283787; ENSG00000288160
PRR4	3	ENSG00000111215	MANE Select canonical	ENSG00000111215; ENSG00000263247; ENSG00000282269
PRRC2A	7	ENSG00000204469	MANE Select canonical	ENSG00000204469; ENSG00000206427; ENSG00000225164; ENSG00000225748; ENSG00000226618; ENSG00000231370; ENSG00000231825
PRRT1	8	ENSG00000204314	MANE Select canonical	ENSG00000204314; ENSG00000206331; ENSG00000225141; ENSG00000227122; ENSG00000229071; ENSG00000229488; ENSG00000235956; ENSG00000238056
PRSS1	2	ENSG00000204983	MANE Select canonical	ENSG00000204983; ENSG00000274247
PRSS2	2	ENSG00000275896	MANE Select canonical	ENSG00000275896; ENSG00000282049
PRSS22	2	ENSG00000005001	MANE Select canonical	ENSG00000005001; ENSG00000282937
PRSS48	2	ENSG00000189099	MANE Select canonical	ENSG00000189099; ENSG00000292166
PRSS51	2	ENSG00000253649	gnomAD-recognized or lowest Ensembl ID	ENSG00000253649; ENSG00000292298
PRSS55	2	ENSG00000184647	MANE Select canonical	ENSG00000184647; ENSG00000285141
PRSS58	2	ENSG00000258223	MANE Select canonical	ENSG00000258223; ENSG00000276785
PRTN3	2	ENSG00000196415	MANE Select canonical	ENSG00000196415; ENSG00000277804
PRXL2B	2	ENSG00000157870	MANE Select canonical	ENSG00000157870; ENSG00000275125
PSMB1	2	ENSG00000008018	MANE Select canonical	ENSG00000008018; ENSG00000281184
PSMB3	2	ENSG00000277791	MANE Select canonical	ENSG00000275903; ENSG00000277791
PSMB8	8	ENSG00000204264	MANE Select canonical	ENSG00000204264; ENSG00000206298; ENSG00000226201; ENSG00000230034; ENSG00000230669; ENSG00000231631; ENSG00000235715; ENSG00000236443
PSMB9	8	ENSG00000240065	MANE Select canonical	ENSG00000239836; ENSG00000240065; ENSG00000240118; ENSG00000240508; ENSG00000242711; ENSG00000243067; ENSG00000243594; ENSG00000243958
PSMC4	2	ENSG00000013275	MANE Select canonical	ENSG00000013275; ENSG00000281221
PSME1	2	ENSG00000092010	MANE Select canonical	ENSG00000092010; ENSG00000284916
PSME2	2	ENSG00000100911	MANE Select canonical	ENSG00000100911; ENSG00000284889
PSORS1C1	6	ENSG00000204540	MANE Select canonical	ENSG00000204540; ENSG00000206458; ENSG00000231094; ENSG00000233439; ENSG00000233734; ENSG00000235487
PSORS1C2	6	ENSG00000204538	MANE Select canonical	ENSG00000204538; ENSG00000206459; ENSG00000224544; ENSG00000227246; ENSG00000232127; ENSG00000234605
PTCHD3	2	ENSG00000182077	gnomAD-recognized or lowest Ensembl ID	ENSG00000182077; ENSG00000276595
PTDSS2	2	ENSG00000174915	MANE Select canonical	ENSG00000174915; ENSG00000282367
PTEN	2	ENSG00000171862	MANE Select canonical	ENSG00000171862; ENSG00000284792
PTP4A3	3	ENSG00000184489	MANE Select canonical	ENSG00000184489; ENSG00000275575; ENSG00000291470
PTPRC	2	ENSG00000081237	MANE Select canonical	ENSG00000081237; ENSG00000262418
PTPRK	2	ENSG00000152894	MANE Select canonical	ENSG00000152894; ENSG00000273993
PTPRN2	2	ENSG00000155093	MANE Select canonical	ENSG00000155093; ENSG00000282185
PVALB	2	ENSG00000100362	MANE Select canonical	ENSG00000100362; ENSG00000274665
PYCR3	2	ENSG00000104524	MANE Select canonical	ENSG00000104524; ENSG00000276657
QTGAL	2			ENSG00000175711; ENSG00000277033
RAB11FIP3	2	ENSG00000090565	MANE Select canonical	ENSG00000090565; ENSG00000275338
RAB6C	2	ENSG00000222014	MANE Select canonical	ENSG00000222014; ENSG00000292140
RABGGTA	2	ENSG00000100949	MANE Select canonical	ENSG00000100949; ENSG00000285193
RAD17	2	ENSG00000152942	MANE Select canonical	ENSG00000152942; ENSG00000276618
RASA3	2	ENSG00000185989	MANE Select canonical	ENSG00000185989; ENSG00000280477
RASSF7	2	ENSG00000099849	MANE Select canonical	ENSG00000099849; ENSG00000273859
RBFOX2	2	ENSG00000100320	MANE Select canonical	ENSG00000100320; ENSG00000277564
RBP5	2	ENSG00000139194	MANE Select canonical	ENSG00000139194; ENSG00000288369
RCC2	2	ENSG00000179051	MANE Select canonical	ENSG00000179051; ENSG00000281540
RDH13	10	ENSG00000160439	MANE Select canonical	ENSG00000160439; ENSG00000273944; ENSG00000274418; ENSG00000274504; ENSG00000275474; ENSG00000276341; ENSG00000276684; ENSG00000276826; ENSG00000278149; ENSG00000278284
RDM1	2	ENSG00000278023	MANE Select canonical	ENSG00000276432; ENSG00000278023
REC8	2	ENSG00000100918	MANE Select canonical	ENSG00000100918; ENSG00000285007
RETSAT	2	ENSG00000042445	MANE Select canonical	ENSG00000042445; ENSG00000292155
REXO4	2	ENSG00000148300	MANE Select canonical	ENSG00000148300; ENSG00000280706
RFLNB	2	ENSG00000283979	MANE Select canonical	ENSG00000183688; ENSG00000283979
RFX1	2	ENSG00000132005	MANE Select canonical	ENSG00000132005; ENSG00000288283
RGL2	5	ENSG00000237441	MANE Select canonical	ENSG00000206282; ENSG00000224841; ENSG00000228736; ENSG00000237441; ENSG00000237825
RHOU	2	ENSG00000116574	MANE Select canonical	ENSG00000116574; ENSG00000284984
RILP	2	ENSG00000167705	MANE Select canonical	ENSG00000167705; ENSG00000274145
RING1	6	ENSG00000204227	MANE Select canonical	ENSG00000204227; ENSG00000206287; ENSG00000226788; ENSG00000228520; ENSG00000231115; ENSG00000235107
RINL	2	ENSG00000187994	MANE Select canonical	ENSG00000187994; ENSG00000282895
RIPK3	2	ENSG00000129465	MANE Select canonical	ENSG00000129465; ENSG00000285379
RLN3	2	ENSG00000171136	MANE Select canonical	ENSG00000171136; ENSG00000288474
RNASE10	2	ENSG00000182545	MANE Select canonical	ENSG00000182545; ENSG00000291813
RNF135	2	ENSG00000181481	MANE Select canonical	ENSG00000181481; ENSG00000291712
RNF139	2	ENSG00000170881	MANE Select canonical	ENSG00000170881; ENSG00000291729
RNF151	2	ENSG00000179580	MANE Select canonical	ENSG00000179580; ENSG00000291936
RNF187	2	ENSG00000168159	MANE Select canonical	ENSG00000168159; ENSG00000285426
RNF31	2	ENSG00000092098	MANE Select canonical	ENSG00000092098; ENSG00000285152
RNF39	8	ENSG00000204618	MANE Select canonical	ENSG00000204618; ENSG00000206500; ENSG00000227171; ENSG00000230332; ENSG00000230467; ENSG00000235022; ENSG00000236967; ENSG00000237733
RNF5	7	ENSG00000204308	MANE Select canonical	ENSG00000183574; ENSG00000204308; ENSG00000223767; ENSG00000225452; ENSG00000227277; ENSG00000228405; ENSG00000228907
RNH1	2	ENSG00000023191	MANE Select canonical	ENSG00000023191; ENSG00000276230
RP1L1	2	ENSG00000183638	MANE Select canonical	ENSG00000183638; ENSG00000292297
RPH3AL	3	ENSG00000181031	MANE Select canonical	ENSG00000181031; ENSG00000262334; ENSG00000282013
RPL3L	2	ENSG00000140986	MANE Select canonical	ENSG00000140986; ENSG00000291929
RPL7A	2	ENSG00000148303	MANE Select canonical	ENSG00000148303; ENSG00000280858
RPN2	2	ENSG00000118705	MANE Select canonical	ENSG00000118705; ENSG00000291973
RPP21	7	ENSG00000241370	MANE Select canonical	ENSG00000239865; ENSG00000239927; ENSG00000241370; ENSG00000241779; ENSG00000241863; ENSG00000242726; ENSG00000243009
RPS17	2	ENSG00000182774	MANE Select canonical	ENSG00000182774; ENSG00000278229
RPS18	6	ENSG00000231500	MANE Select canonical	ENSG00000096150; ENSG00000223367; ENSG00000226225; ENSG00000227794; ENSG00000231500; ENSG00000235650
RPS2	2	ENSG00000140988	MANE Select canonical	ENSG00000140988; ENSG00000291931
RPS25	2	ENSG00000118181	MANE Select canonical	ENSG00000118181; ENSG00000280831
RPS3A	2	ENSG00000145425	MANE Select canonical	ENSG00000145425; ENSG00000292158
RPS6KA1	2	ENSG00000117676	MANE Select canonical	ENSG00000117676; ENSG00000281877
RPS9	10	ENSG00000170889	MANE Select canonical	ENSG00000170889; ENSG00000274005; ENSG00000274626; ENSG00000274646; ENSG00000274950; ENSG00000275323; ENSG00000277079; ENSG00000277359; ENSG00000278081; ENSG00000278270
RRN3	2	ENSG00000085721	MANE Select canonical	ENSG00000085721; ENSG00000278494
RTP1	2	ENSG00000175077	MANE Select canonical	ENSG00000175077; ENSG00000291554
RTP4	2	ENSG00000136514	MANE Select canonical	ENSG00000136514; ENSG00000291555
RTP5	2	ENSG00000188011	MANE Select canonical	ENSG00000188011; ENSG00000277949
RUFY1	2	ENSG00000176783	MANE Select canonical	ENSG00000176783; ENSG00000284260
RWDD2B	2	ENSG00000156253	MANE Select canonical	ENSG00000156253; ENSG00000291523
RXFP3	2	ENSG00000182631	MANE Select canonical	ENSG00000182631; ENSG00000277069
RXRB	6	ENSG00000204231	MANE Select canonical	ENSG00000204231; ENSG00000206289; ENSG00000227322; ENSG00000228333; ENSG00000231321; ENSG00000235712
RYBP	2	ENSG00000281766	MANE Select canonical	ENSG00000163602; ENSG00000281766
SAA1	2	ENSG00000173432	MANE Select canonical	ENSG00000173432; ENSG00000288411
SACK1H	2	ENSG00000180921	MANE Select canonical	ENSG00000180921; ENSG00000273889
SAG	2	ENSG00000130561	MANE Select canonical	ENSG00000130561; ENSG00000281857
SALL3	3	ENSG00000256463	MANE Select canonical	ENSG00000256463; ENSG00000263310; ENSG00000277015
SAMD1	2	ENSG00000288488	MANE Select canonical	ENSG00000141858; ENSG00000288488
SAPCD1	6	ENSG00000228727	MANE Select canonical	ENSG00000227074; ENSG00000227861; ENSG00000228727; ENSG00000229176; ENSG00000234951; ENSG00000237918
SARS2	2	ENSG00000104835	MANE Select canonical	ENSG00000104835; ENSG00000283104
SBNO2	2	ENSG00000064932	MANE Select canonical	ENSG00000064932; ENSG00000278788
SCAMP3	2	ENSG00000116521	MANE Select canonical	ENSG00000116521; ENSG00000263290
SCAND3	2	ENSG00000232040	MANE Select canonical	ENSG00000232040; ENSG00000248496
SCARF1	2	ENSG00000074660	MANE Select canonical	ENSG00000074660; ENSG00000276336
SCG5	3	ENSG00000166922	MANE Select canonical	ENSG00000166922; ENSG00000277614; ENSG00000281931
SCGB1C2	2	ENSG00000268320	MANE Select canonical	ENSG00000268320; ENSG00000277730
SCRIB	2	ENSG00000180900	MANE Select canonical	ENSG00000180900; ENSG00000274287
SCRT1	2	ENSG00000261678	MANE Select canonical	ENSG00000261678; ENSG00000284923
SCT	2	ENSG00000070031	MANE Select canonical	ENSG00000070031; ENSG00000274473
SDCCAG8	2	ENSG00000054282	MANE Select canonical	ENSG00000054282; ENSG00000276111
SEL1L2	2	ENSG00000101251	MANE Select canonical	ENSG00000101251; ENSG00000291539
SEMA7A	2	ENSG00000138623	MANE Select canonical	ENSG00000138623; ENSG00000288455
SEPTIN9	2	ENSG00000184640	MANE Select canonical	ENSG00000184640; ENSG00000282302
SERF1A	2	ENSG00000172058	MANE Select canonical	ENSG00000172058; ENSG00000275581
SERF1B	3	ENSG00000205572	MANE Select canonical	ENSG00000205572; ENSG00000277429; ENSG00000278839
SERPINA1	2	ENSG00000197249	MANE Select canonical	ENSG00000197249; ENSG00000277377
SERPINA10	2	ENSG00000140093	MANE Select canonical	ENSG00000140093; ENSG00000278767
SERPINA2	2	ENSG00000274821	MANE Select canonical	ENSG00000258597; ENSG00000274821
SERPINA6	2	ENSG00000170099	MANE Select canonical	ENSG00000170099; ENSG00000277405
SERPINF1	2	ENSG00000132386	MANE Select canonical	ENSG00000132386; ENSG00000282307
SERPINF2	2	ENSG00000167711	MANE Select canonical	ENSG00000167711; ENSG00000276838
SERTAD4	2	ENSG00000082497	MANE Select canonical	ENSG00000082497; ENSG00000281230
SESN2	2	ENSG00000130766	MANE Select canonical	ENSG00000130766; ENSG00000285069
SFTA2	6	ENSG00000196260	MANE Select canonical	ENSG00000196260; ENSG00000206465; ENSG00000224246; ENSG00000225454; ENSG00000230072; ENSG00000237814
SGPP1	2	ENSG00000126821	MANE Select canonical	ENSG00000126821; ENSG00000285281
SH3D19	2	ENSG00000109686	MANE Select canonical	ENSG00000109686; ENSG00000292165
SH3GL3	2	ENSG00000140600	MANE Select canonical	ENSG00000140600; ENSG00000291608
SHANK3	2	ENSG00000292254	MANE Select canonical	ENSG00000251322; ENSG00000292254
SHMT1	2	ENSG00000176974	MANE Select canonical	ENSG00000176974; ENSG00000284320
SHOX	2	ENSG00000185960	MANE Select canonical	ENSG00000185960; ENSG00000292354
SINHCAF	2	ENSG00000139146	MANE Select canonical	ENSG00000139146; ENSG00000276371
SIRT2	2	ENSG00000068903	MANE Select canonical	ENSG00000068903; ENSG00000283100
SKA1	2	ENSG00000154839	MANE Select canonical	ENSG00000154839; ENSG00000262634
SKIC2	6	ENSG00000204351	MANE Select canonical	ENSG00000204351; ENSG00000206353; ENSG00000223493; ENSG00000225737; ENSG00000228896; ENSG00000232616
SLC12A7	2	ENSG00000113504	MANE Select canonical	ENSG00000113504; ENSG00000276482
SLC16A1	2	ENSG00000155380	MANE Select canonical	ENSG00000155380; ENSG00000281917
SLC25A12	2	ENSG00000115840	MANE Select canonical	ENSG00000115840; ENSG00000292099
SLC25A24	2	ENSG00000085491	MANE Select canonical	ENSG00000085491; ENSG00000284468
SLC25A26	2	ENSG00000144741	MANE Select canonical	ENSG00000144741; ENSG00000282739
SLC25A6	2	ENSG00000169100	MANE Select canonical	ENSG00000169100; ENSG00000292334
SLC27A3	2	ENSG00000143554	MANE Select canonical	ENSG00000143554; ENSG00000263163
SLC2A11	2	ENSG00000133460	MANE Select canonical	ENSG00000133460; ENSG00000275744
SLC2A4	2	ENSG00000181856	MANE Select canonical	ENSG00000181856; ENSG00000288174
SLC2A6	2	ENSG00000160326	MANE Select canonical	ENSG00000160326; ENSG00000281165
SLC35A2	2	ENSG00000102100	MANE Select canonical	ENSG00000102100; ENSG00000292209
SLC35G5	2	ENSG00000177710	MANE Select canonical	ENSG00000177710; ENSG00000285084
SLC35G6	2	ENSG00000259224	MANE Select canonical	ENSG00000259224; ENSG00000284515
SLC37A4	2	ENSG00000281500	MANE Select canonical	ENSG00000137700; ENSG00000281500
SLC39A11	2	ENSG00000133195	MANE Select canonical	ENSG00000133195; ENSG00000282291
SLC39A4	2	ENSG00000147804	MANE Select canonical	ENSG00000147804; ENSG00000285243
SLC39A7	6	ENSG00000112473	MANE Select canonical	ENSG00000112473; ENSG00000206288; ENSG00000224399; ENSG00000226614; ENSG00000227402; ENSG00000229802
SLC43A2	2	ENSG00000167703	MANE Select canonical	ENSG00000167703; ENSG00000278550
SLC44A4	8	ENSG00000204385	MANE Select canonical	ENSG00000203463; ENSG00000204385; ENSG00000206378; ENSG00000228263; ENSG00000229077; ENSG00000231479; ENSG00000232180; ENSG00000235336
SLC45A2	2	ENSG00000164175	MANE Select canonical	ENSG00000164175; ENSG00000281919
SLC52A2	2	ENSG00000185803	MANE Select canonical	ENSG00000185803; ENSG00000285112
SLC5A11	2	ENSG00000158865	MANE Select canonical	ENSG00000158865; ENSG00000288216
SLC5A8	2	ENSG00000256870	MANE Select canonical	ENSG00000256870; ENSG00000262217
SLC67A1	2	ENSG00000110628	MANE Select canonical	ENSG00000110628; ENSG00000276130
SLC6A3	2	ENSG00000142319	MANE Select canonical	ENSG00000142319; ENSG00000276996
SLC9A3	2	ENSG00000066230	MANE Select canonical	ENSG00000066230; ENSG00000281861
SLC9C1	2	ENSG00000172139	MANE Select canonical	ENSG00000172139; ENSG00000285044
SMARCB1	2	ENSG00000099956	MANE Select canonical	ENSG00000099956; ENSG00000275837
SMCR8	2	ENSG00000176994	MANE Select canonical	ENSG00000176994; ENSG00000283741
SMDT1	4	ENSG00000183172	MANE Select canonical	ENSG00000183172; ENSG00000272835; ENSG00000272901; ENSG00000274112
SMIM10L1	3	ENSG00000256537	MANE Select canonical	ENSG00000256537; ENSG00000262986; ENSG00000281930
SMIM33	2	ENSG00000283288	MANE Select canonical	ENSG00000283288; ENSG00000288274
SMN1	2	ENSG00000172062	MANE Select canonical	ENSG00000172062; ENSG00000275349
SMN2	3	ENSG00000205571	MANE Select canonical	ENSG00000205571; ENSG00000273772; ENSG00000277773
SMPD4	2	ENSG00000136699	MANE Select canonical	ENSG00000136699; ENSG00000292130
SNTB2	2	ENSG00000168807	MANE Select canonical	ENSG00000168807; ENSG00000260873
SNTG2	3	ENSG00000172554	MANE Select canonical	ENSG00000172554; ENSG00000281020; ENSG00000281486
SOCS7	2	ENSG00000274211	MANE Select canonical	ENSG00000274211; ENSG00000274229
SOFU1	2	ENSG00000165131	MANE Select canonical	ENSG00000165131; ENSG00000275821
SOX7	2	ENSG00000171056	MANE Select canonical	ENSG00000171056; ENSG00000285438
SP7	2	ENSG00000170374	MANE Select canonical	ENSG00000170374; ENSG00000291837
SPACA7	2	ENSG00000153498	MANE Select canonical	ENSG00000153498; ENSG00000275865
SPAG11A	2	ENSG00000178287	MANE Select canonical	ENSG00000178287; ENSG00000288309
SPAG11B	3	ENSG00000164871	MANE Select canonical	ENSG00000164871; ENSG00000274405; ENSG00000285507
SPATA13	2	ENSG00000182957	MANE Select canonical	ENSG00000182957; ENSG00000228741
SPATA21	2	ENSG00000187144	MANE Select canonical	ENSG00000187144; ENSG00000291401
SPATC1L	2	ENSG00000160284	MANE Select canonical	ENSG00000160284; ENSG00000274679
SPC25	2	ENSG00000152253	MANE Select canonical	ENSG00000152253; ENSG00000277909
SPDYE16	2	ENSG00000185040	MANE Select canonical	ENSG00000185040; ENSG00000281950
SPEM1	2	ENSG00000181323	MANE Select canonical	ENSG00000181323; ENSG00000284598
SPEM2	2	ENSG00000184560	MANE Select canonical	ENSG00000184560; ENSG00000283714
SPEM3	2	ENSG00000283439	MANE Select canonical	ENSG00000283439; ENSG00000284090
SPMAP1	2	ENSG00000275489	MANE Select canonical	ENSG00000275489; ENSG00000276913
SPMIP5	2	ENSG00000165863	MANE Select canonical	ENSG00000165863; ENSG00000291892
SPPL2C	3	ENSG00000185294	MANE Select canonical	ENSG00000185294; ENSG00000277106; ENSG00000278194
SQSTM1	2	ENSG00000161011	MANE Select canonical	ENSG00000161011; ENSG00000284099
SRC	2	ENSG00000197122	MANE Select canonical	ENSG00000197122; ENSG00000291971
SRCIN1	2	ENSG00000277363	MANE Select canonical	ENSG00000273608; ENSG00000277363
SSBP1	2	ENSG00000106028	MANE Select canonical	ENSG00000106028; ENSG00000262771
STATH	2	ENSG00000126549	MANE Select canonical	ENSG00000126549; ENSG00000282891
STH	2	ENSG00000256762	MANE Select canonical	ENSG00000256762; ENSG00000281139
STING1	2	ENSG00000184584	MANE Select canonical	ENSG00000184584; ENSG00000288243
STKLD1	2	ENSG00000198870	MANE Select canonical	ENSG00000198870; ENSG00000281245
STRA6	2	ENSG00000137868	MANE Select canonical	ENSG00000137868; ENSG00000288257
SULT1A1	2	ENSG00000196502	MANE Select canonical	ENSG00000196502; ENSG00000289755
SURF1	2	ENSG00000148290	MANE Select canonical	ENSG00000148290; ENSG00000280627
SURF2	2	ENSG00000148291	MANE Select canonical	ENSG00000148291; ENSG00000281024
SURF4	2	ENSG00000148248	MANE Select canonical	ENSG00000148248; ENSG00000280951
SURF6	2	ENSG00000148296	MANE Select canonical	ENSG00000148296; ENSG00000281309
SYNCRIP	2	ENSG00000135316	MANE Select canonical	ENSG00000135316; ENSG00000271793
SYNGAP1	2	ENSG00000197283	MANE Select canonical	ENSG00000197283; ENSG00000227460
SYNGR3	2	ENSG00000127561	MANE Select canonical	ENSG00000127561; ENSG00000291941
SYNRG	2	ENSG00000275066	MANE Select canonical	ENSG00000274047; ENSG00000275066
SYT15B	2	ENSG00000277758	MANE Select canonical	ENSG00000277758; ENSG00000288175
SYT8	2	ENSG00000149043	MANE Select canonical	ENSG00000149043; ENSG00000288149
SZRD1	2	ENSG00000055070	MANE Select canonical	ENSG00000055070; ENSG00000291379
TADA2A	2	ENSG00000276234	MANE Select canonical	ENSG00000276234; ENSG00000277104
TAF15	2	ENSG00000270647	MANE Select canonical	ENSG00000270647; ENSG00000276833
TAF4	2	ENSG00000130699	MANE Select canonical	ENSG00000130699; ENSG00000280529
TAF9	2	ENSG00000273841	MANE Select canonical	ENSG00000273841; ENSG00000276463
TAMM41	2	ENSG00000144559	MANE Select canonical	ENSG00000144559; ENSG00000279643
TAP1	8	ENSG00000168394	MANE Select canonical	ENSG00000168394; ENSG00000206297; ENSG00000224212; ENSG00000224748; ENSG00000226173; ENSG00000227816; ENSG00000230705; ENSG00000232367
TAP2	8	ENSG00000204267	MANE Select canonical	ENSG00000204267; ENSG00000206235; ENSG00000206299; ENSG00000223481; ENSG00000225967; ENSG00000228582; ENSG00000232326; ENSG00000237599
TAPBP	5	ENSG00000231925	MANE Select canonical	ENSG00000112493; ENSG00000206208; ENSG00000206281; ENSG00000231925; ENSG00000236490
TARM1	10	ENSG00000248385	MANE Select canonical	ENSG00000248385; ENSG00000273875; ENSG00000274889; ENSG00000275123; ENSG00000275384; ENSG00000275806; ENSG00000276145; ENSG00000276355; ENSG00000276604; ENSG00000277178
TARP	2	ENSG00000289746	MANE Select canonical	ENSG00000211689; ENSG00000289746
TAS2R10	3	ENSG00000121318	MANE Select canonical	ENSG00000121318; ENSG00000272805; ENSG00000277238
TAS2R13	3	ENSG00000212128	MANE Select canonical	ENSG00000212128; ENSG00000273457; ENSG00000277254
TAS2R14	3	ENSG00000212127	MANE Select canonical	ENSG00000212127; ENSG00000261984; ENSG00000276541
TAS2R19	3	ENSG00000212124	MANE Select canonical	ENSG00000212124; ENSG00000263028; ENSG00000278307
TAS2R20	3	ENSG00000255837	MANE Select canonical	ENSG00000255837; ENSG00000273092; ENSG00000282612
TAS2R30	3	ENSG00000256188	MANE Select canonical	ENSG00000256188; ENSG00000262111; ENSG00000274699
TAS2R31	3	ENSG00000256436	MANE Select canonical	ENSG00000256436; ENSG00000263097; ENSG00000282256
TAS2R41	2	ENSG00000221855	MANE Select canonical	ENSG00000221855; ENSG00000284982
TAS2R42	2	ENSG00000186136	MANE Select canonical	ENSG00000186136; ENSG00000273505
TAS2R43	3	ENSG00000255374	MANE Select canonical	ENSG00000255374; ENSG00000262612; ENSG00000282537
TAS2R46	3	ENSG00000226761	MANE Select canonical	ENSG00000226761; ENSG00000262525; ENSG00000278111
TAS2R50	3	ENSG00000212126	MANE Select canonical	ENSG00000212126; ENSG00000273431; ENSG00000276167
TAS2R60	2	ENSG00000185899	MANE Select canonical	ENSG00000185899; ENSG00000285341
TAS2R7	3	ENSG00000121377	MANE Select canonical	ENSG00000121377; ENSG00000273326; ENSG00000274327
TAS2R8	3	ENSG00000121314	MANE Select canonical	ENSG00000121314; ENSG00000272712; ENSG00000277316
TAS2R9	3	ENSG00000121381	MANE Select canonical	ENSG00000121381; ENSG00000273086; ENSG00000273713
TATDN1	2	ENSG00000147687	MANE Select canonical	ENSG00000147687; ENSG00000291730
TBC1D3B	4	ENSG00000274808	MANE Select canonical	ENSG00000274808; ENSG00000274939; ENSG00000278632; ENSG00000282750
TBC1D3F	2	ENSG00000275954	gnomAD-recognized or lowest Ensembl ID	ENSG00000275954; ENSG00000282087
TBC1D3G	2	ENSG00000260287	MANE Select canonical	ENSG00000260287; ENSG00000275760
TBC1D3H	2	ENSG00000274226	MANE Select canonical	ENSG00000274226; ENSG00000277974
TBC1D3I	3	ENSG00000274933	MANE Select canonical	ENSG00000274933; ENSG00000275861; ENSG00000282144
TBC1D3K	2	ENSG00000273513	MANE Select canonical	ENSG00000273513; ENSG00000275153
TBC1D3L	2	ENSG00000274512	MANE Select canonical	ENSG00000274512; ENSG00000276349
TBC1D9B	2	ENSG00000197226	MANE Select canonical	ENSG00000197226; ENSG00000284400
TBCD	2	ENSG00000141556	MANE Select canonical	ENSG00000141556; ENSG00000278759
TBL3	2	ENSG00000183751	MANE Select canonical	ENSG00000183751; ENSG00000291938
TBX22	2	ENSG00000122145	MANE Select canonical	ENSG00000122145; ENSG00000277800
TC2N	2	ENSG00000165929	MANE Select canonical	ENSG00000165929; ENSG00000276776
TCAF2	2	ENSG00000170379	MANE Select canonical	ENSG00000170379; ENSG00000292264
TCEA3	2	ENSG00000204219	MANE Select canonical	ENSG00000204219; ENSG00000282941
TCEAL2	2	ENSG00000184905	MANE Select canonical	ENSG00000184905; ENSG00000291823
TCEAL6	2	ENSG00000291827	MANE Select canonical	ENSG00000204071; ENSG00000291827
TCF19	7	ENSG00000137310	MANE Select canonical	ENSG00000137310; ENSG00000206455; ENSG00000224379; ENSG00000224472; ENSG00000224941; ENSG00000233890; ENSG00000234674
TCF20	3	ENSG00000100207	MANE Select canonical	ENSG00000100207; ENSG00000262024; ENSG00000276461
TCF7L1	2	ENSG00000152284	MANE Select canonical	ENSG00000152284; ENSG00000292149
TDO2	2	ENSG00000151790	MANE Select canonical	ENSG00000151790; ENSG00000262635
TDRD15	2	ENSG00000218819	MANE Select canonical	ENSG00000218819; ENSG00000291547
TEP1	2	ENSG00000129566	MANE Select canonical	ENSG00000129566; ENSG00000291791
TFE3	2	ENSG00000068323	MANE Select canonical	ENSG00000068323; ENSG00000292217
TFPT	10	ENSG00000105619	MANE Select canonical	ENSG00000105619; ENSG00000273833; ENSG00000274073; ENSG00000275086; ENSG00000276022; ENSG00000276263; ENSG00000276296; ENSG00000276323; ENSG00000276504; ENSG00000278161
TGM1	2	ENSG00000092295	MANE Select canonical	ENSG00000092295; ENSG00000285348
TGM4	2	ENSG00000163810	MANE Select canonical	ENSG00000163810; ENSG00000281886
TGOLN2	2	ENSG00000152291	MANE Select canonical	ENSG00000152291; ENSG00000292253
THEMIS	2	ENSG00000172673	MANE Select canonical	ENSG00000172673; ENSG00000275122
TIGD5	2	ENSG00000179886	MANE Select canonical	ENSG00000179886; ENSG00000278016
TIMM17B	2	ENSG00000126768	MANE Select canonical	ENSG00000126768; ENSG00000292215
TIMM22	3	ENSG00000177370	MANE Select canonical	ENSG00000177370; ENSG00000277649; ENSG00000278501
TINF2	2	ENSG00000092330	MANE Select canonical	ENSG00000092330; ENSG00000284915
TJP1	2	ENSG00000104067	MANE Select canonical	ENSG00000104067; ENSG00000277401
TLCD2	2	ENSG00000185561	MANE Select canonical	ENSG00000185561; ENSG00000275246
TM9SF1	2	ENSG00000100926	MANE Select canonical	ENSG00000100926; ENSG00000285465
TMC4	10	ENSG00000167608	MANE Select canonical	ENSG00000167608; ENSG00000273722; ENSG00000274384; ENSG00000274873; ENSG00000274905; ENSG00000276260; ENSG00000277667; ENSG00000277789; ENSG00000277996; ENSG00000278363
TMEM102	2	ENSG00000181284	MANE Select canonical	ENSG00000181284; ENSG00000284228
TMEM131	2	ENSG00000075568	MANE Select canonical	ENSG00000075568; ENSG00000291574
TMEM14C	2	ENSG00000111843	MANE Select canonical	ENSG00000111843; ENSG00000284936
TMEM179	2	ENSG00000258986	MANE Select canonical	ENSG00000258986; ENSG00000276342
TMEM255B	2	ENSG00000184497	MANE Select canonical	ENSG00000184497; ENSG00000282107
TMEM256	2	ENSG00000205544	MANE Select canonical	ENSG00000205544; ENSG00000283771
TMEM42	2	ENSG00000169964	MANE Select canonical	ENSG00000169964; ENSG00000280516
TMEM50B	2	ENSG00000142188	MANE Select canonical	ENSG00000142188; ENSG00000263160
TMEM95	2	ENSG00000182896	MANE Select canonical	ENSG00000182896; ENSG00000288511
TMPRSS11E	2	ENSG00000087128	MANE Select canonical	ENSG00000087128; ENSG00000274058
TNF	8	ENSG00000232810	MANE Select canonical	ENSG00000204490; ENSG00000206439; ENSG00000223952; ENSG00000228321; ENSG00000228849; ENSG00000228978; ENSG00000230108; ENSG00000232810
TNFRSF14	2	ENSG00000157873	MANE Select canonical	ENSG00000157873; ENSG00000273936
TNK1	2	ENSG00000174292	MANE Select canonical	ENSG00000174292; ENSG00000283781
TNKS	2	ENSG00000173273	MANE Select canonical	ENSG00000173273; ENSG00000285372
TNNI2	2	ENSG00000130598	MANE Select canonical	ENSG00000130598; ENSG00000288219
TNNT3	2	ENSG00000130595	MANE Select canonical	ENSG00000130595; ENSG00000288250
TNXB	8	ENSG00000168477	MANE Select canonical	ENSG00000168477; ENSG00000206258; ENSG00000229341; ENSG00000229353; ENSG00000231608; ENSG00000233323; ENSG00000236221; ENSG00000236236
TOLLIP	2	ENSG00000078902	MANE Select canonical	ENSG00000078902; ENSG00000291426
TOP3A	2	ENSG00000177302	MANE Select canonical	ENSG00000177302; ENSG00000284238
TPBG	2	ENSG00000146242	MANE Select canonical	ENSG00000146242; ENSG00000283085
TPRKB	2	ENSG00000144034	MANE Select canonical	ENSG00000144034; ENSG00000291480
TRAPPC12	2	ENSG00000171853	MANE Select canonical	ENSG00000171853; ENSG00000274891
TRAPPC4	2	ENSG00000196655	MANE Select canonical	ENSG00000196655; ENSG00000280495
TRARG1	2	ENSG00000184811	MANE Select canonical	ENSG00000184811; ENSG00000280938
TRIM10	8	ENSG00000204613	MANE Select canonical	ENSG00000137394; ENSG00000204613; ENSG00000227472; ENSG00000229346; ENSG00000229381; ENSG00000235025; ENSG00000237192; ENSG00000237703
TRIM15	8	ENSG00000204610	MANE Select canonical	ENSG00000137384; ENSG00000204610; ENSG00000224145; ENSG00000227147; ENSG00000233599; ENSG00000235259; ENSG00000235905; ENSG00000235960
TRIM26	8	ENSG00000234127	MANE Select canonical	ENSG00000137313; ENSG00000226060; ENSG00000228881; ENSG00000230230; ENSG00000231002; ENSG00000231641; ENSG00000234046; ENSG00000234127
TRIM27	7	ENSG00000204713	MANE Select canonical	ENSG00000204713; ENSG00000215641; ENSG00000229006; ENSG00000233948; ENSG00000234495; ENSG00000237071; ENSG00000237462
TRIM31	8	ENSG00000204616	MANE Select canonical	ENSG00000137397; ENSG00000204616; ENSG00000223531; ENSG00000224168; ENSG00000224542; ENSG00000225130; ENSG00000226402; ENSG00000233573
TRIM39	7	ENSG00000204599	MANE Select canonical	ENSG00000204599; ENSG00000206495; ENSG00000224994; ENSG00000226437; ENSG00000229929; ENSG00000230308; ENSG00000232839
TRIM40	8	ENSG00000204614	MANE Select canonical	ENSG00000172524; ENSG00000204614; ENSG00000224496; ENSG00000227458; ENSG00000228001; ENSG00000233931; ENSG00000236399; ENSG00000237046
TRIM43	2	ENSG00000144015	MANE Select canonical	ENSG00000144015; ENSG00000292076
TRIM69	2	ENSG00000185880	MANE Select canonical	ENSG00000185880; ENSG00000278211
TRIM71	2	ENSG00000206557	MANE Select canonical	ENSG00000206557; ENSG00000291501
TRMT9B	2	ENSG00000250305	MANE Select canonical	ENSG00000250305; ENSG00000284872
TRPM1	2	ENSG00000134160	MANE Select canonical	ENSG00000134160; ENSG00000274965
TRPV5	2	ENSG00000127412	MANE Select canonical	ENSG00000127412; ENSG00000274348
TRPV6	2	ENSG00000165125	MANE Select canonical	ENSG00000165125; ENSG00000276971
TSBP1	8	ENSG00000204296	MANE Select canonical	ENSG00000204296; ENSG00000206245; ENSG00000206310; ENSG00000226892; ENSG00000232106; ENSG00000234280; ENSG00000236672; ENSG00000237881
TSEN34	10	ENSG00000170892	MANE Select canonical	ENSG00000170892; ENSG00000273896; ENSG00000274078; ENSG00000274129; ENSG00000274672; ENSG00000274796; ENSG00000275165; ENSG00000278605; ENSG00000278622; ENSG00000278712
TSPY2	2	ENSG00000168757	MANE Select canonical	ENSG00000168757; ENSG00000301844
TSPY4	2	ENSG00000233803	MANE Select canonical	ENSG00000233803; ENSG00000291458
TSPY8	2	ENSG00000229549	MANE Select canonical	ENSG00000229549; ENSG00000291455
TSPY9	2	ENSG00000238074	MANE Select canonical	ENSG00000238074; ENSG00000291459
TSSK4	2	ENSG00000139908	MANE Select canonical	ENSG00000139908; ENSG00000285140
TTC24	2	ENSG00000187862	MANE Select canonical	ENSG00000187862; ENSG00000291760
TTC34	2	ENSG00000215912	MANE Select canonical	ENSG00000215912; ENSG00000275571
TTC5	2	ENSG00000136319	MANE Select canonical	ENSG00000136319; ENSG00000291781
TTYH1	4	ENSG00000167614	MANE Select canonical	ENSG00000167614; ENSG00000275650; ENSG00000276537; ENSG00000276887
TUBA3E	2	ENSG00000152086	MANE Select canonical	ENSG00000152086; ENSG00000292120
TUBB	8	ENSG00000196230	MANE Select canonical	ENSG00000183311; ENSG00000196230; ENSG00000224156; ENSG00000227739; ENSG00000229684; ENSG00000232421; ENSG00000232575; ENSG00000235067
TUBGCP3	2	ENSG00000126216	MANE Select canonical	ENSG00000126216; ENSG00000282003
TUBGCP5	3	ENSG00000275835	MANE Select canonical	ENSG00000275835; ENSG00000276856; ENSG00000280807
TWIST2	2	ENSG00000233608	MANE Select canonical	ENSG00000233608; ENSG00000288335
UBD	7	ENSG00000213886	MANE Select canonical	ENSG00000206468; ENSG00000206513; ENSG00000213886; ENSG00000224654; ENSG00000226898; ENSG00000228913; ENSG00000231968
UBE2NL	2	ENSG00000292243	MANE Select canonical	ENSG00000276380; ENSG00000292243
UBE2QL1	2	ENSG00000215218	MANE Select canonical	ENSG00000215218; ENSG00000291747
UBL7	2	ENSG00000138629	MANE Select canonical	ENSG00000138629; ENSG00000288408
UBR7	2	ENSG00000012963	MANE Select canonical	ENSG00000012963; ENSG00000278787
UGT2A3	2	ENSG00000135220	MANE Select canonical	ENSG00000135220; ENSG00000278216
UGT2B10	2	ENSG00000109181	MANE Select canonical	ENSG00000109181; ENSG00000275190
UGT2B15	2	ENSG00000196620	MANE Select canonical	ENSG00000196620; ENSG00000277132
UNC79	2	ENSG00000133958	MANE Select canonical	ENSG00000133958; ENSG00000276416
UPK3B	2	ENSG00000243566	MANE Select canonical	ENSG00000243566; ENSG00000276184
USP16	2	ENSG00000156256	MANE Select canonical	ENSG00000156256; ENSG00000291527
USP17L1	2	ENSG00000230549	MANE Select canonical	ENSG00000230549; ENSG00000284806
USP17L2	2	ENSG00000223443	MANE Select canonical	ENSG00000223443; ENSG00000284975
USP17L3	2	ENSG00000225327	MANE Select canonical	ENSG00000225327; ENSG00000284990
USP17L4	2	ENSG00000236125	MANE Select canonical	ENSG00000236125; ENSG00000284781
USP17L7	2	ENSG00000226430	MANE Select canonical	ENSG00000226430; ENSG00000284991
USP17L8	2	ENSG00000237038	MANE Select canonical	ENSG00000237038; ENSG00000285497
UTP4	2	ENSG00000141076	MANE Select canonical	ENSG00000141076; ENSG00000262788
VAMP7	2	ENSG00000124333	MANE Select canonical	ENSG00000124333; ENSG00000292366
VARS1	7	ENSG00000204394	MANE Select canonical	ENSG00000096171; ENSG00000204394; ENSG00000224264; ENSG00000226589; ENSG00000227686; ENSG00000231116; ENSG00000231945
VARS2	6	ENSG00000137411	MANE Select canonical	ENSG00000137411; ENSG00000206476; ENSG00000223494; ENSG00000230985; ENSG00000234032; ENSG00000236178
VASN	2	ENSG00000168140	MANE Select canonical	ENSG00000168140; ENSG00000274334
VMAC	2	ENSG00000187650	MANE Select canonical	ENSG00000187650; ENSG00000292061
VN1R5	2	ENSG00000291888	MANE Select canonical	ENSG00000197617; ENSG00000291888
VPS11	2	ENSG00000160695	MANE Select canonical	ENSG00000160695; ENSG00000280616
VPS28	2	ENSG00000160948	MANE Select canonical	ENSG00000160948; ENSG00000285339
VPS52	7	ENSG00000223501	MANE Select canonical	ENSG00000206286; ENSG00000223501; ENSG00000223618; ENSG00000224455; ENSG00000225590; ENSG00000228425; ENSG00000236014
VPS53	2	ENSG00000141252	MANE Select canonical	ENSG00000141252; ENSG00000283883
VSTM1	10	ENSG00000189068	MANE Select canonical	ENSG00000189068; ENSG00000274887; ENSG00000274953; ENSG00000275330; ENSG00000275577; ENSG00000275962; ENSG00000276066; ENSG00000276159; ENSG00000276363; ENSG00000277607
VWA7	6	ENSG00000204396	MANE Select canonical	ENSG00000204396; ENSG00000223757; ENSG00000227144; ENSG00000230048; ENSG00000234433; ENSG00000238203
WDR45	2	ENSG00000196998	MANE Select canonical	ENSG00000196998; ENSG00000292221
WDR46	5	ENSG00000227057	MANE Select canonical	ENSG00000204221; ENSG00000206284; ENSG00000226916; ENSG00000227057; ENSG00000236222
WDR73	2	ENSG00000177082	MANE Select canonical	ENSG00000177082; ENSG00000291629
WDR81	2	ENSG00000167716	MANE Select canonical	ENSG00000167716; ENSG00000276021
WEE2	2	ENSG00000214102	MANE Select canonical	ENSG00000214102; ENSG00000263042
WHR1	6	ENSG00000204344	MANE Select canonical	ENSG00000204344; ENSG00000206342; ENSG00000226033; ENSG00000226257; ENSG00000234947; ENSG00000236250
WNT3	3	ENSG00000108379	MANE Select canonical	ENSG00000108379; ENSG00000277626; ENSG00000277641
WNT9B	2	ENSG00000158955	MANE Select canonical	ENSG00000158955; ENSG00000276799
XKR5	2	ENSG00000275591	MANE Select canonical	ENSG00000275591; ENSG00000285327
XKR6	2	ENSG00000171044	MANE Select canonical	ENSG00000171044; ENSG00000284927
XYLT1	2	ENSG00000103489	MANE Select canonical	ENSG00000103489; ENSG00000285395
YBX2	2	ENSG00000006047	MANE Select canonical	ENSG00000006047; ENSG00000288504
YTHDC1	2	ENSG00000083896	MANE Select canonical	ENSG00000083896; ENSG00000275272
YWHAE	2	ENSG00000108953	MANE Select canonical	ENSG00000108953; ENSG00000274474
ZAP70	2	ENSG00000115085	MANE Select canonical	ENSG00000115085; ENSG00000291603
ZBED1	2	ENSG00000214717	MANE Select canonical	ENSG00000214717; ENSG00000292345
ZBTB12	5	ENSG00000204366	MANE Select canonical	ENSG00000204366; ENSG00000206366; ENSG00000234196; ENSG00000234852; ENSG00000237900
ZBTB22	5	ENSG00000236104	MANE Select canonical	ENSG00000206280; ENSG00000227780; ENSG00000229253; ENSG00000236104; ENSG00000237056
ZBTB4	2	ENSG00000174282	MANE Select canonical	ENSG00000174282; ENSG00000283868
ZBTB9	2	ENSG00000213588	MANE Select canonical	ENSG00000213588; ENSG00000236515
ZC3H3	2	ENSG00000014164	MANE Select canonical	ENSG00000014164; ENSG00000282684
ZDBF2	2	ENSG00000204186	MANE Select canonical	ENSG00000204186; ENSG00000283649
ZFP57	8	ENSG00000204644	MANE Select canonical	ENSG00000204644; ENSG00000206510; ENSG00000223852; ENSG00000223858; ENSG00000226858; ENSG00000227858; ENSG00000232099; ENSG00000234669
ZG16B	2	ENSG00000162078	MANE Select canonical	ENSG00000162078; ENSG00000283056
ZKSCAN7	2	ENSG00000196345	MANE Select canonical	ENSG00000196345; ENSG00000281894
ZNF100	2	ENSG00000197020	MANE Select canonical	ENSG00000197020; ENSG00000274746
ZNF185	2	ENSG00000147394	MANE Select canonical	ENSG00000147394; ENSG00000292196
ZNF197	2	ENSG00000186448	MANE Select canonical	ENSG00000186448; ENSG00000281709
ZNF251	2	ENSG00000198169	MANE Select canonical	ENSG00000198169; ENSG00000278062
ZNF280A	2	ENSG00000169548	MANE Select canonical	ENSG00000169548; ENSG00000275499
ZNF280B	2	ENSG00000275004	MANE Select canonical	ENSG00000275004; ENSG00000277421
ZNF311	7	ENSG00000197935	MANE Select canonical	ENSG00000169260; ENSG00000197935; ENSG00000223687; ENSG00000225351; ENSG00000233831; ENSG00000235178; ENSG00000235589
ZNF35	2	ENSG00000169981	MANE Select canonical	ENSG00000169981; ENSG00000281306
ZNF43	2	ENSG00000198521	MANE Select canonical	ENSG00000198521; ENSG00000279566
ZNF430	2	ENSG00000118620	MANE Select canonical	ENSG00000118620; ENSG00000278780
ZNF436	2	ENSG00000125945	MANE Select canonical	ENSG00000125945; ENSG00000283009
ZNF496	2	ENSG00000162714	MANE Select canonical	ENSG00000162714; ENSG00000291884
ZNF501	2	ENSG00000186446	MANE Select canonical	ENSG00000186446; ENSG00000281661
ZNF502	2	ENSG00000196653	MANE Select canonical	ENSG00000196653; ENSG00000281448
ZNF546	2	ENSG00000187187	MANE Select canonical	ENSG00000187187; ENSG00000281526
ZNF558	2	ENSG00000167785	MANE Select canonical	ENSG00000167785; ENSG00000291737
ZNF598	2	ENSG00000292232	MANE Select canonical	ENSG00000167962; ENSG00000292232
ZNF623	2	ENSG00000183309	MANE Select canonical	ENSG00000183309; ENSG00000276340
ZNF66	2	ENSG00000160229	MANE Select canonical	ENSG00000160229; ENSG00000275050
ZNF660	2	ENSG00000144792	MANE Select canonical	ENSG00000144792; ENSG00000280661
ZNF676	2	ENSG00000196109	MANE Select canonical	ENSG00000196109; ENSG00000276219
ZNF705B	2	ENSG00000215356	MANE Select canonical	ENSG00000215356; ENSG00000285286
ZNF705D	2	ENSG00000215343	MANE Select canonical	ENSG00000215343; ENSG00000285124
ZNF705G	3	ENSG00000215372	MANE Select canonical	ENSG00000215372; ENSG00000274195; ENSG00000292386
ZNF707	2	ENSG00000181135	MANE Select canonical	ENSG00000181135; ENSG00000274352
ZNF724	2	ENSG00000196081	MANE Select canonical	ENSG00000196081; ENSG00000283201
ZNF729	2	ENSG00000196350	MANE Select canonical	ENSG00000196350; ENSG00000279552
ZNF780A	2	ENSG00000197782	MANE Select canonical	ENSG00000197782; ENSG00000280568
ZNF780B	2	ENSG00000128000	MANE Select canonical	ENSG00000128000; ENSG00000281601
ZNF85	2	ENSG00000105750	MANE Select canonical	ENSG00000105750; ENSG00000278091
ZNF852	2	ENSG00000178917	gnomAD-recognized or lowest Ensembl ID	ENSG00000178917; ENSG00000281626
ZNHIT3	2	ENSG00000273611	MANE Select canonical	ENSG00000273611; ENSG00000278574
ZP2	2	ENSG00000103310	MANE Select canonical	ENSG00000103310; ENSG00000284588
ZSCAN2	2	ENSG00000176371	MANE Select canonical	ENSG00000176371; ENSG00000291625
ZSWIM4	2	ENSG00000132003	MANE Select canonical	ENSG00000132003; ENSG00000288360
ZYX	2	ENSG00000159840	MANE Select canonical	ENSG00000159840; ENSG00000285443
