Gene_Name,mantis_ml_proba,mantis_ml_perc,known_gene
IFT140,0.999930882311293,100.0,1.0
USH1C,0.9999052889326644,99.99463116074305,1.0
RPGRIP1,0.9998996223141713,99.9892623214861,1.0
BBS1,0.9998977841955075,99.98389348222915,1.0
NPHP1,0.9998929761781943,99.97852464297219,1.0
AHI1,0.9998681677252929,99.97315580371524,1.0
PROM1,0.999862612465377,99.96778696445828,1.0
IFT122,0.9998506869190096,99.96241812520134,1.0
BBS2,0.9998506804909144,99.95704928594438,1.0
RP1,0.9998319517431685,99.95168044668743,1.0
PDE6B,0.999819451098579,99.94631160743047,1.0
SPATA7,0.9998020607902287,99.94094276817353,1.0
CDON,0.9997932043094359,99.93557392891657,0.0
USH1G,0.9997808352759169,99.93020508965962,1.0
GNAT2,0.999770363038215,99.92483625040266,1.0
IFT57,0.9997650451177037,99.91946741114572,0.0
MKKS,0.9997393577177199,99.91409857188876,1.0
WDR19,0.9997050340647788,99.90872973263181,1.0
BBS10,0.99969442765855,99.90336089337485,1.0
MERTK,0.9996936053339499,99.8979920541179,1.0
RHO,0.9996854422134156,99.89262321486095,1.0
BBS7,0.9996801624019782,99.887254375604,1.0
ABCA4,0.9996774946710242,99.88188553634704,1.0
ARL6,0.999652776874187,99.8765166970901,1.0
CEP290,0.9996271586654197,99.87114785783314,1.0
OPN4,0.9996043706931502,99.86577901857618,0.0
RPGRIP1L,0.9996031326055649,99.86041017931923,1.0
PDE6A,0.9996025953868628,99.85504134006227,1.0
CCDC66,0.9995890551574564,99.84967250080533,0.0
BBS4,0.9995730884813228,99.84430366154837,1.0
WDR35,0.9995415617014063,99.83893482229142,0.0
USH2A,0.9995162269298079,99.83356598303446,1.0
GRK1,0.9994667370290861,99.82819714377752,0.0
IFT172,0.9994587848496859,99.82282830452056,1.0
TULP3,0.9994452534044941,99.81745946526361,0.0
CC2D2A,0.9994331616497782,99.81209062600665,1.0
NPHP4,0.9994294178419302,99.8067217867497,1.0
LAMB2,0.9994015032984576,99.80135294749275,0.0
PDE6G,0.9993962737351485,99.7959841082358,1.0
RDH12,0.9993815423833732,99.79061526897884,1.0
TUB,0.9993761441046402,99.7852464297219,1.0
PCDH15,0.9993116379851777,99.77987759046493,1.0
B9D1,0.9992378652857501,99.77450875120799,1.0
RGS9,0.9991267667324099,99.76913991195103,0.0
AIPL1,0.9991249407935703,99.76377107269408,1.0
CNGB1,0.9991209264259387,99.75840223343712,1.0
ARHGEF15,0.9991104859059827,99.75303339418018,0.0
TRAF3IP1,0.9990858658373842,99.74766455492322,1.0
ROM1,0.9989569764426552,99.74229571566627,1.0
GNAT1,0.998899882062247,99.73692687640931,0.0
CNGB3,0.998839391809053,99.73155803715237,1.0
PDC,0.9987370950630533,99.72618919789541,0.0
RDH13,0.9986862358358806,99.72082035863846,0.0
RPE65,0.9986674424363349,99.71545151938152,1.0
POMGNT1,0.998657961483334,99.71008268012456,1.0
TULP1,0.9986514510955874,99.70471384086761,1.0
MFRP,0.9985648814102757,99.69934500161065,1.0
CNGA3,0.998517018420114,99.6939761623537,1.0
ARR3,0.9984985371586896,99.68860732309675,0.0
LHFPL5,0.9984832700934622,99.6832384838398,0.0
SDC4,0.9984326415660847,99.67786964458284,0.0
TSPAN12,0.9983864990856306,99.6725008053259,1.0
CABP4,0.9983044139449812,99.66713196606894,1.0
NEUROD1,0.9982897309874561,99.66176312681199,0.0
MYO7A,0.9982708018150185,99.65639428755503,1.0
FZD6,0.9980694876025431,99.65102544829809,0.0
UNC45A,0.9980570594510667,99.64565660904113,0.0
BBS12,0.997979609864127,99.64028776978418,1.0
IFT52,0.9979448508349403,99.63491893052722,0.0
NAGLU,0.9978864148457826,99.62955009127027,0.0
RLBP1,0.9978763179377713,99.62418125201332,1.0
FAM161A,0.9977876891959568,99.61881241275637,1.0
SAG,0.9977488447845297,99.61344357349941,1.0
KIF27,0.9976198473480073,99.60807473424246,0.0
RP2,0.9976094952427452,99.6027058949855,1.0
BMPER,0.9975762843046162,99.59733705572856,0.0
MKS1,0.997475849163288,99.5919682164716,1.0
RPGR,0.9974563019301508,99.58659937721464,1.0
GRM6,0.9974154754186435,99.5812305379577,0.0
CLN8,0.9972669681468942,99.57586169870073,0.0
OPN1LW,0.9972653924903758,99.57049285944379,1.0
ITGA8,0.9970469546246973,99.56512402018683,0.0
TTC8,0.9970407025614394,99.55975518092988,1.0
SERPINF1,0.9970276119406968,99.55438634167292,0.0
BBS5,0.9970030571350049,99.54901750241598,1.0
NDUFA8,0.996869383151471,99.54364866315902,0.0
NDUFB8,0.9968512684968525,99.53827982390207,0.0
TRPM1,0.9967835470735608,99.53291098464511,1.0
WDPCP,0.9967334435123687,99.52754214538817,1.0
NXNL2,0.9967259410498752,99.52217330613121,0.0
PLOD3,0.996688626481097,99.51680446687426,0.0
NDUFS6,0.9966834260265822,99.5114356276173,0.0
PSEN2,0.9966589081092119,99.50606678836036,0.0
TGIF2,0.9966303819896887,99.5006979491034,0.0
CLIC4,0.9966039467175317,99.49532910984645,0.0
CDH23,0.9965969865434896,99.48996027058949,1.0
IMPDH1,0.9964695636639447,99.48459143133255,1.0
DNAH5,0.9964323810951635,99.47922259207559,0.0
NDUFV1,0.996368486776615,99.47385375281864,1.0
PPT2,0.9961762794396851,99.46848491356168,0.0
CDK5RAP2,0.9960029058592401,99.46311607430474,0.0
ERCC6,0.9959987347495735,99.45774723504778,1.0
CLCN2,0.9959895900908698,99.45237839579083,0.0
IFT46,0.9959075588508943,99.44700955653387,0.0
POMT1,0.9958953395625804,99.44164071727693,1.0
SMO,0.9958698783005033,99.43627187801998,0.0
PROM2,0.9957820758460818,99.43090303876302,0.0
GPI,0.9957750266864732,99.42553419950607,0.0
DSCAM,0.9957644005083562,99.42016536024911,0.0
BOC,0.995727150296022,99.41479652099217,0.0
TH,0.9956229654443153,99.40942768173521,0.0
OPN1SW,0.9953926862261891,99.40405884247826,1.0
ECE2,0.9952117739110278,99.3986900032213,0.0
NDUFV2,0.9951805981935645,99.39332116396436,1.0
IFT80,0.9950391638380995,99.3879523247074,0.0
SMARCA4,0.9949651132464512,99.38258348545045,0.0
PEX13,0.9947587722500244,99.3772146461935,1.0
SDK2,0.9947545088279115,99.37184580693655,0.0
POU4F2,0.994752789428522,99.36647696767959,0.0
PDGFRB,0.9947150058942279,99.36110812842264,0.0
IFT43,0.9946459960557311,99.35573928916568,0.0
DYNC2H1,0.9945880552766668,99.35037044990874,0.0
CDHR1,0.9945144526178996,99.34500161065178,1.0
KIF7,0.9944236435707692,99.33963277139483,0.0
RDH11,0.9944103306580745,99.33426393213787,1.0
PTN,0.9943087686872442,99.32889509288091,0.0
VLDLR,0.9941576350128433,99.32352625362397,0.0
IFT88,0.9941274371955897,99.31815741436701,1.0
IFT27,0.9940983944250789,99.31278857511006,1.0
LRP6,0.9940620560478255,99.3074197358531,0.0
ATG5,0.9940418022648819,99.30205089659616,0.0
GUCY2F,0.9940398449559062,99.2966820573392,0.0
COL9A1,0.9940335335581089,99.29131321808225,1.0
CEP135,0.9939486660304654,99.28594437882529,0.0
LPCAT1,0.9939155239901553,99.28057553956835,0.0
ATP8A2,0.9939087744573236,99.27520670031139,0.0
TCTN2,0.993850229357056,99.26983786105444,1.0
FAT4,0.9936715783816407,99.26446902179748,0.0
NRP1,0.9936186765430352,99.25910018254054,0.0
RBP1,0.9934439749963329,99.25373134328358,0.0
HTT,0.9933899503803204,99.24836250402663,0.0
STRA6,0.993330000869804,99.24299366476967,0.0
FREM2,0.9932575385789024,99.23762482551273,0.0
TGFBI,0.9930582341888543,99.23225598625577,0.0
NTRK2,0.9930475021407918,99.22688714699882,0.0
NDUFB4,0.9929619859988211,99.22151830774186,0.0
GLI2,0.9929048327006248,99.21614946848491,0.0
GUSB,0.9926142882176073,99.21078062922795,0.0
GPR98,0.9925433221422872,99.20541178997101,0.0
GUCY2D,0.9925101663139938,99.20004295071405,1.0
CACNA1F,0.992321869800888,99.1946741114571,1.0
NPHP3,0.9920987655936689,99.18930527220014,1.0
NOTCH1,0.991926632089329,99.1839364329432,0.0
CEP250,0.9918682739507032,99.17856759368624,0.0
BBS9,0.991814622108855,99.1731987544293,1.0
TBCE,0.9917733898999936,99.16782991517235,0.0
STAT3,0.9917499899332902,99.16246107591539,1.0
CYP1B1,0.9917481217066658,99.15709223665844,1.0
NDUFS1,0.9917007381679279,99.15172339740148,1.0
BAX,0.9916916541289751,99.14635455814454,0.0
TTC21B,0.9915314042763866,99.14098571888758,1.0
FZD4,0.991494506442047,99.13561687963063,1.0
GUCA1A,0.9914086570769882,99.13024804037367,1.0
SDHB,0.9911384733062547,99.12487920111673,1.0
CNGA1,0.9909513282281306,99.11951036185977,1.0
MED1,0.9909456248575428,99.11414152260282,0.0
NDUFS4,0.9909125457175764,99.10877268334586,1.0
DDC,0.9907000123032608,99.10340384408892,0.0
F2R,0.990617317002957,99.09803500483196,0.0
CRB1,0.9903503181672488,99.09266616557501,1.0
PITX3,0.9903322873571787,99.08729732631805,0.0
COL4A1,0.9903075255345847,99.0819284870611,1.0
IVD,0.9902572876586693,99.07655964780415,0.0
MAN2A1,0.9901701286052423,99.0711908085472,0.0
PSEN1,0.9901304818759931,99.06582196929024,0.0
PTGS1,0.9900637930679842,99.0604531300333,0.0
BMPR2,0.9900032512187209,99.05508429077634,0.0
TFAP2B,0.9899030792634622,99.04971545151938,0.0
DVL2,0.9897908806796039,99.04434661226243,0.0
HSPB11,0.98930788114417,99.03897777300547,0.0
EPHA2,0.9892238245015561,99.03360893374852,0.0
DHRS3,0.9891828729026046,99.02824009449157,0.0
RHOJ,0.9891785948055813,99.02287125523462,0.0
PCNT,0.9891739302642412,99.01750241597766,0.0
CELSR1,0.9891406826756972,99.01213357672071,0.0
ATP2B1,0.9891140072585859,99.00676473746375,0.0
HIPK1,0.9891106247866001,99.00139589820681,0.0
RP1L1,0.9890944630800101,98.99602705894985,1.0
GNGT1,0.9890680014239412,98.9906582196929,0.0
C2CD3,0.9890078728745552,98.98528938043594,0.0
SLC24A1,0.9889989123757713,98.979920541179,0.0
SDCCAG8,0.9889827922330693,98.97455170192204,1.0
OTOF,0.9889625796214168,98.9691828626651,0.0
NDP,0.988892395412128,98.96381402340813,1.0
GPD2,0.9888725397020034,98.95844518415119,0.0
SOS1,0.9888304645602461,98.95307634489423,0.0
IQCB1,0.9887333857739656,98.94770750563728,1.0
SLC7A11,0.9886667392453674,98.94233866638032,0.0
CRYBB2,0.9886032824938592,98.93696982712338,0.0
ARL3,0.9885265561921774,98.93160098786642,1.0
TRPA1,0.9885248992702538,98.92623214860947,0.0
MAP1B,0.9885098496224941,98.92086330935251,0.0
IGF1,0.9884308402335714,98.91549447009557,0.0
CLUAP1,0.988415843208152,98.9101256308386,0.0
ARID1A,0.9882943340972764,98.90475679158166,0.0
DVL1,0.9882517885498464,98.8993879523247,0.0
IMPDH2,0.9881581661914502,98.89401911306776,0.0
SLC17A8,0.9881413636500456,98.88865027381081,0.0
PHACTR4,0.9881179558169537,98.88328143455385,0.0
RGS9BP,0.98805071399557,98.8779125952969,0.0
BEST2,0.9879665672238538,98.87254375603995,0.0
BFSP1,0.9879442619732997,98.867174916783,0.0
TPI1,0.9879423668830114,98.86180607752604,0.0
VAX2,0.9878468695486102,98.8564372382691,0.0
ACSL5,0.987824839363394,98.85106839901214,0.0
RDH5,0.9877544284486633,98.84569955975519,0.0
KIF14,0.9877277960337076,98.84033072049823,0.0
BMPR1B,0.9877129219574574,98.83496188124128,0.0
LRIG2,0.9874011153006732,98.82959304198432,0.0
EML2,0.9872984617604178,98.82422420272738,0.0
NDUFS5,0.9871487119855237,98.81885536347042,0.0
RORB,0.9870240246599955,98.81348652421347,0.0
GLI3,0.9870072718613725,98.80811768495651,0.0
PAX6,0.9869333237417982,98.80274884569957,1.0
RBP3,0.9867794272005916,98.79738000644261,1.0
TMPRSS3,0.9866924360812723,98.79201116718565,0.0
LPL,0.9866637397271414,98.7866423279287,1.0
RS1,0.9866510462780071,98.78127348867174,1.0
WNT5A,0.9863184923555393,98.7759046494148,0.0
JMJD6,0.9861033748173063,98.77053581015784,0.0
ARL2,0.9860599268169811,98.76516697090089,0.0
PFDN5,0.9860126086475389,98.75979813164393,0.0
STK36,0.9857673336345835,98.75442929238699,0.0
TOR1AIP1,0.9857521770925223,98.74906045313003,0.0
LAMA2,0.9857221731782975,98.74369161387308,0.0
HMCN1,0.9856450989628357,98.73832277461612,0.0
MLH1,0.985302464918275,98.73295393535918,0.0
NR2E1,0.9852829354916766,98.72758509610222,0.0
CALB1,0.9850928118918496,98.72221625684527,0.0
EYA4,0.9849856470025948,98.71684741758831,0.0
PMM2,0.9848576754047054,98.71147857833137,0.0
AGL,0.9848271730741714,98.7061097390744,0.0
BMP2,0.9846476592494934,98.70074089981746,0.0
B9D2,0.9843593324630929,98.6953720605605,1.0
HMGCL,0.984022376989196,98.69000322130356,0.0
NDUFB10,0.9839610581376295,98.6846343820466,0.0
PDE6D,0.9838402218821617,98.67926554278965,1.0
PDHX,0.983738669138528,98.67389670353269,0.0
ARL13B,0.983731731608621,98.66852786427575,1.0
ATOH1,0.9836596561652705,98.66315902501879,0.0
PFAS,0.9836152600898375,98.65779018576184,0.0
JAG1,0.9835523068563429,98.65242134650488,1.0
TMEM231,0.9835275241188516,98.64705250724793,1.0
TMC1,0.9834850047299509,98.64168366799097,0.0
COL1A1,0.9834420895180968,98.63631482873403,0.0
CRX,0.9832972199179031,98.63094598947707,1.0
TIMMDC1,0.983248567005712,98.62557715022012,0.0
ITGB4,0.9832291621081863,98.62020831096316,0.0
ESPN,0.9830185754059307,98.61483947170622,0.0
CYB5R3,0.9823603608494358,98.60947063244927,0.0
CCP110,0.9823169182788577,98.60410179319231,0.0
COL5A1,0.9822831668792847,98.59873295393537,0.0
INVS,0.9820920202581268,98.59336411467841,1.0
NDUFA5,0.9820449326196444,98.58799527542146,0.0
FSCN2,0.9818825680533508,98.5826264361645,1.0
RANBP2,0.9818035923956809,98.57725759690756,0.0
MBD4,0.9816986911305804,98.5718887576506,0.0
HIF1A,0.9816117646380078,98.56651991839365,0.0
MIP,0.9815044146875687,98.56115107913669,0.0
GAS6,0.9815020283639854,98.55578223987975,0.0
MPV17,0.9814294543379815,98.55041340062279,0.0
IFT81,0.9812305656697958,98.54504456136584,0.0
NDUFS8,0.9812199873735232,98.53967572210888,1.0
THBS1,0.9811025464282361,98.53430688285194,0.0
IFT74,0.9810697488486472,98.52893804359498,0.0
DPH1,0.9810183239988565,98.52356920433803,0.0
PEX5,0.9809915440362373,98.51820036508107,1.0
MYH10,0.9809752288457853,98.51283152582411,0.0
CTHRC1,0.980834613388371,98.50746268656717,0.0
NTRK3,0.9807432875158468,98.5020938473102,0.0
SOD1,0.9805951568674672,98.49672500805326,0.0
CLCC1,0.9805766099079071,98.4913561687963,0.0
SIX3,0.9804029632732407,98.48598732953934,0.0
PLA2G6,0.9803898400351698,98.4806184902824,0.0
ILK,0.9801223119873343,98.47524965102545,0.0
NXNL1,0.980074987354097,98.46988081176849,0.0
KIF20B,0.9799917704319618,98.46451197251154,0.0
MCOLN3,0.9799873611421754,98.45914313325459,0.0
NHS,0.9799627813462586,98.45377429399764,0.0
DCHS1,0.979893965382303,98.44840545474068,0.0
ECH1,0.9798098288922498,98.44303661548373,0.0
GALNS,0.9796765737681439,98.43766777622677,0.0
SDC1,0.9796352889621396,98.43229893696983,0.0
TTC26,0.9796146445891937,98.42693009771287,0.0
LRBA,0.9795416516296382,98.42156125845592,0.0
RBP4,0.9792473382075865,98.41619241919896,1.0
SALL1,0.9790910411014835,98.41082357994202,1.0
SP3,0.978727922691198,98.40545474068506,0.0
NUBP1,0.9787201988904833,98.40008590142811,0.0
BFSP2,0.9786792258764214,98.39471706217115,0.0
THY1,0.97867292958123,98.38934822291421,0.0
PEX11A,0.9786137600802662,98.38397938365725,0.0
PDE4C,0.9785896772405325,98.3786105444003,0.0
COL4A3,0.9785526759437051,98.37324170514334,0.0
LAMC3,0.9785507242922504,98.3678728658864,0.0
TIMM9,0.978454118027037,98.36250402662944,0.0
LRIG1,0.9783768938572857,98.35713518737249,0.0
KRT14,0.9782515747499373,98.35176634811553,0.0
FRS2,0.9780966926249614,98.34639750885859,0.0
MARVELD2,0.9779501567057599,98.34102866960163,0.0
LDLR,0.977782042734862,98.33565983034468,0.0
ATP8B1,0.9777512719698052,98.33029099108774,0.0
COL5A2,0.9775516115783247,98.32492215183078,0.0
CRYAA,0.9773632962002295,98.31955331257383,0.0
CPT1B,0.9772942596342947,98.31418447331687,0.0
NDUFB7,0.9771893902172805,98.30881563405993,0.0
MDM1,0.976898095905321,98.30344679480297,0.0
HADHB,0.9768704957809804,98.29807795554602,0.0
BCKDHB,0.9768047246763445,98.29270911628906,0.0
ZMPSTE24,0.9767937333527396,98.28734027703211,0.0
ARHGAP35,0.9764056662349543,98.28197143777516,0.0
PAX2,0.9763947685730554,98.27660259851821,1.0
CRYGS,0.9763141693190927,98.27123375926125,0.0
FAT1,0.9762764095308984,98.2658649200043,0.0
ATP6V0A4,0.9762588459277669,98.26049608074734,0.0
NSDHL,0.9760772929258339,98.25512724149038,0.0
IFT20,0.9760149847160561,98.24975840223344,0.0
FTH1,0.9757943836613852,98.24438956297648,0.0
ERCC2,0.9757538105745958,98.23902072371953,1.0
HOXA2,0.975466764219312,98.23365188446257,0.0
CEP164,0.9754332238957191,98.22828304520563,1.0
SELE,0.9754057380918868,98.22291420594867,0.0
CACNB2,0.9754050469160285,98.21754536669172,0.0
KLF4,0.9752808035704149,98.21217652743476,0.0
SIX6,0.9751972635214387,98.2068076881778,1.0
TRIOBP,0.9751733097077935,98.20143884892086,0.0
DNASE1,0.9751348307314641,98.19607000966391,0.0
GPSM2,0.9751154129116415,98.19070117040695,0.0
TTLL5,0.9749835304308011,98.18533233115001,1.0
TOPORS,0.9749771750973958,98.17996349189305,1.0
NDUFAF3,0.9748760923266951,98.1745946526361,0.0
RCVRN,0.9748040416688086,98.16922581337914,0.0
HESX1,0.9746892277970733,98.1638569741222,0.0
JAG2,0.9745325535742516,98.15848813486524,0.0
CROCC,0.9744340943333212,98.15311929560829,0.0
PEX1,0.9743773246761529,98.14775045635133,1.0
BGN,0.9742914544045258,98.14238161709439,0.0
ALDH1A3,0.9736182620235478,98.13701277783743,0.0
CIB2,0.9736033236561545,98.13164393858048,1.0
SDHA,0.9734293852271763,98.12627509932352,1.0
SOX9,0.9733669832868721,98.12090626006658,0.0
DZIP1L,0.9730759258224875,98.11553742080962,0.0
HSPB8,0.973027633604592,98.11016858155267,0.0
MYH9,0.9729969696101947,98.10479974229571,0.0
ROR2,0.9726329579481094,98.09943090303877,0.0
ALKBH1,0.97257455221302,98.0940620637818,0.0
ARSK,0.9724639603812972,98.08869322452486,0.0
PPT1,0.9724359588041821,98.0833243852679,1.0
NRL,0.9724042826452373,98.07795554601095,1.0
TTBK2,0.972141253074275,98.072586706754,0.0
DLL1,0.9720256664387327,98.06721786749705,0.0
SLC26A4,0.9719516369448588,98.06184902824009,1.0
HPS1,0.9718702810698735,98.05648018898314,0.0
ECD,0.9716902633859952,98.0511113497262,0.0
SCLT1,0.9716299404108855,98.04574251046924,0.0
STAMBP,0.9715642690280353,98.0403736712123,0.0
VEGFA,0.97150251586833,98.03500483195533,0.0
NFKBIZ,0.9714986423548474,98.02963599269839,0.0
NDUFB9,0.9714600930529598,98.02426715344143,0.0
INTU,0.9714109760963424,98.01889831418448,0.0
LRP5,0.9713321618456702,98.01352947492752,1.0
ATMIN,0.9713114960330735,98.00816063567058,0.0
PIK3C3,0.9711158612029726,98.00279179641362,0.0
SOAT1,0.9709047692977405,97.99742295715667,0.0
COX6C,0.9707253545678558,97.99205411789971,0.0
LRIG3,0.9706444831375087,97.98668527864277,0.0
DDR1,0.9700431552259026,97.98131643938581,0.0
ATP2B4,0.9699732891096357,97.97594760012885,0.0
COX7C,0.9699544440744703,97.9705787608719,0.0
CNTRL,0.9698092897885804,97.96520992161494,0.0
RARB,0.9696392397057816,97.959841082358,0.0
RD3,0.969493155946616,97.95447224310104,1.0
INPP5E,0.9691473061859573,97.94910340384408,1.0
COL11A1,0.9688376369011706,97.94373456458713,1.0
NBAS,0.9687991663804315,97.93836572533017,0.0
NIPBL,0.9687908620062388,97.93299688607323,0.0
CDKAL1,0.9686035280916991,97.92762804681627,0.0
PKNOX1,0.9684788033602795,97.92225920755932,0.0
WRN,0.9683052585667943,97.91689036830238,1.0
SP1,0.9682003565372403,97.91152152904542,0.0
GPX1,0.9681985002993188,97.90615268978847,0.0
SAV1,0.968162072017841,97.90078385053151,0.0
SIX4,0.9679837818567446,97.89541501127457,0.0
PAX3,0.9678743784268807,97.8900461720176,0.0
GNAS,0.9676593470500323,97.88467733276066,0.0
ACAD9,0.9674583934115022,97.8793084935037,0.0
NDUFA6,0.9670260627207485,97.87393965424675,0.0
NDUFC1,0.9669976122807163,97.8685708149898,0.0
CTNS,0.9669506771205608,97.86320197573285,1.0
FGFR3,0.9668473433473416,97.85783313647589,0.0
ITGB1BP1,0.9666583264246249,97.85246429721894,0.0
KIT,0.9664887081606557,97.84709545796198,0.0
ITGA2,0.9663109780499772,97.84172661870504,0.0
EPHB2,0.9662977777466015,97.83635777944808,0.0
CRYBA2,0.9660630784072245,97.83098894019113,0.0
DUOX2,0.9659081888589374,97.82562010093417,0.0
NF1,0.965765405296575,97.82025126167723,0.0
TRRAP,0.9655537240010375,97.81488242242027,0.0
ADSL,0.9655275879765289,97.80951358316332,0.0
HMBS,0.9654034435254258,97.80414474390636,0.0
CRYAB,0.9653735200096204,97.79877590464942,0.0
BRCA2,0.9652266189864944,97.79340706539246,0.0
KIAA0556,0.9650378355854166,97.78803822613551,0.0
ALMS1,0.9650278612716385,97.78266938687857,1.0
SLC26A5,0.9646819884406618,97.7773005476216,0.0
OAT,0.9646102495579888,97.77193170836466,1.0
IL4,0.9640160147013462,97.7665628691077,0.0
NOS1,0.9636014449053955,97.76119402985076,0.0
MYO5A,0.9630934778819702,97.7558251905938,1.0
ADCY3,0.9628411176592223,97.75045635133685,0.0
MBTPS1,0.9626614890159934,97.74508751207989,0.0
CD36,0.9625797548277223,97.73971867282295,0.0
PROX1,0.9625370056704139,97.73434983356599,0.0
MAPK3,0.9622680071734496,97.72898099430904,0.0
DNAJC16,0.9620802322289936,97.72361215505208,0.0
DBT,0.9617182310181525,97.71824331579512,0.0
LAMB1,0.9616774587232196,97.71287447653818,0.0
KIAA1109,0.9612531736996706,97.70750563728122,0.0
TGFB2,0.9611461426910252,97.70213679802427,0.0
FBXO11,0.96097450299036,97.69676795876731,0.0
SLC22A4,0.9606894952929244,97.69139911951036,0.0
TFAP2A,0.9602999295650518,97.6860302802534,1.0
CLN6,0.9601015110224858,97.68066144099646,1.0
LIF,0.9598180172154442,97.6752926017395,0.0
PEX3,0.9597379976945029,97.66992376248254,1.0
WDR60,0.9595568465795395,97.6645549232256,0.0
ZDHHC16,0.9594341958982222,97.65918608396863,0.0
BSN,0.9590391292772903,97.65381724471169,0.0
SOX8,0.9588897447192825,97.64844840545473,0.0
LUM,0.9587173660679683,97.64307956619778,0.0
PTK7,0.9587079617411197,97.63771072694084,0.0
HIPK2,0.9586592219350909,97.63234188768388,0.0
ADCYAP1,0.95838079158519,97.62697304842693,0.0
COX17,0.9583012798389229,97.62160420916997,0.0
NCOR1,0.9582291230226726,97.61623536991303,0.0
TWSG1,0.9582179550464165,97.61086653065607,0.0
TP53BP2,0.9581785043106356,97.60549769139912,0.0
TIMM50,0.9580032039617971,97.60012885214216,0.0
ERCC8,0.9579638012828933,97.59476001288522,1.0
ATRX,0.9579341096579037,97.58939117362826,0.0
FOPNL,0.9576481522561588,97.58402233437131,0.0
NDUFA4,0.9575941870462795,97.57865349511435,1.0
PLXND1,0.9575665683704114,97.5732846558574,0.0
MCCC2,0.9575593896893462,97.56791581660045,0.0
CTNNB1,0.9574444843755877,97.5625469773435,1.0
GRK4,0.9574178764105958,97.55717813808654,0.0
BMP4,0.9573641967856328,97.5518092988296,1.0
RAB23,0.9571233959249572,97.54644045957264,0.0
PPP1R13L,0.9566849487801816,97.54107162031569,0.0
SBDS,0.9565762501351271,97.53570278105873,0.0
CEP97,0.9564962848791059,97.53033394180179,0.0
DNM1,0.9561704966596596,97.52496510254483,0.0
GJA1,0.9559661676157741,97.51959626328788,0.0
PDGFRA,0.955964532532164,97.51422742403092,0.0
PTPN11,0.9559049591248124,97.50885858477398,0.0
PTCH1,0.9558631577846864,97.50348974551703,1.0
HOXB2,0.9555789805688807,97.49812090626007,0.0
FGFR1OP,0.9555154617326297,97.49275206700312,0.0
EPAS1,0.9554931314858255,97.48738322774616,0.0
ID1,0.9552471893299558,97.48201438848922,0.0
VSX2,0.9552347293098851,97.47664554923226,0.0
CRYGD,0.9551812427946127,97.47127670997531,0.0
FOXN4,0.9551795948181405,97.46590787071835,0.0
ATP6V1B1,0.9549469279616958,97.46053903146141,0.0
COL4A2,0.9547902084265839,97.45517019220445,0.0
RAX,0.9546237783638307,97.4498013529475,0.0
PRC1,0.9544346793402487,97.44443251369054,0.0
MYO1C,0.9542519946350142,97.43906367443358,0.0
COCH,0.9541793719746919,97.43369483517664,1.0
PGAP1,0.9541309391956637,97.42832599591968,1.0
RDX,0.9540974029055738,97.42295715666273,0.0
SCO1,0.9539080046263846,97.41758831740577,1.0
COX4I1,0.9538868643058199,97.41221947814881,0.0
SLC25A13,0.9536764144231474,97.40685063889187,0.0
BCR,0.953659942263726,97.40148179963491,0.0
TTLL1,0.9534593073220377,97.39611296037796,0.0
HSD17B4,0.9532684998324769,97.390744121121,1.0
NOSTRIN,0.9532484082876955,97.38537528186406,0.0
FGF20,0.953229237006781,97.3800064426071,0.0
NDUFC2,0.9531746491278994,97.37463760335015,0.0
LUZP1,0.9529155684351671,97.36926876409319,0.0
EDNRA,0.9527378312328523,97.36389992483625,0.0
MAP1LC3B,0.9525555062546133,97.3585310855793,0.0
CASP6,0.9524853322981087,97.35316224632234,0.0
POMT2,0.9524732890214226,97.3477934070654,1.0
ZEB1,0.9523364863537663,97.34242456780844,0.0
ACD,0.9523275736576675,97.33705572855149,0.0
PDGFA,0.9519960427585478,97.33168688929453,0.0
NDUFA12,0.9519090672081112,97.32631805003759,1.0
LEP,0.9517151075600218,97.32094921078063,0.0
DHX35,0.9516562742466647,97.31558037152368,0.0
KRT4,0.9516518452314433,97.31021153226672,0.0
LBR,0.9515823480346992,97.30484269300977,0.0
CCDC40,0.9513859796109305,97.29947385375281,0.0
FBN2,0.9513099043763985,97.29410501449587,0.0
LAMA5,0.951192900867081,97.28873617523891,0.0
TCTN1,0.9511732316118582,97.28336733598196,0.0
NOX3,0.9510632884688622,97.277998496725,0.0
PHOX2B,0.9510174774517184,97.27262965746806,0.0
F11R,0.950896288316071,97.2672608182111,0.0
SYNE1,0.9507465610721626,97.26189197895415,0.0
NCOA6,0.9503245476854971,97.2565231396972,0.0
DLG1,0.9502749744913576,97.25115430044025,0.0
KRT12,0.9502746163327315,97.24578546118329,0.0
ACHE,0.9502600207131678,97.24041662192634,0.0
REV3L,0.950229198375288,97.23504778266938,0.0
GJA8,0.949976930885587,97.22967894341244,0.0
TYRP1,0.9496004782201476,97.22431010415549,0.0
PEX11B,0.9495062857673165,97.21894126489853,1.0
GLRA1,0.949482534514211,97.21357242564159,0.0
TYR,0.9492979631483122,97.20820358638463,1.0
TF,0.9490487551454285,97.20283474712768,0.0
ALDH1A2,0.9490458795726967,97.19746590787072,0.0
NDUFB11,0.9487659009713557,97.19209706861378,1.0
SULF2,0.948645638679778,97.18672822935682,0.0
KRT10,0.9483779002063464,97.18135939009986,0.0
NDUFA9,0.948314818951425,97.17599055084291,1.0
HES1,0.9482977260084372,97.17062171158595,0.0
LIG4,0.9482815311264643,97.165252872329,0.0
MMADHC,0.9481619480499992,97.15988403307205,0.0
ACADVL,0.9480767825283832,97.1545151938151,0.0
ALDOC,0.9480257305741739,97.14914635455814,0.0
CENPJ,0.9479593351362675,97.1437775153012,0.0
NDST2,0.9477308377870044,97.13840867604424,0.0
POU4F3,0.9472893537551924,97.13303983678728,0.0
SUN1,0.947239356313516,97.12767099753033,0.0
SLITRK6,0.9470835844896575,97.12230215827337,0.0
ANKMY2,0.9470626353084937,97.11693331901643,0.0
ANKS6,0.9469463262189987,97.11156447975947,0.0
C3orf38,0.9469302276149275,97.10619564050252,0.0
F5,0.9467930584014617,97.10082680124556,0.0
RGR,0.9467169849706063,97.09545796198861,1.0
GRK7,0.9465029050903014,97.09008912273167,0.0
SPARC,0.9464812773350569,97.08472028347471,0.0
HEXA,0.9463717683725938,97.07935144421776,0.0
FKBP8,0.9462797104756667,97.0739826049608,0.0
DMD,0.9460219547207809,97.06861376570386,0.0
OSR2,0.9458217182426127,97.0632449264469,0.0
ATP6V1D,0.9454924479617922,97.05787608718995,0.0
SKI,0.9454919546090622,97.052507247933,0.0
ANKRD11,0.9451849213352096,97.04713840867605,0.0
FHOD1,0.9451813235151203,97.04176956941909,0.0
FASLG,0.9449799042194258,97.03640073016214,0.0
ASXL1,0.9449270811885286,97.03103189090518,1.0
NEK8,0.9448978597860412,97.02566305164824,0.0
HES5,0.9444799079880809,97.02029421239128,0.0
ETFDH,0.9444320604172842,97.01492537313433,0.0
AXIN1,0.944168281373624,97.00955653387737,0.0
MEIS1,0.9441216049365835,97.00418769462043,0.0
ITPR3,0.9440770232666358,96.99881885536347,0.0
HSF4,0.9440702493108442,96.99345001610652,0.0
LMO7,0.9438670311857255,96.98808117684956,0.0
ITGB1,0.9436983912177276,96.98271233759262,0.0
EDNRB,0.9433410197864882,96.97734349833566,0.0
BDP1,0.9432572002159599,96.97197465907871,0.0
VANGL2,0.94301833615766,96.96660581982175,0.0
WDR11,0.9426621128897441,96.9612369805648,0.0
CHD7,0.9425418084177779,96.95586814130785,1.0
PRRX1,0.9424492857051595,96.9504993020509,0.0
BMS1,0.9417388755088278,96.94513046279395,0.0
LMAN1,0.941723477595192,96.939761623537,0.0
DPCD,0.9414908495148783,96.93439278428005,0.0
LRP2,0.9413482439681272,96.92902394502309,1.0
PRMT3,0.9412171311775734,96.92365510576614,0.0
CDK4,0.9411147730643336,96.91828626650918,0.0
APOB,0.9410279094897199,96.91291742725224,1.0
NOA1,0.940707440424027,96.90754858799528,0.0
CACNA2D4,0.9406881945207094,96.90217974873832,1.0
MEIS2,0.9405365118867337,96.89681090948137,0.0
NDUFB6,0.940292167687774,96.89144207022441,0.0
SMOC1,0.9401994952557198,96.88607323096747,0.0
NDST1,0.9401910405397574,96.88070439171051,0.0
ANXA3,0.9401371762470628,96.87533555245355,0.0
CRY1,0.9400660547432749,96.8699667131966,0.0
EFEMP1,0.9400645200278223,96.86459787393964,1.0
MCPH1,0.9400175609597321,96.8592290346827,0.0
LCA5,0.9398854469618568,96.85386019542574,1.0
PEX26,0.9398351459844936,96.8484913561688,1.0
SH3BP2,0.9398092207999816,96.84312251691183,0.0
OPN1MW2,0.9397661114300175,96.83775367765489,0.0
FAM20B,0.9397150993242269,96.83238483839793,0.0
PANK2,0.9396117231191172,96.82701599914098,1.0
NES,0.9395470409678097,96.82164715988402,0.0
SNAP29,0.9389786150459198,96.81627832062708,0.0
RINT1,0.9389094343554809,96.81090948137013,0.0
BUB1B,0.9389019368571041,96.80554064211317,0.0
ATM,0.9388703891043815,96.80017180285623,0.0
SH3PXD2B,0.9388581850497368,96.79480296359927,0.0
ANGPTL4,0.9385087570553614,96.78943412434232,0.0
COL2A1,0.9384142258682348,96.78406528508536,1.0
NDUFB2,0.9383183779217837,96.77869644582842,0.0
NDUFB1,0.9382852885924085,96.77332760657146,0.0
SLC4A7,0.9379542070578475,96.76795876731451,0.0
SRC,0.9378456820094655,96.76258992805755,0.0
ICAM1,0.9378006227451097,96.7572210888006,0.0
UNC45B,0.9377011346088528,96.75185224954365,0.0
CNDP2,0.9376766823873165,96.7464834102867,0.0
LAMA4,0.937586177543932,96.74111457102974,0.0
PCYT1A,0.937528491619499,96.7357457317728,1.0
SUPV3L1,0.9374153721827758,96.73037689251584,0.0
SEC24B,0.9371708843554553,96.72500805325889,0.0
C5orf42,0.9367329460867557,96.71963921400193,0.0
RTTN,0.936591710088271,96.71427037474498,0.0
ECSIT,0.9365379961485448,96.70890153548802,0.0
PCSK1,0.9365066180781199,96.70353269623108,0.0
TBC1D5,0.9364574433193507,96.69816385697412,0.0
MAB21L1,0.9363027508145896,96.69279501771717,0.0
SCO2,0.93627540411432,96.68742617846021,0.0
SALL2,0.9360606353238857,96.68205733920327,0.0
NDUFS7,0.9360200024908275,96.67668849994631,1.0
COX7A2L,0.9358690494690405,96.67131966068936,0.0
VPS13D,0.9358084217888596,96.66595082143242,0.0
NAV2,0.9357119273527272,96.66058198217546,0.0
SGSH,0.9356512295079525,96.65521314291851,0.0
BEST1,0.9355293294058793,96.64984430366155,1.0
CRYBA1,0.9353832500231614,96.6444754644046,0.0
SUPT20H,0.9351991699635723,96.63910662514765,0.0
TOR1A,0.9351034934158378,96.63373778589069,0.0
NEUROD4,0.9350889683866452,96.62836894663374,0.0
MLPH,0.9350366080870052,96.62300010737678,0.0
CUL7,0.9346919101799708,96.61763126811984,0.0
BAK1,0.9346576031480673,96.61226242886288,0.0
TSHZ1,0.9343478319172546,96.60689358960593,0.0
FGF9,0.9341542965916071,96.60152475034897,0.0
MYF5,0.9340793450191235,96.59615591109201,0.0
PLP2,0.9339483297216524,96.59078707183507,0.0
RARA,0.9338891520329756,96.5854182325781,0.0
FANCD2,0.9331147653783383,96.58004939332116,0.0
SLC45A2,0.93295216836688,96.5746805540642,0.0
SLC17A5,0.9329516825728259,96.56931171480726,0.0
FUZ,0.9329028420878919,96.5639428755503,0.0
OXCT1,0.9326730946783736,96.55857403629335,0.0
NDUFB5,0.9325952249764947,96.55320519703639,0.0
FAM107B,0.9324985473601597,96.54783635777945,0.0
FKBP5,0.9322225205583974,96.54246751852249,0.0
RXRA,0.931987351378606,96.53709867926554,0.0
KERA,0.9316708220347258,96.5317298400086,0.0
ALDOA,0.9312682621997588,96.52636100075163,0.0
CYP26B1,0.9312239537944391,96.52099216149469,0.0
XRCC5,0.9312001987592611,96.51562332223773,0.0
HMGN1,0.9308871817415107,96.51025448298078,0.0
SMYD1,0.9308025262037265,96.50488564372382,0.0
CASP2,0.9307997505282545,96.49951680446688,0.0
PEX7,0.9307150389435572,96.49414796520992,1.0
WDR36,0.9307127298997072,96.48877912595297,0.0
SCARB2,0.9306130823190936,96.48341028669601,0.0
TBX5,0.9305791043268528,96.47804144743907,0.0
TMEM67,0.9305168873537386,96.47267260818211,1.0
CBL,0.9304225216546985,96.46730376892516,0.0
SELP,0.9298710276369772,96.4619349296682,0.0
RAB3IP,0.9296621305936377,96.45656609041126,0.0
FXN,0.929559045739229,96.4511972511543,0.0
LHX1,0.9293631032430747,96.44582841189735,0.0
NDUFS3,0.9292348944882444,96.44045957264039,1.0
PEX10,0.929209034854539,96.43509073338345,1.0
GNG13,0.9289139818494331,96.42972189412649,0.0
ID3,0.9286055061618927,96.42435305486954,0.0
MED28,0.9282450704066234,96.41898421561258,0.0
ANK2,0.9276923764780257,96.41361537635564,0.0
SLX4,0.9276760754147937,96.40824653709868,0.0
PSAP,0.9274239778150409,96.40287769784173,0.0
FZD3,0.9270842465862266,96.39750885858479,0.0
NFKB1,0.9270120150180972,96.39214001932783,0.0
ITGB5,0.9267752829171692,96.38677118007088,0.0
TLR4,0.926712787788104,96.38140234081392,0.0
SMARCAL1,0.9266274796663954,96.37603350155698,0.0
GPR179,0.926423766570081,96.37066466230002,0.0
INHBA,0.9264143449222464,96.36529582304306,0.0
CYP4V2,0.926365279504886,96.35992698378611,1.0
EGFR,0.9262976993376795,96.35455814452915,0.0
TMEM107,0.9260680579461148,96.3491893052722,1.0
EYA1,0.9258420453217011,96.34382046601525,1.0
SLC9A3R1,0.9254765322727806,96.33845162675829,0.0
SOX7,0.9250588263035713,96.33308278750134,0.0
PLIN2,0.9249112797042155,96.32771394824438,0.0
FOXP2,0.9247281812314604,96.32234510898743,0.0
HSF1,0.924599567366351,96.31697626973047,0.0
BCL11B,0.9245450039255371,96.31160743047353,0.0
TJP2,0.9242321063246074,96.30623859121657,0.0
PTPN23,0.923570599843042,96.30086975195962,0.0
RAB18,0.9235641530285241,96.29550091270266,1.0
PLEC,0.9234757052283257,96.29013207344572,0.0
DYNC2LI1,0.923195484554179,96.28476323418876,0.0
OSR1,0.9231242095192943,96.27939439493181,0.0
PDGFB,0.9226736421932831,96.27402555567485,0.0
NOTCH4,0.9224466205679643,96.26865671641791,0.0
PROCR,0.9221268510628308,96.26328787716095,0.0
GLRB,0.9220335736049534,96.257919037904,0.0
MYOC,0.9217623522901613,96.25255019864706,1.0
FN1,0.9215358416124058,96.2471813593901,0.0
ACTB,0.9210219205238265,96.24181252013315,1.0
C3,0.9209593746550407,96.23644368087619,0.0
RET,0.9202140328961342,96.23107484161925,1.0
ITGA7,0.9198074910881793,96.22570600236229,0.0
RGS4,0.9196989617881807,96.22033716310534,0.0
GRIN1,0.9196714381914793,96.21496832384838,0.0
DST,0.919521766871753,96.20959948459144,0.0
RRN3,0.9193917660567414,96.20423064533448,0.0
SIX1,0.9193371606302767,96.19886180607753,1.0
CEP41,0.9190280055585369,96.19349296682057,1.0
ODF2,0.9189885470831664,96.18812412756363,0.0
PPIB,0.9185632192369709,96.18275528830667,0.0
LPO,0.9184901582297412,96.17738644904972,0.0
IQGAP2,0.918287674485218,96.17201760979276,0.0
NDUFB3,0.9180191101894712,96.16664877053582,0.0
HEXB,0.9178749085437428,96.16127993127886,0.0
SMPD4,0.917745030888119,96.15591109202191,0.0
INHA,0.9170927500570839,96.15054225276495,0.0
SPTBN1,0.9168826968975198,96.145173413508,0.0
TCTN3,0.9166835108204185,96.13980457425104,0.0
ABCA1,0.9165682046945905,96.1344357349941,0.0
FGFR2,0.9164570768786241,96.12906689573714,0.0
CRYGA,0.916416751149175,96.1236980564802,0.0
PKD1,0.9163119543785336,96.11832921722325,0.0
IRS1,0.9160083033477446,96.11296037796629,0.0
SUFU,0.9158916311147338,96.10759153870933,0.0
FDX1,0.9155811753801026,96.10222269945238,0.0
DYNC1H1,0.9154805941342483,96.09685386019542,0.0
CLIC5,0.9154080246854889,96.09148502093848,0.0
CD44,0.9149991258419125,96.08611618168152,0.0
TGFBR2,0.914588684984792,96.08074734242457,0.0
NF2,0.9143586401087603,96.07537850316761,1.0
FBLN2,0.9143223843573495,96.07000966391067,0.0
SSNA1,0.9138685074238102,96.06464082465371,0.0
NDUFA13,0.9137927188142847,96.05927198539675,1.0
UGDH,0.9137228377794454,96.0539031461398,0.0
LEF1,0.9136571013001685,96.04853430688284,0.0
UNC119,0.9134014190723437,96.0431654676259,1.0
BCKDHA,0.9133448466775518,96.03779662836894,0.0
MAK,0.9132298756202757,96.03242778911199,1.0
RASA3,0.9131107857680378,96.02705894985503,0.0
FANCA,0.9130311163317375,96.02169011059809,0.0
TBC1D20,0.9126913083776185,96.01632127134113,1.0
MMP9,0.9126100889660016,96.01095243208418,0.0
MADD,0.9125883820639974,96.00558359282722,0.0
MYO6,0.9125741923406631,96.00021475357028,0.0
COQ6,0.9125264754360757,95.99484591431332,0.0
MFAP2,0.9121996857462193,95.98947707505637,0.0
CHM,0.9121842641752493,95.98410823579941,1.0
GNA11,0.9119148931767063,95.97873939654247,1.0
MEGF8,0.9118483036305882,95.97337055728552,0.0
GBP2,0.9115492966154009,95.96800171802856,0.0
NDUFA1,0.9115309106213806,95.96263287877161,0.0
NPR2,0.9112947009146215,95.95726403951465,0.0
HAUS5,0.9111125912502047,95.95189520025771,0.0
ADAMTS18,0.9105486907044948,95.94652636100075,1.0
AQP4,0.9101337747455942,95.9411575217438,0.0
GJB2,0.9099166754202456,95.93578868248684,0.0
POLG,0.909783682750423,95.9304198432299,0.0
STAT1,0.9093287033198143,95.92505100397294,0.0
KDM2B,0.9090974454210373,95.919682164716,0.0
KCNQ1,0.908952904267737,95.91431332545903,0.0
ERBB3,0.9087828039318497,95.90894448620209,1.0
OTX1,0.908594358488606,95.90357564694513,0.0
NDUFAF1,0.9085343463434492,95.89820680768818,0.0
MEGF11,0.9081505601846256,95.89283796843122,0.0
DLX5,0.9081358055575958,95.88746912917428,0.0
GRHL2,0.90789215872401,95.88210028991732,0.0
DSG3,0.9076107699797878,95.87673145066037,0.0
PDLIM3,0.907292826681946,95.87136261140341,0.0
TDRD7,0.9070841370512364,95.86599377214647,0.0
SEMA4A,0.9070300060342805,95.86062493288951,1.0
GNB1,0.9070124687322083,95.85525609363256,0.0
CDK20,0.9064635161976746,95.8498872543756,0.0
MVK,0.906371942013036,95.84451841511866,0.0
VSX1,0.9063239720229135,95.83914957586171,1.0
KANSL1,0.905890719497445,95.83378073660475,0.0
MYO15A,0.9052964256768808,95.82841189734779,0.0
WNT7B,0.9047304369291511,95.82304305809085,0.0
SYNE2,0.9043847892291648,95.81767421883389,0.0
TRPC3,0.904204898109505,95.81230537957694,0.0
ANGPT1,0.9040423689868392,95.80693654031998,0.0
CIR1,0.9038246777196457,95.80156770106302,0.0
DCC,0.9034171042284589,95.79619886180608,0.0
LAMA1,0.9033827606826591,95.79083002254912,1.0
MYRIP,0.9031599533634951,95.78546118329217,0.0
MAB21L2,0.9031428868026283,95.78009234403521,0.0
RABGGTA,0.9029957517124044,95.77472350477827,0.0
DDB2,0.9026607948704208,95.7693546655213,0.0
RSAD1,0.9025572968580959,95.76398582626436,0.0
TGIF1,0.9023115462652566,95.7586169870074,0.0
TSFM,0.9022571875961065,95.75324814775045,0.0
EPHB1,0.9019353932121856,95.7478793084935,0.0
MYH1,0.9018260117614411,95.74251046923655,0.0
IGF2R,0.9013319946696761,95.73714162997959,0.0
COL8A2,0.9013305114983939,95.73177279072264,0.0
FLNA,0.9013264930049608,95.72640395146568,0.0
PDZRN3,0.9011494184335096,95.72103511220874,0.0
MTHFD2,0.9009020743787687,95.71566627295178,0.0
ACTG1,0.9007755273545306,95.71029743369483,1.0
SIX5,0.9006397432392126,95.70492859443789,1.0
IFNAR1,0.9006068835369134,95.69955975518093,0.0
CPT1A,0.9005419558396921,95.69419091592398,0.0
TNNT2,0.9004987355574376,95.68882207666702,0.0
PIK3CA,0.9001702387631105,95.68345323741008,0.0
CYP7A1,0.9001022680615154,95.67808439815312,0.0
UNC13B,0.8997254367096437,95.67271555889617,0.0
OPA3,0.8996675157002685,95.66734671963921,0.0
PRICKLE1,0.8994383063519373,95.66197788038227,0.0
CAP2,0.8993523581238556,95.65660904112531,0.0
NDUFAF7,0.8991505900526178,95.65124020186836,0.0
NDUFV3,0.8988005236879063,95.6458713626114,0.0
COL7A1,0.8986989751630861,95.64050252335446,0.0
AGTPBP1,0.8985975222665195,95.6351336840975,0.0
ALDOB,0.8985688774018576,95.62976484484055,0.0
AGRN,0.8984637439909336,95.62439600558359,0.0
NID1,0.8982539505233698,95.61902716632665,0.0
LHX2,0.8979361292124859,95.61365832706969,0.0
ADAMTS5,0.8973030841949908,95.60828948781274,0.0
CCDC84,0.8972109679653641,95.60292064855578,0.0
LRRK2,0.8970235140006533,95.59755180929884,0.0
AHR,0.8970186753405487,95.59218297004188,1.0
EN1,0.8970075569626562,95.58681413078493,0.0
HEYL,0.8969397954313788,95.58144529152797,0.0
PCSK6,0.8969242731076518,95.57607645227102,0.0
OPRL1,0.8964990028244089,95.57070761301406,0.0
ACADSB,0.8963424002839885,95.56533877375712,0.0
FBF1,0.8961326313558742,95.55996993450016,0.0
RIC8A,0.8958272431324952,95.55460109524321,0.0
PRDX1,0.8956704736082166,95.54923225598625,1.0
SLC17A7,0.895428915763649,95.54386341672931,0.0
SNAI2,0.8952469517638919,95.53849457747235,0.0
HMGB1,0.8950826708336873,95.5331257382154,0.0
CTH,0.8950185459431685,95.52775689895844,0.0
ADAMTS3,0.8949766067855492,95.52238805970148,0.0
ANGPT2,0.8949456771254706,95.51701922044454,0.0
CITED2,0.8947307142477365,95.51165038118758,0.0
PKHD1,0.8946587253096254,95.50628154193063,0.0
ICA1,0.8943150912047351,95.50091270267367,0.0
NDUFA7,0.8938367913692767,95.49554386341673,0.0
DDB1,0.893774057787897,95.49017502415977,0.0
PARL,0.8936582941554405,95.48480618490282,0.0
LAMC2,0.8935479241611016,95.47943734564586,0.0
CTSD,0.8931202886659668,95.47406850638892,1.0
ITGA3,0.893107759993628,95.46869966713196,0.0
ERRFI1,0.8931057462353431,95.46333082787501,0.0
SCRIB,0.8929993993914493,95.45796198861805,0.0
TNFSF11,0.8928581045007598,95.4525931493611,0.0
BLM,0.8928467790132013,95.44722431010415,0.0
DBH,0.8927934449859778,95.4418554708472,0.0
LRAT,0.8922435012794474,95.43648663159024,1.0
CYP17A1,0.8921714455099842,95.4311177923333,0.0
CNGA4,0.8916433052254865,95.42574895307635,0.0
NAGA,0.8916427379255664,95.42038011381939,0.0
HHAT,0.8914589314364012,95.41501127456245,1.0
PDCL,0.8911461337956433,95.40964243530549,0.0
LZTFL1,0.891124267603976,95.40427359604854,1.0
GJB3,0.8908954711884809,95.39890475679158,0.0
KARS,0.8906112489563732,95.39353591753463,0.0
COX15,0.8905461084302951,95.38816707827768,1.0
CPLX1,0.8904466493893335,95.38279823902073,0.0
GPR161,0.8903197246776937,95.37742939976377,0.0
MTOR,0.8898971812764603,95.37206056050682,0.0
ENPP1,0.8894597906270807,95.36669172124986,1.0
GEMIN5,0.8891966131468084,95.36132288199292,0.0
CASR,0.8882803702120372,95.35595404273596,0.0
COX8A,0.8881365774075912,95.35058520347901,1.0
WLS,0.8880740388358532,95.34521636422205,0.0
XRCC1,0.8880044511859424,95.33984752496511,0.0
HUS1,0.887779715327434,95.33447868570815,0.0
COLGALT1,0.8877201817268544,95.3291098464512,0.0
JUN,0.8874254426987601,95.32374100719424,0.0
CFH,0.8873759827065208,95.3183721679373,0.0
FOXO4,0.8873263200675228,95.31300332868034,0.0
FHL1,0.8868986315421269,95.30763448942339,0.0
PTPRK,0.8868960319026431,95.30226565016643,0.0
TMEM38B,0.8868226801009435,95.29689681090949,0.0
EGF,0.8868222898034986,95.29152797165253,0.0
DSC1,0.8865508017862037,95.28615913239558,0.0
COL11A2,0.886430819574288,95.28079029313862,0.0
ITGA11,0.8864044156708711,95.27542145388168,0.0
FBN1,0.8855197486028294,95.27005261462472,1.0
SH2B1,0.8849541678547279,95.26468377536776,0.0
BSND,0.8847957160467483,95.25931493611081,0.0
SRD5A3,0.8842856809793448,95.25394609685385,0.0
PARP1,0.8840242762510083,95.2485772575969,0.0
CEP89,0.8839156967011332,95.24320841833995,0.0
CNNM4,0.8836739899929207,95.237839579083,1.0
ATP2A1,0.8833865563918056,95.23247073982604,0.0
CBX2,0.8833414694088345,95.2271019005691,0.0
AKAP12,0.8833274415947325,95.22173306131214,0.0
BMP1,0.8832633570464228,95.21636422205519,0.0
PLD1,0.8827576156498607,95.21099538279823,0.0
TXNRD1,0.8824056435092927,95.20562654354129,0.0
BPIFA1,0.8823138217502431,95.20025770428433,0.0
NPC1,0.8815721677944388,95.19488886502738,0.0
FBP2,0.881097813423172,95.18952002577042,0.0
VPS13C,0.8810572630547264,95.18415118651347,0.0
CCDC47,0.8807933245699795,95.17878234725652,0.0
ADAMTS13,0.8807838347905351,95.17341350799957,0.0
CCM2,0.8806589213022484,95.16804466874261,0.0
HSD17B12,0.8805098935334383,95.16267582948566,0.0
GBF1,0.8804639115884395,95.1573069902287,0.0
APC,0.8804414973054422,95.15193815097176,1.0
UBE3B,0.8802922220656374,95.14656931171481,0.0
MCM7,0.8800827920921499,95.14120047245785,0.0
RNH1,0.8800450589765181,95.13583163320091,0.0
CNGA2,0.879697606848149,95.13046279394395,0.0
EPS8L2,0.8795000048506371,95.125093954687,0.0
SCNN1A,0.879473245027568,95.11972511543004,0.0
SLC4A5,0.8789999759552479,95.1143562761731,0.0
PREB,0.8788944347194384,95.10898743691614,0.0
PTPN13,0.8788248697022663,95.10361859765919,0.0
LSS,0.8786043856902073,95.09824975840223,0.0
DYNLRB1,0.8784377553420384,95.09288091914529,0.0
CDO1,0.8783667650878957,95.08751207988833,0.0
RB1CC1,0.8782689512082857,95.08214324063138,0.0
PPARG,0.8780841302501567,95.07677440137442,0.0
AP5M1,0.8780309160149399,95.07140556211748,0.0
HCN1,0.8779323190290841,95.06603672286052,0.0
HTRA2,0.8778617618318952,95.06066788360357,0.0
UNC119B,0.8777425857338323,95.05529904434661,0.0
PKD1L1,0.8776402413875477,95.04993020508967,0.0
HECTD1,0.8775935921481091,95.0445613658327,0.0
TATDN2,0.877529651790591,95.03919252657576,0.0
KIDINS220,0.8773883585487546,95.0338236873188,0.0
ECE1,0.8771854908370059,95.02845484806186,0.0
DBN1,0.876911411523217,95.0230860088049,0.0
ADA,0.8768676706372472,95.01771716954795,0.0
WNT3A,0.8766517820790142,95.01234833029099,0.0
PLTP,0.8765140620103233,95.00697949103404,0.0
GDF3,0.8765000416800333,95.00161065177709,1.0
ABCC6,0.8764052911912386,94.99624181252014,1.0
DISC1,0.8763354020561407,94.99087297326318,0.0
DNAI1,0.876319591836751,94.98550413400622,0.0
IL10,0.8762834711512865,94.98013529474927,0.0
PRKDC,0.8761050474355516,94.97476645549231,0.0
UQCRFS1,0.8760088940220581,94.96939761623537,0.0
ARVCF,0.8751780971052143,94.96402877697841,0.0
SNX25,0.875123893077496,94.95865993772146,0.0
TEK,0.8748758671498335,94.9532910984645,1.0
ITPR2,0.8748156130080149,94.94792225920756,0.0
MUSK,0.8746252798167747,94.9425534199506,0.0
MAF,0.8744940520680293,94.93718458069365,0.0
DRD1,0.8744107679174057,94.9318157414367,0.0
SALL4,0.8742641934495644,94.92644690217975,1.0
CTSV,0.8741913970829808,94.92107806292279,0.0
ABCB5,0.87393098905233,94.91570922366584,0.0
COX6B1,0.873773744337638,94.91034038440888,1.0
BARHL1,0.8735043330238323,94.90497154515194,0.0
CRISPLD2,0.8724965572001903,94.89960270589498,0.0
EXOC4,0.8723236888817872,94.89423386663803,0.0
FJX1,0.8719071093396135,94.88886502738107,0.0
KITLG,0.8717027884435012,94.88349618812413,0.0
CRIM1,0.8716963058639815,94.87812734886717,0.0
ARSB,0.8714915576360529,94.87275850961022,0.0
BRD8,0.8714038095200692,94.86738967035328,0.0
HSPG2,0.8712823493326087,94.86202083109632,0.0
CYP11A1,0.8711824308592663,94.85665199183937,0.0
KDM5B,0.8711248234542829,94.85128315258241,0.0
SNAI3,0.8710648824853566,94.84591431332547,0.0
TMEM219,0.8710079671148531,94.8405454740685,0.0
KIFAP3,0.8708446692829019,94.83517663481156,0.0
RAB3GAP1,0.8706835536583727,94.8298077955546,1.0
CCND1,0.8704947688610533,94.82443895629766,0.0
TMEM209,0.8700947548319455,94.8190701170407,0.0
DFNB31,0.87008873449287,94.81370127778375,0.0
CFTR,0.8696960637338045,94.80833243852679,0.0
DLX6,0.8696787211714193,94.80296359926984,0.0
CACNA1D,0.8696355884281521,94.79759476001288,0.0
RBL1,0.869603841983799,94.79222592075594,0.0
PMPCB,0.8692021983496397,94.78685708149898,0.0
EPS8L1,0.8691354698634226,94.78148824224203,0.0
ENO1,0.8690431152213656,94.77611940298507,0.0
GSN,0.8688660070486485,94.77075056372813,0.0
DVL3,0.868750124431186,94.76538172447117,0.0
IQCE,0.8684963238033545,94.76001288521422,0.0
SLC44A2,0.8677363494573154,94.75464404595726,0.0
PAX8,0.8677098591570163,94.74927520670032,0.0
ARL2BP,0.8676353863441524,94.74390636744336,1.0
ANPEP,0.8675839836446306,94.73853752818641,0.0
DSG1,0.8673370880331946,94.73316868892945,0.0
ACBD3,0.8670491251159864,94.7277998496725,0.0
NDUFAB1,0.8667922451674809,94.72243101041555,0.0
MT1E,0.8667544536741053,94.71706217115859,0.0
GRXCR1,0.8664768229446296,94.71169333190164,0.0
CES2,0.8658720196691467,94.70632449264468,0.0
TUBGCP4,0.8657767255013276,94.70095565338774,1.0
DRAM2,0.8657519633027894,94.69558681413078,1.0
OCA2,0.8648131319474974,94.69021797487383,0.0
DBR1,0.8648039806200016,94.68484913561687,0.0
APOE,0.8647440104887405,94.67948029635993,0.0
PNLIP,0.8646566972953409,94.67411145710297,0.0
NUAK2,0.8645208726004514,94.66874261784602,0.0
PARD3,0.8644615233690278,94.66337377858906,0.0
GPR143,0.8643981460700241,94.65800493933212,0.0
OFD1,0.8643813739167063,94.65263610007516,1.0
RERE,0.8643284290582922,94.64726726081821,0.0
F10,0.8640262529862758,94.64189842156125,0.0
PHGDH,0.8639446650781185,94.6365295823043,0.0
CDKN1B,0.863836148535127,94.63116074304735,0.0
PEX16,0.8635647120111265,94.6257919037904,1.0
TGFB3,0.8633752117337519,94.62042306453344,0.0
FERMT1,0.8632543535376257,94.6150542252765,0.0
PTPRM,0.8629914831335634,94.60968538601954,0.0
CALCA,0.8623009726637132,94.60431654676259,0.0
ASIP,0.8618968136973347,94.59894770750563,0.0
MECOM,0.8613750709770012,94.59357886824868,0.0
GCLC,0.8613507272503158,94.58821002899174,0.0
FGF10,0.8611830602294177,94.58284118973478,0.0
FAM216A,0.861160082464108,94.57747235047783,0.0
HIF3A,0.8604494615913667,94.57210351122087,0.0
PTMS,0.8603677249728234,94.56673467196393,0.0
AGT,0.860334208636767,94.56136583270697,0.0
DISP1,0.8599807271714661,94.55599699345002,0.0
KRT2,0.8599504320878907,94.55062815419306,0.0
BAZ1B,0.8598397772879611,94.54525931493612,0.0
SDHC,0.8596740422340335,94.53989047567916,1.0
BARHL2,0.8594269740749493,94.53452163642221,0.0
ERCC5,0.8593919929205994,94.52915279716525,1.0
ASPA,0.8592821137692385,94.52378395790831,0.0
PHF6,0.8592149790697748,94.51841511865135,0.0
DRD4,0.859214691094636,94.5130462793944,0.0
HAUS3,0.8591088033515362,94.50767744013744,0.0
KAT6A,0.85906812899453,94.5023086008805,0.0
PPEF2,0.8589666527594468,94.49693976162354,0.0
PRKCI,0.8589278728118581,94.49157092236659,0.0
RBP2,0.8587068525560049,94.48620208310963,0.0
COL18A1,0.8586204003001823,94.48083324385269,1.0
UBOX5,0.858391347577412,94.47546440459573,0.0
NKX3-2,0.858289356391106,94.47009556533878,0.0
KIF20A,0.8581276693014335,94.46472672608182,0.0
KIF5A,0.8581273382430478,94.45935788682488,0.0
SLC1A1,0.8581028110469051,94.45398904756792,0.0
ZSCAN10,0.8580188602234353,94.44862020831096,0.0
BLOC1S3,0.8578266020391144,94.44325136905401,0.0
BRD4,0.85778518835534,94.43788252979705,0.0
YARS,0.8574973025450111,94.4325136905401,0.0
DSTN,0.8569989564630331,94.42714485128315,0.0
PRDM16,0.8569259929426879,94.4217760120262,0.0
FYN,0.8569108824502413,94.41640717276924,0.0
AVIL,0.8568310189128123,94.4110383335123,0.0
EP300,0.8567622685828749,94.40566949425533,1.0
APAF1,0.8566407526609359,94.40030065499839,0.0
NSUN2,0.8565050519061662,94.39493181574143,0.0
DNM2,0.8562662523846539,94.38956297648448,1.0
HDAC2,0.8560065944662544,94.38419413722752,0.0
TK2,0.855511080616281,94.37882529797058,0.0
BRIP1,0.8550943577109488,94.37345645871362,0.0
SPTA1,0.8543558460566432,94.36808761945667,0.0
MREG,0.8542161731126774,94.36271878019971,0.0
FES,0.8541915357247151,94.35734994094277,0.0
IFNG,0.8534055497891954,94.35198110168581,0.0
POR,0.8533964057233497,94.34661226242886,0.0
AFG3L2,0.8533534854248999,94.3412434231719,0.0
ABL1,0.8532723646430194,94.33587458391496,0.0
DCP2,0.8532213783857159,94.330505744658,0.0
GAP43,0.853003577804395,94.32513690540105,0.0
NDUFAF4,0.8524139819157355,94.3197680661441,0.0
ACVRL1,0.8521136018806901,94.31439922688715,0.0
MAPK1,0.8519608469309994,94.3090303876302,0.0
AATF,0.8519461254724188,94.30366154837324,0.0
RIOK2,0.8516468240819298,94.2982927091163,0.0
HTRA1,0.8511988276416215,94.29292386985934,0.0
AXIN2,0.8507597873994903,94.28755503060239,0.0
SCNM1,0.8506677705181946,94.28218619134543,0.0
VANGL1,0.8504992042104069,94.27681735208849,0.0
PER3,0.850149910698241,94.27144851283153,0.0
TRIM45,0.8501305019946246,94.26607967357458,0.0
SLIT2,0.8493220102605774,94.26071083431762,0.0
CTNNA3,0.8491456668840547,94.25534199506068,0.0
PDCL3,0.8490613164775802,94.24997315580372,0.0
TMEM237,0.8490005261098313,94.24460431654677,1.0
NDUFAF5,0.8486921274939021,94.23923547728981,1.0
PKDCC,0.8485345043390897,94.23386663803286,0.0
CA14,0.8484835275180833,94.2284977987759,0.0
SUMF1,0.8484607945342886,94.22312895951896,1.0
WDR1,0.8483469251099178,94.217760120262,0.0
NPAT,0.8480616630643032,94.21239128100505,0.0
KLF5,0.8475273794217563,94.2070224417481,0.0
RNF20,0.8475246177688913,94.20165360249115,0.0
MOGS,0.8475078476981726,94.19628476323419,0.0
DPAGT1,0.8474652124524009,94.19091592397723,0.0
FRRS1,0.8472143204159929,94.18554708472028,0.0
FRAS1,0.8470904465100967,94.18017824546332,0.0
SPRY2,0.8465408392484013,94.17480940620638,0.0
PPIP5K2,0.846269610859711,94.16944056694942,0.0
PLAT,0.8462223440958404,94.16407172769247,0.0
NTRK1,0.845969238952834,94.15870288843551,0.0
TRMT1,0.8455668507643643,94.15333404917857,0.0
CASP3,0.845494335163736,94.14796520992161,0.0
GAS8,0.8452659350464483,94.14259637066466,0.0
WNT2,0.844953645977423,94.1372275314077,0.0
THBS3,0.8448543522741245,94.13185869215076,0.0
RAB11FIP4,0.8445335979068027,94.1264898528938,0.0
CRYGB,0.8436612594811859,94.12112101363685,0.0
HAUS6,0.8434906071834686,94.11575217437989,0.0
RAD1,0.8430410148826686,94.11038333512295,0.0
FZD5,0.8429298647847933,94.10501449586599,0.0
FGFR1,0.8427140189927348,94.09964565660904,1.0
ACVR2B,0.8425254739667689,94.09427681735208,0.0
ALG10,0.8422973276019681,94.08890797809514,0.0
S100A11,0.842083193042414,94.08353913883818,0.0
LETM1,0.842013522579865,94.07817029958123,0.0
MCOLN1,0.8419875565540388,94.07280146032427,1.0
RCN1,0.8416679488485792,94.06743262106733,0.0
APRT,0.8414796622991869,94.06206378181037,0.0
ALDH2,0.8405498831886179,94.05669494255342,0.0
ABCD1,0.8404602301723454,94.05132610329646,0.0
SEMA4F,0.840399890498422,94.04595726403952,0.0
FBLN1,0.8402341245708248,94.04058842478257,0.0
TBX1,0.8391882619042119,94.03521958552561,1.0
DIS3,0.8391705476002406,94.02985074626866,0.0
GRB7,0.8390479553130092,94.0244819070117,0.0
RGN,0.838943720278991,94.01911306775476,0.0
ADAMTS9,0.838878487967923,94.0137442284978,0.0
CDH3,0.8377868105917264,94.00837538924085,1.0
ZFYVE26,0.8376154881563984,94.0030065499839,1.0
HAND1,0.8372865834490979,93.99763771072695,0.0
NOTCH2,0.837075356923671,93.99226887146999,0.0
VRK1,0.8369799548880369,93.98690003221304,0.0
CA8,0.8366204487251983,93.98153119295608,0.0
GNB3,0.8366185340593532,93.97616235369914,0.0
PDS5A,0.836609868923728,93.97079351444218,0.0
PPM1F,0.836572476924865,93.96542467518523,0.0
RRM1,0.8364762414140788,93.96005583592827,0.0
OPN1MW,0.8362209504284256,93.95468699667133,1.0
EVC,0.8360166918259658,93.94931815741437,0.0
COL15A1,0.8359964219540986,93.94394931815742,0.0
LDB3,0.8358334818682648,93.93858047890046,0.0
HDAC1,0.8353047076604941,93.93321163964352,0.0
EHD1,0.8351409582278787,93.92784280038656,0.0
CHAT,0.8350939270665572,93.92247396112961,0.0
COL8A1,0.8349158208051192,93.91710512187265,0.0
DHPS,0.8348930328410992,93.91173628261569,0.0
SPNS2,0.8347380291737647,93.90636744335875,0.0
DNAH11,0.8341449112813797,93.90099860410179,0.0
SMAD3,0.8341363308815465,93.89562976484484,0.0
LPIN1,0.8340805695180104,93.89026092558788,0.0
TIMM22,0.8340284250454012,93.88489208633094,0.0
ATP1B2,0.8335753790556378,93.87952324707398,0.0
SOX11,0.8334364973650106,93.87415440781703,0.0
XPA,0.8333425333079141,93.86878556856007,0.0
BMP7,0.8332033193946502,93.86341672930313,0.0
MAP7D1,0.8331305969916253,93.85804789004617,0.0
KCNQ4,0.8329524039311635,93.85267905078922,0.0
RHOB,0.832843877573849,93.84731021153226,0.0
AARS2,0.832646814144445,93.84194137227531,0.0
SNRNP200,0.8324432592207223,93.83657253301836,1.0
TBC1D8,0.8319277758802484,93.83120369376141,0.0
NDUFS2,0.8319223903701689,93.82583485450445,1.0
GABPA,0.8318770040995691,93.8204660152475,0.0
ESYT1,0.8316566160624893,93.81509717599054,0.0
RAG1,0.8316475734208927,93.8097283367336,0.0
LYAR,0.831581394590922,93.80435949747664,0.0
LYZ,0.8314791652354503,93.7989906582197,0.0
MECR,0.8314775134082618,93.79362181896273,0.0
CABIN1,0.8312517912547273,93.78825297970579,0.0
TYW1,0.830941402183629,93.78288414044883,0.0
MFNG,0.8307951149493353,93.77751530119188,0.0
TRIM37,0.8306371286613525,93.77214646193492,1.0
PEX6,0.8306065307785077,93.76677762267798,1.0
CNTNAP1,0.8305079767368578,93.76140878342103,0.0
DNAH2,0.8304993629154135,93.75603994416407,0.0
DRGX,0.830427051317025,93.75067110490713,0.0
SLC30A4,0.8303988706656676,93.74530226565017,0.0
TMTC4,0.830114804583682,93.73993342639322,0.0
RAB3GAP2,0.8299701485461256,93.73456458713626,1.0
GART,0.8296126454583941,93.72919574787932,0.0
ARAP3,0.8295124723532323,93.72382690862236,0.0
ELMO3,0.8294008027523961,93.71845806936541,0.0
ACAD8,0.8293770615022927,93.71308923010845,0.0
PCM1,0.8289926262165533,93.7077203908515,0.0
LIFR,0.8289659416752061,93.70235155159455,0.0
JUP,0.8287660929000703,93.6969827123376,0.0
ACO1,0.828643159825709,93.69161387308064,0.0
APLNR,0.828197710641336,93.6862450338237,0.0
MCM3AP,0.8278954458680403,93.68087619456674,0.0
ALK,0.8278953582860085,93.67550735530979,0.0
TCOF1,0.8278158941794617,93.67013851605283,0.0
NAPEPLD,0.8277419071815231,93.66476967679588,0.0
SFN,0.8277416559385603,93.65940083753893,0.0
ICK,0.8275091881184784,93.65403199828197,0.0
GGCX,0.8274584453503653,93.64866315902502,1.0
REST,0.8273453275627218,93.64329431976806,0.0
LOXL3,0.8272868907796017,93.63792548051111,0.0
ST14,0.8271218574467116,93.63255664125415,0.0
VAX1,0.826555254782414,93.62718780199721,0.0
TMEM126B,0.8264602475270628,93.62181896274025,0.0
KL,0.8262557882908783,93.6164501234833,0.0
CEP120,0.8261910608209329,93.61108128422634,1.0
FH,0.8261592837263884,93.6057124449694,1.0
PAFAH1B1,0.8259070835940315,93.60034360571244,0.0
PBRM1,0.8252561814774673,93.5949747664555,0.0
DHX9,0.8252502104900119,93.58960592719853,0.0
HOXA1,0.8249008040302446,93.58423708794159,0.0
ACAD10,0.8248812107645055,93.57886824868463,0.0
UBIAD1,0.824830342461609,93.57349940942768,0.0
MAPKAPK2,0.8247930440804575,93.56813057017072,0.0
SMG1,0.8244417980347449,93.56276173091378,0.0
CDC14A,0.8237905140239322,93.55739289165682,0.0
JAK3,0.8237297809124733,93.55202405239987,0.0
HAND2,0.8236591269406626,93.54665521314291,0.0
EGFLAM,0.8234464303812542,93.54128637388597,0.0
NUS1,0.8233487760408383,93.53591753462901,0.0
CLN3,0.8231302065083643,93.53054869537206,1.0
SLC2A4,0.8228436716369327,93.5251798561151,0.0
NGFR,0.8227631596929905,93.51981101685816,0.0
TRPV4,0.8226655235146454,93.5144421776012,0.0
RTN4IP1,0.8220313243517889,93.50907333834425,0.0
ACTA1,0.821775027689624,93.50370449908729,0.0
SH3D19,0.8212868996249287,93.49833565983035,0.0
ITM2C,0.8209780018318217,93.49296682057339,0.0
CANT1,0.8207762397693795,93.48759798131644,0.0
BEX1,0.8202572511392147,93.4822291420595,0.0
ERCC3,0.8198666874472018,93.47686030280254,1.0
ERCC4,0.8194761689367106,93.47149146354559,1.0
PSTPIP2,0.8187272323771712,93.46612262428863,0.0
MTHFR,0.8184323340149365,93.46075378503168,0.0
ATP1A3,0.8184224932407753,93.45538494577472,0.0
NMNAT1,0.8181989720858287,93.45001610651778,1.0
CDAN1,0.8181728490427606,93.44464726726082,0.0
INTS1,0.8181308999906886,93.43927842800387,0.0
PRPF3,0.8181081322312919,93.43390958874691,1.0
HMOX2,0.8180556958526125,93.42854074948997,0.0
GGT1,0.8179600145769841,93.42317191023301,0.0
NOS3,0.817895172535211,93.41780307097606,0.0
LGALS1,0.8178842422839931,93.4124342317191,0.0
GPATCH1,0.817516034009885,93.40706539246216,0.0
MSX1,0.8174067046887581,93.4016965532052,0.0
ALG10B,0.8171275922127899,93.39632771394825,0.0
RARG,0.8168756170089889,93.3909588746913,0.0
ANKRD27,0.8162532502761378,93.38559003543435,0.0
IDUA,0.8162481104550859,93.38022119617739,1.0
HADHA,0.8159995137378161,93.37485235692043,1.0
PTCHD3,0.815969004791171,93.36948351766348,0.0
AKAP9,0.8158564978642371,93.36411467840652,0.0
PYGO2,0.8157729422902232,93.35874583914958,0.0
KIAA0586,0.8156242526159558,93.35337699989262,1.0
GGT5,0.8155969120911928,93.34800816063567,0.0
PANX1,0.8155617726650581,93.34263932137871,0.0
CD163,0.8154103945352414,93.33727048212177,0.0
DLL4,0.8151578618342221,93.3319016428648,0.0
CS,0.8149557481559857,93.32653280360786,0.0
MRPL22,0.8144785353345234,93.3211639643509,0.0
SDK1,0.814258785580875,93.31579512509396,0.0
ZEB2,0.8142130460542022,93.310426285837,0.0
PRKAR1A,0.8139422160037981,93.30505744658005,0.0
UBAP2,0.8133702181275542,93.29968860732309,0.0
KLHL20,0.8131104129220228,93.29431976806615,0.0
PIBF1,0.8127677984789272,93.28895092880919,0.0
PNN,0.8126545893078851,93.28358208955224,0.0
DNM1L,0.8124694690537085,93.27821325029528,0.0
UQCRC2,0.8123842533584114,93.27284441103834,0.0
HHIP,0.8123016870465751,93.26747557178138,0.0
BCAR3,0.8121322441383091,93.26210673252443,0.0
NEXN,0.8119812925606936,93.25673789326747,0.0
NCOA7,0.811861107402889,93.25136905401052,0.0
MYO3A,0.8116364039304187,93.24600021475356,0.0
GNPTAB,0.8116184416849025,93.24063137549662,1.0
MFAP4,0.8110244131125193,93.23526253623966,0.0
BSG,0.8100464076555548,93.22989369698271,0.0
SCP2,0.8095392034544527,93.22452485772575,0.0
COL9A2,0.8094340487799484,93.21915601846881,1.0
PIGN,0.808618258934597,93.21378717921185,0.0
ABL2,0.8084499220513338,93.2084183399549,0.0
MECP2,0.8082044711413887,93.20304950069796,0.0
TCF7L1,0.8078945347764106,93.197680661441,0.0
CAPRIN2,0.8074333878724351,93.19231182218405,0.0
ITGB3,0.8073013659996187,93.18694298292709,0.0
GLE1,0.8072103205068103,93.18157414367015,0.0
AFMID,0.8072053441787139,93.17620530441319,0.0
GABRA5,0.8071078676514036,93.17083646515624,0.0
LAMC1,0.8070312112907688,93.16546762589928,0.0
SLC7A7,0.8068268675528056,93.16009878664234,0.0
FOXI1,0.8066917854122534,93.15472994738538,1.0
ATP5C1,0.8066401691114139,93.14936110812843,0.0
UQCRB,0.8064565039812169,93.14399226887147,0.0
PITX2,0.8063775964196973,93.13862342961453,0.0
SEMA5B,0.8062619433138453,93.13325459035757,0.0
PFKFB3,0.805464905856172,93.12788575110062,0.0
TRPM8,0.8052141093787396,93.12251691184366,0.0
NOG,0.8049970961013694,93.1171480725867,0.0
SLC19A1,0.8048966091494535,93.11177923332976,0.0
TUBGCP5,0.8047798827879994,93.1064103940728,0.0
ZNF330,0.8047648881448234,93.10104155481585,0.0
KNTC1,0.8047060157152931,93.09567271555889,0.0
CDKN1A,0.8047031238876924,93.09030387630195,0.0
ALDH1A1,0.8046618573079181,93.08493503704499,0.0
STAB1,0.8044562590146711,93.07956619778804,0.0
MT3,0.8044274744330846,93.07419735853108,0.0
KDM8,0.8039652370812199,93.06882851927413,0.0
ACE,0.8030938884060221,93.06345968001717,0.0
TSC2,0.8030681083519223,93.05809084076023,1.0
TCF7L2,0.8027725025552647,93.05272200150327,0.0
NUMB,0.8023228163020694,93.04735316224632,0.0
ITGB2,0.8021096574240716,93.04198432298936,0.0
KIAA1328,0.8020363997331812,93.03661548373242,0.0
LFNG,0.8019185285636417,93.03124664447546,0.0
ULK4,0.801770147638514,93.02587780521851,0.0
RUSC1,0.8017303631079917,93.02050896596155,0.0
CHRNA9,0.8013602505804178,93.01514012670461,0.0
RDH10,0.8004640517989203,93.00977128744765,0.0
E2F3,0.8004084827106002,93.0044024481907,0.0
DNMT3B,0.800346435498548,92.99903360893374,0.0
RNASEH2B,0.799781604911187,92.9936647696768,0.0
HMX3,0.7997151712935143,92.98829593041984,0.0
C9orf78,0.7995818880810777,92.98292709116289,0.0
IL2RA,0.7993841324063187,92.97755825190593,0.0
ESR2,0.7993327169683446,92.97218941264899,0.0
MARCKSL1,0.7993039592070823,92.96682057339203,0.0
MST1R,0.798913454656979,92.96145173413508,0.0
NUP98,0.7989084848683847,92.95608289487812,0.0
TKT,0.7982499273092174,92.95071405562118,0.0
EID1,0.7982390419914352,92.94534521636422,0.0
DHCR7,0.7977489397314799,92.93997637710727,0.0
ADAM15,0.7973048699016492,92.93460753785033,0.0
GNAQ,0.7972677320816387,92.92923869859337,1.0
PKD2,0.7970778211685705,92.92386985933642,0.0
C12orf4,0.7968093236024524,92.91850102007946,0.0
TMEM222,0.7963937903289858,92.91313218082252,0.0
TLN1,0.796374951876889,92.90776334156556,0.0
DSC3,0.7962860031394409,92.90239450230861,0.0
ATPAF2,0.7961849234181556,92.89702566305165,0.0
OPA1,0.795590226921723,92.8916568237947,1.0
DDX60,0.7955704233390755,92.88628798453774,0.0
MAP1A,0.7955598698520185,92.8809191452808,0.0
ADRB2,0.7953659767790842,92.87555030602384,0.0
ABCB11,0.7951500598725924,92.8701814667669,0.0
ATP1A2,0.7951198336982548,92.86481262750993,0.0
PSIP1,0.7949689939895789,92.85944378825299,0.0
GDE1,0.7949338892467732,92.85407494899603,0.0
COTL1,0.7949144524806656,92.84870610973908,0.0
LGR5,0.7947911293339089,92.84333727048212,0.0
KAT6B,0.7944662732950656,92.83796843122516,0.0
SLC12A4,0.793809936769557,92.83259959196822,0.0
CDC123,0.7932455110398845,92.82723075271126,0.0
TMOD1,0.793200280546391,92.82186191345431,0.0
REG1A,0.7928739475326732,92.81649307419735,0.0
LRP4,0.7923912612356798,92.8111242349404,0.0
SIK3,0.7923575231719497,92.80575539568345,0.0
AK2,0.7918138352577981,92.80038655642649,0.0
BID,0.7914918508234214,92.79501771716954,0.0
PLK3,0.7914568910727496,92.7896488779126,0.0
R3HCC1L,0.7913477759518762,92.78428003865564,0.0
POC1A,0.7912108208333382,92.77891119939869,0.0
HS2ST1,0.7910060259516536,92.77354236014173,0.0
LAMB3,0.7909737943393659,92.76817352088479,0.0
EGFL7,0.7909157227353271,92.76280468162783,0.0
TTC21A,0.7905982313971552,92.75743584237088,0.0
SLC4A3,0.7903094308135836,92.75206700311392,0.0
MYH6,0.7896851234985325,92.74669816385698,0.0
JMJD1C,0.7886844101287795,92.74132932460002,0.0
SEC63,0.7886527862174326,92.73596048534307,0.0
ASCC2,0.7883388725833752,92.73059164608611,0.0
GAPDH,0.788186545847947,92.72522280682917,0.0
ANXA7,0.7881444603812221,92.7198539675722,0.0
ROBO3,0.7880772589191233,92.71448512831526,0.0
ANP32B,0.7877982303609857,92.7091162890583,0.0
BRD2,0.7875502062225592,92.70374744980136,0.0
HR,0.7875156336195465,92.6983786105444,0.0
PAM,0.7873118241699231,92.69300977128745,0.0
CP,0.7872740266893199,92.68764093203049,1.0
TXK,0.7871886475664511,92.68227209277354,0.0
ABCA3,0.7868480031032308,92.67690325351658,0.0
OLFM3,0.7866659320341685,92.67153441425964,0.0
BPTF,0.786160725535886,92.66616557500268,0.0
ASPM,0.7860602244008347,92.66079673574573,0.0
BMP5,0.7860570136033347,92.65542789648879,0.0
CDC7,0.7856823203313892,92.65005905723183,0.0
GDF11,0.7853975179172599,92.64469021797488,0.0
WDR34,0.7852463105349896,92.63932137871792,0.0
AZGP1,0.7848642199766891,92.63395253946098,0.0
EDARADD,0.7847606319711997,92.62858370020402,0.0
NEDD1,0.784740016664599,92.62321486094707,0.0
SMARCB1,0.7845958766187198,92.61784602169011,0.0
NEK1,0.7845728869071578,92.61247718243317,0.0
SLC27A1,0.7836739166525826,92.60710834317621,0.0
PLD6,0.7835711852661752,92.60173950391926,0.0
USF1,0.78351450083686,92.5963706646623,0.0
DMXL2,0.7835026103092131,92.59100182540536,0.0
E2F4,0.7833324962801822,92.5856329861484,0.0
SHANK2,0.7833061105389153,92.58026414689144,0.0
FGF8,0.7828088267129366,92.57489530763449,0.0
APTX,0.7827259109813289,92.56952646837753,0.0
GSR,0.7825507865057129,92.56415762912059,0.0
WDR59,0.7818018933957027,92.55878878986363,0.0
SV2B,0.7817835000910545,92.55341995060668,0.0
TTN,0.7812533829466087,92.54805111134972,0.0
USMG5,0.7810374584640356,92.54268227209278,0.0
SPEF2,0.7809555282417112,92.53731343283582,0.0
MT1A,0.7806890405178631,92.53194459357886,0.0
ITPR1,0.7805633889861252,92.52657575432191,0.0
ERI1,0.7805297175802849,92.52120691506495,0.0
TFB1M,0.7802300470081727,92.515838075808,0.0
CASK,0.7802097891669415,92.51046923655106,0.0
CUBN,0.7799669505237036,92.5051003972941,0.0
PTPN14,0.7799635347064996,92.49973155803715,0.0
WDR81,0.7799029211166324,92.4943627187802,0.0
ETV4,0.7795014674268698,92.48899387952325,0.0
PTF1A,0.7792518670999691,92.48362504026629,0.0
EGR1,0.7790733218622683,92.47825620100934,0.0
FIGN,0.7790284968080511,92.47288736175238,0.0
HIP1R,0.7787288549376015,92.46751852249544,0.0
SACS,0.7786931399177645,92.46214968323848,1.0
GAD2,0.7784593261263824,92.45678084398153,0.0
DAG1,0.7783200774056909,92.45141200472457,1.0
GOLGA1,0.7781503226383157,92.44604316546763,0.0
OSBPL1A,0.7773323254553277,92.44067432621067,0.0
SPAG17,0.7772575110595394,92.43530548695372,0.0
ACACA,0.77710598809231,92.42993664769676,0.0
DOT1L,0.7765999787173495,92.42456780843982,0.0
ROBO2,0.7765044517803144,92.41919896918286,0.0
TPP1,0.7761963299365733,92.41383012992591,1.0
UBR4,0.7759210711942288,92.40846129066895,0.0
VEZT,0.7757951204727126,92.40309245141201,0.0
VPS41,0.775786175714259,92.39772361215505,0.0
SLC25A5,0.7757751806673776,92.3923547728981,0.0
CALCOCO1,0.7755600718245222,92.38698593364114,0.0
PROS1,0.7755466886167569,92.3816170943842,1.0
ADAM9,0.7751793520540798,92.37624825512725,1.0
GATA2,0.7747776010882504,92.37087941587029,0.0
TSC1,0.7747177906546817,92.36551057661335,1.0
WNK1,0.7742822328517971,92.36014173735639,0.0
CHMP3,0.774230494541125,92.35477289809944,0.0
SIRT1,0.7741554104906044,92.34940405884248,0.0
PEX5L,0.7738462239347881,92.34403521958554,0.0
GABRB3,0.7738155727230012,92.33866638032858,0.0
CHRNB2,0.7734765522658528,92.33329754107163,0.0
NEU1,0.7733329297311247,92.32792870181467,1.0
AP4E1,0.7732125302759686,92.32255986255772,0.0
SYNJ2,0.7724801141361263,92.31719102330077,0.0
CSRP3,0.7722606155884311,92.31182218404382,0.0
HERC1,0.7721728995181666,92.30645334478686,0.0
HPCA,0.7721660799405123,92.3010845055299,0.0
TIMM8B,0.7720942801451984,92.29571566627295,0.0
DCLRE1A,0.771618805137954,92.290346827016,0.0
ABCA5,0.7713096886581428,92.28497798775905,0.0
PAPSS2,0.7710958054276419,92.27960914850209,0.0
TPK1,0.7705992153375715,92.27424030924513,0.0
CDS2,0.7701941808161749,92.26887146998818,0.0
RPL38,0.7701911234703723,92.26350263073122,0.0
CRKL,0.7699354349777666,92.25813379147428,0.0
GUCY2C,0.7697577532142266,92.25276495221732,0.0
ABCC4,0.7696762242668393,92.24739611296037,0.0
RIF1,0.7695648582892979,92.24202727370343,0.0
SH3GL1,0.7695349226016563,92.23665843444647,0.0
ATXN10,0.7690979415373798,92.23128959518952,0.0
ZNF274,0.7688893253534219,92.22592075593256,0.0
LSR,0.7686305918572633,92.22055191667562,0.0
TMCO6,0.7683666377312166,92.21518307741866,0.0
DNAJC1,0.7683501107150673,92.20981423816171,0.0
ZNF329,0.7680766905512434,92.20444539890475,0.0
SEMA5A,0.7677466497897474,92.1990765596478,0.0
DNAJC5,0.7675597541298365,92.19370772039085,0.0
CAMLG,0.7672781011348142,92.1883388811339,0.0
MTTP,0.7671818985477867,92.18297004187694,1.0
PRRC2B,0.7671459104829601,92.17760120262,0.0
HIGD2A,0.7668269654995241,92.17223236336304,0.0
MITF,0.7667041727981441,92.16686352410609,0.0
OCRL,0.7665219449060487,92.16149468484913,0.0
PCCB,0.7664616730472271,92.15612584559219,0.0
PKN2,0.7660972852252798,92.15075700633523,0.0
EIF2AK4,0.7656004474616782,92.14538816707828,0.0
PI4K2A,0.7653248819831475,92.14001932782132,0.0
CHD4,0.7646511234004761,92.13465048856438,0.0
CDH5,0.7645752548443818,92.12928164930742,0.0
TAF6,0.7643830360974374,92.12391281005047,0.0
DHODH,0.7643429549774021,92.11854397079351,0.0
PDIA3,0.7642714701672854,92.11317513153656,0.0
ERC1,0.7639241822059475,92.1078062922796,0.0
FOXM1,0.7637917248136346,92.10243745302266,0.0
ACAT2,0.7637682674967949,92.09706861376571,0.0
ALOXE3,0.7636425331575593,92.09169977450875,0.0
ASAH1,0.7636117466810503,92.08633093525181,0.0
PDS5B,0.7633354233789658,92.08096209599485,0.0
TET1,0.7631907376212098,92.0755932567379,0.0
LAMP1,0.7631705820638721,92.07022441748094,0.0
TPRN,0.7630676145266155,92.064855578224,0.0
GJB6,0.7630324364511702,92.05948673896704,0.0
LPP,0.76288859778688,92.05411789971009,0.0
ABCC9,0.7622331688098452,92.04874906045313,0.0
SLC25A25,0.7622146142562334,92.04338022119617,0.0
CAV2,0.7621006291688411,92.03801138193923,0.0
LCMT1,0.7616771095879351,92.03264254268227,0.0
ADAM17,0.7615446081831798,92.02727370342532,0.0
PRDM1,0.761389293128881,92.02190486416836,0.0
F8,0.7613871924595118,92.01653602491142,0.0
ACVR2A,0.7612617858633577,92.01116718565446,0.0
TDO2,0.7607389582950369,92.00579834639751,0.0
ACOT2,0.7601353476009788,92.00042950714055,0.0
EPHX2,0.7598400491556017,91.99506066788359,0.0
CNP,0.7597735109042733,91.98969182862665,0.0
NIN,0.7589792315153318,91.98432298936969,0.0
MAPT,0.7579504405220967,91.97895415011274,0.0
MYF6,0.757713185736184,91.97358531085578,0.0
ISL1,0.7573739056004638,91.96821647159884,0.0
ZNF462,0.7570260233649729,91.96284763234189,0.0
BMI1,0.756936240488697,91.95747879308493,0.0
ACAN,0.7569091134409963,91.95210995382799,0.0
SERPINB2,0.7568433509390797,91.94674111457103,0.0
PNPO,0.7567209394628469,91.94137227531408,0.0
SKIL,0.7566983161158489,91.93600343605712,0.0
PARD3B,0.7565162822208216,91.93063459680018,0.0
DUSP6,0.7564193063327075,91.92526575754322,0.0
MAP3K12,0.7557754954994362,91.91989691828627,0.0
ITGA6,0.7557597369994594,91.91452807902931,0.0
SMTN,0.7557596543069638,91.90915923977236,0.0
SORD,0.7553897703335377,91.9037904005154,0.0
KMT2E,0.7553356309795046,91.89842156125846,0.0
ALS2,0.7548443053190831,91.8930527220015,0.0
NRCAM,0.7547839852292462,91.88768388274455,0.0
S1PR3,0.7545709344545596,91.8823150434876,0.0
CACNA1C,0.7543550955845479,91.87694620423065,0.0
IL1R1,0.7540790237543045,91.87157736497369,0.0
SLC33A1,0.7539132810895283,91.86620852571674,0.0
HK2,0.7536800428301936,91.86083968645978,0.0
SOX4,0.7536246711418382,91.85547084720284,0.0
OGN,0.7533864126500028,91.85010200794588,0.0
CYC1,0.7522859987481005,91.84473316868893,0.0
ATF6,0.7519464017879989,91.83936432943197,1.0
GLDC,0.7518578628350028,91.83399549017503,0.0
PIKFYVE,0.7517320340536038,91.82862665091807,0.0
FERMT3,0.7512071972222663,91.82325781166112,0.0
GRID2,0.7510892028276646,91.81788897240418,0.0
ATP11A,0.7510757830718624,91.81252013314722,0.0
STAG3,0.7507572961552209,91.80715129389027,0.0
COL16A1,0.7504896762853848,91.80178245463331,0.0
TUBG1,0.749514564281272,91.79641361537637,0.0
CRY2,0.7492996359450224,91.7910447761194,0.0
PCGF2,0.7492500408987388,91.78567593686246,0.0
ARV1,0.7491074522927232,91.7803070976055,0.0
ABCB7,0.748568633188572,91.77493825834856,0.0
MTM1,0.748011075853557,91.7695694190916,0.0
NDUFA11,0.7478964766025321,91.76420057983464,0.0
IDS,0.7478671205336257,91.75883174057769,1.0
NCK1,0.7474327196162148,91.75346290132073,0.0
MYOM1,0.7474171397413218,91.74809406206379,0.0
MED25,0.7474154543665589,91.74272522280683,0.0
LHX3,0.7473478341292763,91.73735638354987,0.0
SIPA1L3,0.7470415746716361,91.73198754429292,0.0
MTR,0.7465635110109141,91.72661870503596,0.0
PIP,0.7462024599945387,91.72124986577901,0.0
NDUFA10,0.74547589637792,91.71588102652206,1.0
SLIRP,0.745023783784845,91.71051218726511,0.0
OGG1,0.7449831617718146,91.70514334800815,0.0
DENND4C,0.7447170430158035,91.6997745087512,0.0
MDH1,0.7446489583092044,91.69440566949424,0.0
PLAU,0.7445827538006197,91.6890368302373,0.0
GRHL3,0.7444278092867115,91.68366799098035,0.0
NRARP,0.7440364856746761,91.6782991517234,0.0
DKK1,0.7438954429126833,91.67293031246645,1.0
ZFP36,0.7435719465814522,91.66756147320949,0.0
UFL1,0.7433543778945134,91.66219263395254,0.0
MYO10,0.7419289292471031,91.65682379469558,0.0
TMSB4X,0.741579765935528,91.65145495543864,0.0
ERMP1,0.7414586727090046,91.64608611618168,0.0
GALT,0.7411991896752917,91.64071727692473,0.0
PCDH12,0.7411370534855022,91.63534843766777,0.0
CDKN2D,0.7411042006919153,91.62997959841083,0.0
JAM3,0.741017925451992,91.62461075915387,0.0
RASA1,0.7402736461161327,91.61924191989692,0.0
MYCN,0.7401113533802756,91.61387308063996,0.0
UFSP2,0.739057909721577,91.60850424138302,0.0
CKMT2,0.7388950672434261,91.60313540212606,0.0
SPRY1,0.7385953699658852,91.59776656286911,0.0
SLC3A2,0.7385201841482603,91.59239772361215,0.0
CAPN7,0.738452344698001,91.5870288843552,0.0
PDLIM1,0.7382956547154036,91.58166004509825,0.0
PISD,0.73816568348564,91.5762912058413,0.0
VHL,0.7381381169504947,91.57092236658434,1.0
SERPINC1,0.7381133925672684,91.5655535273274,0.0
CLK1,0.737928498184089,91.56018468807044,0.0
HOXC13,0.7374731257642118,91.55481584881349,0.0
GFM1,0.7373698565492239,91.54944700955654,0.0
AARS,0.7368215190113279,91.54407817029958,0.0
CEP128,0.7366823355766299,91.53870933104264,0.0
SCN3A,0.7366737557145824,91.53334049178568,0.0
HSD17B1,0.7366612011051584,91.52797165252873,0.0
ATF4,0.7366360635022918,91.52260281327177,0.0
ABCF1,0.7366070266135302,91.51723397401483,0.0
SLC1A3,0.7364834023940456,91.51186513475787,0.0
RBL2,0.7361802402431816,91.50649629550091,0.0
GNL3,0.736055968122216,91.50112745624396,0.0
PDCD2,0.7359298193516423,91.495758616987,0.0
CENPH,0.7359142625894397,91.49038977773006,0.0
NDRG1,0.7358868749007487,91.4850209384731,0.0
YLPM1,0.7355112690680223,91.47965209921615,0.0
RGS5,0.735153072054749,91.4742832599592,0.0
HEPH,0.735054413260076,91.46891442070225,0.0
PCCA,0.7348228154112907,91.46354558144529,0.0
IARS2,0.734773839548894,91.45817674218833,0.0
TRAF3IP2,0.7347398645829996,91.45280790293138,0.0
SHANK3,0.7345467164079365,91.44743906367442,0.0
TAB1,0.7343878962147385,91.44207022441748,0.0
CDK5RAP3,0.7343297828113146,91.43670138516052,0.0
GNPAT,0.7339704664677693,91.43133254590357,0.0
HSPB1,0.7338901679428795,91.42596370664661,0.0
WBP2,0.733555579642142,91.42059486738967,0.0
F7,0.7335365010273384,91.41522602813271,0.0
KIAA0753,0.7332254187923055,91.40985718887576,0.0
NSD1,0.7332018715304969,91.40448834961882,0.0
GPIHBP1,0.7328322959468284,91.39911951036186,1.0
MDN1,0.7327819913829102,91.39375067110491,0.0
HOXB1,0.7325225973752106,91.38838183184795,0.0
MYL2,0.7325032112824255,91.383012992591,0.0
PRKAB1,0.7324117272962719,91.37764415333405,0.0
HAPLN2,0.7322181555509901,91.3722753140771,0.0
SLC19A2,0.7319673602805699,91.36690647482014,1.0
BNC2,0.731410996286847,91.3615376355632,0.0
FREM1,0.7309721272126617,91.35616879630624,0.0
BCL2,0.7306213421020773,91.35079995704929,0.0
HOMER2,0.7303621436228893,91.34543111779233,0.0
RTEL1,0.72975132167062,91.34006227853538,0.0
COX10,0.7296022120750293,91.33469343927842,1.0
MARCKS,0.7294578229045613,91.32932460002148,0.0
CHD8,0.7294214728725165,91.32395576076452,0.0
FITM2,0.7292617172083526,91.31858692150757,0.0
TNFRSF11B,0.7289553742410624,91.31321808225061,1.0
LAMA3,0.7287406533004259,91.30784924299367,0.0
COL1A2,0.7284651807733181,91.30248040373671,0.0
APBB2,0.7283499953358203,91.29711156447976,0.0
HS6ST1,0.7278306871900371,91.2917427252228,0.0
TPR,0.727527391170326,91.28637388596586,0.0
XPC,0.7272954371100736,91.2810050467089,0.0
POLE,0.7271499086931936,91.27563620745195,0.0
SEC24D,0.7269826800279336,91.27026736819501,0.0
CYP1A1,0.7268074005402815,91.26489852893805,0.0
ECI2,0.7265795548658522,91.2595296896811,0.0
SUCLG1,0.7263088382223667,91.25416085042414,0.0
MUC5B,0.7262927328920498,91.2487920111672,0.0
PRKRA,0.7261379866131871,91.24342317191024,0.0
ATP2B2,0.7259417459807903,91.23805433265329,0.0
CHRNA4,0.7257708709565976,91.23268549339633,0.0
SHBG,0.7256472894153402,91.22731665413937,0.0
TTC30B,0.7250368417980682,91.22194781488243,0.0
ELOVL4,0.7250135876087657,91.21657897562547,1.0
SPRY4,0.7248383537702101,91.21121013636852,0.0
RBBP8,0.7246593963189324,91.20584129711156,0.0
MAPK8IP3,0.7243527573276504,91.2004724578546,0.0
DMTF1,0.7240448179809666,91.19510361859766,0.0
ITGA1,0.7238731432495563,91.1897347793407,0.0
ADAMTS14,0.7237739248558803,91.18436594008375,0.0
HOXA5,0.7236942611236463,91.17899710082679,0.0
IL12B,0.722883256375345,91.17362826156985,0.0
MC1R,0.7227323939444895,91.16825942231289,0.0
PLEKHG1,0.7227179043932035,91.16289058305594,0.0
PMP22,0.7226335885821902,91.15752174379898,0.0
TOE1,0.7224225333382202,91.15215290454204,0.0
TRAFD1,0.7223985745778841,91.14678406528508,0.0
CERKL,0.7223161072846458,91.14141522602813,1.0
SURF1,0.7223001120022757,91.13604638677117,1.0
SPNS1,0.7221097039629649,91.13067754751422,0.0
DSC2,0.7219751192517788,91.12530870825728,0.0
SLK,0.721930578543485,91.11993986900032,0.0
TGM2,0.7217057499458827,91.11457102974337,0.0
NELFE,0.7216768396648338,91.10920219048641,0.0
CTTN,0.721474442828803,91.10383335122947,0.0
KCNJ10,0.7211761362278781,91.09846451197251,1.0
HAUS8,0.7207705446130761,91.09309567271556,0.0
RAD9A,0.7204264393142816,91.0877268334586,0.0
LDHA,0.720207415029658,91.08235799420166,0.0
SCYL1,0.7196098095249404,91.0769891549447,0.0
SREBF2,0.7194719532751723,91.07162031568775,0.0
LAPTM4B,0.7193815175676109,91.06625147643079,0.0
FANCM,0.7191170621458305,91.06088263717385,0.0
ATP6AP1,0.7190759105151756,91.05551379791689,0.0
RPS20,0.7184989559545387,91.05014495865994,0.0
TIE1,0.718414102954981,91.04477611940298,0.0
SNAPC1,0.7183761020618252,91.03940728014604,0.0
PCSK5,0.7180939766526511,91.03403844088908,0.0
TIMM10,0.7180194256099335,91.02866960163213,0.0
GGA3,0.7180070779235924,91.02330076237517,0.0
CRTAP,0.717991486494313,91.01793192311823,0.0
EFEMP2,0.7178171862585428,91.01256308386127,0.0
ATG4B,0.7176788939566157,91.00719424460432,0.0
COL4A4,0.7170056882129912,91.00182540534736,0.0
TGFBR3,0.7168876865728604,90.99645656609042,0.0
KDM5A,0.7162277035111677,90.99108772683347,0.0
PEX2,0.7161749491839327,90.98571888757651,1.0
SIRT3,0.715738169613839,90.98035004831956,0.0
SLC12A5,0.7152772657294799,90.9749812090626,0.0
NME7,0.7150803045582333,90.96961236980565,0.0
HPS5,0.7149006775653345,90.9642435305487,0.0
F3,0.714793945835603,90.95887469129174,0.0
BPNT1,0.7139701876032151,90.9535058520348,0.0
RUNX2,0.7139429724912829,90.94813701277783,0.0
PER2,0.7137674344830551,90.94276817352089,0.0
NFIC,0.7137530232385976,90.93739933426393,0.0
CELSR3,0.7136833474459157,90.93203049500698,0.0
FIS1,0.7134455060773671,90.92666165575002,0.0
MMACHC,0.7128337500391035,90.92129281649306,1.0
GRIP1,0.7128100953814331,90.91592397723612,0.0
EP400,0.7127922635458591,90.91055513797916,0.0
TICAM1,0.7126636853723269,90.90518629872221,0.0
PLEKHH2,0.7126526477815273,90.89981745946525,0.0
RAD50,0.7118847483633625,90.89444862020831,0.0
NR4A3,0.7118682856515939,90.88907978095135,0.0
AP3B1,0.7116896384189646,90.8837109416944,0.0
ATG7,0.7115435920431766,90.87834210243744,0.0
SLC22A5,0.7115159642189646,90.8729732631805,0.0
SLC39A4,0.7114302004989603,90.86760442392354,0.0
TAF13,0.7113952484371326,90.86223558466659,0.0
ACSS2,0.7113582244191716,90.85686674540965,0.0
EPB41L5,0.7112578504112993,90.85149790615269,0.0
LLGL2,0.7111378917481432,90.84612906689574,0.0
B4GALNT1,0.7111012362888011,90.84076022763878,0.0
ERCC1,0.7110428957805688,90.83539138838184,0.0
RECK,0.7110113333586623,90.83002254912488,0.0
KDR,0.7109202734681201,90.82465370986793,0.0
CSF1,0.7109193729542308,90.81928487061097,0.0
S1PR2,0.7108544401832251,90.81391603135403,0.0
ADH1B,0.7107540899441204,90.80854719209707,0.0
CDC45,0.7106873808440265,90.80317835284012,0.0
EXT2,0.7106046674752561,90.79780951358316,0.0
CNTNAP2,0.7103539294169702,90.79244067432622,0.0
PTPRF,0.7090481560632937,90.78707183506926,0.0
GOLGA4,0.7083509922308749,90.78170299581231,0.0
UNC5B,0.7081679045427913,90.77633415655535,0.0
NPR3,0.7073180740724794,90.7709653172984,0.0
ARFGEF2,0.7072065342535684,90.76559647804145,0.0
RHBDF1,0.7071377788798616,90.7602276387845,0.0
PXDN,0.7069590857073328,90.75485879952754,0.0
B2M,0.7069504350351299,90.7494899602706,0.0
HNF4A,0.7067085315679608,90.74412112101363,0.0
MATN2,0.7060345907898662,90.73875228175669,0.0
SHH,0.7058436217708753,90.73338344249973,1.0
CLDN14,0.705732037598916,90.72801460324278,0.0
GJC1,0.7057246259031157,90.72264576398582,0.0
MTUS1,0.705141430444362,90.71727692472888,0.0
RNASET2,0.705109660280193,90.71190808547193,0.0
ASCL1,0.7049527216113269,90.70653924621497,0.0
PGBD1,0.7048180337698025,90.70117040695803,0.0
HSPB6,0.7047780025254021,90.69580156770107,0.0
TFE3,0.7044559057429746,90.69043272844411,0.0
PLS1,0.704400042948713,90.68506388918716,0.0
MCM3,0.7040828162269017,90.6796950499302,0.0
KCNE1,0.7037072684461313,90.67432621067326,0.0
MYO7B,0.7034301712455379,90.6689573714163,0.0
CDH13,0.703416831365227,90.66358853215934,0.0
TANGO6,0.7031251597609098,90.65821969290239,0.0
SLC27A4,0.7030649632312508,90.65285085364543,0.0
SQSTM1,0.7028730254283393,90.64748201438849,0.0
DLAT,0.7020490266734879,90.64211317513153,0.0
ASPH,0.7020263538023733,90.63674433587458,0.0
FBXW7,0.7020150946573237,90.63137549661762,0.0
NUCB1,0.7016753307184052,90.62600665736068,0.0
MTX2,0.7016568900182112,90.62063781810372,0.0
C1orf43,0.701380138219973,90.61526897884677,0.0
EXT1,0.701362641704391,90.60990013958981,0.0
INSR,0.700482832647313,90.60453130033287,0.0
PMEL,0.7003646740125852,90.5991624610759,0.0
WDR91,0.7000515148421449,90.59379362181896,0.0
LETMD1,0.7000386038016935,90.588424782562,0.0
FKBP4,0.700020883088113,90.58305594330506,0.0
AIP,0.6998069734744459,90.57768710404811,0.0
RFX3,0.6997975452890403,90.57231826479115,0.0
FBXW4,0.6995894415413872,90.5669494255342,0.0
EDN1,0.6992324657516865,90.56158058627724,0.0
PRPF31,0.6991652472545635,90.5562117470203,1.0
EFHD1,0.6991213637494706,90.55084290776334,0.0
TYW1B,0.6990978612183556,90.5454740685064,0.0
ACADS,0.6986955798072563,90.54010522924943,0.0
STAB2,0.6986448846852902,90.53473638999249,0.0
HSP90AA1,0.698297584108001,90.52936755073553,0.0
SPTB,0.6981876312444535,90.52399871147858,0.0
USP53,0.6980488263192048,90.51862987222162,0.0
KRT13,0.6979257824055625,90.51326103296468,0.0
MCM2,0.6977079865134546,90.50789219370772,0.0
PYGO1,0.6976244619496095,90.50252335445077,0.0
IGF2,0.6976118649252671,90.49715451519381,0.0
KIF22,0.6974391812087541,90.49178567593687,0.0
DSP,0.6972311807423859,90.48641683667991,0.0
MEF2C,0.6970914706950369,90.48104799742296,0.0
ZNF22,0.6970661414082439,90.475679158166,0.0
GORASP1,0.6965871406590927,90.47031031890906,0.0
CYB5D2,0.6963110369636762,90.4649414796521,0.0
RYR1,0.6962652431153252,90.45957264039515,0.0
PLK4,0.6961829689539392,90.45420380113819,1.0
GJA3,0.696102749496217,90.44883496188125,0.0
NRAS,0.695543401517982,90.44346612262429,0.0
PLG,0.6954303497104534,90.43809728336734,0.0
RELN,0.6953765989951861,90.43272844411038,0.0
ITGA10,0.6950614528119068,90.42735960485344,0.0
PRDM4,0.6948104615524537,90.42199076559648,0.0
DRD2,0.6945035749715852,90.41662192633953,0.0
TPM3,0.6944357229088804,90.41125308708257,0.0
NFKBIA,0.6941392351457185,90.40588424782563,0.0
YES1,0.6940772764499304,90.40051540856867,0.0
IFITM3,0.6939928174028982,90.39514656931172,0.0
PLCG1,0.6938044757407187,90.38977773005476,0.0
EMC6,0.6936680863733408,90.3844088907978,0.0
DDX41,0.6930400319075899,90.37904005154085,0.0
ELN,0.6930035367800412,90.3736712122839,0.0
CCR2,0.6924072610956102,90.36830237302695,0.0
GEMIN2,0.6922802956570572,90.36293353376999,0.0
CTNNBIP1,0.6918777379066989,90.35756469451304,0.0
COL4A5,0.6918359397168563,90.35219585525608,0.0
CAT,0.6917990130074948,90.34682701599914,0.0
DOK7,0.6911539250047514,90.34145817674218,0.0
RPL24,0.6906775916964805,90.33608933748523,0.0
BRAP,0.6904957811421607,90.33072049822827,0.0
CHSY1,0.6902585944117597,90.32535165897133,0.0
SYNJ1,0.6899901639697608,90.31998281971437,0.0
IFNGR1,0.6899028639217446,90.31461398045742,0.0
TREX1,0.6897498179087531,90.30924514120046,1.0
PTCD3,0.6895264736831072,90.30387630194352,0.0
QKI,0.6893686585326364,90.29850746268657,0.0
EIF6,0.689283181227364,90.29313862342961,0.0
OSBPL10,0.6886746380358156,90.28776978417267,0.0
GPM6A,0.6886034924049985,90.28240094491571,0.0
EBF3,0.6884221700684814,90.27703210565876,0.0
DGAT2,0.6884176447665105,90.2716632664018,0.0
GATA3,0.6882500748859425,90.26629442714486,0.0
FAS,0.6876944846536631,90.2609255878879,1.0
SCNN1B,0.6875877057787572,90.25555674863095,0.0
ATL2,0.6875704720662441,90.25018790937399,0.0
ABCA8,0.6875259637311805,90.24481907011705,0.0
ABCA12,0.6873391883979459,90.23945023086009,0.0
EYS,0.687232006478253,90.23408139160314,1.0
NDUFA3,0.6872166286439825,90.22871255234618,0.0
TGM1,0.6868673744569541,90.22334371308924,0.0
RAF1,0.6866234379775439,90.21797487383228,0.0
RNF38,0.6865041058545585,90.21260603457533,0.0
AHCTF1,0.6859930045219796,90.20723719531837,0.0
ITM2B,0.6858982770197097,90.20186835606142,1.0
RPS7,0.6856140224555753,90.19649951680447,0.0
GIGYF2,0.6853413758749781,90.19113067754752,0.0
LRRFIP1,0.6848510433706421,90.18576183829056,0.0
CCDC92,0.6847388170215081,90.18039299903361,0.0
ALCAM,0.6846016947324511,90.17502415977665,0.0
POLA2,0.6844972728463085,90.16965532051971,0.0
SDR16C5,0.6844629973110362,90.16428648126276,0.0
TUBGCP2,0.6842964049621575,90.1589176420058,0.0
TSKU,0.6842069446722143,90.15354880274884,0.0
VTI1B,0.6838173692006722,90.1481799634919,0.0
ATP6V0E1,0.6837043330760969,90.14281112423494,0.0
PSENEN,0.6836920758319216,90.137442284978,0.0
EDAR,0.6835701601666021,90.13207344572103,0.0
ZNF513,0.6835485915088504,90.12670460646407,1.0
SLC38A10,0.6835039185465597,90.12133576720713,0.0
TM7SF2,0.6833095701879855,90.11596692795017,0.0
DOCK5,0.6829000214397336,90.11059808869322,0.0
IDH3B,0.6828647766530689,90.10522924943626,1.0
KCNA1,0.6828440569024504,90.09986041017932,0.0
IFI27L2,0.6828397023524645,90.09449157092236,0.0
DNAH8,0.6828303274215937,90.08912273166541,0.0
MYOZ2,0.6827655323720718,90.08375389240845,0.0
TOP3A,0.682661898448937,90.07838505315151,0.0
MYBPHL,0.6825933618370956,90.07301621389455,0.0
FRK,0.6823968046725499,90.0676473746376,0.0
KRT1,0.682390745551654,90.06227853538064,0.0
FOXC2,0.6821751575878775,90.0569096961237,0.0
BGLAP,0.6821513947911937,90.05154085686674,0.0
CALR,0.6818815986138265,90.04617201760979,0.0
CA4,0.6817827687523509,90.04080317835283,1.0
SMAD9,0.6815608137939358,90.03543433909589,0.0
CDKN2A,0.6813078349526721,90.03006549983893,0.0
POLR3A,0.6809582439030003,90.02469666058198,0.0
VPS37D,0.6808803144878874,90.01932782132504,0.0
SLC4A11,0.6807444674232704,90.01395898206808,0.0
QDPR,0.6806587483189306,90.00859014281113,0.0
MFN2,0.6806275202891483,90.00322130355417,0.0
CUL9,0.6804970014054306,89.99785246429722,0.0
SLC4A2,0.6804349997701015,89.99248362504026,0.0
RNF10,0.6803226614449756,89.98711478578332,0.0
APOA4,0.6801186374433678,89.98174594652636,0.0
N4BP2,0.6798202533276713,89.97637710726941,0.0
CEP57,0.6794202491940545,89.97100826801245,0.0
ITGA9,0.6793580743380445,89.96563942875551,0.0
NUMA1,0.6793115731790216,89.96027058949855,0.0
GGNBP2,0.6778417855576915,89.9549017502416,0.0
CDK2,0.677797533154671,89.94953291098464,0.0
SMAD2,0.6775402435681932,89.9441640717277,0.0
CYBA,0.677200470058393,89.93879523247074,0.0
UVSSA,0.6763492650910002,89.9334263932138,0.0
FLNC,0.676192091625449,89.92805755395683,0.0
TUSC3,0.675925382167772,89.92268871469989,0.0
SULF1,0.6757284104272493,89.91731987544293,0.0
DDIT4,0.6754942816449928,89.91195103618598,0.0
ZBTB24,0.6754471046195817,89.90658219692902,0.0
DCTN1,0.6753372533311139,89.90121335767208,0.0
EIF2B4,0.6750687584231146,89.89584451841512,0.0
HMX2,0.674244323389429,89.89047567915817,0.0
MAP2K3,0.6741508924785522,89.88510683990121,0.0
GP6,0.6739501479197375,89.87973800064427,0.0
FOS,0.673787146131026,89.8743691613873,0.0
MCM10,0.6736179713047895,89.86900032213036,0.0
PLA2G3,0.6731678220243543,89.8636314828734,0.0
SZT2,0.6730546098940311,89.85826264361646,0.0
DSCAML1,0.6724820291592901,89.8528938043595,0.0
PGAM5,0.6723186165497479,89.84752496510254,0.0
SRRM4,0.6721646658096366,89.84215612584559,0.0
PLEKHM2,0.6719630313543125,89.83678728658863,0.0
RAB34,0.6715802523243557,89.83141844733169,0.0
MT1G,0.6709396776223228,89.82604960807473,0.0
WDR62,0.6701982855788444,89.82068076881778,0.0
RAB11FIP3,0.6699327661379952,89.81531192956082,0.0
DEAF1,0.669545766865316,89.80994309030388,0.0
CCND2,0.6691276703201683,89.80457425104692,0.0
CECR2,0.668440177284046,89.79920541178997,0.0
MAN1B1,0.6682424860210634,89.79383657253301,0.0
MAML1,0.6682137217656963,89.78846773327606,0.0
VAV3,0.6679186599314639,89.7830988940191,0.0
GLYCTK,0.6677459275511257,89.77773005476216,0.0
POLB,0.6670301892723979,89.7723612155052,0.0
MED17,0.6670001131602337,89.76699237624825,0.0
SHMT2,0.6669349512547569,89.7616235369913,0.0
SCN9A,0.6669027911414194,89.75625469773435,0.0
NOS2,0.6668451191759888,89.75088585847739,0.0
CETN2,0.6666573882350536,89.74551701922044,0.0
EOGT,0.6666050621717006,89.7401481799635,0.0
C2orf47,0.6665556980555187,89.73477934070654,0.0
GSTCD,0.6664351760251992,89.72941050144959,0.0
PRPF18,0.6659193740185847,89.72404166219263,0.0
SDHD,0.6656603087840562,89.71867282293569,1.0
RNF157,0.6652951255607513,89.71330398367873,0.0
ATRN,0.6650054294229472,89.70793514442178,0.0
ASL,0.6649100921466724,89.70256630516482,0.0
CBY1,0.664859612449662,89.69719746590788,0.0
MROH1,0.6646583943841933,89.69182862665092,0.0
TLR3,0.6646197446320335,89.68645978739397,0.0
LIMA1,0.6646154894653384,89.68109094813701,0.0
USP38,0.6646056697336696,89.67572210888007,0.0
MAD1L1,0.6645415040887888,89.6703532696231,0.0
CEP70,0.6643439913817517,89.66498443036616,0.0
RBFOX1,0.6641828216552673,89.6596155911092,0.0
BMPR1A,0.6641483554876819,89.65424675185226,0.0
VIPR1,0.6639644899391829,89.6488779125953,0.0
CHRD,0.6637790253051898,89.64350907333835,0.0
AIFM1,0.6637184286074749,89.63814023408139,0.0
ZIC3,0.6634462910476022,89.63277139482445,0.0
TFRC,0.6633915567575505,89.62740255556749,0.0
MIPOL1,0.6629927959283866,89.62203371631054,0.0
HPS3,0.6626883164127086,89.61666487705358,0.0
STAT6,0.6625716280192491,89.61129603779663,0.0
HIRA,0.6623692121287191,89.60592719853967,0.0
IRF6,0.6621489526229243,89.60055835928273,0.0
POLH,0.6620018406369665,89.59518952002577,0.0
WARS,0.6616379948011702,89.58982068076881,0.0
CRB2,0.6615074685836859,89.58445184151186,0.0
FMOD,0.6615061399853438,89.5790830022549,0.0
UBE2A,0.6612576522811171,89.57371416299796,0.0
SLC2A8,0.6611514348549872,89.568345323741,0.0
CSE1L,0.6610256435635258,89.56297648448405,0.0
ZNF189,0.660738164438245,89.5576076452271,0.0
RYR2,0.6607144902492832,89.55223880597015,0.0
SAMD9L,0.6603512378968847,89.54686996671319,0.0
GSS,0.6603176363367717,89.54150112745624,1.0
OGDHL,0.6602014726533725,89.53613228819928,0.0
UBA6,0.6599541619254387,89.53076344894234,0.0
S100A8,0.6595518565294453,89.52539460968538,0.0
E2F1,0.6594990960199826,89.52002577042843,0.0
MCCC1,0.6591428300777021,89.51465693117147,0.0
DLG2,0.6591203849278988,89.50928809191453,0.0
SIN3A,0.6589135477721164,89.50391925265757,0.0
CNOT1,0.6588920443560147,89.49855041340062,0.0
MCTP1,0.6586971886001862,89.49318157414366,0.0
KCNA10,0.6582802151095831,89.48781273488672,0.0
RARS2,0.658096891090205,89.48244389562976,0.0
ZNF226,0.6580803094001453,89.47707505637281,0.0
GJB1,0.6580401988731808,89.47170621711587,0.0
ARSA,0.6580187146644063,89.4663373778589,0.0
SLC40A1,0.6577947549221662,89.46096853860196,0.0
HAPLN1,0.6575751637697244,89.455599699345,0.0
BTD,0.6573552267997497,89.45023086008806,0.0
S100A4,0.6573538179787424,89.4448620208311,0.0
NOL8,0.6566585041952149,89.43949318157415,0.0
WDFY3,0.6566254735681338,89.43412434231719,0.0
SGCG,0.6565284965719308,89.42875550306024,0.0
GLA,0.6564266383329616,89.42338666380329,0.0
PTGR2,0.6561412233390912,89.41801782454634,0.0
PIGR,0.6558230050773287,89.41264898528938,0.0
PAX7,0.6556737820551195,89.40728014603243,0.0
UIMC1,0.6555069042568104,89.40191130677547,0.0
PHC1,0.6552760669185276,89.39654246751853,0.0
SOX2,0.6551690362633245,89.39117362826157,0.0
HLA-C,0.6551395591903149,89.38580478900462,0.0
AXL,0.6545532907168828,89.38043594974766,0.0
WNT1,0.6537037449524603,89.37506711049072,0.0
PPM1B,0.6536664066125961,89.36969827123376,0.0
RASGRP4,0.6536210568479023,89.36432943197681,0.0
UQCR10,0.6535987404769861,89.35896059271985,0.0
PFDN2,0.653507679288724,89.35359175346291,0.0
PKP2,0.653448566985777,89.34822291420595,0.0
DLX2,0.6533526575335352,89.342854074949,0.0
COL3A1,0.653232288605113,89.33748523569204,0.0
NCOA3,0.6529476751232879,89.3321163964351,0.0
MACF1,0.6528957629740695,89.32674755717814,0.0
TJP1,0.6526419798060903,89.32137871792119,0.0
CKM,0.6526127236349264,89.31600987866423,0.0
NKD1,0.6525311344450847,89.31064103940727,0.0
WDR3,0.6525251326367485,89.30527220015033,0.0
ABR,0.6522603190132955,89.29990336089337,0.0
TEAD2,0.6522601990585705,89.29453452163642,0.0
USP50,0.6522376778994958,89.28916568237946,0.0
RXFP2,0.6519276558566034,89.28379684312252,0.0
KRT8,0.6515251776486969,89.27842800386556,0.0
ORC6,0.6511962390687352,89.27305916460861,0.0
QSOX1,0.6511775289434409,89.26769032535165,0.0
PIEZO1,0.6511569199030114,89.2623214860947,0.0
KATNB1,0.6508988853309754,89.25695264683775,0.0
MIB1,0.6506794991291607,89.2515838075808,0.0
UPF1,0.6505550571403936,89.24621496832384,0.0
TGFB1,0.65002806998757,89.2408461290669,0.0
ADORA2A,0.6496137125331873,89.23547728980994,0.0
NEB,0.6493396160601375,89.23010845055299,0.0
CTSA,0.6491728685705864,89.22473961129603,0.0
ZSCAN2,0.6491361011921705,89.21937077203908,0.0
REM2,0.6490937517902478,89.21400193278212,0.0
MLH3,0.648856602489474,89.20863309352518,0.0
CCDC80,0.6487495402374148,89.20326425426822,0.0
H2AFX,0.6487372494945289,89.19789541501127,0.0
CCDC57,0.6486986592261694,89.19252657575433,0.0
BLOC1S6,0.6485306793469902,89.18715773649737,0.0
WNT7A,0.647976669969434,89.18178889724042,0.0
CCNA2,0.6475612366219181,89.17642005798346,0.0
DOLK,0.6474580509520107,89.17105121872652,0.0
NCSTN,0.6469701311584583,89.16568237946956,0.0
PFKM,0.6465812587959422,89.16031354021261,0.0
VDR,0.6461670933159013,89.15494470095565,0.0
FLT1,0.6459740201727832,89.14957586169871,0.0
TGS1,0.6459555738428112,89.14420702244175,0.0
BARX2,0.645827086017295,89.1388381831848,0.0
PLCB2,0.6453941105880452,89.13346934392784,0.0
CTNNA1,0.6452348657785285,89.1281005046709,0.0
ALAS2,0.6451869569726459,89.12273166541394,0.0
TRIP11,0.6450317231937712,89.11736282615699,0.0
ASIC3,0.6445403078362906,89.11199398690003,0.0
IGFBP3,0.6440461608799468,89.10662514764309,0.0
GBA2,0.6438894178627956,89.10125630838613,0.0
APCDD1,0.6435335661827514,89.09588746912918,0.0
TIMP3,0.6430847293421522,89.09051862987222,1.0
ACTN4,0.643004410839897,89.08514979061528,0.0
SMARCD3,0.6427216169343085,89.07978095135832,0.0
HUWE1,0.6425469290486535,89.07441211210137,0.0
SSX2IP,0.6424071819694281,89.06904327284441,0.0
MYH3,0.6420245460857823,89.06367443358747,0.0
NBEA,0.6419985440564051,89.0583055943305,0.0
USP16,0.6418046269202855,89.05293675507355,0.0
EPN3,0.6416907320755391,89.0475679158166,0.0
IFI27,0.6416069413852421,89.04219907655964,0.0
BIRC6,0.6410538276829848,89.0368302373027,0.0
KIF16B,0.6405265478939136,89.03146139804574,0.0
SMAD6,0.6405143458062738,89.02609255878879,0.0
ROCK1,0.6405104063891439,89.02072371953183,0.0
GTF2H5,0.6404962217146788,89.01535488027488,0.0
KIF19,0.6404950802448227,89.00998604101792,0.0
COG6,0.6402244230859149,89.00461720176098,0.0
ZNF445,0.6398571848408203,88.99924836250402,0.0
IGFBP7,0.6393753813702227,88.99387952324707,1.0
FZD2,0.6388649883781736,88.98851068399011,0.0
GPX3,0.6387920731534853,88.98314184473317,0.0
ARID4B,0.6384424835701371,88.97777300547621,0.0
MASP1,0.6382455670372016,88.97240416621926,0.0
ATR,0.6382102058811782,88.9670353269623,0.0
GRB2,0.6379617160995281,88.96166648770536,0.0
HK1,0.6378986186002944,88.9562976484484,0.0
LAPTM4A,0.6378168443560237,88.95092880919145,0.0
RPS6,0.6374796785111043,88.9455599699345,0.0
DZIP1,0.63711867296585,88.94019113067755,0.0
COX7A1,0.6370807538280914,88.93482229142059,0.0
PHKG2,0.6367525454507174,88.92945345216364,0.0
SFXN4,0.6366809915376253,88.92408461290668,0.0
KIF21A,0.6366802427658518,88.91871577364974,0.0
HLA-B,0.6365470339968882,88.91334693439279,0.0
RAB27A,0.6360118217327237,88.90797809513583,0.0
NEUROG1,0.6358808032601084,88.90260925587889,0.0
UBE4B,0.6356539731631226,88.89724041662193,0.0
NRTN,0.6353917988675556,88.89187157736498,0.0
SLC19A3,0.635144082285533,88.88650273810802,1.0
CYS1,0.6348793788793189,88.88113389885108,0.0
TTC1,0.6346985993792967,88.87576505959412,0.0
SPIN1,0.6346876446832755,88.87039622033717,0.0
POLD1,0.6343471286296664,88.86502738108021,0.0
BRCA1,0.6343020960711548,88.85965854182326,0.0
CCDC115,0.6339560413296095,88.8542897025663,0.0
ADAM12,0.6339332537132802,88.84892086330936,0.0
ANGPTL3,0.6335327897853681,88.8435520240524,0.0
MNS1,0.6334056787881434,88.83818318479545,0.0
SMC6,0.6331664618940864,88.8328143455385,0.0
RNF146,0.6330111632221482,88.82744550628155,0.0
HARS,0.6328972534345754,88.82207666702459,1.0
MYO9A,0.6326250572244912,88.81670782776764,0.0
CTNND1,0.6323690206708272,88.81133898851068,0.0
DICER1,0.6323433549243447,88.80597014925374,0.0
LARS,0.6322002367301331,88.80060130999678,0.0
HAUS4,0.6320555788581665,88.79523247073983,0.0
ABLIM1,0.6318873342771081,88.78986363148287,0.0
ECM1,0.6312629165589789,88.78449479222593,0.0
NALCN,0.6309394962228483,88.77912595296897,0.0
RUNDC1,0.6309053720054292,88.77375711371201,0.0
PDZK1,0.6308955344092381,88.76838827445506,0.0
DEPDC1,0.63060283792987,88.7630194351981,0.0
ATXN7L3,0.6305283996716178,88.75765059594116,0.0
XBP1,0.6305193550772048,88.7522817566842,0.0
SKIV2L,0.630501568884255,88.74691291742725,0.0
GNB5,0.6303973844806401,88.74154407817029,1.0
PTGS2,0.6299988348376266,88.73617523891335,0.0
TAX1BP3,0.6299734874941002,88.73080639965639,0.0
AFF1,0.6299242310814103,88.72543756039944,0.0
PTPDC1,0.6299106708967404,88.72006872114248,0.0
SPEN,0.6298210854817163,88.71469988188554,0.0
NCAPD2,0.6296368233124652,88.70933104262858,0.0
RPAP3,0.6295519364825048,88.70396220337163,0.0
WWOX,0.6291666876808735,88.69859336411467,0.0
COX6A1,0.6291418667335147,88.69322452485773,0.0
FOXA2,0.6290459498741328,88.68785568560077,0.0
CPOX,0.6288403283589694,88.68248684634382,0.0
CASZ1,0.6287337154851393,88.67711800708686,0.0
PPM1K,0.6284206585117833,88.67174916782992,0.0
SMN1,0.6283089802762505,88.66638032857296,0.0
ERMN,0.628125008583676,88.66101148931601,0.0
NUP155,0.6280781545067302,88.65564265005905,0.0
NCOR2,0.6277949718401349,88.6502738108021,0.0
BUB1,0.6272361184497546,88.64490497154515,0.0
NGF,0.6271214196662622,88.6395361322882,0.0
PLAC8,0.626772842925154,88.63416729303125,0.0
HCLS1,0.6266848267806151,88.6287984537743,0.0
EPRS,0.6265407959703271,88.62342961451735,0.0
GARS,0.6261900769096393,88.61806077526039,0.0
FDXR,0.6258577260821231,88.61269193600344,0.0
CHRNA3,0.6257862087257253,88.60732309674648,0.0
PLS3,0.6254714696265664,88.60195425748954,0.0
ORC3,0.6253409211623827,88.59658541823258,0.0
NCDN,0.6253273299229483,88.59121657897563,0.0
CSPG4,0.625042984317829,88.58584773971867,0.0
VCAN,0.6250295701830909,88.58047890046173,1.0
VAV2,0.6249943416493738,88.57511006120477,0.0
LIG3,0.6249250931632495,88.56974122194782,0.0
CACNB4,0.6247635308853128,88.56437238269086,0.0
CSAD,0.6246579105671948,88.55900354343392,0.0
PYGL,0.6245742434787946,88.55363470417696,0.0
GJA5,0.624569191254461,88.54826586492001,0.0
SMC5,0.6244766749695836,88.54289702566305,0.0
SRSF1,0.6238580744012002,88.5375281864061,0.0
ATP1A1,0.6236763705103409,88.53215934714915,0.0
PNKP,0.6231292313921706,88.5267905078922,0.0
ABHD11,0.6230189384076265,88.52142166863524,0.0
EPB41L3,0.6228519235942431,88.51605282937828,0.0
CHTOP,0.6225122055159458,88.51068399012134,0.0
NFATC3,0.6225001712820066,88.50531515086438,0.0
ENKUR,0.6224863004689513,88.49994631160743,0.0
ATXN7,0.6219063838858001,88.49457747235047,1.0
HNRNPK,0.6216528534845215,88.48920863309353,0.0
H2AFY,0.6215890446848922,88.48383979383657,0.0
INPP5B,0.6214145069757415,88.47847095457962,0.0
NBN,0.621370265470279,88.47310211532266,0.0
EFNB1,0.6211812722517653,88.46773327606572,0.0
CD46,0.6211282656206341,88.46236443680876,0.0
MAX,0.6210794147789088,88.45699559755181,1.0
GADD45G,0.6210533370696713,88.45162675829485,0.0
RB1,0.6207482752689204,88.4462579190379,1.0
GRN,0.6205378156073922,88.44088907978094,1.0
SHC1,0.6204631434896704,88.435520240524,0.0
WNT8A,0.6203121798695606,88.43015140126704,0.0
OTX2,0.6202250682566378,88.4247825620101,1.0
HPN,0.6202040056850621,88.41941372275313,0.0
CEP72,0.6201848316375407,88.41404488349619,0.0
DHX16,0.620142856025479,88.40867604423923,0.0
AASDHPPT,0.6197215398357223,88.40330720498228,0.0
PDSS2,0.6188160126062578,88.39793836572532,0.0
CDK1,0.6183708777382596,88.39256952646838,0.0
KIF1B,0.6183448691180862,88.38720068721142,1.0
NFAT5,0.6182928650131999,88.38183184795447,0.0
COQ9,0.6178833410549844,88.37646300869751,0.0
HERC2,0.6177258489909964,88.37109416944057,0.0
SCN11A,0.6177132243429884,88.36572533018361,0.0
MYH7,0.6175332529179929,88.36035649092666,0.0
DYNC1LI1,0.6174946284370811,88.35498765166972,0.0
APP,0.6174027760620251,88.34961881241276,0.0
EHD3,0.617243059026054,88.34424997315581,0.0
INHBB,0.6169209504908068,88.33888113389885,0.0
PIGV,0.6166762947607781,88.3335122946419,0.0
ACSL4,0.6162989163930164,88.32814345538495,0.0
DAP3,0.6161520406109837,88.322774616128,0.0
LRTOMT,0.616052163540828,88.31740577687104,0.0
ROCK2,0.6159675602193386,88.3120369376141,0.0
TELO2,0.6159189613095879,88.30666809835714,0.0
PHEX,0.6158617483237656,88.30129925910019,0.0
ACSS1,0.6158238805524828,88.29593041984323,0.0
SLC25A3,0.6157947295829518,88.29056158058629,0.0
MAGEL2,0.6155543716699495,88.28519274132933,0.0
SHARPIN,0.615458526221466,88.27982390207238,0.0
PAX5,0.6150970491401291,88.27445506281542,0.0
KIF3B,0.6150838833199648,88.26908622355847,0.0
ESPL1,0.6148495027614989,88.26371738430151,0.0
DZIP3,0.614622861482033,88.25834854504457,0.0
PRPF8,0.6145638878994059,88.25297970578761,1.0
SNIP1,0.6141733663271881,88.24761086653066,0.0
PLK2,0.6137294452927455,88.2422420272737,0.0
CTC1,0.6133056415413628,88.23687318801674,1.0
NEUROG2,0.6131195758444117,88.2315043487598,0.0
MMP13,0.6127632820200889,88.22613550950284,0.0
RGS11,0.6126791172159958,88.2207666702459,0.0
WWTR1,0.6126570662922992,88.21539783098893,0.0
DYNLRB2,0.612538876169648,88.21002899173199,0.0
SCN8A,0.6124644073894874,88.20466015247503,0.0
SLC12A7,0.6124031616314471,88.19929131321808,0.0
CCDC14,0.6123212040199136,88.19392247396112,0.0
SORT1,0.6122883529622283,88.18855363470418,0.0
WNT2B,0.6121228642785249,88.18318479544722,0.0
HMGCS2,0.6121062975248563,88.17781595619027,0.0
DNMT1,0.6119971448427765,88.17244711693331,0.0
ADHFE1,0.6119950624266788,88.16707827767637,0.0
CRYGC,0.6119385946676583,88.16170943841941,0.0
CACNA1S,0.6119260646000968,88.15634059916246,0.0
AHCY,0.6118996677036588,88.1509717599055,0.0
DLD,0.6116937169011452,88.14560292064856,0.0
KRIT1,0.6116651882186555,88.1402340813916,1.0
DAB1,0.6115252819387519,88.13486524213465,0.0
HAX1,0.6114107910469525,88.12949640287769,0.0
LLGL1,0.6112454242770271,88.12412756362075,0.0
ZC4H2,0.6110059231376623,88.11875872436379,0.0
ATRIP,0.6108570177952528,88.11338988510684,0.0
ROBO1,0.610491251982869,88.10802104584988,0.0
STAM,0.6102021265874239,88.10265220659294,0.0
MARK3,0.610135056423403,88.09728336733598,0.0
CPT2,0.6100944874597961,88.09191452807903,0.0
MT1M,0.6100941643152654,88.08654568882208,0.0
JAM2,0.6099100505008781,88.08117684956513,0.0
IMMP2L,0.6096930504156837,88.07580801030818,0.0
MOB1B,0.6093426758187118,88.07043917105122,0.0
SLC5A7,0.6092585296567148,88.06507033179427,0.0
GGA2,0.6086692204429609,88.05970149253731,0.0
TUBB,0.6086178895162068,88.05433265328037,0.0
AKAP6,0.6085687259219248,88.04896381402341,0.0
MSR1,0.608486368147547,88.04359497476646,0.0
SCD,0.6079000299341883,88.0382261355095,0.0
ZFHX3,0.6074826347518347,88.03285729625256,0.0
TACO1,0.6074198436609725,88.0274884569956,1.0
AGAP1,0.607245864348909,88.02211961773865,0.0
PLVAP,0.606920142584555,88.0167507784817,0.0
CC2D1A,0.6069106433085912,88.01138193922475,0.0
NYX,0.6066097674830684,88.00601309996779,0.0
AP1G1,0.6064461784695218,88.00064426071084,0.0
BAD,0.606395254382653,87.99527542145388,0.0
ABCB1,0.6058915634357201,87.98990658219694,0.0
ROR1,0.6057199591263046,87.98453774293998,0.0
SERPINH1,0.605659563010501,87.97916890368302,0.0
ARHGEF11,0.6053197798003469,87.97380006442607,0.0
ACTL6A,0.6051573341861631,87.96843122516911,0.0
CA9,0.6050149868633599,87.96306238591217,0.0
ITGA5,0.6046762363141384,87.95769354665521,0.0
DNAJC17,0.6046438209727676,87.95232470739826,0.0
EOMES,0.6045353041385164,87.9469558681413,0.0
MTAP,0.6044899369631717,87.94158702888436,0.0
EGR2,0.6043494996718488,87.9362181896274,0.0
TLR5,0.6042244737222091,87.93084935037045,0.0
DNER,0.6041181883135646,87.92548051111349,0.0
UQCRH,0.604087741525127,87.92011167185655,0.0
KAT2A,0.6039120843603516,87.91474283259959,0.0
UPF3A,0.6033873480938879,87.90937399334264,0.0
EHMT1,0.6033001075566442,87.90400515408568,0.0
ANKRD17,0.6032910110459777,87.89863631482874,0.0
NTMT1,0.6029704108112941,87.89326747557178,0.0
AHCYL1,0.6028982909290401,87.88789863631483,0.0
ADAMTSL4,0.6027533137621044,87.88252979705787,0.0
TSHR,0.6026316453146038,87.87716095780092,0.0
SLC39A7,0.6025814901509486,87.87179211854396,0.0
IPO11,0.6016278948370317,87.86642327928702,0.0
MAP2K7,0.6016191474843994,87.86105444003006,0.0
ATP7B,0.6013916202830979,87.85568560077311,0.0
EPHB3,0.6009261613988539,87.85031676151615,0.0
FANCL,0.6008754268801242,87.84494792225921,0.0
GALK1,0.6007614663757554,87.83957908300225,0.0
SMG9,0.6006492980125258,87.8342102437453,0.0
TUBG2,0.6006060612111324,87.82884140448834,0.0
HOXD13,0.6005392234511582,87.8234725652314,0.0
FOLR1,0.6004349362674206,87.81810372597444,0.0
FOXF2,0.5998608792535325,87.8127348867175,0.0
GPR108,0.5996491585014553,87.80736604746055,0.0
THRA,0.5993400209916337,87.80199720820359,0.0
WDYHV1,0.5990391674979183,87.79662836894664,0.0
NISCH,0.598736993487068,87.79125952968968,0.0
BMP2K,0.5985595002910196,87.78589069043274,0.0
DIXDC1,0.5983211369759973,87.78052185117578,0.0
SEPT2,0.5981981445355092,87.77515301191883,0.0
CAPNS1,0.5981661032695643,87.76978417266187,0.0
EIF2B5,0.5978408701126408,87.76441533340493,0.0
FASN,0.5974451511796157,87.75904649414797,0.0
MYD88,0.5972024341233547,87.75367765489102,0.0
UBR5,0.5967865499073546,87.74830881563406,0.0
SRA1,0.5966487674345392,87.74293997637712,0.0
RBBP4,0.596594339986677,87.73757113712016,0.0
ATP6V1F,0.5965369236436464,87.73220229786321,0.0
ACACB,0.5964912593962193,87.72683345860625,0.0
UBN1,0.5961615896784671,87.7214646193493,0.0
GTF3C1,0.5961119169440797,87.71609578009235,0.0
DTNBP1,0.5958635051481785,87.7107269408354,0.0
TUFT1,0.595735378815897,87.70535810157844,0.0
CST3,0.5955099185240994,87.69998926232148,0.0
CHD2,0.595472079778919,87.69462042306453,0.0
NDUFAF2,0.5953849496385868,87.68925158380758,1.0
CXADR,0.5952145276902188,87.68388274455063,0.0
SH2D3C,0.5952080122958479,87.67851390529367,0.0
ZC3HC1,0.5948408508517311,87.67314506603671,0.0
PAX4,0.5943564493075091,87.66777622677976,0.0
SSBP2,0.5939065257065509,87.66240738752282,0.0
CASP8,0.5937385011783267,87.65703854826586,0.0
PNPLA8,0.5934116525772188,87.65166970900891,0.0
KIF3C,0.5933060432081383,87.64630086975195,0.0
TRIM59,0.5929943122214858,87.64093203049501,0.0
GRM1,0.5920062764763814,87.63556319123805,0.0
SLC6A9,0.5917201255651807,87.6301943519811,0.0
DHRS4,0.591670569748233,87.62482551272414,0.0
MLIP,0.5916650988466879,87.6194566734672,0.0
ORC1,0.5916078575413908,87.61408783421024,1.0
MYO5B,0.5915760737655507,87.60871899495329,0.0
BRMS1,0.5914993771241556,87.60335015569633,0.0
TECR,0.5913599670483156,87.59798131643939,0.0
HPS6,0.5913347449237831,87.59261247718243,0.0
HNF1A,0.5911689174671946,87.58724363792548,0.0
PIK3R4,0.5910905843765566,87.58187479866852,0.0
KPNB1,0.5905715617019979,87.57650595941158,0.0
THRB,0.5904510683635977,87.57113712015462,0.0
LAMP2,0.5901329173217182,87.56576828089767,0.0
ARL6IP5,0.59008366221195,87.56039944164071,0.0
SOCS7,0.5898730450569125,87.55503060238377,0.0
TYRO3,0.589626316706451,87.5496617631268,0.0
BACE2,0.5893135674665422,87.54429292386986,0.0
PTDSS2,0.5892462092591927,87.5389240846129,0.0
AQP5,0.589075299322285,87.53355524535596,0.0
SNX3,0.5886459441562929,87.52818640609901,0.0
TP53,0.588610533551715,87.52281756684205,1.0
EAPP,0.5883600183697721,87.5174487275851,0.0
DEGS1,0.588359491168029,87.51207988832815,0.0
WNT5B,0.5883512759677368,87.5067110490712,0.0
UNC79,0.5882817234297287,87.50134220981424,0.0
DOCK6,0.5881850050064038,87.4959733705573,0.0
EMC8,0.5881116278041849,87.49060453130033,0.0
TXNRD2,0.5879828324247593,87.48523569204339,0.0
CDC14B,0.587938823523477,87.47986685278643,0.0
KMT2A,0.5879177322303355,87.47449801352948,0.0
ELK4,0.5877162863552373,87.46912917427252,0.0
TBC1D32,0.5876830627525867,87.46376033501558,0.0
ACTR1A,0.5873196337210916,87.45839149575862,0.0
KDM1B,0.5868893255867187,87.45302265650167,0.0
NXN,0.5868388178197733,87.44765381724471,0.0
SYNGAP1,0.5867751021519837,87.44228497798775,0.0
GLRA3,0.5866655965935638,87.43691613873081,0.0
MYBBP1A,0.5858793513912269,87.43154729947385,0.0
SFI1,0.5857281359167663,87.4261784602169,0.0
MAP4,0.5855590333565445,87.42080962095994,0.0
GYS1,0.5853680298959032,87.415440781703,0.0
MCU,0.5847619157062912,87.41007194244604,0.0
SLC16A1,0.58469171977995,87.40470310318909,0.0
DNAH9,0.5844447613251277,87.39933426393213,0.0
PSD2,0.5841626449323971,87.39396542467519,0.0
POLR1E,0.5840319889700958,87.38859658541823,0.0
GAB1,0.5840303940082272,87.38322774616128,0.0
TACC3,0.5838502703422707,87.37785890690432,0.0
FKBP10,0.5835823987971704,87.37249006764738,0.0
NDUFA4L2,0.5834579262366253,87.36712122839042,0.0
AMN,0.5834413380906148,87.36175238913347,0.0
S1PR1,0.5833130100619146,87.35638354987651,0.0
PLEKHG3,0.5832567870470657,87.35101471061957,0.0
SNX29,0.5828689889740082,87.3456458713626,0.0
UCHL3,0.5827713988423547,87.34027703210566,0.0
RAE1,0.5827686092898371,87.3349081928487,0.0
SOD2,0.5827315029116903,87.32953935359176,0.0
S100A6,0.5824702987772371,87.3241705143348,0.0
DGKD,0.5821072277337864,87.31880167507785,0.0
LZTR1,0.5820339928527741,87.31343283582089,0.0
HM13,0.5815779014527874,87.30806399656394,0.0
ALG9,0.5811351527144097,87.30269515730699,0.0
NDFIP2,0.5810118196633401,87.29732631805004,0.0
MAFB,0.5807192827058639,87.29195747879308,0.0
MIB2,0.5804781790039324,87.28658863953613,0.0
CCL2,0.5801709047955523,87.28121980027917,0.0
DYNLL2,0.580083887281433,87.27585096102223,0.0
TNPO3,0.5800742669952805,87.27048212176527,0.0
PITX1,0.5798871607554472,87.26511328250832,0.0
CAPZB,0.5794809066110118,87.25974444325136,0.0
AMHR2,0.5794727642760129,87.25437560399442,0.0
NPHS1,0.5793597705544827,87.24900676473747,0.0
CNBP,0.5793504808910231,87.24363792548051,0.0
EXD2,0.5792666748370239,87.23826908622357,0.0
CKB,0.5787789843000712,87.23290024696661,0.0
WDR83,0.5783434907492304,87.22753140770966,0.0
PHIP,0.5782297872267266,87.2221625684527,0.0
GCGR,0.5776507015741279,87.21679372919576,0.0
CDKN1C,0.5775967133525823,87.2114248899388,0.0
AGGF1,0.5773937663837098,87.20605605068185,0.0
CDC42,0.576912152592658,87.20068721142489,0.0
USP9Y,0.5765036323391136,87.19531837216795,0.0
CEP192,0.5764507071475149,87.18994953291099,0.0
SETX,0.5762055627056951,87.18458069365404,0.0
TBC1D9B,0.5760243602316696,87.17921185439708,0.0
ARHGDIB,0.5758185793797113,87.17384301514014,0.0
EIF1AX,0.5754455046745173,87.16847417588318,0.0
TP73,0.575397140338803,87.16310533662622,0.0
FGL2,0.5753604659086838,87.15773649736927,0.0
RSRC1,0.5749452932781102,87.15236765811231,0.0
VWF,0.5748811149209578,87.14699881885537,0.0
ALX4,0.5748677653955301,87.1416299795984,0.0
PEPD,0.5747855125863764,87.13626114034145,1.0
RNF208,0.5746694455254333,87.1308923010845,0.0
EXOC1,0.5744748315483929,87.12552346182754,0.0
PHKB,0.5744709363405799,87.1201546225706,0.0
KIF3A,0.5742362877853802,87.11478578331365,0.0
SEC24C,0.5741292387643719,87.10941694405669,0.0
WARS2,0.5738821135576169,87.10404810479974,0.0
SAMM50,0.5738058037190339,87.09867926554278,0.0
BCCIP,0.5736685368213401,87.09331042628584,0.0
PLN,0.5736669093228632,87.08794158702888,0.0
GPA33,0.5736189105032383,87.08257274777193,0.0
COL6A3,0.5735521113257969,87.07720390851497,0.0
UBE2C,0.5734020343856512,87.07183506925803,0.0
LIMK2,0.5733468173386341,87.06646623000107,0.0
AKAP13,0.5731585121474518,87.06109739074412,0.0
MYH11,0.5729921639374392,87.05572855148716,0.0
CCND3,0.5728915870352429,87.05035971223022,0.0
GABRB2,0.5728309910128245,87.04499087297326,0.0
LDHB,0.5727905278906478,87.03962203371631,0.0
ALG6,0.5727833164599826,87.03425319445935,0.0
TNC,0.5726194071370527,87.02888435520241,0.0
MIS18BP1,0.5724990163206743,87.02351551594545,0.0
TAGLN,0.572300988259722,87.0181466766885,0.0
ASS1,0.5722228119140114,87.01277783743154,0.0
MYO1D,0.5717475089252931,87.0074089981746,0.0
NKX2-6,0.5714354911589349,87.00204015891764,0.0
PCMTD2,0.5711908219219057,86.99667131966069,0.0
AP3D1,0.5710062256878548,86.99130248040373,0.0
MAGI2,0.5709308236176922,86.98593364114679,0.0
CKAP5,0.5708788610800506,86.98056480188984,0.0
EPO,0.570835934043319,86.97519596263288,0.0
JAK1,0.570724628342918,86.96982712337594,0.0
MLST8,0.5707023017609013,86.96445828411898,0.0
CTSH,0.5703296017591813,86.95908944486203,0.0
POU3F4,0.5700164483286687,86.95372060560507,1.0
KMT2D,0.5699089988909141,86.94835176634813,0.0
AQP1,0.5699022215688736,86.94298292709117,0.0
VPS33A,0.5696911552933877,86.93761408783422,0.0
WT1,0.5696399022019967,86.93224524857726,0.0
GPD1L,0.569568171726846,86.92687640932031,0.0
ALDH1L1,0.5695225772757639,86.92150757006335,0.0
RNASEH1,0.5689003842578849,86.91613873080641,0.0
PANK1,0.5685885794223261,86.91076989154945,0.0
SH3PXD2A,0.5679658374673959,86.90540105229249,0.0
HMCES,0.5676438650239749,86.90003221303554,0.0
PI4KA,0.5675957179186917,86.89466337377858,0.0
PDCD11,0.5670047126608007,86.88929453452164,0.0
SPTBN5,0.5669076679139406,86.88392569526468,0.0
LSM1,0.5667949394064358,86.87855685600773,0.0
COMMD10,0.566239420369151,86.87318801675077,0.0
LOXL2,0.5662021017997667,86.86781917749383,0.0
CBS,0.5661509531239715,86.86245033823687,0.0
ALX1,0.566049116198564,86.85708149897991,0.0
PRPF40A,0.5657551538940174,86.85171265972296,0.0
ASH1L,0.5656936163941556,86.846343820466,0.0
HIP1,0.5655611800674126,86.84097498120906,0.0
POU1F1,0.5652494351055118,86.83560614195211,0.0
COG2,0.5647039884929399,86.83023730269515,0.0
CEP63,0.5643196743015979,86.82486846343821,0.0
GHR,0.5641786652297116,86.81949962418125,0.0
TMEM63A,0.5637324305390907,86.8141307849243,0.0
CD4,0.5632751291161927,86.80876194566734,0.0
PITPNB,0.5630698140177302,86.8033931064104,0.0
KPNA2,0.562977213584083,86.79802426715344,0.0
SOX6,0.5618914771811989,86.79265542789649,0.0
PIGH,0.5617407648823096,86.78728658863953,0.0
KLHL41,0.5617178384387151,86.78191774938259,0.0
PTS,0.561463452136709,86.77654891012563,0.0
CA5A,0.5612592663180508,86.77118007086868,0.0
MLYCD,0.5609369280813468,86.76581123161172,0.0
DDR2,0.5607647705544373,86.76044239235478,0.0
IL6R,0.5607413340768227,86.75507355309782,0.0
COQ2,0.5605052354918163,86.74970471384087,0.0
ECT2,0.5604637789647793,86.74433587458391,0.0
RFTN1,0.5602774878857982,86.73896703532697,0.0
ANXA6,0.5602535137587813,86.73359819607,0.0
TNFRSF1A,0.5602336719536776,86.72822935681306,0.0
UCP1,0.5599868973380585,86.7228605175561,0.0
DHX29,0.5599863284351472,86.71749167829915,0.0
CA12,0.5597916672352572,86.7121228390422,0.0
PIGO,0.5597452094240725,86.70675399978525,0.0
ZNF385A,0.5596716087113182,86.7013851605283,0.0
DYNLL1,0.5594833196775241,86.69601632127134,0.0
ZNF24,0.559374678112751,86.6906474820144,0.0
L1CAM,0.559298451889663,86.68527864275744,0.0
SOBP,0.5590002988826865,86.6799098035005,0.0
HEATR5B,0.5587190042707635,86.67454096424353,0.0
MYLK,0.5585210554036794,86.66917212498659,0.0
FLOT1,0.5584205426746178,86.66380328572963,0.0
SMARCA5,0.5582231139054216,86.65843444647268,0.0
LTBP2,0.5579419215456789,86.65306560721572,1.0
AGBL2,0.5571675754259726,86.64769676795878,0.0
AIRE,0.5570666518397596,86.64232792870182,1.0
PPA1,0.5570459621183202,86.63695908944487,0.0
LPAR1,0.5568120338047826,86.63159025018791,0.0
TMEM216,0.556664445508586,86.62622141093095,1.0
GTF2E2,0.5566353045369896,86.620852571674,0.0
ABHD5,0.5565276595804521,86.61548373241705,0.0
RTKN,0.5564896254013817,86.6101148931601,0.0
MT1X,0.5563271809467926,86.60474605390314,0.0
ZNF106,0.5562945983920652,86.59937721464618,0.0
IMPA1,0.5562785885976249,86.59400837538924,0.0
COX7A2,0.5561436994660094,86.58863953613228,0.0
DNAH1,0.5560737538934137,86.58327069687533,0.0
TMEM218,0.555888324793374,86.57790185761837,0.0
FOXH1,0.5555841395336092,86.57253301836143,0.0
APOD,0.5555383106953082,86.56716417910447,0.0
KIAA0430,0.5552005258746274,86.56179533984752,0.0
ATF6B,0.554893624185324,86.55642650059058,0.0
SEC23B,0.554646708993268,86.55105766133362,0.0
CENPF,0.5544554928851226,86.54568882207667,1.0
NAT10,0.5542757735975856,86.54031998281971,0.0
PDE8A,0.5541861625819859,86.53495114356276,0.0
PQBP1,0.5539867152942395,86.5295823043058,0.0
FKBP14,0.5539422158838947,86.52421346504886,0.0
DNM3,0.5537983564095613,86.5188446257919,0.0
PHLPP2,0.5536214777453011,86.51347578653495,0.0
DNAH6,0.553454394613866,86.508106947278,0.0
COLQ,0.5533296207774159,86.50273810802105,0.0
ANXA5,0.5530678736261929,86.49736926876409,0.0
TXNIP,0.5530299390472563,86.49200042950714,0.0
SIRT6,0.5529603339066791,86.48663159025018,0.0
CDK6,0.5527718992431885,86.48126275099324,0.0
AKR1B1,0.5525432368521134,86.47589391173628,0.0
APBA3,0.5522738580648818,86.47052507247933,0.0
TADA1,0.5520380949872903,86.46515623322237,0.0
FLII,0.5519438936092805,86.45978739396543,0.0
TAMM41,0.5519027003976047,86.45441855470847,0.0
ATP8B2,0.5517757440639443,86.44904971545152,0.0
SLC4A4,0.5517178588216953,86.44368087619456,0.0
ADK,0.5517166515005136,86.43831203693762,0.0
IFNAR2,0.5515705193100197,86.43294319768066,0.0
DLK1,0.5512837602278251,86.42757435842371,0.0
LRP2BP,0.5512630609417154,86.42220551916677,0.0
TADA3,0.5511864209570623,86.4168366799098,0.0
ACAA2,0.5507616497403304,86.41146784065286,0.0
RSPH9,0.5507232002053101,86.4060990013959,0.0
ABHD12,0.5503691014320344,86.40073016213896,0.0
CSK,0.5502820918200813,86.395361322882,0.0
S100B,0.5502587988687748,86.38999248362505,0.0
IDH3A,0.5502580878875148,86.38462364436809,0.0
TRPM6,0.5498211310701289,86.37925480511115,0.0
TRIM28,0.549604023267637,86.37388596585419,0.0
FAH,0.5492741310991953,86.36851712659723,0.0
BCL11A,0.548861022755042,86.36314828734028,0.0
MMP7,0.5485324023584324,86.35777944808332,0.0
DUSP11,0.5483404759568253,86.35241060882637,0.0
TRAF6,0.5482429737476953,86.34704176956942,0.0
SLC25A30,0.548233303440453,86.34167293031247,0.0
PLXNA1,0.5478916461909713,86.33630409105551,0.0
STK11,0.5478405088325522,86.33093525179856,0.0
MFN1,0.5478000568395878,86.3255664125416,0.0
B3GALNT2,0.5475047248355854,86.32019757328464,1.0
DCTN3,0.547421630739397,86.3148287340277,0.0
PRRX2,0.5472739800630031,86.30945989477074,0.0
GTPBP3,0.5466408413799725,86.3040910555138,0.0
SRI,0.5462492830508925,86.29872221625683,0.0
OSTM1,0.5455588401060254,86.29335337699989,0.0
SRF,0.5452703213982502,86.28798453774294,0.0
SETD5,0.5452068002518627,86.28261569848598,0.0
TBCC,0.545206189941241,86.27724685922904,0.0
BLOC1S1,0.5451704367911143,86.27187801997208,0.0
MYL12A,0.5450972296485228,86.26650918071513,0.0
TRPV2,0.5444189681327333,86.26114034145817,0.0
CORO7,0.5443222330283596,86.25577150220123,0.0
TMEM165,0.5439092532896215,86.25040266294427,0.0
PLXNB1,0.543811935977646,86.24503382368732,0.0
RASSF2,0.5434447971486417,86.23966498443036,0.0
DCTPP1,0.5434039267308833,86.23429614517342,0.0
METTL3,0.5433992788099129,86.22892730591646,0.0
FAT3,0.543297484024183,86.22355846665951,0.0
ARFGEF1,0.5432831270207729,86.21818962740255,0.0
USP9X,0.5430317378693081,86.2128207881456,0.0
FKTN,0.5430292428982196,86.20745194888865,1.0
RMI1,0.5429018366774776,86.2020831096317,0.0
GFPT2,0.5428491829182477,86.19671427037474,0.0
NID2,0.5426840679498882,86.1913454311178,0.0
CXCR2,0.5424276029902138,86.18597659186084,0.0
PPHLN1,0.5418663942199152,86.18060775260389,0.0
GPR89A,0.5416057931653127,86.17523891334693,0.0
CYBB,0.5415669878175625,86.16987007408999,0.0
GFER,0.5415054774794431,86.16450123483303,0.0
SRPRB,0.5414162371925525,86.15913239557608,0.0
GLI1,0.5410534521207098,86.15376355631912,0.0
ALG13,0.5410111659414548,86.14839471706217,0.0
RGS13,0.54092597301671,86.14302587780523,0.0
TFIP11,0.5402018581089731,86.13765703854827,0.0
ATOX1,0.5399830344424184,86.13228819929132,0.0
HMGA2,0.5392731978379787,86.12691936003436,0.0
TP63,0.5391059400323764,86.12155052077742,0.0
SCN1B,0.5390649723619049,86.11618168152046,0.0
MYC,0.5387397420142974,86.11081284226351,0.0
ID2,0.5380976460808728,86.10544400300655,0.0
RAD54L,0.5379642802449284,86.10007516374961,0.0
DOCK2,0.5379465248763156,86.09470632449265,0.0
CNOT3,0.5378497039265713,86.08933748523569,0.0
WNT9B,0.5378343699804423,86.08396864597874,0.0
NPY2R,0.5378322464019925,86.07859980672178,0.0
PCDH18,0.5375264529217286,86.07323096746484,0.0
ACADL,0.5371302218390467,86.06786212820788,0.0
GJC2,0.5369597680235527,86.06249328895092,0.0
KDM6B,0.5368214160175582,86.05712444969397,0.0
GINM1,0.5366295632955609,86.05175561043701,0.0
SSR2,0.5365739819526766,86.04638677118007,0.0
VAT1,0.535789006230911,86.04101793192311,0.0
AMFR,0.5356821546386311,86.03564909266616,0.0
PLXNA2,0.535635962118448,86.0302802534092,0.0
CLN5,0.5350000601367737,86.02491141415226,1.0
FOXP3,0.5338792476104881,86.0195425748953,0.0
NGDN,0.5334207769222716,86.01417373563835,0.0
ZMYND11,0.5333831591686392,86.0088048963814,0.0
PLXNB3,0.5331660473632845,86.00343605712445,0.0
RAI1,0.5329733375974418,85.9980672178675,0.0
C19orf12,0.5327209454676022,85.99269837861054,0.0
CCDC61,0.5326394410654944,85.9873295393536,0.0
DHX33,0.5324255169000335,85.98196070009664,0.0
AVPI1,0.5324071164401085,85.97659186083969,0.0
DCTN5,0.5322184636921168,85.97122302158273,0.0
URI1,0.5320840363269355,85.96585418232578,0.0
CISD2,0.5317078420964413,85.96048534306883,0.0
GPC4,0.5316961552821267,85.95511650381188,0.0
PTPN2,0.5314197932153326,85.94974766455492,0.0
AMACR,0.5311866504375379,85.94437882529797,1.0
THBS4,0.5310889485534558,85.93900998604101,0.0
MAN2A2,0.5310399606443299,85.93364114678407,0.0
VIM,0.5309676664889779,85.92827230752711,0.0
MT2A,0.5309046432620457,85.92290346827016,0.0
ANAPC2,0.530760474658576,85.9175346290132,0.0
GNAT3,0.5306538010095002,85.91216578975626,0.0
PRDM5,0.5298525131135293,85.9067969504993,0.0
CLCN3,0.5291197453565543,85.90142811124235,0.0
STX4,0.5290397280221353,85.8960592719854,0.0
NOTCH3,0.5287784260647903,85.89069043272845,1.0
PRKACA,0.5287273586017023,85.88532159347149,0.0
PLOD1,0.5284439119867902,85.87995275421454,1.0
BCOR,0.5281831000245065,85.87458391495758,1.0
TFPT,0.528055123119457,85.86921507570064,0.0
COG7,0.5279194345936958,85.86384623644369,0.0
RPL27A,0.5278064168854463,85.85847739718673,0.0
PCBP1,0.5274321143994852,85.85310855792979,0.0
CCDC114,0.5269451713971323,85.84773971867283,0.0
PRPS1,0.5268020069783048,85.84237087941588,0.0
RHOBTB3,0.5263584777596411,85.83700204015892,0.0
UXS1,0.526300951898881,85.83163320090196,0.0
FADS3,0.5259800912829065,85.82626436164502,0.0
TM6SF1,0.5257280541107476,85.82089552238806,0.0
ELAVL1,0.5255892138199711,85.81552668313111,0.0
SLC25A19,0.5247059541040775,85.81015784387415,0.0
CRYM,0.5246265983745666,85.8047890046172,0.0
PLEKHB2,0.5245146551090993,85.79942016536025,0.0
PHB2,0.524354285756074,85.7940513261033,0.0
CLSTN1,0.5243462601307931,85.78868248684634,0.0
EGR3,0.524190005962008,85.78331364758938,0.0
CHRNB4,0.5240914483875941,85.77794480833244,0.0
PIGM,0.5240759660283908,85.77257596907548,0.0
FST,0.5240735182207413,85.76720712981853,0.0
HSP90AB1,0.5239694143814508,85.76183829056157,0.0
ANXA1,0.5239156681524347,85.75646945130462,0.0
POFUT2,0.5234883018642352,85.75110061204767,0.0
LMX1B,0.5234081726808099,85.74573177279072,0.0
UBB,0.5232527826590111,85.74036293353376,0.0
MARS,0.5230485574777435,85.73499409427681,0.0
COL17A1,0.5229541736721073,85.72962525501987,0.0
LTBP3,0.5226613216672776,85.72425641576291,0.0
PANK3,0.5221545183545172,85.71888757650596,0.0
MARC2,0.5221117735782134,85.713518737249,0.0
HIPK3,0.5217961550987407,85.70814989799206,0.0
FLNB,0.5215291513321334,85.7027810587351,0.0
TCF7,0.5212970355611966,85.69741221947815,0.0
VCP,0.5210685549169713,85.6920433802212,0.0
MBP,0.5210628156208629,85.68667454096425,0.0
TCP11,0.5210435534977653,85.68130570170729,0.0
SGCD,0.520950766546317,85.67593686245034,0.0
GMNN,0.520931692410745,85.67056802319338,0.0
MAN2B1,0.52069167227676,85.66519918393644,1.0
GAS1,0.5205659131948946,85.65983034467948,0.0
TBCD,0.5204124089069417,85.65446150542253,0.0
AIMP2,0.5203007540279004,85.64909266616557,0.0
AGA,0.520293732983049,85.64372382690863,0.0
MAP3K7,0.5202778795580898,85.63835498765167,0.0
BOD1,0.5202746042547041,85.63298614839472,0.0
NRXN2,0.5193661853738112,85.62761730913776,0.0
LRP1B,0.5191501054785627,85.62224846988082,0.0
NOM1,0.5186387942592849,85.61687963062386,0.0
POC1B,0.5181290183344534,85.61151079136691,1.0
NCAPD3,0.5178913006165737,85.60614195210995,0.0
IARS,0.5178343904376395,85.600773112853,0.0
ASCC3,0.5173019517079227,85.59540427359606,0.0
PRNP,0.5169332625099148,85.5900354343391,0.0
TOM1L2,0.5164309094123384,85.58466659508215,0.0
EREG,0.5163347445428343,85.5792977558252,0.0
ATP5G2,0.5160633442213898,85.57392891656825,0.0
KRAS,0.5158660072467804,85.56856007731129,1.0
POLR1C,0.5155343216532182,85.56319123805434,0.0
SHROOM3,0.5153503413695267,85.55782239879738,0.0
BAMBI,0.5150007096505504,85.55245355954042,0.0
PRR4,0.5149813937454615,85.54708472028348,0.0
GNAO1,0.5145786652415272,85.54171588102652,0.0
IL6ST,0.5145705913538496,85.53634704176957,0.0
NDEL1,0.5144937225522985,85.53097820251261,0.0
LRPAP1,0.5144784647535452,85.52560936325565,0.0
IGF1R,0.5141259456098056,85.52024052399871,0.0
APLP2,0.5140632118224857,85.51487168474175,0.0
ZYX,0.513746871855746,85.5095028454848,0.0
SHANK1,0.513456499976215,85.50413400622784,0.0
GRM7,0.5131742850861511,85.4987651669709,0.0
CCDC39,0.5131391144859779,85.49339632771394,0.0
IPMK,0.5131140106431606,85.48802748845699,0.0
AK1,0.5130795267601507,85.48265864920003,0.0
GJD2,0.5130044475713534,85.47728980994309,0.0
SCNN1G,0.5127380392282509,85.47192097068613,0.0
MED24,0.5122768764760801,85.46655213142918,0.0
KIF24,0.5121774169957429,85.46118329217222,0.0
DNMT3A,0.5120750377559847,85.45581445291528,0.0
PRDM2,0.5115992534186266,85.45044561365833,0.0
CEBPE,0.5115956015289117,85.44507677440137,0.0
ATP5F1,0.5111446068684776,85.43970793514443,0.0
FZD1,0.510795898016416,85.43433909588747,0.0
PLCB4,0.510706849959497,85.42897025663052,0.0
DIAPH3,0.5106299509075528,85.42360141737356,0.0
HNF1B,0.5106197798673228,85.41823257811662,0.0
GUCY1A3,0.5105922139706208,85.41286373885966,0.0
CFC1,0.5103719236345686,85.40749489960271,0.0
SLC17A9,0.5102183624063255,85.40212606034575,0.0
NHP2,0.5102118792087704,85.3967572210888,0.0
ESYT2,0.5099195211599816,85.39138838183185,0.0
TBCK,0.5092844819141684,85.3860195425749,0.0
CXCL12,0.5090431828420724,85.38065070331794,0.0
IL20RB,0.5087995363830484,85.375281864061,0.0
FBXW9,0.508510982925064,85.36991302480403,0.0
PALB2,0.50838498965181,85.36454418554709,0.0
GCM2,0.5079037847861855,85.35917534629013,0.0
EPS8,0.5078708343587308,85.35380650703318,0.0
RXRB,0.5076920332376855,85.34843766777622,0.0
SLC25A20,0.5071857550621838,85.34306882851928,0.0
TMBIM6,0.5070591930637823,85.33769998926232,0.0
SLU7,0.5069021783963118,85.33233115000537,0.0
INTS10,0.5068839317192383,85.32696231074841,0.0
MPDZ,0.5068151770332936,85.32159347149147,0.0
CAMP,0.5066606183698217,85.31622463223452,0.0
MDC1,0.5066334835618472,85.31085579297756,0.0
MYSM1,0.5063454580408446,85.30548695372062,0.0
AMT,0.5062814095980851,85.30011811446366,0.0
HPRT1,0.5062072619031017,85.2947492752067,0.0
SLC12A6,0.5061591490224613,85.28938043594975,0.0
ATP5J,0.5058040201608203,85.28401159669279,0.0
NLRC5,0.5057486365877849,85.27864275743585,0.0
RFC2,0.5055850637658545,85.27327391817889,0.0
NRG1,0.5055143907043574,85.26790507892194,0.0
LTBP4,0.5048826310171528,85.26253623966498,0.0
MRPL12,0.5047666502490553,85.25716740040804,0.0
ZNF830,0.5045282314972593,85.25179856115108,0.0
TINF2,0.5044550172633754,85.24642972189412,1.0
TPM2,0.5044195271975551,85.24106088263717,0.0
DSG2,0.5042036579748812,85.23569204338021,0.0
ALPL,0.5039702024056102,85.23032320412327,0.0
TCHP,0.503506461291195,85.2249543648663,0.0
DYSF,0.5034810844683537,85.21958552560936,0.0
MED21,0.5034480710398288,85.2142166863524,0.0
SORBS1,0.5034088429100126,85.20884784709546,0.0
FTSJ1,0.5033569413321548,85.2034790078385,0.0
PARP3,0.5032501174165913,85.19811016858155,0.0
MPP3,0.5029902820795169,85.19274132932459,0.0
FYCO1,0.5029548205220661,85.18737249006765,0.0
XIRP2,0.502889690484315,85.18200365081069,0.0
NTHL1,0.502662271688439,85.17663481155374,0.0
LTN1,0.5026574098983219,85.1712659722968,0.0
MYO1E,0.5026519147719599,85.16589713303983,0.0
PFN1,0.5025400037731275,85.16052829378289,0.0
TNFRSF1B,0.5022673071806667,85.15515945452593,0.0
NFIX,0.5022596767579334,85.14979061526898,0.0
TUFM,0.5021911508624106,85.14442177601202,0.0
NPTX2,0.5020359231128232,85.13905293675508,0.0
WDR45,0.5017819044382757,85.13368409749812,0.0
SGPL1,0.5015813129942001,85.12831525824117,0.0
SENP6,0.5013749798558319,85.12294641898421,0.0
ARF3,0.5011834323690453,85.11757757972727,0.0
ZNF3,0.5010704350765104,85.11220874047031,0.0
TTYH2,0.5010693392958496,85.10683990121336,0.0
EIF4ENIF1,0.500038232604354,85.1014710619564,0.0
REEP2,0.5000298647788783,85.09610222269946,0.0
MOCS1,0.4998881750385185,85.0907333834425,0.0
MYH15,0.49964325423861233,85.08536454418555,0.0
MPI,0.4996287905623184,85.07999570492859,0.0
POSTN,0.49962622048571664,85.07462686567165,0.0
GFI1,0.49928453776448045,85.06925802641469,0.0
RFWD3,0.4992531769069637,85.06388918715774,0.0
BCKDK,0.4990931972106204,85.05852034790078,0.0
KRT6B,0.4988399554812813,85.05315150864384,0.0
RELA,0.4987234340914791,85.04778266938688,0.0
EDIL3,0.49865603630583477,85.04241383012993,0.0
VEGFB,0.4986105142431342,85.03704499087299,0.0
FTO,0.4985650656782089,85.03167615161603,0.0
DMBT1,0.49852124633964934,85.02630731235908,0.0
MGMT,0.498012813921423,85.02093847310212,0.0
KALRN,0.49788317999721715,85.01556963384516,0.0
VAMP3,0.4977522406160551,85.01020079458821,0.0
RAD52,0.49698944759122615,85.00483195533126,0.0
PHC2,0.4966352299165851,84.99946311607431,0.0
CAMSAP3,0.4964746208814601,84.99409427681735,0.0
SIX2,0.4959448304999684,84.98872543756039,0.0
PPEF1,0.4959000637027625,84.98335659830344,0.0
HACL1,0.49567788650696476,84.97798775904648,0.0
WNT6,0.4955839628639539,84.97261891978954,0.0
ARHGAP29,0.49548362837154675,84.96725008053258,0.0
BMP6,0.49518626120669307,84.96188124127563,0.0
ARSF,0.4950127438519492,84.95651240201867,0.0
IFIT1,0.4949154960637684,84.95114356276173,0.0
TBX15,0.49444772908614476,84.94577472350477,0.0
NEDD4L,0.49363909038180154,84.94040588424782,0.0
H6PD,0.49345517581781345,84.93503704499086,0.0
KLHDC2,0.4933584551990375,84.92966820573392,0.0
STAT4,0.49329864268284035,84.92429936647696,0.0
OVOL2,0.4927837269893137,84.91893052722001,0.0
VIPR2,0.49258601144560454,84.91356168796305,0.0
GTF2H3,0.49226451446806535,84.90819284870611,0.0
LIG1,0.4921144451080114,84.90282400944916,0.0
MGA,0.49198155385485426,84.8974551701922,0.0
CD82,0.4919339206762318,84.89208633093526,0.0
FGF3,0.49155953400925645,84.8867174916783,0.0
COL12A1,0.49153265880314934,84.88134865242135,0.0
IL17RA,0.491145889139888,84.87597981316439,0.0
CSNK2A1,0.49083933111312705,84.87061097390745,0.0
DNAAF2,0.49082617242244,84.86524213465049,0.0
CES1,0.490707950060271,84.85987329539354,0.0
CREBZF,0.4903091245698044,84.85450445613658,0.0
EHBP1L1,0.49014176800283343,84.84913561687964,0.0
PGM1,0.4901230464681109,84.84376677762268,0.0
SRCAP,0.48930118305418874,84.83839793836573,0.0
MED23,0.489011612956274,84.83302909910877,0.0
UPF2,0.488703928823929,84.82766025985183,0.0
ANAPC5,0.48870142191112487,84.82229142059487,0.0
GOT1,0.48799558275572974,84.81692258133792,0.0
KRT5,0.48796318242099374,84.81155374208096,0.0
IQCA1,0.48753330414534923,84.80618490282401,0.0
GPR50,0.48726018679272143,84.80081606356705,0.0
SLC2A5,0.4871924003042086,84.79544722431011,0.0
LGALS9,0.4869519594233667,84.79007838505315,0.0
TERF2IP,0.48604304404149035,84.7847095457962,0.0
CRHR1,0.4855765719177313,84.77934070653924,0.0
NDUFA2,0.485448884807465,84.7739718672823,1.0
IKZF2,0.4845815846714806,84.76860302802534,0.0
PAWR,0.4844026144131329,84.7632341887684,0.0
GTF3C5,0.48374111290526767,84.75786534951143,0.0
BDNF,0.4832262237542846,84.75249651025449,0.0
SMARCC1,0.4827868017208409,84.74712767099753,0.0
SMARCAD1,0.4825976370270516,84.74175883174058,0.0
CASQ2,0.482537985067767,84.73638999248362,0.0
LYST,0.48249127756383353,84.73102115322668,0.0
FABP5,0.48216797251216514,84.72565231396972,0.0
MARS2,0.48172861564447783,84.72028347471277,0.0
ST6GALNAC3,0.4816039475011304,84.71491463545581,0.0
NNMT,0.481583041803295,84.70954579619885,0.0
ATP5G1,0.48155637100052023,84.70417695694191,0.0
SAT1,0.48146980508907233,84.69880811768495,0.0
MYRF,0.4810356132735832,84.693439278428,0.0
LRPPRC,0.4810268356651234,84.68807043917104,0.0
PIGA,0.4809605898487853,84.6827015999141,0.0
STAC3,0.48095817274184904,84.67733276065714,0.0
GALK2,0.48087723660435727,84.67196392140019,0.0
C9orf64,0.4806592589619584,84.66659508214323,0.0
CBFB,0.4803576738874125,84.66122624288629,0.0
NRP2,0.48025130987413905,84.65585740362933,0.0
EYA3,0.4801358336649858,84.65048856437238,0.0
APOC3,0.4798897056624905,84.64511972511542,0.0
DHX32,0.47950491452675925,84.63975088585848,0.0
CASP9,0.47935218480748604,84.63438204660152,0.0
HNRNPC,0.4792593866526268,84.62901320734457,0.0
ADCY9,0.47873990562769936,84.62364436808762,0.0
DDOST,0.47839630742348555,84.61827552883067,0.0
USP39,0.4783180804465964,84.61290668957372,0.0
MTA1,0.47820116494570464,84.60753785031676,0.0
SPEF1,0.47800588632358976,84.60216901105981,0.0
ATP6AP2,0.4778491033392047,84.59680017180285,0.0
CITED1,0.47759776164514384,84.59143133254591,0.0
FBXW8,0.47756869802625157,84.58606249328895,0.0
TBC1D7,0.47716580248686497,84.580693654032,0.0
ZGPAT,0.4769228961463371,84.57532481477504,0.0
TBX2,0.47680365562621524,84.5699559755181,0.0
MAML2,0.47638161525723277,84.56458713626114,0.0
EXTL3,0.4763628135644235,84.5592182970042,0.0
TRPM3,0.4763523311707831,84.55384945774723,0.0
MYO18B,0.4763378630392549,84.54848061849029,0.0
TTC30A,0.4761834643970945,84.54311177923333,0.0
PTP4A1,0.4761055858069618,84.53774293997638,0.0
FOXN1,0.4759063425141726,84.53237410071942,0.0
TTC5,0.47566281391322357,84.52700526146248,0.0
RHBDF2,0.4756424525722773,84.52163642220552,0.0
LIPC,0.4752099031111546,84.51626758294857,0.0
GPX7,0.4752084501106382,84.51089874369161,0.0
SLC9A8,0.4751416332679731,84.50552990443467,0.0
CYP4F12,0.47477875148532267,84.5001610651777,0.0
MUS81,0.474700499680087,84.49479222592076,0.0
ERI3,0.47469806875523757,84.4894233866638,0.0
MPP4,0.4744396952063642,84.48405454740686,0.0
RNF213,0.4742629982355965,84.4786857081499,0.0
EDC4,0.4736787888462991,84.47331686889295,0.0
INO80E,0.47363353429310273,84.46794802963599,0.0
CDK7,0.4736142916237028,84.46257919037905,0.0
ANXA4,0.473561766916818,84.45721035112209,0.0
FKRP,0.47344622448261897,84.45184151186513,1.0
USP28,0.472356085142695,84.44647267260818,0.0
FASTKD5,0.47186694395675116,84.44110383335122,0.0
ARID2,0.4712749196135201,84.43573499409428,0.0
GSTK1,0.47121464029929994,84.43036615483732,0.0
NR1H4,0.4712128786071614,84.42499731558037,0.0
IRF7,0.47117027318443966,84.41962847632341,0.0
CDCA5,0.47046661539307344,84.41425963706646,0.0
HHEX,0.4703303364455168,84.4088907978095,0.0
PRPF6,0.4700174538879992,84.40352195855256,1.0
CBFA2T2,0.46984859520577854,84.3981531192956,0.0
GOSR2,0.4696324065499632,84.39278428003865,0.0
MTF1,0.4693682953681096,84.3874154407817,0.0
DAPK3,0.46932037400928567,84.38204660152475,0.0
YWHAE,0.4691430802209854,84.37667776226779,0.0
SLC25A32,0.46898608402689607,84.37130892301084,0.0
ANKRD6,0.46878603983686434,84.36594008375388,0.0
CGNL1,0.4686694804776793,84.36057124449694,0.0
TRAPPC10,0.46856176923212434,84.35520240523998,0.0
SEC23A,0.46827509157068914,84.34983356598303,0.0
SNX5,0.46825517713082165,84.34446472672609,0.0
RCE1,0.4682510337237549,84.33909588746913,0.0
ATP6V0D1,0.46816039421659195,84.33372704821218,0.0
F2RL1,0.46780549680090094,84.32835820895522,0.0
ST8SIA4,0.4676738122224421,84.32298936969828,0.0
EIF2B2,0.46766060369140794,84.31762053044132,0.0
FOXK2,0.4676327118677467,84.31225169118437,0.0
DDX42,0.4673999254350275,84.30688285192741,0.0
SIRPA,0.46737936883625475,84.30151401267047,0.0
CCDC88A,0.46712203850441353,84.2961451734135,0.0
MAP3K4,0.46677064520588296,84.29077633415656,0.0
PTPRU,0.4663618224541855,84.2854074948996,0.0
LTBP1,0.46630026030816946,84.28003865564266,0.0
P4HTM,0.4662882896213139,84.2746698163857,0.0
FEM1C,0.4662261114803455,84.26930097712875,0.0
ATN1,0.46622579619036914,84.26393213787179,0.0
PGRMC2,0.46615808328023955,84.25856329861485,0.0
RBBP6,0.4658591352983166,84.25319445935789,0.0
OPTN,0.4657102620893074,84.24782562010094,0.0
ACSM5,0.4656758649845941,84.24245678084398,0.0
NUP62,0.46551009865088877,84.23708794158703,0.0
GTF2F1,0.46531256410448263,84.23171910233008,0.0
SLC5A1,0.46509322910061124,84.22635026307313,0.0
GFAP,0.46489085254351564,84.22098142381617,0.0
TAF1D,0.46486330325239955,84.21561258455922,0.0
NT5DC1,0.46470920578080743,84.21024374530226,0.0
DDX23,0.4647018122524894,84.20487490604532,0.0
SETD2,0.464203232054775,84.19950606678836,0.0
HBS1L,0.4641496798244801,84.19413722753141,0.0
LEFTY1,0.4641381837166735,84.18876838827445,0.0
NUDT5,0.46380026135863384,84.18339954901751,0.0
TMEM5,0.4636067448191817,84.17803070976055,0.0
CLSPN,0.4633196179242859,84.17266187050359,0.0
FOXN3,0.462566761777393,84.16729303124664,0.0
PTPRB,0.46214263904641306,84.16192419198968,0.0
NCAPH,0.46212624762689786,84.15655535273274,0.0
ACOX3,0.4621126237398284,84.15118651347578,0.0
ANKS3,0.4618630178728969,84.14581767421883,0.0
UBC,0.4615204568035523,84.14044883496187,0.0
SQRDL,0.46147630259573996,84.13507999570493,0.0
RFC1,0.4611064743022822,84.12971115644797,0.0
PRKD1,0.46049545956326776,84.12434231719102,0.0
NCS1,0.4603799573605648,84.11897347793406,0.0
C3AR1,0.46035083708944946,84.11360463867712,0.0
PEX12,0.4603372993595304,84.10823579942016,1.0
USP36,0.4603026402950425,84.10286696016321,0.0
UTRN,0.4600562208145992,84.09749812090625,0.0
TRAPPC6A,0.4590503678524825,84.0921292816493,0.0
UBR3,0.45894553913042807,84.08676044239235,0.0
MYCBP2,0.4587986076476097,84.0813916031354,0.0
TMF1,0.45867371590970657,84.07602276387844,0.0
HAUS1,0.4581943309242429,84.0706539246215,0.0
SCARB1,0.4580210989228647,84.06528508536455,0.0
KRT6A,0.45784636131688733,84.05991624610759,0.0
CDH8,0.45767994144317264,84.05454740685065,0.0
DNAJC19,0.45737933734514274,84.04917856759369,0.0
SATB1,0.45721315453269495,84.04380972833674,0.0
NODAL,0.4570766084804264,84.03844088907978,0.0
MVP,0.4570122845409207,84.03307204982283,0.0
ARNTL2,0.45690926612903143,84.02770321056587,0.0
EPHB4,0.45688847363266616,84.02233437130893,0.0
TRPM7,0.45670956676387126,84.01696553205197,0.0
SLC6A8,0.4566293190245808,84.01159669279502,0.0
CC2D1B,0.45615517734684563,84.00622785353806,0.0
IKZF5,0.4558000977700596,84.00085901428112,0.0
PFDN1,0.4556896050645979,83.99549017502416,0.0
PDLIM5,0.4553554576837998,83.99012133576721,0.0
GSTM4,0.45530613177354373,83.98475249651025,0.0
SLC25A6,0.4552545031647745,83.97938365725331,0.0
ACVR1,0.4549230917829902,83.97401481799635,0.0
FZR1,0.4547169753019653,83.9686459787394,0.0
AGBL5,0.45466775909599616,83.96327713948244,1.0
ELK3,0.4545816524639822,83.9579083002255,0.0
SCN1A,0.4544826945830903,83.95253946096854,0.0
PSPH,0.45406708145034314,83.94717062171159,0.0
INS,0.4538854413162629,83.94180178245463,1.0
EMX2,0.45378105440717126,83.93643294319769,0.0
SPI1,0.45369860457794176,83.93106410394073,0.0
CLTB,0.45315814509353675,83.92569526468378,0.0
CHRM2,0.4529516285111634,83.92032642542682,0.0
ASPN,0.4527383966961116,83.91495758616986,0.0
PKP1,0.4527154823437368,83.90958874691292,0.0
APOC1,0.45264262114315884,83.90421990765596,0.0
RMND1,0.45204017442726185,83.89885106839901,0.0
CACHD1,0.4516993933774531,83.89348222914205,0.0
ITSN1,0.45169696714539426,83.8881133898851,0.0
LRP10,0.451284791881054,83.88274455062815,0.0
LPIN2,0.4511333736870354,83.8773757113712,0.0
CREB3,0.45099440178772426,83.87200687211424,0.0
TRIO,0.45090758071303816,83.8666380328573,0.0
XDH,0.45027634054335747,83.86126919360034,0.0
TOPBP1,0.45022300898358614,83.85590035434339,0.0
GLCE,0.44977695562141856,83.85053151508643,0.0
RPS19,0.4492936506265912,83.84516267582949,0.0
ZDHHC11,0.4490646919106592,83.83979383657253,0.0
LMX1A,0.44905002667283644,83.83442499731558,0.0
SETD7,0.4487366068421605,83.82905615805862,0.0
RAB8B,0.44873172924866767,83.82368731880167,0.0
VBP1,0.44849887809055433,83.81831847954471,0.0
CSF1R,0.4479813474022635,83.81294964028777,0.0
ANKRD26,0.44792906020648804,83.80758080103081,0.0
TRIT1,0.4479236722540338,83.80221196177386,0.0
SLC12A2,0.44769521358147024,83.7968431225169,0.0
ALPK3,0.4476762261785458,83.79147428325996,0.0
CRABP2,0.44755794163739254,83.78610544400301,0.0
RHBDD3,0.44749423359791657,83.78073660474605,0.0
NACA,0.4473898003632331,83.77536776548911,0.0
AOC1,0.44736556432470137,83.76999892623215,0.0
THAP1,0.44701443660471696,83.7646300869752,0.0
CACNG2,0.44642542912560446,83.75926124771824,0.0
WNT9A,0.4460536709799225,83.7538924084613,0.0
MTBP,0.44594595001511,83.74852356920434,0.0
AMBRA1,0.44578939333526896,83.74315472994739,0.0
TRIB1,0.44577648953606686,83.73778589069043,0.0
EPM2A,0.4456938332745639,83.73241705143349,0.0
ALX3,0.4456913790083519,83.72704821217653,0.0
GTF2B,0.44568445066376483,83.72167937291958,0.0
SEPT4,0.4453173639038418,83.71631053366262,0.0
NR4A1,0.44517684416937825,83.71094169440568,0.0
KIF1A,0.44516672433144694,83.70557285514872,0.0
MYO3B,0.4448680815757487,83.70020401589177,0.0
LEPR,0.44442114472030775,83.69483517663481,0.0
CHCHD1,0.44432923235843713,83.68946633737787,0.0
AKR1A1,0.4442605961982921,83.6840974981209,0.0
EFNA5,0.44402570356823745,83.67872865886396,0.0
CCR5,0.44387952430297145,83.673359819607,0.0
KRI1,0.44349495723062554,83.66799098035005,0.0
ACADM,0.4434303483428009,83.6626221410931,0.0
CRYL1,0.44334267336452227,83.65725330183615,0.0
RMDN3,0.443245777655285,83.65188446257919,0.0
AFF4,0.4431420172685591,83.64651562332224,0.0
LCP2,0.4427450904229907,83.64114678406528,0.0
IL1R2,0.44249642918472015,83.63577794480832,0.0
ITGA4,0.44225380607883863,83.63040910555138,0.0
C8orf37,0.44222794459762327,83.62504026629442,0.0
CCDC174,0.44222322672673525,83.61967142703747,0.0
ACTN2,0.4420729567606749,83.61430258778051,0.0
GLG1,0.44193852705308423,83.60893374852357,0.0
MTRR,0.44186173267106693,83.60356490926661,0.0
ARNTL,0.4413514513862233,83.59819607000966,0.0
TRAIP,0.4413172409282172,83.5928272307527,0.0
ZNF787,0.44121404094507366,83.58745839149576,0.0
HDAC6,0.44113961081393727,83.5820895522388,0.0
ALG5,0.44107289311960607,83.57672071298185,0.0
CLEC16A,0.4409468503095216,83.5713518737249,0.0
DNAJC14,0.4407536647882562,83.56598303446795,0.0
STK3,0.44036833772581974,83.56061419521099,0.0
WBP4,0.4403048802849271,83.55524535595404,0.0
HIBADH,0.4402285067792119,83.54987651669708,0.0
TECTB,0.44011235955284256,83.54450767744014,0.0
MYCL,0.4399851461280594,83.53913883818318,0.0
DPPA4,0.4399369832280686,83.53376999892623,0.0
KRT6C,0.4398082572396954,83.52840115966927,0.0
TIMP1,0.439661408155856,83.52303232041233,0.0
FHIT,0.43962535868120567,83.51766348115538,0.0
LHX4,0.4393176545205176,83.51229464189842,0.0
MAZ,0.43931505765280165,83.50692580264148,0.0
TTC7A,0.4392117748212418,83.50155696338452,0.0
SRRT,0.43919307079616193,83.49618812412757,0.0
DPM2,0.43888973202464837,83.49081928487061,0.0
ANG,0.4386264140310977,83.48545044561367,0.0
GSTM3,0.4383531450818488,83.4800816063567,0.0
DKK3,0.4381743415317302,83.47471276709976,0.0
NR1D1,0.4381565779520196,83.4693439278428,0.0
MYLK3,0.43814513039431596,83.46397508858585,0.0
DBI,0.43803248759589464,83.4586062493289,0.0
UCN,0.437903993586967,83.45323741007195,0.0
SLC5A6,0.4376498300842718,83.44786857081499,0.0
ATF2,0.4376304643495099,83.44249973155804,0.0
ENO3,0.43761461665655366,83.43713089230108,0.0
SFTPC,0.437587525743712,83.43176205304414,0.0
PDCD4,0.4371314561544059,83.42639321378718,0.0
GRIA4,0.4371186762931316,83.42102437453023,0.0
CACNB1,0.43709294246301733,83.41565553527327,0.0
ARPP21,0.4367366560760586,83.41028669601633,0.0
EPG5,0.4364842396269242,83.40491785675937,1.0
HADH,0.43643728145790606,83.39954901750242,0.0
MFSD8,0.4364232637305364,83.39418017824546,1.0
CALD1,0.43638072232097774,83.38881133898852,0.0
CHD1,0.43630559000736646,83.38344249973156,0.0
NR2F2,0.43617297959523904,83.3780736604746,0.0
DOCK7,0.43607016494309264,83.37270482121765,0.0
HAUS2,0.4359501888419689,83.3673359819607,0.0
CERCAM,0.4357266181746306,83.36196714270375,0.0
HYAL2,0.4356589540427547,83.35659830344679,0.0
NFIL3,0.4354840968813446,83.35122946418984,0.0
BLOC1S5,0.4352645590684114,83.34586062493288,0.0
NDE1,0.434725964247164,83.34049178567594,0.0
KRT17,0.4345334031889835,83.33512294641898,0.0
RAB11A,0.4344452801514427,83.32975410716203,0.0
NR6A1,0.4343084827557572,83.32438526790507,0.0
ADH5,0.43418921522857523,83.31901642864813,0.0
ICA1L,0.43418463159415877,83.31364758939117,0.0
TAX1BP1,0.43404318139849574,83.30827875013422,0.0
SUPT7L,0.43392279803106143,83.30290991087726,0.0
ZFX,0.4338976624955727,83.29754107162032,0.0
SDHAF2,0.4336584491113298,83.29217223236336,1.0
AKAP10,0.4333622967871878,83.28680339310641,0.0
ABHD14B,0.4332639694794844,83.28143455384945,0.0
LRRK1,0.43304832039880947,83.2760657145925,0.0
SOX17,0.4328009829376245,83.27069687533555,0.0
KIF2A,0.43260117212625593,83.2653280360786,0.0
SPTLC1,0.4322465301713459,83.25995919682164,0.0
HTR2B,0.43219914402350434,83.2545903575647,0.0
TDG,0.4320581190873677,83.24922151830773,0.0
EHHADH,0.4320297613940002,83.24385267905079,0.0
DARS,0.43180702916916436,83.23848383979384,0.0
FTL,0.4314587722627065,83.23311500053688,1.0
C21orf2,0.4314039135043518,83.22774616127994,0.0
B3GALT6,0.43116973211365395,83.22237732202298,0.0
MMP2,0.43116216691386083,83.21700848276603,0.0
AKR1D1,0.43107277928842114,83.21163964350907,0.0
CCDC86,0.43100459238581623,83.20627080425213,0.0
SPRTN,0.4309862179738942,83.20090196499517,0.0
GSC,0.4308515390787619,83.19553312573822,0.0
NT5DC2,0.4307660632039186,83.19016428648126,0.0
SLC20A2,0.43058079524758774,83.18479544722432,0.0
MED10,0.4305618206355059,83.17942660796736,0.0
COX7B,0.4303433905481458,83.17405776871041,1.0
ARHGAP1,0.4301759465368652,83.16868892945345,0.0
TNFRSF10B,0.43009280953929274,83.1633200901965,0.0
KCNJ8,0.43003315818968746,83.15795125093955,0.0
UCHL1,0.4299941238885383,83.1525824116826,0.0
TONSL,0.4298708380148685,83.14721357242564,0.0
MRPL47,0.4296709614778803,83.1418447331687,0.0
TIMM21,0.4293187373157233,83.13647589391174,0.0
TTR,0.42927877081511073,83.13110705465479,0.0
ZDHHC23,0.4292453141254581,83.12573821539783,0.0
POLD3,0.429172916928849,83.12036937614089,0.0
CIT,0.42911455651306785,83.11500053688393,0.0
TMEM115,0.4290639412099285,83.10963169762698,0.0
FMN1,0.4290009101371789,83.10426285837002,0.0
VTI1A,0.4285592752663015,83.09889401911306,0.0
FOXO1,0.4285287777947689,83.09352517985612,0.0
SCN2A,0.42825866219365727,83.08815634059916,0.0
GPR89B,0.42796087714135067,83.08278750134221,0.0
TIAM2,0.42789870480372005,83.07741866208525,0.0
MGAT2,0.4278513776653516,83.0720498228283,0.0
MED12,0.4276146772189212,83.06668098357135,0.0
RAB8A,0.4274674207345194,83.0613121443144,0.0
ATP5H,0.42709381292782106,83.05594330505744,0.0
EVA1C,0.4269912561039432,83.0505744658005,0.0
LMNA,0.4269758509211629,83.04520562654353,1.0
USP13,0.42693631583789193,83.03983678728659,0.0
WIF1,0.4264596940160046,83.03446794802963,0.0
TRPS1,0.4264171938534738,83.02909910877268,0.0
PSMB4,0.4262426079017271,83.02373026951572,0.0
RCN2,0.4262099703698379,83.01836143025878,0.0
FAM136A,0.4257049585881044,83.01299259100182,0.0
GFRA2,0.4255875486757009,83.00762375174487,0.0
MACROD2,0.42556681847019073,83.00225491248791,0.0
COL19A1,0.4255628985211417,82.99688607323097,0.0
SLC5A5,0.4255343553418842,82.99151723397401,0.0
TCF15,0.42525627473148503,82.98614839471706,0.0
KMT2C,0.4252408276302887,82.9807795554601,0.0
CITED4,0.4252352557672534,82.97541071620316,0.0
UXT,0.4248669218592907,82.9700418769462,0.0
NEO1,0.4248637947603785,82.96467303768925,0.0
TXN2,0.4247641388311314,82.9593041984323,1.0
BCHE,0.4245631052164807,82.95393535917535,0.0
RND3,0.42449028252006055,82.9485665199184,0.0
CCT5,0.42432322974056946,82.94319768066144,0.0
ANO1,0.4242139489368718,82.9378288414045,0.0
GPR37L1,0.42406771976823077,82.93246000214754,0.0
NEK5,0.42387208961656453,82.92709116289059,0.0
HDAC8,0.4238087797437428,82.92172232363363,0.0
MZT2A,0.4236471644705776,82.91635348437669,0.0
TMEM55A,0.42353214114082965,82.91098464511973,0.0
ATAD5,0.42341913673453435,82.90561580586278,0.0
TLN2,0.4234010909240927,82.90024696660582,0.0
CTNNA2,0.4233463049914322,82.89487812734887,0.0
PPP1R2,0.4231816317194063,82.88950928809192,0.0
DIMT1,0.4231767700421701,82.88414044883497,0.0
STXBP2,0.4228648201079305,82.87877160957801,0.0
HMOX1,0.42260488560377374,82.87340277032106,0.0
SNX19,0.4222976441829275,82.8680339310641,0.0
KLF8,0.42204526763567773,82.86266509180716,0.0
KRT9,0.4219379505319546,82.8572962525502,0.0
TRIP12,0.4217738742648699,82.85192741329325,0.0
SIVA1,0.42166429313253734,82.8465585740363,0.0
MNAT1,0.4216100738165989,82.84118973477933,0.0
COG3,0.4215843946892114,82.83582089552239,0.0
BCO2,0.4207469405479499,82.83045205626543,0.0
CREBBP,0.42067010503820845,82.82508321700848,1.0
TIMM17A,0.4206311653943214,82.81971437775152,0.0
CHEK1,0.420590537078173,82.81434553849458,0.0
PINK1,0.4205426508171497,82.80897669923762,0.0
UST,0.4205153835051039,82.80360785998067,0.0
ASXL2,0.42050583908960293,82.79823902072371,0.0
NCF4,0.42042169915465327,82.79287018146677,0.0
SERINC1,0.4202724503166312,82.78750134220981,0.0
PIGF,0.42020745519869385,82.78213250295286,0.0
AMPD2,0.4201479544861587,82.7767636636959,0.0
NTN1,0.4198954489976677,82.77139482443896,0.0
HBG2,0.41980446474526056,82.766025985182,0.0
PDX1,0.41976175408069766,82.76065714592505,1.0
UROS,0.41972553900984355,82.75528830666809,0.0
ATP6V1H,0.4197153172615402,82.74991946741115,0.0
MBD6,0.4197067497988721,82.74455062815419,0.0
LIAS,0.4192863023747931,82.73918178889724,0.0
PNPLA6,0.4191146576826553,82.73381294964028,1.0
CAPN5,0.4186694919295661,82.72844411038334,1.0
PPP2R3A,0.41850546767716235,82.72307527112638,0.0
PIAS3,0.4184333000840965,82.71770643186943,0.0
TNNT3,0.4184250314518102,82.71233759261247,0.0
PCDHB15,0.4182483605570885,82.70696875335553,0.0
INPP5K,0.4179613992736216,82.70159991409857,0.0
PLXNA3,0.41785771231111174,82.69623107484162,0.0
AIF1,0.41763852859949796,82.69086223558466,0.0
ATP2A2,0.41742953033744845,82.68549339632771,0.0
STX10,0.41742733996052406,82.68012455707077,0.0
MPZL1,0.41720429465331266,82.67475571781381,0.0
LRCH3,0.4171146989276278,82.66938687855686,0.0
C5orf24,0.4167453346310513,82.6640180392999,0.0
CX3CR1,0.416698813599667,82.65864920004296,0.0
LRRC8A,0.41667030585363296,82.653280360786,0.0
CBFA2T3,0.4163551152007887,82.64791152152905,0.0
MAP3K1,0.4158842412633864,82.6425426822721,0.0
SLC31A1,0.4158621615188694,82.63717384301515,0.0
PDCD10,0.4155093354140763,82.63180500375819,0.0
TMEM2,0.41443397694809103,82.62643616450124,0.0
NEMF,0.41425930955963697,82.62106732524428,0.0
CSNK1A1,0.4140916096048171,82.61569848598734,0.0
SOSTDC1,0.41399296377648415,82.61032964673038,0.0
SLC52A2,0.4139029281488062,82.60496080747343,1.0
ADH4,0.4138500275231062,82.59959196821647,0.0
DGAT1,0.41369669578634766,82.59422312895953,0.0
EVC2,0.4136653824610354,82.58885428970257,0.0
GSTM2,0.4128710607610412,82.58348545044562,0.0
NPRL3,0.41285508025621354,82.57811661118866,0.0
OLFM2,0.4127390863092596,82.57274777193172,0.0
GABARAP,0.41247334050179074,82.56737893267476,0.0
DCT,0.4124426647946569,82.5620100934178,0.0
ACAT1,0.4123271993355534,82.55664125416085,0.0
MME,0.4123269647494204,82.55127241490389,0.0
INTS9,0.4122348655620919,82.54590357564695,0.0
NOL3,0.4122296005195537,82.54053473638999,0.0
MRPL33,0.41212510038983285,82.53516589713304,0.0
MMP15,0.412024428215806,82.52979705787608,0.0
BUB3,0.4118654243425473,82.52442821861914,0.0
PTPRS,0.41167920362788585,82.51905937936218,0.0
IKBIP,0.4113464058402731,82.51369054010523,0.0
DAO,0.4112031054303621,82.50832170084827,0.0
ENDOG,0.41102919484914074,82.50295286159133,0.0
TRAP1,0.4107875487405047,82.49758402233437,0.0
POU4F1,0.4104979823971674,82.49221518307742,0.0
CEACAM1,0.4103753544340381,82.48684634382046,0.0
IL17RD,0.41035366520706873,82.48147750456351,0.0
DCAF7,0.4103034343553212,82.47610866530655,0.0
CCT3,0.4099876330649509,82.47073982604961,0.0
PTMA,0.4096908442137612,82.46537098679265,0.0
TRPC6,0.4096670875182178,82.4600021475357,0.0
BAIAP2L2,0.40962512746404006,82.45463330827874,0.0
RBM19,0.40954260678230103,82.4492644690218,0.0
SCN7A,0.40922927027404,82.44389562976484,0.0
NUMBL,0.4091012374169388,82.4385267905079,0.0
L3MBTL2,0.40897571075722616,82.43315795125093,0.0
TMEM17,0.4088887693579572,82.42778911199399,0.0
FCHSD1,0.408670819513571,82.42242027273703,0.0
PLAG1,0.408256983505544,82.41705143348008,0.0
C5,0.4082134705425428,82.41168259422312,0.0
DYRK1B,0.40819021161269226,82.40631375496618,0.0
OBSCN,0.40816427121145116,82.40094491570923,0.0
RAB35,0.40805068480941814,82.39557607645227,0.0
LRP1,0.4080346233227611,82.39020723719533,0.0
ARHGAP33,0.40739287681879854,82.38483839793837,0.0
NCOA4,0.4073406669227886,82.37946955868142,0.0
DDX58,0.407088967715569,82.37410071942446,0.0
SLC2A12,0.4070457849513211,82.36873188016752,0.0
CDCP1,0.4068704014118595,82.36336304091056,0.0
STAMBPL1,0.40674292434225584,82.35799420165361,0.0
EXOC2,0.40662583045276807,82.35262536239665,0.0
ISL2,0.40624027593534057,82.3472565231397,0.0
MAP2K1,0.40617670029292013,82.34188768388275,0.0
CAPN1,0.4057448520927075,82.3365188446258,0.0
RUFY3,0.40562842102159075,82.33115000536884,0.0
CSF3R,0.40525986383981555,82.3257811661119,0.0
DNAJB6,0.4052003684149764,82.32041232685494,0.0
GGPS1,0.40519480183396145,82.31504348759799,0.0
HSCB,0.4051315787551478,82.30967464834103,0.0
ADAMTS4,0.4049502972384659,82.30430580908407,0.0
TPH2,0.4047585285759673,82.29893696982712,0.0
TET2,0.40459481764224414,82.29356813057016,0.0
CYP26A1,0.4043758133119243,82.28819929131322,0.0
RPS27,0.40424161838960265,82.28283045205626,0.0
DHCR24,0.4042324712486617,82.27746161279931,0.0
KREMEN1,0.4037857539813753,82.27209277354235,0.0
FAM162A,0.4035359071216734,82.26672393428541,0.0
NPY1R,0.40337250098261557,82.26135509502845,0.0
CNN2,0.4030790747279488,82.2559862557715,0.0
MSH3,0.402802614998586,82.25061741651454,0.0
MYL7,0.4027340010646044,82.2452485772576,0.0
EZR,0.4026621452956719,82.23987973800064,0.0
OPLAH,0.4022823775670248,82.2345108987437,0.0
SPINT1,0.4020070927862666,82.22914205948673,0.0
ADRA1A,0.4018724220467381,82.22377322022979,0.0
PAPSS1,0.40168157105511576,82.21840438097283,0.0
CEP152,0.4016658501460462,82.21303554171588,0.0
HLCS,0.4014789002750757,82.20766670245892,0.0
ABCB6,0.4014738247715467,82.20229786320198,0.0
FAN1,0.4012566962202483,82.19692902394502,0.0
LSM14A,0.4010197318346889,82.19156018468807,0.0
PIFO,0.40098065328521076,82.18619134543111,0.0
ADIPOR1,0.4008757509217655,82.18082250617417,0.0
RNMT,0.4008657900486261,82.1754536669172,0.0
WDR70,0.40085830753172963,82.17008482766026,0.0
UBASH3A,0.40080291248434935,82.1647159884033,0.0
NCAM1,0.40074209679190054,82.15934714914636,0.0
EFNA4,0.40040535630736224,82.1539783098894,0.0
NXF1,0.400396876630535,82.14860947063245,0.0
PPIA,0.4002850762974231,82.14324063137549,0.0
RPS9,0.40021805934571225,82.13787179211855,0.0
MTIF3,0.4000995793737043,82.1325029528616,0.0
TIMELESS,0.3994434394193074,82.12713411360464,0.0
HOOK2,0.39919580123841947,82.1217652743477,0.0
SNW1,0.39901963184044675,82.11639643509073,0.0
CTU2,0.3988115137701016,82.11102759583379,0.0
NSRP1,0.39875274546756617,82.10565875657683,0.0
CYP51A1,0.39869278036492717,82.10028991731988,0.0
LRRC49,0.39859864844400467,82.09492107806292,0.0
TFEB,0.39846344910443976,82.08955223880598,0.0
CPS1,0.398284108469532,82.08418339954902,0.0
GRTP1,0.39826573121284997,82.07881456029207,0.0
MAP2K2,0.3982388277441712,82.07344572103511,0.0
AGPAT1,0.3981947046372589,82.06807688177817,0.0
BYSL,0.39781948289531505,82.06270804252121,0.0
CYP24A1,0.39764871137043584,82.05733920326426,0.0
ALG11,0.3972948617041754,82.0519703640073,0.0
POFUT1,0.3971002491218366,82.04660152475036,0.0
APPL2,0.39692198495630265,82.0412326854934,0.0
THOC6,0.3969043980176916,82.03586384623645,0.0
ACTR10,0.39628609999434306,82.03049500697949,0.0
TMEM38A,0.3960243463613325,82.02512616772253,0.0
GAS2L2,0.39599725667664004,82.01975732846559,0.0
DTL,0.39595709762697334,82.01438848920863,0.0
BAG6,0.3958743061647417,82.00901964995168,0.0
BRD7,0.3954795308611308,82.00365081069472,0.0
L3MBTL1,0.39532404203185045,81.99828197143776,0.0
ATAD1,0.39519655071003884,81.99291313218082,0.0
PIP5K1C,0.39514571858506947,81.98754429292387,0.0
DCN,0.39512997655392584,81.98217545366691,0.0
CDC20,0.39510570199435513,81.97680661440997,0.0
PADI3,0.39488204198609755,81.971437775153,0.0
NDRG2,0.394765828376768,81.96606893589606,0.0
GNG5,0.39475675028092916,81.9607000966391,0.0
ELF5,0.39465199972531345,81.95533125738216,0.0
ADORA3,0.3945693641191381,81.9499624181252,0.0
SIL1,0.3945291371213313,81.94459357886825,0.0
MBD5,0.39447774930019175,81.93922473961129,0.0
NBEAL2,0.39440394863408934,81.93385590035435,0.0
NCAPH2,0.3942950556746429,81.92848706109739,0.0
THG1L,0.39408639728605127,81.92311822184044,0.0
AKR1C3,0.394058589441429,81.91774938258348,0.0
RNF111,0.3939478264883264,81.91238054332653,0.0
NPRL2,0.39376625349865974,81.90701170406957,0.0
AGTR1,0.39363435043899075,81.90164286481263,0.0
KIF17,0.39347190774425755,81.89627402555567,0.0
XRCC2,0.39346607877819617,81.89090518629872,0.0
PTPRJ,0.39338416341474447,81.88553634704176,0.0
GALNT11,0.3933398776063165,81.88016750778482,0.0
NAV3,0.39302878293243715,81.87479866852786,0.0
ENAM,0.3930065183781193,81.86942982927091,0.0
FANCI,0.3929778063823791,81.86406099001395,0.0
ATG3,0.39295366724667147,81.85869215075701,0.0
PEX14,0.3929038161205003,81.85332331150006,1.0
B4GALT1,0.3926478674361765,81.8479544722431,0.0
DAD1,0.3925877502021,81.84258563298616,0.0
TBC1D15,0.3924954824999535,81.8372167937292,0.0
ABCC1,0.3924059960524545,81.83184795447225,0.0
COX5B,0.39239475007160857,81.82647911521529,0.0
CFL1,0.3923282505478831,81.82111027595835,0.0
ABLIM3,0.3921357046052391,81.81574143670139,0.0
MT1H,0.39176495980734277,81.81037259744444,0.0
ATE1,0.39171811411391033,81.80500375818748,0.0
NRIP1,0.39169288538418334,81.79963491893054,0.0
DNAJA3,0.3914585922878107,81.79426607967358,0.0
MX2,0.3912728004104885,81.78889724041663,0.0
NHLRC2,0.39107590280487453,81.78352840115967,0.0
TRIP10,0.3909812731305574,81.77815956190273,0.0
SSTR1,0.3908742579630431,81.77279072264577,0.0
HPS4,0.3908300939252859,81.7674218833888,0.0
SLC9A3R2,0.39082046100710094,81.76205304413186,0.0
LIN7A,0.3907977267183914,81.7566842048749,0.0
FOXP1,0.3906162058982052,81.75131536561796,0.0
ATG16L1,0.39049515636003634,81.745946526361,0.0
PITPNM1,0.3904321799992969,81.74057768710405,0.0
ADAMTS7,0.3902310771055112,81.73520884784709,0.0
CXorf56,0.39008949833663226,81.72984000859014,0.0
PER1,0.39002410776596086,81.72447116933319,0.0
PCDH10,0.3898249499243186,81.71910233007623,0.0
STXBP3,0.3897817970708545,81.71373349081928,0.0
PLXNB2,0.3895856105297943,81.70836465156233,0.0
USP42,0.38958056568824173,81.70299581230537,0.0
TRIM16,0.3894580985320185,81.69762697304843,0.0
UTP20,0.38928851479366344,81.69225813379147,0.0
RGL2,0.3892681641554678,81.68688929453452,0.0
CCBE1,0.3891797247881964,81.68152045527756,0.0
ATF3,0.3889158427821406,81.67615161602062,0.0
ACTA2,0.3887807460729746,81.67078277676366,1.0
B3GALT2,0.388697003068405,81.66541393750671,0.0
DACH1,0.3886608881678079,81.66004509824975,0.0
RTN3,0.38863814303662425,81.65467625899281,0.0
STAT2,0.38862582128706846,81.64930741973585,0.0
ARID3A,0.3883220535286429,81.6439385804789,0.0
MRFAP1,0.38821211999000316,81.63856974122194,0.0
NEDD4,0.38808106993418123,81.633200901965,0.0
FXR1,0.3878128243427422,81.62783206270804,0.0
ADCYAP1R1,0.38760711782871154,81.62246322345109,0.0
GNE,0.3874072907481217,81.61709438419413,0.0
SLC6A6,0.38729757932138076,81.61172554493719,0.0
NINL,0.3871773453668795,81.60635670568023,0.0
NRDE2,0.386764465368546,81.60098786642328,0.0
KIF2C,0.3867134422187736,81.59561902716632,0.0
P4HB,0.3866119519896779,81.59025018790938,0.0
ANO6,0.3863389834122048,81.58488134865242,0.0
NCKAP1,0.38611944071861015,81.57951250939547,0.0
KIF26A,0.3861037186990839,81.57414367013853,0.0
ADAT3,0.3859559127401531,81.56877483088157,0.0
CPVL,0.38543548575236214,81.56340599162462,0.0
KCNE3,0.3852967043537599,81.55803715236766,0.0
CHRDL1,0.384929773534713,81.55266831311071,0.0
DSEL,0.3848570671861782,81.54729947385376,0.0
C20orf194,0.3846489115608281,81.54193063459681,0.0
CHCHD4,0.3845962268523242,81.53656179533985,0.0
ACSL1,0.38443936941899226,81.5311929560829,0.0
VPS52,0.38391037847445764,81.52582411682594,0.0
PDXDC1,0.38385407561522233,81.520455277569,0.0
WDR55,0.383735405544268,81.51508643831204,0.0
B3GALNT1,0.38358946430641433,81.5097175990551,0.0
RHBDL3,0.38327094310594617,81.50434875979813,0.0
FAM161B,0.38326147752474876,81.49897992054119,0.0
PGM3,0.3830545736245983,81.49361108128423,0.0
NELL1,0.38300065289329943,81.48824224202727,0.0
KCTD15,0.3827281115674239,81.48287340277032,0.0
MFAP3,0.38243957729411315,81.47750456351336,0.0
ADAMTS10,0.38231471065979794,81.47213572425642,0.0
KRT18,0.382307001360459,81.46676688499946,0.0
CLUH,0.3822118570072748,81.4613980457425,0.0
MTNR1B,0.3822031172994158,81.45602920648555,0.0
CACNA1A,0.3821296520416192,81.4506603672286,0.0
TUBB3,0.38193611702773383,81.44529152797165,0.0
TPX2,0.381925161408493,81.4399226887147,0.0
TDGF1,0.38178278843634794,81.43455384945774,0.0
DNAH3,0.38156371372005216,81.4291850102008,0.0
STAM2,0.3811629982020803,81.42381617094384,0.0
CAV1,0.3810990617544003,81.41844733168689,1.0
COL5A3,0.38100460104797534,81.41307849242993,0.0
NRBP1,0.3809337397025296,81.40770965317299,0.0
ITSN2,0.38090609636996675,81.40234081391603,0.0
SRSF7,0.3809053063365281,81.39697197465908,0.0
MDK,0.380803259258796,81.39160313540212,0.0
BEND3,0.38072315990046535,81.38623429614518,0.0
LYPD6,0.38068667250529686,81.38086545688822,0.0
C8orf76,0.380658995258699,81.37549661763127,0.0
DPT,0.38041151121563754,81.37012777837431,0.0
PAX9,0.38003876475044157,81.36475893911737,0.0
PRMT5,0.3796815909982554,81.3593900998604,0.0
BIN3,0.3796382524125935,81.35402126060346,0.0
PSMB10,0.3794705177001544,81.3486524213465,0.0
CAPN2,0.3794449228382342,81.34328358208955,0.0
LACTB2,0.37935780193153773,81.3379147428326,0.0
DOCK11,0.3793219296432591,81.33254590357565,0.0
SMURF2,0.37930923394453797,81.32717706431869,0.0
CRIPT,0.3790709442221928,81.32180822506174,0.0
REC8,0.3789962645093894,81.31643938580478,0.0
PDF,0.3789676901567728,81.31107054654784,0.0
DPM1,0.37895700821499123,81.30570170729088,1.0
PTH1R,0.3788652152426054,81.30033286803393,0.0
NCAPG2,0.37870196117441746,81.29496402877699,0.0
SERP1,0.37869764680802354,81.28959518952003,0.0
DHX58,0.3786740012843405,81.28422635026308,0.0
EPHA3,0.3784816797266266,81.27885751100612,0.0
TSPAN7,0.37829309825334845,81.27348867174918,0.0
SPEG,0.37820856304399936,81.26811983249222,0.0
DNMBP,0.37817459878076615,81.26275099323527,0.0
GRB10,0.3780905677714041,81.25738215397831,0.0
PSMD13,0.37755806892991683,81.25201331472137,0.0
CYP19A1,0.3774137614916575,81.24664447546441,0.0
ALG8,0.3773952077605349,81.24127563620746,0.0
TOMM7,0.377351810978908,81.2359067969505,0.0
E2F2,0.3773357717926604,81.23053795769354,0.0
GDAP2,0.37731254001197806,81.2251691184366,0.0
MTHFS,0.377072343818451,81.21980027917964,0.0
FAM174A,0.3770646796064556,81.21443143992269,0.0
DCAF13,0.37691298990965005,81.20906260066573,0.0
CHSY3,0.37666033602307925,81.20369376140879,0.0
SLC12A1,0.37665772123184244,81.19832492215183,0.0
REN,0.37654922238123295,81.19295608289488,0.0
SNTA1,0.3763733169095594,81.18758724363792,0.0
TMX2,0.3763171930780985,81.18221840438096,0.0
PWP1,0.37618367722006074,81.17684956512402,0.0
M6PR,0.37594615333556525,81.17148072586706,0.0
RPS6KB2,0.3756851056000762,81.16611188661011,0.0
FUS,0.37525353922634247,81.16074304735317,0.0
PGS1,0.3751911498950521,81.1553742080962,0.0
MTIF2,0.37517791651250965,81.15000536883926,0.0
CHIC2,0.3750782701356941,81.1446365295823,0.0
MED20,0.37485746696938926,81.13926769032535,0.0
ERBB2,0.3746000972851573,81.1338988510684,0.0
GPT2,0.3745282386714276,81.12853001181145,0.0
SERPINB1,0.37443710860100116,81.12316117255449,0.0
CCNB2,0.37433819316769645,81.11779233329754,0.0
YBX3,0.3743366509079686,81.11242349404058,0.0
SERPINA1,0.37431617232346903,81.10705465478364,0.0
RPIA,0.37426128017292226,81.10168581552668,0.0
AHRR,0.3740253790747633,81.09631697626973,0.0
MRPL44,0.37395484957752073,81.09094813701277,0.0
SH3BGRL3,0.37340748042729544,81.08557929775583,0.0
PKD2L1,0.37323700492347095,81.08021045849887,0.0
PRDM10,0.37299548589021475,81.07484161924192,0.0
TIMM8A,0.3729771812005289,81.06947277998496,1.0
DHRS7B,0.37290504207212977,81.06410394072802,0.0
IMPAD1,0.37279574160672596,81.05873510147106,0.0
KPTN,0.3727694721339526,81.05336626221411,0.0
BLVRB,0.3725808983548905,81.04799742295715,0.0
ATXN2L,0.37247987211811645,81.0426285837002,0.0
MBNL1,0.37214654507943196,81.03725974444325,0.0
CBX3,0.37212149777932296,81.0318909051863,0.0
HAUS7,0.3721208443391759,81.02652206592934,0.0
GLRX,0.37203718229066274,81.0211532266724,0.0
PLAGL1,0.3716647724663781,81.01578438741545,0.0
L3MBTL3,0.3715277853691298,81.01041554815849,0.0
LEMD2,0.3715251481262987,81.00504670890155,0.0
ASCL2,0.3709984298814858,80.99967786964459,0.0
MYH14,0.37063372589317356,80.99430903038764,0.0
MRPL3,0.37045286898066243,80.98894019113068,0.0
ELAC2,0.37036823281287296,80.98357135187374,0.0
EIF2S3,0.37028650283318654,80.97820251261678,0.0
SPTAN1,0.3700474034688419,80.97283367335983,0.0
ZNF609,0.36964618976163266,80.96746483410287,0.0
CD151,0.36963275356825076,80.96209599484592,0.0
UROD,0.36962123281682524,80.95672715558896,0.0
SLC44A3,0.3692780700723529,80.951358316332,0.0
HFE,0.36911354913724087,80.94598947707506,0.0
SREBF1,0.36900350731223197,80.9406206378181,0.0
CSGALNACT1,0.3688490154163247,80.93525179856115,0.0
CRLF1,0.36879655861937766,80.9298829593042,0.0
TGFBR1,0.3686358214503622,80.92451412004723,0.0
ULK2,0.36852609316672214,80.91914528079029,0.0
HLA-A,0.3683192466495418,80.91377644153333,1.0
WNT10B,0.3682231045191561,80.90840760227638,0.0
PITRM1,0.3682058454520193,80.90303876301942,0.0
A1CF,0.36806031767397807,80.89766992376248,0.0
NARS2,0.36800288607110476,80.89230108450552,0.0
GBA,0.36791531368027547,80.88693224524857,0.0
SCGB1A1,0.3675142031099674,80.88156340599163,0.0
TRIM25,0.36750573175809903,80.87619456673467,0.0
NCF2,0.36749107018956895,80.87082572747772,0.0
DKC1,0.367358335936603,80.86545688822076,0.0
VPS54,0.3672990992346362,80.86008804896382,0.0
ANKH,0.3672981544730237,80.85471920970686,0.0
NDST3,0.36721800264173526,80.84935037044991,0.0
ITPA,0.3671694112051878,80.84398153119295,0.0
DDRGK1,0.36715578174697994,80.838612691936,0.0
PIEZO2,0.36706273782726295,80.83324385267905,1.0
VPS72,0.36697159307459615,80.8278750134221,0.0
IL6,0.3669115840654231,80.82250617416514,0.0
TPM1,0.36687816635487047,80.8171373349082,0.0
LIN28A,0.3668630949637973,80.81176849565124,0.0
ABHD14A,0.36649450061111305,80.80639965639429,0.0
POU2F3,0.36631860311552644,80.80103081713733,0.0
RFX6,0.3663078435306796,80.79566197788039,0.0
TTC27,0.3658549463468325,80.79029313862343,0.0
PROC,0.365683964754434,80.78492429936648,0.0
CREB3L2,0.3654253126086928,80.77955546010952,0.0
NDUFAF6,0.3651729762065,80.77418662085257,1.0
UNC13D,0.3651021773176173,80.76881778159562,0.0
PILRA,0.3650448044155773,80.76344894233867,0.0
SGCZ,0.3649261910705395,80.75808010308171,0.0
STIM1,0.3649041210109927,80.75271126382476,0.0
PINX1,0.3645312799092024,80.74734242456782,0.0
SNAI1,0.36442700136517275,80.74197358531086,0.0
RPS15A,0.3643458442326309,80.73660474605391,0.0
ABHD10,0.36410320723433437,80.73123590679695,0.0
CDH9,0.3640347745204218,80.72586706754001,0.0
MKRN2,0.36377542897368265,80.72049822828305,0.0
C2CD5,0.3633027993138788,80.7151293890261,0.0
ERLEC1,0.3632515950080821,80.70976054976914,0.0
SLC30A6,0.36315198104470314,80.7043917105122,0.0
GALC,0.36313134608082737,80.69902287125524,0.0
BPGM,0.36293512703499337,80.69365403199828,0.0
SLC39A8,0.3627984177885196,80.68828519274133,0.0
USE1,0.36269165030059564,80.68291635348437,0.0
FOXO3,0.3626708653480192,80.67754751422743,0.0
DDX55,0.36238414160501314,80.67217867497047,0.0
P2RX7,0.3623795926513944,80.66680983571352,0.0
PLEKHA7,0.3620690976214675,80.66144099645656,0.0
NUAK1,0.361871152232787,80.65607215719962,0.0
CADPS,0.3618522324935942,80.65070331794266,0.0
NUBP2,0.3617104854372976,80.6453344786857,0.0
DONSON,0.3616731238434816,80.63996563942875,0.0
KIAA0141,0.36119239905675454,80.63459680017179,0.0
ACO2,0.3611580397914826,80.62922796091485,1.0
SBF1,0.36107887975209946,80.62385912165789,0.0
CHST6,0.36084185238581884,80.61849028240094,0.0
GRM8,0.3607383428237832,80.61312144314398,0.0
INSIG1,0.36069111895569866,80.60775260388704,0.0
ALOX5,0.3604097130629005,80.60238376463009,0.0
PDPK1,0.36018627660890234,80.59701492537313,0.0
FA2H,0.3601440604687524,80.59164608611619,0.0
NABP2,0.35932666022571047,80.58627724685923,0.0
ATAD3B,0.3591960484185311,80.58090840760228,0.0
CIAO1,0.3591167027252288,80.57553956834532,0.0
CYLD,0.3587900717617244,80.57017072908837,0.0
RAD9B,0.35878926392912736,80.56480188983141,0.0
GFPT1,0.3587483019865532,80.55943305057447,0.0
EXOC7,0.35854422175759704,80.55406421131751,0.0
MPP5,0.3584590181268027,80.54869537206056,0.0
TENM2,0.35834583889436267,80.5433265328036,0.0
MYOF,0.35804891238378667,80.53795769354666,0.0
ASIC2,0.3579658779133966,80.5325888542897,0.0
CPSF3,0.35780496754786945,80.52722001503275,0.0
MYO18A,0.3575528207865014,80.5218511757758,0.0
OPTC,0.3574573956827958,80.51648233651885,0.0
WFDC1,0.3573213617286788,80.51111349726189,0.0
PEG3,0.3570253825078852,80.50574465800494,0.0
EMC7,0.35688761393699464,80.50037581874798,0.0
CNN1,0.35687083208304804,80.49500697949104,0.0
DERL1,0.3566800461509752,80.48963814023408,0.0
MTCH2,0.35666037714017895,80.48426930097713,0.0
CDC25C,0.3564356573376614,80.47890046172017,0.0
TMEM63B,0.35635138611781353,80.47353162246323,0.0
TEX14,0.356340536322169,80.46816278320628,0.0
PAK2,0.3560115620913714,80.46279394394932,0.0
THPO,0.3558022646452009,80.45742510469238,0.0
FAT2,0.3556790804044498,80.45205626543542,0.0
RAD51B,0.3552729240818297,80.44668742617847,0.0
ITGAV,0.35497446595048954,80.44131858692151,0.0
MDH2,0.3548285790957781,80.43594974766457,1.0
ANKAR,0.35469950980008214,80.4305809084076,0.0
ORAI1,0.3545793064655285,80.42521206915066,0.0
RAB1A,0.35450922343708413,80.4198432298937,0.0
NKX2-5,0.3539847438237898,80.41447439063674,0.0
F13B,0.3538523126787025,80.4091055513798,0.0
MMP3,0.3538502167251366,80.40373671212284,0.0
MEGF10,0.35372861682281126,80.39836787286589,0.0
ZNF260,0.35364431519682193,80.39299903360893,0.0
F13A1,0.3535929506442087,80.38763019435197,0.0
SCN10A,0.35330080941343056,80.38226135509503,0.0
GRIN2B,0.35324845754645595,80.37689251583807,0.0
GSTA4,0.3530329423040574,80.37152367658112,0.0
MRPS5,0.3526014083781567,80.36615483732416,0.0
CRTC2,0.3525604277505119,80.36078599806721,0.0
GINS1,0.3523847784340174,80.35541715881025,0.0
PAF1,0.3521727754563363,80.35004831955331,0.0
ACY1,0.3517920328467201,80.34467948029635,0.0
GDF6,0.35162225791126644,80.3393106410394,1.0
MB,0.3516159063521279,80.33394180178244,0.0
PYGB,0.35136448160124356,80.3285729625255,0.0
PFKL,0.3513476851148201,80.32320412326855,0.0
DNASE1L2,0.35133883752353995,80.3178352840116,0.0
CDSN,0.3513200804630553,80.31246644475465,0.0
TAF8,0.35129629770552706,80.30709760549769,0.0
DOPEY1,0.35128658293129733,80.30172876624074,0.0
RAB39B,0.3512040473785917,80.29635992698378,0.0
BRD1,0.3511319546215482,80.29099108772684,0.0
KLF7,0.35107716321036614,80.28562224846988,0.0
ACTR6,0.3509117958862292,80.28025340921293,0.0
TRIM55,0.350827805080421,80.27488456995597,0.0
TCP11L1,0.3507636789353945,80.26951573069903,0.0
GSTA1,0.35052353483856463,80.26414689144207,0.0
LMO4,0.3504110968386266,80.25877805218512,0.0
SMAD1,0.3503263550550402,80.25340921292816,0.0
FOXC1,0.3502716449576989,80.24804037367122,0.0
RICTOR,0.350213452994899,80.24267153441426,0.0
CA13,0.35016173167130027,80.23730269515731,0.0
GNS,0.35015440951980736,80.23193385590035,0.0
FNIP2,0.3501482766452346,80.2265650166434,0.0
SERPINB6,0.3501037171933191,80.22119617738645,0.0
CRYBB1,0.35006906559801043,80.2158273381295,0.0
NAA16,0.3500180272523129,80.21045849887254,0.0
PPARGC1A,0.3498774441055018,80.2050896596156,0.0
NOL11,0.34982362031033426,80.19972082035864,0.0
POLR3B,0.3494540855955709,80.19435198110169,0.0
MANBA,0.34939937840466095,80.18898314184474,0.0
NOD2,0.3492490636325103,80.18361430258778,0.0
SLC9A1,0.3489476440041793,80.17824546333084,0.0
PROP1,0.34888001732765744,80.17287662407388,0.0
ACTR8,0.34857508061268716,80.16750778481693,0.0
MAGED1,0.348516754895519,80.16213894555997,0.0
GOPC,0.34830785053260616,80.15677010630301,0.0
KCNMA1,0.3473872693459986,80.15140126704607,0.0
HINFP,0.34719465236329833,80.14603242778911,0.0
TRANK1,0.34711085895845545,80.14066358853216,0.0
UBA3,0.3470125963346836,80.1352947492752,0.0
DEPDC5,0.34697135462112305,80.12992591001826,0.0
PYGM,0.3469223505869429,80.1245570707613,0.0
TACC2,0.3468676365159405,80.11918823150435,0.0
GZMB,0.3468042099627002,80.1138193922474,0.0
TEP1,0.34674816853908735,80.10845055299043,0.0
PREPL,0.34638015768850206,80.10308171373349,0.0
ATP5J2,0.34631685177430793,80.09771287447653,0.0
VPS13A,0.34609187179046597,80.09234403521958,0.0
BLOC1S2,0.34599334514374125,80.08697519596262,0.0
FARS2,0.3459837184413798,80.08160635670568,0.0
CASP1,0.34593410815729275,80.07623751744872,0.0
CHCHD3,0.345705817315313,80.07086867819177,0.0
ESR1,0.34568161070475745,80.06549983893481,0.0
RFX1,0.3453846465484855,80.06013099967787,0.0
ARF4,0.34522494129626263,80.05476216042092,0.0
IFI16,0.34515574845650776,80.04939332116396,0.0
DHX57,0.34491436482219007,80.04402448190702,0.0
PTGIS,0.34483018730699183,80.03865564265006,0.0
CHST5,0.3447802455995169,80.03328680339311,0.0
RALA,0.34455807980600983,80.02791796413615,0.0
BCAT2,0.344502621503894,80.0225491248792,0.0
SPTSSB,0.3443805215958364,80.01718028562225,0.0
NUP210,0.34432199306914013,80.0118114463653,0.0
IL12RB1,0.3441393287883005,80.00644260710834,0.0
EFNB2,0.3439456674725011,80.0010737678514,0.0
AURKA,0.3437782040333546,79.99570492859444,0.0
DNAH7,0.34341625967458794,79.99033608933749,0.0
MTDH,0.3433555445885573,79.98496725008053,0.0
NETO1,0.34330524386879785,79.97959841082358,0.0
SALL3,0.34313134573525145,79.97422957156662,0.0
MAU2,0.343078334292796,79.96886073230968,0.0
ZNF318,0.3429644961284431,79.96349189305272,0.0
EPC2,0.3424597055209119,79.95812305379577,0.0
SPR,0.34245202125787266,79.95275421453881,0.0
METTL14,0.3423313551232139,79.94738537528187,0.0
RFX4,0.34211150408349794,79.94201653602491,0.0
GAD1,0.34207135914809894,79.93664769676796,0.0
IDNK,0.3420561882337817,79.931278857511,0.0
PRPSAP2,0.3419199405719616,79.92591001825406,0.0
ACTC1,0.34186869368975137,79.9205411789971,0.0
DDX3X,0.3418399913422523,79.91517233974015,0.0
VGLL4,0.34166814349425606,79.9098035004832,0.0
KIF26B,0.3415850747558467,79.90443466122625,0.0
FAM214A,0.3415336915431685,79.8990658219693,0.0
RLIM,0.34143901540496435,79.89369698271234,0.0
CARD10,0.34141441622036967,79.8883281434554,0.0
RNASEH2A,0.3413120150869494,79.88295930419844,0.0
MTMR2,0.3412546298402827,79.87759046494148,0.0
EDA,0.3410349047422042,79.87222162568453,0.0
KDM4C,0.3409335785643658,79.86685278642757,0.0
SPAG6,0.3406959308514731,79.86148394717063,0.0
GPHN,0.3406477491508051,79.85611510791367,0.0
METTL25,0.3405345474024375,79.8507462686567,0.0
CABP1,0.34038144207778404,79.84537742939976,0.0
ANO3,0.3403245459626306,79.8400085901428,0.0
PFKFB2,0.34030588888859686,79.83463975088586,0.0
TRMT10A,0.3402649230055351,79.8292709116289,0.0
ERC2,0.3402025578177342,79.82390207237195,0.0
HSD17B2,0.3400484660981238,79.81853323311499,0.0
GABRA6,0.33978662384097635,79.81316439385805,0.0
CCL21,0.33978354038111636,79.80779555460109,0.0
GPC3,0.33975218766497134,79.80242671534414,0.0
SLC4A10,0.33971427678737437,79.79705787608718,0.0
IRAK2,0.3394915589382605,79.79168903683023,0.0
ARG1,0.33937395769534656,79.78632019757327,0.0
DNA2,0.3393648889495267,79.78095135831633,0.0
ECEL1,0.33936100426520327,79.77558251905938,0.0
FAM53B,0.3392022436180254,79.77021367980242,0.0
EFTUD2,0.3387129574877955,79.76484484054548,0.0
MLKL,0.33866403996749417,79.75947600128852,0.0
PROZ,0.33850591953980363,79.75410716203157,0.0
RAB6A,0.3384908036967738,79.74873832277461,0.0
GLB1,0.33847103618393104,79.74336948351767,0.0
ARFRP1,0.33823567017162703,79.73800064426071,0.0
CHMP5,0.3381839122678034,79.73263180500376,0.0
PRDX5,0.3381241769567783,79.7272629657468,0.0
MSX2,0.33780362378076917,79.72189412648986,0.0
MIF4GD,0.3374880135890558,79.7165252872329,0.0
MYL9,0.3371559477115228,79.71115644797595,0.0
KEAP1,0.3367840448873616,79.70578760871899,0.0
CEP76,0.3367467733832145,79.70041876946205,0.0
HSPA5,0.3362344403274896,79.69504993020509,0.0
CHGA,0.33612805378368416,79.68968109094814,0.0
NFE2L1,0.33605543279104155,79.68431225169118,0.0
KXD1,0.33602427712289445,79.67894341243424,0.0
APOA2,0.33580642489524004,79.67357457317728,0.0
MRPS25,0.335669857477679,79.66820573392033,0.0
ZFPM1,0.33566352356263124,79.66283689466337,0.0
RAD51C,0.33545537070717435,79.65746805540643,0.0
HP,0.33543449071946563,79.65209921614947,0.0
LARGE,0.33531694585563004,79.64673037689252,0.0
BICC1,0.3352657004657598,79.64136153763556,0.0
HOXD4,0.33512319299551574,79.63599269837862,0.0
MED16,0.33474592418185634,79.63062385912167,0.0
CCDC180,0.33471378697856263,79.62525501986471,0.0
GSX1,0.33452241655082204,79.61988618060775,0.0
MTO1,0.3345041244408581,79.6145173413508,0.0
MKI67,0.3336976616603044,79.60914850209384,0.0
TNKS2,0.3336503384849405,79.6037796628369,0.0
KIAA0196,0.3336412699285832,79.59841082357994,0.0
CTSK,0.3335053822673634,79.593041984323,0.0
ARAF,0.3330580997499816,79.58767314506603,0.0
HLA-DQB1,0.3329513988050188,79.58230430580909,0.0
DPM3,0.3328281359193842,79.57693546655213,0.0
CETP,0.3328200822984431,79.57156662729517,0.0
RAD54L2,0.3327607661893772,79.56619778803822,0.0
FKBP15,0.33249331925820086,79.56082894878126,0.0
DOCK8,0.33248904086443576,79.55546010952432,0.0
HPSE2,0.33248131542897486,79.55009127026736,0.0
KIR3DL2,0.3323474222943793,79.54472243101041,0.0
HGD,0.3322665023967818,79.53935359175345,0.0
PDE5A,0.3322406784592684,79.53398475249651,0.0
TFAM,0.33202859069043333,79.52861591323955,0.0
AKR1C1,0.3318306763417007,79.5232470739826,0.0
MYBL2,0.3316244744640745,79.51787823472564,0.0
NFATC2,0.33161394405865374,79.5125093954687,0.0
EIF3C,0.33159122608934644,79.50714055621174,0.0
RPN2,0.33158151481192133,79.50177171695479,0.0
RPAP2,0.3315493012288845,79.49640287769785,0.0
MAG,0.3315317807092141,79.49103403844089,0.0
TUBGCP6,0.331223588152024,79.48566519918394,1.0
MYL6B,0.33114890799900154,79.48029635992698,0.0
DAXX,0.3310925418174363,79.47492752067004,0.0
PREX2,0.3309899089047879,79.46955868141308,0.0
SLC23A2,0.3307421578156958,79.46418984215613,0.0
COPS7A,0.33051627556574176,79.45882100289917,0.0
DRG2,0.33042605081606113,79.45345216364223,0.0
EGLN3,0.33037756156962306,79.44808332438527,0.0
ABCA2,0.3302411959202157,79.44271448512832,0.0
ARL6IP4,0.32982656369324237,79.43734564587136,0.0
VWA8,0.3297528415982426,79.43197680661441,0.0
CYP1A2,0.3297393745022415,79.42660796735746,0.0
EIF2AK3,0.3296528807858984,79.42123912810051,0.0
MTMR3,0.3296382294541673,79.41587028884355,0.0
SLC26A3,0.3295847909625535,79.4105014495866,0.0
IRX6,0.32955893795824953,79.40513261032964,0.0
TARSL2,0.32935180791767216,79.3997637710727,0.0
ATRAID,0.328956651718217,79.39439493181574,0.0
TMPRSS6,0.3289266406083299,79.3890260925588,0.0
FERMT2,0.3288565915174725,79.38365725330183,0.0
GORAB,0.32878419110694423,79.37828841404489,0.0
DNALI1,0.32852624988618057,79.37291957478793,0.0
CCNG1,0.32845043480060593,79.36755073553098,0.0
IL5RA,0.32812289743057416,79.36218189627404,0.0
STOML2,0.32808600557822704,79.35681305701708,0.0
SCN5A,0.3280610914765314,79.35144421776013,0.0
KRT19,0.3280529425877185,79.34607537850317,0.0
MLXIPL,0.32800658691452556,79.34070653924621,0.0
TAP1,0.32790871001788957,79.33533769998927,0.0
ZNF335,0.3278947411016869,79.32996886073231,0.0
RPS27L,0.32737848515716905,79.32460002147536,0.0
RSPO2,0.3272535555487946,79.3192311822184,0.0
PFN4,0.327040374756045,79.31386234296144,0.0
USHBP1,0.32674296909658107,79.3084935037045,0.0
HAGH,0.32653900126201646,79.30312466444754,0.0
SNRNP27,0.32636254468884984,79.29775582519059,0.0
SEPT10,0.3262950108961794,79.29238698593363,0.0
SLC34A1,0.326072369589689,79.28701814667669,0.0
PRKCSH,0.32592521738733365,79.28164930741973,0.0
AGPS,0.3257546055876799,79.27628046816278,0.0
ARPC3,0.32517035487754037,79.27091162890582,0.0
AKR7A2,0.32510717520733623,79.26554278964888,0.0
KLB,0.32506961816511326,79.26017395039192,0.0
IDH3G,0.32499749350514867,79.25480511113497,0.0
RAC1,0.32494265683601453,79.24943627187801,0.0
ELOVL3,0.3248074592770474,79.24406743262107,0.0
WDFY2,0.32463817794138833,79.2386985933641,0.0
HOXB4,0.3245091027957073,79.23332975410716,0.0
DCDC2,0.32439639536033005,79.2279609148502,0.0
EIF5A,0.32434131554472523,79.22259207559325,0.0
CRELD1,0.3241575915070545,79.21722323633631,0.0
EZH2,0.3240783086661246,79.21185439707935,0.0
COL6A2,0.32399337658871535,79.2064855578224,0.0
PUM1,0.3239847542818862,79.20111671856544,0.0
GABRR1,0.3239532728959425,79.1957478793085,0.0
VPS39,0.3239376970405424,79.19037904005154,0.0
CDH10,0.32389682095200734,79.1850102007946,0.0
MARK4,0.32389051122370976,79.17964136153763,0.0
EXOSC2,0.32350173571412427,79.17427252228069,0.0
NECAB3,0.32347742547424824,79.16890368302373,0.0
CPSF2,0.3234247776157772,79.16353484376678,0.0
MPST,0.3233145800460836,79.15816600450982,0.0
SRBD1,0.32327324901809307,79.15279716525288,0.0
AMOT,0.3231988515332561,79.14742832599592,0.0
PCBP2,0.32318199146726123,79.14205948673897,0.0
LY75,0.32304588098811515,79.13669064748201,0.0
EBF2,0.32300827468214177,79.13132180822507,0.0
MAPK7,0.32297042636391726,79.12595296896811,0.0
GATS,0.3229567430454675,79.12058412971116,0.0
COX5A,0.3228707425313739,79.1152152904542,0.0
KYNU,0.32272088551453526,79.10984645119726,0.0
MCM6,0.3227180043489567,79.1044776119403,0.0
WDR24,0.32261448106396023,79.09910877268335,0.0
MRPL51,0.3220844103410726,79.09373993342639,0.0
DAW1,0.32172095813963153,79.08837109416945,0.0
RAB3A,0.3216834933620606,79.08300225491249,0.0
WDR4,0.32142777858593097,79.07763341565554,0.0
DPP4,0.3210897530353073,79.07226457639858,0.0
TUT1,0.321026334012217,79.06689573714164,0.0
UBR2,0.32095454798004275,79.06152689788468,0.0
TRIM21,0.32090240866829467,79.05615805862773,0.0
GRB14,0.320721466249282,79.05078921937077,0.0
TENM4,0.32071614535495785,79.04542038011382,0.0
TENM3,0.32065058202859964,79.04005154085687,1.0
ADAR,0.32060378836431014,79.0346827015999,0.0
ACLY,0.3202399999859863,79.02931386234296,0.0
TSG101,0.32005480153817134,79.023945023086,0.0
LARP7,0.31999089121500973,79.01857618382905,0.0
MET,0.3197714851420968,79.0132073445721,0.0
HYOU1,0.3196696961547015,79.00783850531515,0.0
FOXG1,0.3194239050910796,79.00246966605819,0.0
TIMM13,0.31890028280520155,78.99710082680124,0.0
CDIPT,0.3187522281910676,78.99173198754428,0.0
HOXB7,0.31866790713112647,78.98636314828734,0.0
MSRB3,0.31835084482236053,78.98099430903038,0.0
CCDC77,0.31806830652812884,78.97562546977343,0.0
TLL2,0.31780570466581876,78.97025663051647,0.0
CA3,0.31769520208738167,78.96488779125953,0.0
FNDC3B,0.317600642701361,78.95951895200257,0.0
NR2F1,0.3175505767018959,78.95415011274562,0.0
SYAP1,0.3175272230010354,78.94878127348866,0.0
SECISBP2,0.31701807027854156,78.94341243423172,0.0
RIPPLY3,0.3167984513927878,78.93804359497477,0.0
KAT2B,0.31654953948166675,78.93267475571781,0.0
PELO,0.31654459501849147,78.92730591646087,0.0
CHMP4B,0.3165071481965473,78.9219370772039,0.0
KAT8,0.316478849117496,78.91656823794696,0.0
CDK13,0.31639657141132455,78.91119939869,0.0
RAB7A,0.3160801215214258,78.90583055943306,0.0
TFEC,0.31603603066539926,78.9004617201761,0.0
ARMC2,0.31602474712393824,78.89509288091915,0.0
ABCC10,0.31599137609977646,78.88972404166219,0.0
NBEAL1,0.31588211492664175,78.88435520240525,0.0
PRKCQ,0.31561765729688174,78.87898636314829,0.0
SLC35D1,0.31546233839962673,78.87361752389134,0.0
EMC1,0.3153350358639735,78.86824868463438,0.0
ZNF134,0.3150715336216612,78.86287984537744,0.0
IMMT,0.31497602967962585,78.85751100612048,0.0
GLIS3,0.31490523775043944,78.85214216686353,0.0
INTS6,0.31488067681746046,78.84677332760657,0.0
ZNF266,0.31484256688984036,78.84140448834962,0.0
RPTOR,0.31475414668921864,78.83603564909266,0.0
TPT1,0.3146746697459339,78.83066680983572,0.0
USP8,0.3145521772716382,78.82529797057876,0.0
DGKQ,0.31435761512220994,78.81992913132181,0.0
SLCO1B1,0.31426804107003753,78.81456029206485,0.0
PIP5K1A,0.31418390900896437,78.80919145280791,0.0
PLP1,0.31415332440580057,78.80382261355095,0.0
MORF4L2,0.3140199329505834,78.798453774294,0.0
ENPP2,0.3140169035214063,78.79308493503704,0.0
F2,0.3137002099599474,78.7877160957801,0.0
SPTBN2,0.3135329274496591,78.78234725652314,0.0
GCKR,0.31336738800133596,78.77697841726618,0.0
TRAK2,0.3133481191413138,78.77160957800923,0.0
CRADD,0.31333175394198054,78.76624073875227,0.0
PIK3C2A,0.313304017674016,78.76087189949533,0.0
MTMR12,0.3132360884157809,78.75550306023837,0.0
PLK1,0.31322389013327334,78.75013422098142,0.0
SPG11,0.3130371372204047,78.74476538172446,0.0
BCL2L1,0.31302380446909506,78.73939654246752,0.0
ALB,0.3130078715878553,78.73402770321056,0.0
SNF8,0.3129555296147734,78.72865886395361,0.0
AP4B1,0.312491706323023,78.72329002469665,0.0
HNRNPU,0.31245235108046093,78.7179211854397,0.0
TNF,0.3123888436730498,78.71255234618275,0.0
HAP1,0.3122982646830639,78.7071835069258,0.0
M1AP,0.31220359036667084,78.70181466766884,0.0
YY2,0.3121826726079829,78.6964458284119,0.0
WRAP53,0.31201380319695937,78.69107698915494,0.0
ZSCAN21,0.31181374053404787,78.68570814989799,0.0
SGIP1,0.31157979083122234,78.68033931064103,0.0
TRA2A,0.311356501453149,78.67497047138409,0.0
DLGAP5,0.3108612050461472,78.66960163212714,0.0
PAH,0.31063018940401776,78.66423279287018,0.0
RPA3,0.3104721390618534,78.65886395361323,0.0
UBE3D,0.31045072012139413,78.65349511435628,0.0
B4GALT7,0.31035863193896496,78.64812627509933,0.0
FOSL1,0.3103149725620179,78.64275743584237,0.0
RFNG,0.3102337293154675,78.63738859658542,0.0
DHX30,0.3101987325875241,78.63201975732846,0.0
GAA,0.31005529839045937,78.62665091807152,0.0
NOLC1,0.3098695816814652,78.62128207881456,0.0
MAPK8,0.309842017424128,78.61591323955761,0.0
GDF2,0.3097747898584107,78.61054440030065,0.0
PASK,0.3096351865647985,78.60517556104371,0.0
SEC23IP,0.3094745579912604,78.59980672178675,0.0
PAICS,0.3090957295605693,78.5944378825298,0.0
ESRRB,0.3089417781688179,78.58906904327284,0.0
TXNL4A,0.30888723159720133,78.5837002040159,0.0
KLC2,0.30855768218412893,78.57833136475894,0.0
CGN,0.3085232808319681,78.57296252550199,0.0
MT1F,0.3084718830226754,78.56759368624503,0.0
RING1,0.3084169922794297,78.56222484698809,0.0
CHST14,0.3083445169769563,78.55685600773113,1.0
ALDH3A2,0.30832615940542746,78.55148716847418,1.0
MAPK9,0.30819178775266887,78.54611832921722,0.0
KLHL5,0.3080178019240579,78.54074948996028,0.0
CLMP,0.3080088485833605,78.53538065070332,0.0
P2RX2,0.30790052156863357,78.53001181144637,0.0
PPP4C,0.30774931070013023,78.52464297218941,0.0
NCBP1,0.3076837804973602,78.51927413293247,0.0
MEFV,0.3076387827455087,78.5139052936755,0.0
IL17A,0.30754373831109655,78.50853645441856,0.0
REG1B,0.3074070246432613,78.5031676151616,0.0
DENND3,0.30738857100468686,78.49779877590464,0.0
APOA1,0.3071956445032744,78.4924299366477,0.0
DARS2,0.3070772833278344,78.48706109739074,0.0
FIG4,0.3068221617931851,78.48169225813379,0.0
PDK2,0.30679564136123744,78.47632341887683,0.0
KLF15,0.30667373796239034,78.47095457961989,0.0
SFXN3,0.3065802712812313,78.46558574036293,0.0
GLUD1,0.30638481648988336,78.46021690110598,0.0
HBG1,0.3062063650755482,78.45484806184902,0.0
TP53BP1,0.3061843190289496,78.44947922259207,0.0
SIRT2,0.30601770763089464,78.44411038333511,0.0
ZBED1,0.3058059126684123,78.43874154407817,0.0
TTI2,0.3056928869638703,78.43337270482121,0.0
GPNMB,0.3055207148983815,78.42800386556426,0.0
HK3,0.3054961785297282,78.4226350263073,0.0
FRMD6,0.30529881633343636,78.41726618705036,0.0
RRM2B,0.30512725024388165,78.4118973477934,1.0
SMAD4,0.30506358622188756,78.40652850853645,0.0
EXOSC9,0.305036449334817,78.4011596692795,0.0
MRPL18,0.30498896416292576,78.39579083002255,0.0
WDR47,0.3048250285636988,78.3904219907656,0.0
RAB9B,0.30459134837214974,78.38505315150864,0.0
NRGN,0.3045792224191878,78.3796843122517,0.0
NUPL2,0.3044632888050996,78.37431547299474,0.0
HLA-DRA,0.3044611318126349,78.36894663373779,0.0
KCNJ2,0.3040741819784321,78.36357779448083,0.0
HBB,0.3040438800904107,78.35820895522389,1.0
VDAC3,0.30400157907084563,78.35284011596693,0.0
CLCN7,0.30393317596523206,78.34747127670998,0.0
SOST,0.3039091921823171,78.34210243745302,0.0
MED29,0.3036046737179809,78.33673359819608,0.0
HEG1,0.30334446867520776,78.33136475893912,0.0
ANGPTL6,0.3031989684427626,78.32599591968217,0.0
RNF14,0.30298419477931565,78.32062708042521,0.0
HACE1,0.3029576563633154,78.31525824116827,1.0
WDR46,0.3029112260973523,78.3098894019113,0.0
WNT4,0.3028924922456925,78.30452056265436,0.0
THBS2,0.3027642998116275,78.2991517233974,0.0
HOXD10,0.30259306364787214,78.29378288414046,0.0
RALGAPA2,0.30251197558977194,78.2884140448835,0.0
KCNJ11,0.30220308792651207,78.28304520562655,1.0
COLGALT2,0.30218636043109404,78.27767636636959,0.0
SYF2,0.3020170941019287,78.27230752711264,0.0
ARSD,0.30192663670405995,78.26693868785568,0.0
SUN2,0.3013491087421022,78.26156984859874,0.0
UBL5,0.30132144588018633,78.25620100934178,0.0
NMU,0.3012649501796161,78.25083217008483,0.0
CYCS,0.3012158976995904,78.24546333082787,0.0
WDR90,0.3012056315720337,78.24009449157091,0.0
SPAG5,0.3010614943860465,78.23472565231397,0.0
CHIC1,0.30102569170361615,78.22935681305701,0.0
LYSMD3,0.30092012617632236,78.22398797380006,0.0
INSC,0.3008885829601229,78.2186191345431,0.0
RSPO3,0.3006751378660427,78.21325029528616,0.0
FASTKD3,0.30066040450961706,78.2078814560292,0.0
BET1L,0.3005253611355625,78.20251261677225,0.0
TRMT2A,0.30036772842721904,78.1971437775153,0.0
FSIP2,0.3002317117571076,78.19177493825835,0.0
POLD4,0.30017568487904117,78.18640609900139,0.0
DMWD,0.30012080582530887,78.18103725974444,0.0
COPS8,0.30008320742971756,78.17566842048748,0.0
KRT31,0.3000809970791435,78.17029958123054,0.0
KLHL17,0.3000041048587307,78.16493074197358,0.0
GSTT1,0.29987544698164514,78.15956190271663,0.0
RNPC3,0.29975078030710145,78.15419306345967,0.0
FGF23,0.29954422168960776,78.14882422420273,0.0
ANO10,0.29925686111859856,78.14345538494577,0.0
IL10RB,0.2991763383581725,78.13808654568882,0.0
HMGCR,0.29893830863743287,78.13271770643186,0.0
FRY,0.29889811006579026,78.12734886717492,0.0
GUK1,0.29874339102958947,78.12198002791796,0.0
PHB,0.2986364103139474,78.11661118866101,0.0
IPO13,0.2985812217339213,78.11124234940407,0.0
UGP2,0.2983917691210499,78.1058735101471,0.0
HEY2,0.29838520014447467,78.10050467089016,0.0
VOPP1,0.29833396244497123,78.0951358316332,0.0
DIDO1,0.29787922611809103,78.08976699237625,0.0
RPLP2,0.2976609745171949,78.0843981531193,0.0
NRXN1,0.29753409472726755,78.07902931386235,0.0
SUPT4H1,0.29736225968907437,78.07366047460539,0.0
COL9A3,0.29729964888103994,78.06829163534844,1.0
CD74,0.29713029896878657,78.06292279609148,0.0
NCKAP5L,0.29708854070231394,78.05755395683454,0.0
RNF144B,0.297056600104621,78.05218511757758,0.0
AK9,0.29700414679969495,78.04681627832063,0.0
GRPEL1,0.29687948294475336,78.04144743906367,0.0
SFRP4,0.29625114865922364,78.03607859980673,0.0
SPATA5,0.2961971748781476,78.03070976054977,0.0
CDCA8,0.29582706790446817,78.02534092129282,0.0
PHYKPL,0.29531712363876184,78.01997208203586,0.0
KRT85,0.2952045698620184,78.01460324277892,0.0
IL17RE,0.2951067455380745,78.00923440352196,0.0
PSMD7,0.2950903489118632,78.00386556426501,0.0
T,0.29493071943979077,77.99849672500805,0.0
PDGFC,0.2949263829146881,77.99312788575111,0.0
CHST15,0.29482419512385294,77.98775904649415,0.0
ZHX2,0.2947679813380474,77.9823902072372,0.0
SNX17,0.2941190660584057,77.97702136798024,0.0
NOTUM,0.2939709180978683,77.9716525287233,0.0
SORBS2,0.29395704543287005,77.96628368946634,0.0
FAM134B,0.2939527003485119,77.96091485020938,0.0
PARK7,0.2937267736588015,77.95554601095243,0.0
ZNRF3,0.29370827301345953,77.95017717169547,0.0
RYBP,0.29354290997372756,77.94480833243853,0.0
DDX59,0.2935034820001575,77.93943949318157,0.0
ODF3L2,0.29348615384447135,77.93407065392462,0.0
DNAJC21,0.29345514782908305,77.92870181466766,0.0
VSIG4,0.2930388019443555,77.92333297541072,0.0
PKIG,0.2929999273489168,77.91796413615376,0.0
ACSL3,0.2929050050519927,77.91259529689681,0.0
PAK1,0.2928204354280099,77.90722645763985,0.0
PRDM14,0.2927198888586706,77.9018576183829,0.0
ACTR5,0.2925432933085736,77.89648877912595,0.0
TTLL4,0.2924610141274086,77.891119939869,0.0
RC3H2,0.2921845497593566,77.88575110061204,0.0
CBWD2,0.29195197530127504,77.8803822613551,0.0
CD63,0.2919106862785542,77.87501342209814,0.0
GNG8,0.291833402746349,77.86964458284119,0.0
CWC27,0.29178240730786437,77.86427574358423,0.0
BSCL2,0.29162768843485165,77.85890690432728,0.0
ATP6V1G2,0.2915268343814149,77.85353806507032,0.0
PML,0.291239763116503,77.84816922581338,0.0
TNFRSF10A,0.29119424653884984,77.84280038655642,0.0
STK4,0.2910342753848535,77.83743154729947,0.0
RIPK3,0.29088861666115334,77.83206270804253,0.0
ATAD3A,0.2908214916265081,77.82669386878557,0.0
LMTK2,0.29077458445619636,77.82132502952862,0.0
HSPA9,0.29072431860042536,77.81595619027166,0.0
DHX38,0.2905917208431113,77.81058735101472,0.0
SNX33,0.2905707242827898,77.80521851175776,0.0
TARS2,0.2904586363764773,77.79984967250081,0.0
DOCK1,0.2904506165242877,77.79448083324385,0.0
ZNF48,0.29002096341055694,77.78911199398691,0.0
MDM4,0.2899141240687388,77.78374315472995,0.0
PIK3CG,0.2899129838429222,77.778374315473,0.0
MPL,0.2897838561705862,77.77300547621604,0.0
AMPD3,0.2895217555599577,77.7676366369591,0.0
TFDP1,0.2894721359583355,77.76226779770214,0.0
ALDH5A1,0.2891083691727999,77.75689895844519,0.0
KCNA2,0.2889456006379916,77.75153011918823,0.0
CDK11B,0.28889291916149,77.74616127993129,0.0
FPGT,0.2887306410469947,77.74079244067433,0.0
MDM2,0.28871381205273,77.73542360141738,0.0
MTA2,0.2887026462470462,77.73005476216042,0.0
AQP6,0.2886728726375605,77.72468592290348,0.0
SETD1A,0.2885773286339462,77.71931708364652,0.0
ARX,0.2882686705164099,77.71394824438957,0.0
ERBB4,0.2882275819264869,77.70857940513261,0.0
LEMD3,0.2882144590489125,77.70321056587565,0.0
AURKB,0.2881631187631498,77.6978417266187,0.0
MASTL,0.28813295393846194,77.69247288736175,0.0
CAMTA2,0.28800891761148784,77.6871040481048,0.0
CIAPIN1,0.28777547636720435,77.68173520884784,0.0
FLOT2,0.287551773449263,77.6763663695909,0.0
PDE12,0.28747274130775685,77.67099753033393,0.0
AP1S2,0.2873406202183048,77.66562869107699,0.0
CR2,0.2872690866891526,77.66025985182003,0.0
DCD,0.2872533147461628,77.65489101256308,0.0
STRN3,0.28724633139225,77.64952217330612,0.0
PLEKHB1,0.28724193259708664,77.64415333404918,0.0
SAMHD1,0.28710226595253713,77.63878449479222,0.0
LAT,0.2869177880543953,77.63341565553527,0.0
NPEPPS,0.2868026378144823,77.62804681627831,0.0
PPP1R10,0.28673750059165165,77.62267797702137,0.0
G3BP2,0.28673625099262096,77.61730913776441,0.0
LGR4,0.28671303600099945,77.61194029850746,0.0
SCUBE2,0.2866882655809503,77.6065714592505,0.0
CHEK2,0.28658742268448856,77.60120261999356,1.0
FAAH,0.28649416976459685,77.5958337807366,0.0
YIPF2,0.28642112680683746,77.59046494147965,0.0
CTR9,0.28613161889531213,77.58509610222269,0.0
BORA,0.28613059332154955,77.57972726296575,0.0
TRAK1,0.2860603616721087,77.57435842370879,0.0
MKL1,0.2860107789429118,77.56898958445184,0.0
BAAT,0.2858832242031374,77.56362074519488,0.0
GIPC3,0.2857872748813686,77.55825190593794,0.0
ANXA2,0.28573846467074226,77.55288306668099,0.0
NTF3,0.2851154149956232,77.54751422742403,0.0
RAB3D,0.28506175729352756,77.54214538816709,0.0
SLC39A13,0.2850343689190429,77.53677654891013,0.0
SAYSD1,0.2850163980045738,77.53140770965318,0.0
PTHLH,0.28499161047060906,77.52603887039622,0.0
WDR92,0.284962801127233,77.52067003113928,0.0
MGP,0.2848788281884015,77.51530119188232,0.0
AMPD1,0.2846902410797888,77.50993235262537,0.0
PTTG1IP,0.2845216103303629,77.50456351336841,0.0
FRYL,0.2844960564624689,77.49919467411146,0.0
INSIG2,0.2843272852295972,77.4938258348545,0.0
RABEP2,0.28413581935647964,77.48845699559756,0.0
KMT2B,0.28393585936923244,77.4830881563406,0.0
SNAP47,0.2838805313529029,77.47771931708365,0.0
TEAD1,0.28377351343989654,77.4723504778267,1.0
HELZ2,0.2837075512236441,77.46698163856975,0.0
SNX13,0.28348848408179267,77.46161279931279,0.0
RAD17,0.2833406033565463,77.45624396005584,0.0
MYL5,0.28332161165315595,77.45087512079888,0.0
RASGRP3,0.28316630057228387,77.44550628154194,0.0
PHPT1,0.28299405002516254,77.44013744228498,0.0
LGALS3BP,0.2829130353871049,77.43476860302803,0.0
TAF1A,0.2827414460486406,77.42939976377107,0.0
TMEM79,0.28261944620608914,77.42403092451411,0.0
LAMTOR5,0.2824698298394512,77.41866208525717,0.0
SMC3,0.2824697565572051,77.41329324600021,0.0
RAB28,0.2822781098058428,77.40792440674326,1.0
NOS1AP,0.2822263871929379,77.4025555674863,0.0
GRIN2A,0.28221898107631205,77.39718672822936,0.0
TANC2,0.2821922744195503,77.3918178889724,0.0
UQCRQ,0.2819304701591722,77.38644904971545,0.0
VGLL2,0.28192025718281094,77.38108021045849,0.0
CHUK,0.28175948477878565,77.37571137120155,0.0
MYL12B,0.2815342755038615,77.37034253194459,0.0
AREL1,0.28147867216732114,77.36497369268764,0.0
EAF1,0.28135940375825325,77.35960485343068,0.0
TRNT1,0.28133812284224563,77.35423601417374,1.0
TTLL12,0.2813324234791088,77.34886717491678,0.0
MYZAP,0.28131628089138394,77.34349833565983,0.0
COPA,0.2811986530192089,77.33812949640287,0.0
SLC2A9,0.2811803455046644,77.33276065714593,0.0
UQCC2,0.28116218791502157,77.32739181788897,0.0
DNAJC6,0.2811521227235504,77.32202297863202,0.0
N6AMT1,0.28113552460908836,77.31665413937506,0.0
P4HA2,0.2810871166234652,77.31128530011812,0.0
HDAC11,0.28093609559436494,77.30591646086116,0.0
SUCLA2,0.28090431476767536,77.30054762160421,1.0
OTUD7B,0.2808867275503634,77.29517878234725,0.0
SLC7A1,0.28075965950096315,77.2898099430903,0.0
SLC25A1,0.28075132700130107,77.28444110383336,0.0
RHOC,0.2805253539600672,77.2790722645764,0.0
PHOX2A,0.2803549204064698,77.27370342531945,0.0
NLRP3,0.28013538254133297,77.2683345860625,0.0
DNAJC8,0.2795501661406076,77.26296574680555,0.0
ANGPTL1,0.2795046248178226,77.25759690754859,0.0
CSTB,0.27945184689753916,77.25222806829164,0.0
ATP7A,0.2793320921905273,77.24685922903468,0.0
LZIC,0.27927083434713407,77.24149038977774,0.0
KATNA1,0.27896184956728964,77.23612155052078,0.0
RSPO1,0.27888252524082396,77.23075271126383,0.0
GLIPR2,0.2786611606109084,77.22538387200687,0.0
LIMS2,0.2783880591386035,77.22001503274993,0.0
STK35,0.2783540085615852,77.21464619349297,0.0
SMC2,0.2782950184366779,77.20927735423602,0.0
KCNK2,0.27798905915086497,77.20390851497906,0.0
TBC1D31,0.2778101973656678,77.19853967572212,0.0
RAB14,0.27777849844563907,77.19317083646516,0.0
UQCRC1,0.2777376419793712,77.18780199720821,0.0
PLCB1,0.2774616896876131,77.18243315795125,0.0
FEN1,0.2774521239300637,77.1770643186943,0.0
DDX51,0.27743814501495,77.17169547943735,0.0
TTC37,0.27739931462549655,77.16632664018039,0.0
MCM5,0.27737809343631475,77.16095780092344,0.0
FOXJ1,0.2771421900501371,77.15558896166648,0.0
APOH,0.2769292672043881,77.15022012240954,0.0
SAR1B,0.2767750611992257,77.14485128315258,1.0
SERPIND1,0.276722943466096,77.13948244389563,0.0
EPOR,0.27667053613587217,77.13411360463867,0.0
ZMIZ1,0.27639074406013725,77.12874476538173,0.0
PTGIR,0.2763226451627417,77.12337592612477,0.0
CWC22,0.2762234827982338,77.11800708686782,0.0
HPR,0.276104653350606,77.11263824761086,0.0
PIN1,0.2760256703130197,77.10726940835391,0.0
GPKOW,0.27588294421211557,77.10190056909695,0.0
SLC14A1,0.27563084324464204,77.09653172984001,0.0
GFI1B,0.2755009738329222,77.09116289058305,0.0
APLN,0.2754350285437717,77.0857940513261,0.0
GATA1,0.2752658516431451,77.08042521206914,0.0
NKX6-1,0.27518631237497165,77.0750563728122,0.0
EEF1A2,0.2748059809858062,77.06968753355524,0.0
C1GALT1C1,0.27456598782542824,77.0643186942983,0.0
EFHC1,0.2745177923459742,77.05894985504133,0.0
FABP3,0.27444013771724923,77.05358101578439,0.0
TWIST1,0.27433804760499425,77.04821217652743,0.0
TTLL3,0.27431617237530626,77.04284333727048,0.0
RAD23B,0.27425122944860714,77.03747449801352,0.0
KANK2,0.27391589168333136,77.03210565875658,0.0
CXCL14,0.2738317592658456,77.02673681949962,0.0
CASP10,0.27363683868412025,77.02136798024267,0.0
TSLP,0.27355418278418137,77.01599914098571,0.0
RASSF9,0.27348755278987025,77.01063030172877,0.0
CHRDL2,0.27339140114615507,77.00526146247182,0.0
EIF3K,0.2733462835457158,76.99989262321486,0.0
FIGNL1,0.2732776726745961,76.99452378395792,0.0
CRYBA4,0.2730257470746846,76.98915494470096,0.0
SCD5,0.2729152983833213,76.98378610544401,0.0
UBAC1,0.27290790068340826,76.97841726618705,0.0
SARNP,0.27285035234724664,76.9730484269301,0.0
GHITM,0.2726033430592763,76.96767958767315,0.0
RFK,0.27258138984873553,76.9623107484162,0.0
HLA-E,0.2721627711610346,76.95694190915924,0.0
MC5R,0.27212927885831484,76.9515730699023,0.0
PSMG1,0.27186752842238293,76.94620423064534,0.0
RILPL1,0.2717927781530391,76.94083539138839,0.0
CYFIP1,0.27174799103642183,76.93546655213143,0.0
PNPT1,0.2716681371178032,76.93009771287448,0.0
LGI1,0.27143331700731355,76.92472887361752,0.0
GNAL,0.2713605387046908,76.91936003436058,0.0
FHL2,0.2712860525320735,76.91399119510362,0.0
RWDD3,0.2712851031631054,76.90862235584667,0.0
IL22,0.27120169563642343,76.90325351658971,0.0
CTPS2,0.2710970735475857,76.89788467733277,0.0
NFE2L3,0.2710373169196071,76.89251583807581,0.0
DUSP1,0.27089541980488147,76.88714699881885,0.0
CST4,0.27088292439445777,76.8817781595619,0.0
DGCR8,0.2707910631542992,76.87640932030494,1.0
RTL1,0.27058762029956185,76.871040481048,0.0
ANAPC13,0.2701081559003681,76.86567164179104,0.0
NAP1L4,0.27000117201407353,76.8603028025341,0.0
STIL,0.2698939471418599,76.85493396327713,0.0
NEGR1,0.2698308651522793,76.84956512402019,0.0
MYOG,0.26955491861891284,76.84419628476323,0.0
ZBTB20,0.2695029819235405,76.83882744550628,0.0
CENPE,0.2694437017566519,76.83345860624932,0.0
FBXO5,0.26941653008147476,76.82808976699238,0.0
PCLO,0.2693737472329974,76.82272092773542,0.0
TAGLN2,0.2693317815803064,76.81735208847847,0.0
NRG2,0.2691904547827326,76.81198324922151,0.0
TLK2,0.2690905383557772,76.80661440996457,0.0
HBA1,0.2690787291455341,76.80124557070761,0.0
AMD1,0.2689529748534375,76.79587673145066,0.0
PPP2R1A,0.2688575946410297,76.7905078921937,0.0
RPS4X,0.2688493869113215,76.78513905293676,0.0
TMEM30A,0.2688122385608601,76.7797702136798,0.0
TMEM8A,0.26876568519709165,76.77440137442285,0.0
RGS14,0.2686748918525456,76.76903253516589,0.0
DCBLD2,0.2686323871375526,76.76366369590895,0.0
DNAJC18,0.2684892767033634,76.75829485665199,0.0
CLEC4C,0.2682257167444726,76.75292601739504,0.0
MYOM2,0.26818310433633674,76.74755717813808,0.0
TMEM51,0.2681246302202448,76.74218833888114,0.0
PKM,0.26808537954959166,76.73681949962418,0.0
TRIM54,0.26808033431635253,76.73145066036723,0.0
TMEM30B,0.2680179339954286,76.72608182111028,0.0
NAT1,0.26787281373360206,76.72071298185332,0.0
CDC16,0.26781147871657895,76.71534414259638,0.0
GLIS2,0.2673815536125422,76.70997530333942,0.0
RUVBL2,0.2672999956342446,76.70460646408247,0.0
ZBTB33,0.2672635391531064,76.69923762482551,0.0
MUC2,0.26714858768124194,76.69386878556857,0.0
PTEN,0.26679298871597,76.68849994631161,1.0
TLR9,0.26675030884182854,76.68313110705466,0.0
TNFAIP3,0.2667089350242076,76.6777622677977,0.0
HS3ST2,0.2666823848620138,76.67239342854076,0.0
PANX3,0.2664593262854003,76.6670245892838,0.0
CANX,0.2663536446463052,76.66165575002685,0.0
ARL8B,0.266159190537962,76.6562869107699,0.0
ZNF7,0.26614002294516054,76.65091807151295,0.0
HCN2,0.2660155529163208,76.64554923225599,0.0
KNSTRN,0.2656112404893204,76.64018039299904,0.0
HLA-DMA,0.26556168128052593,76.63481155374208,0.0
FBXL5,0.2653770465496434,76.62944271448512,0.0
EVI5,0.26535268032186243,76.62407387522818,0.0
KCNC4,0.26531098814242216,76.61870503597122,0.0
BOD1L1,0.26524500209601837,76.61333619671427,0.0
CENPO,0.26518455260414947,76.60796735745731,0.0
ROMO1,0.26516118666036986,76.60259851820037,0.0
ALDH18A1,0.26486347285784606,76.5972296789434,0.0
PLD3,0.26467874782318684,76.59186083968646,0.0
ANKFY1,0.2646109982924021,76.5864920004295,0.0
NUPR1,0.2646104782357844,76.58112316117256,0.0
EIF3M,0.2645766535540369,76.5757543219156,0.0
NGLY1,0.26442716305685476,76.57038548265865,0.0
FDFT1,0.2643921863439437,76.56501664340169,0.0
RAD51D,0.26425908976591506,76.55964780414475,0.0
CDC26,0.2642498029784937,76.55427896488779,0.0
DOPEY2,0.26416334825278825,76.54891012563084,0.0
PPP1R15A,0.26411046620692535,76.54354128637388,0.0
PPP2R5D,0.2640043143414837,76.53817244711693,0.0
GPR107,0.26366373221098566,76.53280360785998,0.0
UBE2L3,0.2635845730403733,76.52743476860303,0.0
LRCH4,0.26357348445930473,76.52206592934607,0.0
AADAT,0.26356476747571206,76.51669709008912,0.0
ZNF366,0.2635379772482719,76.51132825083216,0.0
SEMA6A,0.2635271660765449,76.50595941157522,0.0
MEF2D,0.26348370466626403,76.50059057231826,0.0
ZNF772,0.2634668932759386,76.49522173306131,0.0
MAL,0.26345972224161457,76.48985289380435,0.0
IL10RA,0.263367341993913,76.48448405454741,0.0
POLR2A,0.26335995107575033,76.47911521529045,0.0
NLE1,0.26290984449298976,76.4737463760335,0.0
ITPK1,0.2627491555621923,76.46837753677654,0.0
ESRRG,0.26256345721195246,76.4630086975196,0.0
RNF123,0.2625301059452535,76.45763985826264,0.0
RFX7,0.26245570012270064,76.45227101900569,0.0
ADRA2C,0.26239461145526044,76.44690217974875,0.0
MIOS,0.26235527315663154,76.44153334049179,0.0
XPOT,0.2622866684293085,76.43616450123484,0.0
RLN2,0.2622404953257114,76.43079566197788,0.0
LTF,0.26211991907146676,76.42542682272094,0.0
POLR3H,0.2621082776795477,76.42005798346398,0.0
CD247,0.26174205318974725,76.41468914420703,0.0
HARS2,0.26162367615998894,76.40932030495007,0.0
RECQL4,0.26161831293391724,76.40395146569313,0.0
ZFAND5,0.26147727689373923,76.39858262643617,0.0
ATG9B,0.26141059883846346,76.39321378717922,0.0
ITPKC,0.2612849395648191,76.38784494792226,0.0
C11orf74,0.26108806828836784,76.38247610866532,0.0
PTCD1,0.2608837813845087,76.37710726940836,0.0
CFL2,0.2605945004275129,76.37173843015141,0.0
KCNJ1,0.2603075904184715,76.36636959089445,0.0
CEBPG,0.2601857108324268,76.3610007516375,0.0
CHST11,0.2600844965551793,76.35563191238055,0.0
CHL1,0.2599439367366544,76.35026307312359,0.0
CCDC103,0.2598896663174801,76.34489423386664,0.0
RLN1,0.25988802614462264,76.33952539460968,0.0
FGF12,0.2595763127391987,76.33415655535273,0.0
BARD1,0.25942241108164954,76.32878771609577,0.0
IFIH1,0.2593176297025096,76.32341887683882,0.0
NUP214,0.25924497569487753,76.31805003758187,0.0
EEF2,0.25924490143504836,76.31268119832492,0.0
LIPA,0.2589377051413811,76.30731235906796,0.0
CHST12,0.2586738005218981,76.30194351981102,0.0
RAD54B,0.25852716035266854,76.29657468055406,0.0
KIF18A,0.2584102412093253,76.29120584129711,0.0
KCTD13,0.2583784742616193,76.28583700204015,0.0
HOXB3,0.2583251558815114,76.28046816278321,0.0
UNC13A,0.2582119593637032,76.27509932352625,0.0
GALNT16,0.25778060471345693,76.2697304842693,0.0
FBXO2,0.2577506718036187,76.26436164501234,0.0
OTC,0.25771068057068364,76.2589928057554,0.0
MYO19,0.25755721273971327,76.25362396649844,0.0
SSRP1,0.25749697400656063,76.24825512724149,0.0
LACTB,0.25739822750424296,76.24288628798453,0.0
UBLCP1,0.25738929601545196,76.23751744872759,0.0
IQGAP3,0.25738043401286936,76.23214860947063,0.0
GNL2,0.2573088378384166,76.22677977021368,0.0
IL27RA,0.2572755532431016,76.22141093095672,0.0
CCNF,0.25705847829635,76.21604209169978,0.0
GPD1,0.2568653852050175,76.21067325244282,0.0
DECR1,0.2567530121817623,76.20530441318587,0.0
MZT2B,0.256723090166356,76.19993557392891,0.0
BANK1,0.25666455968919544,76.19456673467197,0.0
NRK,0.25666085542759165,76.189197895415,0.0
PSRC1,0.25648967502980285,76.18382905615806,0.0
COPS2,0.25635591173351074,76.1784602169011,0.0
MIXL1,0.2563040160679788,76.17309137764416,0.0
AAAS,0.25621847798371383,76.16772253838721,0.0
DDX54,0.25602520451300603,76.16235369913025,0.0
POLD2,0.25597377108932085,76.1569848598733,0.0
SNRPN,0.25554969244860315,76.15161602061634,0.0
TFB2M,0.2554684208001762,76.1462471813594,0.0
ELMO2,0.2551135160633846,76.14087834210244,1.0
TMTC1,0.25510729245173397,76.1355095028455,0.0
HILPDA,0.2550027975565961,76.13014066358853,0.0
NAT2,0.2549104061528883,76.12477182433159,0.0
TBX6,0.2547734855370415,76.11940298507463,0.0
RPL7L1,0.2547389379987077,76.11403414581768,0.0
COL10A1,0.25471602096416374,76.10866530656072,0.0
MYBPC3,0.25456830421364224,76.10329646730378,0.0
HLA-F,0.25435749615591907,76.09792762804682,0.0
COX6A2,0.2542029183200285,76.09255878878986,0.0
CACNA1B,0.2540590499922833,76.08718994953291,0.0
PCK1,0.2537032058037272,76.08182111027595,0.0
CAMK1,0.25355822274385087,76.07645227101901,0.0
ETV1,0.2533604821931758,76.07108343176205,0.0
GADD45B,0.2533558677875642,76.0657145925051,0.0
ENTPD1,0.25334810054565227,76.06034575324814,0.0
HMMR,0.2530637350718311,76.0549769139912,0.0
PPP1R12A,0.2528259518420282,76.04960807473424,0.0
TMEM256,0.25278199796594575,76.04423923547728,0.0
CHRM3,0.252619918055695,76.03887039622033,0.0
SPOP,0.25234360813911494,76.03350155696339,0.0
FBXO4,0.2521383010347157,76.02813271770643,0.0
C1QB,0.25207901033004176,76.02276387844948,0.0
PROKR2,0.25207516906678934,76.01739503919252,0.0
LRRC4,0.25175191586084417,76.01202619993558,0.0
ANK1,0.2516777276634307,76.00665736067862,0.0
TMTC3,0.2516081595503587,76.00128852142167,0.0
ZIC5,0.2515730724684833,75.99591968216471,0.0
SLC25A12,0.2514467497352085,75.99055084290777,0.0
ZWILCH,0.2514164130384757,75.9851820036508,0.0
PPIH,0.25133073437561826,75.97981316439386,0.0
SLITRK1,0.2511917316404861,75.9744443251369,0.0
PTK2B,0.2509346784871462,75.96907548587996,0.0
C1orf112,0.25044092470192914,75.963706646623,0.0
IREB2,0.2503598100902328,75.95833780736605,0.0
COQ7,0.25032184432934523,75.95296896810909,0.0
CD320,0.2503103485043158,75.94760012885214,0.0
GPM6B,0.25020618051556986,75.94223128959518,0.0
KIF5B,0.250061025171677,75.93686245033824,0.0
SLC34A2,0.2500289694126079,75.93149361108128,0.0
TPMT,0.2499364148990054,75.92612477182433,0.0
KLHL1,0.2498891368423723,75.92075593256737,0.0
AKT1,0.24983408231221427,75.91538709331043,0.0
JAK2,0.24980528098692734,75.91001825405347,0.0
SMYD3,0.24976949997886658,75.90464941479652,0.0
ACOT9,0.24976158411517013,75.89928057553958,0.0
NUFIP1,0.2497211767733488,75.89391173628262,0.0
DCX,0.24955935870871282,75.88854289702567,0.0
TNKS,0.24947374970110286,75.88317405776871,0.0
BAHD1,0.24894582787161953,75.87780521851177,0.0
PIK3R1,0.24870563116039662,75.87243637925481,0.0
MRPS28,0.24861065370136376,75.86706753999786,0.0
TAF1B,0.24856476344259767,75.8616987007409,0.0
LXN,0.24853533555421586,75.85632986148396,0.0
FICD,0.24838276905679066,75.850961022227,0.0
IDH2,0.24817947702067186,75.84559218297005,0.0
CIDEA,0.24816531218862004,75.84022334371309,0.0
C12orf57,0.2480385968251623,75.83485450445615,0.0
CDK9,0.24802191942928,75.82948566519919,0.0
DENND6B,0.24797456398586185,75.82411682594224,0.0
ATP6V1C1,0.2478251959339414,75.81874798668528,0.0
COPS6,0.24779370451418853,75.81337914742832,0.0
NUP88,0.2476995058159682,75.80801030817138,0.0
EHMT2,0.24751388072221694,75.80264146891442,0.0
HEBP1,0.247301656016805,75.79727262965747,0.0
COG5,0.24700579385025884,75.79190379040051,0.0
WFS1,0.24681623033272745,75.78653495114355,1.0
CEP57L1,0.24667358881477522,75.7811661118866,0.0
CRIP2,0.24663099192230103,75.77579727262965,0.0
TMEM70,0.2464069902169753,75.7704284333727,0.0
HOXB13,0.24634270064796207,75.76505959411574,0.0
CFLAR,0.24632985371313237,75.7596907548588,0.0
LRIF1,0.2462902569774778,75.75432191560185,0.0
CUX1,0.24620474083494298,75.74895307634489,0.0
IL2,0.2462033558115979,75.74358423708794,0.0
PRKACB,0.2460401757380047,75.73821539783098,0.0
ADCY7,0.24601140315278291,75.73284655857404,0.0
COMT,0.24595859894247302,75.72747771931708,0.0
RBM26,0.24573220135162419,75.72210888006013,0.0
HNRNPA2B1,0.24565251247769265,75.71674004080317,0.0
RAB32,0.24546777886314586,75.71137120154623,0.0
CCDC59,0.24545721198131537,75.70600236228927,0.0
RORA,0.24542082742956195,75.70063352303232,0.0
KRT86,0.24533420274830417,75.69526468377536,0.0
PDCD1,0.2452871343050831,75.68989584451842,0.0
ARID1B,0.24526912039316456,75.68452700526146,0.0
KCNIP2,0.2450295991032349,75.67915816600451,0.0
MYH7B,0.2449428366762751,75.67378932674755,0.0
ESRP2,0.2449217060918086,75.66842048749061,0.0
VCL,0.24484644605822453,75.66305164823365,0.0
PTPN21,0.24480126212421305,75.6576828089767,0.0
SLC9A6,0.24476263835220086,75.65231396971974,0.0
SMC1A,0.24462852422245826,75.6469451304628,0.0
BAG1,0.24457827826529868,75.64157629120584,0.0
ADAM33,0.24442580173906087,75.63620745194889,0.0
HSPD1,0.24436431819607077,75.63083861269193,0.0
POLE4,0.24419089319548498,75.62546977343499,0.0
PILRB,0.2440720845221993,75.62010093417804,0.0
DHX8,0.24405506840478478,75.61473209492108,0.0
FGFR4,0.24405460919460392,75.60936325566414,0.0
CFB,0.24387162139347854,75.60399441640718,0.0
CSNK1D,0.24385057410440694,75.59862557715023,0.0
DIAPH1,0.2437272916526441,75.59325673789327,1.0
JMJD7,0.24371537132288035,75.58788789863632,0.0
PRKAR2A,0.24366207431475767,75.58251905937936,0.0
FGA,0.24362740488374807,75.57715022012242,0.0
GNB1L,0.24349989438774897,75.57178138086546,0.0
GK,0.243425895651345,75.56641254160851,0.0
CD2AP,0.24332771252490554,75.56104370235155,0.0
GOLGB1,0.24314005605965985,75.5556748630946,0.0
ROS1,0.24312196146403647,75.55030602383765,0.0
PLEKHM1,0.24293274674271967,75.54493718458069,0.0
SYNRG,0.24284895740894363,75.53956834532374,0.0
CYP11B1,0.242638601343465,75.53419950606678,0.0
HEXIM1,0.24262659801559594,75.52883066680984,0.0
TUBB4B,0.24250078722149787,75.52346182755288,1.0
CASP4,0.2423915793178438,75.51809298829593,0.0
NDRG3,0.2423148079386876,75.51272414903897,0.0
SLC20A1,0.24217825566979725,75.50735530978201,0.0
ZKSCAN8,0.24191536467491553,75.50198647052507,0.0
ADAM19,0.24190620881520064,75.49661763126811,0.0
MIS18A,0.2418945647372857,75.49124879201116,0.0
STRAP,0.24180438088684514,75.4858799527542,0.0
NIT1,0.24161551816387744,75.48051111349726,0.0
HLA-DRB1,0.24156556150930455,75.47514227424031,0.0
GTF2H4,0.24152215760354476,75.46977343498335,0.0
SYT2,0.2415021342785902,75.4644045957264,0.0
USP47,0.24145539698686255,75.45903575646945,0.0
RAB19,0.2413559710178383,75.4536669172125,0.0
INPPL1,0.24125834705856253,75.44829807795554,0.0
NME3,0.24121783867843952,75.4429292386986,0.0
SGSM3,0.24116805323777987,75.43756039944164,0.0
CCNB1,0.24109466177942393,75.43219156018469,0.0
VGF,0.24108857755287164,75.42682272092773,0.0
RHOA,0.2410152646597325,75.42145388167079,0.0
CDH17,0.2409518395091307,75.41608504241383,0.0
DDO,0.2407135463421024,75.41071620315688,0.0
OGT,0.24059846828428802,75.40534736389992,0.0
ME3,0.24057570441829484,75.39997852464298,0.0
HLA-DQA1,0.24037968761564224,75.39460968538602,0.0
AFF2,0.24021394256071466,75.38924084612907,0.0
SDPR,0.2402057450107224,75.38387200687211,0.0
TRAPPC11,0.2400757610040712,75.37850316761516,0.0
CGGBP1,0.24003645317969227,75.3731343283582,0.0
HOXD11,0.2396361906078151,75.36776548910126,0.0
ARID3B,0.23958795163019345,75.3623966498443,0.0
WISP2,0.2394293055448964,75.35702781058735,0.0
EXO1,0.23942883033692924,75.3516589713304,0.0
SSBP4,0.23941033413038132,75.34629013207345,0.0
PCID2,0.23936706072917785,75.3409212928165,0.0
CBWD1,0.23932397089016383,75.33555245355954,0.0
SUPT5H,0.23930492117131835,75.3301836143026,0.0
JUNB,0.2392914078264404,75.32481477504564,0.0
NFATC1,0.23924372566322694,75.31944593578869,0.0
TULP2,0.23898080569713098,75.31407709653173,0.0
MRVI1,0.23886033048947267,75.30870825727479,0.0
DDIT3,0.23883347477736194,75.30333941801783,0.0
GABARAPL2,0.23848195871339978,75.29797057876088,0.0
RYK,0.23844009600771318,75.29260173950392,0.0
AGTR2,0.2381194813674301,75.28723290024698,0.0
ADH1A,0.23783852953217327,75.28186406099002,0.0
ARHGEF25,0.23776569965497035,75.27649522173306,0.0
CCDC88B,0.23739714609415916,75.27112638247611,0.0
P2RX4,0.23724670036247955,75.26575754321915,0.0
USP7,0.23724299237947047,75.2603887039622,0.0
LMBR1L,0.23715826572256943,75.25501986470525,0.0
KCNJ16,0.23694278607843455,75.24965102544829,0.0
SETDB1,0.23672561070342785,75.24428218619134,0.0
FRZB,0.23666067137463523,75.23891334693438,0.0
SSFA2,0.23642116598100432,75.23354450767744,0.0
OSGEP,0.23641115095631368,75.22817566842048,0.0
RBAK,0.2363686586109482,75.22280682916353,0.0
ATP10D,0.23608378542231795,75.21743798990657,0.0
CDH2,0.2358588570959709,75.21206915064963,0.0
DHRS7,0.23585394675916374,75.20670031139268,0.0
AMER1,0.23545884027663605,75.20133147213572,0.0
PTPRC,0.2353930329558251,75.19596263287877,0.0
IDI1,0.2350778566409105,75.19059379362182,0.0
CLTC,0.23488712818548718,75.18522495436487,0.0
BCS1L,0.23479936242283259,75.17985611510791,1.0
ARFGAP2,0.23471184641684245,75.17448727585096,0.0
DMBX1,0.23459921038697,75.169118436594,0.0
MYO1F,0.23456816081841692,75.16374959733706,0.0
TINAGL1,0.23442522593806894,75.1583807580801,0.0
PDE1B,0.23415036105636228,75.15301191882315,0.0
BCL9L,0.23414158979250863,75.1476430795662,0.0
SMC4,0.23410123078601347,75.14227424030925,0.0
SFSWAP,0.23405043150180216,75.13690540105229,0.0
SLC4A1,0.23398235922325297,75.13153656179534,0.0
SULT1A1,0.23393684394103662,75.12616772253838,0.0
DPP9,0.23392164412018768,75.12079888328144,0.0
STK16,0.23385861427602972,75.11543004402448,0.0
SLC11A1,0.23378912109239164,75.11006120476753,0.0
SUOX,0.2336643929435754,75.10469236551057,0.0
GOLM1,0.23355839611207446,75.09932352625363,0.0
CSGALNACT2,0.23355186596686722,75.09395468699667,0.0
RER1,0.23351412009093483,75.08858584773972,0.0
MPP7,0.23346804769155086,75.08321700848276,0.0
OTUD7A,0.23345543424426793,75.07784816922582,0.0
PIGT,0.23341521683552502,75.07247932996886,0.0
XIAP,0.23336318679687768,75.06711049071191,0.0
EPDR1,0.2332695481301422,75.06174165145497,0.0
ATP9B,0.2332596155846694,75.056372812198,0.0
LTA,0.2327874276307722,75.05100397294106,0.0
ASPG,0.23249281992845053,75.0456351336841,0.0
MKRN3,0.23233841992728643,75.04026629442716,0.0
SLPI,0.23222470530714298,75.0348974551702,0.0
CDH16,0.2319060288449748,75.02952861591325,0.0
SAMD7,0.23189786921208616,75.02415977665629,0.0
PALLD,0.23168078987832227,75.01879093739933,0.0
C1GALT1,0.2316035382274008,75.01342209814239,0.0
CROT,0.23158785205769647,75.00805325888543,0.0
TMOD3,0.23148999755761088,75.00268441962848,0.0
GLT8D2,0.23112337443870654,74.99731558037152,0.0
RRAS2,0.23101423616737593,74.99194674111457,0.0
HSBP1,0.2308805667498835,74.98657790185761,0.0
CA2,0.23083006752280263,74.98120906260067,0.0
CDH1,0.2307953389427746,74.97584022334371,0.0
PAXIP1,0.23069252541293248,74.97047138408675,0.0
MRRF,0.23056337096190904,74.9651025448298,0.0
KLHL18,0.2304650354758489,74.95973370557284,0.0
FURIN,0.2304226754321408,74.9543648663159,0.0
SMG5,0.23019906934156734,74.94899602705894,0.0
DCPS,0.2301864633802655,74.943627187802,0.0
MKL2,0.22984843755356876,74.93825834854503,0.0
UGGT1,0.2297227004167945,74.93288950928809,0.0
NPTX1,0.22955658602173185,74.92752067003114,0.0
NFASC,0.22955432235843481,74.92215183077418,0.0
CDKL5,0.22948379463310448,74.91678299151724,0.0
IMPACT,0.22944963515296055,74.91141415226028,0.0
SBF2,0.22942114751691495,74.90604531300333,0.0
ATP5O,0.22941731945574756,74.90067647374637,0.0
GAS2L3,0.22917132823263783,74.89530763448943,0.0
GOT2,0.22907605744713871,74.88993879523247,0.0
TMEM184B,0.22888364609684736,74.88456995597552,0.0
SC5D,0.2288707575729826,74.87920111671856,0.0
VIL1,0.22856107870890807,74.87383227746162,0.0
FAM210B,0.22855489976669272,74.86846343820466,0.0
SEC61B,0.22854022310117017,74.86309459894771,0.0
EBP,0.22853935882109938,74.85772575969075,0.0
UBE2M,0.22828906917817146,74.8523569204338,0.0
TRAM2,0.2281512026621865,74.84698808117685,0.0
TBC1D4,0.2278269442969496,74.8416192419199,0.0
LMNB2,0.22765403156512787,74.83625040266294,0.0
SSTR2,0.2276198477288646,74.830881563406,0.0
CSRP1,0.2275154675506291,74.82551272414904,0.0
VMA21,0.22746751327966702,74.82014388489209,0.0
HBEGF,0.22739201647244084,74.81477504563513,0.0
SNAP25,0.22734881735441143,74.80940620637818,0.0
UNC5C,0.22731946246901796,74.80403736712123,0.0
RPL17,0.22727009150246452,74.79866852786428,0.0
HSD3B7,0.2271503238284321,74.79329968860732,0.0
DDX43,0.22714489895661533,74.78793084935037,0.0
RASSF5,0.22707720080361127,74.78256201009343,0.0
CHRNA1,0.2270591848210221,74.77719317083647,0.0
LATS1,0.22700797303991252,74.77182433157952,0.0
BTC,0.22691194581980595,74.76645549232256,0.0
OLIG2,0.22655510519483238,74.76108665306562,0.0
LCAT,0.2263950779511453,74.75571781380866,0.0
PHKA1,0.2263011903092415,74.75034897455171,0.0
TRIM63,0.22619522431504765,74.74498013529475,0.0
CPNE1,0.22596825692010417,74.7396112960378,0.0
YAP1,0.22570301255377329,74.73424245678085,1.0
RBM15,0.22570259106644547,74.72887361752389,0.0
PDE4B,0.22564904734988483,74.72350477826694,0.0
PPARGC1B,0.2256486736600257,74.71813593900998,0.0
TTC4,0.22551777226922098,74.71276709975302,0.0
ABCD2,0.2254549194852881,74.70739826049608,0.0
GPC2,0.2254408154637444,74.70202942123912,0.0
DNASE2,0.22535458267240688,74.69666058198217,0.0
TP53INP1,0.22525316766474252,74.69129174272521,0.0
GEMIN4,0.22485112841534619,74.68592290346827,0.0
KCND2,0.22484105296771598,74.68055406421131,0.0
PLEKHF1,0.2247529395819751,74.67518522495436,0.0
BNIP2,0.22458705001793056,74.6698163856974,0.0
G6PD,0.22458619635724547,74.66444754644046,0.0
GMIP,0.22429689610445785,74.6590787071835,0.0
CEBPD,0.2242951495530121,74.65370986792655,0.0
ABCA7,0.22426478158429983,74.6483410286696,0.0
NOP14,0.224207765806252,74.64297218941265,0.0
HIRIP3,0.22419067339695253,74.6376033501557,0.0
GSTP1,0.22409407873867976,74.63223451089874,0.0
JPH2,0.22405882019494303,74.6268656716418,0.0
ZIC4,0.22395880301879534,74.62149683238484,0.0
AUTS2,0.22366737783905483,74.61612799312789,0.0
MED9,0.22353004452181172,74.61075915387093,0.0
FIZ1,0.22350554174597387,74.60539031461398,0.0
RRAGA,0.22349908197334156,74.60002147535702,0.0
CORO1C,0.22347616828513597,74.59465263610008,0.0
MRPS22,0.22318100013376568,74.58928379684312,0.0
ITGB8,0.22270114373640276,74.58391495758617,0.0
ADORA1,0.22266649461114635,74.57854611832921,0.0
BCL2L11,0.22251723420920283,74.57317727907227,0.0
RALGAPB,0.22249642185944368,74.56780843981531,0.0
CCDC91,0.2224527634236279,74.56243960055836,0.0
PGK1,0.22238914780047114,74.5570707613014,0.0
RBM5,0.2223721432315072,74.55170192204446,0.0
CDHR2,0.2222668102610276,74.5463330827875,0.0
CD226,0.22220834605808343,74.54096424353055,0.0
BTN2A1,0.2217994028334845,74.5355954042736,0.0
RBPMS2,0.22178640005703087,74.53022656501665,0.0
STT3A,0.2217014660494893,74.52485772575969,0.0
USP19,0.2215054522483392,74.51948888650274,0.0
SKIDA1,0.22139983713556202,74.5141200472458,0.0
SEMA3F,0.22127218962325376,74.50875120798884,0.0
TAF1C,0.22115120794295146,74.50338236873189,0.0
EDC3,0.22105497845388994,74.49801352947493,0.0
C1QBP,0.22095131326433454,74.49264469021799,0.0
JUND,0.22093246342279857,74.48727585096103,0.0
ZNF638,0.22083024181519656,74.48190701170407,0.0
KDELR2,0.2207318864801962,74.47653817244712,0.0
CMTR2,0.22065614903734235,74.47116933319016,0.0
POU2F1,0.22061731001998863,74.46580049393322,0.0
ACSM3,0.220365868152174,74.46043165467626,0.0
ATP6V0A1,0.22027231616457987,74.45506281541931,0.0
SCUBE3,0.2201048314919521,74.44969397616235,0.0
NME1,0.2199595567023523,74.4443251369054,0.0
DLL3,0.2199061419673058,74.43895629764845,0.0
LPA,0.21990185132876236,74.43358745839149,0.0
C9orf72,0.21978655891743087,74.42821861913454,0.0
NACC1,0.21968192720342974,74.42284977987758,0.0
CYP20A1,0.21931026407802173,74.41748094062064,0.0
PPRC1,0.219097921697264,74.41211210136368,0.0
MYH4,0.21894962258257217,74.40674326210673,0.0
ATG9A,0.21892213335434998,74.40137442284977,0.0
RAB38,0.2187839411938964,74.39600558359282,0.0
CASP7,0.21876789837964078,74.39063674433586,0.0
FLVCR1,0.21865532993708617,74.38526790507892,1.0
SHOX2,0.21860434775780666,74.37989906582196,0.0
SMARCD2,0.2185910759726899,74.37453022656501,0.0
MOCS2,0.2185655362127524,74.36916138730807,0.0
GLRX3,0.21855470602534047,74.36379254805111,0.0
SLCO2A1,0.2185237642033151,74.35842370879416,0.0
CRAT,0.21845302102181302,74.3530548695372,0.0
KCNIP1,0.2184438328836223,74.34768603028026,0.0
TRO,0.21816770097979607,74.3423171910233,0.0
PKD1L2,0.21810322609906757,74.33694835176635,0.0
TACSTD2,0.21809840735739788,74.33157951250939,0.0
PRLR,0.21805635011217955,74.32621067325245,0.0
EPB42,0.21799441775502873,74.32084183399549,0.0
SRL,0.21793386383821733,74.31547299473854,0.0
OR2H1,0.21773379286480915,74.31010415548158,0.0
TM2D3,0.21752965556242537,74.30473531622464,0.0
LEFTY2,0.21746632712854877,74.29936647696768,0.0
SIDT2,0.21742674109327584,74.29399763771073,0.0
EMG1,0.21713217324825615,74.28862879845377,0.0
RPL7,0.2169337764256749,74.28325995919683,0.0
TMEM177,0.21680105535530686,74.27789111993987,0.0
TXNDC5,0.21678001136642666,74.27252228068292,0.0
SPINT2,0.21676662177503023,74.26715344142596,0.0
ADRBK1,0.21661257515738885,74.26178460216902,0.0
TIA1,0.21660326763348497,74.25641576291206,0.0
NEFM,0.2165200113998022,74.25104692365511,0.0
NOB1,0.2164078827871872,74.24567808439815,0.0
ARMC4,0.21624931969910813,74.2403092451412,0.0
SHB,0.21623374081295169,74.23494040588426,0.0
FBXO25,0.21600312886223977,74.2295715666273,0.0
PARP2,0.21596527342428126,74.22420272737035,0.0
BRAF,0.21591197257787914,74.2188338881134,0.0
TAF4,0.21588120824796228,74.21346504885645,0.0
MICALL2,0.21581283307587157,74.20809620959949,0.0
FBXL16,0.21572529702820992,74.20272737034253,0.0
ACE2,0.215661389415722,74.19735853108558,0.0
HYAL1,0.21549704615414472,74.19198969182862,0.0
VPS11,0.21533251898857547,74.18662085257168,0.0
MAP2,0.21530980419988294,74.18125201331472,0.0
CYB561D2,0.21527570673483387,74.17588317405776,0.0
ZFAT,0.21513579697617483,74.17051433480081,0.0
DNAJA2,0.21477672388235214,74.16514549554385,0.0
DES,0.21477234240341145,74.15977665628691,0.0
TOP2B,0.21471935213568843,74.15440781702995,0.0
REEP6,0.2146798366696229,74.149038977773,1.0
DDX27,0.21463474308563452,74.14367013851604,0.0
GPR132,0.21462980053724667,74.1383012992591,0.0
HIST1H2AC,0.2143309582044687,74.13293246000214,0.0
C2orf40,0.21431952373249546,74.12756362074519,0.0
RSG1,0.21426915959331047,74.12219478148823,0.0
NSMCE4A,0.21426508772381112,74.11682594223129,0.0
NPM1,0.21426315515669878,74.11145710297433,0.0
HFE2,0.21422137604017788,74.10608826371738,0.0
SKA2,0.21393020830133702,74.10071942446042,0.0
MTX1,0.21371523237528095,74.09535058520348,0.0
SSR4,0.21365226124615755,74.08998174594653,0.0
MAP2K5,0.213651907255385,74.08461290668957,0.0
MATR3,0.21358051748745308,74.07924406743263,0.0
BAG3,0.21349855200048046,74.07387522817567,0.0
ALDH7A1,0.2133545272834419,74.06850638891872,0.0
COPS3,0.21324025699486127,74.06313754966176,0.0
FAM20C,0.21322952396843423,74.05776871040482,0.0
SPO11,0.21316948691263476,74.05239987114786,0.0
UNG,0.21311024769582715,74.04703103189091,0.0
SAP18,0.2130750840115445,74.04166219263395,0.0
OS9,0.2129451908175329,74.036293353377,0.0
KCNQ2,0.21288246923225956,74.03092451412004,0.0
EIF1AD,0.21270479914791468,74.0255556748631,0.0
ZC3HAV1L,0.2126873282344099,74.02018683560614,0.0
ANKS1B,0.2126831435189666,74.0148179963492,0.0
RGCC,0.2126346618354721,74.00944915709223,0.0
ARRB1,0.2125988519084579,74.00408031783529,0.0
TUBA3E,0.21258453079354028,73.99871147857833,0.0
CSNK1G2,0.21257245256624696,73.99334263932138,0.0
NLGN2,0.2125536519164192,73.98797380006442,0.0
SCAPER,0.21252633612962651,73.98260496080748,1.0
H2AFY2,0.21244897197685925,73.97723612155052,0.0
MSH6,0.21236980485527038,73.97186728229357,0.0
UGCG,0.21236053652456494,73.96649844303661,0.0
NUTF2,0.2123507538800525,73.96112960377967,0.0
MN1,0.21232690678419366,73.95576076452272,0.0
MORC3,0.2121715905599907,73.95039192526576,0.0
DDX24,0.21196346251139048,73.9450230860088,0.0
ENO2,0.21186021800887703,73.93965424675186,0.0
TARS,0.21161743120431345,73.9342854074949,0.0
OR4X1,0.21160164876224327,73.92891656823795,0.0
CLIP4,0.21143335007533076,73.92354772898099,0.0
DOK3,0.2114121301780132,73.91817888972405,0.0
PC,0.21133247786987033,73.91281005046709,0.0
RAB3C,0.211302939035264,73.90744121121014,0.0
NEK9,0.21116874510139544,73.90207237195318,0.0
PMS2,0.21114646261550768,73.89670353269622,0.0
ZNF142,0.2110898688519612,73.89133469343928,0.0
DHTKD1,0.21107582778957532,73.88596585418232,0.0
PPP1R12B,0.2110719578593782,73.88059701492537,0.0
SHPK,0.2110625344312568,73.87522817566841,0.0
CAMTA1,0.21080952584962592,73.86985933641147,0.0
CIC,0.21080229027020123,73.8644904971545,0.0
CHD6,0.21066529523447297,73.85912165789756,0.0
SUPT6H,0.2106562701848404,73.8537528186406,0.0
ETHE1,0.21045496654619844,73.84838397938366,1.0
BCAS3,0.21043055718625805,73.8430151401267,0.0
NARF,0.2103769584745852,73.83764630086975,0.0
BMF,0.21036779786116583,73.83227746161279,0.0
LGI4,0.21020643793402569,73.82690862235584,0.0
EWSR1,0.2101183610919984,73.8215397830989,0.0
DBNL,0.21003789256015204,73.81617094384194,0.0
RGP1,0.2099889127651578,73.810802104585,0.0
PCYT1B,0.20978708722693312,73.80543326532803,0.0
ODC1,0.20956656624492104,73.80006442607109,0.0
YBEY,0.20939709224396136,73.79469558681413,0.0
SV2A,0.20939337099689054,73.78932674755718,0.0
EPHB6,0.2093620325103461,73.78395790830022,0.0
MX1,0.20934260229506876,73.77858906904328,0.0
NASP,0.20929159053266938,73.77322022978632,0.0
GTSE1,0.2092197677173761,73.76785139052937,0.0
HSPA4L,0.20911192077862237,73.76248255127241,0.0
GATA4,0.2090205923614806,73.75711371201547,0.0
SLC25A21,0.20894375268838897,73.75174487275851,0.0
BMP8B,0.20876603248019027,73.74637603350156,0.0
AVP,0.20873287572818638,73.7410071942446,0.0
DDX56,0.20865959703138487,73.73563835498766,0.0
SEPT12,0.20865087768491689,73.7302695157307,0.0
SLIT1,0.2085174087748411,73.72490067647375,0.0
HRNR,0.2084033955301873,73.71953183721679,0.0
CHRNG,0.2082504712571928,73.71416299795985,0.0
DAND5,0.2082479430435015,73.70879415870289,0.0
WRB,0.20798383744691393,73.70342531944594,0.0
BTF3,0.2078596443327525,73.69805648018898,0.0
SLCO1B3,0.20783407221313072,73.69268764093204,0.0
EAF2,0.2078140209373188,73.68731880167508,0.0
TRPV1,0.20773950383181225,73.68194996241813,0.0
CXXC1,0.20770380652752615,73.67658112316118,0.0
OCM2,0.207579632330044,73.67121228390423,0.0
MPC1,0.20742983845431961,73.66584344464727,0.0
IFI35,0.2073704064629359,73.66047460539032,0.0
MYH2,0.2072082534631455,73.65510576613336,0.0
BCAS2,0.20666832964738596,73.64973692687641,0.0
RNF2,0.206638629227596,73.64436808761945,0.0
OPHN1,0.20663845499270295,73.6389992483625,0.0
OXT,0.20655329105710152,73.63363040910555,0.0
BNC1,0.20640894426945375,73.62826156984859,0.0
MSRA,0.20633794570054106,73.62289273059164,0.0
PROK2,0.20623963378116214,73.61752389133468,0.0
LRRC39,0.20618662401155063,73.61215505207774,0.0
TMEM173,0.20612339728208454,73.60678621282078,0.0
FAM65B,0.20611858395660415,73.60141737356383,0.0
NUP133,0.20607395194944708,73.59604853430687,0.0
ZNHIT2,0.20598013755404915,73.59067969504993,0.0
TARBP1,0.20590726240475615,73.58531085579297,0.0
ALOX12B,0.20589679384119303,73.57994201653602,0.0
RHEB,0.20589645507527274,73.57457317727906,0.0
CCDC102A,0.20585859019733777,73.56920433802212,0.0
TEAD4,0.20585397997684182,73.56383549876516,0.0
USP22,0.20574455410819698,73.55846665950821,0.0
GAN,0.20574034061588858,73.55309782025125,0.0
ETS2,0.20573755558921886,73.54772898099431,0.0
PADI4,0.20566056580986208,73.54236014173736,0.0
FHOD3,0.20565310445427376,73.5369913024804,0.0
KIAA1217,0.20563517165438444,73.53162246322346,0.0
VPS53,0.20561553496290047,73.5262536239665,0.0
LMBRD1,0.20534603413940444,73.52088478470955,0.0
MOAP1,0.20525865734814747,73.51551594545259,0.0
DLX1,0.20522750050476618,73.51014710619565,0.0
TBL1X,0.20507747950593083,73.50477826693869,0.0
SPINK5,0.2050755831408732,73.49940942768174,0.0
WNK2,0.2048818854325015,73.49404058842478,0.0
STAP2,0.20481453490991813,73.48867174916784,0.0
SLC18A2,0.20426662521734512,73.48330290991088,0.0
HNRNPH1,0.20422261665826819,73.47793407065393,0.0
SEMA4C,0.20402722057049427,73.47256523139697,0.0
SMCHD1,0.2039610098211881,73.46719639214002,1.0
RBBP9,0.2039276553823802,73.46182755288307,0.0
DLST,0.2038559479608169,73.45645871362612,0.0
POLRMT,0.20370987421712455,73.45108987436916,0.0
USP6NL,0.20369836486025178,73.44572103511221,0.0
TRPM2,0.20367947242190318,73.44035219585525,0.0
P2RX5,0.20359086089994757,73.43498335659831,0.0
CUX2,0.20357532421717153,73.42961451734135,0.0
ELK1,0.20350768165895525,73.4242456780844,0.0
C1QC,0.20343358805953562,73.41887683882744,0.0
ZNF135,0.20334025275445242,73.4135079995705,0.0
FAM127A,0.2032911114436707,73.40813916031354,0.0
STX5,0.2031973095022571,73.4027703210566,0.0
PPP2R3B,0.20311689504442007,73.39740148179963,0.0
PSME1,0.20268737374879767,73.39203264254269,0.0
PDHA1,0.20266199846367988,73.38666380328573,1.0
CRABP1,0.2025864400736212,73.38129496402878,0.0
PMAIP1,0.20237963416367996,73.37592612477182,0.0
SLC6A3,0.20234350073091645,73.37055728551488,0.0
CCL8,0.20203243609498345,73.36518844625792,0.0
CD28,0.20201214042621593,73.35981960700096,0.0
COASY,0.2019796140517082,73.35445076774401,0.0
TYW3,0.2019495880473235,73.34908192848705,0.0
MPHOSPH9,0.2017985802160002,73.3437130892301,0.0
RABAC1,0.2017611526195679,73.33834424997315,0.0
ATG2B,0.20166012904102337,73.3329754107162,0.0
CCNA1,0.20165783332465512,73.32760657145924,0.0
TLE2,0.20146257068136791,73.3222377322023,0.0
PTDSS1,0.20136033771208117,73.31686889294534,0.0
ALKBH6,0.20118363944507092,73.31150005368839,0.0
CD2BP2,0.20116580244099472,73.30613121443143,0.0
MLLT3,0.20108935048806625,73.30076237517449,0.0
COL25A1,0.20098544758324413,73.29539353591753,0.0
SLC18A3,0.20091126544692034,73.29002469666058,0.0
TRUB2,0.20086801425009077,73.28465585740362,0.0
MYEF2,0.20086346622538107,73.27928701814668,0.0
MMP14,0.20074720061200563,73.27391817888972,0.0
CUL4B,0.20058722265909862,73.26854933963277,0.0
ANK3,0.20045050891918498,73.26318050037582,0.0
VPS16,0.200366380633751,73.25781166111886,0.0
G3BP1,0.20033278863187554,73.25244282186192,0.0
PAPPA2,0.20024903025394208,73.24707398260496,0.0
LRRC2,0.2002124429133909,73.24170514334801,0.0
NFS1,0.20015084576494685,73.23633630409105,0.0
ZMYM1,0.2001436158217924,73.23096746483411,0.0
PSAT1,0.20009031017851592,73.22559862557715,0.0
FKBPL,0.20007228392165372,73.2202297863202,0.0
EXOSC3,0.19995373909147438,73.21486094706324,0.0
CUL1,0.19984529731751025,73.2094921078063,0.0
MRPS18C,0.19975797331437012,73.20412326854934,0.0
MED4,0.19970437243412076,73.19875442929239,0.0
HEY1,0.1996692924311126,73.19338559003543,0.0
TMEM132A,0.19962849224467782,73.18801675077849,0.0
LSM3,0.19939097003768286,73.18264791152153,0.0
PRRT2,0.19938554408533232,73.17727907226458,0.0
SLC26A6,0.19934676453442593,73.17191023300762,0.0
OTUD5,0.1991583424480189,73.16654139375068,0.0
MAST2,0.19903725105480183,73.16117255449372,0.0
DDX20,0.19899000641286557,73.15580371523677,0.0
HINT1,0.198769094115868,73.15043487597981,0.0
CYP27B1,0.19876195483251716,73.14506603672287,0.0
USP2,0.19875860438215276,73.1396971974659,0.0
PIGU,0.19874193646206822,73.13432835820896,0.0
ANAPC15,0.198544697303972,73.128959518952,0.0
EEF1B2,0.19842755561887698,73.12359067969506,0.0
POMGNT2,0.19829148768705504,73.1182218404381,1.0
CDK5,0.198090017510624,73.11285300118115,0.0
ZIC1,0.19794561947184966,73.10748416192419,0.0
IFI6,0.19789090344314975,73.10211532266723,0.0
LYPLA1,0.19788494515430294,73.09674648341029,0.0
HOXA7,0.197828672170269,73.09137764415333,0.0
RPL10,0.19775422039370252,73.08600880489638,0.0
TUBB4A,0.19767238120046063,73.08063996563942,0.0
TNFRSF9,0.19763970666680586,73.07527112638248,0.0
CNR1,0.1975492263303059,73.06990228712552,0.0
PRND,0.1974729449051679,73.06453344786857,0.0
PCK2,0.1974102672592662,73.05916460861161,0.0
SH3GL3,0.19727532104700288,73.05379576935466,0.0
C1QTNF1,0.1972703599176953,73.0484269300977,0.0
DNAJC11,0.19715786725058712,73.04305809084076,0.0
FAM91A1,0.19706502248624536,73.0376892515838,0.0
TIMM44,0.19703626090359458,73.03232041232685,0.0
LRRC7,0.19701215496841562,73.0269515730699,0.0
DSG4,0.19693661290419046,73.02158273381295,0.0
TBC1D2B,0.19686353591736808,73.01621389455599,0.0
AQP11,0.19665395449162573,73.01084505529904,0.0
RAX2,0.1965771321801221,73.00547621604208,1.0
CEP104,0.19657519993831235,73.00010737678514,0.0
SYK,0.19648999623054128,72.99473853752818,0.0
CEP78,0.196458050758476,72.98936969827123,1.0
PRMT7,0.1964433892875226,72.98400085901429,0.0
TAOK2,0.19633290769748707,72.97863201975733,0.0
COMMD7,0.19629988084071182,72.97326318050038,0.0
CELF4,0.1962888397206632,72.96789434124342,0.0
PLCE1,0.19622594555584544,72.96252550198648,0.0
DMAP1,0.19607943454981824,72.95715666272952,0.0
DNAAF1,0.19606199029554094,72.95178782347257,0.0
NAE1,0.19594075279932688,72.94641898421561,0.0
PADI2,0.1959101092250481,72.94105014495867,0.0
SDSL,0.19573626114605297,72.9356813057017,0.0
BCAR1,0.19562048014510472,72.93031246644476,0.0
PRUNE2,0.19553210023253448,72.9249436271878,0.0
ZNF354A,0.1954867284489327,72.91957478793086,0.0
PTPRO,0.19537816739710093,72.9142059486739,0.0
EIF3H,0.19533335448974143,72.90883710941695,0.0
TRPC7,0.19522292701901384,72.90346827015999,0.0
MORC2,0.19520976436734083,72.89809943090305,0.0
BCAN,0.19518242235666844,72.89273059164609,0.0
GSPT2,0.1951420445262277,72.88736175238914,0.0
NUP153,0.19493811937294195,72.88199291313218,0.0
SS18,0.194873902951069,72.87662407387523,0.0
PPP1R26,0.19486416655874128,72.87125523461827,0.0
NFX1,0.19469271983775038,72.86588639536133,0.0
OXA1L,0.19439785165326112,72.86051755610437,0.0
PON2,0.19438762785349925,72.85514871684742,0.0
C4orf22,0.19431976677455215,72.84977987759046,0.0
ITIH2,0.19429279052264914,72.84441103833352,0.0
PODXL,0.19426759101960472,72.83904219907656,0.0
OR4F4,0.19424648058995514,72.83367335981961,0.0
CEP350,0.19422748194851286,72.82830452056265,0.0
ELP3,0.19420126687631817,72.8229356813057,0.0
FAM57B,0.19412145606427816,72.81756684204875,0.0
PRKCH,0.1941147932076303,72.81219800279179,0.0
OCIAD1,0.19403947094595583,72.80682916353484,0.0
SEMA3E,0.19399215670197184,72.80146032427788,1.0
HLA-DOA,0.1939724794813527,72.79609148502094,0.0
CD7,0.1939569539566019,72.79072264576398,0.0
BIRC2,0.1939468508317655,72.78535380650703,0.0
PAK4,0.19388944622702192,72.77998496725007,0.0
WDR41,0.19375685734082043,72.77461612799313,0.0
SEC61A2,0.19358629432696284,72.76924728873617,0.0
PRDX2,0.1934309671845091,72.76387844947922,0.0
PDPN,0.193371034368246,72.75850961022226,0.0
PABPC1,0.19320979556069617,72.75314077096532,0.0
CALCR,0.19298881537684806,72.74777193170836,0.0
RPS28,0.19288117541243294,72.74240309245141,0.0
DNAH10,0.19273096756003544,72.73703425319445,0.0
ERGIC3,0.19244220502897572,72.7316654139375,0.0
CABLES2,0.1923642923632771,72.72629657468055,0.0
ZFR2,0.19236253032753148,72.7209277354236,0.0
SLC25A26,0.19221226819377804,72.71555889616664,0.0
PPOX,0.19220663971608765,72.7101900569097,0.0
XCL2,0.1921487030024743,72.70482121765275,0.0
SPTLC2,0.19212245981080756,72.69945237839579,0.0
TAF11,0.19208123350832457,72.69408353913884,0.0
NINJ1,0.19180863330609416,72.68871469988188,0.0
CLOCK,0.1917493396191184,72.68334586062494,0.0
TERF1,0.19169671369221067,72.67797702136798,0.0
NOP10,0.19169120059254613,72.67260818211103,0.0
MFSD10,0.1916645034273051,72.66723934285407,0.0
SUZ12,0.19160351422898575,72.66187050359713,0.0
TSHZ3,0.19146198011872068,72.65650166434017,0.0
NEIL2,0.19144321240159137,72.65113282508322,0.0
ATXN1,0.19138180363417134,72.64576398582626,0.0
RBP7,0.19128838588369454,72.64039514656932,0.0
DYNC1I2,0.19123486494102357,72.63502630731236,0.0
N4BP3,0.19120427246902702,72.62965746805541,0.0
C8orf33,0.19116052179596657,72.62428862879845,0.0
TSTA3,0.19098240375973574,72.61891978954151,0.0
C20orf24,0.19097708914105302,72.61355095028455,0.0
SMURF1,0.19088002659807327,72.6081821110276,0.0
LATS2,0.19087736698794341,72.60281327177064,0.0
HSDL2,0.19086860292808444,72.5974444325137,0.0
KDM5C,0.19077260693244977,72.59207559325674,0.0
METAP2,0.19061256742062996,72.58670675399979,0.0
NDOR1,0.19052662958038727,72.58133791474283,0.0
RIMS1,0.19049638029135488,72.57596907548589,1.0
SPRED2,0.19038635840978557,72.57060023622893,0.0
ANKS4B,0.1901583609046753,72.56523139697197,0.0
ARSG,0.1901562093184244,72.55986255771502,0.0
PEX19,0.19013925544659419,72.55449371845806,1.0
EXOC8,0.18999699302061113,72.54912487920112,0.0
PERP,0.1899152044840549,72.54375603994416,0.0
RPS19BP1,0.18986833363976485,72.53838720068721,0.0
ARL16,0.18983212911938244,72.53301836143025,0.0
MAP4K4,0.18972239315146466,72.5276495221733,0.0
DGCR14,0.18968889592836766,72.52228068291635,0.0
TNRC6B,0.18967959136759,72.5169118436594,0.0
CHP1,0.189666547128694,72.51154300440244,0.0
CYP4X1,0.1895693691520801,72.5061741651455,0.0
KCNG4,0.18951591623875602,72.50080532588854,0.0
HGFAC,0.18943875771072455,72.49543648663159,0.0
AHNAK,0.18940946828105107,72.49006764737463,0.0
HSPB3,0.1891835254096686,72.48469880811768,0.0
TNXB,0.18911133701811753,72.47932996886072,0.0
HECW2,0.18894703554374,72.47396112960378,0.0
ATP5E,0.18882717607084126,72.46859229034682,0.0
POLR2L,0.18844610134989231,72.46322345108987,0.0
LY6G5B,0.18824927213079487,72.45785461183291,0.0
METTL1,0.18821428391594336,72.45248577257597,0.0
DCUN1D3,0.18819149483866265,72.44711693331901,0.0
MAP3K5,0.1881550005257298,72.44174809406206,0.0
RANBP3L,0.18810642215296275,72.43637925480512,0.0
RALGDS,0.18807978245149334,72.43101041554816,0.0
SLC9A9,0.18799308666560738,72.42564157629121,0.0
GPATCH3,0.1879908757937076,72.42027273703425,0.0
CTNNBL1,0.1879894883293876,72.41490389777731,0.0
IL13RA1,0.18790651208953266,72.40953505852035,0.0
HOXB9,0.18787959596175857,72.4041662192634,0.0
OC90,0.18786714286134013,72.39879738000644,0.0
UNC50,0.18775122578895173,72.3934285407495,0.0
SLC6A11,0.18774672457300395,72.38805970149254,0.0
SF3B1,0.18774191870191112,72.38269086223559,1.0
ZBTB40,0.18769867569212922,72.37732202297863,0.0
INO80C,0.18768288681630957,72.37195318372169,0.0
UFC1,0.18767827223652866,72.36658434446473,0.0
FGF21,0.18766882631198778,72.36121550520778,0.0
FSTL1,0.18747374953733784,72.35584666595082,0.0
ZNF573,0.18742746254423068,72.35047782669388,0.0
PGBD5,0.18740675482361915,72.34510898743692,0.0
ITGB1BP2,0.18736550672015734,72.33974014817997,0.0
SEPT9,0.18729654432521278,72.33437130892301,0.0
HEBP2,0.18726379915241573,72.32900246966607,0.0
USP54,0.18724134019378558,72.3236336304091,0.0
ATPIF1,0.18714555243647155,72.31826479115216,0.0
LIN7C,0.1870581690156198,72.3128959518952,0.0
FOXD3,0.18700916070428017,72.30752711263825,0.0
EEF1E1,0.18688836238195408,72.3021582733813,0.0
SAA2,0.18669067000223782,72.29678943412435,0.0
RBM12,0.1866408566645497,72.29142059486739,0.0
COPB2,0.1865765967572543,72.28605175561043,0.0
HOXA3,0.18657151494070484,72.28068291635348,0.0
RALB,0.18648847230770255,72.27531407709652,0.0
AGPAT2,0.18644551384171787,72.26994523783958,0.0
CPNE2,0.1863734423521775,72.26457639858262,0.0
GYG1,0.1863535982575637,72.25920755932567,0.0
EML1,0.18634923674791282,72.25383872006871,0.0
PXDNL,0.18624790329506064,72.24846988081177,0.0
GBP3,0.18618271123807856,72.24310104155481,0.0
SEPP1,0.18614430922358954,72.23773220229786,0.0
MCTS1,0.1859761541923663,72.2323633630409,0.0
STRBP,0.18583902051733756,72.22699452378396,0.0
TMCO1,0.18567658264284642,72.221625684527,0.0
BRF1,0.18566916499720018,72.21625684527005,0.0
NONO,0.18554055979986764,72.21088800601309,0.0
LTB,0.1855048388071383,72.20551916675615,0.0
MTHFD1,0.18550279147940496,72.20015032749919,0.0
GALNTL6,0.18526132733937195,72.19478148824224,0.0
CHMP2B,0.18526131304771776,72.18941264898528,0.0
ABTB1,0.18524873379363987,72.18404380972834,0.0
PSMF1,0.18524228124320163,72.17867497047138,0.0
XCL1,0.1851935232845813,72.17330613121443,0.0
OGDH,0.18509709349247092,72.16793729195747,0.0
KIAA0391,0.18490815825930512,72.16256845270053,0.0
KRTCAP2,0.18486114314677998,72.15719961344358,0.0
CLDN16,0.1847850042488673,72.15183077418662,0.0
ACOT8,0.18460346072381112,72.14646193492968,0.0
TP53I3,0.18458859502531733,72.14109309567272,0.0
ME2,0.18450454074885062,72.13572425641577,0.0
MIEF1,0.18448733102306497,72.13035541715881,0.0
RABIF,0.1842934746052738,72.12498657790186,0.0
SRY,0.1842553706973175,72.1196177386449,0.0
TRAF4,0.18423820326236526,72.11424889938796,0.0
GPX4,0.18421029888412815,72.108880060131,0.0
PDK4,0.18420876326235378,72.10351122087405,0.0
PPP1R3C,0.1839045750377432,72.0981423816171,0.0
GNB2,0.18382306386058225,72.09277354236015,0.0
ARHGAP36,0.18345439346855338,72.08740470310319,0.0
RNASEH2C,0.18344607986746778,72.08203586384624,0.0
CCDC50,0.18336009484237742,72.07666702458928,0.0
CELSR2,0.18329304355435275,72.07129818533234,0.0
ATP5I,0.18322940791676867,72.06592934607538,0.0
PHLDB2,0.1832023654243506,72.06056050681843,0.0
VASN,0.1831250578937365,72.05519166756147,0.0
ARHGAP25,0.18305679761407812,72.04982282830453,0.0
TFAP2C,0.18288101663464768,72.04445398904757,0.0
ZBTB3,0.18283819332428897,72.03908514979062,0.0
AIM2,0.1828030057079727,72.03371631053366,0.0
FCHO2,0.1827626802136241,72.0283474712767,0.0
PIH1D1,0.18257554277016327,72.02297863201976,0.0
SPIB,0.18243732982906313,72.0176097927628,0.0
KRT27,0.1823835257303486,72.01224095350585,0.0
ZFC3H1,0.18233169649789632,72.00687211424889,0.0
CACNA1G,0.18230635765355063,72.00150327499195,0.0
RBFOX2,0.18229838577497054,71.99613443573499,0.0
KIF13B,0.1820757541463516,71.99076559647804,0.0
FZD7,0.18188350727565747,71.98539675722108,0.0
MAPRE1,0.18176668295129986,71.98002791796414,0.0
C3orf33,0.18166767792314964,71.97465907870718,0.0
SUPT3H,0.18165859889679878,71.96929023945023,0.0
GOLGA5,0.18145608253891943,71.96392140019327,0.0
UTY,0.18141014174985168,71.95855256093633,0.0
MRPS18B,0.18139083327023825,71.95318372167937,0.0
H2AFV,0.1813307050881828,71.94781488242242,0.0
FMR1,0.18130700411270873,71.94244604316546,0.0
SLC39A14,0.1812887912410922,71.93707720390852,0.0
TNPO1,0.18126999624733436,71.93170836465156,0.0
TM2D1,0.18114428890563547,71.92633952539461,0.0
RHBDD2,0.1811365454718287,71.92097068613765,0.0
CLDN9,0.1810963955532171,71.9156018468807,0.0
GPC1,0.18108951223032888,71.91023300762375,0.0
KTN1,0.1810773024961972,71.9048641683668,0.0
SMPD1,0.1807555725824541,71.89949532910984,0.0
ARHGDIA,0.18075455191816198,71.8941264898529,0.0
CDKL1,0.18071853039890584,71.88875765059593,0.0
SUCLG2,0.18038598184623764,71.88338881133899,0.0
CTSO,0.18010490506753335,71.87801997208204,0.0
PFDN4,0.18009487646592487,71.87265113282508,0.0
EIF4G2,0.18009318516640438,71.86728229356814,0.0
EPB41L4B,0.18003029493763847,71.86191345431118,0.0
NTAN1,0.17978781324898824,71.85654461505423,0.0
ENG,0.17974635560483637,71.85117577579727,0.0
SLC2A2,0.17968385783031043,71.84580693654033,0.0
MAGEE1,0.17967571681167208,71.84043809728337,0.0
DPH3,0.17952373240873282,71.83506925802642,0.0
PTPN12,0.17949481308877202,71.82970041876946,0.0
C3orf62,0.1792710129416985,71.82433157951252,0.0
LIN54,0.17916927459624793,71.81896274025556,0.0
MAGED2,0.17914765896280765,71.81359390099861,0.0
TWISTNB,0.17883130521161067,71.80822506174165,0.0
JTB,0.17865178380170882,71.8028562224847,0.0
FNTB,0.1786218282234246,71.79748738322775,0.0
BIN2,0.17828806325808033,71.7921185439708,0.0
TRIM13,0.1782522227381191,71.78674970471384,0.0
PTBP3,0.17821445754470241,71.7813808654569,0.0
RACGAP1,0.1781803926791942,71.77601202619994,0.0
TBP,0.17795262990664323,71.77064318694299,0.0
ACMSD,0.17794646013059556,71.76527434768603,0.0
NPR1,0.1778975985781403,71.75990550842909,0.0
CAST,0.17789101145315817,71.75453666917213,0.0
IKBKAP,0.17780262535885266,71.74916782991517,0.0
NCALD,0.17756945397050966,71.74379899065822,0.0
YIPF5,0.177543803106761,71.73843015140126,0.0
KRT71,0.17745085283390843,71.73306131214432,0.0
BBX,0.17722410118229265,71.72769247288736,0.0
SSR1,0.1771765575122012,71.72232363363041,0.0
MAFG,0.17715950049773385,71.71695479437345,0.0
LHFPL2,0.17711949197343374,71.7115859551165,0.0
AFF3,0.17700101050278833,71.70621711585954,0.0
CUL5,0.176863487951585,71.7008482766026,0.0
FRS3,0.17685303437350122,71.69547943734564,0.0
CENPC,0.17676116227993674,71.6901105980887,0.0
PPM1G,0.17673438109701434,71.68474175883173,0.0
TOX4,0.17672798629673073,71.67937291957479,0.0
TRIM68,0.17666390082622638,71.67400408031783,0.0
AQP3,0.17658303255765823,71.66863524106088,0.0
TCIRG1,0.17644951944509724,71.66326640180392,0.0
CERK,0.176444318152563,71.65789756254698,0.0
TNFRSF10D,0.17638515033857796,71.65252872329002,0.0
RAP1GAP2,0.17636974812243417,71.64715988403307,0.0
CDK10,0.1763087133158357,71.64179104477611,0.0
XAB2,0.1762691578906094,71.63642220551917,0.0
SLC27A2,0.176223782442114,71.63105336626221,0.0
FPGS,0.17607080329744693,71.62568452700526,0.0
TYK2,0.17596188307359484,71.6203156877483,0.0
KRT16,0.17584589040245405,71.61494684849136,0.0
EIF4EBP3,0.17578607538917743,71.6095780092344,0.0
DSCC1,0.17574189151810055,71.60420916997745,0.0
WTIP,0.17571060564694724,71.5988403307205,0.0
PTK2,0.17563958532934223,71.59347149146355,0.0
CD1D,0.1754042112055359,71.5881026522066,0.0
SMARCA2,0.175381406561547,71.58273381294964,0.0
EHD4,0.17537340977584467,71.5773649736927,0.0
ZNF407,0.17535943204159093,71.57199613443574,0.0
DUSP16,0.1753341759800085,71.56662729517879,0.0
GLUL,0.17518079730397854,71.56125845592183,0.0
ZBTB43,0.17504500975687878,71.55588961666489,0.0
COL4A3BP,0.1747538802946908,71.55052077740793,0.0
TAF7,0.17471557771394317,71.54515193815098,0.0
DUSP26,0.17458497433908482,71.53978309889402,0.0
DFNA5,0.17454810897254505,71.53441425963707,0.0
CPB2,0.17451089246719514,71.52904542038011,0.0
ZNF540,0.17450981742829547,71.52367658112317,0.0
BDH1,0.17448844845420697,71.51830774186621,0.0
CLDN1,0.17431256654239316,71.51293890260926,0.0
NKRF,0.17421753507204185,71.5075700633523,0.0
MYT1,0.17404880416619922,71.50220122409536,0.0
TBC1D13,0.17376275329839633,71.4968323848384,0.0
ATG14,0.17374498075252504,71.49146354558144,0.0
DNHD1,0.1736972849722275,71.4860947063245,0.0
SENP2,0.17364703642961965,71.48072586706753,0.0
CHD9,0.17364321414557302,71.47535702781059,0.0
RPL41,0.17361321111533148,71.46998818855363,0.0
PCYT2,0.17359954458298696,71.46461934929668,0.0
TMEM108,0.17357326145269406,71.45925051003972,0.0
CLDN12,0.1735131570469,71.45388167078278,0.0
FECH,0.1734390930148124,71.44851283152582,0.0
TLL1,0.17337451978863444,71.44314399226887,0.0
RPL27,0.17336602167708298,71.43777515301191,0.0
RANBP6,0.17336327306618654,71.43240631375497,0.0
EIF2B3,0.17322328435749673,71.42703747449801,0.0
BASP1,0.17318474133208095,71.42166863524106,0.0
SHROOM2,0.17310359519008395,71.4162997959841,0.0
PTRH2,0.173097270105567,71.41093095672716,0.0
DAAM1,0.17300730162211203,71.4055621174702,0.0
OR6J1,0.172898499311075,71.40019327821325,0.0
MRPL16,0.1728639267130782,71.39482443895629,0.0
MESDC2,0.17286013073792045,71.38945559969935,0.0
LGALS3,0.17274813688826723,71.38408676044239,0.0
TTC3,0.17273028881570485,71.37871792118544,0.0
SHISA5,0.17262951886908418,71.37334908192848,0.0
EXOSC8,0.17258285216614125,71.36798024267154,0.0
PPME1,0.1725823402031951,71.36261140341458,0.0
ASXL3,0.17248506774795846,71.35724256415763,0.0
NTF4,0.17241654257723416,71.35187372490067,0.0
PLXNA4,0.1724138480075712,71.34650488564372,0.0
OPRM1,0.17237646416198857,71.34113604638677,0.0
AVPR2,0.1723263429195528,71.33576720712982,0.0
DRD5,0.1723089968408825,71.33039836787286,0.0
DCLRE1B,0.17229949425741062,71.32502952861591,0.0
PEG10,0.1722378136015209,71.31966068935897,0.0
ZNF182,0.17221535320769538,71.31429185010201,0.0
PHACTR2,0.17219386729590228,71.30892301084506,0.0
HTR2C,0.1721670820037587,71.3035541715881,0.0
SCARF1,0.1721619386944973,71.29818533233116,0.0
PSMC4,0.1720647828674609,71.2928164930742,0.0
CTSB,0.17199008132863253,71.28744765381725,0.0
SPATA18,0.1719385660863239,71.2820788145603,0.0
XRCC4,0.17187680622079132,71.27670997530335,0.0
GDI2,0.17184011024461804,71.27134113604639,0.0
ALDH3B1,0.17171813312155487,71.26597229678944,0.0
ZDHHC9,0.17159435754806973,71.26060345753248,0.0
IL33,0.17159334587278363,71.25523461827554,0.0
NR1D2,0.17153364607658014,71.24986577901858,0.0
JARID2,0.17153026799946408,71.24449693976163,0.0
SRXN1,0.17144043649491963,71.23912810050467,0.0
PPP1R21,0.17142264544824765,71.23375926124773,0.0
MOCS3,0.17128486636253398,71.22839042199077,0.0
F9,0.17119662284784215,71.22302158273382,0.0
LONP2,0.17109248966010843,71.21765274347686,0.0
KDM6A,0.17102923256632707,71.2122839042199,0.0
LPCAT3,0.17094317694809036,71.20691506496296,0.0
TXNDC17,0.17087861664310697,71.201546225706,0.0
TRIM2,0.17085384438938261,71.19617738644905,0.0
RABGEF1,0.17065189942695752,71.19080854719209,0.0
CPA3,0.17049861878366562,71.18543970793515,0.0
RFXANK,0.17042842906284666,71.18007086867819,0.0
TNNI3,0.17015862558395098,71.17470202942124,0.0
TFCP2,0.17015476008341915,71.16933319016428,0.0
ADNP,0.1700132215685876,71.16396435090734,0.0
AHSG,0.16997407041182963,71.15859551165038,0.0
NPAS3,0.16989809863848912,71.15322667239343,0.0
ZNF592,0.1698795871435708,71.14785783313647,0.0
RNF31,0.16984655609843644,71.14248899387952,0.0
KLHL21,0.16970151634472114,71.13712015462256,0.0
LGALS4,0.16955055711554992,71.13175131536562,0.0
BTRC,0.16951431025115798,71.12638247610866,0.0
ST3GAL5,0.1694662946112901,71.12101363685171,0.0
VKORC1,0.1694535069629944,71.11564479759475,0.0
GFRA1,0.16935482694211856,71.11027595833781,0.0
EMCN,0.16929283579493554,71.10490711908085,0.0
SVIL,0.1692535607024748,71.0995382798239,0.0
VAPA,0.16924277428338194,71.09416944056694,0.0
RBP5,0.16919013344102346,71.08880060131,0.0
GBE1,0.1690943156555909,71.08343176205304,0.0
ENPP3,0.16903627094414544,71.0780629227961,0.0
CEBPB,0.16894230492154033,71.07269408353913,0.0
PZP,0.16872397362275063,71.06732524428219,0.0
ADAM22,0.16864532893898934,71.06195640502523,0.0
RCC2,0.1685909070803054,71.05658756576828,0.0
TRIB2,0.16842492153809674,71.05121872651134,0.0
XPO5,0.16840548326598212,71.04584988725438,0.0
PFKP,0.16827003894243403,71.04048104799743,0.0
NCK2,0.1682420543970513,71.03511220874047,0.0
SRSF2,0.16806368480714867,71.02974336948353,0.0
LRRC17,0.1680577626491208,71.02437453022657,0.0
MORN1,0.1680401792735381,71.01900569096962,0.0
CYR61,0.16796692675586708,71.01363685171266,0.0
SLC2A3,0.1679352872086625,71.00826801245572,0.0
EMC3,0.16792206562439244,71.00289917319876,0.0
PRDX6,0.16777910508682106,70.99753033394181,0.0
ZNF512,0.1676908462469347,70.99216149468485,0.0
ACTR1B,0.16766140072608893,70.9867926554279,0.0
ARHGAP5,0.167659439394162,70.98142381617095,0.0
GCC1,0.16758672575387532,70.976054976914,0.0
GPC6,0.1675752418831602,70.97068613765704,0.0
CHAF1A,0.16742736424769528,70.9653172984001,0.0
FASTKD1,0.16737650088963357,70.95994845914313,0.0
ARF1,0.1672750657610642,70.95457961988618,0.0
CAD,0.16726544543156413,70.94921078062923,0.0
RASGRF1,0.16724993694184645,70.94384194137227,0.0
TCAP,0.16686342909650453,70.93847310211532,0.0
TTYH1,0.1664381827024058,70.93310426285836,0.0
MEOX2,0.1663048481977483,70.92773542360142,0.0
C5AR1,0.16615273132307157,70.92236658434446,0.0
PGAP3,0.16614483927303797,70.91699774508751,0.0
DOK2,0.1661447131653011,70.91162890583055,0.0
HDAC4,0.16586418846869047,70.90626006657361,0.0
WDR53,0.16586322672848874,70.90089122731665,0.0
SPA17,0.1658057594165654,70.8955223880597,0.0
DUSP12,0.1657949091711486,70.89015354880274,0.0
MNT,0.1657689632130492,70.8847847095458,0.0
GPATCH11,0.1657443573950124,70.87941587028884,0.0
MCAT,0.16572560186522564,70.87404703103189,0.0
PRRC2A,0.16565986310665762,70.86867819177493,0.0
TWF2,0.1655872342139321,70.86330935251799,0.0
HCFC1,0.16558039693750026,70.85794051326103,0.0
HNRNPH2,0.16556745314449595,70.85257167400408,0.0
BMP10,0.16551987744646607,70.84720283474712,0.0
WDR25,0.1654341252328114,70.84183399549018,0.0
SNX10,0.16535528262329405,70.83646515623322,0.0
SAFB,0.16531749508977883,70.83109631697627,0.0
SSBP1,0.16530787494875226,70.82572747771931,0.0
BTBD9,0.1652871435239047,70.82035863846237,0.0
SELENBP1,0.16525405030995538,70.8149897992054,0.0
RPS13,0.1651680263114672,70.80962095994846,0.0
CBX5,0.16514297166520198,70.8042521206915,0.0
CREB5,0.16512239596363573,70.79888328143456,0.0
SLC30A5,0.16506569376697297,70.7935144421776,0.0
UBR1,0.1650654208166748,70.78814560292065,0.0
EML3,0.1650207932967303,70.78277676366369,0.0
GPS2,0.16496637723649385,70.77740792440675,0.0
ZMYM2,0.1649249488341173,70.7720390851498,0.0
CAPRIN1,0.16487913772332316,70.76667024589284,0.0
TMEM43,0.16486912268545978,70.7613014066359,0.0
NT5DC3,0.1648188378609532,70.75593256737893,0.0
SIRT7,0.16478324143399156,70.75056372812199,0.0
SP5,0.1647821205004787,70.74519488886503,0.0
MATN1,0.16476741730725508,70.73982604960808,0.0
GRK6,0.16472546614139544,70.73445721035112,0.0
ASAP3,0.1646815042482915,70.72908837109418,0.0
RFT1,0.1646027585318638,70.72371953183722,0.0
PIWIL2,0.16454031602000757,70.71835069258027,0.0
ZNF536,0.16434977015229366,70.71298185332331,0.0
MDFI,0.16413047978531176,70.70761301406637,0.0
PTPN3,0.16409226712540043,70.70224417480941,0.0
PLEKHG6,0.16406975915322405,70.69687533555246,0.0
ZBTB48,0.164066884194718,70.6915064962955,0.0
C10orf76,0.16403000252450214,70.68613765703856,0.0
PSMC1,0.16391734700779864,70.6807688177816,0.0
VPS33B,0.16380953490745082,70.67539997852464,0.0
PPP1R15B,0.163677278661345,70.67003113926769,0.0
TAF4B,0.1634214500571009,70.66466230001073,0.0
NRG4,0.16329820081694738,70.65929346075379,0.0
SHKBP1,0.16323630689407198,70.65392462149683,0.0
ARSE,0.16320911838519694,70.64855578223987,0.0
LYZL4,0.16320203592841348,70.64318694298292,0.0
HIC1,0.163020728918596,70.63781810372596,0.0
GREB1,0.1629584270898291,70.63244926446902,0.0
GPX2,0.16295148294211123,70.62708042521207,0.0
CNTN4,0.162949923800584,70.62171158595511,0.0
RABGGTB,0.16276622640521882,70.61634274669817,0.0
NOC3L,0.16268570558969048,70.6109739074412,0.0
ARHGAP21,0.16236514101851351,70.60560506818426,0.0
ACTR2,0.16231229017495216,70.6002362289273,0.0
CTGF,0.16218409498676073,70.59486738967036,0.0
SNX14,0.16212742768321908,70.5894985504134,0.0
ETV6,0.1619513433887303,70.58412971115645,0.0
ARHGEF18,0.16192176227465874,70.57876087189949,1.0
TRNAU1AP,0.161919240574737,70.57339203264254,0.0
ATXN2,0.1618653860515306,70.56802319338559,0.0
GLRX2,0.16184028203337567,70.56265435412864,0.0
ZNF236,0.16179086650143965,70.55728551487168,0.0
TBX3,0.16167054017289478,70.55191667561473,0.0
USP14,0.16159504870364957,70.54654783635777,0.0
SPCS3,0.16146723306263952,70.54117899710083,0.0
SDF4,0.16145803075913337,70.53581015784387,0.0
C6orf106,0.16136303433088356,70.53044131858692,0.0
BTBD3,0.1613400168334969,70.52507247932996,0.0
SH3RF1,0.16124516780153436,70.51970364007302,0.0
MARCO,0.16117749993741495,70.51433480081606,0.0
TNFRSF13B,0.1610646867909606,70.50896596155911,0.0
NMNAT2,0.16105892411452,70.50359712230215,0.0
CHST8,0.16099171932481748,70.49822828304521,0.0
CCDC7,0.160982061954362,70.49285944378826,0.0
TM9SF1,0.16093300201088176,70.4874906045313,0.0
MID1IP1,0.16092418604913378,70.48212176527436,0.0
HIST1H1D,0.16084071126910257,70.4767529260174,0.0
NRXN3,0.16083550311037156,70.47138408676045,0.0
FGFRL1,0.16083041511287183,70.46601524750349,0.0
CCNH,0.16071912387315773,70.46064640824655,0.0
PEBP1,0.16065246425408966,70.45527756898959,0.0
TAF15,0.1606105922739348,70.44990872973264,0.0
GNPDA1,0.16058354688113322,70.44453989047568,0.0
ESCO2,0.16052193937402107,70.43917105121874,0.0
FDPS,0.16027442459909613,70.43380221196178,0.0
SUMF2,0.1602709704108916,70.42843337270483,0.0
SARS,0.16017381773705724,70.42306453344787,0.0
KRT34,0.16006886773723988,70.41769569419091,0.0
MIA3,0.1600373556131184,70.41232685493397,0.0
TAPT1,0.15990193903216368,70.406958015677,0.0
SERTAD2,0.1598985110206059,70.40158917642006,0.0
AKAP3,0.15978919244991244,70.3962203371631,0.0
CLDN11,0.15969579005801463,70.39085149790616,0.0
HSPBP1,0.15960625693449534,70.3854826586492,0.0
SART3,0.15957611512715336,70.38011381939225,0.0
HRH3,0.15948361107883394,70.37474498013529,0.0
AASS,0.15943272787248397,70.36937614087833,0.0
ZNF780A,0.15938288380865998,70.36400730162138,0.0
TBRG4,0.15931639765285358,70.35863846236444,0.0
SLC16A3,0.15921844179030967,70.35326962310748,0.0
ARMCX3,0.1591312737268737,70.34790078385053,0.0
IDH1,0.159130196753105,70.34253194459357,0.0
TRIAP1,0.15909320046727823,70.33716310533663,0.0
BCL7A,0.15906246880728941,70.33179426607967,0.0
PPIF,0.15897930663693433,70.32642542682272,0.0
ALG1,0.15888193751602336,70.32105658756576,0.0
SLC37A4,0.1588406296212814,70.31568774830882,1.0
DPP7,0.15879464980936964,70.31031890905186,0.0
CD68,0.15878429502104977,70.30495006979491,0.0
SLC6A2,0.15875328636559374,70.29958123053795,0.0
PIWIL1,0.1587256141002101,70.29421239128101,0.0
DMRT2,0.1584677309241919,70.28884355202405,0.0
ANKRD1,0.15846204763754865,70.2834747127671,0.0
PARK2,0.1584183535412746,70.27810587351014,0.0
DNAL1,0.15840747722249438,70.2727370342532,0.0
SNRPD2,0.15839391821437737,70.26736819499624,0.0
RPS26,0.1583827164163108,70.26199935573929,0.0
CLNS1A,0.15832789377624829,70.25663051648233,0.0
TMEM160,0.1583068804036551,70.25126167722539,0.0
PRPS2,0.15830643315413032,70.24589283796843,0.0
CCDC137,0.15810243595164503,70.24052399871148,0.0
SSB,0.1580991956672204,70.23515515945452,0.0
NARS,0.15801452848100483,70.22978632019758,0.0
MSC,0.15801028665586928,70.22441748094062,0.0
PUS7,0.1577571866378997,70.21904864168367,0.0
NPTN,0.15768349246578633,70.21367980242673,0.0
ACSM2B,0.15763683034136255,70.20831096316977,0.0
HSPB7,0.1576174627009546,70.20294212391282,0.0
FAM151B,0.15747968174373503,70.19757328465586,0.0
NPC2,0.15746439633140535,70.19220444539891,0.0
CACNA1E,0.15741308502965556,70.18683560614195,0.0
ZFP57,0.15741152833391864,70.18146676688501,0.0
VDAC1,0.1573339638731194,70.17609792762805,0.0
LANCL1,0.1572823989440059,70.1707290883711,0.0
VPS25,0.15719116198207667,70.16536024911414,0.0
ABCC8,0.15712826285038636,70.1599914098572,1.0
DIRAS3,0.15706369346508786,70.15462257060024,0.0
MMGT1,0.1569208566601037,70.1492537313433,0.0
SH3TC1,0.15689012643835182,70.14388489208633,0.0
TMPRSS15,0.15685456897553543,70.13851605282937,0.0
CACNG3,0.15677091427079998,70.13314721357243,0.0
SCARA5,0.1567036233318408,70.12777837431547,0.0
DEK,0.1565438457519845,70.12240953505852,0.0
MITD1,0.15643823712838892,70.11704069580156,0.0
AIFM2,0.1563689207329668,70.1116718565446,0.0
ARNT2,0.15634288153834147,70.10630301728766,0.0
CHAD,0.15632473592455867,70.1009341780307,0.0
ZW10,0.15625216888087584,70.09556533877375,0.0
ATG12,0.15623539785816926,70.0901964995168,0.0
ASH2L,0.15616335283500674,70.08482766025985,0.0
MRC1,0.15613129261067485,70.0794588210029,0.0
ANAPC10,0.15611810528240902,70.07408998174594,0.0
VGLL1,0.15607081140067947,70.068721142489,0.0
DNAJC3,0.1560638850634823,70.06335230323204,0.0
SETD9,0.1559325746296171,70.05798346397509,0.0
CDX2,0.15591076454231906,70.05261462471813,0.0
GNG3,0.15590757812566614,70.04724578546119,0.0
CSPP1,0.15587826579213343,70.04187694620423,1.0
SLC1A2,0.1557355995596999,70.03650810694728,0.0
KCNK3,0.1557122296295399,70.03113926769032,0.0
PAOX,0.1556521355668648,70.02577042843338,0.0
SLC11A2,0.15559495505468496,70.02040158917642,0.0
RABL3,0.15558373155364852,70.01503274991947,0.0
TOP1MT,0.15552906911669107,70.00966391066251,0.0
ING4,0.15534003624748186,70.00429507140556,0.0
SORBS3,0.155304324175452,69.9989262321486,0.0
C16orf74,0.15521938362686277,69.99355739289166,0.0
GOLGA7B,0.15512172550700382,69.9881885536347,0.0
GPLD1,0.15509663515422206,69.98281971437775,0.0
KIFC3,0.15504536147072456,69.9774508751208,0.0
CCNG2,0.15491045684989474,69.97208203586385,0.0
USP18,0.1548927038545062,69.96671319660689,0.0
POLA1,0.15469506431877444,69.96134435734994,0.0
YTHDC2,0.15454561412514384,69.95597551809298,0.0
PPFIBP1,0.15448967595177404,69.95060667883604,0.0
MAP3K13,0.15445066865616774,69.94523783957908,0.0
AMER3,0.15439121111663814,69.93986900032213,0.0
MEOX1,0.15422599011068466,69.93450016106519,0.0
FCN1,0.15414531648252638,69.92913132180823,0.0
PGPEP1,0.1541191528644396,69.92376248255128,0.0
PCMT1,0.1540472496288362,69.91839364329432,0.0
ELOVL1,0.1540223873457955,69.91302480403738,0.0
ZNF350,0.15371687031303294,69.90765596478042,0.0
SACM1L,0.15340169425058878,69.90228712552347,0.0
BIRC5,0.15332069140466442,69.89691828626651,0.0
PLCB3,0.15313250054646227,69.89154944700957,0.0
CTNNAL1,0.15304667061470684,69.8861806077526,0.0
CYP2E1,0.1528520606524295,69.88081176849565,0.0
SNCA,0.15280908007061314,69.8754429292387,0.0
PCMTD1,0.15276263488623307,69.87007408998174,0.0
ADM,0.15269969486529125,69.8647052507248,0.0
USP37,0.15264042415302095,69.85933641146784,0.0
R3HDM1,0.15260604426682478,69.85396757221089,0.0
KRT25,0.1524677901091605,69.84859873295393,0.0
MTNR1A,0.15238884489686896,69.84322989369699,0.0
DNAJC5G,0.1523411712604498,69.83786105444003,0.0
RPS3A,0.15230140574081044,69.83249221518307,0.0
STARD7,0.1522836434491748,69.82712337592612,0.0
IL17C,0.15212289157946407,69.82175453666916,0.0
LTV1,0.1521214806117256,69.81638569741222,0.0
SUPT16H,0.15190660176762089,69.81101685815526,0.0
ZFPM2,0.15179118536865813,69.80564801889831,0.0
ARL15,0.15163398733080008,69.80027917964136,0.0
EXOG,0.15158858346399273,69.7949103403844,0.0
CAPSL,0.15152613199336734,69.78954150112746,0.0
ATF5,0.15150574700626368,69.7841726618705,0.0
JPH1,0.15140539374234652,69.77880382261355,0.0
TAB2,0.15123982941176461,69.7734349833566,0.0
SYNE4,0.15123899200933402,69.76806614409965,0.0
SMARCC2,0.1511058292788608,69.76269730484269,0.0
TECPR1,0.15098747622898975,69.75732846558574,0.0
XPNPEP1,0.15097836216591548,69.75195962632878,0.0
SERPINB5,0.1509304236573122,69.74659078707184,0.0
CYSLTR1,0.1507640964369671,69.74122194781488,0.0
CHMP7,0.15075841167629656,69.73585310855793,0.0
DBF4B,0.15070711536487974,69.73048426930097,0.0
NIPSNAP1,0.15069409973450462,69.72511543004403,0.0
GLUD2,0.15050597504664642,69.71974659078707,0.0
DLG3,0.1504449207659825,69.71437775153012,0.0
JAKMIP2,0.15043153159451855,69.70900891227316,0.0
WHSC1,0.15032635811115208,69.70364007301622,0.0
IGHMBP2,0.1502276975151298,69.69827123375926,0.0
C2,0.1501215525308083,69.69290239450231,0.0
USP10,0.15010020713310682,69.68753355524535,0.0
RTN4,0.15008429574480633,69.6821647159884,0.0
KLHL4,0.1499385977683161,69.67679587673145,0.0
RRP8,0.1499205103003547,69.6714270374745,0.0
POLR1A,0.1499112767222249,69.66605819821756,0.0
NUP93,0.14981190134354222,69.6606893589606,0.0
ARRB2,0.14980149061789352,69.65532051970365,0.0
NUP85,0.1497683419698402,69.64995168044669,0.0
GBAS,0.14962920712178776,69.64458284118975,0.0
ARID5B,0.149490031876571,69.63921400193279,0.0
PCBP4,0.14948323567114033,69.63384516267584,0.0
MUTYH,0.14944045517597276,69.62847632341888,0.0
CADPS2,0.14943316263426185,69.62310748416193,0.0
SARM1,0.149348885264497,69.61773864490497,0.0
SETD6,0.1492486329216653,69.61236980564803,0.0
RPSA,0.14911090548969808,69.60700096639107,0.0
RNF212,0.14858638231475546,69.60163212713411,0.0
PRRC2C,0.14858089843739347,69.59626328787716,0.0
C9orf16,0.14857000180289587,69.5908944486202,0.0
USP5,0.14855724145891142,69.58552560936326,0.0
COX7B2,0.1484676722633299,69.5801567701063,0.0
COL14A1,0.14822101373719174,69.57478793084934,0.0
RNF13,0.14804984765113458,69.5694190915924,0.0
TBC1D1,0.14790664036304638,69.56405025233543,0.0
SEPT5,0.14788163699445395,69.55868141307849,0.0
B3GNT7,0.1477429839549289,69.55331257382153,0.0
MCUR1,0.1477393349307062,69.54794373456458,0.0
SRP72,0.14772155026171374,69.54257489530762,0.0
FOXJ3,0.14769066978985648,69.53720605605068,0.0
CHPT1,0.14768065515170414,69.53183721679372,0.0
UBXN7,0.1475379064727328,69.52646837753677,0.0
DDAH1,0.1474866276702678,69.52109953827983,0.0
GTF2H2,0.147485179819927,69.51573069902287,0.0
ZNF281,0.14736605707795944,69.51036185976592,0.0
TIMP4,0.14722412583513872,69.50499302050896,0.0
BBC3,0.14719961062862916,69.49962418125202,0.0
DAB2,0.14719540680278095,69.49425534199506,0.0
LOXL1,0.1471099954300732,69.48888650273811,0.0
SMG6,0.14704379018414102,69.48351766348115,0.0
FKBP7,0.1469566340380984,69.4781488242242,0.0
PAGR1,0.14675505835381047,69.47277998496725,0.0
TAS2R43,0.1466455213796744,69.4674111457103,0.0
DNASE2B,0.14655720405427727,69.46204230645334,0.0
VIP,0.14655208394954464,69.4566734671964,0.0
FABP4,0.1465515912222926,69.45130462793944,0.0
DNAJB9,0.1465303539035503,69.44593578868249,0.0
THADA,0.1465205354067178,69.44056694942553,0.0
ITIH5,0.14633251280748313,69.43519811016859,0.0
CETN1,0.14630801789518058,69.42982927091163,0.0
STRN,0.14629441130944634,69.42446043165468,0.0
SLC16A8,0.14625478637614345,69.41909159239772,0.0
DNAJC24,0.14606473515889215,69.41372275314077,0.0
S1PR4,0.14605026093273013,69.40835391388381,0.0
KPNA5,0.14598918186099302,69.40298507462687,0.0
SPDEF,0.1458885137227338,69.39761623536991,0.0
TERF2,0.1457781283538498,69.39224739611296,0.0
HSPA8,0.14569262923458146,69.38687855685602,0.0
ADH7,0.1456385664131778,69.38150971759906,0.0
SF3B2,0.14562939527906787,69.37614087834211,0.0
VARS,0.14562192021790663,69.37077203908515,0.0
CCIN,0.14539943435902064,69.36540319982821,0.0
VIPAS39,0.14539479174750558,69.36003436057125,0.0
NAPA,0.14536222530996137,69.3546655213143,0.0
RBPJ,0.14531017322570966,69.34929668205734,0.0
QRFPR,0.14526168855810198,69.34392784280038,0.0
CCNB1IP1,0.14517072651593793,69.33855900354344,0.0
VAV1,0.1451434291945431,69.33319016428648,0.0
XRN1,0.14510959738773196,69.32782132502953,0.0
IL11RA,0.14509167653465382,69.32245248577257,0.0
SCPEP1,0.14496497212810128,69.31708364651563,0.0
HSPB2,0.14492757635524717,69.31171480725867,0.0
KIAA1211,0.1448997701437888,69.30634596800172,0.0
NOXO1,0.144884084560329,69.30097712874476,0.0
MAP9,0.14483378405261554,69.2956082894878,0.0
NRM,0.1447679076871824,69.29023945023086,0.0
ELL2,0.14466604695311122,69.2848706109739,0.0
GOLIM4,0.1446625637302497,69.27950177171695,0.0
APOL1,0.14466225068185984,69.27413293245999,0.0
PBX1,0.144608906922211,69.26876409320305,0.0
TRMU,0.14449422994253566,69.26339525394609,1.0
MBTPS2,0.14436885171967978,69.25802641468914,0.0
CTF1,0.1443451895355218,69.25265757543218,0.0
ALAS1,0.14432684806295143,69.24728873617524,0.0
FAIM,0.14432138756631444,69.24191989691829,0.0
OLR1,0.14415928824382745,69.23655105766133,0.0
UGT1A6,0.14415155771958893,69.23118221840438,0.0
MTHFD1L,0.14414014389799806,69.22581337914743,0.0
APOA5,0.14405206981860624,69.22044453989048,0.0
CLIC1,0.1440315072275726,69.21507570063352,0.0
NFIB,0.14396212463469454,69.20970686137657,0.0
PEX11G,0.14394888625757835,69.20433802211961,0.0
DNMT3L,0.14386976919851208,69.19896918286267,0.0
ZBTB4,0.14380792169854967,69.19360034360571,0.0
RGS3,0.14372651727891778,69.18823150434876,0.0
SNAPC4,0.14372382403320985,69.1828626650918,0.0
CABP2,0.14369928331071313,69.17749382583486,0.0
IL23R,0.14359687487641967,69.1721249865779,0.0
FLCN,0.14354743135915118,69.16675614732095,1.0
WDR12,0.14352861649965207,69.161387308064,0.0
ZBTB7C,0.14350783072601053,69.15601846880705,0.0
STK38,0.14340348576018092,69.15064962955009,0.0
ADAMTSL1,0.14335043280936197,69.14528079029314,0.0
GTF3C3,0.14333945979445625,69.13991195103618,0.0
TUBGCP3,0.14332487837495728,69.13454311177924,0.0
UBA5,0.14318592619001078,69.12917427252228,0.0
USP4,0.14303958435491984,69.12380543326533,0.0
ZFP36L1,0.1430018474692118,69.11843659400837,0.0
RAB9A,0.14296746298446875,69.11306775475143,0.0
AAK1,0.14293783835965806,69.10769891549448,0.0
HDAC5,0.14281862505179913,69.10233007623752,0.0
PNPLA2,0.14268217016732046,69.09696123698058,0.0
FKBP1A,0.14264508005015444,69.09159239772362,0.0
CACNA1H,0.14258635682147972,69.08622355846667,0.0
SERTAD1,0.14257859873826292,69.08085471920971,0.0
STOM,0.1425543478335518,69.07548587995277,0.0
SYNGR3,0.14240657161240414,69.0701170406958,0.0
RAD23A,0.1423836170032618,69.06474820143885,0.0
LYZL6,0.14237908874257058,69.0593793621819,0.0
RASGRP1,0.14220067044970305,69.05401052292494,0.0
PIK3AP1,0.1420530837224578,69.048641683668,0.0
EMX1,0.14197516308469685,69.04327284441104,0.0
BRMS1L,0.14181428561521273,69.03790400515408,0.0
SHPRH,0.14160566111599054,69.03253516589713,0.0
KLF1,0.14148792229118065,69.02716632664017,0.0
YIF1A,0.14137229888390104,69.02179748738322,0.0
CCDC43,0.1411093453603935,69.01642864812626,0.0
MEGF6,0.14109556600924328,69.01105980886932,0.0
FOXB1,0.14101509030514373,69.00569096961236,0.0
PLA2G4B,0.1409687529705465,69.00032213035541,0.0
KRT81,0.14092419025418448,68.99495329109845,0.0
DACT1,0.14085469158148933,68.98958445184151,0.0
GRM3,0.1408411913705438,68.98421561258455,0.0
ABCG2,0.14079400475701534,68.9788467733276,0.0
ILF2,0.14061392670517633,68.97347793407066,0.0
LCP1,0.14048585272890296,68.9681090948137,0.0
PGAM4,0.14047807126782907,68.96274025555675,0.0
SFTPB,0.14036385287464176,68.9573714162998,0.0
GPC5,0.1402632280646823,68.95200257704285,0.0
MICU2,0.14025024447335604,68.94663373778589,0.0
MFSD12,0.1401954120173928,68.94126489852894,0.0
C12orf60,0.14005102108178158,68.93589605927198,0.0
SIRT4,0.1400042328005265,68.93052722001504,0.0
TAF9B,0.13985877863702773,68.92515838075808,0.0
PGRMC1,0.13981698481381427,68.91978954150113,0.0
CCR7,0.139773845645947,68.91442070224417,0.0
RAMP2,0.13975710417929857,68.90905186298723,0.0
CHCHD10,0.13953006062770187,68.90368302373027,0.0
STIP1,0.13950024834495678,68.89831418447332,0.0
MRPS17,0.1392255085627651,68.89294534521636,0.0
HSP90B1,0.13889355643062382,68.88757650595942,0.0
GPRC5A,0.13887651937422976,68.88220766670246,0.0
NUP50,0.13887281040555613,68.87683882744551,0.0
PLA2G7,0.13860324843357696,68.87146998818855,0.0
HOMEZ,0.13855920450797493,68.8661011489316,0.0
FUT2,0.1385587287651902,68.86073230967465,0.0
HSD17B10,0.13831700459760615,68.8553634704177,1.0
SLC3A1,0.13831424380378846,68.84999463116074,0.0
SEPT7,0.13819022099925665,68.8446257919038,0.0
FPR1,0.13818764432180775,68.83925695264683,0.0
CNTN5,0.1381592716655459,68.83388811338989,0.0
LDLRAP1,0.1381566337438509,68.82851927413294,0.0
EMB,0.13814483683634649,68.82315043487598,0.0
SERPINA5,0.1380611971523372,68.81778159561904,0.0
SLC29A1,0.13800418808715237,68.81241275636208,0.0
AKNA,0.13799159056347216,68.80704391710512,0.0
IPO7,0.13783262729833307,68.80167507784817,0.0
NGRN,0.13773671070785048,68.79630623859121,0.0
SGPP1,0.13760284964167274,68.79093739933427,0.0
IQUB,0.13755970822620475,68.78556856007731,0.0
PLEKHA1,0.13751777797198514,68.78019972082036,0.0
LRR1,0.13734812564523555,68.7748308815634,0.0
UBL3,0.13730477563731125,68.76946204230646,0.0
HRC,0.13717770159847648,68.7640932030495,0.0
KIF15,0.13717504988550683,68.75872436379254,0.0
ATP6V0B,0.1371384863895599,68.75335552453559,0.0
NOV,0.13712491337710783,68.74798668527863,0.0
KCNH2,0.1370545077803367,68.74261784602169,0.0
TEX15,0.13696274257099,68.73724900676473,0.0
PTPN22,0.13694171377600894,68.73188016750778,1.0
LYRM1,0.13691296318861823,68.72651132825082,0.0
NIP7,0.1368920281469914,68.72114248899388,0.0
SPATA6,0.13667893998941633,68.71577364973692,0.0
SF3A1,0.13666766466023933,68.71040481047997,0.0
HBZ,0.1366087575373085,68.70503597122301,0.0
YWHAQ,0.13635354299537475,68.69966713196607,0.0
NKX6-2,0.13635325044917246,68.69429829270912,0.0
SUGT1,0.13630597145576537,68.68892945345216,0.0
HES6,0.13629347113713183,68.68356061419522,0.0
APOBR,0.13609408503862747,68.67819177493826,0.0
PCBD1,0.13600819694444524,68.67282293568131,0.0
ZNF337,0.13594060126007407,68.66745409642435,0.0
HSD17B11,0.13592664697704462,68.6620852571674,0.0
MRM1,0.13587666059109954,68.65671641791045,0.0
SLC2A6,0.13580681799383296,68.6513475786535,0.0
CPNE7,0.1356980218612859,68.64597873939654,0.0
CEP19,0.13545529917665317,68.6406099001396,0.0
AKR7A3,0.13529757619887264,68.63524106088263,0.0
STAR,0.1352572559469541,68.62987222162569,0.0
GGA1,0.13524131520371813,68.62450338236873,0.0
TAF10,0.13515672833989584,68.61913454311178,0.0
TNS3,0.1350383441786838,68.61376570385482,0.0
GATAD2A,0.13495903338683474,68.60839686459788,0.0
RPS12,0.13468421771702382,68.60302802534092,0.0
CSNK1G3,0.13466688298810156,68.59765918608397,0.0
AR,0.13466413963459184,68.59229034682701,0.0
SPATA31D1,0.13466259533076425,68.58692150757007,0.0
TMED10,0.13458454769299877,68.58155266831311,0.0
HIGD1A,0.13452705373778479,68.57618382905616,0.0
OBP2A,0.13450877027144167,68.5708149897992,0.0
ETFB,0.1344959412004146,68.56544615054226,0.0
TLE3,0.1343975047727482,68.5600773112853,0.0
HERC3,0.1343972739150333,68.55470847202835,0.0
RCHY1,0.13438775989757012,68.5493396327714,0.0
RPL10A,0.13423428337029525,68.54397079351445,0.0
HAT1,0.13418741941083673,68.5386019542575,0.0
CYYR1,0.1340942916949262,68.53323311500054,0.0
DRD3,0.13404101101544547,68.52786427574358,0.0
OAZ1,0.13400475058470016,68.52249543648664,0.0
MLF2,0.13390633223807777,68.51712659722968,0.0
LIMS1,0.13387702693070536,68.51175775797273,0.0
CNOT6,0.13375444887354465,68.50638891871577,0.0
MESP2,0.13361218413564355,68.50102007945881,0.0
PABPC4L,0.13353015439066182,68.49565124020187,0.0
B4GALT5,0.13348942114428577,68.4902824009449,0.0
ZNF16,0.1334875892721646,68.48491356168796,0.0
FBXO33,0.1333633885185726,68.479544722431,0.0
RBBP7,0.1333333459982071,68.47417588317406,0.0
BRE,0.13330938486895036,68.4688070439171,0.0
TMX3,0.13322764135508486,68.46343820466015,0.0
SON,0.13320115607380972,68.45806936540319,0.0
XPO1,0.13309088864185034,68.45270052614624,0.0
MEDAG,0.13301814689402636,68.44733168688929,0.0
ABCB9,0.13299887648969302,68.44196284763234,0.0
IFFO1,0.1329970500064888,68.43659400837538,0.0
MTMR9,0.13276730409354673,68.43122516911843,0.0
PFN2,0.13270247720320058,68.42585632986147,0.0
RAPGEF2,0.13246982038672306,68.42048749060453,0.0
CHTF18,0.1324164927229839,68.41511865134758,0.0
PPP1R35,0.13240480013381703,68.40974981209062,0.0
FOXP4,0.13237354086095887,68.40438097283368,0.0
EEF1D,0.13227392831931703,68.39901213357672,0.0
ADRA2B,0.13217347351123712,68.39364329431977,0.0
ARHGAP12,0.13216680047527926,68.38827445506281,0.0
VPS13B,0.13209724980694343,68.38290561580587,1.0
CCDC28B,0.1320208625575003,68.37753677654891,0.0
CYP26C1,0.13181500620804174,68.37216793729196,0.0
FADS1,0.1317994923933284,68.366799098035,0.0
UCP2,0.1317544655323371,68.36143025877806,0.0
ABCB10,0.13162983435258743,68.3560614195211,0.0
LARP1,0.131603704646478,68.35069258026415,0.0
DYRK1A,0.1315610836292414,68.34532374100719,0.0
CNIH1,0.13154303923164246,68.33995490175025,0.0
OBP2B,0.13151603469416204,68.33458606249329,0.0
CMC2,0.1314818173105227,68.32921722323634,0.0
DTNA,0.1314722295074537,68.32384838397938,0.0
ZMYND8,0.13142387544128223,68.31847954472244,0.0
SLC12A9,0.1313774754623648,68.31311070546548,0.0
TNFRSF11A,0.13132427897952223,68.30774186620853,1.0
TNS1,0.13128223807166095,68.30237302695157,0.0
TTPA,0.13124174138764066,68.29700418769463,0.0
USP21,0.13121268886751997,68.29163534843767,0.0
CLIP1,0.13113788739156532,68.28626650918072,0.0
MGAT1,0.13110627823277862,68.28089766992377,0.0
IL17F,0.13108074256926677,68.27552883066681,0.0
MMS22L,0.13104545121720051,68.27015999140986,0.0
ZNF514,0.1309758563911543,68.26479115215291,0.0
INO80,0.13063073709672432,68.25942231289595,0.0
PTPRG,0.1306283995496138,68.254053473639,0.0
ATL3,0.13060929911080926,68.24868463438204,0.0
DPF2,0.13060062126198793,68.2433157951251,0.0
TSPYL4,0.13050640070000036,68.23794695586814,0.0
DNAL4,0.1304982282604984,68.2325781166112,0.0
PLOD2,0.1304031777969657,68.22720927735423,0.0
RRP12,0.13036175397481123,68.22184043809727,0.0
PDE4D,0.1303410573922374,68.21647159884033,0.0
DEGS2,0.13026208197788405,68.21110275958337,0.0
RPS27A,0.1302518378727225,68.20573392032642,0.0
HCK,0.13023419525131277,68.20036508106946,0.0
WASF2,0.13019285554409948,68.19499624181252,0.0
SPG20,0.13010846379564817,68.18962740255556,0.0
FANCF,0.12998959224093887,68.18425856329861,0.0
RRH,0.1299668818091099,68.17888972404165,0.0
YWHAG,0.1299405407279045,68.17352088478471,0.0
BZW1,0.12952871015607886,68.16815204552775,0.0
TALDO1,0.1294538159171356,68.1627832062708,0.0
SLC10A3,0.1292719283887203,68.15741436701384,0.0
ARHGAP27,0.12921539393069736,68.1520455277569,0.0
MAP10,0.12919875688159074,68.14667668849994,0.0
DGKG,0.12915915787694016,68.14130784924299,0.0
RPH3AL,0.12903331224190087,68.13593900998605,0.0
TNFRSF14,0.12894889053843994,68.13057017072909,0.0
IVNS1ABP,0.12893951816522414,68.12520133147214,0.0
MSN,0.12891756138691693,68.11983249221518,0.0
BLOC1S4,0.12880498153788916,68.11446365295824,0.0
YME1L1,0.1287760601818773,68.10909481370128,0.0
SERPINE1,0.12871476260819278,68.10372597444433,0.0
MCL1,0.1285717382730734,68.09835713518737,0.0
ABCD3,0.1285320896484577,68.09298829593043,0.0
WASL,0.12850801778167809,68.08761945667347,0.0
FMNL1,0.1284643013533939,68.08225061741652,0.0
ST3GAL6,0.12835627768693025,68.07688177815956,0.0
CTBP2,0.1283191631430737,68.07151293890261,0.0
SYT1,0.12828912275568666,68.06614409964565,0.0
AEBP1,0.1282799901314047,68.06077526038871,0.0
RBMS2,0.1282782796748333,68.05540642113175,0.0
PLD2,0.12827540930774717,68.0500375818748,0.0
IMPG1,0.1282607517589468,68.04466874261784,0.0
LRRCC1,0.12825601206023485,68.0392999033609,0.0
EMC4,0.12825030573656224,68.03393106410394,0.0
HPGDS,0.12824815585505334,68.028562224847,0.0
NUP188,0.12819252926758756,68.02319338559003,0.0
FAIM2,0.1281393131469478,68.01782454633309,0.0
RABEP1,0.12797171054658074,68.01245570707613,0.0
PSMD2,0.12788423489160253,68.00708686781918,0.0
KIAA0100,0.12779526168749972,68.00171802856224,0.0
NDN,0.12775989990565317,67.99634918930528,0.0
PRKAA2,0.12768205121252163,67.99098035004832,0.0
EXOC6,0.12763549387264464,67.98561151079137,0.0
RPL21,0.12760177386535837,67.98024267153441,0.0
NT5C2,0.12759921259215173,67.97487383227747,0.0
KRT3,0.12756058099337136,67.96950499302051,0.0
THOC5,0.1275107965635782,67.96413615376355,0.0
XKR8,0.12745213494321903,67.9587673145066,0.0
METTL17,0.12728105998204986,67.95339847524964,0.0
ALDH6A1,0.12718347053781728,67.9480296359927,0.0
HSDL1,0.1271747504138622,67.94266079673574,0.0
DIP2B,0.1271419079358978,67.93729195747879,0.0
PITPNA,0.12709236451190173,67.93192311822183,0.0
SELPLG,0.12709069153183764,67.92655427896489,0.0
PTP4A3,0.12706365952335838,67.92118543970793,0.0
EMD,0.12705540979952837,67.91581660045098,0.0
LCN1,0.1270261205494308,67.91044776119402,0.0
HINT3,0.12700882866342508,67.90507892193708,0.0
KCNK4,0.126795988571836,67.89971008268012,0.0
DRP2,0.12669941664962558,67.89434124342317,0.0
ACSM1,0.1266629764201642,67.88897240416621,0.0
EPYC,0.12656485194521389,67.88360356490927,0.0
SFRP1,0.12651461243215623,67.8782347256523,0.0
STIM2,0.12646491442548785,67.87286588639536,0.0
JAGN1,0.12646021838138238,67.8674970471384,0.0
PNISR,0.12623125751060818,67.86212820788145,0.0
ZWINT,0.12620030964390977,67.85675936862451,0.0
CHFR,0.1261907900819442,67.85139052936755,0.0
TCF3,0.12618909774715373,67.8460216901106,0.0
FAM120A,0.12615055797014701,67.84065285085364,0.0
CACNG1,0.12613256193753372,67.8352840115967,0.0
ABI3BP,0.12613210453790757,67.82991517233974,0.0
CLDN10,0.12612430734699165,67.8245463330828,0.0
NEK7,0.12612406285092434,67.81917749382583,0.0
WDR77,0.12596421846296985,67.81380865456889,0.0
TLR2,0.12584389716114855,67.80843981531193,0.0
COPG1,0.12580175536378485,67.80307097605498,0.0
UBE2G1,0.125795632555522,67.79770213679802,0.0
PRKAR2B,0.1256915524103115,67.79233329754108,0.0
CCT7,0.12566791854822787,67.78696445828412,0.0
FKBP11,0.12561851150777764,67.78159561902717,0.0
P2RY4,0.12545410719797742,67.77622677977021,0.0
PCDHA7,0.1254482784694481,67.77085794051327,0.0
CYB561A3,0.12481354368955684,67.7654891012563,0.0
C6orf226,0.12480150229285296,67.76012026199936,0.0
PPP1R12C,0.12471897038119215,67.7547514227424,0.0
IL2RG,0.12466790124237033,67.74938258348546,0.0
SLC22A12,0.12460071782919038,67.7440137442285,0.0
FAM117B,0.12454205088844253,67.73864490497155,0.0
ZBTB2,0.12452684310876301,67.73327606571459,0.0
OTUD3,0.12447621781273152,67.72790722645765,0.0
RAB5C,0.12437798182434852,67.72253838720069,0.0
TMPO,0.12419301456427378,67.71716954794374,0.0
GDF5,0.12417971793461731,67.71180070868678,0.0
ETS1,0.12410711748755694,67.70643186942984,0.0
ZC3H14,0.12407709981194173,67.70106303017288,0.0
TTC9C,0.12407374253518126,67.69569419091593,0.0
G6PC3,0.12404459599632418,67.69032535165897,0.0
CHCHD2,0.12402878063001148,67.68495651240201,0.0
RELL1,0.12389930283826053,67.67958767314506,0.0
DEF8,0.12377779394955565,67.6742188338881,0.0
HDAC3,0.12373751984295803,67.66884999463116,0.0
OBSL1,0.12370058648377973,67.6634811553742,0.0
MSH2,0.12368936143520681,67.65811231611725,0.0
IL1RN,0.12366929821928627,67.6527434768603,0.0
FAM83G,0.12361936537257745,67.64737463760335,0.0
ESF1,0.12358727098963478,67.64200579834639,0.0
ATP2A3,0.12356059804447717,67.63663695908944,0.0
LUC7L,0.12348771201057036,67.63126811983248,0.0
HIVEP1,0.12344229022516524,67.62589928057554,0.0
TNK2,0.12331555208038567,67.62053044131858,0.0
NFYB,0.12327223119738187,67.61516160206163,0.0
HSD17B7,0.12315768131795943,67.60979276280467,0.0
HIVEP2,0.12308336629041725,67.60442392354773,0.0
MYCBPAP,0.12305476620424513,67.59905508429077,0.0
SESN1,0.12300772770033372,67.59368624503382,0.0
KLHL22,0.1229681874266411,67.58831740577688,0.0
NFE2,0.12294226438756413,67.58294856651992,0.0
ENTPD7,0.12289066159396925,67.57757972726297,0.0
RBM39,0.12277218610114637,67.57221088800601,0.0
TPBG,0.12271857795497998,67.56684204874907,0.0
TMEM258,0.12267915325553583,67.5614732094921,0.0
OTUD6B,0.12266796080436126,67.55610437023516,0.0
PSMC3,0.12263874586276738,67.5507355309782,0.0
USP24,0.12236478687955296,67.54536669172126,0.0
MAGOH,0.12233453965382028,67.5399978524643,0.0
FARSA,0.12233451235364323,67.53462901320735,0.0
DNAJB2,0.12232221678918465,67.52926017395039,0.0
SH3RF3,0.1222655114829196,67.52389133469345,0.0
STRIP1,0.12226308586450904,67.51852249543649,0.0
ADNP2,0.12213076126051128,67.51315365617954,0.0
TCF12,0.12211145368257767,67.50778481692258,0.0
TANGO2,0.12206780616899822,67.50241597766563,0.0
FOXA1,0.12199109252024024,67.49704713840867,0.0
FAM179B,0.12185064939483548,67.49167829915173,0.0
HLA-DPB1,0.12179870857484851,67.48630945989477,0.0
TBC1D14,0.12176363827335582,67.48094062063782,0.0
GPR4,0.12173037241466693,67.47557178138086,0.0
CHPF2,0.12165272421714528,67.47020294212392,0.0
EXPH5,0.12159486440552973,67.46483410286696,0.0
SLC39A6,0.12157163222170235,67.45946526361001,0.0
ACTR3,0.12153701236484868,67.45409642435305,0.0
CNTN1,0.1215117686879573,67.44872758509611,0.0
ILF3,0.12150939446597717,67.44335874583915,0.0
ADRM1,0.12142021839521963,67.4379899065822,0.0
NUDT7,0.12141061666056523,67.43262106732524,0.0
DNAJC5B,0.12140466432293073,67.42725222806828,0.0
POLK,0.12125835996313165,67.42188338881134,0.0
HOOK1,0.12117760030305998,67.41651454955438,0.0
SPATA20,0.12115434114050153,67.41114571029743,0.0
CDC73,0.12114150513747501,67.40577687104047,0.0
FOXRED1,0.12110783186574983,67.40040803178353,1.0
NCKAP5,0.12104009121005324,67.39503919252657,0.0
CD109,0.1210229938305472,67.38967035326962,0.0
LSM2,0.12098437366900905,67.38430151401266,0.0
MOB1A,0.12090868842053556,67.37893267475572,0.0
TAZ,0.12090396477953488,67.37356383549876,0.0
SUSD2,0.12086376345924424,67.36819499624181,0.0
SIN3B,0.12084807141275944,67.36282615698485,0.0
STAG1,0.12083065890282592,67.3574573177279,0.0
GATM,0.12076655782629978,67.35208847847095,0.0
AP3B2,0.12068247026000882,67.346719639214,0.0
ZNF35,0.12067704603034055,67.34135079995704,0.0
PDPR,0.1206670019098068,67.3359819607001,0.0
NIPAL4,0.12050037720366709,67.33061312144314,0.0
VPS51,0.12049859766629847,67.32524428218619,0.0
FLRT3,0.12044070684915338,67.31987544292923,0.0
LOX,0.12041974724865098,67.31450660367229,0.0
IPO9,0.12040151158695678,67.30913776441534,0.0
EIF1B,0.12025904999809725,67.30376892515838,0.0
SEL1L,0.12019762903796134,67.29840008590143,0.0
AJAP1,0.1201334949439566,67.29303124664447,0.0
STARD13,0.12013032694473776,67.28766240738753,0.0
TPCN1,0.1201154245546839,67.28229356813057,0.0
SATB2,0.1201074812825806,67.27692472887362,0.0
AOX1,0.12001915300801647,67.27155588961666,0.0
SAE1,0.11998477771038114,67.26618705035972,0.0
POU3F2,0.11990343567100621,67.26081821110276,0.0
MAST4,0.11988592747860587,67.25544937184581,0.0
DMXL1,0.11981240415037957,67.25008053258885,0.0
PNPLA1,0.1197592585019599,67.24471169333191,0.0
GADL1,0.11969961220388474,67.23934285407495,0.0
C18orf32,0.11951514507982164,67.233974014818,0.0
SERTAD3,0.11950474461263283,67.22860517556104,0.0
XPNPEP3,0.11941675372667837,67.2232363363041,0.0
IHH,0.11940967160976743,67.21786749704714,0.0
ZNF331,0.11934878119316775,67.21249865779019,0.0
ODF2L,0.11932001154540806,67.20712981853323,0.0
SCUBE1,0.11930794941850786,67.20176097927629,0.0
ARHGAP8,0.11929046871382538,67.19639214001933,0.0
EIF2B1,0.11919940323951135,67.19102330076238,0.0
DDX5,0.1191837597044508,67.18565446150542,0.0
HAL,0.1191604174243015,67.18028562224848,0.0
BTK,0.11913728223880524,67.17491678299152,0.0
SLC7A14,0.11898278194445683,67.16954794373457,1.0
BRCC3,0.11890096851293941,67.16417910447761,0.0
COMTD1,0.11888489941216532,67.15881026522067,0.0
RPL32,0.1188582078315397,67.1534414259637,0.0
UBE2J1,0.11879251171902223,67.14807258670675,0.0
AHSA1,0.11870428469988001,67.1427037474498,0.0
TGM3,0.11869128138534342,67.13733490819284,0.0
CFP,0.1186313924092944,67.1319660689359,0.0
CD99L2,0.1184411967144137,67.12659722967894,0.0
KDM2A,0.11838408427635043,67.12122839042199,0.0
SARS2,0.11834845601247557,67.11585955116503,0.0
RSPH1,0.11834682986442417,67.11049071190808,0.0
CRHR2,0.11825262357417429,67.10512187265113,0.0
ALDH16A1,0.1182392223055341,67.09975303339418,0.0
ARHGAP24,0.11822092544157603,67.09438419413722,0.0
HLA-DPA1,0.1180951056203777,67.08901535488027,0.0
ZNF827,0.1179200122345276,67.08364651562331,0.0
PCSK1N,0.11789921155586598,67.07827767636637,0.0
ZFR,0.11789371522107013,67.07290883710941,0.0
GPRC5B,0.11785216903020487,67.06753999785246,0.0
NPHS2,0.11782850395317931,67.0621711585955,0.0
DDX19B,0.11780538171492227,67.05680231933856,0.0
PIP4K2B,0.11779313464773122,67.0514334800816,0.0
TBX18,0.11777545021324957,67.04606464082465,0.0
NMT1,0.11773865328182927,67.0406958015677,0.0
RAPH1,0.11768655275675743,67.03532696231075,0.0
HIC2,0.1176773043436665,67.0299581230538,0.0
BCL9,0.11756002536120251,67.02458928379684,0.0
ALG2,0.1174605679596725,67.0192204445399,0.0
NKX2-2,0.11741513833776104,67.01385160528294,0.0
SFMBT1,0.11739719429758073,67.00848276602599,0.0
DDHD2,0.11727382308463052,67.00311392676903,0.0
PTPN4,0.11717367745057476,66.99774508751209,0.0
GSTM1,0.11715365632360313,66.99237624825513,0.0
CCAR1,0.11708951692110911,66.98700740899818,0.0
ARF5,0.11703605361485145,66.98163856974122,0.0
TMEM161B,0.11702839076146128,66.97626973048428,0.0
ANXA11,0.11696739725111786,66.97090089122732,0.0
GABRA2,0.11695392381935546,66.96553205197037,0.0
ENTPD5,0.11681119252822887,66.96016321271341,0.0
MYL6,0.11667409100658628,66.95479437345647,0.0
TMED8,0.11659087179967897,66.9494255341995,0.0
ARSJ,0.11649344804539044,66.94405669494256,0.0
POLR3G,0.11644190916555748,66.9386878556856,0.0
ZNF639,0.11636005813254183,66.93331901642865,0.0
KRT35,0.11630596762105075,66.9279501771717,0.0
FSHR,0.11618974740325654,66.92258133791475,0.0
SLC25A15,0.11617522015271653,66.91721249865779,0.0
TNR,0.11613632995833734,66.91184365940084,0.0
DUS4L,0.11605227110563028,66.90647482014388,0.0
PDE4A,0.11594558525872181,66.90110598088694,0.0
MAN2C1,0.11591869935677787,66.89573714162998,0.0
ARHGEF40,0.11591588079928421,66.89036830237302,0.0
EZH1,0.11578252703202638,66.88499946311607,0.0
GDI1,0.11575623097975715,66.87963062385911,0.0
ANKRD50,0.11575489144573341,66.87426178460217,0.0
ZBTB11,0.11565709241846825,66.86889294534521,0.0
ENOSF1,0.1156528133849554,66.86352410608826,0.0
ACOT1,0.1156063672659516,66.8581552668313,0.0
APBA1,0.11558706249424988,66.85278642757436,0.0
DISP2,0.11552489633904195,66.8474175883174,0.0
ADAMTSL5,0.11537694409663313,66.84204874906045,0.0
SEC16A,0.11537464103473312,66.8366799098035,0.0
RAB2A,0.1153498584156265,66.83131107054655,0.0
POLR3GL,0.11529382659896811,66.82594223128959,0.0
TBX4,0.11527682437428469,66.82057339203264,0.0
PSD,0.11520298422664743,66.81520455277568,0.0
NYNRIN,0.11512519596122936,66.80983571351874,0.0
RAB40C,0.1149974344561679,66.80446687426178,0.0
NSMCE2,0.1149838144821631,66.79909803500483,1.0
RABGAP1L,0.1149692953372384,66.79372919574787,0.0
SUV39H1,0.11488040143018052,66.78836035649093,0.0
SIK1,0.11484291328154725,66.78299151723397,0.0
DENND4A,0.1148288997676957,66.77762267797702,0.0
TRIM27,0.11478332695033533,66.77225383872006,0.0
HTR4,0.11477770464017585,66.76688499946312,0.0
NAB1,0.11476394770688336,66.76151616020616,0.0
GSTA3,0.11476320916095935,66.75614732094921,0.0
THSD7B,0.1146879748001933,66.75077848169227,0.0
HYI,0.11463077112819268,66.7454096424353,0.0
NOC2L,0.11454956186745421,66.74004080317836,0.0
ARAP1,0.11448617500093991,66.7346719639214,0.0
PUM2,0.11443845365442659,66.72930312466445,0.0
GCM1,0.11442186668650105,66.7239342854075,0.0
MED12L,0.11438330058963568,66.71856544615055,0.0
TTI1,0.11425112153372793,66.71319660689359,0.0
DLC1,0.11424978671497614,66.70782776763664,0.0
DHRS11,0.11418898236222304,66.70245892837968,0.0
CEBPZ,0.11412258420640675,66.69709008912274,0.0
RGL1,0.11405067606809197,66.69172124986578,0.0
RPL36AL,0.11401788803206596,66.68635241060883,0.0
MTMR10,0.11400952372012799,66.68098357135187,0.0
TNNI1,0.11396999017561535,66.67561473209493,0.0
C5AR2,0.11385111152963596,66.67024589283797,0.0
KLC3,0.11381058333520049,66.66487705358102,0.0
HS3ST1,0.11374138399610581,66.65950821432406,0.0
MRPL40,0.11371767548512715,66.65413937506712,0.0
MARK2,0.11371223047869816,66.64877053581016,0.0
PXMP4,0.11366429938256135,66.64340169655321,0.0
S100A1,0.11366408054626027,66.63803285729625,0.0
MED19,0.11360542374737925,66.6326640180393,0.0
RBM4B,0.11345893332838317,66.62729517878235,0.0
IQCH,0.11334205252021276,66.6219263395254,0.0
PRKRIP1,0.11321530881361523,66.61655750026844,0.0
SYT5,0.11319525599270053,66.61118866101148,0.0
TXNDC9,0.1131292552385202,66.60581982175454,0.0
KIF23,0.11309989328405268,66.60045098249758,0.0
ZCCHC6,0.11308667827971272,66.59508214324063,0.0
ZNF197,0.11303303068540213,66.58971330398367,0.0
FUT11,0.11286549484655431,66.58434446472673,0.0
MAML3,0.11277685097411247,66.57897562546977,0.0
GRIN3A,0.11267769193170159,66.57360678621282,0.0
RAB21,0.11258404543041271,66.56823794695586,0.0
YWHAZ,0.11251681689213508,66.56286910769892,0.0
ATP2C1,0.11250696557097169,66.55750026844196,0.0
GCC2,0.11247774908683357,66.55213142918501,0.0
DNAJC10,0.11228032053227617,66.54676258992805,0.0
LARP1B,0.1122776440145126,66.5413937506711,0.0
CALCRL,0.11225137237632535,66.53602491141415,0.0
CALY,0.11219636036966114,66.5306560721572,0.0
GALNT18,0.11217571265307455,66.52528723290024,0.0
DECR2,0.11216301897911393,66.5199183936433,0.0
ATP6V1G1,0.112156272384955,66.51454955438633,0.0
NTN4,0.1121529982736682,66.50918071512939,0.0
MGST2,0.11214981947471594,66.50381187587243,0.0
CCDC60,0.11201133826829042,66.49844303661548,0.0
LCN2,0.11191570037036032,66.49307419735852,0.0
CEP85,0.11191475273496883,66.48770535810158,0.0
PXMP2,0.11188303281875529,66.48233651884462,0.0
GREM2,0.11182918237429637,66.47696767958767,0.0
PPIL2,0.11179710088918751,66.47159884033073,0.0
GSKIP,0.11177758604819994,66.46623000107377,0.0
EIF3A,0.11171662436094895,66.46086116181682,0.0
CLASP1,0.111711112990308,66.45549232255986,0.0
MFSD5,0.11162276866279268,66.45012348330292,0.0
FAM83H,0.11149145373120314,66.44475464404596,0.0
FAU,0.11145835989289357,66.43938580478901,0.0
MID2,0.1113834349810425,66.43401696553205,0.0
SPIRE2,0.11131578698299653,66.4286481262751,0.0
ONECUT1,0.11129001774139373,66.42327928701815,0.0
FAM173A,0.11117923251207358,66.4179104477612,0.0
TUBA1A,0.11115512513728569,66.41254160850424,0.0
SEPHS1,0.11113885864362882,66.4071727692473,0.0
RPLP1,0.11113816155711682,66.40180392999034,0.0
ADAMTSL2,0.11107210293536023,66.39643509073339,0.0
SLC30A1,0.11092491467831096,66.39106625147643,0.0
ATP4A,0.1109108694429243,66.38569741221949,0.0
KLF3,0.11081074175666372,66.38032857296253,0.0
HELT,0.11070903736323885,66.37495973370558,0.0
ZSCAN22,0.1105866171341449,66.36959089444862,0.0
KNOP1,0.11058347273317741,66.36422205519168,0.0
WNT3,0.11053698116058489,66.35885321593472,0.0
IFI30,0.11050780477306794,66.35348437667776,0.0
SLC47A1,0.11049655863241795,66.34811553742081,0.0
ZZEF1,0.1103123095159186,66.34274669816385,0.0
SDC2,0.11029239137286584,66.3373778589069,0.0
WWP2,0.11025816661957828,66.33200901964995,0.0
CD3EAP,0.11014521523646252,66.326640180393,0.0
CLCN1,0.11012061479853737,66.32127134113604,0.0
VAMP2,0.11011737198877691,66.3159025018791,0.0
ARHGEF3,0.11004650262393936,66.31053366262213,0.0
HSPE1,0.11002338596985808,66.30516482336519,0.0
POLG2,0.10998775506650363,66.29979598410823,0.0
COPS5,0.10997505318675935,66.29442714485128,0.0
TRIM22,0.10992846188168706,66.28905830559432,0.0
ITCH,0.10992828814654407,66.28368946633738,0.0
HTR1B,0.10986593666430226,66.27832062708042,0.0
ATP6V0C,0.1098631085009932,66.27295178782347,0.0
TM7SF3,0.10984357389370011,66.26758294856651,0.0
RBM25,0.10982905916673114,66.26221410930957,0.0
MBD3,0.10976866157255735,66.25684527005261,0.0
PRMT6,0.1096499134868135,66.25147643079566,0.0
RAD21,0.10949737715440508,66.2461075915387,0.0
AZIN1,0.10949705638186868,66.24073875228176,0.0
RPL22L1,0.10939325164061746,66.2353699130248,0.0
TOP1,0.10929996610825705,66.23000107376785,0.0
BAIAP3,0.10923744962702486,66.22463223451089,0.0
OR2T35,0.10917838768255425,66.21926339525395,0.0
SPECC1L,0.10902443722009496,66.21389455599699,0.0
SNRNP25,0.10885663228901865,66.20852571674004,0.0
TEFM,0.10883412234349285,66.2031568774831,0.0
BNIP1,0.1087824326093589,66.19778803822614,0.0
SNAP23,0.10876138721704587,66.19241919896919,0.0
EDEM2,0.10873043543341639,66.18705035971223,0.0
SLC38A2,0.10869301543718637,66.18168152045529,0.0
TEC,0.10867209813751588,66.17631268119833,0.0
NCF1,0.10864421417907844,66.17094384194138,0.0
PRKAB2,0.10863697235926653,66.16557500268442,0.0
ZFP42,0.1084882002225311,66.16020616342747,0.0
ZFP36L2,0.10848322260206962,66.15483732417051,0.0
EXOSC10,0.10845827216409183,66.14946848491357,0.0
TMEM68,0.10841885559488444,66.14409964565661,0.0
RBM28,0.10838761069478202,66.13873080639966,0.0
FLT4,0.1083064126222136,66.1333619671427,0.0
RNF115,0.10813335066337873,66.12799312788576,0.0
QRICH2,0.10811196333218934,66.1226242886288,0.0
DLG5,0.1081075650734262,66.11725544937185,0.0
SLC8A1,0.10808589128121793,66.1118866101149,0.0
EPB41,0.10808278438561454,66.10651777085795,0.0
ARHGEF12,0.10802018595222987,66.10114893160099,0.0
MAPKAPK3,0.10796268109001464,66.09578009234404,0.0
RPL11,0.10768690730604454,66.09041125308708,0.0
POLR2G,0.10765945477706226,66.08504241383014,0.0
CD99,0.10765073998817316,66.07967357457318,0.0
STS,0.10764250271290669,66.07430473531622,0.0
STOML3,0.10758814237051917,66.06893589605927,0.0
SF3B5,0.10749487301170471,66.06356705680231,0.0
TUBA3C,0.10747345625304898,66.05819821754537,0.0
ANXA13,0.10745715330035426,66.05282937828841,0.0
EIF2S2,0.10741808243388143,66.04746053903146,0.0
LMF1,0.10741593575765628,66.0420916997745,1.0
CCAR2,0.1073983961130787,66.03672286051756,0.0
KPNA6,0.10738603988446407,66.0313540212606,0.0
GTF2I,0.10735324428052018,66.02598518200365,0.0
RNF219,0.10725050958955577,66.02061634274669,0.0
TNIP1,0.10724874225738323,66.01524750348975,0.0
TCP1,0.10724197855084468,66.00987866423279,0.0
ZNF239,0.10719984335355714,66.00450982497584,0.0
RPS25,0.10686065110504814,65.99914098571888,0.0
TEX2,0.10685614430349703,65.99377214646194,0.0
MEN1,0.10683249864782338,65.98840330720498,0.0
NCOA1,0.10662087932217175,65.98303446794803,0.0
ADO,0.10646877667958572,65.97766562869107,0.0
ATP13A2,0.1064330476379673,65.97229678943413,0.0
COMP,0.10637929731396381,65.96692795017717,0.0
CENPA,0.1063370057832436,65.96155911092022,0.0
RIPK4,0.10627259291383448,65.95619027166326,0.0
ALDH1L2,0.10626645261186055,65.95082143240631,0.0
RAB27B,0.10625779078529747,65.94545259314935,0.0
DPH2,0.10621593793179447,65.94008375389241,0.0
TMEM192,0.10613514188764898,65.93471491463545,0.0
TMEM14C,0.10610049834917812,65.9293460753785,0.0
NCKIPSD,0.10593640559662021,65.92397723612156,0.0
ABT1,0.10593300807640042,65.9186083968646,0.0
SLC37A3,0.10585661726484086,65.91323955760765,0.0
IRF1,0.10582790470981059,65.9078707183507,0.0
ABCE1,0.10581102715002458,65.90250187909375,0.0
GALNT1,0.10578972849343686,65.89713303983679,0.0
SOCS1,0.10577186412028897,65.89176420057984,0.0
LARP4,0.10573018847606655,65.88639536132288,0.0
CXCR4,0.1057220601673736,65.88102652206594,0.0
PAK1IP1,0.10570119063113255,65.87565768280898,0.0
YY1,0.10568944987265319,65.87028884355203,0.0
DOK1,0.10567008556298463,65.86492000429507,0.0
TNFRSF25,0.10559585446204778,65.85955116503813,0.0
KIF18B,0.10545029150449232,65.85418232578117,0.0
SLC25A24,0.10539855911574617,65.84881348652422,0.0
RNF4,0.10538435346216579,65.84344464726726,0.0
KCTD1,0.10534376040730535,65.83807580801032,0.0
FTSJ3,0.10515608059060026,65.83270696875336,0.0
FGD1,0.10515083079375646,65.82733812949641,0.0
ZNF292,0.10508249363321594,65.82196929023945,0.0
VARS2,0.10505666087202858,65.81660045098249,0.0
NAPB,0.1049372863111431,65.81123161172555,0.0
PRDX3,0.10493240033897414,65.80586277246859,0.0
CD97,0.10490139539179358,65.80049393321164,0.0
KIF1C,0.104885567780717,65.79512509395468,0.0
CD59,0.10477591036046704,65.78975625469774,0.0
ALS2CR12,0.10474627035318065,65.78438741544078,0.0
DPY19L1,0.10462900710883616,65.77901857618383,0.0
PSMB6,0.10445526395752554,65.77364973692687,0.0
LONP1,0.10438497272118172,65.76828089766992,0.0
TRIM32,0.10409266785593857,65.76291205841297,1.0
DDX47,0.10408511530333775,65.75754321915602,0.0
NR2C2AP,0.10398406164037155,65.75217437989906,0.0
EXOC3L4,0.10392784463346727,65.74680554064211,0.0
IFIT1B,0.10384146248277956,65.74143670138515,0.0
UBE2D3,0.10383259985983855,65.73606786212821,0.0
RAD51,0.10377778206251845,65.73069902287125,0.0
TUBB6,0.10375952864794413,65.7253301836143,0.0
XPO4,0.10372648663437015,65.71996134435734,0.0
RYR3,0.1036792701973586,65.7145925051004,0.0
ANKDD1A,0.10350905082048818,65.70922366584344,0.0
FKBP2,0.10337447481245654,65.7038548265865,0.0
GNAZ,0.1032862325247047,65.69848598732953,0.0
DCTN4,0.10321584104495174,65.69311714807259,0.0
PBDC1,0.10313264811175307,65.68774830881563,0.0
HIST1H2BK,0.10307117031959682,65.68237946955868,0.0
POU6F2,0.102914518915928,65.67701063030172,0.0
NEK2,0.1029017880750948,65.67164179104478,1.0
VRTN,0.10290165968296772,65.66627295178782,0.0
ACP1,0.10286538178913325,65.66090411253087,0.0
FBXO38,0.10283720782140067,65.65553527327391,0.0
NFATC2IP,0.10282826191082246,65.65016643401697,0.0
ALOX15,0.10281638514880029,65.64479759476002,0.0
PRSS35,0.10277026218502545,65.63942875550306,0.0
THAP11,0.10261092618379071,65.63405991624612,0.0
OR2AP1,0.10248894472099897,65.62869107698916,0.0
EIF4G1,0.10247279139537839,65.62332223773221,0.0
SEC24A,0.10247252652214955,65.61795339847525,0.0
BPIFB1,0.10245114432529631,65.6125845592183,0.0
UBA1,0.10244039455121834,65.60721571996135,0.0
SNAPIN,0.10241629548603393,65.6018468807044,0.0
NUDT8,0.10238042583366083,65.59647804144744,0.0
NR4A2,0.10236971375512997,65.5911092021905,0.0
GSK3B,0.10234331179686992,65.58574036293354,0.0
ZNF521,0.10231899472935264,65.58037152367659,0.0
SFXN5,0.10226221628775789,65.57500268441963,0.0
DNAJC9,0.10225349567404651,65.56963384516268,0.0
SLC6A19,0.1022241203215615,65.56426500590572,0.0
SLC25A4,0.10210762768475574,65.55889616664878,0.0
GRPEL2,0.10205472755966567,65.55352732739182,0.0
TRIM56,0.10200574795728361,65.54815848813487,0.0
NUP210L,0.10197812231479056,65.54278964887791,0.0
SETD1B,0.10178624597149795,65.53742080962095,0.0
DDX18,0.10157847848617296,65.53205197036401,0.0
HPGD,0.10154927199701373,65.52668313110705,0.0
TSNARE1,0.10154914674974665,65.5213142918501,0.0
AAR2,0.10152058623303181,65.51594545259314,0.0
OLA1,0.1014671851796038,65.5105766133362,0.0
CACNG6,0.1014300683806029,65.50520777407924,0.0
WSB2,0.10142351317425906,65.4998389348223,0.0
ETV3,0.10140829997588327,65.49447009556533,0.0
CPSF1,0.10135036908402706,65.48910125630839,0.0
MC2R,0.10128775339588343,65.48373241705143,0.0
SENP1,0.10128127579822041,65.47836357779448,0.0
RTCA,0.10125841800791631,65.47299473853752,0.0
MYOCD,0.10124591765126893,65.46762589928058,0.0
PIGQ,0.10120450756040138,65.46225706002362,0.0
TMEM109,0.10101481600358717,65.45688822076667,0.0
OAS1,0.10100493433793307,65.45151938150971,0.0
MTMR4,0.10099034796609865,65.44615054225277,0.0
CPNE3,0.10096301048850523,65.4407817029958,0.0
PNP,0.1009600454427956,65.43541286373886,0.0
AUP1,0.10094140637686781,65.4300440244819,0.0
KLHL40,0.10090982759433557,65.42467518522496,0.0
HOPX,0.1009039010580236,65.419306345968,0.0
ZMYND10,0.10084856162868587,65.41393750671105,0.0
FAM13B,0.10083319916150704,65.40856866745409,0.0
DOK4,0.10079490654386805,65.40319982819715,0.0
CFD,0.10065940870935738,65.39783098894019,0.0
HOXA4,0.10061087184145205,65.39246214968324,0.0
UQCC1,0.10059582115912533,65.38709331042628,0.0
PTPMT1,0.10058047548288611,65.38172447116933,0.0
PDCD6IP,0.10050200379028265,65.37635563191238,0.0
GOLGA3,0.10028202109098447,65.37098679265543,0.0
MRPS14,0.10024089618166476,65.36561795339848,0.0
KLHL26,0.10010523997997409,65.36024911414152,0.0
MOG,0.10009044262137783,65.35488027488458,0.0
CCDC8,0.10004211286549372,65.34951143562762,0.0
COG4,0.09998463586252396,65.34414259637067,0.0
FAR1,0.09995238580640778,65.33877375711371,0.0
POGLUT1,0.09991241778677333,65.33340491785677,0.0
FGF7,0.09987504906970687,65.32803607859981,0.0
MAVS,0.09985123911877622,65.32266723934286,0.0
TAF2,0.09976162619005287,65.3172984000859,0.0
NEK4,0.09975678686402174,65.31192956082896,0.0
UBE4A,0.099710823174085,65.306560721572,0.0
COX20,0.09966174978509967,65.30119188231505,1.0
AGO1,0.09964349622650485,65.29582304305809,0.0
THAP7,0.09963581935594926,65.29045420380115,0.0
INTS7,0.09958735093449779,65.28508536454419,0.0
HDLBP,0.09957542043577354,65.27971652528723,0.0
GPBP1,0.09956313878294078,65.27434768603028,0.0
INTS3,0.09955578701079887,65.26897884677332,0.0
TOX,0.09955251045850495,65.26361000751638,0.0
PEMT,0.0995104694148016,65.25824116825942,0.0
RAP1B,0.09944261970989729,65.25287232900247,0.0
TRMT5,0.09938759780723441,65.24750348974551,0.0
INTS12,0.0993393683861808,65.24213465048857,0.0
A2M,0.09923210892273852,65.2367658112316,0.0
IL20RA,0.09917924205295155,65.23139697197466,0.0
APEX1,0.09917763702419191,65.2260281327177,0.0
NCOA2,0.09915115652436217,65.22065929346076,0.0
HDDC2,0.09913863053002939,65.2152904542038,0.0
ALOX12,0.0991240612234969,65.20992161494685,0.0
PPARA,0.09910533099648139,65.20455277568989,0.0
PDYN,0.09908093215456766,65.19918393643295,0.0
CXCL10,0.09872091632697583,65.19381509717599,0.0
INHBE,0.09868623133324984,65.18844625791904,0.0
NSMCE1,0.09867782696103358,65.18307741866208,0.0
OR4C5,0.0986452435101384,65.17770857940513,0.0
CLCN6,0.09861641177996362,65.17233974014817,0.0
CD55,0.0985951013849343,65.16697090089123,0.0
ATAD2B,0.09835093564345607,65.16160206163427,0.0
FOXL1,0.09834475612102803,65.15623322237732,0.0
CACNB3,0.09826648589523043,65.15086438312036,0.0
TCF4,0.09821638022136733,65.14549554386342,0.0
TUBA1B,0.09816050613960473,65.14012670460646,0.0
CDH7,0.0981410139774736,65.13475786534951,0.0
CCDC108,0.09800912984203668,65.12938902609255,0.0
TMEFF2,0.09792405571418464,65.12402018683561,0.0
STARD3NL,0.09775702960606851,65.11865134757865,0.0
FAM210A,0.09774136641011241,65.1132825083217,0.0
STXBP1,0.09769380124620967,65.10791366906474,0.0
MAPK11,0.09761586566074079,65.1025448298078,0.0
RFC5,0.09757091974109408,65.09717599055084,0.0
RAVER1,0.09754436330823348,65.09180715129389,0.0
NKX3-1,0.09742255250856645,65.08643831203695,0.0
AGXT,0.0973729005474324,65.08106947277999,1.0
SH3GLB2,0.09718675263832674,65.07570063352304,0.0
DCAF6,0.09718142642861058,65.07033179426608,0.0
SPP1,0.09715589177680828,65.06496295500914,0.0
ENY2,0.09694510666039968,65.05959411575218,0.0
TEX10,0.09689115056047323,65.05422527649523,0.0
DCTD,0.0968746040882861,65.04885643723827,0.0
NR2C1,0.09684388012790798,65.04348759798133,0.0
ZNF557,0.09675577888802266,65.03811875872437,0.0
HELLS,0.0967251472353542,65.03274991946742,0.0
APH1A,0.09664246657794644,65.02738108021046,0.0
ARHGEF10,0.0966183236547122,65.02201224095352,0.0
SNRPD3,0.096599212903097,65.01664340169656,0.0
TRPM4,0.09644360560538698,65.01127456243961,0.0
ZNF644,0.09628142674565147,65.00590572318265,0.0
AP4M1,0.09628051000636043,65.00053688392569,0.0
AGER,0.09627152293746895,64.99516804466874,0.0
CRELD2,0.09625069237761522,64.98979920541179,0.0
TOP3B,0.09620923084903474,64.98443036615484,0.0
CNTD1,0.09619715855526942,64.97906152689788,0.0
NADK,0.09610872059969816,64.97369268764092,0.0
OSBPL3,0.09603373342911456,64.96832384838397,0.0
IGFBP2,0.09601211085765182,64.96295500912701,0.0
CSMD1,0.09600735671273615,64.95758616987007,0.0
C1QTNF5,0.09598359311040858,64.95221733061312,1.0
CREB3L3,0.09597202437847274,64.94684849135616,0.0
HOXC8,0.09580432411268888,64.94147965209922,0.0
MPP2,0.09579869005697353,64.93611081284226,0.0
GJA4,0.09579150358844968,64.93074197358531,0.0
CLEC7A,0.0957145253915589,64.92537313432835,0.0
ARFGAP3,0.09556864377947204,64.92000429507141,0.0
ZNF423,0.09551946655052773,64.91463545581445,1.0
FBN3,0.09539871431517108,64.9092666165575,0.0
ZDHHC6,0.09533593963171937,64.90389777730054,0.0
HMGN3,0.095284213307612,64.8985289380436,0.0
CARM1,0.09522270728246231,64.89316009878664,0.0
HPX,0.09520593349529564,64.88779125952969,0.0
GNPNAT1,0.09518041883629508,64.88242242027273,0.0
POLR3K,0.09513704154871405,64.87705358101579,0.0
SYNPO2,0.09508096142497759,64.87168474175883,0.0
TLCD1,0.09503514353731199,64.86631590250188,0.0
TERT,0.09490193108260689,64.86094706324492,0.0
SSTR3,0.0948511706311165,64.85557822398798,0.0
TMEM65,0.09484971453550683,64.85020938473102,0.0
CHD3,0.09483927782908594,64.84484054547407,0.0
RHOBTB2,0.09482266815050204,64.83947170621711,0.0
STAU1,0.09464051663431128,64.83410286696017,0.0
DKK2,0.09462135147556534,64.8287340277032,0.0
CHORDC1,0.09458881652744801,64.82336518844626,0.0
COA3,0.09458671075776885,64.81799634918931,0.0
PARVA,0.09449507642776886,64.81262750993235,0.0
BCL2L2,0.09444739168770443,64.80725867067541,0.0
CLDN18,0.09434071053748422,64.80188983141845,0.0
CLDN5,0.09433886976406342,64.7965209921615,0.0
TMEM205,0.09432743389738038,64.79115215290454,0.0
MXRA5,0.09431388617426739,64.7857833136476,0.0
CYP3A7,0.09430282578195057,64.78041447439064,0.0
EPS15,0.09404854374450586,64.7750456351337,0.0
CCDC150,0.0940177500430685,64.76967679587673,0.0
SMDT1,0.09397986909609732,64.76430795661979,0.0
DBX1,0.09391094024574943,64.75893911736283,0.0
MGRN1,0.09387426248719594,64.75357027810588,0.0
CASC5,0.09385364247712483,64.74820143884892,0.0
CCDC151,0.09376301750148028,64.74283259959196,0.0
ANKHD1,0.0935989770085188,64.73746376033502,0.0
UGT8,0.09354548952057154,64.73209492107806,0.0
NUP43,0.09351149927256198,64.72672608182111,0.0
COL27A1,0.09340973575953117,64.72135724256415,0.0
MED30,0.09333319942230453,64.71598840330721,0.0
PDCD6,0.09329506537837187,64.71061956405025,0.0
SYT10,0.09328079869142822,64.7052507247933,0.0
IL4R,0.09321471957567078,64.69988188553634,0.0
ILVBL,0.09316574849161183,64.69451304627938,0.0
TFPI,0.09301118324120325,64.68914420702244,0.0
RALGAPA1,0.09296554037235785,64.68377536776548,0.0
CDC27,0.09289684642202192,64.67840652850853,0.0
ALDH1B1,0.09279338672210505,64.67303768925159,0.0
OR2AJ1,0.09272591375408556,64.66766884999463,0.0
LANCL2,0.09266076782955493,64.66230001073768,0.0
KCNN2,0.09261974507268869,64.65693117148072,0.0
SLC35A1,0.09261383227911993,64.65156233222378,0.0
UTP3,0.09261333067818014,64.64619349296682,0.0
SP100,0.09248016607193044,64.64082465370987,0.0
CLCNKA,0.09246911025581817,64.63545581445291,0.0
GSDMD,0.09240375669641272,64.63008697519597,0.0
TOP2A,0.09234945528097369,64.624718135939,0.0
RRAS,0.09231779370474957,64.61934929668206,0.0
TRAF5,0.09221697601994286,64.6139804574251,0.0
DDX28,0.09221560104166734,64.60861161816815,0.0
EDN3,0.0921780004988848,64.6032427789112,0.0
TNFRSF4,0.09216074981365188,64.59787393965425,0.0
DZANK1,0.09185528964110415,64.59250510039729,0.0
NCL,0.091783803414859,64.58713626114034,0.0
TBX22,0.09162220279269874,64.58176742188338,1.0
ACOT13,0.09159686574268942,64.57639858262644,0.0
ZAN,0.09156153694471325,64.57102974336948,0.0
POLR3E,0.09150248257312472,64.56566090411253,0.0
TTK,0.091486275340417,64.56029206485557,0.0
EARS2,0.09143103688795574,64.55492322559863,0.0
CHPF,0.09142769979288336,64.54955438634167,0.0
PTPN6,0.09135418092619992,64.54418554708472,0.0
ARFGAP1,0.09125521971693863,64.53881670782778,0.0
SPOPL,0.09123563670525282,64.53344786857082,0.0
MRE11A,0.09121569719631713,64.52807902931387,0.0
VAMP5,0.09121524432770335,64.52271019005691,0.0
CUTC,0.09121150315555468,64.51734135079997,0.0
SLC26A11,0.09112400378583625,64.51197251154301,0.0
SLC36A1,0.09105936564649719,64.50660367228606,0.0
PHF3,0.09094464386149366,64.5012348330291,0.0
EIF2AK2,0.09093172114452239,64.49586599377216,0.0
PHF20,0.09091219704315232,64.4904971545152,0.0
RPA1,0.09089169779086603,64.48512831525825,0.0
MRGPRX1,0.0908563499325067,64.47975947600129,0.0
OR8G1,0.09083051786349647,64.47439063674435,0.0
ST8SIA2,0.09081011801265623,64.46902179748739,0.0
RASIP1,0.0907178001739269,64.46365295823043,0.0
NR2C2,0.09071677444786427,64.45828411897348,0.0
ACOT4,0.09061158223967798,64.45291527971652,0.0
CINP,0.09053598185410335,64.44754644045958,0.0
C7,0.09048514619587236,64.44217760120262,0.0
PYCR2,0.09041223631364721,64.43680876194566,0.0
OR2T29,0.09039435496022984,64.43143992268871,0.0
RPL5,0.09028557982957278,64.42607108343175,0.0
RPL29,0.0902379981343911,64.4207022441748,0.0
TECTA,0.09001442039712873,64.41533340491785,0.0
EIF3D,0.08999633607439485,64.4099645656609,0.0
ZNF706,0.08987317807041358,64.40459572640394,0.0
REPS2,0.08983305806730431,64.399226887147,0.0
TWIST2,0.08982959635561556,64.39385804789005,0.0
NPPC,0.08981665639854156,64.38848920863309,0.0
PTPRT,0.08952434515865916,64.38312036937614,0.0
DDX19A,0.08950082883355956,64.37775153011918,0.0
HRAS,0.08946087591122988,64.37238269086224,0.0
FCN3,0.0894532851164411,64.36701385160528,0.0
SEMA3C,0.08931124270827548,64.36164501234833,0.0
KRT75,0.08927207975940929,64.35627617309137,0.0
GIT1,0.08920901852393354,64.35090733383443,0.0
BDKRB2,0.08919773014259548,64.34553849457747,0.0
SOD3,0.0891756477899695,64.34016965532052,0.0
RPS14,0.0891459018703491,64.33480081606356,0.0
GIMAP5,0.08905402616472849,64.32943197680662,0.0
KREMEN2,0.08891554190929865,64.32406313754966,0.0
PKP4,0.08889922200430603,64.31869429829271,0.0
ARIH2,0.08887974481931456,64.31332545903575,0.0
TSPAN10,0.08887971884060251,64.3079566197788,0.0
NAGPA,0.08885974224428546,64.30258778052185,0.0
OR4F17,0.08884377244206004,64.2972189412649,0.0
MRPL23,0.0888367195545906,64.29185010200794,0.0
MVD,0.08866936835020284,64.286481262751,0.0
FBXO27,0.08860415511391861,64.28111242349404,0.0
TAF1,0.08859293230736404,64.27574358423709,0.0
G6PC,0.08855664715312288,64.27037474498013,1.0
PNO1,0.08855460121383393,64.26500590572319,0.0
EDEM3,0.08848113448098463,64.25963706646624,0.0
CATSPERG,0.08844898375339735,64.25426822720928,0.0
CYP3A5,0.0883932930170295,64.24889938795233,0.0
BRPF1,0.08832117583515903,64.24353054869538,0.0
PKN3,0.08827813199505041,64.23816170943843,0.0
KIAA1161,0.08823806157578087,64.23279287018147,0.0
HCCS,0.08822922002768198,64.22742403092452,1.0
TYSND1,0.08817204616663787,64.22205519166756,0.0
CCL3,0.08816974306050293,64.21668635241062,0.0
OR2A1,0.0881106276908005,64.21131751315366,0.0
NADK2,0.08807125372528558,64.2059486738967,0.0
ACVR1C,0.08805185118047917,64.20057983463975,0.0
MYO5C,0.0880091281599105,64.1952109953828,0.0
ZNF467,0.08799844230267345,64.18984215612585,0.0
PGK2,0.08797124795336772,64.18447331686889,0.0
MAPKBP1,0.08768316223975516,64.17910447761194,0.0
KRT28,0.08763619208853277,64.17373563835498,0.0
ARID4A,0.08761952881680293,64.16836679909804,0.0
UBTF,0.08758588558001455,64.16299795984108,0.0
TMEM98,0.08756922340766365,64.15762912058412,0.0
PIK3CB,0.08754552005561414,64.15226028132717,0.0
DDX46,0.0875095118817271,64.14689144207021,0.0
KIAA1324,0.08750451064932843,64.14152260281327,0.0
PKHD1L1,0.08743611079748688,64.13615376355631,0.0
FBXO43,0.08741630746685179,64.13078492429936,0.0
SUCO,0.08738872149362545,64.12541608504242,0.0
PYROXD1,0.08729547813472711,64.12004724578546,0.0
JPH4,0.08722371971825804,64.11467840652851,0.0
SNAPC3,0.08708254505451592,64.10930956727155,0.0
YEATS4,0.08707846452774584,64.1039407280146,0.0
DDX50,0.08706383763752279,64.09857188875765,0.0
GRIA2,0.08705869357198517,64.0932030495007,0.0
MAP6,0.08705272677288797,64.08783421024374,0.0
BRDT,0.08702406553276136,64.0824653709868,0.0
ABI1,0.08697045803604761,64.07709653172984,0.0
ARC,0.08696261772945059,64.07172769247289,0.0
ATP1A4,0.08695433171623468,64.06635885321593,0.0
LAMTOR2,0.08689452764654129,64.06099001395899,0.0
KIAA1549L,0.08684264907198777,64.05562117470203,0.0
DGCR6L,0.08676962797209045,64.05025233544508,0.0
RASL10B,0.08676287316014572,64.04488349618812,0.0
AP1B1,0.0867363110414882,64.03951465693117,0.0
GRHPR,0.08672544615241755,64.03414581767422,0.0
RANBP9,0.08667115550245078,64.02877697841727,0.0
LPAR4,0.08658131584580728,64.02340813916031,0.0
GAMT,0.08649709230865776,64.01803929990336,0.0
LSM7,0.08646951251332077,64.0126704606464,0.0
PGBD3,0.08642339951132338,64.00730162138946,0.0
UPK2,0.08641949214420125,64.0019327821325,0.0
FGF13,0.08636049290692079,63.996563942875554,0.0
TIPARP,0.08622545190206629,63.991195103618594,0.0
PRPF4B,0.08621818902629597,63.98582626436165,0.0
ST6GALNAC4,0.0861196783236959,63.980457425104696,0.0
ARHGAP11A,0.08600069637019138,63.975088585847736,0.0
SFRP5,0.08598047983696278,63.96971974659079,0.0
PTGES3,0.08591163541517405,63.96435090733383,0.0
CPA2,0.0858706373638258,63.958982068076885,0.0
INPP5F,0.08584680474951764,63.953613228819925,0.0
FUT8,0.08578883838048372,63.94824438956298,0.0
CCDC82,0.08572817346206454,63.94287555030602,0.0
CHRNE,0.08567100418989163,63.937506711049075,0.0
IAPP,0.08561573821307902,63.932137871792115,0.0
WEE1,0.08557048810895979,63.92676903253517,0.0
SEC11A,0.08556758616934468,63.92140019327821,0.0
SETDB2,0.08556114867300921,63.916031354021264,0.0
NLRP1,0.0854876126357343,63.910662514764304,0.0
GTPBP2,0.0854525050431856,63.90529367550736,0.0
MPP1,0.08536819426871228,63.8999248362504,0.0
PTCD2,0.08534381695520374,63.894555996993454,0.0
MXI1,0.08526736840728186,63.889187157736494,0.0
CCDC138,0.08525247708704997,63.88381831847955,0.0
HNMT,0.08523845630956192,63.87844947922259,0.0
PSMD10,0.08523168904972876,63.87308063996564,0.0
NAMPT,0.08510344843454642,63.86771180070868,0.0
U2AF1L4,0.0850480015793484,63.86234296145174,0.0
PIGB,0.0850384899918505,63.85697412219478,0.0
LTA4H,0.08500077582733538,63.851605282937825,0.0
CNIH4,0.08499692072600347,63.84623644368088,0.0
SCN4A,0.08493103118017789,63.84086760442392,0.0
RSBN1,0.08491917045044087,63.835498765166975,0.0
ATG13,0.08491557351087939,63.830129925910015,0.0
SF1,0.08486581056728018,63.82476108665307,0.0
TRIM33,0.08484545169912425,63.81939224739611,0.0
SOX5,0.08484364732366384,63.814023408139164,0.0
GLT8D1,0.08482480781914031,63.808654568882204,0.0
MYO9B,0.08479116141685798,63.80328572962526,0.0
SFR1,0.08473715411108836,63.7979168903683,0.0
KRT78,0.08460272946468454,63.79254805111135,0.0
MID1,0.08459244452525991,63.787179211854394,0.0
GDAP1,0.08456120917352242,63.78181037259745,0.0
TTLL6,0.08453181942351386,63.77644153334049,0.0
WNT16,0.08449904465337611,63.77107269408354,0.0
GCG,0.08449098353230089,63.76570385482658,0.0
RUNX1,0.08441143742586857,63.76033501556964,0.0
RNF17,0.08439875799765009,63.75496617631268,0.0
TMED1,0.08434452487254647,63.74959733705573,0.0
TGFA,0.08417130876086015,63.74422849779877,0.0
EIF1,0.08411556889880473,63.73885965854183,0.0
FER,0.08409700966367775,63.73349081928487,0.0
TNFSF10,0.08405565848892577,63.72812198002792,0.0
SPRYD3,0.08394993593108138,63.72275314077096,0.0
ATP5A1,0.08389212707014523,63.717384301514016,0.0
MAGEA1,0.08387269931407569,63.71201546225706,0.0
RNF216,0.08384764310419442,63.706646623000104,1.0
MTHFSD,0.08384245752774568,63.70127778374316,0.0
LOXL4,0.08367427615839437,63.6959089444862,0.0
RPL13A,0.08352036306679277,63.69054010522925,0.0
RNF113A,0.08343756386947643,63.68517126597229,1.0
TMEM126A,0.08334248456176971,63.67980242671535,0.0
SLC16A14,0.08333987801277368,63.67443358745839,0.0
PRSS1,0.08333903896143081,63.66906474820144,0.0
GADD45GIP1,0.08333493548924695,63.66369590894448,0.0
PNMAL1,0.08332985414343834,63.65832706968754,0.0
MCM8,0.0832920013316425,63.65295823043058,0.0
ZBTB17,0.08329093091931307,63.64758939117363,0.0
ZC3H4,0.08314590989270078,63.64222055191667,0.0
MEST,0.08308698053156194,63.63685171265973,0.0
C5orf30,0.08306266887091177,63.63148287340277,0.0
GOLGA2,0.0830273461739071,63.62611403414582,0.0
PFDN6,0.08292847051443705,63.62074519488886,0.0
TBRG1,0.082898093492897,63.615376355631916,0.0
CHURC1,0.08285769371282173,63.61000751637496,0.0
CUL4A,0.08284647625155281,63.60463867711801,0.0
EIF2D,0.08282337044656457,63.59926983786105,0.0
SPTLC3,0.08280210152366968,63.593900998604106,0.0
PA2G4,0.08269641530339492,63.588532159347146,0.0
PEF1,0.08266332811862778,63.58316332009019,0.0
PTPN9,0.08262693828068099,63.57779448083324,0.0
SCAF8,0.08255002854563036,63.57242564157629,0.0
SMAD5,0.08249233733955977,63.56705680231934,0.0
IRAK3,0.08248961918844182,63.56168796306238,0.0
RFC3,0.08244787573579042,63.55631912380544,0.0
BACE1,0.08240850077917893,63.55095028454848,0.0
ZBTB7A,0.08238744289958988,63.54558144529153,0.0
RSF1,0.0823580647778289,63.54021260603457,0.0
ZSWIM5,0.08235544695762105,63.53484376677763,0.0
ESYT3,0.08229569818478229,63.52947492752067,0.0
GRIK1,0.0822031695294169,63.52410608826372,0.0
PRDX4,0.08209141572859482,63.51873724900676,0.0
CTTNBP2,0.08207579440892424,63.513368409749816,0.0
GSAP,0.08206949584606502,63.507999570492856,0.0
MTFMT,0.08202587067458912,63.50263073123591,1.0
POMC,0.08197862204467446,63.49726189197895,0.0
HAVCR2,0.0818456319592488,63.491893052722006,0.0
COPZ2,0.08184382099157912,63.486524213465046,0.0
BECN1,0.08178024866915395,63.4811553742081,0.0
PLSCR2,0.08171953565758813,63.47578653495114,0.0
RGS16,0.0816131131106836,63.470417695694195,0.0
MON2,0.08159772075633624,63.465048856437235,0.0
NAB2,0.08150677516389253,63.45968001718029,0.0
INCENP,0.08150366606666977,63.45431117792333,0.0
EIF4A2,0.08148739823282666,63.448942338666384,0.0
PPP3R1,0.08142153333869748,63.443573499409425,0.0
SORL1,0.08134112137695486,63.43820466015247,0.0
D2HGDH,0.08126604225769223,63.43283582089553,0.0
ATP6V1C2,0.08123788977363981,63.42746698163857,0.0
B3GNT5,0.08109530340732522,63.42209814238162,0.0
PIGL,0.08104835992967979,63.41672930312466,1.0
ANKRD16,0.08099403556158578,63.411360463867716,0.0
ANKRD2,0.08097547374824071,63.405991624610756,0.0
RBM8A,0.0809742515980959,63.40062278535381,0.0
HOXD1,0.080914736624341,63.39525394609685,0.0
EPC1,0.0808900558152131,63.389885106839905,0.0
MEPCE,0.08080590738391777,63.384516267582946,0.0
LIN7B,0.08068506697749334,63.379147428326,0.0
PDCL2,0.08064744453816251,63.37377858906904,0.0
TRIP4,0.08061609422854335,63.368409749812095,0.0
YKT6,0.08061166364817558,63.363040910555135,0.0
ISOC2,0.0806001217088537,63.35767207129819,0.0
BTN3A1,0.08059379342544529,63.35230323204123,0.0
HRH1,0.08057028222178234,63.346934392784284,0.0
GJB5,0.08054064664982086,63.341565553527325,0.0
PRKACG,0.08050124982806944,63.33619671427038,0.0
RASAL2,0.08046384660770109,63.33082787501342,0.0
YAF2,0.0804526112831273,63.325459035756474,0.0
SYP,0.08040974292586354,63.320090196499514,0.0
ARTN,0.08032955994677174,63.31472135724256,0.0
NSUN5,0.08026153839665098,63.30935251798561,0.0
AGAP2,0.08024232682981927,63.303983678728656,0.0
LYN,0.08021098206068253,63.2986148394717,0.0
LMCD1,0.0801902618835395,63.29324600021475,0.0
NR3C1,0.08017814305191547,63.287877160957805,0.0
CHD5,0.08015779797051695,63.282508321700845,0.0
PEA15,0.08014813377811593,63.2771394824439,0.0
CYTIP,0.08012204409727201,63.27177064318694,0.0
CHST3,0.07974239491617395,63.266401803929995,0.0
USP30,0.07973009206948968,63.261032964673035,0.0
ADCK3,0.07973007054669265,63.25566412541609,0.0
RAPGEF4,0.07964439773966094,63.25029528615913,0.0
CTNND2,0.07960239162397129,63.244926446902184,0.0
NAA50,0.07959767391004992,63.239557607645224,0.0
CDRT15,0.0795860918238584,63.23418876838828,0.0
HNRNPA1,0.07955496206896749,63.22881992913132,0.0
TAF6L,0.07955492108440874,63.223451089874374,0.0
TBC1D19,0.0795299563264153,63.218082250617414,0.0
HECTD3,0.07951735472132633,63.21271341136047,0.0
TNFRSF10C,0.07940649364133143,63.20734457210351,0.0
KRT73,0.07939610720064663,63.20197573284656,0.0
VPRBP,0.0793678863980643,63.1966068935896,0.0
ELOF1,0.07935753925386858,63.19123805433266,0.0
KIF11,0.07930030298590747,63.1858692150757,1.0
DDX21,0.07928997919629963,63.18050037581875,0.0
LIPT1,0.07922011732712629,63.17513153656179,1.0
CCDC13,0.07919233374227805,63.16976269730484,0.0
SF3B3,0.07900992788651287,63.16439385804789,0.0
ZNF790,0.07900792392981208,63.159025018790935,0.0
SPIC,0.07893073728480078,63.15365617953399,0.0
ZNHIT1,0.07887536447458139,63.14828734027703,0.0
ZFPL1,0.07877705482712949,63.142918501020084,0.0
RTCB,0.07876045962621206,63.137549661763124,0.0
NAV1,0.07861613747473188,63.13218082250618,0.0
RANBP3,0.07831800635984833,63.12681198324922,0.0
RBM3,0.07830631894870317,63.12144314399227,0.0
ZCCHC14,0.078248920646915,63.116074304735314,0.0
CNOT4,0.07819678481939081,63.11070546547837,0.0
RPS6KA3,0.07806484069574006,63.10533662622141,0.0
SHISA2,0.07798958228150832,63.09996778696446,0.0
YEATS2,0.07798075909769674,63.0945989477075,0.0
H1F0,0.07792510827134559,63.08923010845056,0.0
MCAM,0.0778923994815254,63.0838612691936,0.0
OSBPL11,0.07788626630792093,63.07849242993665,0.0
HMX1,0.077795964326785,63.07312359067969,0.0
IL9,0.07778943999065736,63.06775475142275,0.0
MFAP5,0.07777847059058327,63.06238591216579,0.0
UHRF1BP1,0.07770846585747612,63.05701707290884,0.0
EIF3B,0.07767517819355202,63.05164823365188,0.0
TMEM161A,0.07763370601808117,63.04627939439493,0.0
PCBP3,0.07758845555280314,63.04091055513798,0.0
THYN1,0.07758515071695433,63.035541715881024,0.0
DLGAP4,0.07754569397847824,63.03017287662407,0.0
SBNO2,0.07750346259109399,63.02480403736712,0.0
CELF1,0.07748254516658779,63.019435198110166,0.0
OR11H1,0.07747929744617413,63.01406635885321,0.0
CYP11B2,0.07746142072173803,63.00869751959627,0.0
VSNL1,0.07745427932170096,63.00332868033931,0.0
SNX4,0.0774216239347749,62.99795984108236,0.0
CD209,0.07741232189424789,62.9925910018254,0.0
RPS16,0.07730393629048786,62.98722216256846,0.0
ANGPT4,0.07727314031508202,62.9818533233115,0.0
PRKAG1,0.07723883157539027,62.97648448405455,0.0
CHMP1B,0.07721230943534421,62.97111564479759,0.0
NR1H2,0.07715328731702985,62.96574680554065,0.0
GALNT15,0.07711067856339286,62.96037796628369,0.0
SPIRE1,0.07709745921015242,62.95500912702674,0.0
ITK,0.07706348877298175,62.94964028776978,0.0
HOXB8,0.07699628374449063,62.944271448512836,0.0
KCTD20,0.07698329072178015,62.93890260925588,0.0
PHYHD1,0.07687659778349222,62.93353376999893,0.0
INPP4A,0.07687170217731379,62.92816493074197,0.0
TDRD9,0.07680679192226869,62.922796091485026,0.0
RABGAP1,0.0767208103611094,62.917427252228066,0.0
CDK12,0.07667788475991241,62.91205841297112,0.0
SPHK1,0.07661678459085239,62.90668957371416,0.0
TAS2R46,0.07651724205328395,62.90132073445721,0.0
FAM168B,0.07640837108258004,62.895951895200255,0.0
DCXR,0.07637756232391016,62.8905830559433,0.0
GLP2R,0.07634174720769074,62.88521421668635,0.0
ARMC7,0.07630822438963472,62.8798453774294,0.0
RPL6,0.07630021024884649,62.87447653817245,0.0
TMEM25,0.07622932829444325,62.86910769891549,0.0
OTUD4,0.07620518726829044,62.86373885965855,0.0
ATOH8,0.0761785151271756,62.85837002040159,0.0
FADS2,0.07612236958719652,62.85300118114464,0.0
ZFYVE16,0.07604503413516363,62.84763234188768,0.0
PTGDS,0.07600455352342873,62.842263502630736,0.0
PDHB,0.07599018047674586,62.836894663373776,0.0
ATP6V0A2,0.07593113322037774,62.83152582411683,1.0
SRP68,0.07586401961258052,62.82615698485987,0.0
GAK,0.07586289761485163,62.820788145602926,0.0
TECRL,0.07585631089680381,62.815419306345966,0.0
CCKBR,0.0758264379541426,62.81005046708902,0.0
GTF2H1,0.07581801396733581,62.80468162783206,0.0
PIGC,0.07575020948135704,62.799312788575115,0.0
KCNAB1,0.07557733093117129,62.793943949318155,0.0
RAN,0.07549675106277072,62.78857511006121,0.0
CELF6,0.07534842151271906,62.78320627080425,0.0
PRSS23,0.07531631600768562,62.7778374315473,0.0
AKAP4,0.07527879226436071,62.772468592290345,0.0
FBL,0.07526912205020915,62.76709975303339,0.0
P4HA1,0.07523551067399115,62.76173091377644,0.0
C15orf41,0.07522253536465648,62.75636207451949,0.0
CHST10,0.07508920143735612,62.750993235262534,0.0
SCAMP3,0.07508455415023348,62.74562439600558,0.0
SLN,0.07508177492972908,62.740255556748636,0.0
TBC1D21,0.07506046151902145,62.734886717491676,0.0
DDX17,0.0750058646416089,62.72951787823473,0.0
DPY19L2,0.07493681350066513,62.72414903897777,0.0
ACSBG1,0.07492944672441085,62.718780199720825,0.0
WNT10A,0.07490452947331613,62.713411360463866,0.0
UNKL,0.074900760217318,62.70804252120692,0.0
CHN2,0.07480955053576371,62.70267368194996,0.0
STYXL1,0.07479508768056795,62.697304842693015,0.0
KIR2DL4,0.07475178539247901,62.691936003436055,0.0
DUS1L,0.07473949519715001,62.68656716417911,0.0
KAT5,0.07465286044126095,62.68119832492215,0.0
NSUN4,0.07463236215896182,62.675829485665204,0.0
CLEC1B,0.07462094490312439,62.670460646408245,0.0
TSGA10,0.0745700624841218,62.6650918071513,0.0
TBC1D17,0.0745600193237313,62.65972296789434,0.0
STX18,0.074474064224944,62.654354128637394,0.0
RIMS2,0.07446426280572202,62.648985289380434,0.0
SAT2,0.07439374655987033,62.64361645012349,0.0
EEF1A1,0.07430842557157705,62.63824761086653,0.0
HLA-DRB5,0.07427719599282331,62.632878771609576,0.0
ALAD,0.07427621517790912,62.62750993235262,0.0
ZNF174,0.07423674320396904,62.62214109309567,0.0
ADAMTS20,0.07421783326094292,62.61677225383872,0.0
INTS2,0.07419969988931996,62.611403414581766,0.0
UBE3A,0.07419799891616098,62.60603457532481,0.0
GAS2L1,0.0741876924812345,62.60066573606786,0.0
ZNF276,0.07416815373896553,62.595296896810915,0.0
CACNA2D2,0.07411923452366813,62.589928057553955,0.0
QARS,0.07410586899499642,62.58455921829701,0.0
CD274,0.07404060666441296,62.57919037904005,0.0
DOHH,0.0739991085006198,62.573821539783104,0.0
GPN1,0.07398311778506994,62.568452700526144,0.0
KIAA1524,0.0739486830573586,62.5630838612692,0.0
GOLT1B,0.07392688432137237,62.55771502201224,0.0
SCAP,0.07391980913908487,62.552346182755294,0.0
COQ5,0.07389237282938849,62.546977343498334,0.0
SH2B3,0.0738377112331601,62.54160850424139,0.0
ATP9A,0.07373678478258325,62.53623966498443,0.0
NME6,0.07372527866042264,62.53087082572748,0.0
NEBL,0.07369039014521124,62.52550198647052,0.0
KLK8,0.07360617823587126,62.52013314721358,0.0
RASGRF2,0.07360222415239358,62.51476430795662,0.0
CPEB2,0.07356928386295311,62.509395468699665,0.0
SPTY2D1,0.07355556801450795,62.50402662944271,0.0
TMPRSS2,0.07346503009132653,62.49865779018576,0.0
GYLTL1B,0.07343549933945724,62.49328895092881,0.0
AGAP3,0.07341549205928297,62.487920111671855,0.0
PRKCG,0.07341488616507805,62.4825512724149,0.0
TACR1,0.07337487257555411,62.47718243315795,0.0
TRMT13,0.07326150146167529,62.47181359390099,0.0
BAALC,0.07320982522158524,62.466444754644044,0.0
LGR6,0.07319428805403441,62.4610759153871,0.0
SCN4B,0.07314383471967792,62.45570707613014,0.0
MRPL14,0.07309300538810694,62.45033823687319,0.0
GRIA3,0.07303505806828456,62.444969397616234,0.0
NAP1L1,0.07302222809572326,62.43960055835929,0.0
LYZL1,0.0729118817775905,62.43423171910233,0.0
RRM2,0.07287811476754157,62.42886287984538,0.0
TEKT2,0.07275278548857708,62.42349404058842,0.0
FCAMR,0.07274585930470043,62.41812520133148,0.0
MYL4,0.07255013425816448,62.41275636207452,0.0
LMNB1,0.072541665724729,62.40738752281757,0.0
CIITA,0.07243817862285815,62.40201868356061,0.0
ADAP2,0.0723857913260387,62.39664984430367,0.0
SRR,0.07238334272233263,62.39128100504671,0.0
GIT2,0.07237021382436976,62.38591216578976,0.0
BHMT,0.07236602436594389,62.3805433265328,0.0
CCDC25,0.07232105783301321,62.37517448727586,0.0
IRX3,0.0723005928477557,62.3698056480189,0.0
MCM4,0.07225742841246198,62.364436808761944,0.0
CCNE2,0.07217966506679874,62.35906796950499,0.0
TSPAN18,0.07217186947028893,62.35369913024804,0.0
MAP1LC3B2,0.07217091846555847,62.348330290991086,0.0
CAPN3,0.07216744015053488,62.34296145173413,0.0
C10orf55,0.0721667152306371,62.33759261247718,0.0
SRM,0.07212547154180918,62.33222377322023,0.0
ING5,0.07208738042730474,62.32685493396328,0.0
LMBRD2,0.07207198972619192,62.32148609470632,0.0
HSF2,0.07206037198686978,62.31611725544938,0.0
AQP2,0.07206035603336168,62.31074841619242,0.0
POLR2B,0.07204559352540743,62.30537957693547,0.0
SCML2,0.07203850567320164,62.30001073767851,0.0
ARHGAP32,0.07203762451158525,62.29464189842157,0.0
LIN28B,0.0720360446150203,62.28927305916461,0.0
RRP1B,0.07198184040755791,62.28390421990766,0.0
SMUG1,0.07196479202423178,62.2785353806507,0.0
EVX1,0.07195344892076802,62.273166541393756,0.0
ERVFRD-1,0.07193946775304512,62.2677977021368,0.0
NFYA,0.07190529247502006,62.26242886287985,0.0
KBTBD4,0.07189793425309275,62.25706002362289,0.0
ELF3,0.07186824719145693,62.251691184365946,0.0
MRPL11,0.07183513139720014,62.246322345108986,0.0
CAP1,0.07182156116905405,62.24095350585203,0.0
UBE2Q1,0.07170571401746903,62.23558466659508,0.0
UGGT2,0.07167987434564557,62.23021582733813,0.0
ULK3,0.07165194384849147,62.224846988081175,0.0
ATHL1,0.07160998686702745,62.21947814882422,0.0
NAPSA,0.07156143577030116,62.21410930956727,0.0
EDEM1,0.07148435135717154,62.20874047031032,0.0
NECAP2,0.07146778828680136,62.20337163105336,0.0
HIST1H4G,0.07135553276692104,62.19800279179641,0.0
VAC14,0.07133360900876959,62.19263395253945,0.0
CNPY2,0.0712123972498394,62.18726511328251,0.0
RPL36A,0.07117041069122136,62.18189627402556,0.0
FAM83B,0.07116698244409979,62.1765274347686,0.0
TM9SF2,0.07109987991025093,62.171158595511656,0.0
RILPL2,0.07109921922105902,62.165789756254696,0.0
SYPL2,0.07097791931728531,62.16042091699775,0.0
MEMO1,0.07097673879687708,62.15505207774079,0.0
ISYNA1,0.07093467786836685,62.149683238483846,0.0
KCNH3,0.07092964615907428,62.144314399226886,0.0
COMMD4,0.07089666011043086,62.13894555996994,0.0
ZSCAN4,0.07084860353282744,62.13357672071298,0.0
MYOD1,0.07083929863005345,62.128207881456035,0.0
APOC2,0.07075671139567385,62.122839042199075,1.0
ADCY6,0.07073558503242913,62.11747020294213,0.0
CCT8,0.07073012952149216,62.11210136368517,0.0
MZT1,0.07072955848861309,62.106732524428224,0.0
HDHD2,0.07069678760334926,62.101363685171265,0.0
MTG2,0.07066980377832097,62.09599484591431,0.0
HGS,0.070664592088863,62.09062600665736,0.0
RPRD1B,0.07066052132445871,62.08525716740041,0.0
HGSNAT,0.0706602887594558,62.079888328143454,0.0
GREM1,0.07065283925415736,62.0745194888865,0.0
THEM6,0.07058672939118807,62.06915064962955,0.0
DOCK4,0.0705785429231259,62.063781810372596,0.0
SLC4A1AP,0.07050850497402188,62.05841297111564,0.0
DYX1C1,0.0704540378504182,62.05304413185869,0.0
CHKB,0.07040554314075419,62.047675292601745,0.0
FGF4,0.07036616223761423,62.042306453344786,0.0
GGT6,0.07031872648570188,62.03693761408784,0.0
COMMD3,0.07029810351633606,62.03156877483088,0.0
ARSH,0.07029489534008246,62.026199935573935,0.0
COX19,0.07028288668573016,62.020831096316975,0.0
MRPS12,0.07026331821893594,62.01546225706003,0.0
N4BP2L2,0.07024693253836783,62.01009341780307,0.0
FAM169A,0.07024259641198471,62.004724578546124,0.0
PEAK1,0.07022902324113857,61.999355739289165,0.0
ASCC1,0.07021053878802792,61.99398690003222,0.0
IL13RA2,0.07011156145140594,61.98861806077526,0.0
AK7,0.07009601219052121,61.983249221518314,0.0
TPD52L2,0.07005464153203875,61.977880382261354,0.0
PCP2,0.07003269660592501,61.9725115430044,0.0
WNT11,0.06987012043026006,61.96714270374745,0.0
NEU3,0.06984310417388827,61.961773864490496,0.0
ABCB4,0.06979944709501104,61.95640502523354,0.0
AP1M2,0.06959643804697921,61.95103618597659,0.0
CHST7,0.06958738352790098,61.94566734671964,0.0
SLC43A2,0.06952089810785178,61.940298507462686,0.0
SLC6A4,0.0695160149466441,61.934929668205726,0.0
CCDC110,0.06943598990328342,61.92956082894878,0.0
CDH18,0.06940755366428347,61.92419198969182,0.0
APOL2,0.06937453241349567,61.918823150434875,0.0
TAT,0.06934053940112665,61.913454311177915,0.0
RHOBTB1,0.06933264504046902,61.90808547192097,0.0
TUBD1,0.06932328517001522,61.902716632664024,0.0
HAMP,0.06931925407738244,61.897347793407064,0.0
ZNF219,0.06930071054696028,61.89197895415012,0.0
PRDM13,0.06924938228886948,61.88661011489316,0.0
TAC1,0.06910162488419946,61.881241275636214,0.0
AMZ2,0.06907018676270567,61.875872436379254,0.0
DAGLB,0.06905747601992532,61.87050359712231,0.0
SLC35F2,0.06904783742620343,61.86513475786535,0.0
NKIRAS2,0.06896897143550332,61.8597659186084,0.0
PRPF19,0.06893357440874125,61.85439707935144,0.0
GUCY1B3,0.06892737671059915,61.8490282400945,0.0
UMPS,0.06892391268610573,61.84365940083754,0.0
AP2M1,0.06892024166572433,61.83829056158059,0.0
TNIK,0.06891988250705663,61.83292172232363,0.0
CD40,0.06889633437785163,61.82755288306668,0.0
CLCN4,0.06887591051419348,61.82218404380973,0.0
NFRKB,0.06881336911502667,61.816815204552775,0.0
MUC5AC,0.06876269879933969,61.81144636529582,0.0
CCS,0.06872348133043193,61.80607752603887,0.0
INSRR,0.0687060294673322,61.80070868678192,0.0
ULK1,0.06866769105616792,61.795339847524964,0.0
ADARB1,0.06866278630560765,61.789971008268004,0.0
LYPLAL1,0.06858750418613997,61.78460216901106,0.0
AFAP1,0.0685790893085838,61.7792333297541,0.0
RPS6KA1,0.06857499253821295,61.773864490497154,0.0
PRKCZ,0.0684795879999554,61.76849565124021,0.0
CLPP,0.06845179314984146,61.76312681198325,0.0
P2RY1,0.06842834415047001,61.7577579727263,0.0
CSF2,0.06842309361692502,61.75238913346934,0.0
FGG,0.06842188092589316,61.7470202942124,0.0
CPNE4,0.06837629880592681,61.74165145495544,0.0
MVB12A,0.06831457453930763,61.73628261569849,0.0
REV1,0.06828442459983333,61.73091377644153,0.0
RLF,0.06827842256723882,61.72554493718459,0.0
PPP4R4,0.06826594054478508,61.72017609792763,0.0
EPPK1,0.06824012398063528,61.71480725867068,0.0
KDM3B,0.06823427730773485,61.70943841941372,0.0
SPECC1,0.0682235949114767,61.70406958015677,0.0
PPP2R1B,0.06811668616361813,61.69870074089982,0.0
NEK11,0.06809712304110035,61.693331901642864,0.0
COQ4,0.06808834627429583,61.68796306238591,0.0
FOCAD,0.06802970343714751,61.68259422312896,0.0
TRIP6,0.06792157150690317,61.677225383872006,0.0
RPE,0.06790148168766817,61.67185654461505,0.0
USF2,0.06789704383353974,61.666487705358094,0.0
COX16,0.06785293772274399,61.66111886610115,0.0
CYB561,0.06782702428820396,61.65575002684419,0.0
EBNA1BP2,0.06778911608776765,61.65038118758724,0.0
GZMA,0.06771832420092799,61.64501234833028,0.0
IL18,0.06765617118098927,61.63964350907334,0.0
ELP2,0.06764699685093734,61.63427466981639,0.0
SLC35B4,0.06760841608901522,61.62890583055943,0.0
ATF1,0.06759004863322034,61.62353699130249,0.0
MCRS1,0.06753671298519207,61.61816815204553,0.0
PHF21A,0.06749223420384678,61.61279931278858,0.0
CSDE1,0.06748256055450132,61.60743047353162,0.0
GLDN,0.06744149963069199,61.602061634274676,0.0
TMEM9,0.06740423968811227,61.59669279501772,0.0
MRPS23,0.06737597098213084,61.59132395576077,0.0
NUP35,0.06711772190508913,61.58595511650381,0.0
MYH8,0.06711199780569277,61.580586277246866,0.0
ANKRD52,0.0671000699322983,61.575217437989906,0.0
IGBP1,0.06707073516551376,61.56984859873296,0.0
ACOX2,0.06698137726000442,61.564479759476,0.0
RAB11B,0.06694714283962319,61.55911092021905,0.0
UBE2N,0.06693659436563398,61.553742080962095,0.0
CNST,0.06692671154124719,61.54837324170514,0.0
ARHGAP6,0.06686267100762928,61.54300440244819,0.0
COL6A5,0.06685497719953282,61.53763556319124,0.0
ADRB1,0.06685491824181951,61.532266723934285,0.0
ELMO1,0.06684421038697914,61.52689788467733,0.0
SVEP1,0.0668236604834744,61.52152904542037,0.0
PTBP1,0.06673881348426745,61.51616020616343,0.0
SAP130,0.06672388084181624,61.51079136690647,0.0
PREP,0.06662938834746082,61.50542252764952,0.0
FRMD4A,0.06662828146270527,61.50005368839256,0.0
CSN1S1,0.0666239687973071,61.494684849135616,0.0
FBXW5,0.06653700700748982,61.48931600987867,0.0
WIPF2,0.06653485161042089,61.48394717062171,0.0
COIL,0.06649627573564891,61.478578331364766,0.0
COMMD1,0.06647895818914859,61.473209492107806,0.0
RPL34,0.066459883717091,61.46784065285086,0.0
TRAF2,0.06643951626229556,61.4624718135939,0.0
TNIP2,0.06640338924172105,61.457102974336955,0.0
SEPW1,0.06638168210098148,61.451734135079995,0.0
KISS1R,0.06635362093891065,61.44636529582305,0.0
TBX20,0.06634357285232115,61.44099645656609,0.0
ACBD6,0.06633816415847675,61.43562761730914,0.0
NUCB2,0.06629721033125349,61.430258778052185,0.0
UGT3A2,0.06624576071892,61.42488993879523,0.0
AP2B1,0.06623772883435877,61.41952109953828,0.0
BTBD7,0.06622144531792183,61.41415226028133,0.0
GLT1D1,0.06617976703699831,61.408783421024374,0.0
TXN,0.06616717013397619,61.40341458176742,0.0
YWHAB,0.06614076991358746,61.39804574251046,0.0
SNRNP48,0.06613069305034719,61.392676903253516,0.0
TBL2,0.06611991582242963,61.38730806399656,0.0
NRF1,0.06611755940100084,61.38193922473961,0.0
ADAMTS2,0.06607914484630727,61.37657038548265,0.0
RNASEL,0.06604632791993026,61.371201546225706,0.0
CSRNP1,0.066018309833265,61.365832706968746,0.0
MED14,0.06601800675781991,61.3604638677118,0.0
GNG7,0.0660087533025399,61.355095028454855,0.0
CWF19L1,0.06596399284859958,61.349726189197895,0.0
TPST2,0.06594902703364042,61.34435734994095,0.0
GRIN2D,0.06588006659511714,61.33898851068399,0.0
CLIP2,0.06586149239749138,61.333619671427044,0.0
PARP4,0.06582671432476246,61.328250832170085,0.0
KCNIP3,0.06581667860111694,61.32288199291314,0.0
TMEM140,0.06567702877992884,61.31751315365618,0.0
CACNG5,0.06562092126483232,61.312144314399234,0.0
ARHGEF17,0.06559397369551731,61.306775475142274,0.0
IL18R1,0.06554742313184646,61.30140663588533,0.0
FAM122B,0.06553590449194295,61.29603779662837,0.0
ZC3H11A,0.06540661923437044,61.290668957371416,0.0
IFI44,0.06536701429541816,61.28530011811446,0.0
HLTF,0.06536389185695266,61.27993127885751,0.0
PLCL1,0.06535458971866707,61.27456243960056,0.0
B4GALT3,0.06525692724484251,61.269193600343606,0.0
SPAG16,0.06523563699663018,61.26382476108665,0.0
ABRACL,0.06520499369432858,61.2584559218297,0.0
GNG10,0.06519785973735226,61.25308708257274,0.0
ANKRD53,0.06516458872057454,61.247718243315795,0.0
VAMP1,0.06513743436527711,61.242349404058835,0.0
SPARCL1,0.06510137770821298,61.23698056480189,0.0
DOCK9,0.06493373419412239,61.23161172554493,0.0
TMOD2,0.0649333419999468,61.226242886287984,0.0
CD3E,0.06493155359708938,61.220874047031025,0.0
CLEC12A,0.06491936607470392,61.21550520777408,0.0
ARHGEF39,0.06486837641268976,61.210136368517134,0.0
DRAP1,0.06485276912233842,61.204767529260174,0.0
C19orf52,0.06484030170964984,61.19939869000323,0.0
CCHCR1,0.06483125091821552,61.19402985074627,0.0
NUBPL,0.06479014327333377,61.18866101148932,0.0
PLA2G12A,0.064788953211171,61.18329217223236,0.0
TOX3,0.06471749806634086,61.17792333297542,0.0
NR5A1,0.0647119277226674,61.17255449371846,0.0
FNBP1L,0.06462271190650017,61.167185654461505,0.0
C1orf131,0.06461611991590778,61.16181681520455,0.0
PPTC7,0.06457349696793667,61.1564479759476,0.0
CCDC97,0.06457091069413581,61.15107913669065,0.0
WDR7,0.06456332861450542,61.145710297433695,0.0
VPS8,0.06452026232813149,61.14034145817674,0.0
TMEM57,0.06449525222549476,61.13497261891979,0.0
GNA13,0.0644331222544138,61.12960377966283,0.0
IKBKG,0.06435153123318374,61.124234940405884,1.0
HMG20A,0.06426632658386497,61.118866101148924,0.0
MICAL2,0.06425726999895054,61.11349726189198,0.0
USO1,0.06424771991567839,61.10812842263502,0.0
MUT,0.06424676223959451,61.102759583378074,0.0
BACH1,0.06420452201269702,61.097390744121114,0.0
PLA2G15,0.06416674894056817,61.09202190486417,0.0
UBQLN2,0.06412403180651603,61.08665306560721,0.0
DNAJC30,0.0640625775271852,61.08128422635026,0.0
MAPK14,0.06402637033700491,61.07591538709332,0.0
AGK,0.06400066216040738,61.07054654783636,0.0
KIF5C,0.06397725921105792,61.06517770857941,0.0
SLC24A2,0.06395366586734688,61.05980886932245,0.0
NUDT15,0.06386031070246564,61.05444003006551,0.0
CD14,0.06384848454261817,61.04907119080855,0.0
S100A9,0.0638413328486143,61.0437023515516,0.0
PPP1R1A,0.06381180110519763,61.03833351229464,0.0
C7orf25,0.06380830442432665,61.0329646730377,0.0
SLC5A10,0.06380453549716245,61.02759583378074,0.0
PPP1CC,0.06373431026754309,61.022226994523784,0.0
SLC22A3,0.06371620960404943,61.01685815526683,0.0
SNAPC2,0.06369759985631761,61.01148931600988,0.0
MGLL,0.06365967788153729,61.006120476752926,0.0
ALG12,0.06358025471300309,61.00075163749597,0.0
UBE2H,0.06355435892075094,60.99538279823902,0.0
PTRF,0.06355420321593747,60.99001395898207,0.0
SAP30BP,0.06351807668257985,60.98464511972511,0.0
WRAP73,0.06348347606044945,60.97927628046816,0.0
GDF1,0.0634661900602911,60.9739074412112,0.0
POLR3D,0.06345438222032268,60.96853860195426,0.0
KDM3A,0.06341854848473956,60.9631697626973,0.0
PCP4L1,0.06341754286680244,60.95780092344035,0.0
ZNRD1,0.06340484917946136,60.95243208418339,0.0
MED22,0.06329549524945717,60.94706324492645,0.0
ZZZ3,0.06328871075810452,60.9416944056695,0.0
PRAF2,0.06313485568280461,60.93632556641254,0.0
VDAC2,0.06312946670167038,60.930956727155596,0.0
KNCN,0.06309417825375338,60.92558788789864,0.0
CRYBB3,0.06297269988861767,60.92021904864169,0.0
RAB10,0.06290215553692415,60.91485020938473,0.0
NME4,0.06288237054493492,60.909481370127786,0.0
DPP3,0.06279685942727198,60.904112530870826,0.0
FAM13A,0.06275852463629832,60.89874369161387,0.0
PSMD11,0.06274713118938777,60.89337485235692,0.0
HTR2A,0.06271862189219085,60.88800601309997,0.0
WIPF3,0.0626572767485225,60.882637173843015,0.0
MSTO1,0.06261783540136993,60.87726833458606,1.0
C19orf53,0.06261275739825728,60.87189949532911,0.0
COPB1,0.062521346341126,60.86653065607216,0.0
GKN1,0.06250186209337456,60.8611618168152,0.0
CFDP1,0.062461407095956066,60.85579297755825,0.0
TRMT6,0.062453815198645145,60.85042413830129,0.0
SLC17A6,0.06245113002860324,60.84505529904435,0.0
TP53RK,0.06239975873486577,60.83968645978739,0.0
EPHA5,0.06239602105672446,60.83431762053044,0.0
HECW1,0.06238654636251837,60.82894878127348,0.0
URB2,0.06232221816258634,60.823579942016536,0.0
STAG2,0.06230167674320693,60.81821110275958,0.0
MIF,0.06229098487605049,60.81284226350263,0.0
TANC1,0.062270238709377,60.80747342424567,0.0
DOC2A,0.0620981103821525,60.802104584988726,0.0
PARP16,0.062068007729180474,60.79673574573178,0.0
TRMT2B,0.06206502372361522,60.79136690647482,0.0
TCTEX1D4,0.0619583031163772,60.785998067217875,0.0
UBE2O,0.061909820133441665,60.780629227960915,0.0
PRX,0.06189866805846132,60.77526038870397,0.0
PITPNM2,0.0618341359112075,60.76989154944701,0.0
SP4,0.06177321780684099,60.764522710190064,0.0
SYCP2L,0.061721674340290786,60.759153870933105,0.0
RDH14,0.06167710470826565,60.75378503167615,0.0
PACRG,0.061505618054384405,60.7484161924192,0.0
RPL13,0.06144655863653468,60.74304735316225,0.0
MYL1,0.06143371773538621,60.737678513905294,0.0
EML6,0.06142148379200352,60.73230967464834,0.0
AMPH,0.061386098840274364,60.72694083539139,0.0
HNRNPM,0.06135022280844214,60.721571996134436,0.0
RPS10,0.06134697462162875,60.71620315687748,0.0
IMMP1L,0.06132020986047422,60.71083431762053,0.0
RGS21,0.06129814455176188,60.70546547836357,0.0
COL6A1,0.06129098659174934,60.700096639106626,0.0
ZNF451,0.061184922732164734,60.694727799849666,0.0
SYVN1,0.0611817907354517,60.68935896059272,0.0
WIPI2,0.061030150659230585,60.68399012133576,0.0
NR1H3,0.061026305618640385,60.678621282078815,0.0
DOCK10,0.061015526267134336,60.673252442821855,0.0
DCLK2,0.06101156495388636,60.66788360356491,0.0
ING2,0.06099745030288981,60.662514764307964,0.0
ADARB2,0.06091378274583696,60.657145925051005,0.0
CNTROB,0.06090566177960989,60.65177708579406,0.0
SIM1,0.060905115784138764,60.6464082465371,0.0
RAB22A,0.060880615832741326,60.641039407280154,0.0
POLR2E,0.060855513545628806,60.635670568023194,0.0
PPA2,0.06085236407727381,60.63030172876624,0.0
TMEM59L,0.06084481393617758,60.62493288950929,0.0
OLFML3,0.060832363562156114,60.619564050252336,0.0
TAS2R4,0.06081172237982132,60.61419521099538,0.0
MRPS16,0.06065766970998456,60.60882637173843,0.0
EVPL,0.06052959775002287,60.60345753248148,0.0
DPY19L3,0.060395273872944286,60.598088693224526,0.0
RPF2,0.06026745976432163,60.592719853967566,0.0
RSL1D1,0.06018965771424097,60.58735101471062,0.0
SCCPDH,0.06013426527475294,60.58198217545366,0.0
CECR1,0.06012959570016772,60.576613336196715,0.0
RIBC1,0.06010658774826562,60.571244496939755,0.0
OPRK1,0.06010463365912625,60.56587565768281,0.0
CDH6,0.06006916207512072,60.56050681842585,0.0
SCG5,0.06002736431981472,60.555137979168904,0.0
ZNF608,0.06000865431877034,60.549769139911945,0.0
MAP3K8,0.05997492259435672,60.544400300655,0.0
FLT3,0.059930551859846484,60.53903146139804,0.0
SFTPD,0.05988384342634516,60.533662622141094,0.0
GPRASP1,0.059858134589996025,60.528293782884134,0.0
FNTA,0.05971941418347443,60.52292494362719,0.0
TMC5,0.059698262569798245,60.51755610437024,0.0
COG1,0.05968851111621026,60.51218726511328,0.0
MATN3,0.05968108492122968,60.50681842585634,0.0
NTNG2,0.059660644922307327,60.50144958659938,0.0
TMX1,0.05964087021495927,60.49608074734243,0.0
UNC93B1,0.05954247956863845,60.49071190808547,0.0
DENND2D,0.05953616777403266,60.48534306882852,0.0
RPL35A,0.059466779289360415,60.47997422957157,0.0
PDCD7,0.059459777767590115,60.474605390314615,0.0
ACSM2A,0.059438424545856385,60.46923655105766,0.0
HAS2,0.05943830187138301,60.46386771180071,0.0
CKAP4,0.05942766568159443,60.45849887254376,0.0
BRD9,0.059420993178167056,60.453130033286804,0.0
DROSHA,0.05941778527927409,60.447761194029844,0.0
GTF2IRD1,0.05933851255486294,60.4423923547729,0.0
THOC2,0.05930850240025144,60.43702351551594,0.0
DUS2,0.05926415265351119,60.431654676258994,0.0
MAP7D3,0.05926252926043592,60.426285837002034,0.0
GLMN,0.05918806031614791,60.42091699774509,0.0
CA5B,0.05910825915651262,60.41554815848813,0.0
CCNT2,0.05905721563411478,60.41017931923118,0.0
ZBP1,0.05899455768104948,60.40481047997422,0.0
GSDMA,0.058989993891033474,60.39944164071728,0.0
ZFAND2A,0.05891750142695357,60.39407280146032,0.0
MAP1S,0.058904267563434996,60.38870396220337,0.0
ACAP2,0.05890313850043318,60.38333512294643,0.0
XYLT1,0.05886366765325503,60.37796628368947,0.0
ERGIC1,0.05884357402220246,60.37259744443252,0.0
RPL12,0.058778010503763224,60.36722860517556,0.0
KRT77,0.05862890986874669,60.36185976591861,0.0
SGK3,0.05856378398469758,60.35649092666166,0.0
POLR1B,0.05855057245280565,60.351122087404704,0.0
SERPINB9,0.058533433272448185,60.34575324814775,0.0
SLC7A5,0.058515249513619305,60.3403844088908,0.0
NHEJ1,0.05850743293565595,60.335015569633846,0.0
TP53AIP1,0.058470402448513835,60.32964673037689,0.0
MRPL20,0.058454950702589305,60.324277891119934,0.0
TCEA3,0.058453479957689916,60.31890905186299,0.0
NLRP2,0.05842947217183414,60.31354021260603,0.0
KLHL24,0.05836680443572241,60.30817137334908,0.0
SND1,0.05832031985234877,60.30280253409212,0.0
HERC5,0.058309982099813154,60.29743369483518,0.0
CD200R1,0.05829004167745443,60.29206485557822,0.0
HIF1AN,0.05820975931135456,60.28669601632127,0.0
RAD18,0.058197149694731234,60.28132717706431,0.0
MOB2,0.05809673692054022,60.27595833780737,0.0
KRT83,0.05802943332135378,60.27058949855041,0.0
ALKBH7,0.0580157999551444,60.26522065929346,0.0
RTN1,0.05800226177127824,60.2598518200365,0.0
TTLL7,0.05798150220736762,60.25448298077956,0.0
RELB,0.05797303559632235,60.24911414152261,0.0
C22orf39,0.05791182660240927,60.24374530226565,0.0
WRNIP1,0.05786533172432636,60.238376463008706,0.0
ZNF511,0.05786373569309633,60.233007623751746,0.0
NAA35,0.057847803671278744,60.2276387844948,0.0
PGP,0.05774860490968078,60.22226994523784,0.0
KHNYN,0.05772638303519928,60.21690110598089,0.0
GATAD2B,0.057677094885676364,60.211532266723935,0.0
CAPZA2,0.05763668655656895,60.20616342746698,0.0
RAPSN,0.057626737732132616,60.20079458821003,0.0
PGAP2,0.057538774410715345,60.19542574895308,0.0
TRAF1,0.05742973499482219,60.190056909696125,0.0
DHRS1,0.05739105080121846,60.18468807043917,0.0
VRK2,0.05737944513498524,60.17931923118221,0.0
FEZ1,0.0573557559575524,60.17395039192527,0.0
GAPVD1,0.0572923666537271,60.16858155266831,0.0
CAMK2D,0.05725505047975653,60.16321271341136,0.0
AKAP2,0.05725096180866225,60.1578438741544,0.0
CHID1,0.0572261534744582,60.152475034897456,0.0
CYP2U1,0.057198159482606536,60.1471061956405,0.0
SEH1L,0.05706614540754784,60.14173735638355,0.0
TOMM34,0.05704499760974069,60.13636851712659,0.0
FBXO30,0.057031024328689325,60.130999677869646,0.0
PHYHIP,0.05700342513276332,60.125630838612686,0.0
UBP1,0.057002209848696195,60.12026199935574,0.0
PTPRR,0.05696415623532838,60.11489316009878,0.0
MPZ,0.05690214970784986,60.109524320841835,0.0
RETSAT,0.05689906947244261,60.10415548158489,0.0
RNF41,0.05688116677402103,60.09878664232793,0.0
ANKHD1-EIF4EBP3,0.05684662754394214,60.09341780307098,0.0
HOXC4,0.05684553549885195,60.088048963814025,0.0
DCBLD1,0.05677359876233912,60.08268012455707,0.0
ZCCHC11,0.05676753045818818,60.07731128530012,0.0
C10orf90,0.05675863271446269,60.07194244604317,0.0
PPP4R2,0.05673618525341455,60.066573606786214,0.0
ANKRD13A,0.05668261456669053,60.06120476752926,0.0
SH3GL2,0.05666148213986756,60.0558359282723,0.0
NUDCD3,0.056556962887889764,60.050467089015356,0.0
ABCA6,0.05654933517654994,60.0450982497584,0.0
CTSC,0.056524577950795664,60.03972941050145,0.0
FBXL12,0.05650327363910003,60.03436057124449,0.0
BTN3A2,0.05649088874966814,60.028991731987546,0.0
HIST1H2BD,0.05647712578619174,60.023622892730586,0.0
HMGCS1,0.056458851346359716,60.01825405347364,0.0
FBXO10,0.056417340844039966,60.01288521421668,0.0
UFM1,0.0563806282983666,60.007516374959735,0.0
TM4SF1,0.056374485894253666,60.002147535702775,0.0
GPATCH4,0.056341822191612524,59.99677869644583,0.0
RXRG,0.05629388533146701,59.99140985718887,0.0
F11,0.056274151107537126,59.986041017931925,0.0
IRF2,0.056226967344195744,59.980672178674965,0.0
C21orf33,0.05613738381317844,59.97530333941802,0.0
IGSF10,0.05613230227609872,59.969934500161074,0.0
LDHC,0.05611767438642083,59.964565660904114,0.0
DCTN6,0.056056717293082,59.95919682164717,0.0
DCLRE1C,0.05604632323742677,59.95382798239021,0.0
ALS2CL,0.056045940809471825,59.948459143133256,0.0
TXNDC11,0.056041063180872076,59.9430903038763,0.0
HGF,0.05595627302678526,59.93772146461935,0.0
CACNG7,0.055857481415317344,59.9323526253624,0.0
MUC1,0.05581754032333761,59.926983786105446,0.0
EIF2S1,0.05581239497661916,59.92161494684849,0.0
BMX,0.05579197877317914,59.91624610759154,0.0
CMTM7,0.0557847453547438,59.91087726833458,0.0
MAP2K4,0.05577109473943318,59.905508429077635,0.0
PLEKHJ1,0.05575175799342981,59.900139589820675,0.0
CSRP2,0.05574419017624042,59.89477075056373,0.0
DAPK1,0.05572324480803133,59.88940191130677,0.0
LRRC14,0.05571662642996208,59.884033072049824,0.0
MAD2L1,0.05568078657479482,59.878664232792865,0.0
MOGAT2,0.05567844332110661,59.87329539353592,0.0
GPS1,0.05555205846076785,59.86792655427896,0.0
APBA2,0.05554376152664894,59.862557715022014,0.0
RGS7,0.05552521270459911,59.857188875765054,0.0
COX11,0.055468401519922085,59.85182003650811,0.0
ABI2,0.05544923748451626,59.84645119725115,0.0
ZNF33B,0.05537258905083755,59.8410823579942,0.0
CDH15,0.05534367843383799,59.83571351873724,0.0
RIPK1,0.05531910274097342,59.8303446794803,0.0
XYLT2,0.05530610704575552,59.824975840223345,1.0
RASA2,0.055296274747872444,59.81960700096639,0.0
ID4,0.05526294510017142,59.81423816170944,0.0
GABRE,0.05524117160763954,59.80886932245249,0.0
TOM1L1,0.05520446424204746,59.803500483195535,0.0
DBNDD2,0.05518160044016322,59.79813164393858,0.0
DRG1,0.05509312177283658,59.79276280468163,0.0
CCDC68,0.05508744882805879,59.78739396542467,0.0
PNOC,0.05506166364195449,59.782025126167724,0.0
PES1,0.055053471512512164,59.776656286910764,0.0
WDR13,0.055027602669889444,59.77128744765382,0.0
WDR48,0.054969174540313304,59.76591860839686,0.0
SDCCAG3,0.05492210341854749,59.760549769139914,0.0
PALM,0.054890519522848916,59.755180929882954,0.0
NSF,0.05488203396124739,59.74981209062601,0.0
TCF20,0.054821128684880614,59.74444325136905,0.0
FGD3,0.05475232126392095,59.7390744121121,0.0
RAB17,0.05471798209130826,59.73370557285514,0.0
MGAT4B,0.05466548222688807,59.7283367335982,0.0
CECR5,0.05457744144092107,59.72296789434124,0.0
MRPL42,0.05456629492083724,59.71759905508429,0.0
EMC10,0.05456535851922376,59.71223021582733,0.0
VAMP8,0.05452112832043445,59.70686137657039,0.0
BLK,0.05449106128292504,59.70149253731343,0.0
CX3CL1,0.05436293506267342,59.69612369805648,0.0
GCN1L1,0.05428523961641405,59.69075485879954,0.0
PHKA2,0.054280812574050666,59.68538601954258,0.0
SUGP1,0.05426534346334757,59.680017180285624,0.0
PLA2G4A,0.054247207515290774,59.67464834102867,0.0
HMGN4,0.05423362005071455,59.66927950177172,0.0
ZSWIM8,0.05410951105401766,59.663910662514766,0.0
TAS1R3,0.05409456266692295,59.65854182325781,0.0
HMGB2,0.054057312846196026,59.65317298400086,0.0
CBR4,0.05404584834135299,59.64780414474391,0.0
SSSCA1,0.054028872413718954,59.64243530548695,0.0
TMEM55B,0.0538998830554545,59.63706646623,0.0
PDSS1,0.053855836416402944,59.63169762697304,0.0
IFRD1,0.05382612306765838,59.6263287877161,0.0
ZC3H18,0.05381112101188016,59.62095994845914,0.0
APOBEC3F,0.05375293407602203,59.61559110920219,0.0
PTPN18,0.05373179243295502,59.61022226994523,0.0
ZNF148,0.05370792097091402,59.60485343068829,0.0
BCAP31,0.053686676631182664,59.59948459143133,0.0
KLF11,0.05361707037234277,59.59411575217438,0.0
GLIPR1L1,0.05358400242245628,59.58874691291742,0.0
HOXD12,0.05351627088407425,59.58337807366048,0.0
METTL15,0.053501976337556045,59.57800923440352,0.0
FMNL3,0.05348106517403887,59.57264039514657,0.0
TMEM138,0.05344169819093071,59.56727155588961,1.0
CALM1,0.05336983590891636,59.561902716632666,0.0
CYP2A6,0.05327618352821588,59.55653387737571,0.0
CBWD3,0.0532254500797237,59.55116503811876,0.0
YY1AP1,0.05319748785538122,59.54579619886181,0.0
SERHL2,0.053186772326451394,59.540427359604855,0.0
STMN1,0.05293074681408788,59.5350585203479,0.0
ECHS1,0.05287759130478792,59.52968968109095,1.0
TMEM187,0.05287573888460819,59.524320841834,0.0
PRSS3,0.05287100232488963,59.51895200257704,0.0
FEZF1,0.052837841038493885,59.51358316332009,0.0
GMPS,0.05280503542242062,59.50821432406313,0.0
TTC17,0.05278297542695174,59.50284548480619,0.0
ABAT,0.05266872851454283,59.49747664554923,0.0
STUB1,0.05266286528372625,59.49210780629228,0.0
TIMM23,0.0526471702545089,59.48673896703532,0.0
ADD1,0.0525147909586159,59.481370127778376,0.0
TIRAP,0.052488377912147985,59.47600128852142,0.0
TSTD2,0.052475686931080325,59.47063244926447,0.0
IL12RB2,0.0524704502434552,59.46526361000751,0.0
ZMIZ2,0.05242601363742481,59.459894770750566,0.0
MTMR14,0.05241090200953895,59.454525931493606,0.0
UBE2Q2,0.052396371168675834,59.44915709223666,0.0
DYNC1I1,0.05239047620229712,59.4437882529797,0.0
SLC5A3,0.05237907296761964,59.438419413722755,0.0
GNPTG,0.05236934427473493,59.433050574465796,0.0
COL4A6,0.05236748031088883,59.42768173520885,1.0
C1QA,0.05235879907032215,59.42231289595189,0.0
A4GALT,0.05230217349211723,59.416944056694945,0.0
PDRG1,0.052231011680072825,59.41157521743799,0.0
WDR52,0.05222461528815479,59.40620637818104,0.0
BCL7C,0.05220731322878162,59.40083753892409,0.0
GCSH,0.052195254891161405,59.395468699667134,0.0
PIP4K2C,0.05211969621385074,59.39009986041018,0.0
CCDC124,0.0520455736987675,59.38473102115323,0.0
TMX4,0.05201443652295744,59.379362181896276,0.0
RCBTB2,0.05200676347055868,59.37399334263932,0.0
SLC22A17,0.05199192033253983,59.36862450338237,0.0
SLIT3,0.05198789042290549,59.36325566412541,0.0
ABCF3,0.05194238014209215,59.357886824868466,0.0
HECTD4,0.05191039876097503,59.352517985611506,0.0
PLEK,0.051893556262168204,59.34714914635456,0.0
ACKR3,0.051873134840306534,59.3417803070976,0.0
LARS2,0.05183062060304825,59.336411467840655,0.0
IL3RA,0.05181740939394188,59.331042628583695,0.0
PGLYRP3,0.05178207462432359,59.32567378932675,0.0
MOSPD2,0.05172097825572118,59.32030495006979,0.0
OR2T7,0.05171779020471514,59.314936110812845,0.0
MEI1,0.05169030433556243,59.309567271555885,0.0
NKX2-3,0.051672316596232414,59.30419843229894,0.0
ORMDL1,0.05164407295686361,59.29882959304198,0.0
TNRC18,0.051590916207276794,59.293460753785034,0.0
UBE2E3,0.05157679120130924,59.288091914528074,0.0
CDK2AP1,0.05155782325447591,59.28272307527113,0.0
MEP1B,0.051493062684332805,59.277354236014176,0.0
SLC13A3,0.051443245868645224,59.27198539675722,0.0
PCP4,0.051433453642995196,59.26661655750027,0.0
FAHD2B,0.051365027972345614,59.26124771824332,0.0
VCPIP1,0.05135851037936322,59.255878878986366,0.0
SVOPL,0.051342137017798536,59.250510039729406,0.0
SLC6A5,0.05133610113207243,59.24514120047246,0.0
TMEM245,0.05129846592330808,59.2397723612155,0.0
POLR3C,0.05126481317626933,59.234403521958555,0.0
EXOSC1,0.051241263092606536,59.229034682701595,0.0
DHX36,0.0511650060458841,59.22366584344465,0.0
LOR,0.051148418879926716,59.21829700418769,0.0
IMP4,0.051133925891023245,59.212928164930744,0.0
SELT,0.0510736513750643,59.207559325673785,0.0
DNAI2,0.05105945132587688,59.20219048641684,0.0
HIBCH,0.05105074569598952,59.19682164715988,0.0
PBXIP1,0.0510499260318966,59.191452807902934,0.0
SNRPC,0.05104547602311368,59.186083968645974,0.0
TMEM189,0.05102817589648656,59.18071512938903,0.0
NMD3,0.05100806673427789,59.17534629013207,0.0
ACSM4,0.05100137432813277,59.16997745087512,0.0
DUSP9,0.05098305348729398,59.16460861161816,0.0
XPO7,0.0509318347253964,59.15923977236122,0.0
PEAR1,0.05089453663462197,59.15387093310426,0.0
PLAGL2,0.05089296098093571,59.14850209384731,0.0
CPO,0.05087363584697554,59.14313325459035,0.0
VCAM1,0.05081871778982948,59.13776441533341,0.0
COLEC12,0.050793075398754384,59.132395576076455,0.0
POT1,0.05070672475222062,59.1270267368195,0.0
NBR1,0.05069866156577901,59.12165789756255,0.0
OXR1,0.0506808538395877,59.1162890583056,0.0
DHFRL1,0.050619991480476724,59.110920219048644,0.0
ATP6V1E1,0.050590701236068285,59.105551379791684,1.0
AGFG1,0.05059067877105934,59.10018254053474,0.0
TNFAIP2,0.05047496057902597,59.09481370127778,0.0
CMTR1,0.050456568340630545,59.089444862020834,0.0
CYB5R1,0.05043194261275348,59.084076022763874,0.0
TADA2A,0.05026793272085021,59.07870718350693,0.0
CABYR,0.050242909640299836,59.07333834424997,0.0
TXLNG,0.05023182455027029,59.06796950499302,0.0
MAOA,0.05023016710412288,59.06260066573606,0.0
KCNA5,0.05006822998378868,59.05723182647912,0.0
SPHK2,0.05005220500673231,59.05186298722216,0.0
LIPI,0.04998624211371115,59.04649414796521,0.0
ZNF664,0.04996333602682256,59.04112530870825,0.0
SLC25A11,0.04993225395226246,59.03575646945131,0.0
DPYSL4,0.04982558108266662,59.03038763019435,0.0
ADCY10,0.049810231322226256,59.0250187909374,0.0
POLR3F,0.04979162663560524,59.01964995168044,0.0
SPICE1,0.04975934553477623,59.0142811124235,0.0
LDB1,0.0497280725147105,59.00891227316654,0.0
MED8,0.04970041638241275,59.00354343390959,0.0
SERPINA3,0.0496401602943652,58.99817459465264,0.0
ASB1,0.04962849101396503,58.992805755395686,0.0
NMRK2,0.04959567796545225,58.98743691613873,0.0
RPL19,0.0495940652444675,58.982068076881774,0.0
HOXD9,0.04955239417044833,58.97669923762483,0.0
MAPK6,0.04954318869314567,58.97133039836787,0.0
PRSS21,0.04948181393708252,58.96596155911092,0.0
FAM127C,0.049437143581786386,58.96059271985396,0.0
PCNA,0.049406090153135775,58.95522388059702,0.0
APBB3,0.04939387318687324,58.94985504134006,0.0
BFAR,0.04930378891364559,58.94448620208311,0.0
PSMD5,0.049300698095259735,58.93911736282615,0.0
WIPF1,0.04929752609821063,58.93374852356921,0.0
NFE2L2,0.04928169457585346,58.92837968431225,0.0
TNFSF13,0.04927368905426679,58.9230108450553,0.0
CMYA5,0.04925835573979847,58.91764200579834,0.0
PADI1,0.049245782338767086,58.9122731665414,0.0
UBE2B,0.049186645260208696,58.90690432728444,0.0
CYB5B,0.04916646653957272,58.90153548802749,0.0
ODF3,0.04913970302527277,58.89616664877053,0.0
HNRNPAB,0.049106530512097755,58.890797809513586,0.0
MATK,0.04906543603366763,58.885428970256626,0.0
ENOX2,0.048999459339863514,58.88006013099968,0.0
TMEM100,0.04897780052602356,58.87469129174272,0.0
ING1,0.04892288840662536,58.869322452485775,0.0
USP25,0.048896397291199836,58.86395361322882,0.0
CD164,0.04881388088663615,58.85858477397187,0.0
CHMP6,0.04880094444487974,58.85321593471492,0.0
NEDD8,0.04878823644318286,58.847847095457965,0.0
HLA-G,0.048753383966149824,58.84247825620101,0.0
PARP9,0.04872891864699869,58.83710941694405,0.0
PACS1,0.04862770846782416,58.83174057768711,0.0
ZNF668,0.048609002838576235,58.82637173843015,0.0
ATP5L,0.04858648264131476,58.8210028991732,0.0
CLEC11A,0.04851626239410751,58.81563405991624,0.0
SLC26A9,0.04850146153950679,58.810265220659296,0.0
PLAC1,0.04850096326968572,58.80489638140234,0.0
TNFAIP1,0.04845414025938369,58.79952754214539,0.0
PACSIN1,0.0484286788128333,58.79415870288843,0.0
ABHD16A,0.04841971460744145,58.788789863631486,0.0
ABCC5,0.04838564889412298,58.783421024374526,0.0
TLDC2,0.048330350902503615,58.77805218511758,0.0
WWC3,0.048306577702487453,58.77268334586062,0.0
PGD,0.04828464399723591,58.767314506603675,0.0
PIGS,0.04827472163356264,58.761945667346716,0.0
RPS18,0.048169204179569526,58.75657682808977,0.0
DHRS9,0.04813740992416958,58.75120798883281,0.0
NOBOX,0.048125220661820615,58.745839149575865,0.0
EFR3A,0.04811593850707429,58.740470310318905,0.0
PPP1CB,0.04805124889694667,58.73510147106196,0.0
GFRA3,0.04804048435552225,58.729732631805,0.0
DPYSL2,0.04800447286317728,58.724363792548054,0.0
HKDC1,0.04799709966477248,58.7189949532911,0.0
PDCD2L,0.04794924139130671,58.71362611403414,0.0
NUTM1,0.04794120449388107,58.708257274777196,0.0
SLC23A1,0.047921220276611526,58.70288843552024,0.0
RHPN2,0.04783442364665593,58.69751959626329,0.0
CUL3,0.047802313420863586,58.69215075700633,0.0
CDC34,0.04777987826006223,58.686781917749386,0.0
LMBR1,0.04777719057689093,58.681413078492426,0.0
PAQR7,0.04773664477425489,58.67604423923548,0.0
CARS,0.047712822802606955,58.67067539997852,0.0
SOX13,0.04769007248197593,58.665306560721575,0.0
HIVEP3,0.04764008553570785,58.659937721464615,0.0
KLF13,0.04762699858315209,58.65456888220767,0.0
C4orf27,0.04760743006116798,58.64920004295071,0.0
WDR6,0.04759459529939474,58.643831203693765,0.0
GDNF,0.04759234187950111,58.638462364436805,0.0
GPBP1L1,0.04757830511553113,58.63309352517986,0.0
ARHGAP44,0.047577037582900786,58.6277246859229,0.0
ATP5B,0.047563209958823315,58.622355846665954,0.0
ZC3HAV1,0.047556306883530956,58.616987007408994,0.0
HIST1H2BJ,0.04751037014193377,58.61161816815205,0.0
IPPK,0.04745289190795747,58.60624932889509,0.0
C12orf55,0.04737713092224031,58.60088048963814,0.0
PGM5,0.04737349947349778,58.595511650381184,0.0
PSMD4,0.047315347615660655,58.59014281112424,0.0
GEN1,0.04729657240493451,58.584773971867286,0.0
PLAUR,0.04728433741714137,58.57940513261033,0.0
C17orf75,0.04727592503333646,58.57403629335338,0.0
GPATCH8,0.04726117042590881,58.56866745409642,0.0
SFTPA2,0.0471048755594422,58.563298614839475,0.0
SMARCE1,0.04708516980719686,58.557929775582515,0.0
CER1,0.04708039491304628,58.55256093632557,0.0
GRSF1,0.047048949587066055,58.54719209706861,0.0
PDIA4,0.04704074470116123,58.541823257811664,0.0
ANAPC4,0.04699466711216212,58.536454418554705,0.0
KRT33B,0.04698549125540587,58.53108557929776,0.0
KLHL14,0.04697915541313191,58.5257167400408,0.0
GSTO2,0.04697105547821363,58.520347900783854,0.0
CHD1L,0.04696457114731752,58.514979061526894,0.0
PABPC4,0.04693383952609611,58.50961022226995,0.0
LMO2,0.04692563806857024,58.50424138301299,0.0
PPCS,0.04689586151641665,58.49887254375604,0.0
AATK,0.04688906802790587,58.49350370449908,0.0
SETBP1,0.04685850734811766,58.48813486524214,0.0
SERPINB7,0.04683034251273076,58.48276602598518,0.0
TGOLN2,0.04682908317434626,58.47739718672823,0.0
ZMYM4,0.04682532185517502,58.47202834747127,0.0
TMEM214,0.04680169610887278,58.46665950821433,0.0
PPID,0.046763442642740044,58.46129066895737,0.0
FAM50A,0.04674713746947118,58.45592182970042,0.0
OXSR1,0.04672340773109002,58.45055299044346,0.0
SUMO1,0.046721820991468994,58.44518415118651,0.0
CLEC4D,0.04670328997129903,58.439815311929564,0.0
CUTA,0.04667461812726814,58.434446472672605,0.0
ASAP1,0.04664868629753608,58.42907763341566,0.0
BAZ2A,0.046634670948606766,58.4237087941587,0.0
B3GNT2,0.046624298426946764,58.418339954901754,0.0
KIAA0319L,0.046537919680513615,58.412971115644794,0.0
MICAL1,0.046521800022968615,58.40760227638785,0.0
GABARAPL1,0.0463896444608244,58.40223343713089,0.0
OSBPL8,0.04628924442030008,58.39686459787394,0.0
ZSWIM6,0.046268782458339965,58.39149575861698,0.0
SUB1,0.04625732181332875,58.38612691936004,0.0
ZNF655,0.0462496215496362,58.38075808010308,0.0
DTX3L,0.04616974201458118,58.37538924084613,0.0
ERAP2,0.04615371069600795,58.37002040158917,0.0
NANOG,0.04614057656624908,58.36465156233223,0.0
ODF4,0.04613565890473614,58.35928272307527,0.0
CCDC12,0.04613009408268845,58.35391388381832,0.0
IST1,0.046042824202078406,58.34854504456136,0.0
OPRD1,0.04603444467841587,58.34317620530442,0.0
HABP2,0.04601675742449361,58.33780736604746,0.0
RIPPLY2,0.04599487470191706,58.33243852679051,0.0
YBX1,0.04596287589047696,58.32706968753355,0.0
ZNF607,0.04596258058484904,58.321700848276606,0.0
AEBP2,0.04594783144938149,58.316332009019646,0.0
RPAP1,0.0459240733667589,58.3109631697627,0.0
RAB40B,0.04591342306318154,58.30559433050575,0.0
ANKRD24,0.045909627917781776,58.30022549124879,0.0
PDZD11,0.04588900833342704,58.29485665199184,0.0
PRKCA,0.04587935096092611,58.28948781273488,0.0
CCK,0.045851597652415074,58.28411897347794,0.0
MAP3K6,0.04583886127714495,58.27875013422098,0.0
GRID1,0.04583262142546755,58.27338129496403,0.0
IK,0.045815680083664524,58.26801245570707,0.0
GIPC1,0.04581301999272929,58.26264361645013,0.0
HMGA1,0.045809389083235015,58.25727477719317,0.0
CH25H,0.04580136836022229,58.25190593793622,0.0
INTS4,0.045774467175410435,58.24653709867926,0.0
RCBTB1,0.04574443655953472,58.24116825942232,1.0
AP3S2,0.04572575890651599,58.23579942016536,0.0
PHF5A,0.0456662269695703,58.23043058090841,0.0
ZDHHC13,0.04566609294454457,58.22506174165145,0.0
MPRIP,0.04566537522748612,58.219692902394506,0.0
SEMA3A,0.04565379822332336,58.214324063137546,0.0
STOX1,0.045645936373811855,58.2089552238806,0.0
SNED1,0.04563195280881459,58.20358638462364,0.0
SLC30A9,0.0455896515573105,58.198217545366695,0.0
FAM19A4,0.045577604017015105,58.192848706109736,0.0
CRB3,0.0455730812580147,58.18747986685279,0.0
TOMM40,0.04552364445484719,58.18211102759583,0.0
TUSC2,0.04548992829761701,58.17674218833888,0.0
U2AF1,0.04547764692069344,58.17137334908193,0.0
ALDH8A1,0.04542693977858704,58.16600450982497,0.0
FCGR2B,0.04535937818024245,58.16063567056803,0.0
PRELP,0.04531671607210826,58.15526683131107,0.0
YARS2,0.04528506994810394,58.14989799205412,0.0
GTPBP4,0.04528076673186917,58.14452915279716,0.0
CSDC2,0.045271700458394654,58.139160313540216,0.0
CLPTM1L,0.04524995831547899,58.13379147428326,0.0
KCNN3,0.045238260019863814,58.12842263502631,0.0
CNTN2,0.04521800122409201,58.12305379576935,0.0
TSPAN17,0.04519554892434515,58.117684956512406,0.0
SGSM2,0.04514638251044415,58.112316117255446,0.0
TBX21,0.045110532694839015,58.1069472779985,0.0
PPFIBP2,0.04506968587484337,58.10157843874154,0.0
RSPRY1,0.04501688201813188,58.096209599484595,0.0
NPPB,0.045000944825760315,58.090840760227636,0.0
MAP3K15,0.044995920025072376,58.08547192097069,0.0
CSMD3,0.04498014592877942,58.08010308171373,0.0
RPS29,0.04498014085331952,58.074734242456785,0.0
AHSP,0.04497941479758548,58.069365403199825,0.0
OR4F5,0.04497538976051478,58.06399656394288,0.0
ZC3H12A,0.04497278327409305,58.05862772468592,0.0
PALD1,0.04496829165604392,58.053258885428974,0.0
CNTFR,0.044933938487254695,58.047890046172014,0.0
CALU,0.044905279089214524,58.04252120691507,0.0
CCNO,0.044836454274164245,58.03715236765811,0.0
FAM160A2,0.04480069589425936,58.03178352840116,0.0
NR0B2,0.044767532842838506,58.02641468914421,0.0
CA1,0.044736228624674274,58.02104584988725,0.0
PXN,0.04469175021868552,58.015677010630306,0.0
HEATR1,0.04468970202807165,58.010308171373346,0.0
RARS,0.044639336237096316,58.0049393321164,0.0
TRIP13,0.04461063245449435,57.99957049285944,0.0
SRRM2,0.04458780792284543,57.994201653602495,0.0
THUMPD2,0.04454025677843112,57.988832814345535,0.0
SIPA1,0.04453052016842385,57.98346397508859,0.0
SCMH1,0.044511235429523344,57.97809513583163,0.0
NCBP2,0.04449679194903446,57.972726296574685,0.0
NT5C1A,0.04448039348169047,57.967357457317725,0.0
POLQ,0.04446310667885551,57.96198861806078,0.0
SUSD1,0.044448762436655326,57.95661977880382,0.0
GPX6,0.044438888941608315,57.951250939546874,0.0
FLAD1,0.044427211259986304,57.945882100289914,0.0
BTBD10,0.04442618491001675,57.94051326103297,0.0
BRK1,0.044394391005211316,57.93514442177601,0.0
MED31,0.04437145932767616,57.92977558251906,0.0
EML5,0.0443590761280799,57.924406743262104,0.0
FIP1L1,0.04432551384825217,57.91903790400516,0.0
ST3GAL4,0.044274719639285594,57.9136690647482,0.0
ELMOD1,0.04427385362060553,57.908300225491246,0.0
COX14,0.044272043373260954,57.90293138623429,1.0
UGT2B4,0.04427170393421205,57.89756254697734,0.0
RANGAP1,0.04425058724845609,57.892193707720395,0.0
KLK3,0.0442246311690601,57.886824868463435,0.0
RRNAD1,0.044205663092908416,57.88145602920649,0.0
ANKLE2,0.04420179822230762,57.87608718994953,0.0
ZNF76,0.044080470707240894,57.870718350692584,0.0
HN1,0.044080232814709235,57.865349511435625,0.0
C16orf45,0.04407898341627925,57.85998067217868,0.0
CRYBG3,0.04405607184984933,57.85461183292172,0.0
RAP1GAP,0.04402172417445384,57.849242993664774,0.0
GC,0.0439571602464641,57.843874154407814,0.0
H3F3A,0.0439413179020767,57.83850531515087,0.0
TPST1,0.04390011092146286,57.83313647589391,0.0
RUFY1,0.043891533574678634,57.82776763663696,0.0
NAF1,0.04387402344704692,57.82239879738,0.0
LRRFIP2,0.043872829718016385,57.81702995812306,0.0
TAP2,0.043851532660900035,57.8116611188661,0.0
NHLRC3,0.04384469970734506,57.80629227960915,0.0
RAPGEF1,0.0438051404532785,57.80092344035219,0.0
PTK6,0.043799859745329225,57.79555460109525,0.0
TTL,0.04371327620182745,57.79018576183829,0.0
EPHA7,0.043667299165530714,57.78481692258134,0.0
FXYD6,0.04364099858821295,57.77944808332438,0.0
NAA15,0.0436259280979453,57.77407924406744,0.0
METTL13,0.04361528231880757,57.76871040481048,0.0
ADAM10,0.043577312957730104,57.763341565553525,0.0
ANKRD55,0.04353177993013608,57.75797272629657,0.0
METTL16,0.04352421293992344,57.75260388703962,0.0
SCNN1D,0.043494807786164914,57.747235047782674,0.0
SHOC2,0.04345411550212183,57.741866208525714,0.0
RANBP17,0.04338701859073866,57.73649736926877,0.0
CORO6,0.0433519841091216,57.73112853001181,0.0
TXNDC2,0.043329667138197206,57.72575969075486,0.0
RGMA,0.043314926914244226,57.7203908514979,0.0
NPPA,0.043297054070834215,57.71502201224096,0.0
CENPB,0.04327993571223293,57.709653172984,0.0
SERINC5,0.04325443287113306,57.70428433372705,0.0
GSX2,0.043236886257847454,57.69891549447009,0.0
PURB,0.04321822318995878,57.69354665521315,0.0
EDN2,0.04320059193337794,57.68817781595619,0.0
GEM,0.04318848960552979,57.68280897669924,0.0
RASA4,0.04314387319930062,57.67744013744228,0.0
TWF1,0.04306167086369358,57.67207129818534,0.0
AGR2,0.04305181826771181,57.66670245892838,0.0
DOLPP1,0.04300433957188292,57.66133361967143,0.0
MYO1B,0.042994889246705394,57.65596478041447,0.0
C16orf58,0.042948285353424646,57.650595941157526,0.0
TNNI3K,0.04289213562015049,57.645227101900566,0.0
SPTSSA,0.04284845905299815,57.639858262643614,0.0
NNT,0.042842631048736604,57.63448942338666,0.0
TBX10,0.042841632471117407,57.62912058412971,0.0
GALNT7,0.042839435606058414,57.623751744872756,0.0
OSGIN1,0.04282885118664492,57.6183829056158,0.0
SYPL1,0.042823895455412306,57.61301406635886,0.0
HLX,0.0427096402983818,57.6076452271019,0.0
P2RY2,0.04268718514195059,57.60227638784495,0.0
PNPLA4,0.04268379957520928,57.59690754858799,0.0
ZDHHC7,0.042673095699846716,57.59153870933105,0.0
PICALM,0.04262963652222612,57.58616987007409,0.0
MOV10,0.04262807464059777,57.58080103081714,0.0
KLF2,0.04258705826521152,57.57543219156018,0.0
SLC4A8,0.04257854265787598,57.57006335230324,0.0
HOXD3,0.042542528429336486,57.56469451304628,0.0
ZNF280C,0.04251286650982416,57.55932567378933,0.0
C16orf13,0.04250798687699993,57.55395683453237,0.0
NME2,0.042478075630836096,57.548587995275426,0.0
LIMCH1,0.042472497018062536,57.543219156018466,0.0
SFTPA1,0.04247020759076979,57.53785031676152,0.0
RNF180,0.04243450631565775,57.53248147750456,0.0
HNRNPR,0.04238974719833784,57.527112638247615,0.0
SYNPO2L,0.04229537020967511,57.521743798990656,0.0
KAT7,0.04229341236400248,57.51637495973371,0.0
AK8,0.04229304508443062,57.51100612047675,0.0
RBM10,0.04223415118535165,57.505637281219805,0.0
S100A10,0.04221300359249118,57.500268441962845,0.0
FKBP3,0.04220927256950828,57.49489960270589,0.0
MSRB1,0.042195400009939966,57.48953076344894,0.0
SASS6,0.04216631832324121,57.48416192419199,0.0
EEA1,0.042156100662626324,57.47879308493504,0.0
FGD6,0.04213637503467625,57.47342424567808,0.0
USP29,0.04211060294637464,57.468055406421136,0.0
POLL,0.042057712997748714,57.46268656716418,0.0
SLC24A5,0.04202720234907744,57.45731772790723,0.0
FAM120B,0.04197432652873904,57.45194888865027,0.0
TYMS,0.0419647684788877,57.446580049393326,0.0
CHMP2A,0.04196302336866098,57.441211210136366,0.0
ELL,0.041929622128046115,57.43584237087942,0.0
TCEAL8,0.04185056808002243,57.43047353162246,0.0
SCAF11,0.041840202083635605,57.425104692365515,0.0
IGFBP4,0.04180855662963218,57.419735853108556,0.0
SIM2,0.041798266154643195,57.41436701385161,0.0
PAPOLA,0.0417875148901811,57.40899817459465,0.0
CBX1,0.04178609730340134,57.403629335337705,0.0
UGT1A10,0.04176210735974142,57.398260496080745,0.0
LDOC1,0.041759016151798375,57.3928916568238,0.0
ABCA13,0.04174839930395042,57.38752281756684,0.0
PRUNE,0.041630783799268975,57.382153978309894,0.0
CRLS1,0.04160438037522794,57.376785139052934,0.0
POU5F1,0.04148782477954209,57.37141629979598,0.0
ARNT,0.041477767996933895,57.36604746053903,0.0
CENPT,0.04142249482956196,57.36067862128208,0.0
PLBD1,0.04141700004821954,57.355309782025124,0.0
NUCKS1,0.041373216729804305,57.34994094276817,0.0
SDAD1,0.041210309795604805,57.34457210351122,0.0
SLC25A17,0.04120428437517979,57.339203264254266,0.0
SLC9A5,0.04118903514866103,57.33383442499732,0.0
NLRP6,0.04112085996562541,57.32846558574036,0.0
GAB2,0.04111393987612755,57.323096746483415,0.0
SNUPN,0.041019868138291435,57.317727907226455,0.0
CXCL6,0.04101266171056299,57.31235906796951,0.0
STK40,0.0410098222500432,57.30699022871255,0.0
EGLN1,0.04100120237562474,57.301621389455605,0.0
MAGT1,0.0409968942481822,57.296252550198645,0.0
PIPOX,0.040958251981264036,57.2908837109417,0.0
BAP1,0.04093438368349035,57.28551487168474,1.0
ZNF641,0.04090360311712341,57.280146032427794,0.0
CLK3,0.04085260713972265,57.274777193170834,0.0
TCEAL4,0.04084149010097039,57.26940835391389,0.0
SLC26A2,0.04078575644018985,57.26403951465693,0.0
HOXC12,0.040773812852333266,57.25867067539998,0.0
GUF1,0.040764800128936324,57.253301836143024,0.0
PAN2,0.04076469033741971,57.24793299688608,0.0
EGLN2,0.04074506157371054,57.24256415762912,0.0
VASP,0.04074138533897435,57.23719531837217,0.0
RPL14,0.04066282579217277,57.23182647911521,0.0
KDM4B,0.04065902904414934,57.22645763985826,0.0
MAOB,0.040631722075875905,57.22108880060131,0.0
TMEM62,0.040625240606195726,57.215719961344355,0.0
CRBN,0.04061244174767568,57.2103511220874,0.0
SCYL3,0.040581524661511006,57.20498228283045,0.0
CDR2,0.040559401214002595,57.199613443573504,0.0
KLHL2,0.04054482823708,57.194244604316545,0.0
FANCG,0.04053846695291382,57.1888757650596,0.0
MYH13,0.040519550171147556,57.18350692580264,0.0
RBMX,0.04050862256609895,57.178138086545694,0.0
ETV5,0.04047281620455133,57.172769247288734,0.0
KCNH4,0.040412123098387064,57.16740040803179,0.0
SH3BGRL2,0.04040836719145968,57.16203156877483,0.0
CDC42BPG,0.04040646049906553,57.15666272951788,0.0
TNPO2,0.04036720257897322,57.15129389026092,0.0
INMT,0.04035665159629718,57.14592505100398,0.0
CCDC101,0.04034814521464764,57.14055621174702,0.0
KRT79,0.04031390789140144,57.13518737249007,0.0
YPEL5,0.04025834012851243,57.12981853323311,0.0
ABCF2,0.040254835668377065,57.12444969397617,0.0
NUP107,0.04017037246878747,57.11908085471921,0.0
UTP6,0.04012837668875071,57.11371201546226,0.0
SLC29A2,0.0400762351689966,57.1083431762053,0.0
MAGEF1,0.040063352404131156,57.10297433694835,0.0
PRPF38B,0.04006148744900527,57.0976054976914,0.0
CEP85L,0.040054957203892176,57.092236658434445,0.0
DUSP3,0.04003392473035159,57.08686781917749,0.0
PPP1R14C,0.04002633881930199,57.08149897992054,0.0
LYRM5,0.04002358296181391,57.07613014066359,0.0
EN2,0.04000988466411899,57.070761301406634,0.0
REXO2,0.04000527047128443,57.065392462149674,0.0
PPARD,0.03995555397421857,57.06002362289273,0.0
TMEM147,0.039872830402888707,57.05465478363578,0.0
DGKE,0.0398523141318895,57.04928594437882,0.0
DHX40,0.03983831173661953,57.04391710512188,0.0
CTSF,0.039835457296441126,57.03854826586492,0.0
UACA,0.0398333294914203,57.03317942660797,0.0
CDCA3,0.03982950717767954,57.02781058735101,0.0
PMVK,0.039828003155869915,57.02244174809407,0.0
TSC22D3,0.0398092436705119,57.01707290883711,0.0
RASD1,0.03977471022857708,57.01170406958016,0.0
RC3H1,0.03973886616679075,57.0063352303232,0.0
GCNT2,0.0397364390766354,57.00096639106626,0.0
BTBD1,0.039720629660492834,56.9955975518093,0.0
ZBTB21,0.039716395388097354,56.99022871255235,0.0
TMEM131,0.03970415016800448,56.98485987329539,0.0
MBOAT7,0.03963179720758704,56.979491034038446,0.0
EPHA4,0.03957538234693304,56.974122194781486,0.0
TCERG1,0.03950485706126952,56.96875335552454,0.0
MBOAT1,0.039499119369248985,56.96338451626758,0.0
DENND2C,0.03949710211120786,56.95801567701063,0.0
GNAI2,0.03945910413278923,56.952646837753676,0.0
SLC22A18,0.03945660680375894,56.94727799849672,0.0
BAZ1A,0.03943502219402446,56.94190915923977,0.0
GADD45A,0.03942940104821631,56.93654031998282,0.0
MAST3,0.039356504128676646,56.931171480725865,0.0
CAMKV,0.03934914504430964,56.92580264146891,0.0
AGPAT3,0.03934336969783918,56.92043380221197,0.0
BIRC3,0.03931922978951788,56.91506496295501,0.0
ODAM,0.03927279301269367,56.90969612369806,0.0
CAMSAP2,0.03920609197871216,56.9043272844411,0.0
NELFB,0.03920367714754872,56.89895844518416,0.0
EP400NL,0.03916496176014276,56.8935896059272,0.0
VAMP7,0.039162407276737594,56.88822076667025,0.0
PENK,0.03914574292654378,56.88285192741329,0.0
STK31,0.03913851286643694,56.877483088156346,0.0
ARG2,0.03910198132430111,56.872114248899386,0.0
GABBR1,0.038991853477555925,56.86674540964244,0.0
SH3TC2,0.03898093978075574,56.86137657038548,0.0
GFM2,0.03897699840644704,56.856007731128535,0.0
PCNXL2,0.03897540480134205,56.850638891871576,0.0
RECQL5,0.03896708237698861,56.84527005261463,0.0
SDC3,0.0389664541595536,56.83990121335767,0.0
MBNL2,0.03889376225705042,56.83453237410072,0.0
FAM172A,0.038888218452764564,56.829163534843765,0.0
CETN3,0.038874235177460546,56.82379469558681,0.0
CREB1,0.03886940604355779,56.81842585632986,0.0
IRF3,0.038851395179968794,56.81305701707291,0.0
AGR3,0.03879471657112435,56.807688177815955,0.0
CRNKL1,0.03878041324184193,56.802319338559,0.0
MICA,0.038770780040485855,56.79695049930204,0.0
SAMD4A,0.038754295241559024,56.7915816600451,0.0
SUMO3,0.03875080906850665,56.78621282078815,0.0
THOP1,0.038718241240406986,56.78084398153119,0.0
PPP1R9A,0.03870851237794245,56.775475142274246,0.0
MGME1,0.03870506395667155,56.770106303017286,0.0
GTF3C6,0.038693567330937914,56.76473746376034,0.0
CREM,0.03868996432998696,56.75936862450338,0.0
REL,0.038646318057396024,56.753999785246435,0.0
RP9,0.038625644622981924,56.748630945989476,1.0
RHOT1,0.03854134825131529,56.74326210673253,0.0
FGFR1OP2,0.03853949850450156,56.73789326747557,0.0
SSH1,0.03853619095330642,56.732524428218625,0.0
WWC1,0.03852202523331482,56.727155588961665,0.0
PRPH,0.03850777995834999,56.72178674970472,0.0
FEM1B,0.0384315492670834,56.71641791044776,0.0
ANGEL2,0.03842182243592457,56.711049071190814,0.0
EDDM3B,0.03840709785876,56.705680231933854,0.0
ZBTB7B,0.03840618286879443,56.70031139267691,0.0
TMSB10,0.03840151653222552,56.69494255341995,0.0
RBM6,0.03837941820834427,56.689573714163,0.0
VPS35,0.03836711269020212,56.684204874906044,0.0
APOBEC3C,0.038352629003998204,56.67883603564909,0.0
MRPL41,0.038325158563092196,56.67346719639214,0.0
DEFA5,0.03824123447900554,56.668098357135186,0.0
ACPP,0.03821443995861112,56.66272951787823,0.0
UTP14A,0.03820809398015758,56.65736067862128,0.0
CNR2,0.03818500163453212,56.65199183936432,0.0
MB21D2,0.038154975182803016,56.646623000107375,0.0
SSH2,0.03815390673515288,56.64125416085043,0.0
CTBP1,0.03813011204586869,56.63588532159347,0.0
SPG21,0.03812502448260801,56.630516482336525,0.0
C16orf62,0.038078718729760215,56.625147643079565,0.0
TLX2,0.03805360495648225,56.61977880382262,0.0
PID1,0.03802965699871581,56.61440996456566,0.0
EPB41L2,0.038028733065602636,56.609041125308714,0.0
BRINP1,0.038001202471955195,56.603672286051754,0.0
IBTK,0.037962664410202865,56.59830344679481,0.0
MAPK8IP2,0.03795074386171613,56.59293460753785,0.0
HIST1H1C,0.03790317248391577,56.5875657682809,0.0
MED11,0.03786236288509237,56.582196929023944,0.0
ASB3,0.03780611958118201,56.576828089767,0.0
TRPV6,0.037779367684391205,56.57145925051004,0.0
LPGAT1,0.03773121477137423,56.566090411253086,0.0
SSU72,0.037726876507617677,56.56072157199613,0.0
KCNQ3,0.03771328036108004,56.55535273273918,0.0
RNF39,0.037629344125833755,56.54998389348223,0.0
CWF19L2,0.03762739822178547,56.544615054225275,0.0
LRFN3,0.03761998640992944,56.53924621496832,0.0
AOC2,0.03757912728387342,56.53387737571137,0.0
COQ10A,0.037520379700703946,56.52850853645441,0.0
ARPP19,0.03751234442135373,56.523139697197465,0.0
AP1AR,0.03751071566098716,56.517770857940505,0.0
OR1B1,0.03749854570695802,56.51240201868356,0.0
PATZ1,0.03745795851619608,56.507033179426614,0.0
TFCP2L1,0.03745240959369875,56.501664340169654,0.0
CREBL2,0.03745081518049085,56.49629550091271,0.0
LRRC4C,0.037449943126419624,56.49092666165575,0.0
RPS2,0.03744834935501197,56.4855578223988,0.0
GAPDHS,0.03739546091987538,56.48018898314184,0.0
FOSB,0.037386112666962644,56.4748201438849,0.0
SRSF4,0.037363650947113934,56.46945130462794,0.0
CDC37,0.03735586508721367,56.46408246537099,0.0
PDLIM7,0.037270055427245166,56.45871362611403,0.0
LRP8,0.03726266794446514,56.45334478685709,0.0
RBM27,0.03724860889780878,56.44797594760013,0.0
TBK1,0.03720544274716985,56.44260710834318,0.0
IP6K2,0.03714638246088185,56.43723826908622,0.0
PPFIA1,0.037130888942330305,56.43186942982928,0.0
NKX2-1,0.037112377531364,56.42650059057232,0.0
FAM208B,0.037092904054264464,56.421131751315365,0.0
TAS1R1,0.03708493811665067,56.41576291205841,0.0
GCK,0.03708217105072605,56.41039407280146,1.0
BTAF1,0.03705056520524253,56.40502523354451,0.0
ARIH1,0.03703256146038876,56.399656394287554,0.0
RPL4,0.03701418703657107,56.3942875550306,0.0
SEC31A,0.037008109861900465,56.38891871577365,0.0
PGF,0.03697384946780562,56.38354987651669,0.0
DCTN2,0.03694571369156289,56.37818103725974,0.0
FAM83D,0.03693781688034233,56.372812198002784,0.0
MAD2L2,0.03693359126880528,56.36744335874584,0.0
GDPD5,0.03691365771713366,56.36207451948889,0.0
WASF1,0.036887787464664354,56.35670568023193,0.0
EPN2,0.03688127065555978,56.35133684097499,0.0
GNG12,0.036785393912466574,56.34596800171803,0.0
PTPRE,0.036778748627787614,56.34059916246108,0.0
LHX5,0.03673359755543087,56.33523032320412,0.0
PBX2,0.03671092219584016,56.32986148394718,0.0
IL16,0.03670485830532172,56.32449264469022,0.0
MAPKAP1,0.03669088416488207,56.31912380543327,0.0
ZBTB8OS,0.03667940698773957,56.31375496617631,0.0
SERPINE2,0.036674463825162394,56.308386126919366,0.0
NFYC,0.036654651351231984,56.303017287662406,0.0
NPFF,0.036635792121688784,56.297648448405454,0.0
GSTZ1,0.03659200063274455,56.2922796091485,0.0
SIPA1L1,0.036543412061486154,56.28691076989155,0.0
CELF2,0.036542211209629895,56.281541930634596,0.0
PDZD2,0.03645042351630033,56.27617309137764,0.0
PRKCD,0.0364302083946899,56.27080425212069,0.0
RNFT1,0.03639077122598565,56.26543541286374,0.0
KCNJ6,0.036380452050111874,56.26006657360678,0.0
CAMK4,0.03636119370862147,56.25469773434983,0.0
TBC1D24,0.036283892039300186,56.24932889509287,0.0
TAPBPL,0.036280381520828006,56.24396005583593,0.0
LNPEP,0.03622958252170695,56.23859121657897,0.0
RORC,0.03615740127105466,56.23322237732202,0.0
MRPL45,0.03615049015625214,56.22785353806508,0.0
CR1L,0.03611857755316259,56.22248469880812,0.0
DERL3,0.03610902141163614,56.21711585955117,0.0
PPP5C,0.03609146064395123,56.21174702029421,0.0
TMEM164,0.03604462196707972,56.206378181037266,0.0
CTDNEP1,0.03604397797745952,56.201009341780306,0.0
AKR1C2,0.03591991717034124,56.19564050252336,0.0
ZFHX4,0.03590650524890168,56.1902716632664,0.0
TMBIM1,0.035866311252846596,56.184902824009455,0.0
ERG,0.03586375352135963,56.179533984752496,0.0
SLTM,0.035840144462535015,56.17416514549555,0.0
HSD11B2,0.03576271528640042,56.16879630623859,1.0
TNRC6A,0.03574067459801666,56.163427466981645,0.0
SLC16A2,0.035731222064749615,56.158058627724685,0.0
RPP38,0.03570638746111797,56.15268978846773,0.0
MAP4K2,0.035698414676769326,56.14732094921078,0.0
NCAPG,0.03567792384428874,56.14195210995383,0.0
NKX1-1,0.03566377975419044,56.136583270696875,0.0
FAM58A,0.035606775944533584,56.13121443143992,0.0
IPO4,0.03556875773828449,56.12584559218297,0.0
MAGI3,0.03550481893696903,56.12047675292602,0.0
E4F1,0.03547277331327747,56.11510791366906,0.0
NUDC,0.03546589894373812,56.10973907441211,0.0
TNRC6C,0.03545604820029502,56.10437023515515,0.0
ZMYM5,0.035443581415884745,56.099001395898206,0.0
ASF1A,0.035400842178097,56.09363255664126,0.0
TCP10L,0.03538688924960527,56.0882637173843,0.0
EEF2K,0.035366949245284066,56.082894878127355,0.0
CORO1A,0.03535856004768962,56.077526038870396,0.0
SHC3,0.03532875956276915,56.07215719961345,0.0
SRGN,0.03532375566995843,56.06678836035649,0.0
HTR1A,0.035273592092564844,56.061419521099545,0.0
OMP,0.035253469801347095,56.056050681842585,0.0
LY6E,0.03524363993705503,56.05068184258564,0.0
CLGN,0.03523305820648957,56.04531300332868,0.0
IRS2,0.03520115506515436,56.039944164071734,0.0
SRSF11,0.03519961186008523,56.034575324814774,0.0
ZNF496,0.035192516238620006,56.02920648555782,0.0
TBC1D9,0.035189345480681054,56.02383764630087,0.0
FOXK1,0.03515559277654069,56.01846880704392,0.0
CD53,0.03513682906789577,56.013099967786964,0.0
ZCRB1,0.03511901673698017,56.00773112853001,0.0
AP1G2,0.03508452042988089,56.00236228927306,0.0
CASD1,0.035065623883732425,55.996993450016106,0.0
SPG7,0.03502776737365574,55.991624610759146,0.0
ENKD1,0.03502592898012123,55.9862557715022,0.0
RFX2,0.03502383833360477,55.98088693224524,0.0
SRPK1,0.03501998626121859,55.975518092988295,0.0
CDC25A,0.0350120974695344,55.970149253731336,0.0
HELZ,0.035004851532078864,55.96478041447439,0.0
SYCP3,0.03495130190918123,55.95941157521743,0.0
WDR26,0.03494221601654416,55.954042735960485,0.0
GCFC2,0.0349222554240306,55.94867389670354,0.0
MFF,0.034870623022777214,55.94330505744658,0.0
ARHGEF6,0.03485553730233233,55.937936218189634,0.0
PPP3CA,0.03485199577161675,55.932567378932674,0.0
TMEM120B,0.034851024577087324,55.92719853967573,0.0
NELL2,0.03484769112099111,55.92182970041877,0.0
CAND2,0.034812904080856195,55.91646086116182,0.0
PTCH2,0.03481271153620961,55.911092021904864,0.0
PAFAH2,0.03477883020065043,55.90572318264792,0.0
PBK,0.03474283428146293,55.90035434339096,0.0
LMF2,0.03473452623339447,55.89498550413401,0.0
ATG4D,0.03470168060828334,55.88961666487705,0.0
NPY5R,0.03468902397842328,55.8842478256201,0.0
SBNO1,0.034672270263360824,55.87887898636315,0.0
SDF2,0.034652136249131,55.873510147106195,0.0
CTCF,0.034642086096658344,55.86814130784924,0.0
KANK1,0.03460664769739833,55.86277246859229,0.0
CCL18,0.034582506649479594,55.85740362933534,0.0
POU6F1,0.034566292424589154,55.852034790078385,0.0
GNGT2,0.03454836110000401,55.846665950821425,0.0
SNAP91,0.03438694905432197,55.84129711156448,0.0
RPL35,0.03436701429256911,55.83592827230752,0.0
PRCP,0.034365044238016465,55.830559433050574,0.0
SRSF3,0.034340797298231356,55.825190593793614,0.0
ASNA1,0.03433452841130391,55.81982175453667,0.0
CPT1C,0.034318062345871814,55.81445291527972,0.0
UNC80,0.034301648965008716,55.809084076022764,0.0
LENG1,0.03428968173393042,55.80371523676582,0.0
STK25,0.03427160950927316,55.79834639750886,0.0
DNAJB7,0.03424825787568718,55.79297755825191,0.0
TBC1D23,0.034243487173092634,55.78760871899495,0.0
ETNPPL,0.03423261885811711,55.78223987973801,0.0
RAB4B,0.034203988342481464,55.77687104048105,0.0
GSTO1,0.03419389115299208,55.7715022012241,0.0
EIF4B,0.03417818040120427,55.76613336196714,0.0
ADRA2A,0.034167255948639605,55.76076452271019,0.0
RGL3,0.03411129335561385,55.75539568345324,0.0
IL34,0.03405070138590281,55.750026844196285,0.0
CCDC134,0.03405027583948391,55.74465800493933,0.0
PROSC,0.03404542589826724,55.73928916568238,0.0
MED13,0.03404523731166869,55.73392032642543,0.0
SOX10,0.03404517680862014,55.728551487168474,0.0
SMPD2,0.03394135725444782,55.723182647911514,0.0
RAB1B,0.0339367269345775,55.71781380865457,0.0
ACTN1,0.03387635136321534,55.71244496939761,0.0
KIF21B,0.033834866721379676,55.70707613014066,0.0
TSHZ2,0.03375208022326495,55.701707290883704,0.0
TRPC1,0.033743300070259066,55.69633845162676,0.0
DDX53,0.03372338321025091,55.6909696123698,0.0
ZNF225,0.033722469152651154,55.68560077311285,0.0
PPM1D,0.03371121794701727,55.68023193385589,0.0
BNIP3L,0.03370557506294,55.67486309459895,0.0
GTF3C2,0.0336861082128637,55.669494255342,0.0
FAM177A1,0.03368029030455113,55.66412541608504,0.0
SFXN2,0.03368020200047546,55.6587565768281,0.0
GLB1L2,0.03367800624044286,55.65338773757114,0.0
CBX4,0.0336740744604617,55.64801889831419,0.0
NCOA5,0.03362582131546327,55.64265005905723,0.0
RASSF1,0.033617730213817296,55.637281219800286,0.0
CPSF4,0.033607068473000865,55.631912380543326,0.0
GRAMD1A,0.03360341474726285,55.62654354128638,0.0
TRMT11,0.03356411994035833,55.62117470202942,0.0
SLMAP,0.03353784803487403,55.61580586277247,0.0
HCRTR1,0.0335329540643519,55.610437023515516,0.0
RPL39,0.03352925144900916,55.60506818425856,0.0
LEO1,0.033510485457560156,55.59969934500161,0.0
ACP2,0.03347762515348192,55.59433050574466,0.0
SPCS1,0.03347427878320493,55.588961666487705,0.0
XPO6,0.03341297883257856,55.58359282723075,0.0
EIF4H,0.033354524131248876,55.57822398797379,0.0
CCDC9,0.033352154368011824,55.57285514871685,0.0
UGT1A9,0.03332897702854125,55.56748630945989,0.0
NUDT19,0.03332439106255471,55.56211747020294,0.0
RASEF,0.0333199278130911,55.55674863094598,0.0
MXD4,0.03330496362082171,55.55137979168904,0.0
FABP1,0.033176350042319835,55.54601095243208,0.0
PXDC1,0.033165270805232225,55.54064211317513,0.0
SYNM,0.033151673579283746,55.535273273918186,0.0
SAMD9,0.03314671557845187,55.529904434661226,0.0
RBBP5,0.03312992235370591,55.52453559540428,0.0
TEAD3,0.03310288262728607,55.51916675614732,0.0
MSTN,0.03309400227886812,55.513797916890375,0.0
AREG,0.03307506421482907,55.508429077633416,0.0
OSER1,0.033062329851064304,55.50306023837647,0.0
FLRT2,0.03305643219851203,55.49769139911951,0.0
DGKZ,0.033050390304682355,55.49232255986256,0.0
LGALS8,0.03304477003307696,55.486953720605605,0.0
YTHDC1,0.033044532593965004,55.48158488134865,0.0
FASTKD2,0.033022273912225675,55.4762160420917,1.0
ATP5D,0.032940232038678435,55.47084720283475,0.0
CBLB,0.03292204979574016,55.465478363577795,0.0
CCDC15,0.032914269598528736,55.46010952432084,0.0
P2RY14,0.03290557208557972,55.45474068506388,0.0
RNF220,0.03289203522816295,55.44937184580694,0.0
CRTC3,0.03287120225955827,55.44400300654998,0.0
ITGAL,0.03286222751063779,55.43863416729303,0.0
EPCAM,0.03285932416433065,55.43326532803607,0.0
MON1A,0.032797140644146294,55.427896488779126,0.0
SLC43A1,0.03278947637597569,55.422527649522166,0.0
WDR44,0.03278831647606591,55.41715881026522,0.0
SMG8,0.03278048053564361,55.41178997100826,0.0
APOBEC2,0.03276810948979896,55.406421131751316,0.0
NOVA1,0.03276759389347656,55.40105229249437,0.0
USP11,0.032764725295660956,55.39568345323741,0.0
USP40,0.03271768566709311,55.390314613980465,0.0
CNPY3,0.03269702488257807,55.384945774723505,0.0
HELQ,0.032695498950330505,55.37957693546656,0.0
IL22RA1,0.032690915595450086,55.3742080962096,0.0
LSM4,0.03265731061920283,55.368839256952654,0.0
PLB1,0.03264754200805199,55.363470417695694,0.0
HAS1,0.03263443057285044,55.35810157843875,0.0
TBL3,0.032627647053801515,55.35273273918179,0.0
SLC7A2,0.032624076830089416,55.34736389992484,0.0
ERH,0.03261744126529399,55.341995060667884,0.0
STK11IP,0.032614963295473726,55.33662622141093,0.0
SSH3,0.03260666902170012,55.33125738215398,0.0
OR2A4,0.03260182610533372,55.325888542897026,0.0
ADIPOR2,0.03259643173931171,55.32051970364007,0.0
UBE2E2,0.03258164904117401,55.31515086438312,0.0
ENAH,0.03258113149634848,55.30978202512616,0.0
MRPS26,0.03258032108352653,55.304413185869215,0.0
SCN3B,0.03257260628827246,55.299044346612256,0.0
DNAJC4,0.032498345098298624,55.29367550735531,0.0
SPIDR,0.03249201025435772,55.28830666809835,0.0
EEF1G,0.032490355565250775,55.282937828841405,0.0
DNAJB1,0.03248320878322527,55.277568989584445,0.0
GABRA1,0.032475169329053095,55.2722001503275,0.0
CTDP1,0.032456969661214086,55.26683131107054,0.0
VEPH1,0.03245109107906153,55.261462471813594,0.0
KCTD14,0.032448073348644337,55.25609363255665,0.0
INO80D,0.0324423837129392,55.25072479329969,0.0
LRCH1,0.03242951996372298,55.24535595404274,0.0
PI4KB,0.03241157936998655,55.239987114785784,0.0
FRMD5,0.03236627317103101,55.23461827552884,0.0
ZNF302,0.03233017366062102,55.22924943627188,0.0
PELI1,0.032317925857183405,55.223880597014926,0.0
ATIC,0.03226660250958538,55.21851175775797,0.0
FAM189A2,0.032260084874978265,55.21314291850102,0.0
CLYBL,0.032161593074206296,55.20777407924407,0.0
MIER1,0.032089490647575596,55.202405239987115,0.0
CEP112,0.032081137499561534,55.19703640073016,0.0
XIRP1,0.032079066043783064,55.19166756147321,0.0
MRPS7,0.032053752255449056,55.18629872221625,0.0
NUB1,0.0320077662989635,55.180929882959305,0.0
CKMT1A,0.031995232604906367,55.175561043702345,0.0
MARCH3,0.03199484298983,55.1701922044454,0.0
HPD,0.03197914571954706,55.16482336518844,0.0
MYT1L,0.03197880331911935,55.159454525931494,0.0
PRR13,0.03190270698311726,55.154085686674534,0.0
PRKD3,0.031885470102376565,55.14871684741759,0.0
PJA2,0.031838985815263,55.14334800816063,0.0
PTPRD,0.03183087284770379,55.137979168903684,0.0
NMRAL1,0.031818912456362626,55.132610329646724,0.0
WDTC1,0.03179555240330912,55.12724149038978,0.0
PGLYRP2,0.03179390636134725,55.12187265113283,0.0
TMSB4Y,0.03179383563222391,55.11650381187587,0.0
HIST1H1E,0.03178861287127373,55.11113497261893,0.0
DYM,0.03170160497737843,55.10576613336197,0.0
KIAA1731,0.03167118828219374,55.10039729410502,0.0
RNF7,0.03166633792571336,55.09502845484806,0.0
SERAC1,0.03164300582919221,55.08965961559112,0.0
MZF1,0.03160916112956273,55.08429077633416,0.0
TBC1D16,0.03160893933530991,55.078921937077205,0.0
BBOX1,0.03155022853815766,55.07355309782025,0.0
UMOD,0.031526892353752736,55.0681842585633,0.0
CACNG4,0.03152256931903184,55.06281541930635,0.0
KLHL25,0.031521837361967134,55.057446580049394,0.0
WDR74,0.031503772064036005,55.05207774079244,0.0
ITGAX,0.031501114378907374,55.04670890153549,0.0
SNX12,0.03148556502134261,55.04134006227853,0.0
KLK6,0.03148191809182239,55.03597122302158,0.0
PPP2R3C,0.03147574240445819,55.030602383764624,0.0
PTPRN2,0.031446999537109575,55.02523354450768,0.0
MPC2,0.03144575280499848,55.01986470525072,0.0
QPRT,0.031412553039032086,55.01449586599377,0.0
NR3C2,0.03139957921511729,55.00912702673681,0.0
KHDRBS1,0.0313915571100967,55.00375818747987,0.0
PLCZ1,0.03138748466030128,54.99838934822291,0.0
PTPN1,0.03138233503603361,54.99302050896596,0.0
ACAD11,0.031373459021826415,54.987651669709,0.0
FBXO18,0.03134608234643056,54.98228283045206,0.0
MGST1,0.031320216661835404,54.97691399119511,0.0
ORC5,0.03128437654218297,54.97154515193815,0.0
ZKSCAN5,0.031268298834276884,54.966176312681206,0.0
CYP4B1,0.03125727741726266,54.960807473424246,0.0
NUSAP1,0.031253451445082084,54.955438634167294,0.0
MDP1,0.031237975065032536,54.95006979491034,0.0
CCDC88C,0.031228500006309,54.94470095565339,0.0
ORC4,0.031182705168429574,54.939332116396436,0.0
RTF1,0.03117293717210106,54.93396327713948,0.0
ATP5S,0.03114236034567851,54.92859443788253,0.0
C20orf96,0.03113058665041127,54.92322559862558,0.0
PPCDC,0.03112732687853658,54.91785675936862,0.0
GLO1,0.03112467848215651,54.91248792011167,0.0
NFIA,0.031108915231027157,54.90711908085471,0.0
HSF2BP,0.0311070853998996,54.90175024159777,0.0
CNOT10,0.03105853274886375,54.89638140234081,0.0
PDIA6,0.03105738336652276,54.89101256308386,0.0
TLR7,0.03105163370771281,54.8856437238269,0.0
NPAS2,0.03103838290845675,54.88027488456996,0.0
TG,0.0310342492856018,54.874906045313,0.0
DLX3,0.031014628325171035,54.86953720605605,0.0
OR14C36,0.0310069071624575,54.86416836679909,0.0
KRT23,0.03097376586572938,54.858799527542146,0.0
RAB15,0.03095271957332215,54.85343068828519,0.0
QTRT1,0.030949177685277073,54.84806184902824,0.0
FNDC1,0.03093959640671179,54.842693009771295,0.0
TSC22D1,0.03087745700743194,54.837324170514336,0.0
ASNS,0.03085244265066104,54.83195533125739,0.0
PROSER2,0.03082678283607823,54.82658649200043,0.0
TSEN2,0.03082652086500181,54.821217652743485,0.0
CEP95,0.03078954450611367,54.815848813486525,0.0
PGM2,0.030746529479966405,54.81047997422957,0.0
CALCOCO2,0.030743095574182512,54.80511113497262,0.0
CEP55,0.030739039983946975,54.79974229571567,1.0
BRAT1,0.0307389881036527,54.794373456458715,0.0
ANO2,0.030671629671686955,54.78900461720176,0.0
PDIA5,0.03066887435911163,54.78363577794481,0.0
KRT84,0.03065269435507429,54.77826693868786,0.0
SOX14,0.030645043540531137,54.7728980994309,0.0
CLK2,0.03064151801472322,54.76752926017395,0.0
DNAJA1,0.03062551746761661,54.76216042091699,0.0
XRCC6,0.030615384133693347,54.756791581660046,0.0
AKAP8,0.030600950472376664,54.751422742403086,0.0
KRT33A,0.030542770715192707,54.74605390314614,0.0
ENPP6,0.03052492156632647,54.74068506388918,0.0
CRCP,0.03051916032713122,54.735316224632236,0.0
CDC25B,0.030504776782728688,54.729947385375276,0.0
THNSL2,0.030504220512471127,54.72457854611833,0.0
VWA1,0.03046330514758198,54.71920970686137,0.0
TXLNB,0.03046107501430112,54.713840867604425,0.0
MISP,0.030416791123179816,54.70847202834748,0.0
TMEM230,0.0303981975734842,54.70310318909052,0.0
DCAF12,0.030384611844852517,54.697734349833574,0.0
RHNO1,0.03037096600784352,54.692365510576614,0.0
NLGN1,0.030369804140242297,54.68699667131966,0.0
EIF3E,0.030364539884119503,54.68162783206271,0.0
PIK3R5,0.03035799461785203,54.67625899280576,0.0
ATP8B4,0.030348120833720172,54.670890153548804,0.0
RPS6KB1,0.030341879706596103,54.66552131429185,0.0
CDK11A,0.030313638950509182,54.6601524750349,0.0
ZNF346,0.03031306019023643,54.654783635777946,0.0
RMI2,0.030250297418035928,54.649414796520986,0.0
MAP3K11,0.030237040184400397,54.64404595726404,0.0
SIPA1L2,0.03015568351596435,54.63867711800708,0.0
PPP1R3D,0.030150897424878524,54.633308278750135,0.0
FUBP1,0.030148886078167215,54.627939439493176,0.0
MRPL52,0.03014689803670243,54.62257060023623,0.0
TFG,0.030132870289900658,54.61720176097927,0.0
IRF4,0.030130138046232425,54.611832921722325,0.0
SULT1C2,0.0301113964378386,54.606464082465365,0.0
SMOC2,0.03010950687088624,54.60109524320842,0.0
CDHR5,0.030080521851421276,54.59572640395146,0.0
CLCA1,0.029984597570555223,54.590357564694514,0.0
MYBPC1,0.029916463577825902,54.584988725437555,0.0
NLRC3,0.02990561880899666,54.57961988618061,0.0
UBE2V1,0.029884664886812733,54.57425104692365,0.0
KLHL23,0.029848078338123852,54.568882207666704,0.0
RAD51AP1,0.029821667231199757,54.56351336840976,0.0
APBB1,0.029816275160455808,54.5581445291528,0.0
RGS18,0.029800406761987974,54.55277568989585,0.0
ZNF420,0.02979788427677409,54.54740685063889,0.0
YDJC,0.029730880287099644,54.54203801138194,0.0
NEURL4,0.029698583927537908,54.53666917212499,0.0
GATA5,0.029690599655710533,54.531300332868035,0.0
OR5V1,0.029681571069079732,54.52593149361108,0.0
KCNK9,0.029680918942652335,54.52056265435413,0.0
CCT4,0.029658106112100947,54.51519381509718,0.0
CRLF3,0.0296433717913619,54.509824975840225,0.0
BAZ2B,0.02964259305855287,54.504456136583265,0.0
SLC32A1,0.02961378201858724,54.49908729732632,0.0
OAS2,0.02957709340735427,54.49371845806936,0.0
PDLIM2,0.02945709233346099,54.488349618812414,0.0
SS18L1,0.02944456156405078,54.482980779555454,0.0
SLC35B2,0.029430108695353962,54.47761194029851,0.0
ELP5,0.029419908912443317,54.47224310104155,0.0
PHF12,0.02941854016703254,54.466874261784604,0.0
FCGRT,0.029364319537572386,54.461505422527644,0.0
NQO1,0.029344386309942544,54.4561365832707,0.0
ZNF232,0.029329335704889076,54.45076774401374,0.0
TRIM71,0.02930922764125863,54.44539890475679,0.0
ERN1,0.02930659879379279,54.44003006549983,0.0
ZDHHC8,0.0292946070037162,54.43466122624289,0.0
COBLL1,0.029243515441604077,54.42929238698594,0.0
GRIA1,0.02923199233635724,54.42392354772898,0.0
MYL3,0.029196845018627952,54.41855470847203,0.0
CMSS1,0.029196633371577,54.41318586921508,0.0
MED13L,0.029180887923097486,54.407817029958125,0.0
PLA2G10,0.029180091839475952,54.40244819070117,0.0
SMCR8,0.02912024548554986,54.39707935144422,0.0
RAB11FIP5,0.029110079495632418,54.39171051218727,0.0
STAC,0.02910521408590162,54.386341672930314,0.0
ERF,0.029099668609916057,54.380972833673354,0.0
CSTF1,0.029094920535554895,54.37560399441641,0.0
NRSN2,0.029054112044564012,54.37023515515945,0.0
HSPA4,0.029025095572188787,54.3648663159025,0.0
POLM,0.029015586020567113,54.359497476645544,0.0
MINOS1,0.02899054190836135,54.3541286373886,0.0
FAP,0.028987846778233427,54.34875979813164,0.0
DHRS2,0.02898762944830862,54.34339095887469,0.0
TMEM14B,0.028979948145176543,54.33802211961773,0.0
PHLPP1,0.02893745688853331,54.33265328036079,0.0
RCN3,0.02889064538214308,54.32728444110383,0.0
B4GALNT4,0.028880354285932636,54.32191560184688,0.0
SNRPD1,0.028865728632814273,54.31654676258992,0.0
TRAF3,0.02884167007191083,54.31117792333298,0.0
FAM46A,0.02883430167734971,54.30580908407602,0.0
PYCRL,0.028824164384619332,54.30044024481907,0.0
MSANTD2,0.028819406326265347,54.29507140556211,0.0
C2orf88,0.028807688703130323,54.289702566305166,0.0
CNN3,0.02879489677671581,54.28433372704822,0.0
RHPN1,0.028767617866089213,54.27896488779126,0.0
CLDN4,0.02874432456888932,54.27359604853431,0.0
AGO3,0.02872422065352164,54.268227209277356,0.0
RNF141,0.02870738002928447,54.2628583700204,0.0
EIF5B,0.02870721795518922,54.25748953076345,0.0
ACTL6B,0.028688329763884503,54.2521206915065,0.0
CDC23,0.028674094876467816,54.246751852249545,0.0
UFD1L,0.028621732349237122,54.24138301299259,0.0
PSKH1,0.028615658702898134,54.23601417373563,0.0
SPAG1,0.02858934204790468,54.23064533447869,0.0
CSRP2BP,0.028574136932935847,54.22527649522173,0.0
CD38,0.028572759323004616,54.21990765596478,0.0
USP1,0.028563161270240434,54.21453881670782,0.0
FBXO42,0.028511297219565933,54.20916997745088,0.0
SLC35G2,0.028493021276104185,54.20380113819392,0.0
E2F7,0.028435356985359782,54.19843229893697,0.0
ABCG1,0.028434333963194624,54.19306345968001,0.0
ST5,0.028422376724789172,54.187694620423066,0.0
NLK,0.028403286716984038,54.18232578116611,0.0
SSPN,0.02838319399266349,54.17695694190916,0.0
ORC2,0.02838226609986169,54.1715881026522,0.0
CYFIP2,0.02833209545039909,54.166219263395256,0.0
BEX5,0.028319120832946486,54.160850424138296,0.0
ABCG4,0.02830438907355893,54.15548158488135,0.0
GGN,0.028300429460789443,54.1501127456244,0.0
RAB11FIP2,0.028244689332856378,54.144743906367445,0.0
SWI5,0.028241890624431647,54.13937506711049,0.0
RHEBL1,0.02815788921806392,54.13400622785354,0.0
SRP19,0.028147109204129543,54.12863738859659,0.0
DDT,0.02813368863692798,54.123268549339635,0.0
PNPLA3,0.028122322558831382,54.11789971008268,0.0
KTI12,0.028116200921494822,54.11253087082572,0.0
VRK3,0.028054029401631854,54.10716203156878,0.0
PHF23,0.027996517887158713,54.10179319231182,0.0
SNRNP40,0.027957127407979294,54.09642435305487,0.0
TXNL4B,0.027940405653959527,54.09105551379791,0.0
ASTN1,0.027939947655121523,54.085686674540966,0.0
ZDHHC3,0.0279127713290108,54.080317835284006,0.0
LNX1,0.027864974634926144,54.07494899602706,0.0
GID8,0.02781489630393605,54.0695801567701,0.0
RNF5,0.02779689061152235,54.064211317513156,0.0
CPNE9,0.02773648544985912,54.058842478256196,0.0
SYMPK,0.027723156954164847,54.05347363899925,0.0
PARP12,0.02770673877956294,54.04810479974229,0.0
APEH,0.027702562004441766,54.042735960485345,0.0
NAT14,0.027701214041548426,54.037367121228385,0.0
PIWIL4,0.027696498094883965,54.03199828197144,0.0
RSPH4A,0.027674189587502986,54.02662944271448,0.0
DNAJC2,0.0276729174995916,54.021260603457534,0.0
PLAC9,0.027628504011642196,54.01589176420059,0.0
IFITM1,0.02762593833783351,54.01052292494363,0.0
GH1,0.027608397863266316,54.00515408568668,0.0
RNLS,0.02758189183149299,53.999785246429724,0.0
BCL6,0.02755596784795364,53.99441640717277,0.0
CERS2,0.027507413620843118,53.98904756791582,0.0
NANP,0.027488481478478977,53.983678728658866,0.0
UHRF2,0.027475727772782975,53.97830988940191,0.0
SCAND1,0.027448508637733175,53.97294105014496,0.0
SHC2,0.02742593289719835,53.967572210888,0.0
MAPK8IP1,0.02739990841336586,53.962203371631055,0.0
PSMD1,0.02734710603804292,53.956834532374096,0.0
PDE1C,0.027342780194888137,53.95146569311715,0.0
PHACTR1,0.027341491850153173,53.94609685386019,0.0
CYP2R1,0.027340816626225044,53.940728014603245,0.0
PCED1A,0.027306160052142432,53.935359175346285,0.0
PCDHGC5,0.027298768483155954,53.92999033608934,0.0
PPP2CA,0.02728116903653761,53.92462149683238,0.0
APLP1,0.027276391521387923,53.919252657575434,0.0
EPN1,0.02727318618210265,53.913883818318475,0.0
RPN1,0.02726773137735029,53.90851497906153,0.0
AES,0.027260674224386345,53.90314613980457,0.0
FOXJ2,0.027251192996147762,53.897777300547624,0.0
STX8,0.02724653545071401,53.892408461290664,0.0
MS4A3,0.027242388806106098,53.88703962203372,0.0
SNX2,0.027241502124580364,53.88167078277676,0.0
PIAS1,0.02723119952763456,53.87630194351981,0.0
EXOC3,0.027224124867997957,53.87093310426286,0.0
WDR96,0.027216151305008467,53.86556426500591,0.0
GALNT3,0.027180448975740033,53.860195425748955,0.0
SIGLEC10,0.02716107754530537,53.854826586492,0.0
CCNB3,0.027150885051129826,53.84945774723505,0.0
USP48,0.02714363190329529,53.84408890797809,0.0
CBR1,0.027137911193953635,53.838720068721145,0.0
RGMB,0.027077381084610684,53.833351229464185,0.0
KIAA1586,0.027047273865527903,53.82798239020724,0.0
CCNC,0.027029819711237912,53.82261355095028,0.0
GLRX5,0.02702823734948569,53.817244711693334,0.0
KRT74,0.02702744930737503,53.811875872436374,0.0
ARAP2,0.02701482950630147,53.80650703317943,0.0
ZC3H7B,0.02698554728681764,53.80113819392247,0.0
CXCR3,0.02698191881516221,53.795769354665524,0.0
LDHAL6A,0.026949991529616597,53.790400515408564,0.0
HCN3,0.026949287026505987,53.78503167615162,0.0
TUBE1,0.02694110548454261,53.77966283689466,0.0
HCN4,0.026938463847189804,53.77429399763771,0.0
C4BPA,0.02692644095835007,53.76892515838075,0.0
SNX15,0.026839850290719523,53.76355631912381,0.0
GPT,0.0268381845190148,53.75818747986685,0.0
GPAM,0.026837928201701177,53.7528186406099,0.0
TRIM8,0.026829276386653195,53.74744980135294,0.0
TMEM199,0.026808301853270676,53.742080962096,0.0
MSGN1,0.026790896518009987,53.736712122839045,0.0
TRMT112,0.02674868615029081,53.73134328358209,0.0
BTF3L4,0.026744855409586814,53.72597444432514,0.0
VPS18,0.026731900488675193,53.72060560506819,0.0
ADAM11,0.026716286865652594,53.715236765811234,0.0
TTC18,0.026709572981487024,53.70986792655428,0.0
TPO,0.026704806707636992,53.70449908729733,0.0
HSPH1,0.026682942415241946,53.69913024804037,0.0
PRKAR1B,0.026638692587498024,53.69376140878342,0.0
RAP1GDS1,0.02663803308725889,53.688392569526464,0.0
MALSU1,0.026625205238364712,53.68302373026952,0.0
FGR,0.026604617630522076,53.67765489101256,0.0
UBE2I,0.026601867448907864,53.67228605175561,0.0
ATP1B1,0.02658686273034261,53.66691721249865,0.0
PCGF5,0.02655959794431778,53.66154837324171,0.0
MPHOSPH8,0.02654442354508989,53.65617953398475,0.0
ECSCR,0.02652026664798135,53.6508106947278,0.0
OR2J1,0.026495461774071704,53.64544185547084,0.0
PNMA2,0.026492087811846275,53.6400730162139,0.0
TPD52L1,0.02642708583371866,53.63470417695694,0.0
FRMPD2,0.02642475578597516,53.62933533769999,0.0
CDC42BPB,0.02641060507610407,53.62396649844303,0.0
DCLK1,0.026388374670531057,53.618597659186086,0.0
NEK3,0.026384313670959364,53.61322881992913,0.0
UNK,0.026382369481525725,53.60785998067218,0.0
CARF,0.026356287838833297,53.60249114141522,0.0
GPALPP1,0.026349713243353466,53.597122302158276,0.0
EHBP1,0.026349171351362714,53.59175346290132,0.0
FAAH2,0.026330887659119562,53.58638462364437,0.0
GUCD1,0.026314320526485968,53.58101578438742,0.0
UBL4A,0.026312733787157788,53.57564694513046,0.0
STAT5A,0.026310647825557042,53.57027810587351,0.0
PIGP,0.02629129332430402,53.56490926661655,0.0
CAAP1,0.026282417303997458,53.55954042735961,0.0
THTPA,0.026282079889990977,53.55417158810265,0.0
ZNF227,0.026238928415073498,53.5488027488457,0.0
CLU,0.02623349873858046,53.54343390958874,0.0
ZNF862,0.026229691988116262,53.5380650703318,0.0
TMUB2,0.026227898317226488,53.53269623107484,0.0
HFM1,0.02621810971557239,53.52732739181789,0.0
NOP56,0.02620958384888993,53.52195855256093,0.0
TAS2R40,0.026199285343305866,53.516589713303986,0.0
MGAM,0.026195300863907978,53.51122087404703,0.0
CILP2,0.026188581588489968,53.50585203479008,0.0
PTAFR,0.026188189834554187,53.50048319553312,0.0
DEFB1,0.026176265795514436,53.495114356276176,0.0
TLE4,0.026143699052610277,53.489745517019216,0.0
ORAI3,0.02609126970940654,53.48437667776227,0.0
LIMD1,0.02601044627093681,53.47900783850531,0.0
BHLHA15,0.025999960413394065,53.473638999248365,0.0
OR9A2,0.025989401080351804,53.468270159991405,0.0
THOC1,0.02598531329508802,53.46290132073446,0.0
GIGYF1,0.025977378050181077,53.45753248147751,0.0
UTP14C,0.02595597110172383,53.452163642220555,0.0
ZNF426,0.02595295019951211,53.4467948029636,0.0
RPLP0,0.02595260645765895,53.44142596370665,0.0
LMLN,0.025895072944353337,53.4360571244497,0.0
KRT7,0.025875308443323523,53.43068828519274,0.0
GIMAP4,0.025869851615957274,53.42531944593579,0.0
ANTXR2,0.025864424684335356,53.41995060667883,0.0
INO80B,0.02585825045255869,53.414581767421886,0.0
RECQL,0.025854290756767977,53.409212928164926,0.0
GNA12,0.0258443903998407,53.40384408890798,0.0
SNX27,0.025838287860233112,53.39847524965102,0.0
PRR14L,0.0258245818627246,53.393106410394076,0.0
SMC1B,0.025823878715591518,53.387737571137116,0.0
ST3GAL3,0.02580992976582403,53.38236873188017,0.0
MAP4K5,0.02573615957601207,53.37699989262321,0.0
CACNA2D1,0.025700622961097715,53.371631053366265,0.0
RFC4,0.02568235043265381,53.366262214109305,0.0
TULP4,0.02567495734582396,53.36089337485236,0.0
TMEM129,0.025672400258905277,53.3555245355954,0.0
ERP44,0.025625202494684817,53.350155696338454,0.0
MSH5,0.02562393138650019,53.344786857081495,0.0
AAGAB,0.025614181596019008,53.33941801782455,0.0
CHN1,0.025549520424448545,53.33404917856759,0.0
SP2,0.025537800781647878,53.328680339310644,0.0
CLDN7,0.02553681795748685,53.32331150005369,0.0
RAP2C,0.025528921537110116,53.31794266079674,0.0
GPR15,0.025521901049572866,53.312573821539786,0.0
TMEM176B,0.025492922574530952,53.307204982282826,0.0
DUSP23,0.025477888052367982,53.30183614302588,0.0
FBXO40,0.025470063705473344,53.29646730376892,0.0
PGAM1,0.0254626222827044,53.291098464511975,0.0
DDX1,0.025460986890928204,53.285729625255016,0.0
CES3,0.025457185878160073,53.28036078599807,0.0
FPR2,0.02543452979222722,53.27499194674111,0.0
CAB39,0.02541175746250814,53.269623107484165,0.0
KLHL31,0.02540828447392266,53.264254268227205,0.0
RAI2,0.025397020453258933,53.25888542897026,0.0
SMG7,0.025387430569006064,53.2535165897133,0.0
RNF135,0.025367384758161353,53.248147750456354,0.0
UBE2D1,0.025351277509588276,53.242778911199395,0.0
TMEM54,0.025349274016852174,53.23741007194245,0.0
ADAMTS1,0.02532855734359038,53.23204123268549,0.0
TCF25,0.025325450864372278,53.226672393428544,0.0
NMB,0.02531986559789908,53.221303554171584,0.0
TOMM20,0.025295703462751257,53.21593471491464,0.0
BLVRA,0.02529410831834366,53.21056587565768,0.0
TAL1,0.025293056570340155,53.20519703640073,0.0
MLLT1,0.02527298897014833,53.19982819714377,0.0
KCND3,0.025220996196579443,53.19445935788683,0.0
NDFIP1,0.025199440173063713,53.18909051862987,0.0
VWA5B2,0.02518781700988205,53.18372167937292,0.0
ZNF646,0.025185653122794666,53.17835284011597,0.0
RPL18,0.025174938657723106,53.17298400085902,0.0
SBK1,0.025173812894827795,53.167615161602065,0.0
CSNK2B,0.02515419311553251,53.162246322345105,0.0
RAVER2,0.02512983709097502,53.15687748308816,0.0
NXF5,0.025065091888012557,53.1515086438312,0.0
UBXN10,0.025054767404293965,53.146139804574254,0.0
CYHR1,0.025053083020639594,53.140770965317294,0.0
OR2T5,0.024994165033705967,53.13540212606035,0.0
KIAA1551,0.02499234348679879,53.13003328680339,0.0
MRC2,0.0249834606605004,53.124664447546444,0.0
DBF4,0.024976882560742708,53.119295608289484,0.0
IKBKB,0.024975691687197467,53.11392676903254,0.0
FBLIM1,0.02496469980070392,53.10855792977558,0.0
DDX39A,0.024960513682657625,53.10318909051863,0.0
DOK5,0.024958034126927167,53.09782025126167,0.0
PECR,0.024955073374624544,53.09245141200473,0.0
NTSR2,0.024935632243510503,53.08708257274777,0.0
SAR1A,0.024934733524190997,53.08171373349082,0.0
LIN9,0.024928961712702077,53.07634489423386,0.0
FCER1G,0.024911834187942097,53.07097605497692,0.0
KRT20,0.024882990725934688,53.06560721571996,0.0
NOL7,0.024882768247209235,53.06023837646301,0.0
LGALSL,0.02487254217139805,53.05486953720605,0.0
ECHDC1,0.02486557168427199,53.04950069794911,0.0
INPP5A,0.02484412080797451,53.044131858692154,0.0
MEAF6,0.02484189092027802,53.038763019435194,0.0
RAPGEF6,0.024831813378939704,53.03339418017825,0.0
KCTD10,0.02480482427740237,53.02802534092129,0.0
GOLPH3,0.0247953163168654,53.02265650166434,0.0
HEATR6,0.024725472864674358,53.017287662407384,0.0
RPS6KA5,0.02468000670856526,53.01191882315044,0.0
DHDDS,0.024597275864862853,53.00654998389348,1.0
PDE3A,0.024574173859454464,53.00118114463653,0.0
PKN1,0.02452833339820248,52.99581230537957,0.0
KRT15,0.024519577478165154,52.99044346612263,0.0
KHSRP,0.024513177214939376,52.98507462686567,0.0
PRMT2,0.02449264525227035,52.97970578760872,0.0
RPS21,0.024481996883884402,52.97433694835176,0.0
DIP2A,0.024471432396374764,52.96896810909482,0.0
ACAP1,0.024470420654885854,52.96359926983786,0.0
FRMD8,0.024468975859294455,52.95823043058091,0.0
MOV10L1,0.024464864407262747,52.95286159132395,0.0
PDP2,0.024455966174690653,52.94749275206701,0.0
CD300A,0.024454919890362917,52.94212391281005,0.0
ABCC3,0.024436998884820333,52.9367550735531,0.0
IFITM2,0.024424612308053976,52.93138623429614,0.0
CPEB4,0.024401349395174535,52.926017395039196,0.0
EIF1AY,0.024389485448045804,52.920648555782236,0.0
ASGR1,0.024380201213540557,52.91527971652529,0.0
TMC6,0.02437614471329842,52.90991087726833,0.0
GPR155,0.02436630782171205,52.904542038011385,0.0
SULT1C4,0.024358947030771606,52.89917319875443,0.0
SRRD,0.02433657391208397,52.89380435949747,0.0
RPL3,0.024335569060154327,52.88843552024053,0.0
CATSPERB,0.024334193087491022,52.88306668098357,0.0
TMEM246,0.024326394257860307,52.87769784172662,0.0
VAPB,0.024304051889123428,52.87232900246966,0.0
SCGB3A1,0.024272271126160913,52.86696016321272,0.0
CASKIN1,0.02425089029064226,52.86159132395576,0.0
RBM23,0.02424354039096815,52.85622248469881,0.0
NLRP9,0.024237427746540502,52.85085364544185,0.0
PLGRKT,0.024228184057032844,52.845484806184906,0.0
CD81,0.02421521307424609,52.84011596692795,0.0
TSR3,0.024198094201704108,52.834747127671,0.0
BUD13,0.02418599281044055,52.82937828841404,0.0
VKORC1L1,0.024154744867069165,52.824009449157096,0.0
ACIN1,0.024150207835106574,52.818640609900136,0.0
NCAN,0.024126590833864245,52.81327177064319,0.0
UBXN6,0.024126308696251104,52.80790293138623,0.0
RSPH3,0.02410197670303723,52.802534092129285,0.0
ZNF598,0.024065562225303587,52.797165252872325,0.0
FAM219B,0.024041419459380597,52.79179641361538,0.0
ST18,0.02402384076513584,52.78642757435842,0.0
SUMO2,0.023993011523517797,52.781058735101475,0.0
GLS,0.02399117997320086,52.775689895844515,0.0
NELFA,0.02397633463824244,52.77032105658756,0.0
ZADH2,0.023948100947556,52.76495221733062,0.0
BAIAP2,0.023943960132400504,52.75958337807366,0.0
NOX4,0.023910103402866884,52.75421453881671,0.0
IDE,0.023902504388750544,52.74884569955975,0.0
RNF40,0.023896318734085903,52.743476860302806,0.0
IER5,0.02387374927532064,52.738108021045846,0.0
C11orf63,0.02386451844840401,52.7327391817889,0.0
SIDT1,0.023863176581787403,52.72737034253194,0.0
ARHGEF4,0.023849402227847618,52.722001503274996,0.0
TMEM255B,0.02384461014771217,52.716632664018036,0.0
FAM131B,0.023830408561204254,52.71126382476109,0.0
BTN2A2,0.023830159237822522,52.70589498550413,0.0
AFAP1L2,0.02378916092451189,52.700526146247185,0.0
ICAM3,0.023785587574717593,52.695157306990225,0.0
SIGMAR1,0.023756363505399766,52.68978846773328,0.0
TICRR,0.023753663196250104,52.68441962847632,0.0
UBAP2L,0.02375353866475747,52.679050789219374,0.0
POF1B,0.023743465322696646,52.673681949962415,0.0
NXF3,0.023717494063543666,52.66831311070547,0.0
CCL5,0.02370805038411556,52.66294427144851,0.0
TMEM92,0.023700033786377698,52.657575432191564,0.0
APOBEC3B,0.023685705345306028,52.652206592934604,0.0
ITGAM,0.023649827916247906,52.64683775367766,0.0
HIST1H2BH,0.023638382983130892,52.6414689144207,0.0
ADSSL1,0.02362914377625011,52.63610007516375,0.0
KRT72,0.023607491301884356,52.6307312359068,0.0
L3HYPDH,0.02359043590566603,52.62536239664984,0.0
MIPEP,0.02358658095687913,52.619993557392895,0.0
SEC16B,0.02358628527502142,52.614624718135936,0.0
GINS2,0.02358571043642916,52.60925587887899,0.0
IQCK,0.02351009935698818,52.60388703962203,0.0
SLC18B1,0.023501852809690773,52.598518200365085,0.0
YPEL3,0.023494689612146492,52.593149361108125,0.0
ZC3H12C,0.023486278887145617,52.58778052185118,0.0
FCER1A,0.02346149502901203,52.58241168259422,0.0
CCNE1,0.02345948436761962,52.577042843337274,0.0
MAT2A,0.02344068344046457,52.571674004080315,0.0
ATAD2,0.02343152891929196,52.56630516482337,0.0
RANBP1,0.023424183083364795,52.56093632556641,0.0
THSD4,0.02341446613926506,52.555567486309464,0.0
DDX3Y,0.0234099678263797,52.550198647052504,0.0
INADL,0.02340564716206338,52.54482980779556,0.0
CD302,0.023374350899156134,52.5394609685386,0.0
GSTA2,0.02336498337710003,52.53409212928165,0.0
SGMS1,0.023364723885147144,52.52872329002469,0.0
PIP5K1B,0.02333181894004451,52.52335445076775,0.0
STX3,0.023322147233150257,52.51798561151079,0.0
SIAH2,0.023320361725487373,52.51261677225384,0.0
NOP2,0.02331237265705401,52.50724793299688,0.0
UBE2W,0.023305830767013407,52.50187909373993,0.0
GPRASP2,0.023297507670740635,52.49651025448298,0.0
MTA3,0.023288937755369745,52.491141415226025,0.0
RPL37A,0.023233153968712558,52.48577257596908,0.0
NEU2,0.023229286570856298,52.48040373671212,0.0
PDE7A,0.023223340787809164,52.475034897455174,0.0
GABPB1,0.023204331251489144,52.469666058198214,0.0
SLC12A3,0.023202405396,52.46429721894127,0.0
CCM2L,0.023194841601223322,52.45892837968431,0.0
ACAA1,0.02317233945102059,52.453559540427364,0.0
ZC3H12D,0.023158610848709717,52.448190701170404,0.0
TOM1,0.02313372544939269,52.44282186191346,0.0
LYL1,0.023082548205228662,52.4374530226565,0.0
EFHD2,0.023070662126059616,52.43208418339955,0.0
HYLS1,0.02306616986973347,52.42671534414259,0.0
POP4,0.023063910518296517,52.42134650488565,0.0
ELANE,0.023045988331727215,52.41597766562869,0.0
ANTXR1,0.02303511300216593,52.41060882637174,0.0
CCT6A,0.023030164751662596,52.40523998711478,0.0
MPHOSPH6,0.022972327454745225,52.39987114785784,0.0
ANKRD13B,0.022940553689459617,52.39450230860088,0.0
RPL30,0.02293554687807036,52.38913346934393,0.0
OR2L5,0.022927393607931786,52.38376463008697,0.0
TRIM16L,0.022877559246674752,52.37839579083003,0.0
SNRNP70,0.022832183189785395,52.37302695157307,0.0
TRIM47,0.022801102012216492,52.36765811231612,0.0
LPIN3,0.022779192116162285,52.36228927305916,0.0
POLR2J,0.022772080288416235,52.35692043380221,0.0
HIST1H2AJ,0.022722167670316814,52.35155159454526,0.0
ZNF92,0.0227053498032292,52.346182755288304,0.0
CA6,0.022680414977220405,52.34081391603136,0.0
WDR66,0.02264418499807998,52.3354450767744,0.0
CILP,0.022635040412245684,52.33007623751745,0.0
FAM160B2,0.0226232273002679,52.32470739826049,0.0
STAT5B,0.022618594041174535,52.31933855900355,0.0
RNPEPL1,0.022585307688371716,52.31396971974659,0.0
SQLE,0.02251731474637713,52.30860088048964,0.0
PRICKLE2,0.022505992931390856,52.30323204123268,0.0
SERPINB11,0.022492222357532964,52.29786320197574,0.0
ME1,0.022441752781351493,52.29249436271878,0.0
EYA2,0.022441368453043058,52.28712552346183,0.0
DPY30,0.02242413929358576,52.28175668420487,0.0
TRAPPC2L,0.022411792147194624,52.27638784494793,0.0
HSPA12B,0.02239574051276997,52.27101900569097,0.0
TRPC4,0.02234754285182571,52.26565016643402,0.0
TFAP2D,0.02234703094925692,52.26028132717706,0.0
MPO,0.022345422375213427,52.254912487920116,0.0
PSMB3,0.022330981067771743,52.249543648663156,0.0
LBH,0.022312778399903237,52.24417480940621,0.0
ZNF25,0.022312266645738807,52.23880597014925,0.0
VIMP,0.022275275177602288,52.2334371308923,0.0
KPNA1,0.02226087603298426,52.228068291635346,0.0
ARF6,0.022253456457402784,52.22269945237839,0.0
FAM131C,0.022251566123272483,52.21733061312144,0.0
COA5,0.022236642542532208,52.21196177386449,0.0
JOSD2,0.022231627832864108,52.20659293460754,0.0
VPS26A,0.022226601332690214,52.20122409535058,0.0
AMER2,0.022206221394081876,52.19585525609364,0.0
UBE2G2,0.022201842475095344,52.19048641683668,0.0
GALM,0.022160520491772664,52.18511757757973,0.0
ZHX3,0.022158705145565016,52.17974873832277,0.0
RALY,0.02213365599978553,52.174379899065826,0.0
IPP,0.022129517043693453,52.16901105980887,0.0
FN3KRP,0.022129512013803053,52.16364222055192,0.0
GLTSCR1L,0.022123184208622172,52.15827338129496,0.0
SLC6A15,0.022087403425323997,52.152904542038016,0.0
FBXL14,0.02205666697931469,52.147535702781056,0.0
RPS6KA2,0.022055065087725485,52.14216686352411,0.0
POPDC2,0.022033944861157832,52.13679802426715,0.0
RPL7A,0.022030141098532713,52.131429185010205,0.0
CARNS1,0.02201769126678062,52.126060345753245,0.0
CRLF2,0.022011420262901107,52.1206915064963,0.0
PPP6R2,0.02200138331142588,52.11532266723934,0.0
CREB3L4,0.021977507017424226,52.109953827982395,0.0
ZFYVE9,0.021964447651122283,52.104584988725435,0.0
PTOV1,0.02194106186050824,52.09921614946849,0.0
OGFOD1,0.02192796161317522,52.09384731021153,0.0
RABL2B,0.021927870607077994,52.08847847095458,0.0
MGEA5,0.021916746482961137,52.083109631697624,0.0
ZNF419,0.02191395252156086,52.07774079244067,0.0
UNC13C,0.0218986375830048,52.072371953183726,0.0
ZNF671,0.021897568127489525,52.067003113926766,0.0
XK,0.02189585002219381,52.06163427466982,0.0
MAST1,0.021891687993283792,52.05626543541286,0.0
CATSPER4,0.021875916325975457,52.050896596155916,0.0
KIF4A,0.021862430273371,52.045527756898956,0.0
SFPQ,0.021847445056393345,52.04015891764201,0.0
CCDC22,0.021838641284614036,52.03479007838505,0.0
BIVM,0.02183671635589349,52.029421239128105,0.0
PDE11A,0.021815960930398337,52.024052399871145,0.0
EPS8L3,0.021791765561383552,52.0186835606142,0.0
APLF,0.021781139662235046,52.01331472135724,0.0
SIAE,0.021760708271450553,52.007945882100294,0.0
TMEM71,0.02174569090935565,52.002577042843335,0.0
BCL6B,0.021741400917001174,51.99720820358639,0.0
FGF14,0.02173540454410012,51.99183936432943,0.0
MUCL1,0.0217318284396985,51.986470525072484,0.0
NR2F6,0.021715423687497955,51.981101685815524,0.0
SLCO1B7,0.021706962794757503,51.97573284655858,0.0
TAS2R50,0.021663536497186643,51.97036400730162,0.0
CNOT8,0.02165245654521533,51.964995168044666,0.0
SNRNP35,0.02159582120306036,51.959626328787714,0.0
EMP2,0.021586413903773888,51.95425748953076,0.0
UBL7,0.021573594215388243,51.94888865027381,0.0
BAG5,0.021562186894720385,51.943519811016856,0.0
ANAPC7,0.021556590443721095,51.93815097175991,0.0
RUNX3,0.021548069473049814,51.93278213250295,0.0
GIP,0.021540846787505598,51.927413293246005,0.0
ARHGAP18,0.02153708882920031,51.922044453989045,0.0
LIX1L,0.021522371320421733,51.9166756147321,0.0
MBOAT2,0.021520264731890282,51.91130677547514,0.0
ALG3,0.021513247471345708,51.905937936218194,1.0
PTTG1,0.021506717855304777,51.900569096961235,0.0
GCDH,0.021492849216500638,51.89520025770429,0.0
CLCNKB,0.021483507850317583,51.88983141844733,1.0
RUNX1T1,0.021474042304942036,51.884462579190384,0.0
GDPD1,0.021469035867389418,51.879093739933424,0.0
OASL,0.021455021773771385,51.87372490067648,0.0
NR5A2,0.021453855387224028,51.86835606141952,0.0
PPP1R3B,0.021452213429567196,51.86298722216257,0.0
ZNF593,0.021444605807897366,51.85761838290561,0.0
FOSL2,0.021420292199089464,51.85224954364867,0.0
GLIPR1,0.02141725093816548,51.84688070439171,0.0
ADAMTSL3,0.0213830744939246,51.84151186513476,0.0
OBFC1,0.0213742321429926,51.8361430258778,0.0
PKLR,0.02136542468280036,51.83077418662086,0.0
RBM33,0.021358184646272125,51.8254053473639,0.0
SPANXN4,0.021336144543261246,51.820036508106945,0.0
MYOM3,0.021329950009417335,51.81466766884999,0.0
ALKBH2,0.02129891848158274,51.80929882959304,0.0
BDKRB1,0.021272531192596512,51.80392999033609,0.0
AGO2,0.021271953781239854,51.798561151079134,0.0
PPP2R5E,0.021267592539388168,51.79319231182219,0.0
PMS1,0.021237214788181864,51.78782347256523,0.0
TAS2R7,0.0212359149201539,51.782454633308284,0.0
NUP205,0.02122621763758341,51.777085794051324,0.0
OR51G1,0.02121111760029162,51.77171695479438,0.0
DMRT3,0.021169093817764537,51.76634811553742,0.0
SI,0.021153641299917956,51.76097927628047,0.0
ACBD7,0.021150733482500395,51.75561043702351,0.0
TRIM23,0.02114489119438587,51.75024159776657,0.0
AK3,0.02111825617847981,51.74487275850961,0.0
SLC9B2,0.021107072540399705,51.73950391925266,0.0
ACSF3,0.021099737643903063,51.7341350799957,0.0
CYSTM1,0.021074775618330245,51.72876624073876,0.0
CORO1B,0.02106104177611512,51.7233974014818,0.0
PRRG2,0.02105364902743376,51.71802856222485,0.0
RBPJL,0.021050169140397347,51.71265972296789,0.0
KLHL8,0.021039178220035173,51.70729088371095,0.0
PMF1,0.021020929684843086,51.70192204445399,0.0
TBL1XR1,0.021009722803310673,51.696553205197034,0.0
ZNF613,0.021004792632438436,51.69118436594008,0.0
MXD3,0.020987250834464035,51.68581552668313,0.0
GLTP,0.02095632701436504,51.680446687426176,0.0
DUS3L,0.020922887752003433,51.675077848169224,0.0
NUP37,0.02091102397962071,51.66970900891227,0.0
TMEM185A,0.020867790990419934,51.66434016965532,0.0
TLK1,0.020861531839461957,51.65897133039837,0.0
FAM107A,0.02084006123821661,51.65360249114141,0.0
HTR7,0.020821130134441247,51.64823365188447,0.0
TNNC1,0.020812552669810972,51.64286481262751,0.0
PRKG2,0.020749961897712124,51.63749597337056,0.0
SMYD2,0.02074701121233627,51.6321271341136,0.0
SMAD7,0.02074552120394646,51.62675829485666,0.0
SART1,0.020744187034198846,51.6213894555997,0.0
HN1L,0.020718774587724694,51.61602061634275,0.0
AIDA,0.02071726013188987,51.61065177708579,0.0
CCT2,0.020712627982831428,51.60528293782885,0.0
PPP6C,0.02070788909139447,51.59991409857189,0.0
ZDHHC18,0.020704966410494137,51.59454525931494,0.0
EI24,0.02069396328615486,51.58917642005798,0.0
MFSD1,0.020691669957911184,51.583807580801036,0.0
ERAL1,0.020680450756345902,51.578438741544076,0.0
RRBP1,0.020654965790962865,51.57306990228713,0.0
SLC30A7,0.020639982678621643,51.56770106303017,0.0
MLXIP,0.020635162366612912,51.562332223773225,0.0
CLPTM1,0.02061156027520048,51.556963384516266,0.0
MICALL1,0.020607122794691988,51.55159454525931,0.0
TAF9,0.02058998563386442,51.54622570600236,0.0
SRGAP3,0.020576356459662153,51.54085686674541,0.0
SORCS3,0.020569656516101976,51.535488027488455,0.0
NUP160,0.0205535494704464,51.5301191882315,0.0
FAM127B,0.02054240243597586,51.52475034897455,0.0
PSMC6,0.020529632457811923,51.5193815097176,0.0
LAMTOR1,0.020517815391869736,51.51401267046065,0.0
PTH2R,0.020506635288926198,51.50864383120369,0.0
SLC23A3,0.020478058117987034,51.503274991946746,0.0
CCDC65,0.02047593231815951,51.49790615268979,0.0
GNL1,0.020472421270975615,51.49253731343284,0.0
STXBP5,0.02046549105138707,51.48716847417588,0.0
CTSL,0.020430026350265452,51.481799634918936,0.0
C1S,0.02041946414034617,51.476430795661976,0.0
PTPRA,0.020416135414557945,51.47106195640503,0.0
TP53INP2,0.020406908267363594,51.46569311714807,0.0
MCHR1,0.02039877137564641,51.460324277891125,0.0
PABPC1L,0.020390351170346394,51.454955438634165,0.0
SH3KBP1,0.020385348604838538,51.44958659937722,0.0
CYTH2,0.02038413158804,51.44421776012026,0.0
PCOLCE,0.020368709119818744,51.438848920863315,0.0
PGLYRP4,0.020362837567497218,51.433480081606355,0.0
FAM69A,0.020356406937841225,51.4281112423494,0.0
VPS4A,0.020344480949101247,51.42274240309245,0.0
LMOD3,0.020324538731253436,51.4173735638355,0.0
GABRD,0.020315953889152104,51.412004724578544,0.0
PIGW,0.020302974987292652,51.40663588532159,0.0
IL1RL1,0.020292438454392568,51.40126704606464,0.0
CYP27A1,0.020253657519668594,51.395898206807686,0.0
AGRP,0.020242849282260836,51.39052936755073,0.0
AKAP1,0.0202336422724039,51.38516052829378,0.0
METTL5,0.020225959665132378,51.379791689036836,0.0
PAPOLG,0.02022593073143499,51.374422849779876,0.0
CSRNP2,0.020214785321856724,51.36905401052293,0.0
MAP3K9,0.02019359448730265,51.36368517126597,0.0
STK38L,0.020177097018350725,51.358316332009025,0.0
IKZF1,0.02015860451534853,51.352947492752065,0.0
CCDC149,0.020142100318226344,51.34757865349512,0.0
ACOX1,0.02013753798367049,51.34220981423816,1.0
ANLN,0.020103122767600047,51.336840974981214,0.0
PRKG1,0.020097415856497748,51.331472135724255,0.0
ZSCAN31,0.02008595833503192,51.32610329646731,0.0
ST13,0.020073144098769924,51.32073445721035,0.0
HNRNPLL,0.02007016878319141,51.315365617953404,0.0
SOCS3,0.02006750102734777,51.309996778696444,0.0
APOOL,0.02006160203606105,51.3046279394395,0.0
IKZF3,0.02003651579998242,51.29925910018254,0.0
AJUBA,0.020033352836470113,51.29389026092559,0.0
ARHGEF9,0.020029335929662908,51.288521421668634,0.0
CDK3,0.02002650783928178,51.28315258241168,0.0
FOXF1,0.020021662649358972,51.27778374315473,0.0
TBC1D2,0.019998373753720333,51.272414903897776,0.0
GPR126,0.019985956596628583,51.26704606464082,0.0
SP8,0.019985765055528286,51.26167722538387,0.0
E2F8,0.019979681968524586,51.25630838612692,0.0
SRPX,0.019929644022297834,51.250939546869965,0.0
DDX39B,0.019922573291377844,51.24557070761302,0.0
FANCC,0.019863233506625992,51.24020186835606,0.0
RRS1,0.01986204631663486,51.234833029099114,0.0
YTHDF2,0.019851693497168806,51.229464189842155,0.0
OR2B3,0.01984625620732938,51.22409535058521,0.0
FAM65A,0.01982874493377387,51.21872651132825,0.0
RCOR1,0.01982065878780386,51.213357672071304,0.0
NQO2,0.019817804230738298,51.207988832814344,0.0
PCIF1,0.01979880563791867,51.2026199935574,0.0
MURC,0.019793334507588106,51.19725115430044,0.0
GATA6,0.019792019046931883,51.19188231504349,0.0
CNTNAP3,0.019782779791806808,51.18651347578653,0.0
COLEC11,0.019781410512679922,51.18114463652959,0.0
GNG2,0.019774971697406055,51.17577579727263,0.0
CAMK2G,0.019774755703785292,51.17040695801568,0.0
HOXA11,0.019764139172602023,51.16503811875872,0.0
CEP170B,0.019732185750091127,51.15966927950177,0.0
DTWD2,0.019718502900213927,51.15430044024482,0.0
SLC38A6,0.019716427354071524,51.148931600987865,0.0
XRCC3,0.019687284308573427,51.14356276173091,0.0
DMPK,0.01968201534110744,51.13819392247396,0.0
CD47,0.01967321198148205,51.13282508321701,0.0
RBM22,0.019667540803160553,51.127456243960054,0.0
AHSA2,0.01964989650428978,51.122087404703095,0.0
IGFN1,0.01964345560580407,51.11671856544615,0.0
SCARA3,0.01958208092400535,51.11134972618919,0.0
KCNQ5,0.019563972289026562,51.105980886932244,0.0
MIS12,0.019553792697510793,51.1006120476753,0.0
SPRED3,0.019541826617345194,51.09524320841834,0.0
PLEKHA5,0.01954050242732145,51.08987436916139,0.0
TCEAL1,0.019526091729566254,51.08450552990443,0.0
PLIN3,0.0195246240511103,51.07913669064749,0.0
DLG4,0.01951086546122482,51.07376785139053,0.0
CHDH,0.019510578295557832,51.06839901213358,0.0
BLMH,0.019509899008076842,51.06303017287662,0.0
C17orf102,0.01950667416960274,51.05766133361968,0.0
IL18RAP,0.019501073566162014,51.05229249436272,0.0
DALRD3,0.019500694597015186,51.04692365510577,0.0
METTL18,0.019492714218301222,51.04155481584881,0.0
SLC25A31,0.01947117221917626,51.03618597659187,0.0
RPL36,0.019456345454237457,51.03081713733491,0.0
EIF4E2,0.019425789007389706,51.02544829807796,0.0
ART3,0.0194071294269357,51.020079458821,0.0
MMP20,0.019399549959618748,51.01471061956405,0.0
MPG,0.019393766620794374,51.009341780307096,0.0
RGS7BP,0.019378741690170526,51.003972941050144,0.0
HMGN2,0.019333406940149116,50.99860410179319,0.0
EFCAB14,0.019321292322309527,50.99323526253624,0.0
PLEKHA8,0.019317822049644794,50.987866423279286,0.0
SPATA13,0.019313051078729833,50.98249758402233,0.0
MYO1G,0.019311019506577064,50.97712874476537,0.0
POU2F2,0.019288923315645218,50.97175990550843,0.0
FAM204A,0.019275060931353116,50.96639106625148,0.0
TMBIM4,0.01926836754853843,50.96102222699452,0.0
SLC39A10,0.019265136789520052,50.95565338773758,0.0
TOMM22,0.019263016525714334,50.95028454848062,0.0
MAF1,0.019256499421847307,50.94491570922367,0.0
ZNF585B,0.01925616136294377,50.93954686996671,0.0
CABLES1,0.0192325164019515,50.93417803070977,0.0
MED27,0.019226394412286563,50.92880919145281,0.0
CYTH3,0.019224003709279087,50.92344035219586,0.0
ZNF569,0.019198844302203352,50.9180715129389,0.0
ATP1B4,0.01916226468879858,50.912702673681956,0.0
AIF1L,0.019148943828451604,50.907333834424996,0.0
HIST1H2BN,0.019113027733121474,50.90196499516805,0.0
QSOX2,0.019079390778996216,50.89659615591109,0.0
STARD4,0.019077714808259857,50.89122731665414,0.0
MARCH5,0.01907726381847889,50.885858477397186,0.0
SERPINA6,0.019063301709678467,50.88048963814023,0.0
ACSS3,0.019050246822059358,50.87512079888328,0.0
NDC80,0.01904685054876118,50.86975195962633,0.0
RAG2,0.019044417864403564,50.864383120369375,0.0
PPFIA3,0.01901682804700706,50.85901428111242,0.0
RFX5,0.019011548873550724,50.85364544185546,0.0
C1orf159,0.01900653825242757,50.84827660259852,0.0
BIRC8,0.018978902505132775,50.84290776334156,0.0
XAF1,0.018962485057786478,50.83753892408461,0.0
EPB41L1,0.01892782108987765,50.83217008482765,0.0
PPP2R5C,0.01891354806430685,50.82680124557071,0.0
SERPINA10,0.01891342195478147,50.82143240631376,0.0
NFKBIE,0.018904271893838483,50.8160635670568,0.0
PSMC5,0.018894951169662028,50.810694727799856,0.0
AGO4,0.01888281928683238,50.805325888542896,0.0
LRRN4CL,0.01887845939108985,50.79995704928595,0.0
AMIGO1,0.018876500113856016,50.79458821002899,0.0
POGZ,0.01887331143463785,50.789219370772045,1.0
TMEM59,0.018864766150668587,50.783850531515085,0.0
IGSF8,0.018857167857051955,50.77848169225814,0.0
EIF2AK1,0.018854582302322342,50.77311285300118,0.0
ZG16B,0.01885039458854562,50.767744013744235,0.0
LAT2,0.018839710814998165,50.762375174487275,0.0
ZBTB49,0.018837622363242094,50.75700633523033,0.0
CREG1,0.018836220110702868,50.75163749597337,0.0
ARHGEF1,0.018751196929637445,50.74626865671642,0.0
MGAT5,0.01874590250856527,50.740899817459464,0.0
C2orf69,0.018739231835789107,50.73553097820251,0.0
GARNL3,0.01873041232565266,50.73016213894556,0.0
WDFY1,0.018724832908779583,50.724793299688606,0.0
FCN2,0.018723275333926575,50.719424460431654,0.0
PAK6,0.018717708355660813,50.7140556211747,0.0
CTAGE5,0.01870596788548401,50.70868678191774,0.0
ADIPOQ,0.01867905265028066,50.703317942660796,0.0
FOXR1,0.01867246604544279,50.697949103403836,0.0
PTAR1,0.018668910901770634,50.69258026414689,0.0
TTC31,0.018648693955006436,50.687211424889945,0.0
DBP,0.01864808629771628,50.681842585632985,0.0
CRYZ,0.01863912614348534,50.67647374637604,0.0
MOSPD3,0.018619770018019424,50.67110490711908,0.0
SLC25A40,0.01861913908530602,50.665736067862134,0.0
ASNSD1,0.018599475655147947,50.660367228605175,0.0
PBX3,0.018525878373345833,50.65499838934823,0.0
ACBD4,0.018512717588587947,50.64962955009127,0.0
HIST1H2BM,0.018508178590741206,50.644260710834324,0.0
MOB4,0.018503613463939445,50.638891871577364,0.0
B3GAT3,0.018500468646597937,50.63352303232042,0.0
PRR14,0.01849261223556762,50.62815419306346,0.0
ZNF532,0.018490458923903833,50.622785353806506,0.0
TAS2R42,0.018487527169863273,50.617416514549554,0.0
MLEC,0.018486221482115383,50.6120476752926,0.0
AGBL4,0.0184762025910021,50.60667883603565,0.0
ZRSR2,0.018468686843584478,50.601309996778696,0.0
MPEG1,0.018434006854492778,50.59594115752174,0.0
CD9,0.01841351101647749,50.59057231826479,0.0
PARD6A,0.01840395600290228,50.58520347900783,0.0
CDK5RAP1,0.018403818875094475,50.579834639750885,0.0
STRN4,0.018393433915259282,50.574465800493925,0.0
MFHAS1,0.018362543836954813,50.56909696123698,0.0
IRF8,0.018356158083076647,50.56372812198002,0.0
KIAA1462,0.018331088424109045,50.558359282723075,0.0
BST2,0.018324993110261683,50.55299044346613,0.0
RPP25L,0.018320856243290568,50.54762160420917,0.0
MFGE8,0.018315168397828818,50.542252764952224,0.0
IL15,0.018282037793377937,50.536883925695264,0.0
SPAG9,0.01827484999081145,50.53151508643832,0.0
TCEA1,0.018272437172545244,50.52614624718136,0.0
GIPC2,0.0182670159316784,50.52077740792441,0.0
PTP4A2,0.01826329321437893,50.51540856866745,0.0
ITGA2B,0.018239996877374376,50.51003972941051,0.0
TRERF1,0.018224501513301083,50.50467089015355,0.0
TSPAN31,0.01821197210916963,50.4993020508966,0.0
MEF2A,0.01820936485631741,50.49393321163964,0.0
DHH,0.018191504746117616,50.4885643723827,0.0
TUBAL3,0.018172349822512673,50.48319553312574,0.0
G2E3,0.01816696506378632,50.477826693868785,0.0
KBTBD7,0.018162232521501655,50.47245785461183,0.0
ALKBH4,0.018153590442856606,50.46708901535488,0.0
MBD2,0.01813869691713011,50.46172017609793,0.0
USP35,0.018116991735776796,50.456351336840974,0.0
DLGAP1,0.018110114455478343,50.45098249758402,0.0
ZSCAN29,0.018101734458719425,50.44561365832707,0.0
GLYR1,0.018098323332301464,50.44024481907011,0.0
SEC61A1,0.018091980914437887,50.434875979813164,0.0
SRSF5,0.0180870591489918,50.429507140556204,0.0
BCDIN3D,0.018086476359419894,50.42413830129926,0.0
COL6A6,0.018058699562766463,50.4187694620423,0.0
FBXO3,0.01804867584776444,50.41340062278535,0.0
RPL8,0.018035145232053736,50.40803178352841,0.0
GNB4,0.018022959202560345,50.40266294427145,0.0
TPRKB,0.018005247674177736,50.3972941050145,0.0
IRF2BP2,0.01799122938674253,50.39192526575754,0.0
MED26,0.017991021386030388,50.3865564265006,0.0
NIT2,0.01798718269066526,50.38118758724364,0.0
HPCAL1,0.017979934632509117,50.37581874798669,0.0
ZNF846,0.0179757647822136,50.37044990872973,0.0
MCC,0.01797194632044346,50.36508106947279,0.0
KIAA0355,0.017968494729989428,50.35971223021583,0.0
STK10,0.01793605018196651,50.354343390958874,0.0
SLC25A38,0.01792823363452978,50.34897455170192,0.0
CHMP1A,0.017924810363655435,50.34360571244497,0.0
REEP3,0.01792166180645585,50.338236873188016,0.0
HNRNPL,0.01791854086604609,50.332868033931064,0.0
RNF139,0.017899976211581597,50.32749919467411,0.0
MINPP1,0.017897664279377973,50.32213035541716,0.0
DPP6,0.017872466322444193,50.3167615161602,1.0
AKIRIN2,0.017846476511728184,50.31139267690325,0.0
MYOT,0.01781694392354409,50.30602383764629,0.0
SMNDC1,0.01781184797358041,50.30065499838935,0.0
MIDN,0.017797842754310685,50.29528615913239,0.0
REEP4,0.017789669765258552,50.28991731987544,0.0
IRAK4,0.01778467968829497,50.28454848061848,0.0
KRT76,0.017780130798237197,50.27917964136154,0.0
SLC25A37,0.017768481874398653,50.27381080210459,0.0
LZTS2,0.017702472312943484,50.26844196284763,0.0
TGDS,0.017694139973263766,50.26307312359069,0.0
NIF3L1,0.01769377023929089,50.25770428433373,0.0
PABPC5,0.0176890887178695,50.25233544507678,0.0
CAMK2N1,0.0176728214968605,50.24696660581982,0.0
YIPF6,0.017667602283826682,50.241597766562876,0.0
FILIP1,0.01766710364338456,50.236228927305916,0.0
MFSD11,0.01765491849090768,50.23086008804897,0.0
CSMD2,0.017650622969941052,50.22549124879201,0.0
ZNF75D,0.01764396865459216,50.220122409535065,0.0
TASP1,0.017643136121634324,50.214753570278106,0.0
SRPK2,0.01764077265087607,50.20938473102115,0.0
LHX6,0.017637113650609625,50.2040158917642,0.0
RIOK3,0.017631301270525063,50.19864705250725,0.0
IMPG2,0.01761027692348939,50.193278213250295,0.0
ARMCX1,0.01759068413621135,50.18790937399334,0.0
HS6ST2,0.017580225089746528,50.18254053473639,0.0
MGST3,0.017579248881182626,50.17717169547944,0.0
BAIAP2L1,0.01757073920710505,50.17180285622248,0.0
LYZL2,0.01756506668617042,50.16643401696553,0.0
RPH3A,0.017560406249500032,50.16106517770857,0.0
CASC3,0.017557709210086727,50.15569633845163,0.0
CRK,0.017542501687490882,50.15032749919467,0.0
C1orf109,0.01754237984726052,50.14495865993772,0.0
ITGB7,0.017532222504306277,50.13958982068076,0.0
BRI3BP,0.017519175254743086,50.134220981423816,0.0
RAB31,0.01749101372598861,50.12885214216687,0.0
SLFN11,0.017489673900120607,50.12348330290991,0.0
NKD2,0.01748397617320903,50.118114463652965,0.0
PPDPF,0.01747743637898826,50.112745624396005,0.0
NSMAF,0.01747616125405533,50.10737678513906,0.0
CHRAC1,0.017469701564508482,50.1020079458821,0.0
LGMN,0.017463898351036823,50.096639106625155,0.0
RAI14,0.017453381549945017,50.091270267368195,0.0
IL27,0.017448718656157415,50.08590142811124,0.0
AARSD1,0.017414864754202168,50.08053258885429,0.0
C14orf1,0.01740846186200451,50.07516374959734,0.0
KIFC1,0.01739758248688112,50.069794910340384,0.0
SDF2L1,0.017383331824386766,50.06442607108343,0.0
NEUROG3,0.01737923064849485,50.05905723182648,0.0
SKIV2L2,0.017365922225169746,50.053688392569526,0.0
KDM1A,0.017358609888687267,50.04831955331257,0.0
DIABLO,0.017351681960238736,50.04295071405562,0.0
FBXL4,0.01734052893435396,50.03758187479866,0.0
RNF34,0.01733241599316823,50.032213035541716,0.0
HIST1H1A,0.01732979870818377,50.026844196284756,0.0
MCMBP,0.01728948211848814,50.02147535702781,0.0
PIK3R3,0.01728160276153873,50.01610651777085,0.0
SFXN1,0.017262013952280567,50.010737678513905,0.0
MYOZ1,0.017260733412175037,50.005368839256946,0.0
ICMT,0.017256525900601026,50.0,0.0
PNMA3,0.017237388080051486,49.99463116074305,0.0
TMED5,0.01722549676129961,49.989262321486095,0.0
MIIP,0.01721496933403439,49.98389348222914,0.0
PLCG2,0.017206326713049423,49.97852464297219,0.0
UBE2NL,0.017204232917064334,49.97315580371524,0.0
P2RX6,0.017158060629505055,49.967786964458284,0.0
PCSK2,0.017146866951085464,49.96241812520133,0.0
MORF4L1,0.017146396622905277,49.95704928594438,0.0
TSPAN14,0.01714633039787696,49.951680446687426,0.0
GNG11,0.017144952607358745,49.946311607430474,0.0
ETV2,0.017137971080683493,49.94094276817352,0.0
MESP1,0.017133151803071192,49.93557392891657,0.0
CAB39L,0.017127660136888635,49.930205089659616,0.0
APOC4,0.017127154711242324,49.92483625040266,0.0
TPP2,0.01711159250718268,49.91946741114571,0.0
TRMT10C,0.017077244841526763,49.91409857188876,0.0
MKNK1,0.01706615427940842,49.908729732631805,0.0
PTPRZ1,0.01706080697648355,49.90336089337485,0.0
SNRPF,0.017054107874725534,49.8979920541179,0.0
STK19,0.017047747370467374,49.89262321486095,0.0
TSR1,0.017035924601567345,49.887254375603995,0.0
PSMB2,0.01700601012520493,49.88188553634704,0.0
PCGF1,0.01700261227640849,49.87651669709009,0.0
CHCHD6,0.01700255983202594,49.87114785783314,0.0
LRRC32,0.016985082077951894,49.865779018576184,0.0
SCRN2,0.016972550261718806,49.86041017931923,0.0
CLPS,0.01697166978518758,49.85504134006228,0.0
HOXA10,0.01695564494754935,49.849672500805326,0.0
S100A14,0.016950289270382675,49.84430366154837,0.0
RRAGB,0.01694627455918806,49.83893482229142,0.0
CORO2A,0.016939795918225857,49.83356598303447,0.0
TUBA4A,0.016873314843331707,49.828197143777516,0.0
ZBTB18,0.016868415953647936,49.82282830452056,0.0
TTC40,0.01686699625136697,49.81745946526361,0.0
MSH4,0.016858090653406037,49.81209062600666,0.0
CCNL2,0.01684677132755489,49.806721786749705,0.0
MAPK12,0.01682776980381628,49.80135294749275,0.0
SLC7A6,0.016813604544931242,49.7959841082358,0.0
ATP12A,0.016788701388482583,49.79061526897885,0.0
ZNF74,0.016773308896528647,49.785246429721894,0.0
TMEM63C,0.016753011359214587,49.77987759046494,0.0
UCHL5,0.01674398872962525,49.77450875120799,0.0
LRWD1,0.016714571510739084,49.76913991195104,0.0
PLEKHG5,0.01669075679708789,49.763771072694084,0.0
ASB13,0.01668077170215246,49.75840223343713,0.0
ZDBF2,0.0166486244659866,49.75303339418018,0.0
GLTSCR2,0.016639648653673397,49.747664554923226,0.0
GPR137B,0.016632968097233587,49.74229571566627,0.0
LSG1,0.016617709068267143,49.73692687640932,0.0
CLEC4E,0.01661750883431583,49.73155803715237,0.0
PLCD3,0.016600913926978236,49.726189197895415,0.0
TMEM18,0.016591608928948925,49.72082035863846,0.0
VEGFC,0.016588309178424042,49.71545151938151,0.0
TAL2,0.016574522015116853,49.71008268012456,0.0
EIF4G3,0.016570785898261362,49.704713840867605,0.0
GABRB1,0.016559188479363617,49.69934500161065,0.0
KLK4,0.016553645746109204,49.6939761623537,0.0
ATG2A,0.016536925202312015,49.68860732309675,0.0
RNF43,0.016521617694545677,49.683238483839794,0.0
KRBA1,0.016520794165070348,49.67786964458284,0.0
SMU1,0.016500824532727366,49.67250080532589,0.0
DESI1,0.01646595929650396,49.667131966068936,0.0
CLP1,0.01646393461081907,49.661763126811984,0.0
UBA2,0.016449315862651148,49.65639428755503,0.0
LSM6,0.01644902348767315,49.65102544829808,0.0
GABRR2,0.01644526210217996,49.645656609041126,0.0
COPG2,0.01643431002029071,49.64028776978417,0.0
NOX5,0.016408464540187188,49.63491893052722,0.0
DUOXA2,0.01640798241262518,49.62955009127027,0.0
B3GNTL1,0.016390189600256105,49.624181252013315,0.0
SLBP,0.016384953732792223,49.61881241275636,0.0
ZMYM3,0.016377365739309955,49.61344357349941,0.0
COMMD2,0.016376195684735563,49.60807473424246,0.0
ADORA2B,0.016364621777743005,49.602705894985505,0.0
PLD5,0.0163613540801591,49.59733705572855,0.0
OGFOD3,0.016355782080481895,49.5919682164716,0.0
VPS37C,0.016354302919653663,49.58659937721465,0.0
SMCO1,0.01635358261577839,49.581230537957694,0.0
RANGRF,0.016352263491662966,49.57586169870074,0.0
ABCA9,0.016351491424853086,49.57049285944379,0.0
PKIA,0.016340199241131635,49.565124020186836,0.0
NICN1,0.01633917382138953,49.55975518092988,0.0
IQGAP1,0.016328476386176426,49.55438634167293,0.0
NVL,0.01631806395357168,49.54901750241598,0.0
SPAG4,0.016313054778882747,49.543648663159026,0.0
TEX264,0.01631109616971067,49.53827982390207,0.0
SEPSECS,0.016261246280336504,49.53291098464512,0.0
PELI3,0.01625865020398845,49.52754214538817,0.0
KCTD17,0.01625327170122804,49.522173306131215,0.0
MRPL39,0.016238202740997975,49.51680446687426,0.0
AWAT1,0.016237996619302354,49.51143562761731,0.0
LPCAT4,0.01623431823921436,49.50606678836036,0.0
SNRPA,0.016233797797027636,49.500697949103404,0.0
PDIA2,0.016228517336788175,49.49532910984645,0.0
NAGK,0.01617859441811034,49.4899602705895,0.0
MRPL28,0.016178119788217833,49.48459143133255,0.0
IL36RN,0.016168934714535274,49.479222592075594,0.0
PCDHGA12,0.016168419375411233,49.47385375281864,0.0
MTF2,0.01616597074288334,49.46848491356169,0.0
GPRC5C,0.016164761290307486,49.463116074304736,0.0
ALG14,0.016156645875256385,49.45774723504778,0.0
GMPPB,0.016137383110472657,49.45237839579083,0.0
KLC4,0.016118196513162708,49.44700955653388,0.0
AZI2,0.016117856451329737,49.441640717276925,0.0
APH1B,0.016116710515666575,49.43627187801997,0.0
FFAR2,0.016107990361664475,49.43090303876302,0.0
RPL31,0.0161059184985587,49.42553419950607,0.0
FGD5,0.016079472390044085,49.420165360249115,0.0
THRAP3,0.016071016506792504,49.41479652099216,0.0
KIAA0408,0.0160698867865239,49.40942768173521,0.0
GABRG2,0.01604806749494902,49.40405884247826,0.0
SOCS6,0.016035669347771467,49.398690003221304,0.0
ATAD3C,0.01602992461364079,49.39332116396435,0.0
MUM1,0.016002118330837593,49.3879523247074,0.0
ARMC5,0.015984812562422946,49.382583485450446,0.0
DXO,0.01597805968882028,49.377214646193494,0.0
RAC2,0.015977050997958243,49.37184580693654,0.0
LY86,0.015964553112142087,49.36647696767959,0.0
MYB,0.015940954803600128,49.361108128422636,0.0
ANKRD13D,0.015937326453773718,49.35573928916568,0.0
SIGLEC1,0.015936395914031225,49.35037044990873,0.0
COQ3,0.015913561620803533,49.34500161065178,0.0
MAEA,0.015907084823803562,49.339632771394825,0.0
HABP4,0.01590507793080061,49.33426393213787,0.0
HIST1H2AB,0.015892076624479785,49.32889509288092,0.0
ZDHHC14,0.01586865171109987,49.32352625362397,0.0
UBE2D2,0.015858306120551002,49.318157414367015,0.0
TTC12,0.01584004615239374,49.31278857511006,0.0
CSTF3,0.01580180580588687,49.30741973585311,0.0
DAGLA,0.015795680945680266,49.30205089659616,0.0
LBX1,0.01579411522495903,49.296682057339204,0.0
RADIL,0.015790342637441196,49.29131321808225,0.0
REEP5,0.015789324602132022,49.2859443788253,0.0
ERLIN2,0.015781430245238738,49.280575539568346,0.0
RBM18,0.01577641829139586,49.275206700311394,0.0
NLRX1,0.015761139244183243,49.26983786105444,0.0
CENPL,0.0157521602987747,49.26446902179749,0.0
ESX1,0.015750279539983494,49.259100182540536,0.0
ARHGEF28,0.015744030721047277,49.25373134328358,0.0
CAMK2B,0.015717875630750833,49.24836250402663,0.0
ZNF615,0.015713520007597157,49.24299366476967,0.0
CDCA7L,0.015713034693697357,49.237624825512725,0.0
NTM,0.015706637845600637,49.23225598625577,0.0
TARBP2,0.01569770188549965,49.22688714699882,0.0
GZF1,0.015689985523265997,49.22151830774187,0.0
RNF19A,0.01566985985407965,49.216149468484915,0.0
SLC27A3,0.015656258209574073,49.21078062922796,0.0
DNAJC27,0.015649060536028683,49.20541178997101,0.0
TRIM69,0.015647346341970077,49.20004295071406,0.0
BEX4,0.015646786678564246,49.194674111457104,0.0
ZBTB46,0.015615541186112802,49.18930527220015,0.0
SCAF4,0.015612144409773335,49.1839364329432,0.0
KANSL3,0.01560370580505081,49.178567593686246,0.0
FLI1,0.015600436049016347,49.17319875442929,0.0
RREB1,0.015589929672041824,49.16782991517234,0.0
BCL2L13,0.01558162244374459,49.16246107591539,0.0
CD200R1L,0.015579909467821151,49.157092236658436,0.0
GDPD3,0.015567640850487202,49.15172339740148,0.0
CCDC85A,0.01556435820302143,49.14635455814453,0.0
FAM192A,0.015559408620577036,49.14098571888758,0.0
ADCK4,0.01552657205610651,49.135616879630625,0.0
HINT2,0.015525804106018485,49.13024804037367,0.0
BTN3A3,0.01551074958468999,49.12487920111672,0.0
FAM35A,0.01550800898819236,49.11951036185977,0.0
CHKA,0.015502596122977021,49.114141522602814,0.0
TC2N,0.015492477794853457,49.10877268334586,0.0
CCDC58,0.015491286698706341,49.1034038440889,0.0
NUP54,0.015489391714321343,49.09803500483196,0.0
LASP1,0.015486321184952528,49.092666165575004,0.0
ZNF263,0.01546571082586679,49.08729732631805,0.0
MLLT6,0.015452024621545796,49.0819284870611,0.0
AP1M1,0.015447682520587449,49.076559647804146,0.0
IER2,0.01542543425670051,49.07119080854719,0.0
HCST,0.01539378093150059,49.06582196929024,0.0
CSNK1E,0.015385623893064877,49.06045313003329,0.0
TADA2B,0.015378665417575882,49.055084290776335,0.0
KLRK1,0.01536674229222473,49.04971545151938,0.0
RBPMS,0.015357118385150092,49.04434661226243,0.0
MYO1A,0.015350511447112894,49.03897777300548,0.0
BAI3,0.015349285587172277,49.033608933748525,0.0
ANKRA2,0.015345632928597596,49.02824009449157,0.0
FAM3C,0.015340454846379433,49.02287125523462,0.0
PSMD14,0.015319033457771188,49.01750241597767,0.0
MLLT4,0.015316242335424866,49.012133576720714,0.0
CERS3,0.015315532124191294,49.00676473746376,0.0
BVES,0.01531173641434174,49.00139589820681,0.0
MRPL37,0.015310358801034507,48.996027058949856,0.0
PWP2,0.015309859834530249,48.990658219692904,0.0
PACSIN3,0.015290201770417577,48.98528938043595,0.0
SNRK,0.015280479867262681,48.979920541179,0.0
PTPRCAP,0.015278460726100982,48.97455170192204,0.0
MALL,0.015272866429729304,48.969182862665086,0.0
DNAJC13,0.015269030505513426,48.96381402340813,0.0
C12orf49,0.015258995557187058,48.95844518415119,0.0
MEX3B,0.015252704878639075,48.953076344894235,0.0
EPX,0.015229942812670816,48.94770750563728,0.0
DMRTC2,0.015222864458790097,48.94233866638033,0.0
PSD3,0.015214027740081806,48.93696982712338,0.0
BNIP3,0.015209378553856517,48.931600987866425,0.0
SLC22A11,0.015207961253305846,48.92623214860947,0.0
ZNF480,0.015205561782167362,48.92086330935252,0.0
OR10H2,0.015202397839766051,48.91549447009557,0.0
IWS1,0.015187261209557709,48.910125630838614,0.0
TLR6,0.015175933954108583,48.90475679158166,0.0
SPHKAP,0.015173286663789731,48.89938795232471,0.0
RPS5,0.015153830929547312,48.894019113067756,0.0
CXXC5,0.015147888827342545,48.8886502738108,0.0
USPL1,0.015145985070837165,48.88328143455385,0.0
ITFG1,0.0151389679037856,48.8779125952969,0.0
CSF2RB,0.01512728800034612,48.872543756039946,0.0
TMEM179B,0.01510854439545104,48.86717491678299,0.0
CASP12,0.01509109456776581,48.86180607752604,0.0
RIOK1,0.015076892087671911,48.85643723826909,0.0
STT3B,0.015071682855785978,48.851068399012135,0.0
ITFG2,0.01506803705366791,48.84569955975518,0.0
PTGER4,0.015067389102731952,48.84033072049823,0.0
KSR1,0.01506670852463628,48.83496188124127,0.0
TARDBP,0.01505259469901995,48.82959304198432,0.0
PRKAA1,0.01504957848890338,48.824224202727365,0.0
BICD1,0.015043555069937153,48.81885536347042,0.0
ELF1,0.015042165976578708,48.81348652421347,0.0
CRAMP1L,0.015030173822528872,48.808117684956514,0.0
ST8SIA5,0.01502559250660048,48.80274884569956,0.0
VPS9D1,0.015017790058183572,48.79738000644261,0.0
TPCN2,0.015014228978405274,48.792011167185656,0.0
ACBD5,0.015000064573003282,48.7866423279287,0.0
ATP13A4,0.014986133128982554,48.78127348867175,0.0
FAHD1,0.014980082968457528,48.7759046494148,0.0
CSTF2,0.014964019867626832,48.770535810157845,0.0
SAAL1,0.014951446573527838,48.76516697090089,0.0
MDGA2,0.014950875696840426,48.75979813164394,0.0
SGSM1,0.014942019558010866,48.75442929238699,0.0
STATH,0.014940586243418411,48.749060453130035,0.0
DSN1,0.014935228384942406,48.74369161387308,0.0
SPINK7,0.01492968268627327,48.73832277461613,0.0
ADAMTS12,0.014922627187358933,48.73295393535918,0.0
POP7,0.014901470282147555,48.727585096102224,0.0
FARSB,0.01488888772095422,48.72221625684527,0.0
SSBP3,0.014835633208268629,48.71684741758832,0.0
CLDND1,0.014832363904649756,48.711478578331366,0.0
KIAA0319,0.014826683891143225,48.70610973907441,0.0
PDGFD,0.01482137801965933,48.700740899817454,0.0
SCG2,0.014817846140448695,48.6953720605605,0.0
PPP1R18,0.0147959033573452,48.69000322130355,0.0
CTDSP2,0.014778938258939289,48.684634382046596,0.0
ACTL7B,0.014741157627619078,48.67926554278965,0.0
ZKSCAN7,0.014725238674921015,48.6738967035327,0.0
CATSPER1,0.014673397145154646,48.668527864275745,0.0
PABPN1,0.01466241689849147,48.66315902501879,0.0
FAM129B,0.014635132709805923,48.65779018576184,0.0
PTGES2,0.014620107387148418,48.65242134650489,0.0
ASMTL,0.014615901576433884,48.647052507247935,0.0
KDELC1,0.01461520976012742,48.64168366799098,0.0
GANAB,0.01460738399865355,48.63631482873403,0.0
SFRP2,0.014596320397442056,48.63094598947708,0.0
SP140,0.014577926846341576,48.625577150220124,0.0
ELAVL2,0.014572394906999176,48.62020831096317,0.0
PHF2,0.014559156377184995,48.61483947170622,0.0
VENTX,0.014546309889871179,48.609470632449266,0.0
RPL26,0.014543541389466333,48.604101793192314,0.0
TCTA,0.014530926472243027,48.59873295393536,0.0
CCNY,0.014510285393863773,48.59336411467841,0.0
CDC42EP3,0.014508863804521682,48.587995275421456,0.0
HIST1H2BO,0.014507833650225893,48.5826264361645,0.0
IGFBP5,0.014501839359937905,48.57725759690755,0.0
KLHDC8B,0.014496096799581235,48.5718887576506,0.0
FBXO16,0.014461501598780697,48.56651991839364,0.0
SLC41A3,0.014451432617759991,48.561151079136685,0.0
CERS6,0.01445130117565627,48.55578223987973,0.0
UGT2A1,0.014449343673671825,48.55041340062278,0.0
PAM16,0.014425174682343384,48.545044561365835,0.0
FRAT1,0.014423359289711469,48.53967572210888,0.0
MRPS21,0.014407149510524603,48.53430688285193,0.0
MANEAL,0.014390102627716925,48.52893804359498,0.0
TSSK4,0.014377209607438251,48.523569204338024,0.0
ANKZF1,0.01435742304029372,48.51820036508107,0.0
MICAL3,0.014352159334974099,48.51283152582412,0.0
RPL9,0.0143497007066082,48.507462686567166,0.0
RWDD4,0.014271442083617114,48.50209384731021,0.0
TDRD1,0.01425791088962228,48.49672500805326,0.0
CTDSPL2,0.014246368975608043,48.49135616879631,0.0
FCER2,0.014242170198182313,48.485987329539356,0.0
MTPN,0.014236168005505057,48.4806184902824,0.0
CBWD5,0.01422966409364029,48.47524965102545,0.0
DTNB,0.01421130087570372,48.4698808117685,0.0
GIN1,0.014207812965837374,48.464511972511545,0.0
NOL6,0.014197329810590197,48.45914313325459,0.0
FAF1,0.014195079301915301,48.45377429399764,0.0
WHSC1L1,0.014186439765543396,48.44840545474069,0.0
CNDP1,0.01415420805656655,48.443036615483734,0.0
GEMIN6,0.014141064603275166,48.437667776226775,0.0
ALPK1,0.014131092946414153,48.43229893696982,0.0
LRSAM1,0.014127933216982571,48.42693009771287,0.0
MSMB,0.014119543122353556,48.42156125845592,0.0
MPP6,0.014118610398346627,48.416192419198964,0.0
IL2RB,0.014112361465185514,48.41082357994201,0.0
ENSA,0.01411162018827411,48.405454740685066,0.0
LENG8,0.014104497589362936,48.40008590142811,0.0
TEX29,0.014086390397237875,48.39471706217116,0.0
PRMT1,0.014071513965742508,48.38934822291421,0.0
TTC13,0.014069332210495689,48.383979383657255,0.0
SNX6,0.014065588518562752,48.3786105444003,0.0
TTF2,0.01404121561790988,48.37324170514335,0.0
FSCN1,0.014036283390648285,48.3678728658864,0.0
EFNA2,0.014034138990523467,48.362504026629445,0.0
TAB3,0.014020389467184665,48.35713518737249,0.0
DPPA2,0.014019733814364064,48.35176634811554,0.0
OR51E2,0.014004821822229226,48.34639750885859,0.0
NEUROD2,0.013961016391657654,48.341028669601634,0.0
A1BG,0.013949506529664568,48.33565983034468,0.0
C1R,0.013949454446932677,48.33029099108773,0.0
PRDM15,0.013948361322236568,48.324922151830776,0.0
GPN2,0.013944747573237123,48.319553312573824,0.0
CAMKK2,0.013938948349812704,48.31418447331687,0.0
OXLD1,0.013936553275047434,48.30881563405992,0.0
MRFAP1L1,0.013924112626806295,48.303446794802966,0.0
MRPS27,0.013917725470336251,48.298077955546006,0.0
TBC1D22B,0.013908447527528567,48.29270911628905,0.0
PQLC2,0.013906368146860035,48.2873402770321,0.0
IL24,0.013902583021213713,48.28197143777515,0.0
SGCA,0.013873091850688302,48.276602598518195,0.0
ASPSCR1,0.013871285796731725,48.27123375926124,0.0
SLC1A4,0.013863052423479497,48.2658649200043,0.0
SERPING1,0.013846704439616008,48.260496080747345,0.0
DPEP1,0.013838008963526698,48.25512724149039,0.0
DENND6A,0.013837175279587643,48.24975840223344,0.0
NBPF12,0.013833286543854753,48.24438956297649,0.0
ADCY4,0.013819393805841896,48.239020723719534,0.0
RASGEF1A,0.013807759607368991,48.23365188446258,0.0
SNX7,0.013789523123293476,48.22828304520563,0.0
HCFC2,0.013782160597055452,48.222914205948676,0.0
G0S2,0.01377105091300864,48.21754536669172,0.0
PHYH,0.013765154825382677,48.21217652743477,1.0
CDC6,0.013757840224024431,48.20680768817782,0.0
WDR5,0.013757086230756619,48.201438848920866,0.0
HLA-DQA2,0.013735257075748287,48.19607000966391,0.0
WEE2,0.01370211163466301,48.19070117040696,0.0
ABCG5,0.013686508673669282,48.18533233115001,0.0
IGF2BP1,0.013685981560344247,48.179963491893055,0.0
COPZ1,0.013677572685999308,48.1745946526361,0.0
BRF2,0.013675875133988605,48.16922581337914,0.0
TCEB3,0.013669785596240167,48.16385697412219,0.0
BLCAP,0.013668228614424821,48.15848813486524,0.0
CELA2B,0.01366710987544337,48.153119295608285,0.0
TMEM208,0.013629922054304841,48.14775045635133,0.0
CTSG,0.013628173524119968,48.14238161709438,0.0
DGUOK,0.013619212290972751,48.13701277783743,0.0
MAP1LC3A,0.013608205160964804,48.131643938580474,0.0
KLF10,0.013604381609629965,48.12627509932353,0.0
ITIH4,0.013603735455149955,48.120906260066576,0.0
RPL23A,0.013600287358406673,48.11553742080962,0.0
SYT11,0.013593631264569273,48.11016858155267,0.0
ABHD4,0.013592678418900984,48.10479974229572,0.0
JPH3,0.013569027250401178,48.099430903038765,0.0
TCN2,0.013561336952897535,48.09406206378181,0.0
AP2A1,0.013559415830294963,48.08869322452486,0.0
PDE6H,0.013554331375319,48.08332438526791,1.0
ERAP1,0.013545340627087588,48.077955546010955,0.0
HTR6,0.013537438658619186,48.072586706754,0.0
ISOC1,0.013534098979399922,48.06721786749705,0.0
TMEM19,0.013520401271989585,48.0618490282401,0.0
IRX1,0.013519541455800982,48.056480188983144,0.0
ERCC6L2,0.01351111778092395,48.05111134972619,0.0
JRKL,0.013505533417059729,48.04574251046924,0.0
DYNLT3,0.013500820371971017,48.040373671212286,0.0
STRADB,0.013489007409705428,48.035004831955334,0.0
HIST1H2BC,0.013466427969321007,48.029635992698374,0.0
PRKCB,0.01346545650203219,48.02426715344142,0.0
CHML,0.013461841227541122,48.01889831418447,0.0
NXT2,0.013451074448078363,48.013529474927516,0.0
EFCAB7,0.013450697335957528,48.00816063567056,0.0
FCHSD2,0.013443902879799852,48.00279179641361,0.0
SLC7A10,0.013443437081181762,47.99742295715666,0.0
RBMX2,0.01339902285346482,47.992054117899706,0.0
ZNF436,0.013397505201679,47.98668527864276,0.0
SENP7,0.013390970093437335,47.98131643938581,0.0
CDKN2B,0.01338303836160203,47.975947600128855,0.0
RPS8,0.013375915739214492,47.9705787608719,0.0
TOR1AIP2,0.0133748719501765,47.96520992161495,0.0
RTP3,0.01337169041542462,47.959841082358,0.0
GIMAP6,0.013370092888024671,47.954472243101044,0.0
PDCD5,0.013344474846146776,47.94910340384409,0.0
PRAMEF17,0.013342902642328638,47.94373456458714,0.0
TBCA,0.013325967209041495,47.938365725330186,0.0
HBP1,0.013311685178943145,47.932996886073234,0.0
RIT1,0.013306219414971843,47.92762804681628,0.0
PPP2R2A,0.013298306036537916,47.92225920755933,0.0
RGS12,0.013289614493998394,47.916890368302376,0.0
DENND5A,0.0132735414143137,47.91152152904542,0.0
PCDHA4,0.013269537770965045,47.90615268978847,0.0
MMRN2,0.01326599945044828,47.90078385053151,0.0
ISLR,0.01325758768486122,47.89541501127456,0.0
PPP1R3A,0.013247151111305094,47.890046172017605,0.0
UGT1A4,0.013241501144130538,47.88467733276065,0.0
CEP44,0.013238617971888356,47.8793084935037,0.0
OR5AS1,0.013232112817736678,47.87393965424675,0.0
PGGT1B,0.013226334805208826,47.868570814989795,0.0
RNF167,0.01321813906039441,47.86320197573284,0.0
PLA2G2A,0.013216770251133911,47.85783313647589,0.0
MRPS10,0.01320918731970661,47.852464297218944,0.0
DNAJA4,0.013204967915156332,47.84709545796199,0.0
PQLC1,0.01320194770735406,47.84172661870504,0.0
ACTG2,0.013193876601033192,47.836357779448086,0.0
GOLPH3L,0.013182051479996923,47.83098894019113,0.0
WDR63,0.013180561361458057,47.82562010093418,0.0
FGF19,0.013177370774786867,47.82025126167723,0.0
FAM13C,0.013152292421801224,47.814882422420276,0.0
DUT,0.013145657934413014,47.80951358316332,0.0
PCSK7,0.013141313331198307,47.80414474390637,0.0
SKAP2,0.013138681340859706,47.79877590464942,0.0
ZNF408,0.013130161589685456,47.793407065392465,1.0
ABHD2,0.013128776248829702,47.78803822613551,0.0
DCAF8,0.013127245569795687,47.78266938687856,0.0
RNF25,0.013115259368164123,47.77730054762161,0.0
FNDC3A,0.013110123216689976,47.771931708364654,0.0
ULBP1,0.013108160966923257,47.7665628691077,0.0
NUDT1,0.013096606586445975,47.76119402985074,0.0
HLA-DQB2,0.013095952754869323,47.75582519059379,0.0
HHATL,0.013094584612291547,47.75045635133684,0.0
TAPBP,0.01308475107023008,47.745087512079884,0.0
ATF7,0.013076865631942094,47.73971867282293,0.0
TCAIM,0.013065466196806697,47.73434983356598,0.0
VEZF1,0.013047229142583026,47.728980994309026,0.0
PPIL3,0.01304654231624612,47.72361215505207,0.0
SCAMP5,0.013037621289870979,47.71824331579512,0.0
PRF1,0.01302650464467316,47.712874476538175,0.0
TAOK3,0.01300620845980916,47.70750563728122,0.0
GYG2,0.012991887039825964,47.70213679802427,0.0
MR1,0.01298966180465499,47.69676795876732,0.0
CPNE5,0.012958017072614552,47.691399119510365,0.0
EPHA6,0.012935777300168325,47.68603028025341,0.0
ADPGK,0.012934288082194653,47.68066144099646,0.0
TRMT1L,0.012933691158209276,47.67529260173951,0.0
FAM193B,0.012925886043995301,47.669923762482554,0.0
DLGAP2,0.012915551184842397,47.6645549232256,0.0
POLR2M,0.012897161175727177,47.65918608396865,0.0
MICU3,0.012882508725678454,47.653817244711696,0.0
TMC7,0.012871070676692764,47.648448405454744,0.0
TRAPPC12,0.012867339306006257,47.64307956619779,0.0
TIAL1,0.012864732667350618,47.63771072694084,0.0
TAF1L,0.012863644290413877,47.63234188768388,0.0
RABL2A,0.012836461584459733,47.626973048426926,0.0
TNKS1BP1,0.01282650639730874,47.62160420916997,0.0
DNAJB12,0.012798247531071075,47.61623536991302,0.0
INF2,0.012779301908294589,47.61086653065607,0.0
TMEM106C,0.01277528633795472,47.605497691399115,0.0
ZNF394,0.01277362548885693,47.60012885214216,0.0
CPAMD8,0.012768225601649983,47.59476001288521,0.0
PCDH17,0.012749693659944463,47.58939117362826,0.0
FAM114A1,0.012737969088893752,47.584022334371305,0.0
ONECUT2,0.012724512617768472,47.57865349511435,0.0
AMBP,0.01271947515209087,47.57328465585741,0.0
ACOT11,0.012718752533506305,47.567915816600454,0.0
UNC5A,0.012713538209697233,47.5625469773435,0.0
DTYMK,0.012700413975319153,47.55717813808655,0.0
SIMC1,0.012695275819523344,47.551809298829596,0.0
ARL5B,0.012681804972622963,47.54644045957264,0.0
DGCR2,0.01267767250591766,47.54107162031569,1.0
COG8,0.01267515113274507,47.53570278105874,0.0
NENF,0.012672863300334578,47.530333941801786,0.0
MAGI1,0.01266635144522676,47.52496510254483,0.0
MRPL17,0.012658987629544228,47.51959626328788,0.0
SCGN,0.012655540306897037,47.51422742403093,0.0
STX2,0.012654865005034826,47.508858584773975,0.0
SURF6,0.012649448541986952,47.50348974551702,0.0
EVI5L,0.012640685711966023,47.49812090626007,0.0
SGTB,0.012640022498143897,47.49275206700311,0.0
NTSR1,0.012621395936721994,47.48738322774616,0.0
SHCBP1,0.012620061803677834,47.482014388489205,0.0
ZNFX1,0.012617014341997152,47.47664554923225,0.0
FANCE,0.012615247283315128,47.4712767099753,0.0
EBI3,0.012610636783981105,47.46590787071835,0.0
TMPRSS11F,0.012598082226247123,47.460539031461394,0.0
LMAN2L,0.012582351414838,47.45517019220444,0.0
ELMOD3,0.012581053267768604,47.44980135294749,0.0
QRSL1,0.012573824373580147,47.444432513690536,0.0
TACC1,0.012572032660816763,47.439063674433584,0.0
NRAP,0.012563132608166041,47.43369483517664,0.0
TMEM167A,0.01255665632562758,47.428325995919685,0.0
MOB3C,0.01254928426363106,47.42295715666273,0.0
OR5D13,0.012541605002864631,47.41758831740578,0.0
MMP19,0.01251726765187396,47.41221947814883,0.0
ZNF518B,0.012501973676199585,47.406850638891875,0.0
OR2W1,0.012477230201088558,47.40148179963492,0.0
GLOD4,0.01246830295752365,47.39611296037797,0.0
IMP3,0.012459973352812221,47.39074412112102,0.0
CNOT2,0.012439251093758874,47.385375281864064,0.0
ZNF471,0.01243450500019488,47.38000644260711,0.0
FAM63B,0.012421541057523657,47.37463760335016,0.0
ACSF2,0.012414981254951081,47.369268764093206,0.0
KCNJ12,0.012406007352415005,47.36389992483625,0.0
FBXO44,0.012395319603199584,47.358531085579294,0.0
ADRBK2,0.012386982292907685,47.35316224632234,0.0
CUL2,0.01237091723233289,47.34779340706539,0.0
IL3,0.012365508923690548,47.342424567808436,0.0
TAS2R14,0.012348542915437171,47.33705572855148,0.0
AIM1L,0.012331262488995975,47.33168688929453,0.0
TRAPPC8,0.012318498118655886,47.32631805003758,0.0
PSMC2,0.01231313794322975,47.320949210780626,0.0
COL13A1,0.01231275513142446,47.31558037152367,0.0
AMOTL1,0.012306454426966955,47.31021153226672,0.0
ZSWIM4,0.012305702310437804,47.30484269300977,0.0
PARP10,0.012295646719611336,47.299473853752815,0.0
TEKT4,0.012287527030879894,47.29410501449587,0.0
TRA2B,0.012285147539441342,47.28873617523892,0.0
POC5,0.012281135214309204,47.283367335981964,0.0
CFI,0.012278484895966254,47.27799849672501,0.0
FAM135B,0.012263401676132733,47.27262965746806,0.0
CDC40,0.012259206074928202,47.267260818211106,0.0
DPH6,0.012253512450153398,47.261891978954154,0.0
TRPC4AP,0.012248514964387901,47.2565231396972,0.0
MYO1H,0.012245174227985354,47.25115430044025,0.0
RASAL1,0.012243303863001317,47.245785461183296,0.0
EIF3L,0.012237349454645146,47.24041662192634,0.0
ARHGAP26,0.012237170613235513,47.23504778266939,0.0
FAM188B,0.012199328553084143,47.22967894341244,0.0
CLMN,0.012198182024403667,47.22431010415548,0.0
FARP1,0.012171588717632121,47.218941264898525,0.0
MTMR6,0.012168522619112257,47.21357242564157,0.0
TMEM56,0.01216664414483218,47.20820358638462,0.0
KCNE2,0.012160183995209099,47.20283474712767,0.0
TRIM38,0.012151820114524833,47.197465907870715,0.0
NCR1,0.012151329519464163,47.19209706861376,0.0
ALPI,0.012150431593477822,47.18672822935681,0.0
MANF,0.012145838692693589,47.18135939009986,0.0
KLK9,0.012143062823804873,47.175990550842904,0.0
HNRNPD,0.01214250289838043,47.17062171158595,0.0
BTG2,0.012131393995225306,47.165252872329,0.0
ZC3H12B,0.012127561252419403,47.15988403307205,0.0
TMA7,0.012123436920877452,47.1545151938151,0.0
E2F5,0.012108417930201312,47.14914635455815,0.0
NMNAT3,0.012098835278011925,47.143777515301196,0.0
NT5C3A,0.012085177120815433,47.13840867604424,0.0
STEAP3,0.01206596201763701,47.13303983678729,0.0
H2AFZ,0.012064561487099914,47.12767099753034,0.0
ANGPTL2,0.012043758868075547,47.122302158273385,0.0
EIF4A1,0.012025897625287258,47.11693331901643,0.0
OTP,0.012025018780359501,47.11156447975948,0.0
EXOC5,0.012004787811113414,47.10619564050253,0.0
LY75-CD302,0.01199666651488453,47.100826801245574,0.0
DDX10,0.011986122557426652,47.095457961988615,0.0
MRPL13,0.011980643204937661,47.09008912273166,0.0
PPWD1,0.01197496408759506,47.08472028347471,0.0
SEPN1,0.01195907665762631,47.07935144421776,0.0
RBM12B,0.011933052210577569,47.073982604960804,0.0
PDP1,0.011931013828081509,47.06861376570385,0.0
UTP18,0.011925278879934215,47.0632449264469,0.0
BANF1,0.011905890982962474,47.057876087189946,0.0
PSTK,0.011897504441685601,47.05250724793299,0.0
RLTPR,0.011886108570287322,47.04713840867604,0.0
CHAF1B,0.011884755824834496,47.04176956941909,0.0
LSM11,0.01188450279969419,47.036400730162136,0.0
WTAP,0.011882357513425456,47.03103189090518,0.0
TLX3,0.011874939325979845,47.02566305164823,0.0
OCEL1,0.011872299856028638,47.020294212391285,0.0
CMPK1,0.011842085222155565,47.01492537313433,0.0
GPR124,0.011832270952919641,47.00955653387738,0.0
OMD,0.011828002304900267,47.00418769462043,0.0
WDR20,0.011825471280993555,46.998818855363474,0.0
FAM109A,0.011824096771975346,46.99345001610652,0.0
RRP7A,0.011822837819246887,46.98808117684957,0.0
ALS2CR11,0.011821591114513466,46.982712337592616,0.0
KCNK5,0.011817729108482633,46.977343498335664,0.0
DGKI,0.011800611131964647,46.97197465907871,0.0
WFDC2,0.011788061175675822,46.96660581982176,0.0
NXPE3,0.011783183556677556,46.961236980564806,0.0
BCAT1,0.011773567337100568,46.955868141307846,0.0
CCDC141,0.011766630614314618,46.95049930205089,0.0
GPR183,0.011749754170119173,46.94513046279394,0.0
CAMK1G,0.011743823610902657,46.93976162353699,0.0
ZNF786,0.011742425765958766,46.934392784280035,0.0
YWHAH,0.011741802025579003,46.92902394502308,0.0
KBTBD8,0.011725836244358233,46.92365510576613,0.0
ACAP3,0.011719319679726389,46.91828626650918,0.0
C10orf88,0.011676255705849802,46.912917427252225,0.0
RBFA,0.011667526948263434,46.90754858799527,0.0
LDLRAD4,0.011659166447479236,46.90217974873832,0.0
CLASP2,0.011659130887137232,46.89681090948137,0.0
TGFB1I1,0.011653041137140118,46.891442070224414,0.0
MOXD1,0.011648655392883244,46.88607323096746,0.0
PM20D2,0.011612215447798654,46.880704391710516,0.0
PLEKHG2,0.011596213348996808,46.87533555245356,0.0
EBF1,0.011590028637852547,46.86996671319661,0.0
KDELC2,0.0115869960140714,46.86459787393966,0.0
PRKAG2,0.01158640098566061,46.859229034682706,0.0
ITGAE,0.011576861848917808,46.85386019542575,0.0
CSTF2T,0.011575261993157435,46.8484913561688,0.0
FZD8,0.011572008474915832,46.84312251691185,0.0
SIKE1,0.011562732174243284,46.837753677654895,0.0
SYS1,0.011561564642826308,46.83238483839794,0.0
GGT7,0.011556587654735778,46.82701599914098,0.0
MRPL27,0.01155650275338238,46.82164715988403,0.0
EDF1,0.011513977441773581,46.81627832062708,0.0
BLNK,0.011508140174746651,46.810909481370125,0.0
CCDC71L,0.011496347628011076,46.80554064211317,0.0
PIAS4,0.011495607922169821,46.80017180285622,0.0
NSA2,0.011494257499037557,46.79480296359927,0.0
MRPL4,0.01148416762978178,46.789434124342314,0.0
POLR2C,0.011482241267173222,46.78406528508536,0.0
HOXA6,0.011474739981668388,46.77869644582841,0.0
LRFN2,0.011473877875218799,46.773327606571456,0.0
HKR1,0.011471243234571443,46.767958767314504,0.0
TTC33,0.011467145992681987,46.76258992805755,0.0
RSRC2,0.011452117309327759,46.7572210888006,0.0
MBTD1,0.011451567295750592,46.751852249543646,0.0
TRIM44,0.011450041411912259,46.74648341028669,0.0
FBXO41,0.01142225123660778,46.74111457102975,0.0
CD22,0.011416606306636611,46.735745731772795,0.0
TRDMT1,0.01140332188475743,46.73037689251584,0.0
IPO5,0.011388702821811918,46.72500805325889,0.0
ETFA,0.011374821294190514,46.71963921400194,0.0
PRIM2,0.011373019697922943,46.714270374744984,0.0
RCC1,0.011361150121441083,46.70890153548803,0.0
ASB6,0.011355343452103189,46.70353269623108,0.0
HSPA6,0.011351552632413803,46.698163856974126,0.0
CCDC155,0.011346154753122109,46.692795017717174,0.0
PIGK,0.01133318815860373,46.687426178460214,0.0
PCDHB4,0.011332464362751336,46.68205733920326,0.0
ARMCX2,0.011331258944538944,46.67668849994631,0.0
RPS6KC1,0.011331062907218994,46.671319660689356,0.0
SLC16A4,0.011312186607708389,46.6659508214324,0.0
AMOTL2,0.011309601476946632,46.66058198217545,0.0
ARSI,0.011309044254042342,46.6552131429185,0.0
ATP6V1G3,0.011301195841651653,46.649844303661546,0.0
PHF10,0.011296915884467244,46.64447546440459,0.0
TIMP2,0.011291834356056385,46.63910662514764,0.0
KIAA1244,0.011291602997269327,46.63373778589069,0.0
DPPA3,0.011287825305340607,46.628368946633735,0.0
VTN,0.011286476200506575,46.62300010737678,0.0
USP33,0.011274404328083618,46.61763126811983,0.0
HIST1H2BL,0.011272053919670566,46.61226242886288,0.0
DSE,0.011265602808587323,46.606893589605924,0.0
TCEAL3,0.011259634520287547,46.60152475034898,0.0
PALMD,0.011250392767615816,46.596155911092026,0.0
VPS37A,0.011248575297498318,46.590787071835074,0.0
FAM69B,0.011233395973303124,46.58541823257812,0.0
TSPAN32,0.01119746500389782,46.58004939332117,0.0
SNAPC5,0.011196629317445347,46.574680554064216,0.0
PVALB,0.011187679656789701,46.56931171480726,0.0
RBM45,0.011160505162670382,46.56394287555031,0.0
KDSR,0.011159298193127571,46.55857403629335,0.0
ZMAT3,0.011152664144486943,46.5532051970364,0.0
SMARCA1,0.011138392784009485,46.547836357779445,0.0
SET,0.011129968704584494,46.54246751852249,0.0
PPP1R3F,0.011124852394160781,46.53709867926554,0.0
KIAA1468,0.011121082575784137,46.53172984000859,0.0
CHAMP1,0.01109444847769735,46.526361000751635,0.0
OR2L8,0.011078134593092568,46.52099216149468,0.0
NEIL1,0.011073645029156368,46.51562332223773,0.0
ADRA1B,0.011063710854687967,46.51025448298078,0.0
POLI,0.011061567798216206,46.504885643723824,0.0
MCF2,0.011024801888379902,46.49951680446687,0.0
RASGRP2,0.011009922950082171,46.49414796520992,0.0
CCDC146,0.011005990497523387,46.488779125952966,0.0
STON2,0.010999730007140275,46.483410286696014,0.0
FAM50B,0.01098659436993126,46.47804144743906,0.0
OVCA2,0.010982088134763663,46.47267260818211,0.0
IGFBP6,0.01098146992505228,46.46730376892516,0.0
UBTD1,0.010978593340527044,46.46193492966821,0.0
SPCS2,0.010971195725365129,46.45656609041126,0.0
LPCAT2,0.010968191741304947,46.451197251154305,0.0
NOL9,0.010948391046138848,46.44582841189735,0.0
ARPC2,0.010914127577086695,46.4404595726404,0.0
DNPEP,0.010907377505095201,46.43509073338345,0.0
ZNF254,0.010890948862114795,46.429721894126494,0.0
CNOT11,0.010890028898597921,46.42435305486954,0.0
GPATCH2L,0.010884924478840608,46.41898421561258,0.0
LIPN,0.01087716055623975,46.41361537635563,0.0
CCSER2,0.010869351966672956,46.40824653709868,0.0
GRIK4,0.010853456426356671,46.402877697841724,0.0
PTBP2,0.010830981188911572,46.39750885858477,0.0
PRTFDC1,0.010810632179768163,46.39214001932782,0.0
KLHL3,0.010808686967804512,46.386771180070866,0.0
IL1B,0.010807424437199183,46.381402340813914,0.0
DDX6,0.010804055295885042,46.37603350155696,0.0
DERL2,0.010795884290109822,46.37066466230001,0.0
GRWD1,0.010794995722160727,46.365295823043056,0.0
WDR73,0.01079057493689402,46.3599269837861,0.0
PUS7L,0.010784938293884768,46.35455814452915,0.0
CLDN19,0.01078200111312842,46.3491893052722,1.0
HBD,0.010781955922944949,46.343820466015245,0.0
ASAP2,0.01077420421735553,46.33845162675829,0.0
CCDC90B,0.010773789901086324,46.33308278750134,0.0
TNFRSF19,0.010769818558896528,46.327713948244394,0.0
RSU1,0.010769361824162256,46.32234510898744,0.0
SULT2A1,0.010765548885925678,46.31697626973049,0.0
IQSEC1,0.010761149209649996,46.311607430473536,0.0
MRPS24,0.010760953132514203,46.306238591216584,0.0
OR5D14,0.010752047783558023,46.30086975195963,0.0
SNX11,0.010751472754954671,46.29550091270268,0.0
RAB11FIP1,0.010736062453017945,46.29013207344572,0.0
SERPINI2,0.010723103187151004,46.284763234188766,0.0
PPFIA4,0.010712500356881767,46.27939439493181,0.0
GBGT1,0.010706542327784781,46.27402555567486,0.0
ASTL,0.010701016231326077,46.26865671641791,0.0
PLAA,0.010693538549683218,46.263287877160955,0.0
ZNF85,0.010689756790076822,46.257919037904,0.0
TAF12,0.010678943650538677,46.25255019864705,0.0
TENC1,0.010662215130881631,46.2471813593901,0.0
CD19,0.010639490738716145,46.241812520133145,0.0
CDK5R1,0.010637215964570923,46.23644368087619,0.0
CD8A,0.010629242927932934,46.23107484161924,0.0
PCSK9,0.010624934731204337,46.22570600236229,0.0
C20orf27,0.010624089752113167,46.220337163105334,0.0
WIZ,0.010622066846877411,46.21496832384838,0.0
USP3,0.010620024824188758,46.20959948459143,0.0
OSBP,0.010598056467540817,46.204230645334476,0.0
SERPINI1,0.010587773496626401,46.198861806077524,0.0
LMOD2,0.010583227523301186,46.19349296682057,0.0
PHF20L1,0.010575662965800238,46.188124127563626,0.0
SH3YL1,0.01056669687876196,46.18275528830667,0.0
RPUSD4,0.010561506523204638,46.17738644904972,0.0
TAS2R1,0.010553224540687675,46.17201760979277,0.0
GTF2A1,0.010544380108734354,46.166648770535815,0.0
RNF214,0.010535071832839032,46.16127993127886,0.0
TNNI2,0.010527298458816512,46.15591109202191,0.0
FAM150B,0.010511836310168245,46.15054225276495,0.0
PRKCDBP,0.0105081594276253,46.145173413508,0.0
FAM46B,0.010506040682387432,46.139804574251045,0.0
PDE9A,0.010494834147695059,46.13443573499409,0.0
PSTPIP1,0.01049456479649462,46.12906689573714,0.0
PDE10A,0.010492013505728917,46.12369805648019,0.0
ADCY5,0.010491479386424958,46.118329217223234,0.0
FGF2,0.010474254017785043,46.11296037796628,0.0
NOVA2,0.010467772395889943,46.10759153870933,0.0
ZMAT4,0.010461485715057783,46.102222699452376,0.0
RPS15,0.01045492628879644,46.096853860195424,0.0
GPSM1,0.010445635549877777,46.09148502093847,0.0
SEMA3G,0.010440073844131068,46.08611618168152,0.0
FAM49B,0.010433698735512944,46.080747342424566,0.0
SLC35C2,0.010432546637961757,46.07537850316761,0.0
BARX1,0.01042912769581547,46.07000966391066,0.0
CCDC106,0.010413830868715846,46.06464082465371,0.0
AKR1E2,0.010410075253151827,46.059271985396755,0.0
NFKBIB,0.010407475753238592,46.0539031461398,0.0
ERLIN1,0.010398658628221012,46.04853430688286,0.0
TTLL11,0.010384927980834877,46.043165467625904,0.0
FUOM,0.01038491382790718,46.03779662836895,0.0
C7orf63,0.01037824668876926,46.032427789112,0.0
HIST1H2BB,0.010375181600378437,46.027058949855046,0.0
FBLN5,0.010368240672065827,46.02169011059809,0.0
SS18L2,0.010359485481594854,46.016321271341134,0.0
TRIM24,0.010353592839753626,46.01095243208418,0.0
C9orf84,0.010351964468156385,46.00558359282723,0.0
TESK2,0.010351962019601793,46.000214753570276,0.0
SYCP2,0.010337106800890521,45.99484591431332,0.0
TTF1,0.010324429701955847,45.98947707505637,0.0
MOB3A,0.010285314185123079,45.98410823579942,0.0
CDK8,0.010277522560036402,45.978739396542466,0.0
ITPKB,0.010267012891488993,45.97337055728551,0.0
LITAF,0.010236983077434935,45.96800171802856,0.0
UBAP1,0.010231099985960408,45.96263287877161,0.0
PMFBP1,0.010221622249697342,45.957264039514655,0.0
PDCD1LG2,0.01022093318428353,45.9518952002577,0.0
ELF2,0.010217449413328047,45.94652636100075,0.0
FBXL20,0.010208147311422843,45.9411575217438,0.0
RBMS1,0.010207101865886414,45.935788682486844,0.0
ELP4,0.01019997161037008,45.93041984322989,0.0
ATG4A,0.010193766585522124,45.92505100397294,0.0
CYP8B1,0.010188569574207062,45.91968216471599,0.0
KLHL9,0.010181529496162252,45.914313325459034,0.0
MAP7D2,0.010181271995718472,45.90894448620209,0.0
NME5,0.010177584788656449,45.903575646945136,0.0
NAA10,0.010175311986029202,45.89820680768818,1.0
WFIKKN2,0.010174767081723058,45.89283796843123,0.0
RAB3B,0.010148629282331238,45.88746912917428,0.0
MAPRE2,0.010145504392115786,45.88210028991732,0.0
APOBEC1,0.010140358417702862,45.876731450660365,0.0
SULT1E1,0.01014015760612666,45.87136261140341,0.0
AKAP14,0.010135295914327335,45.86599377214646,0.0
MROH7,0.010134973583855286,45.86062493288951,0.0
CAMK2A,0.010131846955880899,45.855256093632555,0.0
PRTG,0.010115201534221742,45.8498872543756,0.0
RNASE1,0.010113082154196646,45.84451841511865,0.0
ZNF418,0.010074568057879527,45.8391495758617,0.0
CLEC6A,0.010055764867517697,45.833780736604744,0.0
WDR61,0.010053601084052845,45.82841189734779,0.0
KLRF1,0.010045128425693956,45.82304305809084,0.0
THOC7,0.0100400148826914,45.817674218833886,0.0
PLA2G4C,0.010039255619844588,45.812305379576934,0.0
PARP14,0.010038851435151588,45.80693654031998,0.0
AQR,0.010036379506557,45.80156770106303,0.0
MMS19,0.010033328262038283,45.796198861806076,0.0
TBC1D12,0.010032494525890726,45.79083002254912,0.0
CTSZ,0.010026845562403196,45.78546118329217,0.0
EFHC2,0.010021858608393188,45.78009234403522,0.0
LAGE3,0.01001726623733681,45.77472350477827,0.0
UBXN4,0.010008991929421117,45.76935466552132,0.0
MTSS1,0.010008347022362168,45.76398582626437,0.0
NSUN6,0.01000636459521738,45.758616987007414,0.0
SSR3,0.009991600294062842,45.753248147750455,0.0
BET1,0.009990709525858742,45.7478793084935,0.0
HES7,0.009984069515870315,45.74251046923655,0.0
CADM2,0.009973442286166916,45.7371416299796,0.0
RBMXL1,0.009972261873028056,45.731772790722644,0.0
PIGZ,0.009968673504106644,45.72640395146569,0.0
CCDC71,0.009968352598765572,45.72103511220874,0.0
CTRC,0.009963970325406243,45.715666272951786,0.0
ATP13A1,0.009957153051064975,45.710297433694834,0.0
VMP1,0.009949640069477626,45.70492859443788,0.0
ACCS,0.009936746321674428,45.69955975518093,0.0
HDAC9,0.009909036414632862,45.694190915923976,0.0
EIF5A2,0.009904221584700253,45.68882207666702,0.0
CRP,0.009896556260377826,45.68345323741007,0.0
EIF4A3,0.00988732569110425,45.67808439815312,0.0
ASB11,0.00988292872902691,45.672715558896165,0.0
CD34,0.009882305415829396,45.66734671963921,0.0
SGCE,0.009879726582793843,45.66197788038226,0.0
KIAA1841,0.009872801329329602,45.65660904112531,0.0
TMEM87B,0.00986603850399104,45.651240201868355,0.0
SKAP1,0.009858723490663671,45.6458713626114,0.0
CPD,0.009857002849695888,45.64050252335445,0.0
OR56A4,0.00985329261801529,45.635133684097504,0.0
FRAT2,0.009847421597678202,45.62976484484055,0.0
PCDHB14,0.009827840200522013,45.6243960055836,0.0
ZBTB5,0.009826466996763664,45.619027166326646,0.0
SP140L,0.009820222081069366,45.613658327069686,0.0
PCDHB5,0.00981157254311244,45.60828948781273,0.0
AICDA,0.009810113806730168,45.60292064855578,0.0
TUBA1C,0.009801540833325496,45.59755180929883,0.0
DCUN1D2,0.009790449112951866,45.592182970041875,0.0
CYTH1,0.0097844933681873,45.58681413078492,0.0
VTCN1,0.009782518053353478,45.58144529152797,0.0
FAM96B,0.009782029416876073,45.57607645227102,0.0
FUK,0.009780506810869722,45.570707613014065,0.0
CMIP,0.009778087291301061,45.56533877375711,0.0
CHST9,0.009776040603976497,45.55996993450016,0.0
SPC24,0.009772800570567921,45.55460109524321,0.0
FAM114A2,0.009768381479166649,45.549232255986254,0.0
BCL10,0.00976171680734331,45.5438634167293,0.0
IFIT2,0.009758398061488325,45.53849457747235,0.0
DUSP7,0.009752372777298944,45.533125738215396,0.0
PARN,0.009751579000037083,45.527756898958444,0.0
FSTL5,0.0097432666323742,45.52238805970149,0.0
OPCML,0.009728259531909941,45.51701922044454,0.0
FAR2,0.009685179732279111,45.511650381187586,0.0
MLLT10,0.009666451236675658,45.50628154193063,0.0
BICD2,0.009658541394897505,45.50091270267368,0.0
BEX2,0.00964428808350478,45.495543863416735,0.0
USP12,0.009642068300901974,45.49017502415978,0.0
WBP1,0.009640138691044284,45.48480618490282,0.0
INIP,0.009637862662507254,45.47943734564587,0.0
PLEKHH1,0.009617053032463468,45.47406850638892,0.0
WWC2,0.009615386604503841,45.468699667131965,0.0
MYPN,0.009607830896009055,45.46333082787501,0.0
KDM4A,0.009597527362914809,45.45796198861806,0.0
ATP6V0E2,0.009595514367313939,45.45259314936111,0.0
RAPGEF3,0.009593531781448597,45.447224310104154,0.0
SEC11C,0.009590052817982388,45.4418554708472,0.0
ZNF585A,0.009585781227880195,45.43648663159025,0.0
UBA7,0.009585693777101922,45.431117792333296,0.0
PCGF6,0.009585556387428664,45.425748953076344,0.0
MUSTN1,0.0095752652905329,45.42038011381939,0.0
SMPD3,0.00957269635262573,45.41501127456244,0.0
GON4L,0.009572067005164046,45.409642435305486,0.0
PCDHA1,0.009566677562605689,45.40427359604853,0.0
MRPL15,0.009566491435529538,45.39890475679158,0.0
ANKRD12,0.009561685231524739,45.39353591753463,0.0
HCAR2,0.009558080142182148,45.388167078277675,0.0
ATP1B3,0.00955706725207284,45.38279823902072,0.0
DCAF17,0.009550502303068396,45.37742939976377,0.0
RRP1,0.009545460477773757,45.37206056050682,0.0
SLC38A7,0.00954439388599251,45.366691721249865,0.0
SERP2,0.009537320702531528,45.36132288199291,0.0
BRWD1,0.00953688747081025,45.355954042735966,0.0
CHGB,0.00953556756950749,45.350585203479014,0.0
SPRR2A,0.009528669313526738,45.345216364222054,0.0
ATXN3,0.009523676150322251,45.3398475249651,0.0
PLEKHG4B,0.00951954873088538,45.33447868570815,0.0
ZNF341,0.009506646796564612,45.329109846451196,0.0
FOXN2,0.009501457575614396,45.32374100719424,0.0
DIO3,0.009500501180845652,45.31837216793729,0.0
ST7,0.00949981706674654,45.31300332868034,0.0
CLTCL1,0.009487333373960587,45.307634489423386,0.0
EVX2,0.009482150770255257,45.30226565016643,0.0
TNFRSF6B,0.009472427472392686,45.29689681090948,0.0
ANKRD18A,0.00944462680137233,45.29152797165253,0.0
CAPG,0.0094278917183391,45.286159132395575,0.0
TSNAXIP1,0.009421922250092848,45.28079029313862,0.0
CCDC113,0.009405800314442284,45.27542145388167,0.0
NLGN3,0.009404576224844589,45.27005261462472,0.0
KIRREL,0.009395764503959046,45.264683775367764,0.0
KRR1,0.009390938803433141,45.25931493611081,0.0
ZNF689,0.009385281472955762,45.25394609685386,0.0
GNG4,0.00938455830546787,45.24857725759691,0.0
TSSC4,0.009354847360340647,45.243208418339954,0.0
SLAMF6,0.00935396499735532,45.237839579083,0.0
YIPF1,0.009347491652632453,45.23247073982605,0.0
APPL1,0.009338529832595335,45.227101900569096,0.0
MTRF1L,0.009327651416837482,45.22173306131214,0.0
RHOT2,0.009326697491773882,45.21636422205519,0.0
ACVR1B,0.009317867002046521,45.21099538279824,0.0
TMEM87A,0.009316421828524008,45.205626543541285,0.0
MED6,0.009287831340084174,45.20025770428433,0.0
ZMAT5,0.009286244207013395,45.19488886502738,0.0
GCLM,0.009273998850016129,45.18952002577043,0.0
CYP2S1,0.009273036138736295,45.184151186513475,0.0
HOXB6,0.009270110443818601,45.17878234725652,0.0
BEST4,0.009268194099763314,45.17341350799957,0.0
MEP1A,0.009263930072272539,45.16804466874262,0.0
TAS2R13,0.009263688557160862,45.162675829485664,0.0
SRSF6,0.009255779488818828,45.15730699022871,0.0
KIAA0368,0.009249562646564414,45.15193815097176,0.0
DDX52,0.00924086120890103,45.146569311714806,0.0
CUZD1,0.0092395388012235,45.141200472457854,0.0
RPL28,0.009229394418190777,45.1358316332009,0.0
OR2M2,0.009212937086004099,45.13046279394395,0.0
ZBTB38,0.009210239215421658,45.125093954686996,0.0
MRPS31,0.00920659927445832,45.11972511543004,0.0
CD276,0.009196417308281014,45.11435627617309,0.0
CERS4,0.009195486465512213,45.10898743691614,0.0
LYPD3,0.009192108900561593,45.103618597659185,0.0
SGTA,0.009185835009277846,45.09824975840223,0.0
SH3BP4,0.009178144537225348,45.09288091914528,0.0
UBA52,0.009176572760970024,45.08751207988833,0.0
RALGPS2,0.009174913850389339,45.08214324063138,0.0
TEKT1,0.009170483033210951,45.07677440137442,0.0
NBPF10,0.009170138744149363,45.07140556211747,0.0
ECI1,0.009160201360917882,45.06603672286052,0.0
CST2,0.009155606978050592,45.060667883603564,0.0
PHF11,0.009148892146531458,45.05529904434661,0.0
KIRREL3,0.009147342880080712,45.04993020508966,0.0
CKS2,0.009147087736165202,45.044561365832706,0.0
GTF2F2,0.00913795257791849,45.039192526575754,0.0
CDR2L,0.009135955129920994,45.0338236873188,0.0
CDC42SE1,0.009134671564570672,45.02845484806185,0.0
SLC29A3,0.009131317520227467,45.023086008804896,0.0
EBAG9,0.009130047755920911,45.01771716954794,0.0
EXOSC4,0.009117808596535775,45.01234833029099,0.0
TUBB2B,0.009106032309500767,45.00697949103404,0.0
PHTF1,0.009100756237323508,45.001610651777085,0.0
YPEL2,0.009090987225957452,44.99624181252013,0.0
SLC43A3,0.009079603944558617,44.99087297326318,0.0
WNT8B,0.0090790931874795,44.98550413400623,0.0
BLZF1,0.009072702010640612,44.980135294749275,0.0
FBXL2,0.009070154583753634,44.97476645549232,0.0
SUDS3,0.009063251044610513,44.96939761623537,0.0
CCDC33,0.009062493216863705,44.96402877697842,0.0
FIGF,0.009050021582359903,44.958659937721464,0.0
FKBP1B,0.009045861320508903,44.95329109846451,0.0
LMAN2,0.009037031047681107,44.94792225920756,0.0
MAN1A2,0.009036195014185225,44.942553419950606,0.0
OR8B4,0.00901812571968143,44.93718458069365,0.0
FADD,0.0090137707826614,44.9318157414367,0.0
RBX1,0.009011993063589942,44.92644690217975,0.0
SNX18,0.009006915043607943,44.921078062922795,0.0
SLC52A3,0.008996957101613088,44.91570922366584,0.0
CIB1,0.008993516648358523,44.91034038440889,0.0
FAM126B,0.008989608161279247,44.90497154515194,0.0
COMMD6,0.00898639465422559,44.899602705894985,0.0
RGL4,0.008983518817117312,44.89423386663803,0.0
SLCO2B1,0.008975902238838736,44.88886502738108,0.0
TBC1D10A,0.008967372600010024,44.88349618812413,0.0
THAP5,0.008954036744985353,44.878127348867174,0.0
GATC,0.008952568425984835,44.87275850961022,0.0
FZD10,0.008951640796881134,44.86738967035327,0.0
KIAA2022,0.008939439151197107,44.862020831096316,0.0
RETN,0.008938211667285392,44.856651991839364,0.0
SLCO4C1,0.008936989295955624,44.85128315258241,0.0
MLTK,0.008933810133357856,44.84591431332546,0.0
ETNK2,0.008933128569102704,44.840545474068506,0.0
F2RL3,0.00893198440220566,44.83517663481155,0.0
FEZ2,0.008929976810992866,44.8298077955546,0.0
ZRANB2,0.008920764303012162,44.82443895629765,0.0
HIST1H2AD,0.008920595676060837,44.819070117040695,0.0
UGT1A7,0.008920319831490161,44.81370127778374,0.0
SSC5D,0.00891869331396014,44.80833243852679,0.0
MARC1,0.008906209193140871,44.80296359926984,0.0
SCYL2,0.00890395087122232,44.797594760012885,0.0
FBXO32,0.008903504325737837,44.79222592075593,0.0
RASAL3,0.008894969906116603,44.78685708149898,0.0
TSPEAR,0.008885767224090263,44.78148824224203,0.0
SCAND3,0.008884252091925473,44.776119402985074,0.0
GPR101,0.008878364654292757,44.77075056372812,0.0
USP45,0.00887655342172379,44.76538172447117,0.0
MPDU1,0.008856435930904216,44.760012885214216,0.0
SNRPG,0.008844508170083622,44.754644045957264,0.0
TMED2,0.008842106570914913,44.74927520670031,0.0
SCLY,0.00884021754580427,44.74390636744336,0.0
CCR10,0.008839190698553259,44.738537528186406,0.0
AP2A2,0.008831821747530078,44.73316868892945,0.0
RPS3,0.00883166060384101,44.7277998496725,0.0
TPH1,0.008824240640069777,44.72243101041555,0.0
ARL6IP6,0.008815429524839453,44.717062171158595,1.0
TNS4,0.008806235286983615,44.71169333190164,0.0
C15orf59,0.008805824613295528,44.70632449264469,0.0
MRPL2,0.008802795496216702,44.70095565338774,0.0
APOBEC3G,0.008794980838829602,44.695586814130785,0.0
TBC1D3,0.008778731962049693,44.69021797487383,0.0
ISG15,0.008777598550958752,44.68484913561688,0.0
SAPCD1,0.008774918287976413,44.67948029635993,0.0
PCYOX1,0.008774253637443533,44.674111457102974,0.0
GIPR,0.008757900896090942,44.66874261784602,0.0
OR2T1,0.008750467682705241,44.66337377858907,0.0
PRR12,0.008744759615684697,44.658004939332116,0.0
NSMF,0.008742141436035387,44.65263610007516,0.0
DOK6,0.008736831739914573,44.64726726081821,0.0
CCDC30,0.00873058968823454,44.64189842156126,0.0
APC2,0.008722306859373526,44.636529582304306,0.0
CIRH1A,0.00871066772901702,44.63116074304735,0.0
IFI44L,0.008702932489873385,44.6257919037904,0.0
DCHS2,0.00869022742805282,44.62042306453345,0.0
NDC1,0.00868165424046786,44.615054225276495,0.0
PAPOLB,0.00866789629726715,44.60968538601954,0.0
MRTO4,0.008649362389151417,44.60431654676259,0.0
SESN2,0.008648275698811504,44.59894770750564,0.0
CCDC6,0.008644238359329042,44.593578868248684,0.0
SEZ6L2,0.008639436781523315,44.58821002899173,0.0
AP4S1,0.008617410989897939,44.58284118973478,0.0
FCGR2A,0.008612524864350027,44.57747235047783,0.0
SLC15A4,0.008609548614855857,44.572103511220874,0.0
COBL,0.008596853458340067,44.56673467196392,0.0
RPL23,0.008590308282994124,44.56136583270697,0.0
WHAMM,0.008572879004031298,44.555996993450016,0.0
RAB5B,0.008562012904422807,44.55062815419306,0.0
PSMA5,0.008559432916952322,44.54525931493611,0.0
POP1,0.0085579278461165,44.53989047567916,0.0
PSMD12,0.008544518462699421,44.534521636422205,0.0
WBSCR22,0.008544196069733143,44.52915279716525,0.0
ZNF211,0.008539615307148463,44.5237839579083,0.0
STOX2,0.008535749886503782,44.51841511865135,0.0
ANP32E,0.008522670185911258,44.513046279394395,0.0
PDE2A,0.008520467974923613,44.50767744013744,0.0
RPUSD3,0.00851772667951162,44.50230860088049,0.0
SEPT3,0.008515712097235246,44.49693976162354,0.0
UCKL1,0.008507863055312008,44.491570922366584,0.0
PLD4,0.008505250770521878,44.48620208310963,0.0
C20orf144,0.008499555681801822,44.48083324385268,0.0
RPL18A,0.008491509085806743,44.475464404595726,0.0
HEXDC,0.008490785715414255,44.470095565338774,0.0
SV2C,0.008490253473373123,44.46472672608182,0.0
SECISBP2L,0.0084883946600445,44.45935788682487,0.0
UBE2D4,0.008486552808579897,44.453989047567916,0.0
GPCPD1,0.008482572499079598,44.44862020831096,0.0
SERINC2,0.008472285257670503,44.44325136905401,0.0
PAK7,0.00846757724310418,44.43788252979706,0.0
KIFC2,0.008461095661804075,44.432513690540105,0.0
STX16,0.008459297968760124,44.42714485128315,0.0
CCR1,0.008454244885543033,44.4217760120262,0.0
PSMD8,0.00845309459670757,44.41640717276925,0.0
PI4K2B,0.008438229196415022,44.411038333512295,0.0
DLEC1,0.008437985847175691,44.40566949425534,0.0
PSMD3,0.00842703972088198,44.40030065499839,0.0
PAPD7,0.008424173989959177,44.39493181574144,0.0
ZFAND1,0.008416764518830479,44.389562976484484,0.0
ARPC4,0.008412000397323548,44.38419413722753,0.0
PDE3B,0.00840647775628338,44.37882529797058,0.0
ZNF677,0.008403605418408604,44.373456458713626,0.0
U2AF2,0.008395907253466547,44.368087619456674,0.0
DPH5,0.008391744487597438,44.36271878019972,0.0
VWA9,0.008387667622333183,44.35734994094277,0.0
GRAP,0.008381113094812669,44.351981101685816,0.0
PRPS1L1,0.008373167657807568,44.34661226242886,0.0
ALPK2,0.00837265439553175,44.34124342317191,0.0
PURA,0.00837150280042247,44.33587458391496,0.0
APEX2,0.008359937315116644,44.330505744658005,0.0
PDK3,0.008355645745914136,44.32513690540105,0.0
ALDH9A1,0.008354207044704612,44.3197680661441,0.0
LLPH,0.008350377154251035,44.31439922688715,0.0
NEURL2,0.008347965369163188,44.309030387630195,0.0
MAGEH1,0.008345645740641162,44.30366154837324,0.0
PAXBP1,0.00834534965453099,44.29829270911629,0.0
DCAF11,0.008341480608894213,44.29292386985934,0.0
ROPN1B,0.008335203938007702,44.287555030602384,0.0
CAPNS2,0.008330733034830472,44.28218619134543,0.0
PLEKHH3,0.008328236370520572,44.27681735208848,0.0
DNAH14,0.008325484009583559,44.271448512831526,0.0
SEMA3D,0.008324109974427361,44.26607967357457,0.0
TBC1D10B,0.008323803109297874,44.26071083431762,0.0
PHAX,0.00831945976997831,44.25534199506067,0.0
SLC13A4,0.008311379840500562,44.249973155803715,0.0
SURF4,0.008299663435190514,44.24460431654676,0.0
MUC13,0.008297742497977075,44.23923547728981,0.0
CCPG1,0.008297529139705401,44.23386663803286,0.0
SIGIRR,0.008295696506129387,44.228497798775905,0.0
UQCR11,0.00829558240484143,44.22312895951895,0.0
TFAP4,0.008283183773521982,44.217760120262,0.0
SEC14L1,0.008281311658525132,44.21239128100505,0.0
TENM1,0.008271157979388247,44.207022441748094,0.0
NEUROD6,0.008265326802985713,44.20165360249114,0.0
PTGFRN,0.008258269636762374,44.19628476323419,0.0
TTC19,0.008252084815949056,44.190915923977236,0.0
ADPRHL1,0.008239035615562485,44.185547084720284,0.0
CBLL1,0.008237869305133694,44.18017824546333,0.0
TFDP3,0.008235538865396734,44.17480940620638,0.0
CNPY4,0.008235306126878334,44.169440566949426,0.0
MINK1,0.008233557994245647,44.16407172769247,0.0
GPR83,0.008224352779019003,44.15870288843552,0.0
BIN1,0.008195395219577722,44.15333404917857,0.0
OPN3,0.008189558691153204,44.147965209921615,0.0
ARRDC4,0.008183749732452813,44.14259637066466,0.0
OLIG3,0.008183433704884972,44.13722753140771,0.0
ZNF784,0.008183373980873201,44.13185869215076,0.0
VSTM2L,0.008177470996826756,44.126489852893805,0.0
DDX4,0.008176740546020043,44.12112101363685,0.0
PSMB9,0.008174007881694742,44.1157521743799,0.0
CCL20,0.008172560323329508,44.11038333512295,0.0
PNMA1,0.008171748249809638,44.105014495865994,0.0
FAM155B,0.008167459773305559,44.09964565660904,0.0
RARRES3,0.008163930662666189,44.09427681735209,0.0
RBM38,0.00813834776923853,44.088907978095136,0.0
SNTB2,0.008135976362843933,44.083539138838184,0.0
ZNF75A,0.008130226224693615,44.07817029958123,0.0
TMEM9B,0.008127672770741537,44.07280146032428,0.0
ENDOV,0.008126378222068898,44.067432621067326,0.0
OR52W1,0.00811995197459561,44.06206378181037,0.0
ZNF770,0.008117498354750303,44.05669494255342,0.0
SNX1,0.008117152600543315,44.05132610329647,0.0
CACNA2D3,0.008115580296856216,44.045957264039515,0.0
OVGP1,0.008114999637722537,44.04058842478256,0.0
KDM4D,0.008104186436138968,44.03521958552561,0.0
HTR3A,0.008103678380817141,44.02985074626866,0.0
FAM160B1,0.008103161263388382,44.024481907011705,0.0
ABRA,0.008100781707852129,44.01911306775475,0.0
MT1B,0.008100503731937717,44.0137442284978,0.0
TLDC1,0.008100216737655324,44.00837538924085,0.0
SP110,0.008098927711742452,44.003006549983894,0.0
B4GALNT3,0.008096410022526465,43.99763771072694,0.0
TBC1D22A,0.008087915883477131,43.99226887146999,0.0
SP6,0.008080915034736466,43.986900032213036,0.0
CCDC93,0.008064733728647164,43.98153119295608,0.0
KCNK1,0.008064551124788589,43.97616235369913,0.0
NEK10,0.00806444099226566,43.97079351444218,0.0
CDHR4,0.008060947489804335,43.965424675185226,0.0
ITIH3,0.008056469892124878,43.96005583592827,0.0
QRICH1,0.008053919084281661,43.95468699667132,0.0
TEF,0.008044297072982431,43.94931815741437,0.0
EFNB3,0.008033015466825211,43.943949318157415,0.0
TPPP,0.008029317433828283,43.93858047890046,0.0
IRF9,0.008024510021499641,43.93321163964351,0.0
CD1B,0.008023162571765373,43.92784280038656,0.0
KLKB1,0.008015127398086781,43.922473961129604,0.0
CA7,0.008014986458240326,43.91710512187265,0.0
CCDC85B,0.008010619744510094,43.9117362826157,0.0
SMS,0.008002337904595359,43.90636744335875,0.0
GNPDA2,0.007995718708027417,43.900998604101794,0.0
ENC1,0.007992858534166383,43.89562976484484,0.0
APPBP2,0.007976521687591049,43.89026092558789,0.0
HIGD1B,0.007952425072395922,43.884892086330936,0.0
EPHX1,0.007949122257569425,43.87952324707398,0.0
CCL22,0.007941064041153766,43.87415440781703,0.0
LRP5L,0.007937428939716565,43.86878556856008,0.0
ESD,0.007932686461633618,43.863416729303125,0.0
DAZL,0.007919289206741282,43.85804789004617,0.0
NARFL,0.007905992743435616,43.85267905078922,0.0
STRA13,0.0078970512018794,43.84731021153227,0.0
CCNJL,0.007895382990983708,43.841941372275315,0.0
GMDS,0.0078923651930824,43.836572533018355,0.0
PRPF40B,0.007888339391772099,43.83120369376141,0.0
CHP2,0.007884347259396343,43.82583485450446,0.0
TM4SF19,0.00788129115220352,43.820466015247504,0.0
METTL2B,0.007880799006608756,43.81509717599055,0.0
C1orf52,0.007876192954613241,43.8097283367336,0.0
OR51E1,0.007871280995263345,43.804359497476646,0.0
MTPAP,0.007861993614956523,43.798990658219694,0.0
TOMM5,0.00785791436148403,43.79362181896274,0.0
FAM60A,0.007854703926541737,43.78825297970579,0.0
SPPL2A,0.007850281168649349,43.782884140448836,0.0
STRADA,0.007849949779811276,43.77751530119188,0.0
CARD11,0.007843563852398852,43.77214646193493,0.0
LARP4B,0.007837487387684626,43.76677762267798,0.0
SNX21,0.007833616480061645,43.761408783421025,0.0
PFKFB1,0.00782488314086374,43.75603994416407,0.0
OSTF1,0.007823375266083156,43.75067110490712,0.0
SLC35C1,0.007815510714057861,43.74530226565017,0.0
OR1C1,0.007814210737872628,43.739933426393215,0.0
UGT1A1,0.007810695707589457,43.73456458713626,0.0
MRPL19,0.007806796705220695,43.72919574787931,0.0
ANO5,0.007802172259924413,43.72382690862236,0.0
LRRC6,0.007800736191050936,43.718458069365404,0.0
UBE2F,0.007788308832339411,43.71308923010845,0.0
SAP30,0.0077778682715974835,43.7077203908515,0.0
MTMR1,0.007775283443765828,43.702351551594546,0.0
ZNF544,0.007772245413462965,43.696982712337594,0.0
AKR1B10,0.00775222651158569,43.69161387308064,0.0
LECT2,0.0077438522187340845,43.68624503382369,0.0
GINS4,0.007734492808541185,43.680876194566736,0.0
MRPL43,0.007724150971898648,43.67550735530978,0.0
TRIM3,0.007704442247752777,43.67013851605283,0.0
TMEM182,0.007702011275005102,43.66476967679588,0.0
FGD2,0.007689722159311588,43.659400837538925,0.0
TPM4,0.007665895537591341,43.65403199828197,0.0
SPERT,0.0076498267777342,43.64866315902502,0.0
JAKMIP1,0.00764720134629075,43.64329431976807,0.0
USP32,0.007646965394380574,43.637925480511115,0.0
DGCR6,0.007645580834201811,43.63255664125416,1.0
EXOSC7,0.007627456871810314,43.62718780199721,0.0
PDAP1,0.007626845830473729,43.62181896274026,0.0
DPH7,0.007613144419421595,43.616450123483304,0.0
AASDH,0.007611224755412381,43.61108128422635,0.0
SYNPO,0.007608590501399187,43.6057124449694,0.0
SHMT1,0.007607290763097236,43.600343605712446,0.0
RPS24,0.007604430139005307,43.59497476645549,0.0
FER1L6,0.007599134376289203,43.58960592719854,0.0
MIEF2,0.00759848299835815,43.58423708794159,0.0
PUS10,0.007588511421674905,43.578868248684635,0.0
RAB5A,0.007586238052109869,43.57349940942768,0.0
UTF1,0.007578578138134938,43.56813057017072,0.0
MYLPF,0.007566098926927348,43.56276173091377,0.0
FBXO17,0.0075549575764718106,43.557392891656825,0.0
SPANXN3,0.007554726397426133,43.55202405239987,0.0
CDK14,0.007554622578992509,43.54665521314292,0.0
C15orf40,0.0075545199898781334,43.54128637388597,0.0
MRPS34,0.007548212782397481,43.535917534629014,0.0
RAP1A,0.007534851986223943,43.53054869537206,0.0
DNAJB11,0.007532750592577997,43.52517985611511,0.0
FBXO45,0.007527281814049003,43.51981101685816,0.0
TMED3,0.007526489692437503,43.514442177601204,0.0
MORC1,0.007518210274247432,43.50907333834425,0.0
CLEC4F,0.007515307538038987,43.5037044990873,0.0
KRT36,0.0075069909179202796,43.498335659830346,0.0
SMR3B,0.007499991293459825,43.49296682057339,0.0
FAM217B,0.007497955609214836,43.48759798131644,0.0
SGK223,0.007495351695903156,43.48222914205949,0.0
NRD1,0.0074853875799637554,43.476860302802535,0.0
C7orf55,0.007483075399652643,43.47149146354558,0.0
KCTD9,0.0074797432520097105,43.46612262428863,0.0
THUMPD3,0.007462991094811568,43.46075378503168,0.0
GMPR,0.007450432655580262,43.455384945774725,0.0
SEC13,0.007448043023823845,43.45001610651777,0.0
SRP9,0.00743056945711823,43.44464726726082,0.0
POLR2D,0.007411934393560022,43.43927842800387,0.0
GMCL1,0.007404284880290145,43.433909588746914,0.0
PCOLCE2,0.007402675359346839,43.428540749489954,0.0
APCS,0.007402224307089933,43.423171910233,0.0
OSBPL5,0.007399096033460469,43.417803070976056,0.0
LIPH,0.007385508662505288,43.412434231719104,0.0
DIS3L,0.007385380657685921,43.40706539246215,0.0
CLPX,0.007364840058376699,43.4016965532052,0.0
KCTD12,0.007352058651464965,43.396327713948246,0.0
ANKRD39,0.007345199820016163,43.39095887469129,0.0
PYCR1,0.007342426233163124,43.38559003543434,0.0
ADAMTS17,0.007339163357039287,43.38022119617739,0.0
GALE,0.007338291369469478,43.374852356920435,0.0
GK5,0.007333975745764267,43.36948351766348,0.0
CAMKK1,0.007329223720549459,43.36411467840653,0.0
PPP1R8,0.007328242230632473,43.35874583914958,0.0
RBM48,0.0073254978434902,43.353376999892625,0.0
SKOR2,0.007324611863371568,43.34800816063567,0.0
CYP2J2,0.007322784165787991,43.34263932137872,0.0
AHDC1,0.007284729762186859,43.33727048212177,0.0
PTCHD2,0.007279632386258607,43.331901642864814,0.0
OSMR,0.007278360595528696,43.32653280360786,0.0
PPP1R13B,0.007274302264193251,43.32116396435091,0.0
IGLL1,0.007263873541197145,43.315795125093956,0.0
PCDH9,0.007261126777930163,43.310426285837,0.0
RP11-407N17.3,0.007260365359696484,43.30505744658005,0.0
SPRYD4,0.007247447886109601,43.29968860732309,0.0
GPAA1,0.007246198301200895,43.29431976806614,0.0
GRK5,0.007240667040656544,43.288950928809186,0.0
MGAT4A,0.007240050989480676,43.28358208955223,0.0
SLC16A5,0.00722345844964078,43.27821325029529,0.0
ZNF622,0.007217273888806598,43.272844411038335,0.0
TIGD2,0.007206826628176547,43.26747557178138,0.0
ZNF577,0.007201623556296116,43.26210673252443,0.0
POMK,0.007189898623049052,43.25673789326748,1.0
TCF21,0.007189228865236874,43.251369054010524,0.0
PLA2R1,0.0071870927147923425,43.24600021475357,0.0
WNK3,0.007186692805278433,43.24063137549662,0.0
HTATSF1,0.007183648043158071,43.23526253623967,0.0
ZMYM6,0.007181765364867768,43.229893696982714,0.0
EMILIN3,0.007180284580573628,43.22452485772576,0.0
ORAI2,0.007176590756009347,43.21915601846881,0.0
PSMA4,0.007168715964711292,43.213787179211856,0.0
FLG2,0.007168267971096839,43.2084183399549,0.0
PLRG1,0.007167384942369358,43.20304950069795,0.0
OTUB1,0.007163074975908729,43.197680661441,0.0
CCNK,0.007151286220370016,43.192311822184045,0.0
RWDD1,0.007146410611833927,43.18694298292709,0.0
ZNF383,0.007143601437949186,43.18157414367014,0.0
EML4,0.007137147851821582,43.17620530441319,0.0
CYTH4,0.007124103444535809,43.170836465156235,0.0
HNRNPA1L2,0.007123819506726055,43.16546762589928,0.0
BCL2L14,0.007121947458712656,43.16009878664232,0.0
ZNF404,0.007120361457779981,43.15472994738537,0.0
EIF3J,0.007119423205596979,43.14936110812842,0.0
KIAA2013,0.0071168950073890016,43.14399226887147,0.0
AS3MT,0.007107760514436619,43.13862342961452,0.0
PLXNC1,0.007103321488276576,43.133254590357566,0.0
FAM118B,0.007100032286586749,43.127885751100614,0.0
BRWD3,0.007086757928928792,43.12251691184366,0.0
CLDN6,0.007084304657526998,43.11714807258671,0.0
NKG7,0.0070837269401392245,43.111779233329756,0.0
VPS29,0.007081624588642835,43.1064103940728,0.0
OR8D2,0.007074543320591045,43.10104155481585,0.0
PSME4,0.007068847870297612,43.0956727155589,0.0
TMEM168,0.007068654066242094,43.090303876301945,0.0
ITGB3BP,0.007068543461088499,43.08493503704499,0.0
RNASE13,0.0070627483586163265,43.07956619778804,0.0
SLC2A1,0.007061824649710375,43.07419735853109,0.0
NOP9,0.0070606109095700375,43.068828519274135,0.0
DENND2A,0.007059435946344314,43.06345968001718,0.0
IGSF9,0.00704224806861087,43.05809084076023,0.0
FXYD1,0.007035639965445287,43.05272200150328,0.0
FIBP,0.007027619583161368,43.047353162246324,0.0
FAM20A,0.007027509735839555,43.04198432298937,0.0
SCIN,0.007027277036888569,43.03661548373242,0.0
ARHGAP28,0.0070201783256102195,43.03124664447546,0.0
SLC25A46,0.007015146868272029,43.02587780521851,0.0
TNFAIP8L2,0.007014660335983499,43.020508965961554,0.0
ZNF83,0.007014557949594255,43.0151401267046,0.0
RHOD,0.007013610687895853,43.00977128744765,0.0
BCL3,0.007009482109656176,43.0044024481907,0.0
MAGEB18,0.0070032034693178116,42.99903360893375,0.0
RNF168,0.006995925343214149,42.9936647696768,0.0
RNASE4,0.006989744148281002,42.988295930419845,0.0
FAXDC2,0.006986144466208754,42.98292709116289,0.0
METTL9,0.0069798700783363764,42.97755825190594,0.0
NIPA2,0.00697800267402942,42.97218941264899,0.0
GYPC,0.006977982349942985,42.966820573392035,0.0
SPINK1,0.006976537522075494,42.96145173413508,0.0
WAC,0.006975874387964154,42.95608289487813,0.0
FAF2,0.006975534825054719,42.95071405562118,0.0
HIST2H2BE,0.00697144918889816,42.945345216364224,0.0
MYBPC2,0.00696974174011151,42.93997637710727,0.0
VILL,0.006957647149447782,42.93460753785032,0.0
NOXA1,0.006945607131333425,42.929238698593366,0.0
PHF14,0.006938758513733025,42.92386985933641,0.0
KLHL12,0.006937940020677785,42.91850102007946,0.0
TANK,0.006936651125436455,42.91313218082251,0.0
BSDC1,0.006936230573916201,42.907763341565555,0.0
CR1,0.006929979789615838,42.9023945023086,0.0
WBSCR16,0.006924738770444023,42.89702566305165,0.0
ADCY8,0.006924306388177305,42.89165682379469,0.0
EIF3I,0.006920957529122716,42.88628798453774,0.0
KLHDC3,0.006919088230425299,42.880919145280785,0.0
STX7,0.006914306130524991,42.87555030602383,0.0
ATP13A3,0.006914020061860126,42.87018146676688,0.0
CLEC4M,0.006912354649252403,42.864812627509934,0.0
PNPLA7,0.006911970257835513,42.85944378825298,0.0
C17orf82,0.0069116043445718355,42.85407494899603,0.0
GABBR2,0.006909355478204264,42.84870610973908,0.0
BDH2,0.006907920647318611,42.843337270482124,0.0
ZNF746,0.006901416066533816,42.83796843122517,0.0
DTD1,0.006900406055118702,42.83259959196822,0.0
EIF4E1B,0.00689997014845793,42.827230752711266,0.0
ZNF432,0.006897020176656344,42.82186191345431,0.0
NEDD9,0.006884118594086669,42.81649307419736,0.0
MAFK,0.006879282731112821,42.81112423494041,0.0
AGPAT5,0.006877783383293345,42.805755395683455,0.0
SST,0.006871880344325948,42.8003865564265,0.0
HIST1H3A,0.006868801047582022,42.79501771716955,0.0
STOML1,0.006861805217928218,42.7896488779126,0.0
RIMBP2,0.006861171206250396,42.784280038655645,0.0
PLCD1,0.006852607798965747,42.77891119939869,0.0
ZNF829,0.00684627964503072,42.77354236014174,0.0
HYKK,0.0068456417575798985,42.76817352088479,0.0
LRRC16B,0.006844968136323926,42.76280468162783,0.0
PAQR3,0.006844470364861813,42.757435842370874,0.0
NFATC4,0.00684231964780836,42.75206700311392,0.0
PLCD4,0.006841458896667413,42.74669816385697,0.0
MUC6,0.006840134981724491,42.74132932460002,0.0
CACYBP,0.006839725084071746,42.735960485343064,0.0
IDO1,0.006831197641686594,42.73059164608611,0.0
SPINK4,0.006827847290611762,42.725222806829166,0.0
SLC38A1,0.00682450558600335,42.71985396757221,0.0
BPIFA3,0.006817963577853329,42.71448512831526,0.0
LAMB4,0.006814335228748532,42.70911628905831,0.0
HNRNPUL1,0.006813523939239087,42.703747449801355,0.0
SPACA4,0.006810542119059399,42.6983786105444,0.0
UGT2B7,0.0068082321827282605,42.69300977128745,0.0
TIPRL,0.0068065336833947904,42.6876409320305,0.0
CENPQ,0.006802697438723834,42.682272092773545,0.0
DNTTIP1,0.006800710960793899,42.67690325351659,0.0
PORCN,0.00679986209687724,42.67153441425964,1.0
FAM69C,0.006799748533030947,42.66616557500269,0.0
FBXL15,0.006798854649970036,42.660796735745734,0.0
NCEH1,0.00679738758632283,42.65542789648878,0.0
PPP1R16B,0.0067937250021499335,42.65005905723183,0.0
TMCO3,0.006783493686945942,42.644690217974876,0.0
FXYD5,0.006780564795742354,42.63932137871792,0.0
FAM178A,0.006768891991532029,42.63395253946097,0.0
CD93,0.006768175709333757,42.62858370020402,0.0
MFSD3,0.00676779809394556,42.62321486094706,0.0
DNAJC7,0.006767506730688834,42.617846021690106,0.0
FCGR3A,0.006764601107915396,42.61247718243315,0.0
NIPSNAP3A,0.006763866874188838,42.6071083431762,0.0
GAR1,0.0067625712447545476,42.60173950391925,0.0
GRIN2C,0.006760403335414303,42.596370664662295,0.0
FAM135A,0.006760048358923301,42.59100182540534,0.0
ATP10A,0.0067493976285078,42.5856329861484,0.0
PCDHB7,0.006740277627398766,42.580264146891444,0.0
ARL8A,0.006733920051495909,42.57489530763449,0.0
TSPAN4,0.006726315925534418,42.56952646837754,0.0
TMEM159,0.006705458160226102,42.56415762912059,0.0
NBPF20,0.006704291558232151,42.558788789863634,0.0
DDAH2,0.006703261861267707,42.55341995060668,0.0
RNF114,0.006699788039129305,42.54805111134973,0.0
GBX2,0.006691881672386883,42.542682272092776,0.0
FBXO6,0.006683172141630622,42.53731343283582,0.0
TAS2R39,0.0066794792237387084,42.53194459357887,0.0
PACS2,0.0066792491979090225,42.52657575432192,0.0
LRRC23,0.006677559361389164,42.521206915064965,0.0
LYSMD2,0.006677425509501188,42.51583807580801,0.0
TMEM184C,0.006676442067534661,42.51046923655106,0.0
TAS1R2,0.0066756628270890715,42.50510039729411,0.0
LRRIQ1,0.0066681973198289505,42.499731558037155,0.0
ZNF70,0.006666004015003835,42.494362718780195,0.0
B3GALT4,0.00666539198530125,42.48899387952324,0.0
IL23A,0.006663160554273159,42.48362504026629,0.0
C9orf116,0.00665842697808387,42.47825620100934,0.0
ZDHHC20,0.006654579674391314,42.472887361752385,0.0
TMPRSS13,0.006646178804715691,42.46751852249543,0.0
MEX3C,0.006638556382410172,42.46214968323848,0.0
NEURL1B,0.006631087318400701,42.45678084398153,0.0
SMIM7,0.006625381796038702,42.45141200472458,0.0
NADSYN1,0.0066238441153021075,42.44604316546763,0.0
THSD1,0.006621976897675491,42.440674326210676,0.0
AEN,0.006621660381450525,42.43530548695372,0.0
GNL3L,0.0066118155343383,42.42993664769677,0.0
CDK18,0.006611544975795405,42.42456780843982,0.0
HIST3H2BB,0.006610481737064739,42.419198969182865,0.0
POLDIP2,0.006597043971375055,42.41383012992591,0.0
ERCC6L,0.006591125994003512,42.40846129066896,0.0
CNTN3,0.006588813772192765,42.40309245141201,0.0
NMI,0.006577998993423396,42.397723612155055,0.0
FAM104B,0.006577718970906646,42.3923547728981,0.0
METAP1D,0.006575623340677755,42.38698593364115,0.0
CD69,0.006575350173636851,42.3816170943842,0.0
PCDHGC3,0.006574947114863283,42.376248255127244,0.0
ZHX1,0.006569976199358442,42.37087941587029,0.0
LRIT2,0.006566087932662316,42.36551057661334,0.0
HTR3C,0.006558396036309838,42.360141737356386,0.0
AKT2,0.006556086273507669,42.35477289809943,0.0
TSR2,0.0065546869991108024,42.349404058842474,0.0
PNKD,0.006553428142231038,42.34403521958552,0.0
BRIX1,0.006543254188849973,42.33866638032857,0.0
TNFRSF21,0.00653544651543587,42.333297541071616,0.0
ARHGEF7,0.006531084341868258,42.32792870181466,0.0
DPCR1,0.006525758168542045,42.32255986255771,0.0
PHC3,0.0065212203799777935,42.31719102330076,0.0
NUDT21,0.0065210104078572625,42.31182218404381,0.0
VPS36,0.0065116018501664204,42.30645334478686,0.0
MLC1,0.006509646435877895,42.30108450552991,0.0
ENOX1,0.006501038905426089,42.295715666272955,0.0
EXOSC5,0.006500186806179043,42.290346827016,0.0
PPP1R16A,0.006498268822529477,42.28497798775905,0.0
OR2G6,0.006498229084753446,42.2796091485021,0.0
PFKFB4,0.0064928144558358755,42.274240309245144,0.0
SEMA4B,0.006486623003567079,42.26887146998819,0.0
ATXN3L,0.006481866195824609,42.26350263073124,0.0
MUL1,0.0064746353169140665,42.258133791474286,0.0
PSPC1,0.006469017287834465,42.25276495221733,0.0
DPY19L4,0.006452870361813886,42.24739611296038,0.0
CALN1,0.006447515132864198,42.24202727370343,0.0
ZNF112,0.0064416085877107235,42.236658434446475,0.0
SGCB,0.0064405905552279,42.23128959518952,0.0
TFR2,0.006437799171711063,42.22592075593256,0.0
AWAT2,0.006436977109287962,42.22055191667561,0.0
ARHGAP10,0.006434065057940476,42.21518307741866,0.0
FXR2,0.006431714429334904,42.209814238161705,0.0
ADD3,0.00642989018195392,42.20444539890475,0.0
TSEN54,0.006429386511741129,42.1990765596478,0.0
HIST3H3,0.006429171224503219,42.19370772039085,0.0
HIST1H2AG,0.006427833846779437,42.188338881133895,0.0
ANAPC11,0.006419881094154317,42.18297004187694,0.0
HERPUD1,0.006407854767377848,42.17760120261999,0.0
FAM84B,0.006406032311997175,42.172232363363044,0.0
PDE1A,0.0064035370329016935,42.16686352410609,0.0
FUNDC2,0.006392086706994255,42.16149468484914,0.0
TXNDC15,0.006387665336166181,42.156125845592186,0.0
MCM9,0.006382172696873083,42.15075700633523,0.0
EMR1,0.006374831800450301,42.14538816707828,0.0
NINJ2,0.006366390373336003,42.14001932782133,0.0
SH3RF2,0.006355720053513038,42.134650488564375,0.0
LUC7L2,0.006350692731453733,42.12928164930742,0.0
BIK,0.006349529245295911,42.12391281005047,0.0
ARMC6,0.006347742044170603,42.11854397079352,0.0
NBPF15,0.006334995902265242,42.113175131536565,0.0
OLIG1,0.006334364149526178,42.10780629227961,0.0
RBCK1,0.006331625909396692,42.10243745302266,0.0
ZC3H13,0.006328378522232445,42.09706861376571,0.0
OR52N5,0.0063257053111216875,42.091699774508754,0.0
ARMC10,0.006325678431626984,42.086330935251794,0.0
PRG4,0.0063251349299362795,42.08096209599484,0.0
RHBDL1,0.006323794384372994,42.07559325673789,0.0
ARL4D,0.0063124938379809075,42.07022441748094,0.0
CCDC87,0.006310708490515406,42.064855578223984,0.0
ATP5G3,0.006305974212765794,42.05948673896703,0.0
POLR2I,0.006301710810863166,42.05411789971008,0.0
KCNS3,0.006298558286486779,42.048749060453126,0.0
GTF2E1,0.0062948734355009195,42.04338022119617,0.0
C1QL1,0.006289231030724177,42.03801138193922,0.0
RNF44,0.006288088914052763,42.032642542682275,0.0
RNGTT,0.006287456428918467,42.02727370342532,0.0
CALHM2,0.006276947152652238,42.02190486416837,0.0
HDAC10,0.006275307526870303,42.01653602491142,0.0
SEPT6,0.006266923319861187,42.011167185654465,0.0
XPR1,0.006259704106150633,42.00579834639751,0.0
MAP2K6,0.006258499832299534,42.00042950714056,0.0
TRIM9,0.006257127901939596,41.99506066788361,0.0
CERS1,0.0062506397392383,41.989691828626654,0.0
CSRNP3,0.006249312414882807,41.9843229893697,0.0
GPSM3,0.006249028526651951,41.97895415011275,0.0
CPM,0.006244232359320353,41.973585310855796,0.0
RBM14,0.00624035252615969,41.96821647159884,0.0
EIF3F,0.006239465802467592,41.96284763234189,0.0
TXLNA,0.00623891355961667,41.95747879308493,0.0
NUDCD2,0.006238070151267443,41.95210995382798,0.0
GOSR1,0.006235893919216751,41.946741114571026,0.0
SH3BP5L,0.0062318841977748295,41.94137227531407,0.0
CCDC158,0.006225897059889335,41.93600343605712,0.0
ASGR2,0.00622501989911649,41.93063459680017,0.0
PSMD9,0.006222475771909647,41.925265757543215,0.0
TSPYL1,0.006219725561796952,41.91989691828626,0.0
PCNP,0.006203682138730673,41.91452807902931,0.0
CCNDBP1,0.006203238823303746,41.90915923977236,0.0
DHRS13,0.006202471874645041,41.903790400515405,0.0
DPP10,0.00618705730510386,41.89842156125845,0.0
IP6K1,0.0061815478972590794,41.89305272200151,0.0
RUVBL1,0.0061809558240173085,41.887683882744554,0.0
KCNH8,0.0061767410426046354,41.8823150434876,0.0
RAB37,0.006176042861154198,41.87694620423065,0.0
PTRHD1,0.006169213080899455,41.871577364973696,0.0
CYBRD1,0.0061649222398128655,41.86620852571674,0.0
RRAGC,0.006163124641007281,41.86083968645979,0.0
PRPF39,0.00615845693188149,41.85547084720284,0.0
TGFBRAP1,0.006152783384791273,41.850102007945885,0.0
APOLD1,0.006152185385453236,41.84473316868893,0.0
RAP2A,0.006139049512770434,41.83936432943198,0.0
ZNF317,0.006134513972949193,41.83399549017503,0.0
AC068533.7,0.006126309852041001,41.828626650918075,0.0
GOLGA8A,0.006125797997701983,41.82325781166112,0.0
AIMP1,0.006120027143056739,41.81788897240416,0.0
ZKSCAN2,0.0061183244108177545,41.81252013314721,0.0
PPIE,0.006116763299428437,41.80715129389026,0.0
GRIK2,0.006108955393491875,41.801782454633305,0.0
TAS2R3,0.006108093597519261,41.79641361537635,0.0
TMEM248,0.006104665325935852,41.7910447761194,0.0
ARCN1,0.00610083189068417,41.78567593686245,0.0
MFSD2A,0.0060939364594792544,41.780307097605494,0.0
SNPH,0.006092004923795589,41.77493825834854,0.0
C17orf89,0.006090522928764394,41.76956941909159,0.0
SEC61G,0.006082083330079136,41.764200579834636,0.0
SOS2,0.006075038916377529,41.75883174057769,0.0
MPV17L2,0.0060739793231341516,41.75346290132074,0.0
SFT2D2,0.006061800262884007,41.748094062063785,0.0
STXBP5L,0.006060528981197023,41.74272522280683,0.0
STX1A,0.006058834979262776,41.73735638354988,0.0
PSMA3,0.006051568185941956,41.73198754429293,0.0
C6orf203,0.006049480805605823,41.726618705035975,0.0
CRMP1,0.006043505470977077,41.72124986577902,0.0
CLSTN3,0.006035237172642606,41.71588102652207,0.0
STX11,0.006030114311931876,41.71051218726512,0.0
AOC3,0.006018644041260812,41.705143348008164,0.0
CDC42BPA,0.0060176028663825026,41.69977450875121,0.0
UGT1A5,0.00601072774302865,41.69440566949426,0.0
ADAMTS8,0.006003798649898109,41.6890368302373,0.0
ISY1,0.005993936458789124,41.68366799098035,0.0
FRG1,0.005993466970429966,41.678299151723394,1.0
SP7,0.005989207706625859,41.67293031246644,0.0
MLK4,0.0059858057167070915,41.66756147320949,0.0
KRT24,0.00598447405850717,41.662192633952536,0.0
OR51F1,0.005979175488711909,41.65682379469558,0.0
NACAD,0.005972155852743815,41.65145495543863,0.0
IL32,0.0059704973224300175,41.64608611618168,0.0
HNRNPF,0.005965518915582918,41.640717276924725,0.0
S100A13,0.005961068803388257,41.63534843766777,0.0
STXBP4,0.005957733013099086,41.62997959841082,0.0
P2RX3,0.005950489775499382,41.62461075915387,0.0
TRAPPC4,0.005946713791377694,41.61924191989692,0.0
OVOL1,0.0059443971610532425,41.61387308063997,0.0
BCAP29,0.005934842009472699,41.60850424138302,0.0
WDR75,0.005929919866744821,41.603135402126064,0.0
EIF4EBP1,0.005916867391056536,41.59776656286911,0.0
MMP8,0.005915460204072309,41.59239772361216,0.0
IMPA2,0.005912803449024176,41.587028884355206,0.0
SLCO1C1,0.005912114295390122,41.58166004509825,0.0
HHLA3,0.005909420515394633,41.5762912058413,0.0
REXO4,0.005908917473474224,41.57092236658435,0.0
C1D,0.005903503671737085,41.565553527327395,0.0
USP34,0.00590219311805926,41.56018468807044,0.0
LEPROTL1,0.005899627348040891,41.55481584881349,0.0
SEMA6C,0.005896046516833948,41.54944700955653,0.0
LILRB1,0.0058912792123020944,41.54407817029958,0.0
KCNJ13,0.005891132462151289,41.538709331042625,0.0
CPXM2,0.005890077069287433,41.53334049178567,0.0
ABCD4,0.005886552702957846,41.52797165252872,0.0
HYPK,0.005886097671986873,41.52260281327177,0.0
TIFAB,0.005883585486584798,41.517233974014815,0.0
CAMK1D,0.005874390582134682,41.51186513475786,0.0
C15orf52,0.005872655046751775,41.50649629550091,0.0
SUGP2,0.005872193710641192,41.50112745624396,0.0
SGK1,0.005863965023539377,41.495758616987004,0.0
CNTNAP4,0.005863073094582452,41.49038977773005,0.0
GIMAP7,0.005848953286941046,41.4850209384731,0.0
PRR5,0.005840235289292901,41.47965209921615,0.0
SPSB1,0.005837415029532356,41.4742832599592,0.0
CKS1B,0.005837074750412944,41.46891442070225,0.0
TMEM186,0.005833636632553945,41.463545581445295,0.0
POMP,0.005832801411928397,41.45817674218834,0.0
OR1A2,0.005826424108201484,41.45280790293139,0.0
TK1,0.005823064477097179,41.44743906367444,0.0
PSMB8,0.005821092291004565,41.442070224417485,0.0
AKAP17A,0.005808828610298654,41.43670138516053,0.0
NAGS,0.005806768737521924,41.43133254590358,0.0
PPAN,0.005806689651183967,41.42596370664663,0.0
CDK2AP2,0.005800840543186133,41.42059486738967,0.0
GTF2H2C,0.00579843563020563,41.415226028132714,0.0
SERBP1,0.005798029091931844,41.40985718887576,0.0
IFITM5,0.005792160275028113,41.40448834961881,0.0
FRRS1L,0.00578531488889011,41.39911951036186,0.0
TMEM69,0.005782750967071835,41.393750671104904,0.0
MKRN1,0.005780146303203213,41.38838183184795,0.0
CLINT1,0.005778433896440308,41.383012992591,0.0
CXCL2,0.005778168363340589,41.377644153334046,0.0
NDST4,0.005774179796911576,41.37227531407709,0.0
MRPS9,0.005772575444444992,41.36690647482014,0.0
TRIM4,0.005768018465313277,41.36153763556319,0.0
ZNF526,0.005765444507187729,41.356168796306235,0.0
UBE2T,0.0057643126882316615,41.35079995704928,0.0
KLF6,0.005761124133720252,41.34543111779233,0.0
WDR45B,0.005754386040089474,41.340062278535385,0.0
STX17,0.0057537091768030645,41.33469343927843,0.0
CYP2B6,0.005749078800754443,41.32932460002148,0.0
STARD3,0.0057487486456392674,41.32395576076453,0.0
OR5T2,0.005748580482181341,41.318586921507574,0.0
NAP1L5,0.005742759715586768,41.31321808225062,0.0
HEPACAM2,0.005742431728365049,41.30784924299367,0.0
KIAA1958,0.0057416280075809215,41.302480403736716,0.0
WSB1,0.005736950981015192,41.29711156447976,0.0
TPGS1,0.005732312451528232,41.29174272522281,0.0
SPDL1,0.005727545218578883,41.28637388596586,0.0
PTX3,0.005721316235741263,41.2810050467089,0.0
CTPS1,0.005706729406171301,41.275636207451946,0.0
EMILIN2,0.005705148260269023,41.27026736819499,0.0
IL12A,0.005693783946549599,41.26489852893804,0.0
MYBL1,0.005688781482672229,41.25952968968109,0.0
NDRG4,0.005681486051443198,41.254160850424135,0.0
ABTB2,0.005678474003002961,41.24879201116718,0.0
THUMPD1,0.00567747732953336,41.24342317191023,0.0
RASGEF1B,0.005673979443545818,41.23805433265328,0.0
OR2W3,0.005672802386583978,41.232685493396325,0.0
AAED1,0.005670455232027885,41.22731665413937,0.0
WDR82,0.005668703555827395,41.22194781488242,0.0
CXorf57,0.0056648899726291875,41.21657897562547,0.0
TRDN,0.005645613605906403,41.211210136368514,0.0
ADAD1,0.005644961088088182,41.20584129711156,0.0
HSPA2,0.005638141781380019,41.200472457854616,0.0
RBM47,0.0056381067986854055,41.19510361859766,0.0
FAM73A,0.005636397197143382,41.18973477934071,0.0
RGS2,0.005634936020794596,41.18436594008376,0.0
FKBP9,0.005631762049602412,41.178997100826805,0.0
EPSTI1,0.005622630780042071,41.17362826156985,0.0
KCNJ4,0.0056215617280831656,41.1682594223129,0.0
AKT3,0.005621447097655845,41.16289058305595,0.0
SMCO4,0.005618993477394573,41.157521743798995,0.0
MBIP,0.00561684240326198,41.152152904542035,0.0
ZNF439,0.00561365530824891,41.14678406528508,0.0
CXCL1,0.0055985402205737805,41.14141522602813,0.0
PIK3CD,0.005597947482412977,41.13604638677118,0.0
FGF1,0.005595615762195822,41.130677547514225,0.0
HIST2H2AC,0.0055945307358867815,41.12530870825727,0.0
OXNAD1,0.005581746379203484,41.11993986900032,0.0
CSPG5,0.005580267898883291,41.11457102974337,0.0
EBF4,0.005572497725145615,41.109202190486414,0.0
CXCR5,0.005563387954153205,41.10383335122946,0.0
CCNT1,0.0055618932331282225,41.09846451197251,0.0
LTBR,0.005555386527426152,41.093095672715556,0.0
MS4A7,0.0055535500524277435,41.0877268334586,0.0
C2orf80,0.005551879442094654,41.08235799420165,0.0
C15orf39,0.005546036014197954,41.0769891549447,0.0
PMEPA1,0.005540010577905673,41.071620315687746,0.0
MELK,0.005538879016412906,41.0662514764308,0.0
SCML1,0.005537800530155355,41.06088263717385,0.0
DERA,0.005536241015091001,41.055513797916895,0.0
SIAH1,0.005527859611645478,41.05014495865994,0.0
YTHDF1,0.0055271052915821005,41.04477611940299,0.0
DPYSL3,0.005522558575035745,41.03940728014604,0.0
MROH2B,0.005516535876680416,41.034038440889084,0.0
SLC35E1,0.005511868165113103,41.02866960163213,0.0
LRRN3,0.005511486198269662,41.02330076237518,0.0
MXRA8,0.0055086287415325,41.017931923118226,0.0
GAS7,0.005504185845551818,41.01256308386127,0.0
EIF4E3,0.005503578597127901,41.007194244604314,0.0
ZNF10,0.0055007328127345215,41.00182540534736,0.0
AP2S1,0.005491995463700236,40.99645656609041,0.0
TRHDE,0.005490969935032249,40.991087726833456,0.0
ANKRD40,0.005486619109390857,40.9857188875765,0.0
MICB,0.005484191487293568,40.98035004831955,0.0
SNCB,0.005482426636861453,40.9749812090626,0.0
LIPG,0.005472663280942328,40.969612369805645,0.0
ARHGAP15,0.0054710434747925725,40.96424353054869,0.0
TP53I11,0.00546857664408192,40.95887469129174,0.0
FAM8A1,0.005465518299004036,40.95350585203479,0.0
CATSPER3,0.005462603253515312,40.948137012777835,0.0
SLC25A10,0.005456924600987835,40.94276817352088,0.0
HTRA3,0.005454586571690472,40.93739933426393,0.0
AIFM3,0.005450921844692652,40.93203049500698,0.0
RNF165,0.005449219837657802,40.92666165575003,0.0
CYB5A,0.005448634840693679,40.92129281649308,0.0
C1QTNF2,0.005446914327635157,40.915923977236126,0.0
NKTR,0.0054463647998686205,40.91055513797917,0.0
ZNHIT3,0.00544387462408761,40.90518629872222,0.0
FGD4,0.005432685198408104,40.89981745946527,0.0
TRUB1,0.005426105024493063,40.894448620208316,0.0
IER3IP1,0.0054241504996890245,40.88907978095136,0.0
NAA25,0.005424146827565155,40.8837109416944,0.0
COMMD9,0.005416386451764309,40.87834210243745,0.0
MFSD6,0.0054148005087013285,40.8729732631805,0.0
APBB1IP,0.005413598398967883,40.867604423923545,0.0
DDX60L,0.00541261790070504,40.86223558466659,0.0
ZNF136,0.005406576564968401,40.85686674540964,0.0
TROVE2,0.005402195465700433,40.85149790615269,0.0
SEPHS2,0.005401047546884758,40.846129066895735,0.0
PKP3,0.005397183531420126,40.84076022763878,0.0
CDX4,0.005388122827291092,40.83539138838183,0.0
SEMA7A,0.005374122521175165,40.83002254912488,0.0
ATL1,0.005372735791766151,40.824653709867924,0.0
FAM103A1,0.005356925439841452,40.81928487061097,0.0
CRTC1,0.005341987098218188,40.81391603135402,0.0
STMN4,0.005341183936515981,40.808547192097066,0.0
TXNDC16,0.00533615619047381,40.80317835284011,0.0
TMEM86B,0.00532833857006401,40.79780951358316,0.0
NOTCH2NL,0.0053231167381434675,40.79244067432621,0.0
ERGIC2,0.005316961395223822,40.78707183506926,0.0
NOP58,0.005314018487921976,40.78170299581231,0.0
COMMD8,0.005313317601246929,40.77633415655536,0.0
OR2T10,0.00531313854690916,40.770965317298405,0.0
SRP54,0.005311344233257705,40.76559647804145,0.0
APOO,0.005309733453075074,40.7602276387845,0.0
MARCH7,0.005305251040300288,40.75485879952755,0.0
IL5,0.0052966485224312035,40.749489960270594,0.0
OR2T11,0.005294263492482154,40.744121121013634,0.0
DCUN1D1,0.00529211834857003,40.73875228175668,0.0
GALNT12,0.0052910533338988725,40.73338344249973,0.0
MMAB,0.005290589672312305,40.72801460324278,0.0
CPSF3L,0.0052859195860105,40.722645763985824,0.0
TDRP,0.005282023055039944,40.71727692472887,0.0
RPL22,0.0052796610142747495,40.71190808547192,0.0
IGSF3,0.005279263579307921,40.706539246214966,0.0
SCFD2,0.005277719520815662,40.70117040695801,0.0
FAM46C,0.005274635694242887,40.69580156770106,0.0
NCKAP1L,0.005272230900539859,40.69043272844411,0.0
NAA20,0.005267286392313081,40.685063889187155,0.0
IFNA6,0.005260250787549518,40.6796950499302,0.0
DOCK3,0.005256060174941625,40.67432621067325,0.0
PGR,0.0052534684863107,40.6689573714163,0.0
FUT6,0.005250035377356598,40.663588532159345,0.0
SCAI,0.005246427438707609,40.65821969290239,0.0
YRDC,0.0052432279218849265,40.65285085364544,0.0
ICAM2,0.005241089198400256,40.647482014388494,0.0
PARS2,0.0052332436131551485,40.64211317513154,0.0
TMEM261,0.005225363896863676,40.63674433587459,0.0
MKNK2,0.0052220854193520605,40.631375496617636,0.0
CDH4,0.005218179779550687,40.62600665736068,0.0
SKP2,0.005216007624524546,40.62063781810373,0.0
PHF13,0.005215890566871814,40.61526897884677,0.0
DUSP19,0.005208767406952217,40.60990013958982,0.0
CTU1,0.005204867426276881,40.604531300332866,0.0
ZBTB6,0.005200552660776752,40.59916246107591,0.0
FAM208A,0.005199959336890027,40.59379362181896,0.0
TPSAB1,0.005196201630094366,40.58842478256201,0.0
MRPS33,0.005195245276933715,40.583055943305055,0.0
DPEP3,0.0051945162694102855,40.5776871040481,0.0
MANBAL,0.005185559529035736,40.57231826479115,0.0
C6orf195,0.00517923488659706,40.5669494255342,0.0
MAGEA11,0.005178565462767308,40.561580586277245,0.0
ZNF259,0.005177579051833276,40.55621174702029,0.0
B3GNT6,0.005172320869900973,40.55084290776334,0.0
OR5B21,0.005172159784360773,40.54547406850639,0.0
TMEM176A,0.0051707282177317305,40.540105229249434,0.0
PPFIA2,0.005169426644866895,40.53473638999248,0.0
MAPKAPK5,0.0051618705676535455,40.52936755073553,0.0
NUDT12,0.005157890333737486,40.523998711478576,0.0
ZNF841,0.005156206256325643,40.518629872221624,0.0
KIAA1432,0.0051560258593206275,40.51326103296467,0.0
NMT2,0.00515462311580919,40.507892193707725,0.0
FZD9,0.005151340709555729,40.50252335445077,0.0
ZNF207,0.005148443691730323,40.49715451519382,0.0
C14orf166,0.005139755865475343,40.49178567593687,0.0
ANAPC16,0.0051373984640302895,40.486416836679915,0.0
TLE1,0.005136897975398688,40.48104799742296,0.0
UBXN1,0.005130619275191537,40.475679158166,0.0
ZNF273,0.005123797621405091,40.47031031890905,0.0
RHCG,0.005117966057249107,40.4649414796521,0.0
ANKFN1,0.005116512486865373,40.459572640395145,0.0
TIPIN,0.005111842338283318,40.45420380113819,0.0
EFNA3,0.00510531036122507,40.44883496188124,0.0
PLEKHA4,0.005103140130330585,40.44346612262429,0.0
MAMDC2,0.0050954548980865115,40.438097283367334,0.0
NT5C3B,0.0050948630937414216,40.43272844411038,0.0
SURF2,0.005094544268895155,40.42735960485343,0.0
SLC35F6,0.00509083375863267,40.421990765596476,0.0
KCNH1,0.005088322452487236,40.41662192633952,0.0
PPP2R5B,0.005087207992864861,40.41125308708257,0.0
CERS5,0.005081895730139831,40.40588424782562,0.0
TCL1A,0.005079518105458132,40.400515408568666,0.0
TUBA8,0.005073020269296594,40.39514656931171,0.0
RASSF8,0.005072378558568588,40.38977773005476,0.0
CAMSAP1,0.005071950357512462,40.38440889079781,0.0
ELP6,0.005070693373062507,40.379040051540855,0.0
MON1B,0.0050698280340172475,40.37367121228391,0.0
KCMF1,0.0050681618913592675,40.36830237302696,0.0
CIRBP,0.005064690220766494,40.362933533770004,0.0
AIG1,0.005061979706863727,40.35756469451305,0.0
ORAOV1,0.005061652888816306,40.3521958552561,0.0
TBR1,0.005054458181430167,40.34682701599914,0.0
CCSER1,0.005051349687718512,40.34145817674219,0.0
ZNF18,0.005046669018176235,40.336089337485234,0.0
ROGDI,0.005042248119264389,40.33072049822828,0.0
UBAC2,0.005041462685382846,40.32535165897133,0.0
C11orf68,0.005040667370837295,40.319982819714376,0.0
CBR3,0.005038503927185778,40.31461398045742,0.0
CRHBP,0.00503576812587548,40.30924514120047,0.0
WDR72,0.005022181437887329,40.30387630194352,0.0
RPRD2,0.005015088756372216,40.298507462686565,0.0
ARRDC1,0.005011839150373396,40.29313862342961,0.0
PPP5D1,0.0050078805916698955,40.28776978417266,0.0
CHERP,0.0050018314320358975,40.28240094491571,0.0
MSL2,0.005000846971511485,40.277032105658755,0.0
DCAF5,0.0049838171456919374,40.2716632664018,0.0
TCEB2,0.004978574447642397,40.26629442714485,0.0
TMTC2,0.004974839443131892,40.2609255878879,0.0
CDT1,0.004966003955574767,40.255556748630944,0.0
CORIN,0.004964907515537028,40.25018790937399,0.0
PCDHGB4,0.004964352743768943,40.24481907011704,0.0
SHQ1,0.0049631946922461655,40.239450230860086,0.0
RAB26,0.004956828914268374,40.23408139160314,0.0
AP1S1,0.004955348127397141,40.22871255234619,0.0
CNTF,0.00494368088634414,40.223343713089236,0.0
NKIRAS1,0.0049325978422728655,40.21797487383228,0.0
TM2D2,0.004931866176339643,40.21260603457533,0.0
OR13J1,0.004927979897633487,40.20723719531837,0.0
TRIM72,0.004924467770855024,40.20186835606142,0.0
GEMIN8,0.004917685398239763,40.196499516804465,0.0
C4orf32,0.004917027881272428,40.19113067754751,0.0
CARD8,0.004910832732204533,40.18576183829056,0.0
SLC24A4,0.004906792781208457,40.18039299903361,0.0
TMEM260,0.004902473711870076,40.175024159776655,0.0
EXOC6B,0.0049007910220562915,40.1696553205197,0.0
ROPN1L,0.004899262400932316,40.16428648126275,0.0
NET1,0.004898076477986372,40.1589176420058,0.0
PTGDR,0.00489779896800791,40.153548802748844,0.0
UBN2,0.0048972761447028165,40.14817996349189,0.0
TUBB1,0.004892773321216506,40.14281112423494,0.0
ST8SIA1,0.004891814772773886,40.137442284977986,0.0
PCDHGB6,0.0048903033066652534,40.13207344572103,0.0
SNTB1,0.0048858558370329175,40.12670460646408,0.0
C14orf80,0.004883891303975618,40.12133576720713,0.0
ESRP1,0.004877655671632178,40.115966927950176,0.0
ABCA10,0.004876352391642797,40.11059808869322,0.0
ATP11B,0.004874430852097503,40.10522924943627,0.0
CNNM1,0.004872448497002553,40.09986041017932,0.0
STARD5,0.004871773502214798,40.09449157092237,0.0
KIRREL2,0.0048714095804868515,40.08912273166542,0.0
TRAPPC1,0.004871026606990366,40.08375389240847,0.0
WDHD1,0.004859678640911083,40.07838505315151,0.0
STEAP2,0.0048423523974419295,40.073016213894554,0.0
MFAP1,0.004837061043992688,40.0676473746376,0.0
SDR39U1,0.004832606290606864,40.06227853538065,0.0
ZNF385B,0.004830125182764457,40.0569096961237,0.0
FNIP1,0.004821294692840794,40.051540856866744,0.0
ENGASE,0.004818252644861528,40.04617201760979,0.0
LCT,0.004817586339749527,40.04080317835284,0.0
ZC3H7A,0.004816467471499129,40.035434339095886,0.0
GRIPAP1,0.0048153524106961535,40.03006549983893,0.0
KIF9,0.00481249522774922,40.02469666058198,0.0
PTGES,0.004809027286533579,40.01932782132503,0.0
C14orf159,0.004807843032622322,40.013958982068075,0.0
LRP3,0.004804737448388622,40.00859014281112,0.0
TEX11,0.004803458870566153,40.00322130355417,0.0
ZSCAN25,0.004803150954065411,39.99785246429722,0.0
PNCK,0.004799637402682142,39.992483625040265,0.0
LRRC37A3,0.004796665987934682,39.98711478578331,0.0
LRRC45,0.004795904415981827,39.98174594652636,0.0
CST1,0.00479564057400887,39.97637710726941,0.0
SLC8A3,0.00478612813332357,39.971008268012454,0.0
KRT82,0.004782926553234139,39.9656394287555,0.0
KIAA1033,0.004776144402863301,39.96027058949855,0.0
FRMPD1,0.00477410383612633,39.9549017502416,0.0
DAZAP1,0.004771318401233136,39.94953291098465,0.0
ZNF776,0.0047667940419710095,39.9441640717277,0.0
TIMM17B,0.0047639884431925844,39.93879523247074,0.0
COPS7B,0.004761390264474924,39.933426393213786,0.0
IRAK1,0.004760934333678857,39.92805755395683,0.0
MRPS11,0.00475622574388327,39.92268871469988,0.0
BLID,0.004754088463276976,39.91731987544293,0.0
ZNF700,0.004745119041451934,39.911951036185975,0.0
BCL2A1,0.004738698494761497,39.90658219692902,0.0
ZNF326,0.004737681686034763,39.90121335767207,0.0
C1orf115,0.004733906157822732,39.89584451841512,0.0
PSMA7,0.004733442821290385,39.890475679158165,0.0
PPL,0.004726012796159362,39.88510683990121,0.0
OR2K2,0.004725686753673038,39.87973800064426,0.0
TUSC1,0.004724848622354181,39.87436916138731,0.0
SLCO5A1,0.0047243859473197316,39.869000322130354,0.0
ZNF461,0.004719025861660594,39.8636314828734,0.0
DGKH,0.0047144600586270236,39.85826264361645,0.0
EFTUD1,0.004714193516189521,39.852893804359496,0.0
KLHL6,0.004709397562328662,39.847524965102544,0.0
EPHA8,0.004708879672563626,39.84215612584559,0.0
PUF60,0.004699943544052157,39.83678728658864,0.0
SEPT14,0.004696152820002483,39.831418447331686,0.0
EFCC1,0.004694079216318476,39.82604960807473,0.0
LDHD,0.004692143550308267,39.82068076881778,0.0
C1orf105,0.004689183511928759,39.815311929560835,0.0
SH3BGRL,0.004685717999825276,39.809943090303875,0.0
PSMG2,0.004682055643744779,39.80457425104692,0.0
RAP2B,0.004679634654177545,39.79920541178997,0.0
ASB15,0.004679145217293098,39.79383657253302,0.0
ZNF33A,0.004676231090325573,39.788467733276065,0.0
RNF181,0.0046711364478164,39.78309889401911,0.0
RAB36,0.004668995052785742,39.77773005476216,0.0
TES,0.004668277206664045,39.77236121550521,0.0
TBC1D10C,0.004666088601224061,39.766992376248254,0.0
ARL6IP1,0.004659481441268441,39.7616235369913,0.0
CCZ1,0.004659112193188699,39.75625469773435,0.0
PHRF1,0.004657274794077706,39.750885858477396,0.0
NAAA,0.004653228093187145,39.74551701922044,0.0
PLIN5,0.004648941412348536,39.74014817996349,0.0
TAS2R19,0.004646984522264931,39.73477934070654,0.0
RPP30,0.004646755681700139,39.729410501449586,0.0
POLR2H,0.004641380739669668,39.72404166219263,0.0
ZNF160,0.0046168420154891355,39.71867282293568,0.0
GFOD1,0.004609482814627782,39.71330398367873,0.0
FSD2,0.004608018221973435,39.707935144421775,0.0
HBE1,0.004607875360383463,39.70256630516482,0.0
MTCP1,0.004605397934118222,39.69719746590787,0.0
RCL1,0.0045893039085722655,39.69182862665092,0.0
RTP2,0.004588621582816133,39.686459787393964,0.0
TSEN34,0.004586145003230534,39.68109094813702,0.0
ADPRH,0.004585245112255683,39.675722108880066,0.0
SNRPB2,0.004584584461151427,39.67035326962311,0.0
CDK15,0.004579465494685886,39.664984430366154,0.0
TIMM10B,0.004575712849030784,39.6596155911092,0.0
DUSP22,0.004562498252890906,39.65424675185225,0.0
HIST2H2AB,0.0045595833372041655,39.648877912595296,0.0
TMEM33,0.004545382647019402,39.64350907333834,0.0
HOGA1,0.004544731606482456,39.63814023408139,0.0
NT5E,0.004543931102354041,39.63277139482444,0.0
KCNJ5,0.0045360492725200745,39.627402555567485,0.0
CYP4F3,0.00453427987373241,39.62203371631053,0.0
ATRNL1,0.004533625219554934,39.61666487705358,0.0
UBE2L6,0.004530203417265731,39.61129603779663,0.0
ZDHHC5,0.004526173507720036,39.605927198539675,0.0
OR4K1,0.004522216953046969,39.60055835928272,0.0
MAP3K19,0.004518110907144995,39.59518952002577,0.0
OR8G5,0.004511522337871621,39.58982068076882,0.0
OR2T4,0.004503267379278895,39.584451841511864,0.0
DAZAP2,0.0045021511809705105,39.57908300225491,0.0
PAPD4,0.004502141351621786,39.57371416299796,0.0
SVIP,0.004498642174329072,39.568345323741006,0.0
CHST1,0.004497530216382847,39.562976484484054,0.0
MUC21,0.00449633469909735,39.5576076452271,0.0
WDR17,0.004495701838411392,39.55223880597015,0.0
PMPCA,0.00449376527955177,39.546869966713196,1.0
OVCH1,0.004485265340452735,39.54150112745624,0.0
KCNIP4,0.004473643307338345,39.53613228819929,0.0
FAM174B,0.0044731467049569,39.53076344894234,0.0
MED15,0.004473091538993138,39.525394609685385,0.0
CLEC2B,0.004472647028944074,39.52002577042843,0.0
BTBD6,0.004468341022845735,39.51465693117148,0.0
MAP3K3,0.004465917118915927,39.50928809191453,0.0
NAA40,0.004465221392004539,39.503919252657575,0.0
DCAKD,0.004463368916528993,39.49855041340062,0.0
CRISPLD1,0.004457013424298437,39.49318157414367,0.0
RAB25,0.004456502738566201,39.48781273488672,0.0
BAI1,0.004456366188507787,39.482443895629764,0.0
LUC7L3,0.004453623747752601,39.47707505637281,0.0
BRINP2,0.004448951102722056,39.47170621711586,0.0
CHMP4A,0.00444889296625347,39.466337377858906,0.0
DMGDH,0.004448253930859127,39.46096853860195,0.0
TSPO,0.004447724844429136,39.455599699345,0.0
LNX2,0.004447450235228683,39.45023086008805,0.0
EPS15L1,0.004443346287800788,39.444862020831096,0.0
PLCXD1,0.004441147455010844,39.43949318157414,0.0
IPO8,0.004432528497924743,39.43412434231719,0.0
CEACAM5,0.004424456018142073,39.42875550306024,0.0
OR51B2,0.004423624344158226,39.423386663803285,0.0
UGT2B15,0.004420638156014557,39.41801782454633,0.0
DIRC2,0.004415529732658568,39.41264898528938,0.0
CWH43,0.004415352369960624,39.40728014603243,0.0
JOSD1,0.004407652065414401,39.401911306775474,0.0
SERGEF,0.00440317954059876,39.39654246751852,0.0
TRIM5,0.004398872043669255,39.39117362826157,0.0
SRRM1,0.004394311850668141,39.38580478900462,0.0
ATP2C2,0.004392951783740111,39.380435949747664,0.0
TMEM39B,0.004387389637410126,39.37506711049071,0.0
ZBTB8A,0.00438147451508156,39.36969827123376,0.0
ZSCAN5A,0.004380744354280578,39.364329431976806,0.0
SENP8,0.0043739698787541356,39.35896059271985,0.0
TPGS2,0.004373939370988971,39.3535917534629,0.0
TSPAN9,0.004369787249755133,39.34822291420595,0.0
BHLHE40,0.004362985411997566,39.342854074948995,0.0
KLHDC4,0.004360662021289175,39.33748523569204,0.0
S100A16,0.004357461121150813,39.33211639643509,0.0
RAB33A,0.00435718049536136,39.32674755717814,0.0
DND1,0.004357021224314737,39.321378717921185,0.0
ENOPH1,0.004356256119984307,39.31600987866423,0.0
SRPK3,0.004355935038531526,39.31064103940728,0.0
AGMAT,0.004353991894916288,39.30527220015033,0.0
OR51B6,0.004350816582312265,39.299903360893374,0.0
DHFR,0.004349853900117792,39.29453452163642,0.0
SPRYD7,0.004349452117289999,39.28916568237947,0.0
ACSL6,0.004348764591215739,39.283796843122516,0.0
ZDHHC4,0.004347113559622236,39.278428003865564,0.0
RGS1,0.004345612476094814,39.27305916460861,0.0
AMDHD2,0.004341264076534447,39.26769032535166,0.0
HNRNPUL2-BSCL2,0.004338937539992782,39.262321486094706,0.0
ZNF792,0.004332870556512572,39.25695264683775,0.0
MBD1,0.004331082217867176,39.2515838075808,0.0
MMAA,0.004327447827113457,39.24621496832385,0.0
SIK2,0.004325925277750608,39.240846129066895,0.0
TRAPPC13,0.004323084571154974,39.23547728980994,0.0
CD40LG,0.004320475574200803,39.23010845055299,0.0
KRT32,0.004317111580478113,39.22473961129604,0.0
ZNF721,0.004313852321841642,39.219370772039085,0.0
PAIP2,0.004306408073538103,39.21400193278213,0.0
ANGEL1,0.0043054816861360454,39.20863309352518,0.0
AURKAIP1,0.004304184979973883,39.20326425426823,0.0
LRRC57,0.004303915813552154,39.197895415011274,0.0
GFRA4,0.004302975662602094,39.19252657575432,0.0
CUEDC2,0.004301611418994966,39.18715773649737,0.0
C17orf49,0.004295574999111878,39.181788897240416,0.0
TCP10,0.004294807520013379,39.176420057983464,0.0
LPHN2,0.004284972337617463,39.17105121872651,0.0
GSTM5,0.00428250155271646,39.16568237946956,0.0
CISD1,0.004281429674702604,39.160313540212606,0.0
F2RL2,0.004280427078256445,39.15494470095565,0.0
OR5L1,0.004280159450432823,39.1495758616987,0.0
CPQ,0.004280010086175478,39.14420702244175,0.0
ENTHD2,0.00427750842254608,39.138838183184795,0.0
TMEM110,0.004275675803447109,39.13346934392784,0.0
TMEM171,0.004271647603900301,39.12810050467089,0.0
BTNL2,0.0042674464643671865,39.12273166541394,0.0
C18orf8,0.004264577201572693,39.117362826156985,0.0
WIPI1,0.004262751370980597,39.11199398690003,0.0
BCAM,0.004261916060359833,39.10662514764308,0.0
MPZL3,0.0042613808793591276,39.10125630838613,0.0
ZNF215,0.004260581242016609,39.095887469129174,0.0
INPP4B,0.004251558219748352,39.09051862987222,0.0
SLC13A5,0.004250263838690468,39.08514979061527,0.0
AMMECR1L,0.004249429801655467,39.079780951358316,0.0
ALDH4A1,0.004249263159847633,39.07441211210136,0.0
OSBPL7,0.004249160069499519,39.06904327284441,0.0
POLE3,0.004248639622460208,39.06367443358746,0.0
GALNT10,0.004248202791101785,39.058305594330506,0.0
SPOCK1,0.004247880170078504,39.05293675507355,0.0
RGS10,0.0042476401529710755,39.0475679158166,0.0
TCHH,0.0042449187930734805,39.04219907655965,0.0
SLC27A6,0.004242228122996494,39.036830237302695,0.0
NXT1,0.004235416618773734,39.03146139804574,0.0
KIAA0195,0.004229034269004364,39.02609255878879,0.0
FGF18,0.004224918444813272,39.02072371953184,0.0
GRINA,0.00422454900508444,39.015354880274884,0.0
MROH2A,0.004221454534101459,39.00998604101793,0.0
ZNF524,0.0042196228319351485,39.00461720176098,0.0
SPIN4,0.0042173813390365186,38.99924836250403,0.0
OR6F1,0.004215055257290764,38.993879523247074,0.0
KIAA0947,0.0042131327348657426,38.98851068399012,0.0
MAGEE2,0.004211447054663432,38.98314184473317,0.0
DENND5B,0.004210259781496781,38.977773005476216,0.0
TBC1D8B,0.004209654313667844,38.97240416621926,0.0
OR4A16,0.004207996299269851,38.96703532696231,0.0
OR52A1,0.004206870672298162,38.96166648770536,0.0
ZSCAN12,0.004203346670701386,38.956297648448405,0.0
HOMER1,0.004194313907903596,38.95092880919145,0.0
PLBD2,0.00418784595154168,38.9455599699345,0.0
MRPL46,0.004184976063958375,38.94019113067755,0.0
KCTD5,0.004184961277935663,38.934822291420595,0.0
PCDHGB1,0.004184396423535115,38.92945345216364,0.0
AACS,0.004181638085802339,38.92408461290669,0.0
DAAM2,0.00418144069086043,38.91871577364974,0.0
ARHGEF2,0.00418104821779599,38.913346934392784,0.0
PRSS8,0.004180926436039557,38.90797809513583,0.0
RNF149,0.00417615726871738,38.90260925587888,0.0
DUSP2,0.004174853341834618,38.897240416621926,0.0
CDH11,0.0041666666761177844,38.891871577364974,0.0
SLC35B1,0.0041653152609542835,38.88650273810802,0.0
ATP6V1B2,0.0041614729897421045,38.88113389885107,0.0
DDA1,0.004159019296875697,38.875765059594116,0.0
C9orf114,0.004158054050376408,38.87039622033716,0.0
MTG1,0.004157126343478075,38.86502738108021,0.0
POP5,0.004156810440626041,38.85965854182326,0.0
MTFP1,0.004153154678869517,38.854289702566305,0.0
SLC15A3,0.004138992175964925,38.84892086330935,0.0
MSRB2,0.00413563772673021,38.8435520240524,0.0
FAM111B,0.004134969942591836,38.83818318479545,0.0
ZNF559,0.004134830493632788,38.832814345538495,0.0
JMY,0.004129292266281755,38.82744550628154,0.0
PPP2CB,0.004127760215899788,38.82207666702459,0.0
RAB3IL1,0.004125197040930839,38.81670782776764,0.0
SIGLEC7,0.004124237078488334,38.811338988510684,0.0
HOOK3,0.004121202325559044,38.80597014925373,0.0
SCRN1,0.004120211344135103,38.80060130999678,0.0
OTOGL,0.004120068845903218,38.795232470739826,0.0
ZC3H15,0.004118729397821373,38.78986363148287,0.0
AKR1C4,0.004114948965303324,38.78449479222592,0.0
C9orf43,0.004110216912705788,38.77912595296897,0.0
SDCBP,0.0041095359180658144,38.773757113712016,0.0
EME1,0.0041073298198327345,38.76838827445506,0.0
ACYP2,0.004105929754808654,38.76301943519811,0.0
KIAA0922,0.004104791627381802,38.75765059594116,0.0
RRAGD,0.004102378753509714,38.752281756684205,0.0
LINGO2,0.004100612710163251,38.74691291742725,0.0
KIAA1429,0.004097300530040754,38.7415440781703,0.0
PRIMPOL,0.004096904559945982,38.73617523891335,0.0
TUBB8,0.00409559074982613,38.730806399656394,0.0
MMP11,0.004090532694182007,38.72543756039944,0.0
METTL4,0.004089412727409906,38.72006872114249,0.0
LGI3,0.0040869120333839265,38.71469988188554,0.0
MAMSTR,0.0040836829269936675,38.709331042628584,0.0
CDC5L,0.004077042494650615,38.70396220337163,0.0
GLS2,0.004072129869425498,38.69859336411468,0.0
DTWD1,0.004069517427775108,38.693224524857726,0.0
CLCA4,0.004067456531491329,38.68785568560077,0.0
RQCD1,0.004067155716951408,38.68248684634382,0.0
PLIN4,0.004066975160287266,38.67711800708687,0.0
LGALS2,0.00406418641205357,38.671749167829915,0.0
SREK1IP1,0.004061884278153379,38.66638032857296,0.0
OR4D6,0.004060676866067863,38.66101148931601,0.0
HOXC6,0.0040599571463347745,38.65564265005906,0.0
FBXL19,0.004058961004105704,38.650273810802105,0.0
MTFR2,0.004058037220392351,38.64490497154515,0.0
CNTN6,0.0040577294601952104,38.6395361322882,0.0
MRPS30,0.0040574373515713125,38.63416729303125,0.0
GPER1,0.004054777427248582,38.628798453774294,0.0
LY96,0.004053534190940849,38.62342961451734,0.0
TSPAN33,0.004051886200010922,38.61806077526039,0.0
RAB2B,0.004051452014770581,38.612691936003436,0.0
ZNF586,0.004048102622557422,38.607323096746484,0.0
LHX8,0.0040475214936383655,38.60195425748953,0.0
KLHL42,0.00404672452958839,38.59658541823258,0.0
OR4S2,0.0040463787855537624,38.591216578975626,0.0
ENTPD6,0.004042646192198471,38.58584773971867,0.0
PPP6R3,0.004042289462127539,38.58047890046172,0.0
RPAIN,0.004041798800961097,38.57511006120477,0.0
ZFAND6,0.004039317564587887,38.569741221947815,0.0
UBASH3B,0.004037251723691085,38.56437238269086,0.0
GDF7,0.004028734426553517,38.55900354343391,0.0
PCDH1,0.004028223470868331,38.55363470417696,0.0
PLCH2,0.004023127486911084,38.548265864920005,0.0
LRRC59,0.004022030740137649,38.54289702566305,0.0
PREX1,0.004020359919952326,38.5375281864061,0.0
DSCR3,0.004017916901986908,38.53215934714915,0.0
LHCGR,0.004016764301652005,38.526790507892194,0.0
ADH6,0.0040115675525668896,38.52142166863524,0.0
PCNXL3,0.004008887967380024,38.51605282937829,0.0
LSM12,0.0040063215116887384,38.510683990121336,0.0
CACNA1I,0.004003787955374651,38.505315150864384,0.0
AC004381.6,0.004003773804291931,38.49994631160743,0.0
SLC14A2,0.004003579400172479,38.49457747235048,0.0
FBXO22,0.004003367358544736,38.489208633093526,0.0
NPEPL1,0.003999471697609964,38.48383979383657,0.0
ISCA1,0.003997467675292686,38.47847095457962,0.0
SYNC,0.003997373225240649,38.47310211532267,0.0
C1QTNF9,0.003996902580643353,38.467733276065715,0.0
SHISA3,0.003993189174646647,38.46236443680876,0.0
CDRT4,0.003991539114413174,38.45699559755181,0.0
AP3M2,0.0039897402219559635,38.45162675829486,0.0
ZNF382,0.00398059839646423,38.446257919037905,0.0
SYNJ2BP,0.003980184224435612,38.44088907978095,0.0
C4orf21,0.003979833984455744,38.435520240524,0.0
TMEM223,0.003977097537601039,38.43015140126705,0.0
TMPPE,0.003973460986323291,38.424782562010094,0.0
CAND1,0.003971463698360536,38.41941372275314,0.0
RSL24D1,0.003969210612351767,38.41404488349619,0.0
KLHL15,0.003969132123104171,38.408676044239236,0.0
KLHL36,0.0039666243381067156,38.40330720498228,0.0
YPEL1,0.0039643810367741604,38.39793836572533,0.0
ARMC8,0.00396181859090943,38.39256952646838,0.0
HNRNPUL2,0.003954711714927452,38.387200687211426,0.0
MTMR11,0.003948812438630771,38.38183184795447,0.0
MRPL1,0.003943185320361396,38.37646300869752,0.0
RAMP1,0.003942598675286406,38.37109416944057,0.0
BRPF3,0.003942442758813983,38.365725330183615,0.0
SRD5A1,0.003942019918203353,38.36035649092666,0.0
HEATR4,0.00394180059236683,38.35498765166971,0.0
F12,0.003935462970110217,38.34961881241276,0.0
NACA2,0.003926199704671766,38.344249973155804,0.0
TPPP3,0.003925197174539059,38.33888113389885,0.0
HIST1H2AA,0.003924453390637276,38.3335122946419,0.0
KANK3,0.003922786672327743,38.32814345538495,0.0
VCPKMT,0.003921288145830438,38.322774616127994,0.0
SLC18A1,0.003920699328478415,38.31740577687104,0.0
ZNF626,0.003919815095141115,38.31203693761409,0.0
CLIP3,0.003914794954171693,38.306668098357136,0.0
CAPN10,0.003907827751623546,38.30129925910018,0.0
EHF,0.003907467844595347,38.29593041984323,0.0
HIST1H4A,0.003906132796315318,38.29056158058628,0.0
GALNT6,0.0038998902112536782,38.285192741329325,0.0
MGAT3,0.0038991521250723907,38.27982390207237,0.0
GPR180,0.003898859125217961,38.27445506281542,0.0
SNX8,0.003897157846244596,38.26908622355847,0.0
SF3A3,0.003893925782371734,38.263717384301515,0.0
C8orf82,0.0038916331354183972,38.25834854504456,0.0
PSMB7,0.0038913262114347326,38.25297970578761,0.0
GRAMD1C,0.0038859195682581166,38.24761086653066,0.0
DTD2,0.0038817297571193494,38.242242027273704,0.0
NPAS4,0.0038806219948911884,38.23687318801675,0.0
CLDN23,0.0038805092653283703,38.2315043487598,0.0
BTNL8,0.0038787928391263516,38.226135509502846,0.0
TYMP,0.003876941577303087,38.220766670245894,0.0
RPA4,0.0038740899225280625,38.21539783098894,0.0
C12orf10,0.003873142360669035,38.21002899173199,0.0
CRYZL1,0.0038629841269693793,38.204660152475036,0.0
FEM1A,0.0038552479889849703,38.19929131321808,0.0
TTC14,0.0038543911400558952,38.19392247396113,0.0
HOXA9,0.0038537713405332554,38.18855363470418,0.0
ZNF529,0.0038535548382770566,38.183184795447225,0.0
OSBPL6,0.0038454150071259297,38.17781595619027,0.0
ATG10,0.0038390024140868375,38.17244711693332,0.0
C21orf59,0.0038362368420038024,38.16707827767637,0.0
DENR,0.003833848309142794,38.16170943841941,0.0
SDR9C7,0.0038328292332107427,38.15634059916246,0.0
SCHIP1,0.003830116005106794,38.15097175990551,0.0
SEPT8,0.003827109698595907,38.14560292064856,0.0
ITPRIP,0.003826777817725541,38.140234081391604,0.0
FAM212B,0.0038254394240119205,38.13486524213465,0.0
ZNF143,0.0038252080563558055,38.1294964028777,0.0
TMED9,0.003824331588288003,38.124127563620746,0.0
OR52E6,0.0038229553900694046,38.11875872436379,0.0
MAPK4,0.0038206784207371037,38.11338988510684,0.0
SETD4,0.003817007456924671,38.10802104584989,0.0
BRSK2,0.0038152785229033847,38.102652206592936,0.0
CD300E,0.0038116391355356555,38.09728336733598,0.0
AUH,0.0038101447486423136,38.09191452807903,0.0
DHX15,0.003804742606439404,38.08654568882208,0.0
INPP5D,0.003802769091583804,38.081176849565125,0.0
PSME3,0.003802375474731675,38.07580801030817,0.0
C1orf123,0.0038021110963817445,38.07043917105122,0.0
LST1,0.0037996133485638075,38.06507033179427,0.0
KIAA0232,0.003796078332367217,38.059701492537314,0.0
CIDEC,0.0037960754747761736,38.05433265328036,0.0
SLC45A4,0.0037908795677611905,38.04896381402341,0.0
PPIC,0.003790820286318565,38.04359497476646,0.0
NFKB2,0.0037870878041264483,38.038226135509504,0.0
CDK16,0.003786696831913896,38.03285729625255,0.0
HSPA1L,0.0037853811194966972,38.0274884569956,0.0
FPGT-TNNI3K,0.0037834874083302024,38.02211961773864,0.0
FGFBP1,0.003782331237835162,38.01675077848169,0.0
MRPS35,0.003780952051328553,38.01138193922474,0.0
MCF2L,0.0037800286218794945,38.00601309996779,0.0
PROKR1,0.003772471885739659,38.000644260710835,0.0
PPP3R2,0.003772463857230368,37.99527542145388,0.0
SAMD4B,0.003768644943267555,37.98990658219693,0.0
MSANTD4,0.003766960043926558,37.98453774293998,0.0
ELOVL6,0.0037663729520703315,37.979168903683025,0.0
DCST1,0.0037637326491032365,37.97380006442607,0.0
GMPR2,0.0037578628316036027,37.96843122516912,0.0
DYNLT1,0.0037481940141336698,37.96306238591217,0.0
UBE2K,0.003747395039505366,37.957693546655214,0.0
PPAT,0.003745310890680724,37.95232470739826,0.0
KCTD3,0.0037439532113192767,37.94695586814131,0.0
DDX49,0.0037422382682169345,37.941587028884356,0.0
ZFAND2B,0.0037419579432799812,37.936218189627404,0.0
PIK3R2,0.0037391066106961675,37.93084935037045,0.0
SRCIN1,0.00373749659663309,37.9254805111135,0.0
CHRNA5,0.0037366058461593007,37.920111671856546,0.0
IFRD2,0.0037353801737937562,37.91474283259959,0.0
RMDN1,0.0037316053662564104,37.90937399334264,0.0
SLC2A10,0.00371527334879423,37.90400515408569,0.0
MAP4K3,0.0037101736523110413,37.898636314828735,0.0
PF4,0.0037071759485036862,37.893267475571776,0.0
DNASE1L1,0.003705005856444502,37.88789863631482,0.0
SEZ6,0.003702260288601298,37.88252979705787,0.0
LRRC40,0.003700548789457983,37.877160957800925,0.0
RPL15,0.0036958330275921997,37.87179211854397,0.0
TET3,0.0036951177946712758,37.86642327928702,0.0
HP1BP3,0.0036920146638250613,37.86105444003007,0.0
ZNF431,0.003684195353691214,37.855685600773114,0.0
CYP7B1,0.003683481260949522,37.85031676151616,0.0
PHF1,0.003682464738553689,37.84494792225921,0.0
ZNF205,0.0036812716198548227,37.839579083002256,0.0
PAX1,0.0036812477805843956,37.834210243745304,0.0
IL13,0.0036804147194774775,37.82884140448835,0.0
PCNX,0.003680003921598224,37.8234725652314,0.0
OR5D16,0.0036770189217764744,37.818103725974446,0.0
THAP8,0.003674300729582898,37.81273488671749,0.0
RRAD,0.0036676626930181046,37.80736604746054,0.0
DNAJB4,0.0036665417183437557,37.80199720820359,0.0
C6,0.0036581297011753374,37.796628368946635,0.0
TSPYL2,0.0036547255195700594,37.79125952968968,0.0
CTD-2207O23.3,0.0036450684401632696,37.78589069043273,0.0
TRIM52,0.003644183493735949,37.78052185117578,0.0
MYADM,0.003640383880727561,37.775153011918825,0.0
HSD11B1,0.003637623279712082,37.76978417266187,0.0
HTATIP2,0.003634450390437711,37.76441533340492,0.0
ARRDC3,0.00363046846781087,37.75904649414797,0.0
COPRS,0.0036301587929862787,37.75367765489101,0.0
OR1L8,0.0036286686363431312,37.748308815634054,0.0
POLDIP3,0.0036259600792569943,37.7429399763771,0.0
SGMS2,0.003623858005923312,37.737571137120156,0.0
OLFML2B,0.003620567253491018,37.7322022978632,0.0
ZNF275,0.0036181414524724424,37.72683345860625,0.0
SIGLECL1,0.003616299192290568,37.7214646193493,0.0
AVEN,0.0036162813094142805,37.716095780092346,0.0
SELL,0.0036157897770916158,37.71072694083539,0.0
KCTD6,0.003602574486800079,37.70535810157844,0.0
PELP1,0.0035991332759527754,37.69998926232149,0.0
BIVM-ERCC5,0.0035976822080620676,37.694620423064535,0.0
ASB9,0.003596181073608902,37.68925158380758,0.0
HDGFL1,0.003595468097833774,37.68388274455063,0.0
POLR2F,0.003595276639448003,37.67851390529368,0.0
TEX19,0.003585293005445238,37.673145066036724,0.0
NPLOC4,0.0035836630778564894,37.66777622677977,0.0
PSME2,0.003577835653515314,37.66240738752282,0.0
TSPAN8,0.003577412451605683,37.65703854826587,0.0
HCAR3,0.0035756312068017195,37.651669709008914,0.0
MRPS15,0.003571079756967898,37.64630086975196,0.0
PHLDA3,0.0035708099468591595,37.64093203049501,0.0
EIF5,0.0035670521146655117,37.635563191238056,0.0
TVP23B,0.0035640994494118444,37.6301943519811,0.0
FOLH1,0.003563682704130005,37.62482551272414,0.0
ZNF443,0.003561175223516593,37.61945667346719,0.0
ZP2,0.003560898274375833,37.61408783421024,0.0
SLC35B3,0.0035605893153461458,37.608718994953286,0.0
BOLA3,0.0035604988717030358,37.60335015569634,0.0
ZNF507,0.0035563879642082226,37.59798131643939,0.0
ADPRM,0.003551139006449818,37.592612477182435,0.0
ARHGAP22,0.0035487968706876655,37.58724363792548,0.0
DGKA,0.00354748607619164,37.58187479866853,0.0
FAM73B,0.003546675541762164,37.57650595941158,0.0
AXDND1,0.0035433792649830244,37.571137120154624,0.0
IL15RA,0.0035427134539692167,37.56576828089767,0.0
RBM34,0.0035422702141312836,37.56039944164072,0.0
HIST1H2AH,0.0035406187040414793,37.555030602383766,0.0
ANP32A,0.003540607582428168,37.549661763126814,0.0
ISG20L2,0.003528820360243712,37.54429292386986,0.0
OR2A12,0.003526836963969454,37.53892408461291,0.0
OR2T8,0.0035266327617776705,37.533555245355956,0.0
PRRT3,0.003520776809631862,37.528186406099,0.0
MXRA7,0.003519639164767118,37.52281756684205,0.0
BTBD11,0.0035171248105384536,37.5174487275851,0.0
CPEB1,0.0035103266622422253,37.512079888328145,0.0
RIN3,0.003509137260168415,37.50671104907119,0.0
PIR,0.00350639747029865,37.50134220981424,0.0
LY9,0.003500315746265202,37.49597337055729,0.0
KLHDC1,0.003499662841356329,37.490604531300335,0.0
OLFML2A,0.003499432530533328,37.485235692043375,0.0
PCF11,0.003496550455526317,37.47986685278642,0.0
PIM1,0.0034957537017300923,37.47449801352947,0.0
C11orf30,0.003494743934327442,37.46912917427252,0.0
LSP1,0.003492919874353264,37.46376033501557,0.0
GPR133,0.0034916144426173933,37.45839149575862,0.0
RAC3,0.0034910115850596015,37.453022656501666,0.0
ALDH3A1,0.0034894238143819653,37.44765381724471,0.0
SUV39H2,0.0034864140846402785,37.44228497798776,0.0
PARPBP,0.003486408924778313,37.43691613873081,0.0
RMDN2,0.0034848489606964183,37.431547299473856,0.0
CD33,0.0034833978322223085,37.4261784602169,0.0
RASSF7,0.0034766295085717318,37.42080962095995,0.0
FLYWCH2,0.0034745508132195215,37.415440781703,0.0
EXTL2,0.0034720804046493455,37.410071942446045,0.0
HSD17B14,0.0034720015174266455,37.40470310318909,0.0
C5orf45,0.003471683468012199,37.39933426393214,0.0
NTPCR,0.0034708124961289576,37.39396542467519,0.0
OMG,0.0034672455400528565,37.388596585418234,0.0
ASF1B,0.0034665114152426625,37.38322774616128,0.0
OR4F15,0.0034653321252326474,37.37785890690433,0.0
ISCU,0.0034627924543496557,37.37249006764738,0.0
FAM133B,0.003461472477419354,37.367121228390424,0.0
FUCA2,0.003461182174695764,37.36175238913347,0.0
FOXS1,0.0034590740416136,37.35638354987651,0.0
ICT1,0.0034566066636130474,37.35101471061956,0.0
FANCB,0.0034556501304270175,37.345645871362606,0.0
ZNF37A,0.003454067928597025,37.340277032105654,0.0
ATP11C,0.003453344824733269,37.3349081928487,0.0
CRTAC1,0.003452171175971083,37.32953935359175,0.0
ZDHHC24,0.0034479805636209227,37.3241705143348,0.0
RPS11,0.0034453902803294385,37.31880167507785,0.0
PEBP4,0.003444508242402479,37.3134328358209,0.0
MAGOHB,0.0034416737613743786,37.308063996563945,0.0
OR2T6,0.003440163448049227,37.30269515730699,0.0
KCNC1,0.003439865134020923,37.29732631805004,0.0
RPS23,0.003438010097948067,37.29195747879309,0.0
SLC39A1,0.0034356285480636843,37.286588639536134,0.0
R3HDM2,0.0034341153307642707,37.28121980027918,0.0
ESCO1,0.003432956906419251,37.27585096102223,0.0
ZFAND3,0.003432322388621722,37.270482121765276,0.0
PAFAH1B3,0.0034244999527482715,37.265113282508324,0.0
LPAR3,0.003420867908588311,37.25974444325137,0.0
PHLDA1,0.0034136322784778504,37.25437560399442,0.0
TDP2,0.003410805813677075,37.249006764737466,0.0
EMILIN1,0.0034103662312513585,37.24363792548051,0.0
HBA2,0.00340471977255988,37.23826908622356,0.0
DPYSL5,0.003402656212093095,37.23290024696661,0.0
AAMDC,0.0034024664742738366,37.227531407709655,0.0
DCP1B,0.0034020060781211523,37.2221625684527,0.0
CALR3,0.003393806092830641,37.21679372919574,0.0
DCAF15,0.003393437430511817,37.21142488993879,0.0
ZMAT2,0.003386877675609832,37.20605605068184,0.0
SLC6A12,0.0033836386280517022,37.200687211424885,0.0
FAM207A,0.0033831833026151483,37.19531837216793,0.0
SYT16,0.0033812645487869405,37.18994953291098,0.0
SHC4,0.0033688133386463857,37.184580693654034,0.0
SPAST,0.0033649510921961744,37.17921185439708,0.0
IRX5,0.0033617819893923097,37.17384301514013,0.0
PCDHGA6,0.003358721915747194,37.168474175883176,0.0
ZSWIM7,0.0033571251892796964,37.163105336626224,0.0
LSMEM2,0.0033567172876363322,37.15773649736927,0.0
HMG20B,0.0033543624646882597,37.15236765811232,0.0
ZNF839,0.003349337312262492,37.146998818855366,0.0
LCMT2,0.0033477307412526983,37.14162997959841,0.0
FAM53C,0.003347240801552306,37.13626114034146,0.0
C5orf22,0.0033467333721967684,37.13089230108451,0.0
SPAG7,0.003346208493324557,37.125523461827555,0.0
RNF130,0.003345530195327924,37.1201546225706,0.0
ITLN1,0.00334246142150916,37.11478578331365,0.0
TRIM26,0.003339099179193442,37.1094169440567,0.0
FBXO34,0.0033354133410112077,37.104048104799745,0.0
WDR33,0.0033340156395887444,37.09867926554279,0.0
IGDCC4,0.0033322243464572092,37.09331042628584,0.0
ARHGAP19-SLIT1,0.0033309579132365084,37.08794158702888,0.0
ANKEF1,0.003330348833330538,37.08257274777193,0.0
ANKLE1,0.0033299253748943743,37.077203908514974,0.0
FAM134C,0.003327922701515623,37.07183506925802,0.0
PPP1CA,0.003325874860913556,37.06646623000107,0.0
BCAS4,0.003324782453847571,37.061097390744116,0.0
THAP4,0.003323455883945819,37.055728551487164,0.0
TMEM241,0.0033213316971384133,37.05035971223021,0.0
URGCP,0.003321130680780775,37.044990872973266,0.0
ARHGAP20,0.0033195893793448263,37.03962203371631,0.0
SLC48A1,0.0033171148933155425,37.03425319445936,0.0
FAM195B,0.0033153447561284424,37.02888435520241,0.0
ZBTB14,0.0033110150286613654,37.023515515945455,0.0
NUFIP2,0.0033101767190815957,37.0181466766885,0.0
DHX34,0.003308749234490959,37.01277783743155,0.0
MTMR7,0.0033082617978828837,37.0074089981746,0.0
HSPA13,0.0033062134150788854,37.002040158917644,0.0
NELFCD,0.003297247506376851,36.99667131966069,0.0
CLPSL1,0.00329645441596541,36.99130248040374,0.0
PDLIM4,0.0032942249516737126,36.98593364114679,0.0
TMEM201,0.0032938836514582993,36.980564801889834,0.0
NANS,0.0032925731769351493,36.97519596263288,0.0
RRP9,0.0032921035023034105,36.96982712337593,0.0
OR4A5,0.0032877650762662284,36.964458284118976,0.0
RP11-724O16.1,0.003286467740650681,36.95908944486202,0.0
ANKRD32,0.0032746279593590206,36.95372060560507,0.0
OR6K6,0.0032729480589880145,36.94835176634811,0.0
NFXL1,0.003272217066290976,36.94298292709116,0.0
OR10H4,0.0032713059626738724,36.937614087834206,0.0
ZCCHC17,0.003269607487091389,36.93224524857725,0.0
C7orf26,0.0032630233275994535,36.9268764093203,0.0
EMC2,0.003261616834790057,36.92150757006335,0.0
S100A2,0.0032552628905321073,36.916138730806395,0.0
CDH24,0.003252324466566882,36.91076989154945,0.0
SNRPB,0.003252235171266219,36.9054010522925,0.0
CLK4,0.0032500291354772017,36.900032213035544,0.0
TP53TG5,0.003245515318249069,36.89466337377859,0.0
NOL12,0.0032446624696015947,36.88929453452164,0.0
FMO2,0.003243747540536335,36.883925695264686,0.0
ZUFSP,0.003243400821820214,36.878556856007734,0.0
LRRC42,0.003239695636249746,36.87318801675078,0.0
ARHGAP19,0.003239143230363401,36.86781917749383,0.0
ZFP1,0.0032381989856787425,36.862450338236876,0.0
HDHD3,0.0032380336042160686,36.85708149897992,0.0
IL25,0.0032377272791393754,36.85171265972297,0.0
RBM17,0.0032286627200203096,36.84634382046602,0.0
MAT1A,0.0032269579269698805,36.840974981209065,0.0
TAF5L,0.00322658178993399,36.83560614195211,0.0
ANXA9,0.003225750852566972,36.83023730269516,0.0
ZNF347,0.003221650671830828,36.82486846343821,0.0
CTCFL,0.003220008932025244,36.81949962418125,0.0
FAM90A1,0.0032195056857558953,36.814130784924295,0.0
NUDT16L1,0.0032194293869710414,36.80876194566734,0.0
ZFYVE1,0.0032189575992348555,36.80339310641039,0.0
ANKRD28,0.003218280917879642,36.79802426715344,0.0
GPR52,0.003217743673635846,36.792655427896484,0.0
NLRC4,0.003216564496744764,36.78728658863953,0.0
FAM98B,0.003216055041711268,36.78191774938258,0.0
APOL6,0.00321577792319776,36.776548910125626,0.0
NRROS,0.0032154469118747197,36.77118007086868,0.0
MRPL38,0.0032150860378980296,36.76581123161173,0.0
NPM3,0.0032103549721854753,36.760442392354776,0.0
RIC3,0.0032055567509932,36.75507355309782,0.0
MSI2,0.003201175953625014,36.74970471384087,0.0
NAALADL2,0.003198136326926359,36.74433587458392,0.0
EVL,0.0031954814004123344,36.738967035326965,0.0
NLRP12,0.0031951149496361768,36.73359819607001,0.0
DCAF4,0.003193482796372122,36.72822935681306,0.0
SLC50A1,0.003191799153736263,36.72286051755611,0.0
EBPL,0.003190620083936782,36.717491678299155,0.0
ZNF213,0.0031901979633581707,36.7121228390422,0.0
UEVLD,0.003189837642363919,36.70675399978525,0.0
STARD10,0.0031883669085357538,36.7013851605283,0.0
TMEM8B,0.0031880480530835018,36.696016321271344,0.0
PLCXD3,0.003186190591339657,36.69064748201439,0.0
TMCC1,0.0031852364371310156,36.68527864275744,0.0
GCAT,0.003183486352209522,36.67990980350048,0.0
FBXW11,0.003182417595243601,36.674540964243526,0.0
RASSF4,0.003180098003159596,36.669172124986574,0.0
SRP14,0.0031789033783419956,36.66380328572962,0.0
KCNC3,0.003177181797293294,36.65843444647267,0.0
KRTAP10-7,0.003176808543209159,36.653065607215716,0.0
NAALADL1,0.0031659812622366625,36.64769676795876,0.0
KIN,0.003165530287542294,36.64232792870181,0.0
NLN,0.003162722088943054,36.63695908944486,0.0
STRIP2,0.0031621200791068977,36.63159025018791,0.0
PANK4,0.0031602616498710005,36.62622141093096,0.0
RNASE6,0.0031595992699588057,36.62085257167401,0.0
RMND5B,0.0031587204335184913,36.615483732417054,0.0
C16orf70,0.0031578724152954507,36.6101148931601,0.0
UAP1L1,0.0031567277443083673,36.60474605390315,0.0
ZFP41,0.003154113058705557,36.599377214646196,0.0
SLC35D2,0.0031529757634644723,36.594008375389244,0.0
TMEM141,0.0031509732700613856,36.58863953613229,0.0
WAS,0.0031500773227570965,36.58327069687534,0.0
ZNF500,0.003147501013546226,36.577901857618386,0.0
FRMPD3,0.0031427461360489357,36.57253301836143,0.0
VAT1L,0.0031421742580552228,36.56716417910448,0.0
TMEM163,0.003141309034161098,36.56179533984753,0.0
BAG2,0.0031408616300459095,36.556426500590575,0.0
CACFD1,0.0031406927491408354,36.551057661333616,0.0
XRN2,0.003134818013557058,36.54568882207666,0.0
NSL1,0.003127984080452312,36.54031998281971,0.0
GTPBP1,0.0031271034934079434,36.53495114356276,0.0
TMEM181,0.0031270766133586667,36.529582304305805,0.0
PJA1,0.0031268753491554917,36.52421346504885,0.0
NUDT9,0.003124710804749894,36.5188446257919,0.0
KIAA1549,0.0031220828989600474,36.51347578653495,0.0
SIGLEC14,0.0031138086573307116,36.508106947277994,0.0
UGT2B17,0.0031114477408889273,36.50273810802104,0.0
AVL9,0.0031107063136696653,36.49736926876409,0.0
C11orf54,0.0031035339592314025,36.492000429507144,0.0
CASC4,0.003098342438430253,36.48663159025019,0.0
ZNF256,0.0030943812447170754,36.48126275099324,0.0
CST6,0.003091785109344824,36.475893911736286,0.0
SERF2,0.003091216823483587,36.47052507247933,0.0
AP5B1,0.0030899391394106795,36.46515623322238,0.0
PIGG,0.003087286375923882,36.45978739396543,0.0
OAZ2,0.0030852605834093315,36.454418554708475,0.0
ANKRD9,0.003083117857373135,36.44904971545152,0.0
KLHL7,0.0030776582576261657,36.44368087619457,1.0
METTL23,0.0030757233882715285,36.43831203693762,0.0
TPRA1,0.0030722690645165708,36.432943197680665,0.0
APITD1,0.0030712940264584878,36.42757435842371,0.0
SEL1L2,0.0030689979875968667,36.42220551916676,0.0
MTUS2,0.003068531022611961,36.41683667990981,0.0
LEPROT,0.003063580744302094,36.41146784065285,0.0
PNLIPRP3,0.003063248050834819,36.406099001395894,0.0
HID1,0.00305820206757866,36.40073016213894,0.0
LRRC8C,0.0030542155544938518,36.39536132288199,0.0
RAB6B,0.0030538417402436267,36.389992483625036,0.0
ZNF442,0.0030537622792344453,36.384623644368084,0.0
IGSF22,0.003053228717990258,36.37925480511113,0.0
TMEM203,0.0030509947793232834,36.37388596585418,0.0
MRPL21,0.0030504886846553633,36.368517126597226,0.0
ELTD1,0.0030473310699925486,36.36314828734027,0.0
OR13H1,0.003043375753097957,36.35777944808332,0.0
CYB5R4,0.0030397719323321027,36.352410608826375,0.0
PCDHGA5,0.003036823221213643,36.34704176956942,0.0
DEPDC1B,0.003035710524359222,36.34167293031247,0.0
SASH1,0.0030355246848058903,36.33630409105552,0.0
PDXK,0.003029588529406237,36.330935251798564,0.0
TRMT12,0.003026462376684777,36.32556641254161,0.0
ANKRD23,0.003023464994919762,36.32019757328466,0.0
PKIB,0.0030182770091148636,36.31482873402771,0.0
MASP2,0.0030175665096071995,36.309459894770754,0.0
MCOLN2,0.0030137905876850835,36.3040910555138,0.0
CMTM3,0.0030125054976619116,36.29872221625685,0.0
NIPAL3,0.003012151746699063,36.293353376999896,0.0
TBCB,0.0030114728069904114,36.28798453774294,0.0
NTN3,0.0030110944072888027,36.282615698485984,0.0
EBLN1,0.0030077675885518454,36.27724685922903,0.0
FAM9B,0.0030057072390554393,36.27187801997208,0.0
ADCK1,0.0030048762288654223,36.266509180715126,0.0
C1orf222,0.0030013589309204735,36.26114034145817,0.0
ZSCAN32,0.003000385976500472,36.25577150220122,0.0
KLHDC10,0.002999302231731166,36.25040266294427,0.0
SLC25A29,0.002996702097222595,36.245033823687315,0.0
TRPV5,0.0029957730238837988,36.23966498443036,0.0
SLC5A12,0.0029942103357230724,36.23429614517341,0.0
KPRP,0.0029925771162486385,36.22892730591646,0.0
LCN12,0.0029860264023512904,36.223558466659505,0.0
B3GAT1,0.0029842175938416962,36.21818962740256,0.0
INPP5J,0.002983896558862335,36.212820788145606,0.0
PPIL4,0.00297397289953117,36.207451948888654,0.0
UBXN2A,0.0029738285131770876,36.2020831096317,0.0
NHLH1,0.002970221939341266,36.19671427037475,0.0
SUSD4,0.002967316045317272,36.191345431117796,0.0
OR2B6,0.0029653467397187635,36.18597659186084,0.0
KSR2,0.002960778549047076,36.18060775260389,0.0
UPB1,0.00296000469175818,36.17523891334694,0.0
ZBED6CL,0.0029554041269703128,36.169870074089985,0.0
CHCHD5,0.0029546888985156478,36.16450123483303,0.0
ADAMTS19,0.002950473727682415,36.15913239557608,0.0
SHROOM1,0.0029490468884007907,36.15376355631913,0.0
WDR78,0.0029467777393754947,36.148394717062175,0.0
FASTK,0.0029462831429937428,36.143025877805215,0.0
ESRRA,0.002944235229670462,36.13765703854826,0.0
NOC4L,0.002943085131053279,36.13228819929131,0.0
LAMTOR4,0.002942786791430267,36.12691936003436,0.0
WFIKKN1,0.0029420993286682845,36.121550520777404,0.0
TIMD4,0.002941359382988741,36.11618168152045,0.0
CCDC181,0.002939132531683242,36.1108128422635,0.0
CD300LG,0.0029384899486248266,36.105444003006546,0.0
GPR112,0.00293270328608728,36.100075163749594,0.0
GPR84,0.0029315858327498352,36.09470632449264,0.0
LSM5,0.002930265878065846,36.08933748523569,0.0
OIT3,0.0029297820885449224,36.083968645978736,0.0
ECT2L,0.0029278333794884944,36.07859980672179,0.0
MOSPD1,0.0029254240006133083,36.07323096746484,0.0
C19orf43,0.0029233931949632793,36.067862128207885,0.0
SLC9A4,0.0029228487569775688,36.06249328895093,0.0
CDK19,0.002922681903869355,36.05712444969398,0.0
RNF103,0.0029205943129512286,36.05175561043703,0.0
TAS2R20,0.0029186462463369504,36.046386771180075,0.0
ETF1,0.0029162125779569103,36.04101793192312,0.0
GSE1,0.0029132689938604415,36.03564909266617,0.0
CTDSPL,0.00291063287695124,36.03028025340922,0.0
PACSIN2,0.0029083804803758592,36.024911414152264,0.0
FBXO7,0.002907953151699665,36.01954257489531,0.0
ENTPD4,0.0029055227724379806,36.01417373563835,0.0
SLC5A2,0.002902205288256749,36.0088048963814,0.0
IGIP,0.0029003854204909473,36.003436057124446,0.0
IRS4,0.0028999415387714693,35.998067217867494,0.0
SLC51A,0.002898387364214799,35.99269837861054,0.0
ITIH1,0.002897847694923466,35.98732953935359,0.0
NXPH3,0.002895867752471431,35.981960700096636,0.0
LRRC31,0.0028925711261643316,35.97659186083968,0.0
USP20,0.0028923506901677247,35.97122302158273,0.0
CEA,0.002891632852505976,35.96585418232578,0.0
GLB1L,0.0028911281853310888,35.960485343068825,0.0
RAMP3,0.0028888692993515428,35.95511650381187,0.0
UBALD1,0.0028864378289300456,35.94974766455492,0.0
RFPL2,0.0028851197328927164,35.94437882529797,0.0
RND1,0.002884444772701158,35.93900998604102,0.0
TECPR2,0.0028835977857807637,35.93364114678407,0.0
ARHGAP17,0.002882709285577019,35.928272307527116,0.0
FOXA3,0.002882684527174449,35.922903468270164,0.0
C22orf23,0.002880338461504526,35.91753462901321,0.0
CMC1,0.0028766200453327075,35.91216578975626,0.0
LSM10,0.0028747747744651384,35.906796950499306,0.0
RUSC2,0.0028736606903148353,35.90142811124235,0.0
GNA14,0.002872928233916908,35.8960592719854,0.0
ZNF561,0.0028723551182201525,35.89069043272845,0.0
SPATA17,0.00287036447184112,35.885321593471495,0.0
OAS3,0.0028696332475792617,35.87995275421454,0.0
ARHGEF10L,0.0028603204417667273,35.87458391495758,0.0
ZNF268,0.0028568914654220037,35.86921507570063,0.0
PWWP2B,0.0028545200580923553,35.86384623644368,0.0
CCL4,0.00285172910186749,35.858477397186725,0.0
ZRANB1,0.0028500465724789455,35.85310855792977,0.0
DCAF12L1,0.002848112970433098,35.84773971867282,0.0
RIBC2,0.002840596478844905,35.84237087941587,0.0
ANKIB1,0.0028361714369274328,35.837002040158914,0.0
ZNF747,0.0028346304695583274,35.83163320090196,0.0
SH2D1A,0.0028344104289911294,35.82626436164501,0.0
ANKS1A,0.0028336233148749694,35.82089552238806,0.0
TMEM132D,0.002828913429027002,35.815526683131104,0.0
C17orf62,0.0028248691325926316,35.81015784387415,0.0
UFSP1,0.002824053782030508,35.8047890046172,0.0
MLF1,0.002823834002543539,35.79942016536025,0.0
TMEM44,0.0028209124994609492,35.7940513261033,0.0
SP9,0.0028202287321607627,35.78868248684635,0.0
RNF133,0.0028184643731346973,35.783313647589395,0.0
OR8A1,0.0028159377813500412,35.77794480833244,0.0
TMC3,0.002815662707931897,35.77257596907549,0.0
SF3A2,0.002815569119710461,35.76720712981854,0.0
CYP2C8,0.0028144757989374135,35.761838290561585,0.0
HLA-DMB,0.0028128321101297295,35.75646945130463,0.0
NRBP2,0.0028101492811090085,35.75110061204768,0.0
ZNF224,0.002809190895899799,35.74573177279072,0.0
HAO1,0.0028031951070620334,35.74036293353377,0.0
SLC25A39,0.00280026884262499,35.734994094276814,0.0
LAP3,0.0027995557616288316,35.72962525501986,0.0
NKAP,0.002799176103935943,35.72425641576291,0.0
POLE2,0.002799115131738921,35.718887576505956,0.0
ATP6V1A,0.002798251235794165,35.713518737249004,1.0
C5orf34,0.002795550424795178,35.70814989799205,0.0
ANKRD36,0.0027949586544143445,35.7027810587351,0.0
CMTM1,0.002794941264110609,35.697412219478146,0.0
MFSD7,0.002794263186495783,35.69204338022119,0.0
ZNF780B,0.0027922409810798706,35.68667454096424,0.0
UGT1A8,0.0027909470204714637,35.68130570170729,0.0
ZNF768,0.002789152246392253,35.675936862450335,0.0
USP6,0.00278885378975692,35.67056802319338,0.0
ZNF783,0.0027888477599585315,35.66519918393643,0.0
IL17RC,0.0027879295104771694,35.659830344679484,0.0
TAS2R31,0.002775263994165878,35.65446150542253,0.0
TAF5,0.0027731286744563776,35.64909266616558,0.0
RPUSD2,0.0027712780174524326,35.64372382690863,0.0
ZCCHC4,0.0027699891599651,35.638354987651674,0.0
SIRT5,0.002768365235404041,35.63298614839472,0.0
SETD3,0.002765780076657014,35.62761730913777,0.0
CCDC94,0.002763865335653764,35.622248469880816,0.0
IL19,0.0027616420792995764,35.61687963062386,0.0
HRSP12,0.002759932906976682,35.61151079136691,0.0
C3orf58,0.002759265228680828,35.60614195210995,0.0
KLC1,0.002758278024168035,35.600773112853,0.0
TEX30,0.0027582161533554026,35.595404273596046,0.0
LAMTOR3,0.0027556811772938496,35.59003543433909,0.0
SRGAP1,0.002755307355305574,35.58466659508214,0.0
SMYD5,0.0027532648702424294,35.57929775582519,0.0
QSER1,0.002753173554116313,35.573928916568235,0.0
PPP6R1,0.0027524924347328964,35.56856007731128,0.0
THBD,0.0027506453451571857,35.56319123805433,0.0
C4BPB,0.0027496558711909208,35.55782239879738,0.0
GMPPA,0.0027492331493936726,35.552453559540425,0.0
DGAT2L6,0.0027481454471890493,35.54708472028347,0.0
PVR,0.002746294453077723,35.54171588102652,0.0
ZNF230,0.002746199340326585,35.53634704176957,0.0
RBM24,0.0027451287588393476,35.530978202512614,0.0
LRRC28,0.00274449957199209,35.52560936325567,0.0
CUEDC1,0.002743760254736039,35.520240523998716,0.0
RND2,0.00274323993807893,35.51487168474176,0.0
RNF150,0.002741116927646673,35.50950284548481,0.0
HMGB3,0.0027404437236034584,35.50413400622786,0.0
CPB1,0.0027382177199221113,35.498765166970905,0.0
CHADL,0.0027333658397644205,35.49339632771395,0.0
RPS6KL1,0.0027331564177827316,35.488027488457,0.0
TAS2R10,0.002732579925607497,35.48265864920005,0.0
USP15,0.0027317369523325555,35.47728980994309,0.0
TMEM45A,0.002726296922250414,35.471920970686135,0.0
CORO2B,0.0027254661761260306,35.46655213142918,0.0
ABCB8,0.002721456837213265,35.46118329217223,0.0
SYT17,0.0027208030196544507,35.45581445291528,0.0
FAM3A,0.002719511241783419,35.450445613658324,0.0
B3GAT2,0.0027163274071613725,35.44507677440137,0.0
PIAS2,0.002710005545369611,35.43970793514442,0.0
KCNH7,0.002709932869730743,35.434339095887466,0.0
UBQLN1,0.0027095902567298947,35.428970256630514,0.0
SEC31B,0.002708366386804069,35.42360141737356,0.0
TDRD6,0.002701436354434255,35.41823257811661,0.0
RPS4Y1,0.0026992172412296763,35.412863738859656,0.0
EPB41L4A,0.0026984462296860646,35.4074948996027,0.0
GGCT,0.002694596748742533,35.40212606034575,0.0
TRIM36,0.002688634261197624,35.3967572210888,0.0
LARP6,0.0026873861653006694,35.391388381831845,0.0
AP3S1,0.0026849032175348506,35.3860195425749,0.0
OR56A3,0.0026845723768840367,35.38065070331795,0.0
PTPRN,0.002682560953133141,35.375281864060995,0.0
FAM76B,0.0026783709366958717,35.36991302480404,0.0
KLK13,0.0026753048933503025,35.36454418554709,0.0
ZNF716,0.0026751340589871724,35.35917534629014,0.0
NPIPB3,0.002675050361501425,35.353806507033184,0.0
MOK,0.0026726239441310124,35.34843766777623,0.0
KPNA3,0.0026719266871900256,35.34306882851928,0.0
ZNF528,0.0026709556698917445,35.33769998926232,0.0
TBX19,0.002669106114307751,35.332331150005366,0.0
MRPL24,0.0026678181605833406,35.326962310748414,0.0
COA1,0.002665640614983973,35.32159347149146,0.0
CLTA,0.0026610152967395206,35.31622463223451,0.0
TMEM139,0.002660339672003264,35.310855792977556,0.0
BCAS1,0.0026587113762651634,35.3054869537206,0.0
ADAM28,0.0026525728096808985,35.30011811446365,0.0
DDIT4L,0.002651758959343324,35.2947492752067,0.0
PAPLN,0.002651742208455116,35.289380435949745,0.0
SNN,0.0026510951291234945,35.28401159669279,0.0
PIK3C2G,0.0026502222085116704,35.27864275743584,0.0
STK33,0.002649967644795896,35.27327391817889,0.0
CARD6,0.0026480248360139453,35.267905078921935,0.0
LAMP3,0.002647914078249903,35.26253623966498,0.0
ST6GALNAC6,0.0026450960885612664,35.25716740040803,0.0
APIP,0.0026448759450407194,35.25179856115108,0.0
TMPRSS11E,0.002644119955890951,35.24642972189413,0.0
PCTP,0.002643285909154484,35.24106088263718,0.0
C1orf50,0.002642189427982923,35.235692043380226,0.0
MCEE,0.0026418483036058874,35.23032320412327,0.0
TOMM20L,0.002641797155674202,35.22495436486632,0.0
FAM189B,0.0026397728875855444,35.21958552560937,0.0
C19orf25,0.002638834238973713,35.214216686352415,0.0
BRSK1,0.002635157043086765,35.208847847095456,0.0
ZNF512B,0.0026344275957837704,35.2034790078385,0.0
AP3M1,0.0026341329762635795,35.19811016858155,0.0
HNRNPA3,0.0026319792284910846,35.1927413293246,0.0
OR7E24,0.0026313120970614693,35.187372490067645,0.0
MANEA,0.0026303874047543044,35.18200365081069,0.0
KLF16,0.0026273066141056,35.17663481155374,0.0
ERI2,0.002624190628651406,35.17126597229679,0.0
GDF10,0.002623252581115683,35.165897133039834,0.0
GRAMD1B,0.002619875296675244,35.16052829378288,0.0
CRIPAK,0.002618933797534944,35.15515945452593,0.0
OR13C9,0.0026187927895873105,35.14979061526898,0.0
CCDC159,0.0026184820876249846,35.144421776012024,0.0
ZNF621,0.002617924893464172,35.13905293675507,0.0
ZSWIM3,0.0026132021213374134,35.13368409749812,0.0
TSC22D4,0.0026121922909267807,35.128315258241166,0.0
DIS3L2,0.0026120466583614173,35.12294641898421,0.0
SNCG,0.002611636006738044,35.11757757972726,0.0
KCNAB3,0.002610162006206088,35.11220874047031,0.0
CCDC107,0.0026077725092084085,35.10683990121336,0.0
C1orf127,0.0026073602387258975,35.10147106195641,0.0
TROAP,0.0026056706597449167,35.09610222269946,0.0
EMC9,0.0026048970417253516,35.090733383442505,0.0
LPXN,0.002601912369725352,35.08536454418555,0.0
GZMK,0.0026017266769699835,35.0799957049286,0.0
FAM193A,0.002601001187598648,35.07462686567165,0.0
SCARF2,0.002600134696852295,35.06925802641469,0.0
C1orf189,0.002587078741568349,35.063889187157734,0.0
PIP4K2A,0.0025833358143178844,35.05852034790078,0.0
NAT8L,0.002581736852464116,35.05315150864383,0.0
STRA8,0.00257995844340943,35.047782669386876,0.0
AKAP11,0.0025783074507175594,35.042413830129924,0.0
ZNF100,0.0025765948164718413,35.03704499087297,0.0
SPATA31E1,0.002576324579030719,35.03167615161602,0.0
TOB2,0.00257521193186526,35.026307312359066,0.0
YTHDF3,0.002574789892419413,35.02093847310211,0.0
TRAPPC2,0.0025746616372264272,35.01556963384516,0.0
GPN3,0.002574099474947431,35.01020079458821,0.0
TMEM259,0.0025700526708750506,35.004831955331255,0.0
TESC,0.0025678475299126375,34.9994631160743,0.0
PSMA8,0.0025638578072709945,34.99409427681735,0.0
GIF,0.0025595752967795425,34.9887254375604,0.0
OR4F6,0.002557999775941142,34.983356598303445,0.0
OR11A1,0.0025570446146044134,34.97798775904649,0.0
C18orf21,0.002553535329888688,34.97261891978954,0.0
TNFAIP6,0.0025534221291016604,34.967250080532594,0.0
OSBPL2,0.0025528158735422797,34.96188124127564,0.0
RMND5A,0.0025515019706827944,34.95651240201869,0.0
TMEFF1,0.0025491119592496963,34.951143562761736,0.0
FBXO28,0.00254741855310834,34.94577472350478,0.0
FAM64A,0.0025451969719574442,34.940405884247824,0.0
RPL37,0.002543420531568456,34.93503704499087,0.0
SEC14L2,0.0025395311610150713,34.92966820573392,0.0
FRMD4B,0.0025385322384888476,34.924299366476966,0.0
CFHR4,0.0025375237742158514,34.91893052722001,0.0
GRIN3B,0.00253663984776546,34.91356168796306,0.0
SPATA5L1,0.0025359762257813195,34.90819284870611,0.0
GALNT2,0.00253573017336208,34.902824009449155,0.0
ANO9,0.0025306629711550612,34.8974551701922,0.0
PATL1,0.0025253133462062576,34.89208633093525,0.0
SLC7A9,0.0025242953888815417,34.8867174916783,0.0
OR1S1,0.0025237636667182167,34.881348652421345,0.0
PTH,0.002521754298126802,34.87597981316439,0.0
SENP5,0.0025207695585173695,34.87061097390744,0.0
TM9SF3,0.0025185921978739733,34.86524213465049,0.0
WWP1,0.002518398295246375,34.859873295393534,0.0
COMMD3-BMI1,0.002517370327957356,34.85450445613658,0.0
S100A7,0.0025165322751346626,34.84913561687963,0.0
ISCA2,0.002513063186924875,34.843766777622676,0.0
SPNS3,0.0025113863333176122,34.83839793836572,0.0
SOCS4,0.002503590888562719,34.83302909910878,0.0
IRX4,0.00250299504510104,34.827660259851825,0.0
LTB4R2,0.002501828046577513,34.82229142059487,0.0
PLSCR1,0.0025006994847261497,34.81692258133792,0.0
MTCH1,0.00249751264811443,34.81155374208097,0.0
BRICD5,0.002496344142403634,34.806184902824015,0.0
LRRC16A,0.0024929480120333587,34.800816063567055,0.0
KLHL13,0.002492688488571416,34.7954472243101,0.0
LMAN1L,0.002492312476993445,34.79007838505315,0.0
BST1,0.0024918633443635194,34.7847095457962,0.0
SAMD8,0.0024897459026529045,34.779340706539244,0.0
AKR1B15,0.002487560993214261,34.77397186728229,0.0
DDX31,0.002485849916148991,34.76860302802534,0.0
SPC25,0.0024855051645792927,34.763234188768386,0.0
NUDT14,0.002482990239371774,34.757865349511434,0.0
FILIP1L,0.0024807937596440944,34.75249651025448,0.0
NOSIP,0.002480566665936599,34.74712767099753,0.0
SUMO4,0.0024803861433136173,34.741758831740576,0.0
PCDH19,0.0024800955269896363,34.73638999248362,0.0
OR6N2,0.002475253387070338,34.73102115322667,0.0
IFIT5,0.0024743571285753877,34.72565231396972,0.0
RP11-287D1.3,0.0024741205214569703,34.720283474712765,0.0
MRPL50,0.002470891292139661,34.71491463545581,0.0
CDH12,0.0024708355208769425,34.70954579619886,0.0
MAN2B2,0.0024701504552277534,34.70417695694191,0.0
MMD,0.0024677930509101396,34.698808117684955,0.0
ALPP,0.0024670087314829755,34.69343927842801,0.0
RDM1,0.0024615019175481963,34.68807043917106,0.0
KLHL38,0.0024609853241748117,34.682701599914104,0.0
HDDC3,0.0024595872394287403,34.67733276065715,0.0
LACC1,0.0024584347203012967,34.67196392140019,0.0
OR2V2,0.0024568349259836805,34.66659508214324,0.0
SEMA4G,0.0024534641266302274,34.661226242886286,0.0
ATAT1,0.0024529600897362836,34.655857403629334,0.0
KCNH5,0.00245289952226392,34.65048856437238,0.0
KCNA3,0.0024443796491988097,34.64511972511543,0.0
CCL14,0.0024417148452950794,34.639750885858476,0.0
DNAJC15,0.002440484223694513,34.63438204660152,0.0
PGBD2,0.0024400448851402867,34.62901320734457,0.0
MORC4,0.0024363950211956408,34.62364436808762,0.0
ABCG8,0.0024360241249753696,34.618275528830665,0.0
GDPGP1,0.0024358004634141453,34.61290668957371,0.0
SLC25A41,0.002435341202325512,34.60753785031676,0.0
KNG1,0.0024301011710666934,34.60216901105981,0.0
RCAN1,0.0024282197188481595,34.596800171802855,0.0
EID2B,0.002424693325403412,34.5914313325459,0.0
ELAVL4,0.0024205615311964903,34.58606249328895,0.0
LIMK1,0.0024201083646100373,34.580693654032,0.0
NAALAD2,0.0024199291688761755,34.575324814775044,0.0
PRR3,0.00241908419592004,34.56995597551809,0.0
RBM15B,0.0024187401612310875,34.56458713626114,0.0
SEC22A,0.002415594171034983,34.559218297004186,0.0
AMY2B,0.0024149653831897775,34.55384945774724,0.0
INMT-FAM188B,0.002414368394898363,34.54848061849029,0.0
OR10J5,0.002410408006749646,34.543111779233335,0.0
PRKCE,0.002410019406232887,34.53774293997638,0.0
TUBB2A,0.0024078604778784035,34.53237410071942,0.0
ATP10B,0.0024076844272772945,34.52700526146247,0.0
SLC6A7,0.0024069107785381644,34.52163642220552,0.0
SMTNL2,0.0024056374885584927,34.516267582948565,0.0
PSMA6,0.002405615941908034,34.51089874369161,0.0
DIP2C,0.002404156001205915,34.50552990443466,0.0
VSIG8,0.0024037711701615895,34.50016106517771,0.0
SYCE1,0.00240224343635494,34.494792225920754,0.0
C19orf54,0.002401645995396025,34.4894233866638,0.0
ANKRD30A,0.0023996296877469743,34.48405454740685,0.0
TPD52,0.002398032570105798,34.4786857081499,0.0
ADSS,0.00239524450464869,34.473316868892944,0.0
OR8K3,0.002391697105814441,34.46794802963599,0.0
SH3GLB1,0.002385916827377603,34.46257919037904,0.0
OR11L1,0.002384888866615098,34.457210351122086,0.0
OR5P2,0.002382985496392932,34.45184151186513,0.0
TDRKH,0.002382061108211471,34.44647267260818,0.0
ZSWIM1,0.0023813706227015967,34.44110383335123,0.0
ARHGAP31,0.002379383498847206,34.435734994094275,0.0
VPS45,0.002379380033037435,34.43036615483732,0.0
ZNF708,0.002374422364435753,34.42499731558037,0.0
METTL22,0.0023720174507638947,34.41962847632342,0.0
CMTM6,0.002371479491453215,34.41425963706647,0.0
WDR27,0.0023707115338023822,34.40889079780952,0.0
GNAI1,0.0023700501558721115,34.40352195855256,0.0
SULT1A2,0.002369178466389563,34.39815311929561,0.0
SARDH,0.0023637831035736483,34.392784280038654,0.0
PTGR1,0.0023600008482000264,34.3874154407817,0.0
NT5C,0.0023599588811169417,34.38204660152475,0.0
RNF128,0.0023580206108261646,34.376677762267796,0.0
SESTD1,0.002356430487455264,34.371308923010844,0.0
HSD17B6,0.002355383694191335,34.36594008375389,0.0
EMP3,0.0023470429445864287,34.36057124449694,0.0
DUSP18,0.002346682051596497,34.355202405239986,0.0
BEND7,0.002344154271067072,34.34983356598303,0.0
SWT1,0.0023409059387129384,34.34446472672608,0.0
DARC,0.0023368549867856625,34.33909588746913,0.0
LRFN5,0.00233588560198143,34.333727048212175,0.0
PSMC3IP,0.0023345841066902528,34.32835820895522,0.0
THEM4,0.0023335884453128427,34.32298936969827,0.0
ERICH1,0.002332122158171976,34.31762053044132,0.0
TNFRSF12A,0.0023258162518689,34.312251691184365,0.0
TTC7B,0.0023249873857622318,34.30688285192741,0.0
CD72,0.002323887933210298,34.30151401267046,0.0
SLC22A1,0.0023220861627893164,34.29614517341351,0.0
POLR1D,0.0023211677711251237,34.290776334156554,0.0
VWA3A,0.0023205332437853917,34.2854074948996,0.0
CCDC154,0.002318234159273785,34.28003865564265,0.0
ALKBH8,0.0023181740853558614,34.2746698163857,0.0
OR2L13,0.0023179322441383918,34.26930097712875,0.0
APOL4,0.0023170767478741575,34.26393213787179,0.0
DUSP13,0.0023148124400666596,34.25856329861484,0.0
OR52R1,0.002309366563618367,34.253194459357886,0.0
FN3K,0.002308212804837006,34.24782562010093,0.0
FRMPD4,0.0023073011012553876,34.24245678084398,0.0
TNFSF9,0.0023055166857014714,34.23708794158703,0.0
SH2D4A,0.0023054735834830693,34.231719102330075,0.0
PAK3,0.002305451721520197,34.22635026307312,0.0
CDKN2C,0.002305328421811756,34.22098142381617,0.0
KPNA4,0.0023037071735862082,34.21561258455922,0.0
SELO,0.0023035569333105044,34.210243745302265,0.0
ZNF711,0.0023031243214197824,34.20487490604531,0.0
NR1I3,0.0023030328168427497,34.19950606678836,0.0
SNX24,0.0023024082869470153,34.19413722753141,0.0
C8orf4,0.002299551901103041,34.188768388274454,0.0
HOXB5,0.002299196343629924,34.1833995490175,0.0
QPCTL,0.0022975722422445,34.17803070976055,0.0
ADAM23,0.0022974627273570853,34.172661870503596,0.0
PSG9,0.0022957377727923856,34.16729303124664,0.0
PON3,0.0022954594300207062,34.16192419198969,0.0
PTER,0.0022926867009102473,34.15655535273274,0.0
FMNL2,0.0022926709416133976,34.151186513475785,0.0
SPON2,0.0022926108836636653,34.14581767421883,0.0
EXD3,0.002292135804342312,34.14044883496189,0.0
ZNF391,0.002288544612653895,34.13507999570493,0.0
FXYD4,0.0022843471588232253,34.129711156447975,0.0
MICU1,0.0022837718728747096,34.12434231719102,0.0
S100A12,0.0022831058058662515,34.11897347793407,0.0
C12orf65,0.002280061104779172,34.11360463867712,0.0
WDR37,0.0022792918995238796,34.108235799420164,0.0
SH3D21,0.0022790139690076127,34.10286696016321,0.0
KLF9,0.0022788205691572174,34.09749812090626,0.0
SLC6A1,0.002276938190227551,34.09212928164931,0.0
NPDC1,0.002275314360250945,34.086760442392354,0.0
TATDN1,0.0022740117904027123,34.0813916031354,0.0
TSSK1B,0.0022706917067406656,34.07602276387845,0.0
ARFIP1,0.002269705618224154,34.070653924621496,0.0
JAZF1,0.0022692125372419858,34.06528508536454,0.0
RPL39L,0.0022653354994155855,34.05991624610759,0.0
MAP7,0.0022647845886032895,34.05454740685064,0.0
ACOT7,0.0022645298663209377,34.049178567593685,0.0
RAB13,0.002264382052599235,34.04380972833673,0.0
PRKX,0.0022637546864078123,34.03844088907978,0.0
C6orf48,0.0022625317664752773,34.03307204982283,0.0
CNNM3,0.002261084034594916,34.027703210565875,0.0
ASB16,0.002260350695468704,34.02233437130892,0.0
ERV3-1,0.0022600623710496395,34.01696553205197,0.0
LDHAL6B,0.002259554834176146,34.01159669279502,0.0
DUOX1,0.0022594954103706505,34.006227853538064,0.0
EGFL8,0.0022588001073328067,34.00085901428112,0.0
NAIP,0.0022586221498415264,33.99549017502416,0.0
SLFN5,0.00225681746197321,33.990121335767206,0.0
ZNF311,0.002256454605470168,33.984752496510254,0.0
ARHGEF26,0.002254303061348142,33.9793836572533,0.0
OXSM,0.002251413373469707,33.97401481799635,0.0
OR5L2,0.0022486809168435046,33.968645978739396,0.0
CCDC69,0.002248650058149612,33.96327713948244,0.0
KATNAL2,0.0022462128858245695,33.95790830022549,0.0
EXOSC6,0.0022418763303448303,33.95253946096854,0.0
OR6K3,0.002241853968783759,33.947170621711585,0.0
AGTRAP,0.0022414531700925204,33.94180178245463,0.0
UBE3C,0.0022410936976790573,33.93643294319768,0.0
SLX4IP,0.0022409833599250947,33.93106410394073,0.0
SLC35G1,0.0022341645961815484,33.925695264683775,0.0
FARP2,0.0022327780838537164,33.92032642542682,0.0
SULT1A3,0.0022318991073380723,33.91495758616987,0.0
TRIML2,0.0022291128865386265,33.90958874691292,0.0
ZNF688,0.002227725412031113,33.904219907655964,0.0
SLC9C1,0.002227683950650033,33.89885106839901,0.0
EME2,0.002223326085934318,33.89348222914206,0.0
ITM2A,0.0022229116503747984,33.888113389885106,0.0
ARMC12,0.0022211490566038127,33.88274455062815,0.0
TRAPPC6B,0.0022211184840606794,33.8773757113712,0.0
NUDT6,0.002216239485773779,33.87200687211425,0.0
ZNF217,0.00221613743942176,33.866638032857296,0.0
TOB1,0.0022154491650731227,33.86126919360034,0.0
SLC17A1,0.0022154019694842026,33.85590035434339,0.0
PDK1,0.002215096157198883,33.85053151508644,0.0
CMTM8,0.0022150587508605736,33.845162675829485,0.0
THSD7A,0.002212771094174503,33.83979383657253,0.0
CD6,0.002212441080482775,33.83442499731558,0.0
PLCL2,0.0022099988315524054,33.82905615805863,0.0
PRDM11,0.002209538723118058,33.823687318801674,0.0
RCCD1,0.0022095050137429274,33.81831847954472,0.0
PRR15,0.0022089716420086425,33.81294964028777,0.0
TTC22,0.002207425736910045,33.80758080103082,0.0
FGB,0.002207325489044504,33.802211961773864,0.0
CD101,0.002206044614454466,33.79684312251691,0.0
E2F6,0.002205822262094078,33.79147428325996,0.0
BCORL1,0.002205377491807737,33.786105444003006,0.0
CABP5,0.0022047570319203473,33.78073660474605,0.0
CASKIN2,0.00220403184886672,33.7753677654891,0.0
FBRS,0.0022036081512840527,33.76999892623215,0.0
FAM184A,0.0022025919623177366,33.764630086975195,0.0
OR10P1,0.0022017251616782306,33.75926124771824,0.0
CENPM,0.00220079063628902,33.75389240846129,0.0
CEP170,0.002200713383937251,33.74852356920434,0.0
FUNDC1,0.0021998982173615793,33.743154729947385,0.0
TIFA,0.0021978060381553565,33.73778589069043,0.0
TM4SF20,0.002195805843594578,33.73241705143348,0.0
OSGEPL1,0.0021951300753961936,33.72704821217653,0.0
ATXN7L3B,0.0021932285536867134,33.721679372919574,0.0
TESPA1,0.0021930000535506943,33.71631053366262,0.0
GCSAM,0.002188635644639387,33.71094169440567,0.0
CAV3,0.0021876085264502564,33.705572855148716,0.0
DENND4B,0.002185441648324752,33.700204015891764,0.0
PGLS,0.002180575130172758,33.69483517663481,0.0
SMARCD1,0.0021791212935161593,33.68946633737786,0.0
ARHGAP4,0.002178827299731471,33.684097498120906,0.0
PRKAG3,0.002178174194848088,33.67872865886395,0.0
TRIM35,0.0021780297653120413,33.673359819607,0.0
LRRC8B,0.0021772599740125906,33.66799098035005,0.0
EIF2A,0.0021764864710788114,33.662622141093095,0.0
DMC1,0.0021741507284415086,33.65725330183614,0.0
TMEM243,0.002172505831912994,33.65188446257919,0.0
RPUSD1,0.0021718304543013895,33.64651562332224,0.0
METTL7A,0.0021704058238840073,33.641146784065285,0.0
OR2A14,0.0021701894965229724,33.63577794480833,0.0
HIST1H2BF,0.0021691034035939425,33.63040910555138,0.0
VWA2,0.002167016957839879,33.62504026629443,0.0
YIF1B,0.0021649807335142705,33.619671427037474,0.0
PCDHB8,0.002164233522523651,33.61430258778052,0.0
RAB24,0.0021638742624666744,33.60893374852357,0.0
IQSEC2,0.0021629352118500396,33.603564909266616,0.0
ZNF184,0.0021614053126764792,33.598196070009664,0.0
ABHD3,0.0021597178670195926,33.59282723075271,0.0
CYB5D1,0.0021595145928483593,33.58745839149576,0.0
AFAP1L1,0.0021579752227868336,33.582089552238806,0.0
MRPS2,0.002157874624792385,33.57672071298185,0.0
REPS1,0.0021565327112821543,33.5713518737249,0.0
DR1,0.0021552858678860493,33.56598303446795,0.0
AMIGO2,0.002155201260360467,33.560614195210995,0.0
SLC36A4,0.002147115897894805,33.55524535595404,0.0
CNTNAP5,0.0021465358347330585,33.54987651669709,0.0
CRIP1,0.0021452233176790215,33.54450767744014,0.0
GKAP1,0.002143246944429268,33.539138838183185,0.0
UMODL1,0.002142753514042754,33.53376999892623,0.0
WDR76,0.0021370701625721402,33.52840115966928,0.0
HIST3H2A,0.0021361523744039424,33.52303232041233,0.0
HSD17B8,0.0021359559020906007,33.517663481155374,0.0
ZCCHC12,0.002135255549500023,33.51229464189842,0.0
SPANXD,0.0021328463264192613,33.50692580264147,0.0
FAM175B,0.002128760336854693,33.501556963384516,0.0
TEX9,0.002128194889785203,33.49618812412756,0.0
RIC8B,0.0021280082137646052,33.49081928487061,0.0
CKAP2L,0.0021279876867020186,33.48545044561366,0.0
BAG4,0.002126392873579168,33.480081606356705,0.0
MEA1,0.0021239035940146585,33.47471276709975,0.0
CYP2C9,0.0021237608547835735,33.4693439278428,0.0
FAM3D,0.002123513455749078,33.46397508858585,0.0
ING3,0.0021181074403808483,33.458606249328895,0.0
OSBPL9,0.002116533342623805,33.45323741007194,0.0
TMEM50B,0.00211625836450231,33.44786857081499,0.0
ORMDL2,0.0021157805831216684,33.44249973155804,0.0
STON1,0.0021126315820576814,33.437130892301084,0.0
ZRANB3,0.0021119955050861064,33.43176205304413,0.0
OGFR,0.002110846263762112,33.42639321378718,0.0
PCDHB6,0.0021106756445290935,33.42102437453023,0.0
RASL11A,0.0021079622534051,33.415655535273274,0.0
C19orf60,0.0021063387234752777,33.41028669601632,0.0
NHLH2,0.002105714210318625,33.40491785675937,0.0
B3GNT9,0.0021047940573111924,33.399549017502416,0.0
HDGFRP3,0.002103251985847996,33.39418017824546,0.0
FAM195A,0.002103248012983919,33.38881133898851,0.0
RBM44,0.002103076149825712,33.38344249973156,0.0
FRA10AC1,0.0021007152527627248,33.378073660474605,0.0
KNDC1,0.0021000773946590647,33.37270482121765,0.0
ABLIM2,0.0020992442865347322,33.3673359819607,0.0
TRIM7,0.002097725944161452,33.36196714270375,0.0
HEMGN,0.0020942821250355434,33.356598303446795,0.0
TLE6,0.0020940344206492024,33.35122946418984,0.0
PPP1R14B,0.002093117886141757,33.34586062493289,0.0
RHBG,0.0020929019628938,33.34049178567594,0.0
CSNK2A2,0.0020927902818843923,33.335122946418984,0.0
LIPF,0.0020898287920680355,33.32975410716203,0.0
SPATA32,0.002088163634825022,33.32438526790508,0.0
FAM96A,0.0020849955958941097,33.319016428648126,0.0
RABEPK,0.002084307407656713,33.313647589391174,0.0
ZNF624,0.0020827868483341756,33.30827875013422,0.0
UPF3B,0.002080678670618053,33.30290991087727,0.0
OTOA,0.002080185521762665,33.297541071620316,0.0
NREP,0.0020798796797136315,33.29217223236336,0.0
PUS1,0.0020794092811791502,33.28680339310641,0.0
LRRTM2,0.0020756656751465814,33.28143455384946,0.0
C1orf122,0.00207510427438382,33.276065714592505,0.0
RPL26L1,0.0020744175882743483,33.27069687533555,0.0
ZER1,0.00207213653640703,33.2653280360786,0.0
SLC1A5,0.002071117700582673,33.25995919682165,0.0
CARS2,0.002069801053567525,33.254590357564695,0.0
PIN4,0.0020690072393172517,33.24922151830774,0.0
TMPRSS5,0.0020686648413444438,33.24385267905079,0.0
CCDC136,0.002068277043119627,33.23848383979384,0.0
SOCS5,0.002067385636779932,33.233115000536884,0.0
VTA1,0.0020671804668795065,33.22774616127993,0.0
ZC3H8,0.0020646562828994723,33.22237732202298,0.0
TTC38,0.0020643670417920972,33.217008482766026,0.0
MPND,0.002064201875270664,33.21163964350907,0.0
KCNAB2,0.0020633956059667004,33.20627080425212,0.0
EXTL1,0.00206276522636216,33.20090196499517,0.0
OR4C15,0.002061909343160362,33.195533125738216,0.0
LRRN1,0.00206136201578887,33.19016428648126,0.0
GPR158,0.002061351574161099,33.18479544722431,0.0
SLC41A1,0.0020600097753373427,33.17942660796736,0.0
IL9R,0.0020586654097652967,33.174057768710405,0.0
UHRF1BP1L,0.002057645826778943,33.16868892945345,0.0
MLX,0.0020560318990449954,33.1633200901965,0.0
ZPBP2,0.0020548946393876173,33.15795125093955,0.0
NMUR2,0.002054287428686053,33.152582411682594,0.0
OSM,0.002053831124245913,33.14721357242564,0.0
C11orf65,0.002053752204724796,33.14184473316869,0.0
GM2A,0.00205272783099205,33.13647589391174,0.0
CASC1,0.002051977495499032,33.131107054654784,0.0
OR1L1,0.002051202797904876,33.12573821539783,0.0
ATG16L2,0.0020511586660423705,33.12036937614088,0.0
CNPY1,0.002050529530499936,33.115000536883926,0.0
CENPI,0.0020504499520490943,33.10963169762697,0.0
STXBP6,0.0020474824421400618,33.10426285837002,0.0
TBC1D25,0.0020460698017143687,33.09889401911307,0.0
SAMD11,0.002045055547183359,33.093525179856115,0.0
OR4N2,0.0020442738286073256,33.08815634059916,0.0
OR1Q1,0.0020439035787537113,33.08278750134221,0.0
SHD,0.0020431863871018504,33.07741866208526,0.0
CKLF,0.0020424429344970073,33.072049822828305,0.0
WFDC8,0.002041828381426895,33.06668098357135,0.0
ZNF750,0.002040571717130722,33.0613121443144,0.0
UPK1B,0.0020382309385311294,33.05594330505745,0.0
TDRD10,0.002037244882977904,33.050574465800494,0.0
ZNF384,0.00203629298021955,33.04520562654354,0.0
GPR153,0.002035320670405521,33.03983678728659,0.0
LPAR6,0.00203303536171393,33.034467948029636,0.0
DNAJB5,0.002031617047248145,33.029099108772684,0.0
EVI2A,0.0020275083692307913,33.02373026951573,0.0
SLC38A11,0.0020269400233867635,33.01836143025878,0.0
CYP27C1,0.0020267255746380477,33.012992591001826,0.0
PSMA1,0.002018125594667427,33.00762375174487,0.0
PLEKHA6,0.0020170842547193174,33.00225491248792,0.0
CCDC28A,0.0020170132565137775,32.99688607323097,0.0
SOAT2,0.002015029692023963,32.991517233974015,0.0
MRS2,0.002012638933077646,32.98614839471706,0.0
CCDC117,0.002012334763132715,32.98077955546011,0.0
PDZD8,0.002011950295863414,32.97541071620316,0.0
TPTE2,0.002010599824155717,32.970041876946205,0.0
CCR8,0.0020101022363827373,32.96467303768925,0.0
TMEM11,0.0020085672269536435,32.9593041984323,0.0
GHRH,0.002007068506317826,32.95393535917535,0.0
BATF2,0.002004477130746346,32.948566519918394,0.0
DCST2,0.0020031818330944347,32.94319768066144,0.0
ROBO4,0.0019999239884422376,32.93782884140449,0.0
PLEKHM3,0.001997894165972593,32.932460002147536,0.0
MARCH2,0.001997836453436837,32.927091162890584,0.0
H3F3B,0.001997758172007071,32.92172232363363,0.0
ERN2,0.0019953167100649405,32.91635348437668,0.0
TMEM123,0.0019945273892253497,32.910984645119726,0.0
DUSP8,0.0019937545219221404,32.90561580586277,0.0
CCDC53,0.001993253072421842,32.90024696660582,0.0
SLC8B1,0.0019928105705919164,32.89487812734887,0.0
OR2M4,0.0019917814483785485,32.889509288091915,0.0
TEKT5,0.001990637538796632,32.88414044883496,0.0
CD79B,0.001990295365108987,32.87877160957801,0.0
SLC30A3,0.001989896101259403,32.87340277032106,0.0
MACC1,0.0019863349746154944,32.868033931064105,0.0
RCAN3,0.0019840455878024385,32.86266509180715,0.0
SLC9A3,0.0019840439250120275,32.8572962525502,0.0
SLCO4A1,0.0019764224214896264,32.85192741329325,0.0
OR10G3,0.0019758533412982766,32.846558574036294,0.0
TCEA2,0.001975335416790693,32.84118973477934,0.0
TRAPPC9,0.0019745907980550322,32.83582089552239,0.0
OR4C3,0.001974022396886842,32.830452056265436,0.0
PIK3IP1,0.0019737715735591134,32.82508321700848,0.0
UAP1,0.0019731068762837067,32.81971437775153,0.0
CYP4F11,0.0019727803014876954,32.81434553849458,0.0
ZACN,0.0019713913792210993,32.808976699237625,0.0
OR1I1,0.001970694424982643,32.80360785998067,0.0
KDM5D,0.0019683350803699983,32.79823902072372,0.0
ZNF484,0.00196799956034962,32.79287018146677,0.0
FNBP4,0.0019679819134341458,32.787501342209815,0.0
NLRP5,0.001967234183723316,32.78213250295286,0.0
SF3B4,0.0019640592616563166,32.77676366369591,0.0
DTX3,0.0019639865667785824,32.77139482443896,0.0
TFPI2,0.0019614288656413926,32.766025985182004,0.0
CEPT1,0.001961329135671019,32.76065714592505,0.0
MRGBP,0.0019602094128458045,32.7552883066681,0.0
HAVCR1,0.0019578086191239007,32.74991946741115,0.0
PPP3CC,0.001956385828970995,32.744550628154194,0.0
ETAA1,0.0019560290130630057,32.73918178889724,0.0
CCDC144NL,0.001955931579677872,32.73381294964029,0.0
PIK3R6,0.0019545549803350834,32.728444110383336,0.0
SYCE1L,0.0019544438691848874,32.72307527112638,0.0
C2orf42,0.0019514974235646846,32.71770643186943,0.0
OR4S1,0.001949515100755209,32.71233759261248,0.0
PPP1R11,0.0019489098375596891,32.706968753355525,0.0
RGAG1,0.001948775140817076,32.70159991409857,0.0
R3HDM4,0.0019487138120025428,32.69623107484162,0.0
PCDHA2,0.0019475463733475084,32.69086223558467,0.0
MPZL2,0.0019422290013205144,32.685493396327715,0.0
DDI2,0.001942147542716251,32.68012455707076,0.0
MAD2L1BP,0.0019413158550789812,32.67475571781381,0.0
C8orf59,0.0019361739953668272,32.66938687855686,0.0
STAC2,0.0019345638900620968,32.664018039299904,0.0
ERP29,0.0019343857801818354,32.65864920004295,0.0
UPP1,0.0019334660095125951,32.653280360786,0.0
NKAPL,0.0019329274624151332,32.647911521529046,0.0
IFIT3,0.0019304030642629873,32.642542682272094,0.0
CLCN5,0.0019288821487353793,32.63717384301514,0.0
LSMEM1,0.0019284540047268608,32.63180500375819,0.0
SMIM15,0.0019241372785901128,32.626436164501236,0.0
DPYD,0.0019212719543536926,32.62106732524428,0.0
PTGER3,0.0019199305372524663,32.61569848598733,0.0
FAM199X,0.0019194625822168744,32.61032964673038,0.0
NIPAL2,0.001918467109441131,32.604960807473425,0.0
DNTTIP2,0.001917864735828855,32.59959196821647,0.0
HERC6,0.0019175836486419497,32.59422312895952,0.0
RNPEP,0.0019162110761190728,32.58885428970257,0.0
CCT6B,0.0019134293201205986,32.583485450445615,0.0
ITGAD,0.0019124915526763189,32.57811661118866,0.0
LTK,0.0019105569982724297,32.57274777193171,0.0
GHRHR,0.0019104596423061705,32.56737893267476,0.0
EID3,0.0019099983756116895,32.562010093417804,0.0
IGDCC3,0.001909047146878984,32.55664125416085,0.0
OR5J2,0.0019086457230064891,32.5512724149039,0.0
TCEB3B,0.0019051936380911343,32.545903575646946,0.0
FBXL8,0.0019030349127109319,32.54053473638999,0.0
ZNF649,0.0019024083021273938,32.53516589713304,0.0
SSX1,0.0019023829418183646,32.52979705787609,0.0
DYRK4,0.0019014898094438092,32.524428218619136,0.0
OR12D3,0.0019003894303095778,32.51905937936218,0.0
ADAMTS6,0.0018987391837970127,32.51369054010523,0.0
ZNF614,0.0018986062227678388,32.50832170084828,0.0
KCNB2,0.0018981175109759926,32.502952861591325,0.0
PRODH,0.0018965403775015326,32.49758402233437,0.0
DHRS12,0.001893223759071356,32.49221518307742,0.0
RNF175,0.0018922717607032867,32.48684634382046,0.0
CHI3L1,0.0018907834596709864,32.48147750456351,0.0
KCTD7,0.0018882057737174193,32.47610866530656,0.0
PPM1E,0.0018874264006201863,32.47073982604961,0.0
RPA2,0.0018867101579717548,32.46537098679266,0.0
OR1E1,0.001886237352230935,32.460002147535704,0.0
BROX,0.0018853532882849282,32.45463330827875,0.0
CCNI,0.001882318264380164,32.4492644690218,0.0
SLC9C2,0.0018820751925079481,32.443895629764846,0.0
HERC4,0.0018820266218595911,32.43852679050789,0.0
TRPT1,0.0018773928356528122,32.43315795125094,0.0
CD300LF,0.0018747906437572685,32.42778911199399,0.0
TCEB1,0.001872174800158467,32.422420272737035,0.0
SMAGP,0.0018705902935499778,32.41705143348008,0.0
A2ML1,0.0018652297899669553,32.41168259422313,0.0
BOP1,0.001860058145296736,32.40631375496618,0.0
TMEM132E,0.0018594018237807239,32.400944915709225,0.0
SNX16,0.0018592219526124814,32.39557607645227,0.0
BOLA1,0.0018583356197836361,32.39020723719532,0.0
ACTR3B,0.0018535149687764689,32.38483839793837,0.0
PHKG1,0.0018531492005836915,32.379469558681414,0.0
PCDHGA9,0.0018529462933130265,32.37410071942446,0.0
RNF8,0.0018526245798019744,32.36873188016751,0.0
LMO3,0.0018515667104226784,32.363363040910556,0.0
TIGD5,0.0018513176783451393,32.357994201653604,0.0
ZBTB25,0.0018509828381182794,32.35262536239665,0.0
OR2F1,0.001848316753039945,32.34725652313969,0.0
RALYL,0.0018479591732443817,32.34188768388274,0.0
OR2H2,0.0018461907796952163,32.33651884462579,0.0
TSN,0.001845571105335258,32.33115000536884,0.0
SLCO3A1,0.001844279054834156,32.32578116611189,0.0
SSMEM1,0.0018430067789185663,32.320412326854935,0.0
RAB39A,0.0018412815692564297,32.31504348759798,0.0
DAB2IP,0.0018410770706087866,32.30967464834103,0.0
PLXDC1,0.0018400940874700633,32.30430580908408,0.0
SORCS2,0.0018381399193523585,32.298936969827125,0.0
ZNF365,0.0018380281360884671,32.29356813057017,0.0
SERINC3,0.0018372828243340543,32.28819929131322,0.0
MBL2,0.0018341930258040438,32.28283045205627,0.0
OR2T12,0.0018338748009168611,32.277461612799314,0.0
RAB4A,0.0018337546684322286,32.27209277354236,0.0
L1TD1,0.0018329728140592117,32.26672393428541,0.0
KCNJ9,0.0018327040170985688,32.261355095028456,0.0
SLC27A5,0.0018314490796425074,32.255986255771504,0.0
UGT1A3,0.0018311162196102833,32.25061741651455,0.0
PITHD1,0.0018308686286935508,32.2452485772576,0.0
RPL3L,0.0018289405432996327,32.239879738000646,0.0
GIMAP8,0.0018251272517323853,32.23451089874369,0.0
RHBDD1,0.001823115902634096,32.22914205948674,0.0
ARGLU1,0.0018216080871766762,32.22377322022979,0.0
PHLDB1,0.0018215311287893838,32.21840438097283,0.0
ARPC5,0.0018214418881524913,32.213035541715875,0.0
HDC,0.0018209406580150817,32.20766670245892,0.0
DUSP27,0.0018160248052727264,32.20229786320197,0.0
SDE2,0.001814881465598267,32.196929023945025,0.0
CATSPER2,0.0018135028704604245,32.19156018468807,0.0
EFCAB5,0.001813474631509796,32.18619134543112,0.0
IGF2BP2,0.0018122840203447902,32.18082250617417,0.0
SEC22C,0.001811769631405908,32.175453666917214,0.0
ASB10,0.001811376802540816,32.17008482766026,0.0
CD300C,0.0018112065703844635,32.16471598840331,0.0
GNAI3,0.001809736322334447,32.159347149146356,0.0
TMEM150A,0.0018092057783526672,32.1539783098894,0.0
GRASP,0.001809158033204919,32.14860947063245,0.0
STARD8,0.0018075742506553322,32.1432406313755,0.0
SMIM19,0.0018067892941078304,32.137871792118545,0.0
SLC30A8,0.0018044350200833801,32.13250295286159,0.0
TMA16,0.001803744098663284,32.12713411360464,0.0
KCTD4,0.0018037432010964759,32.12176527434769,0.0
FAM111A,0.001803597057641947,32.116396435090735,1.0
OR5R1,0.0018034531379841033,32.11102759583378,0.0
MINA,0.0018033965596015607,32.10565875657683,0.0
SNRPA1,0.0018024558675815768,32.10028991731988,0.0
OR51A2,0.0018010717403413854,32.094921078062924,0.0
BRI3,0.0018004065013465715,32.08955223880597,0.0
CXorf40A,0.0017998699009712494,32.08418339954902,0.0
PTCRA,0.0017989711731609295,32.07881456029206,0.0
PRICKLE3,0.0017989484604444001,32.07344572103511,0.0
SLC35A2,0.0017986172468284598,32.068076881778154,0.0
CDA,0.001798074393395032,32.06270804252121,0.0
SLC30A10,0.0017977144509918619,32.057339203264256,0.0
SRPX2,0.0017969804319524023,32.0519703640073,0.0
IAH1,0.0017960742582435376,32.04660152475035,0.0
OR1G1,0.0017950619449598518,32.0412326854934,0.0
SNX32,0.0017938233717482602,32.035863846236445,0.0
PQLC3,0.0017892798902667353,32.03049500697949,0.0
AKTIP,0.0017866200100593276,32.02512616772254,0.0
CPE,0.0017864508052705726,32.01975732846559,0.0
C12orf76,0.0017841701797589294,32.014388489208635,0.0
PLA2G16,0.0017834033208847413,32.00901964995168,0.0
NPC1L1,0.0017820963350421218,32.00365081069473,0.0
ACR,0.0017817603227243731,31.998281971437777,0.0
BANP,0.0017814090622278941,31.992913132180824,0.0
OSGIN2,0.0017805906393134612,31.987544292923868,0.0
HNRNPDL,0.0017803318088886698,31.982175453666915,0.0
OR6V1,0.0017781465252829764,31.976806614409963,0.0
SNX9,0.001776923115127782,31.97143777515301,0.0
SWAP70,0.0017768738384626274,31.966068935896057,0.0
OR4M1,0.0017751991640055716,31.960700096639105,0.0
IL31RA,0.001774066512816182,31.955331257382152,0.0
ELMSAN1,0.0017737168421246765,31.9499624181252,0.0
OR4X2,0.0017724621902815922,31.944593578868247,0.0
SMYD4,0.0017712238887113904,31.939224739611294,0.0
TVP23C,0.0017683964707536054,31.93385590035434,0.0
CDC42EP5,0.0017673898760348593,31.92848706109739,0.0
SULT6B1,0.0017631478068325668,31.92311822184044,0.0
HNRNPA0,0.0017621612412917827,31.917749382583487,0.0
S100PBP,0.0017615417924854236,31.912380543326535,0.0
TIAM1,0.0017613039708881805,31.907011704069582,0.0
CAPN11,0.001757656516937997,31.90164286481263,0.0
RHOU,0.0017566019670891733,31.896274025555677,0.0
ZNRF1,0.0017542126414573501,31.890905186298724,0.0
KIAA1683,0.0017530076490071627,31.88553634704177,0.0
WFDC9,0.0017529285807808843,31.88016750778482,0.0
JMJD4,0.0017517701440370535,31.874798668527866,0.0
ADPRHL2,0.0017498509861070641,31.869429829270914,0.0
GPR17,0.0017496636504742541,31.86406099001396,0.0
BRINP3,0.0017495259032567201,31.858692150757008,0.0
TREH,0.0017484707577271308,31.853323311500052,0.0
NGEF,0.0017451287891315642,31.8479544722431,0.0
COA4,0.001744362815416841,31.842585632986147,0.0
SLC38A8,0.0017441951046076906,31.837216793729194,0.0
HSPA14,0.0017441004359942704,31.83184795447224,0.0
ANKRD49,0.0017432398726552622,31.82647911521529,0.0
GNRHR,0.001742206469787816,31.821110275958336,0.0
ELL3,0.0017417945620473215,31.815741436701384,0.0
SYTL4,0.0017410279051776392,31.81037259744443,0.0
OR13A1,0.0017405924429512568,31.80500375818748,0.0
AMDHD1,0.0017397365404228909,31.799634918930526,0.0
SLC15A2,0.0017389624428171152,31.794266079673573,0.0
PRR5-ARHGAP8,0.0017388795820535285,31.78889724041662,0.0
OR5AR1,0.0017385149971351935,31.78352840115967,0.0
MAPK10,0.0017362729085642187,31.77815956190272,0.0
PCDH11X,0.0017326944079744445,31.772790722645766,0.0
FLVCR2,0.0017299085630937505,31.767421883388813,0.0
TEX101,0.0017291347732542972,31.76205304413186,0.0
TAS2R8,0.0017289477785316552,31.756684204874908,0.0
UTP15,0.0017281151050621587,31.751315365617955,0.0
C14orf39,0.0017280047136184434,31.745946526361003,0.0
SERPINB3,0.0017279787828158616,31.74057768710405,0.0
HSD17B3,0.0017276778914078403,31.735208847847098,0.0
HDAC7,0.0017274557165042226,31.729840008590145,0.0
ZNF304,0.0017262714909667908,31.724471169333192,0.0
EPM2AIP1,0.0017251120070528845,31.719102330076236,0.0
ASPHD1,0.0017212613152947497,31.713733490819283,0.0
ODF3L1,0.0017207644898337804,31.70836465156233,0.0
NLRP11,0.0017202560042850188,31.702995812305378,0.0
RNF152,0.001719914314591992,31.697626973048425,0.0
CCDC167,0.0017190809780259892,31.692258133791473,0.0
SLC25A27,0.0017189605703118054,31.68688929453452,0.0
OR2L2,0.0017174896043830729,31.681520455277568,0.0
ATF7IP,0.001717060384290785,31.676151616020615,0.0
TMEM47,0.001717023105437386,31.670782776763662,0.0
SLC10A2,0.0017161569979110224,31.66541393750671,0.0
TRMT61B,0.0017134833840715008,31.660045098249757,0.0
ARL4C,0.001712733524120225,31.654676258992804,0.0
SUV420H1,0.001712659230859836,31.64930741973585,0.0
PCDHGB7,0.0017104414399152026,31.643938580478903,0.0
LCLAT1,0.0017097303593059734,31.63856974122195,0.0
SPDYE1,0.00170928030796674,31.633200901964997,0.0
CLDND2,0.0017086295279244864,31.627832062708045,0.0
RGS8,0.001708335814378925,31.622463223451092,0.0
GPR125,0.0017078165108414638,31.61709438419414,0.0
HDGF,0.0017054388725797054,31.611725544937187,0.0
RIMS4,0.0017049444181246934,31.606356705680234,0.0
ELSPBP1,0.0017046404851554225,31.60098786642328,0.0
MLLT11,0.001703888277546656,31.59561902716633,0.0
MMP16,0.0017030375079362691,31.590250187909376,0.0
SH2B2,0.0017000888849140285,31.58488134865242,0.0
CYP2C18,0.0017000020731892666,31.579512509395467,0.0
FSCB,0.001699490938103403,31.574143670138515,0.0
PCYOX1L,0.0016993854255122477,31.568774830881562,0.0
KIF13A,0.0016987650497694146,31.56340599162461,0.0
PPP2R2D,0.0016982823477466348,31.558037152367657,0.0
CACTIN,0.0016963705705293469,31.552668313110704,0.0
GABRG1,0.001693627619955783,31.54729947385375,0.0
TJAP1,0.0016927850843112574,31.5419306345968,0.0
UPRT,0.0016925013149356968,31.536561795339846,0.0
OR4N4,0.0016921465977643199,31.531192956082894,0.0
KBTBD3,0.001691700868960385,31.52582411682594,0.0
CYP2F1,0.0016916587203858057,31.52045527756899,0.0
SLCO6A1,0.0016903683839664414,31.515086438312036,0.0
FBXL18,0.0016894590624233618,31.509717599055083,0.0
CYP2A13,0.001689376186990826,31.504348759798134,0.0
CHRM5,0.0016890207924524802,31.49897992054118,0.0
ZNF91,0.0016825046145249492,31.49361108128423,0.0
C19orf44,0.0016811521879588301,31.488242242027276,0.0
TSSK2,0.001680491188441591,31.482873402770323,0.0
DCP1A,0.0016802986500248844,31.47750456351337,0.0
OR51T1,0.0016785598650199299,31.472135724256418,0.0
SSTR5,0.001678502492634105,31.466766884999466,0.0
PDZRN4,0.001677975764382171,31.461398045742513,0.0
AIM1,0.0016731773647137686,31.45602920648556,0.0
FABP2,0.0016731346765413817,31.450660367228604,0.0
ART5,0.0016726603796634314,31.44529152797165,0.0
C6orf120,0.0016706409404024613,31.4399226887147,0.0
CLEC4G,0.0016700407890964594,31.434553849457746,0.0
VWCE,0.0016695180423424375,31.429185010200793,0.0
FBXO21,0.0016673112735255927,31.42381617094384,0.0
GPR135,0.0016627886428592412,31.418447331686888,0.0
ARL10,0.00166269441517929,31.413078492429936,0.0
VPS28,0.0016595007783250294,31.407709653172983,0.0
ZNF267,0.0016573859900662704,31.40234081391603,0.0
MCHR2,0.001657238717696968,31.396971974659078,0.0
ZMAT1,0.001655238762451478,31.391603135402125,0.0
ZXDC,0.0016541317979592673,31.386234296145172,0.0
U2SURP,0.001654102830580788,31.38086545688822,0.0
TMEM185B,0.0016534684930915734,31.375496617631267,0.0
OGFRL1,0.001653404808049987,31.370127778374318,0.0
PALM2-AKAP2,0.0016533389449459573,31.364758939117365,0.0
KBTBD6,0.0016526679628098132,31.359390099860413,0.0
ATG4C,0.0016518218059786971,31.35402126060346,0.0
TRAM1L1,0.0016509070939732264,31.348652421346507,0.0
SHFM1,0.001650027976480251,31.343283582089555,0.0
NOP16,0.0016494918100846399,31.337914742832602,0.0
ARL5A,0.0016494010124507713,31.33254590357565,0.0
GPR139,0.0016490591045419973,31.327177064318697,0.0
SYT7,0.0016472779495268915,31.321808225061744,0.0
ZNF782,0.0016459251950696758,31.316439385804788,0.0
OR6C6,0.0016397149996915932,31.311070546547835,0.0
C11orf49,0.0016390951942749804,31.305701707290883,0.0
OLFM1,0.0016387464282608683,31.30033286803393,0.0
NAP1L2,0.0016382900142203616,31.294964028776977,0.0
SMCO3,0.0016380733596735512,31.289595189520025,0.0
GCNT1,0.001637737693445503,31.284226350263072,0.0
TMEM41B,0.0016374140283147796,31.27885751100612,0.0
DEXI,0.0016346964854826787,31.273488671749167,0.0
NR0B1,0.0016339117166914332,31.268119832492214,0.0
CHCHD7,0.0016338743192589472,31.26275099323526,0.0
TMEM135,0.0016337145316690535,31.25738215397831,0.0
DNAJB14,0.0016326747737579032,31.252013314721356,0.0
NUDT18,0.0016326125829918732,31.246644475464404,0.0
L2HGDH,0.0016314396061704317,31.24127563620745,0.0
SULT1A4,0.0016310393475993802,31.235906796950495,0.0
OR52E8,0.001629542143840716,31.23053795769355,0.0
OARD1,0.0016288142205793978,31.225169118436597,0.0
TAS2R5,0.0016287525907383831,31.219800279179644,0.0
CKAP2,0.001627642078170901,31.21443143992269,0.0
GYS2,0.0016255767940887452,31.20906260066574,0.0
OR14A16,0.0016255750772305511,31.203693761408786,0.0
RWDD2B,0.0016252314252378022,31.198324922151834,0.0
FAM24A,0.001624872608344475,31.19295608289488,0.0
RTP4,0.0016243832699238295,31.18758724363793,0.0
PMM1,0.0016237675292223093,31.182218404380972,0.0
FITM1,0.001623618176250063,31.17684956512402,0.0
LTC4S,0.0016210469495043685,31.171480725867067,0.0
SKP1,0.001619995952900417,31.166111886610114,0.0
HSD11B1L,0.001618156533005382,31.16074304735316,0.0
OSTC,0.0016181183878951205,31.15537420809621,0.0
ZBED3,0.0016163230918713502,31.150005368839256,0.0
OR9A4,0.001615556742817602,31.144636529582304,0.0
THAP2,0.0016153214697957475,31.13926769032535,0.0
SMIM14,0.0016153075947456061,31.1338988510684,0.0
KCTD19,0.0016146833239800771,31.128530011811446,0.0
PPP1R9B,0.0016146277611455927,31.123161172554493,0.0
PPP1R7,0.0016130546142738254,31.11779233329754,0.0
C14orf93,0.0016099015820350334,31.112423494040588,0.0
KRCC1,0.0016091725722646103,31.107054654783635,0.0
MTERFD1,0.0016084645862094924,31.10168581552668,0.0
ZNF175,0.0016077525011647781,31.096316976269726,0.0
MIER2,0.0016061605679055083,31.09094813701278,0.0
KIF4B,0.0016061023587742365,31.085579297755828,0.0
TRIM51,0.0016048083992636602,31.080210458498875,0.0
EVA1A,0.0016029615983603946,31.074841619241923,0.0
SEMA6B,0.0016011377567613026,31.06947277998497,0.0
PRSS45,0.0016000154114602463,31.064103940728018,0.0
ARHGEF35,0.0015988769170625417,31.058735101471065,0.0
CDKL3,0.0015987077571203538,31.053366262214112,0.0
FNDC4,0.0015968655130128336,31.047997422957156,0.0
SLC37A2,0.0015953825256792363,31.042628583700203,0.0
C10orf32,0.0015942884651899368,31.03725974444325,0.0
ZNF516,0.0015922019167147045,31.031890905186298,0.0
WDR31,0.0015916930775747708,31.026522065929345,0.0
COL21A1,0.0015916873673610006,31.021153226672393,0.0
ADCK2,0.0015915252928120828,31.01578438741544,0.0
FCRL4,0.0015910309833726416,31.010415548158488,0.0
PRRC1,0.001589618458189013,31.005046708901535,0.0
ZNF814,0.0015852943945432571,30.999677869644582,0.0
ZNF567,0.0015852741015995506,30.99430903038763,0.0
CLDN15,0.0015851921706582848,30.988940191130677,0.0
RP11-468E2.2,0.0015815782750101196,30.983571351873724,0.0
MCFD2,0.0015812212587233958,30.97820251261677,0.0
SCFD1,0.0015775078041970175,30.97283367335982,0.0
TEX261,0.0015768902413729458,30.967464834102863,0.0
CD58,0.0015757368461863813,30.96209599484591,0.0
OR4P4,0.0015731043959348854,30.956727155588958,0.0
OR5T3,0.0015725803261857126,30.951358316332012,0.0
TMEM175,0.0015708181987147522,30.94598947707506,0.0
KLHL32,0.0015682853628159854,30.940620637818107,0.0
OR7G1,0.0015682535084606142,30.935251798561154,0.0
CHRNB1,0.0015667114814609591,30.9298829593042,0.0
KCNRG,0.0015657907278495069,30.92451412004725,0.0
MYO16,0.0015655572242284778,30.919145280790296,0.0
LRRN2,0.0015648022297420218,30.91377644153334,0.0
TPSB2,0.001563788199194866,30.908407602276387,0.0
FAM98C,0.0015614548893070847,30.903038763019435,0.0
LACE1,0.001560251822518495,30.897669923762482,0.0
SLC7A8,0.0015597885127655964,30.89230108450553,0.0
SVOP,0.0015587705798457742,30.886932245248577,0.0
NSFL1C,0.0015572056638138137,30.881563405991624,0.0
OR2T33,0.0015567164487612392,30.87619456673467,0.0
CD248,0.0015554171707174616,30.87082572747772,0.0
TAS2R38,0.0015552389762155977,30.865456888220766,0.0
ZNF138,0.0015543308168017938,30.860088048963814,0.0
ZNF804B,0.0015529720162859033,30.85471920970686,0.0
FHDC1,0.0015512960792828268,30.84935037044991,0.0
CBLC,0.0015508539927130108,30.843981531192956,0.0
SEZ6L,0.001550324363655708,30.838612691936003,0.0
BATF3,0.0015498964356166563,30.833243852679047,0.0
C17orf67,0.00154968946450792,30.827875013422094,0.0
SLC6A13,0.001549683493301578,30.82250617416514,0.0
KIAA1407,0.0015495418681842732,30.817137334908196,0.0
YIPF3,0.0015476487338786525,30.811768495651243,0.0
CPSF6,0.0015475404680371347,30.80639965639429,0.0
CTD-2140B24.4,0.0015450422608684663,30.801030817137338,0.0
ADAM32,0.001544569673272969,30.795661977880386,0.0
IQCJ-SCHIP1,0.0015441197291032563,30.790293138623433,0.0
TBPL1,0.001542933558009036,30.78492429936648,0.0
TMEM143,0.0015395862290688267,30.779555460109524,0.0
CIZ1,0.0015381068238797518,30.77418662085257,0.0
PRPSAP1,0.0015375236324947767,30.76881778159562,0.0
RNF26,0.0015365448840353312,30.763448942338666,0.0
ATP2B3,0.001536428236176147,30.758080103081713,0.0
C6orf165,0.0015361437451726456,30.75271126382476,0.0
TRIM65,0.0015348297761241826,30.747342424567808,0.0
B4GALT4,0.0015322153327964644,30.741973585310856,0.0
MRAS,0.001530510226371138,30.736604746053903,0.0
C17orf53,0.0015279635083061624,30.73123590679695,0.0
ZBTB39,0.0015278332084192965,30.725867067539998,0.0
NGB,0.0015274122693482452,30.720498228283045,0.0
ST7L,0.0015258648653834648,30.715129389026092,0.0
ZNF777,0.0015241606132638207,30.70976054976914,0.0
KY,0.001522217443789736,30.704391710512187,0.0
RP5-1021I20.4,0.0015216042926241048,30.69902287125523,0.0
OR4D1,0.0015208111952285074,30.69365403199828,0.0
LGALS7,0.001519689506065482,30.688285192741326,0.0
MCTP2,0.0015193699811754302,30.682916353484373,0.0
H3F3C,0.0015183844373596884,30.677547514227427,0.0
TRIM58,0.001517976399137553,30.672178674970475,0.0
TMUB1,0.001515693286554046,30.666809835713522,0.0
SLC35F5,0.0015150331387831038,30.66144099645657,0.0
ZNF414,0.0015135111455045114,30.656072157199617,0.0
API5,0.0015113315514872013,30.650703317942664,0.0
ZNF438,0.0015110876912402989,30.645334478685708,0.0
TRIM39,0.0015109370373430572,30.639965639428755,0.0
CNNM2,0.001509800052890506,30.634596800171803,0.0
KDELR3,0.0015091364264236678,30.62922796091485,0.0
ZNF300,0.001508820781165932,30.623859121657897,0.0
RBM42,0.00150872581510905,30.618490282400945,0.0
SERPINB12,0.0015078203579293032,30.613121443143992,0.0
EHD2,0.0015064134258767072,30.60775260388704,0.0
ASTN2,0.0015056774610622545,30.602383764630087,0.0
INPP1,0.0015040027357277024,30.597014925373134,0.0
ANKRD54,0.0015037484860694137,30.59164608611618,0.0
VMO1,0.00150333038213875,30.58627724685923,0.0
VPS37B,0.001502385249048296,30.580908407602276,0.0
GP1BA,0.0015009425038912277,30.575539568345324,0.0
ELAVL3,0.0014996254860673102,30.57017072908837,0.0
DHRSX,0.0014962332976436292,30.564801889831415,0.0
PCDHA3,0.0014920815870214507,30.559433050574462,0.0
OR3A2,0.0014919216853466102,30.55406421131751,0.0
RUFY2,0.0014916337214187574,30.548695372060557,0.0
AFTPH,0.0014911316221298595,30.543326532803604,0.0
PIWIL3,0.001487065323218613,30.53795769354666,0.0
TGIF2-C20orf24,0.001487051929434588,30.532588854289706,0.0
TDRD3,0.0014867989494988594,30.527220015032754,0.0
SLC46A3,0.0014857625173235484,30.5218511757758,0.0
REPIN1,0.0014849790140339988,30.51648233651885,0.0
OR2A2,0.001484910129181565,30.511113497261892,0.0
OR10C1,0.0014847659328067382,30.50574465800494,0.0
SLC36A3,0.0014837498182631791,30.500375818747987,0.0
CABS1,0.0014833466030010865,30.495006979491034,0.0
WBP11,0.001483093787542219,30.48963814023408,0.0
CMPK2,0.0014829631490349646,30.48426930097713,0.0
OR10G8,0.0014827956097757508,30.478900461720176,0.0
VWA7,0.001480449784049937,30.473531622463224,0.0
MRPL53,0.0014791423119453048,30.46816278320627,0.0
KCTD2,0.0014779926182478787,30.46279394394932,0.0
CASP14,0.0014775922811210312,30.457425104692366,0.0
SPINK13,0.0014774342670610561,30.452056265435413,0.0
C12orf43,0.0014760812352794153,30.44668742617846,0.0
ZNF672,0.0014755089754732178,30.441318586921508,0.0
ARFIP2,0.0014732263217896887,30.435949747664555,0.0
ITGB6,0.001472370945452937,30.4305809084076,0.0
COL23A1,0.0014707430892586942,30.425212069150646,0.0
POLR2K,0.0014696279729295603,30.419843229893694,0.0
LYRM2,0.0014688809115006728,30.41447439063674,0.0
GSG2,0.0014677990780793296,30.40910555137979,0.0
ENPEP,0.0014676757385988042,30.403736712122836,0.0
APOBEC3H,0.0014674278134718672,30.39836787286589,0.0
LURAP1,0.0014670376381241035,30.392999033608938,0.0
EED,0.0014669402485012408,30.387630194351985,0.0
PROSER1,0.001466677158723158,30.382261355095032,0.0
OR10Q1,0.001466542601697361,30.376892515838076,0.0
PGM2L1,0.001465600617062111,30.371523676581123,0.0
TKTL1,0.0014625527705390154,30.36615483732417,0.0
KCNT1,0.0014595189939999496,30.360785998067218,0.0
OR12D2,0.0014579110973266661,30.355417158810265,0.0
LDB2,0.0014574114062397199,30.350048319553313,0.0
ZNF560,0.00145513202595065,30.34467948029636,0.0
ZNRF4,0.0014544543994049921,30.339310641039408,0.0
GAB3,0.0014534848466215807,30.333941801782455,0.0
CTIF,0.0014526864265829958,30.328572962525502,0.0
TCN1,0.001452374592054583,30.32320412326855,0.0
LILRB5,0.0014503964366453037,30.317835284011597,0.0
ZNF440,0.0014503537103735624,30.312466444754644,0.0
TMEM167B,0.0014499140248409345,30.30709760549769,0.0
CCDC67,0.0014492134891575552,30.30172876624074,0.0
PPP3CB,0.0014488507255916762,30.296359926983783,0.0
VNN3,0.00144858666341588,30.29099108772683,0.0
ZNF570,0.0014477991874065539,30.285622248469878,0.0
PNRC1,0.0014475415746641952,30.280253409212925,0.0
PRDM7,0.0014466668927463479,30.274884569955972,0.0
CLPB,0.0014462214581995303,30.26951573069902,0.0
DMKN,0.0014457633279114002,30.264146891442067,0.0
LYVE1,0.001445511241793067,30.25877805218512,0.0
GRHL1,0.0014454430930574747,30.25340921292817,0.0
CXCL3,0.0014425034381521991,30.248040373671216,0.0
SLX1A,0.0014417978503581507,30.24267153441426,0.0
TAF3,0.0014406692587634643,30.237302695157307,0.0
TTPAL,0.0014401877311355752,30.231933855900355,0.0
SPATA2L,0.0014399643548964134,30.226565016643402,0.0
DTX2,0.001439419145974417,30.22119617738645,0.0
RILP,0.0014390727651512672,30.215827338129497,0.0
ITPRIPL2,0.001438130598381411,30.210458498872544,0.0
C8G,0.0014373068733052133,30.20508965961559,0.0
CENPV,0.001436632148226011,30.19972082035864,0.0
LPHN1,0.0014353635221673545,30.194351981101686,0.0
GJB4,0.0014351800796261732,30.188983141844734,0.0
NABP1,0.0014351360582523414,30.18361430258778,0.0
UGT2B11,0.0014342769723669456,30.17824546333083,0.0
ZNF23,0.0014327869106723454,30.172876624073876,0.0
MIA2,0.001431489185252065,30.167507784816923,0.0
JDP2,0.00143138033687979,30.162138945559967,0.0
INTS8,0.001430897221711486,30.156770106303014,0.0
ZNF180,0.0014305257161900014,30.15140126704606,0.0
IGSF1,0.001429858934029118,30.14603242778911,0.0
FAM129A,0.0014281327495184039,30.140663588532156,0.0
CDKN2AIPNL,0.0014277265283260004,30.135294749275204,0.0
ZNF12,0.0014262335552583407,30.12992591001825,0.0
KIAA1191,0.001426145796940613,30.124557070761306,0.0
CYP4F2,0.001425941218321612,30.119188231504353,0.0
NRG3,0.0014256778588305854,30.1138193922474,0.0
TCTEX1D2,0.0014248532395327038,30.108450552990444,0.0
FAM57A,0.0014247496642052749,30.10308171373349,0.0
OR2M5,0.0014242838659984589,30.09771287447654,0.0
GRAMD3,0.001423364427987915,30.092344035219586,0.0
KANSL2,0.0014216426919191425,30.086975195962633,0.0
PYY,0.0014195762723310194,30.08160635670568,0.0
PRAMEF1,0.0014187428330088478,30.076237517448728,0.0
PLSCR4,0.0014158179248442448,30.070868678191776,0.0
DHDH,0.0014152548410472697,30.065499838934823,0.0
OR10AG1,0.001414866889684444,30.06013099967787,0.0
LZTS3,0.0014134095777367222,30.054762160420918,0.0
PRRT1,0.0014133215275345598,30.049393321163965,0.0
CDC42EP1,0.0014114123619369946,30.044024481907012,0.0
PKMYT1,0.0014074565099919268,30.03865564265006,0.0
ZYG11B,0.001407275225230557,30.033286803393107,0.0
FSTL4,0.0014064369285145448,30.02791796413615,0.0
NLRP4,0.0014056498886015302,30.0225491248792,0.0
IRF2BPL,0.0014043246679917084,30.017180285622246,0.0
ITGBL1,0.001404015651547278,30.011811446365293,0.0
RXFP1,0.001403932540202738,30.00644260710834,0.0
OR13C8,0.001403156621291856,30.001073767851388,0.0
OIP5,0.001401832302573258,29.995704928594435,0.0
LIPK,0.0014014238521632837,29.990336089337482,0.0
MTFR1L,0.0014010554657388299,29.984967250080537,0.0
ZBTB45,0.0014009007052658148,29.979598410823584,0.0
GTPBP8,0.0014008369240168252,29.974229571566628,0.0
DFFA,0.0013983680511991479,29.968860732309675,0.0
GABRQ,0.0013969437202297056,29.963491893052723,0.0
KRBA2,0.001392958706293823,29.95812305379577,0.0
GATSL3,0.0013924204417335594,29.952754214538817,0.0
OR2B2,0.0013904507663179025,29.947385375281865,0.0
IQCG,0.0013896253201299707,29.942016536024912,0.0
GGH,0.001389500308707089,29.93664769676796,0.0
C9orf142,0.0013890581927205185,29.931278857511007,0.0
SYTL2,0.0013889122128324008,29.925910018254054,0.0
C2orf16,0.0013888041640911148,29.9205411789971,0.0
C2orf68,0.0013884740697953563,29.91517233974015,0.0
ZCCHC7,0.0013850795650639243,29.909803500483196,0.0
MARCH6,0.0013849926807645969,29.904434661226244,0.0
RASL11B,0.0013835311214971712,29.89906582196929,0.0
ZNF17,0.0013833745841005476,29.893696982712335,0.0
SLC37A1,0.0013831026451156976,29.888328143455382,0.0
GNRH2,0.0013828087920432085,29.88295930419843,0.0
PPAP2C,0.0013820752487852367,29.877590464941477,0.0
HCFC1R1,0.0013815241356276993,29.872221625684524,0.0
CDKN2AIP,0.0013803871245175142,29.86685278642757,0.0
ZBED4,0.0013800680540341887,29.86148394717062,0.0
ZNF596,0.0013800242470241861,29.856115107913666,0.0
LIME1,0.0013800152212399323,29.850746268656714,0.0
UBE2S,0.0013775686458302482,29.84537742939977,0.0
NOD1,0.001376599183672084,29.840008590142812,0.0
SLITRK5,0.0013755499360906015,29.83463975088586,0.0
GDF15,0.0013749621298221645,29.829270911628907,0.0
LIPE,0.0013748714168851936,29.823902072371954,0.0
RRP36,0.0013746855026408387,29.818533233115,0.0
DNASE1L3,0.0013744303638531757,29.81316439385805,0.0
FAM122A,0.0013741356191611677,29.807795554601096,0.0
CHKB-CPT1B,0.0013736917649163876,29.802426715344144,0.0
DUSP14,0.001371347899840804,29.79705787608719,0.0
LRRC1,0.0013704810416949884,29.79168903683024,0.0
OR2T34,0.0013674748756126005,29.786320197573286,0.0
MCF2L2,0.0013672095453433962,29.780951358316333,0.0
EFCAB2,0.0013668860541468666,29.77558251905938,0.0
MRPL34,0.0013662704933413425,29.770213679802428,0.0
ANKRD34A,0.0013646838503839286,29.764844840545475,0.0
C19orf57,0.001362532035137882,29.75947600128852,0.0
SPATA22,0.0013620922318790924,29.754107162031566,0.0
RASSF3,0.001360898441077498,29.748738322774614,0.0
NEFH,0.0013605716315663113,29.74336948351766,0.0
TAF7L,0.001360500569934454,29.73800064426071,0.0
PHF8,0.0013596451529945017,29.732631805003756,0.0
MRPL49,0.0013594199313146232,29.727262965746803,0.0
BHMT2,0.0013590820821691952,29.72189412648985,0.0
RABL6,0.0013589887661404573,29.716525287232898,0.0
CLEC17A,0.0013568899859972455,29.711156447975945,0.0
OR56A1,0.0013563806039917077,29.705787608718996,0.0
ZNF565,0.0013561407769430173,29.700418769462043,0.0
CCDC34,0.0013545971953720106,29.69504993020509,0.0
COMMD5,0.0013535628391170714,29.689681090948138,0.0
GPR37,0.001352304213574781,29.684312251691185,0.0
SYT3,0.0013506995218986488,29.678943412434233,0.0
KIAA0907,0.0013506792132558201,29.67357457317728,0.0
OR7A5,0.0013492079371854667,29.668205733920328,0.0
PCGF3,0.0013475440289439245,29.662836894663375,0.0
TMEM204,0.0013460791408612303,29.657468055406422,0.0
TMEM104,0.0013456964741176969,29.65209921614947,0.0
ZSCAN20,0.001344384251562047,29.646730376892517,0.0
NRBF2,0.0013436385402176988,29.641361537635564,0.0
SERPINB4,0.0013436237566032882,29.63599269837861,0.0
DYNC1LI2,0.0013406699435107685,29.63062385912166,0.0
RALBP1,0.0013405322754064194,29.625255019864703,0.0
SEMA6D,0.0013401481452879574,29.61988618060775,0.0
TRIM41,0.001337372089573088,29.614517341350798,0.0
SGK2,0.0013368575445824604,29.609148502093845,0.0
FEZF2,0.0013362315299422555,29.603779662836892,0.0
SGK494,0.0013353302480971362,29.59841082357994,0.0
SLC16A7,0.0013349949339778856,29.593041984322987,0.0
AMMECR1,0.0013348232591245748,29.587673145066034,0.0
LHPP,0.0013348192837397896,29.58230430580908,0.0
PGLYRP1,0.0013339769659221645,29.57693546655213,0.0
RNF11,0.001333545337785715,29.571566627295176,0.0
ZNF251,0.0013333600843365861,29.566197788038227,0.0
CDCA2,0.0013303989158585756,29.560828948781275,0.0
PCDHB10,0.0013301745133634734,29.555460109524322,0.0
ARPC1A,0.0013301409195304933,29.55009127026737,0.0
SPOCD1,0.0013281539029927794,29.544722431010417,0.0
ADAM8,0.001327018757359315,29.539353591753464,0.0
C1orf168,0.0013267865156055196,29.53398475249651,0.0
TSNAX,0.0013267558207687873,29.52861591323956,0.0
NUDCD1,0.0013260628017403545,29.523247073982606,0.0
C1orf198,0.0013245251286818046,29.517878234725654,0.0
EPHA1,0.0013232608582184671,29.5125093954687,0.0
CPN1,0.0013223240157810082,29.50714055621175,0.0
ANKRD10,0.0013223136078850451,29.501771716954796,0.0
LRRC20,0.0013219443385098035,29.496402877697843,0.0
CCDC64B,0.0013212423524818187,29.491034038440887,0.0
PPM1J,0.0013212235288543503,29.485665199183934,0.0
PRMT8,0.0013206351748117021,29.48029635992698,0.0
BPIFC,0.0013199313822029254,29.47492752067003,0.0
RP11-512M8.5,0.0013175436943737098,29.469558681413076,0.0
EPPIN,0.0013171097462845002,29.464189842156124,0.0
MAPK1IP1L,0.0013162831930651406,29.45882100289917,0.0
FAM212A,0.001315420510738605,29.45345216364222,0.0
OR2AG2,0.0013132684727745105,29.448083324385266,0.0
OR6C65,0.0013129857452902787,29.442714485128313,0.0
FAM200A,0.0013127566390459342,29.43734564587136,0.0
ZNF764,0.0013123151246809358,29.43197680661441,0.0
PSMB1,0.001310734093166154,29.42660796735746,0.0
C8orf44-SGK3,0.0013106240629379045,29.421239128100506,0.0
C1RL,0.001310101860630904,29.415870288843553,0.0
SYN3,0.001308719044540188,29.4105014495866,0.0
MED18,0.0013079091516097058,29.405132610329648,0.0
PRKD2,0.0013068545672537042,29.399763771072696,0.0
ABHD8,0.0013055076077334595,29.394394931815743,0.0
FXYD7,0.0013054483654876266,29.38902609255879,0.0
TMEM101,0.001305320483409333,29.383657253301838,0.0
FBXW2,0.0013008292980866434,29.378288414044885,0.0
CENPK,0.0013006088750369571,29.372919574787932,0.0
STYK1,0.0012993233288068479,29.36755073553098,0.0
CTLA4,0.0012987640915535464,29.362181896274027,0.0
TRIM15,0.0012983910156459133,29.35681305701707,0.0
C16orf89,0.0012964727054994337,29.35144421776012,0.0
ENHO,0.0012963757307867837,29.346075378503166,0.0
PHTF2,0.001295702916763673,29.340706539246213,0.0
USP44,0.001294708911283035,29.33533769998926,0.0
WDR89,0.001294298060784541,29.329968860732308,0.0
ZNF354B,0.0012931573078941978,29.324600021475355,0.0
KHDRBS3,0.0012928495772004207,29.319231182218402,0.0
ZNF117,0.0012925782163762476,29.31386234296145,0.0
DGKB,0.0012918615427261187,29.308493503704497,0.0
OR2T3,0.0012904092459244318,29.303124664447544,0.0
SPECC1L-ADORA2A,0.0012896169867646589,29.297755825190592,0.0
OR5AP2,0.0012893014963840706,29.292386985933643,0.0
CD37,0.0012888188301466486,29.28701814667669,0.0
SPSB2,0.0012857304404605813,29.281649307419737,0.0
ZNF691,0.0012845520756330226,29.276280468162785,0.0
SYNCRIP,0.001284156177055506,29.270911628905832,0.0
LRP11,0.0012836917350467839,29.26554278964888,0.0
AKR1CL1,0.0012831350799191524,29.260173950391927,0.0
CENPW,0.001280685342926922,29.254805111134974,0.0
OR5T1,0.0012802252094245815,29.24943627187802,0.0
PHF17,0.0012793938778256158,29.24406743262107,0.0
CCDC112,0.0012791007322691722,29.238698593364116,0.0
KIAA1199,0.0012784091915006254,29.233329754107164,0.0
MGAT5B,0.0012772454483657883,29.22796091485021,0.0
KIAA0930,0.0012771154242790634,29.222592075593255,0.0
TACR3,0.0012770483338412728,29.217223236336302,0.0
PRSS16,0.0012763263370151753,29.21185439707935,0.0
RGS17,0.0012754879955571724,29.206485557822397,0.0
SETMAR,0.0012749566504766773,29.201116718565444,0.0
PRAME,0.0012745089223562076,29.19574787930849,0.0
FCHO1,0.001273594495819563,29.19037904005154,0.0
PPM1L,0.0012729671092526762,29.185010200794586,0.0
ZNF253,0.0012725402150467505,29.179641361537634,0.0
SEP15,0.0012705736392940978,29.17427252228068,0.0
RALGPS1,0.0012700260837970108,29.16890368302373,0.0
RBM41,0.0012690673893631377,29.163534843766776,0.0
OR4K17,0.0012686732838205156,29.158166004509823,0.0
RBM4,0.001268558177185676,29.152797165252874,0.0
KLRC4,0.0012681023133059542,29.14742832599592,0.0
FAM120C,0.0012678453716812273,29.14205948673897,0.0
MYNN,0.0012678008286234079,29.136690647482016,0.0
PRPF4,0.0012665274183100489,29.131321808225064,1.0
PCDHGA10,0.0012663020065378935,29.12595296896811,0.0
LINS,0.0012662755659166385,29.12058412971116,0.0
ZNF131,0.0012642168593119452,29.115215290454206,0.0
ZNF697,0.0012639254291270303,29.109846451197253,0.0
OR8H3,0.0012634019084484583,29.1044776119403,0.0
LAPTM5,0.001263186471950349,29.099108772683348,0.0
SLC44A1,0.0012631380219884868,29.093739933426395,0.0
HLF,0.0012628292293784431,29.08837109416944,0.0
NXPH2,0.0012621235293829743,29.083002254912486,0.0
PICK1,0.0012619434195155468,29.077633415655534,0.0
NPVF,0.0012614922168796721,29.07226457639858,0.0
KCNK10,0.001259967935354304,29.06689573714163,0.0
SLC9A2,0.0012592475741168298,29.061526897884676,0.0
HES4,0.0012576466174045,29.056158058627723,0.0
SLC16A6,0.00125534486106764,29.05078921937077,0.0
GLTSCR1,0.001255032608406487,29.045420380113818,0.0
SRMS,0.0012544719360437812,29.040051540856865,0.0
ADC,0.0012526859507731296,29.034682701599912,0.0
TFF1,0.0012526421481910805,29.02931386234296,0.0
ZNF146,0.0012510890092730569,29.023945023086007,0.0
OR2AK2,0.0012509380035084388,29.018576183829055,0.0
SNCAIP,0.0012508403726109716,29.013207344572105,0.0
CACUL1,0.0012497572912848949,29.007838505315153,0.0
B4GALNT2,0.0012466101962241758,29.0024696660582,0.0
PLCH1,0.001244170676306199,28.997100826801248,0.0
PYHIN1,0.001244125574585361,28.991731987544295,0.0
SCRG1,0.001241417534376918,28.986363148287342,0.0
CHURC1-FNTB,0.0012411433224496116,28.98099430903039,0.0
ZNF425,0.0012393037055712845,28.975625469773437,0.0
LDOC1L,0.0012376958978464012,28.970256630516484,0.0
HEMK1,0.001237688894412506,28.96488779125953,0.0
C10orf11,0.0012365584565694249,28.95951895200258,0.0
CCDC17,0.0012347652045357734,28.954150112745623,0.0
FBXO24,0.0012346363357778687,28.94878127348867,0.0
PCSK4,0.0012340477941377081,28.943412434231718,0.0
AMIGO3,0.0012339655825050575,28.938043594974765,0.0
CREB3L1,0.0012338714202364304,28.932674755717812,0.0
NUDT17,0.0012334880904544077,28.92730591646086,0.0
ZNF433,0.0012327834292712846,28.921937077203907,0.0
SYNGR2,0.0012311128148173736,28.916568237946954,0.0
IP6K3,0.0012310170885526828,28.91119939869,0.0
MRPL35,0.0012307535354233313,28.90583055943305,0.0
GNRH1,0.0012296062653596972,28.900461720176096,0.0
MAATS1,0.001228730948632358,28.895092880919144,0.0
ATCAY,0.0012286006080965872,28.88972404166219,0.0
HEATR3,0.0012260356117702329,28.88435520240524,0.0
ZDHHC21,0.0012245627155506146,28.878986363148286,0.0
COL20A1,0.0012241774847413576,28.873617523891337,0.0
SIGLEC6,0.0012237240480365871,28.868248684634384,0.0
CYP2D6,0.0012235034511233437,28.86287984537743,0.0
CDS1,0.0012220176174310544,28.85751100612048,0.0
GSG1,0.0012218546841365667,28.852142166863526,0.0
KIAA1210,0.0012214247594227487,28.846773327606574,0.0
ANKRD35,0.0012206177911840068,28.84140448834962,0.0
C12orf45,0.0012191313487911171,28.83603564909267,0.0
ZNF19,0.0012179433601700567,28.830666809835716,0.0
TSPYL5,0.00121768721043451,28.825297970578763,0.0
RLN3,0.001217565174094208,28.819929131321807,0.0
TTC23,0.0012174851086681798,28.814560292064854,0.0
TMCC2,0.0012164723620776091,28.8091914528079,0.0
SULT1C3,0.0012147100707989259,28.80382261355095,0.0
ZDHHC2,0.0012144636110204342,28.798453774293996,0.0
P2RY8,0.0012144406378017628,28.793084935037044,0.0
FBLN7,0.0012137990430214265,28.78771609578009,0.0
SOCS2,0.0012135216692991438,28.78234725652314,0.0
CDV3,0.0012131769525222322,28.776978417266186,0.0
FAM53A,0.0012127625600398318,28.771609578009233,0.0
HCRTR2,0.0012121945147388754,28.76624073875228,0.0
GANC,0.001211262318338067,28.760871899495328,0.0
CTTNBP2NL,0.0012106212393600344,28.755503060238375,0.0
CYP3A4,0.0012101757936902398,28.750134220981423,0.0
UCK1,0.0012084121308729727,28.74476538172447,0.0
KCNA4,0.001207901604788192,28.73939654246752,0.0
FUCA1,0.001206481539002754,28.734027703210568,0.0
TJP3,0.0012058331109649806,28.728658863953616,0.0
TCEAL2,0.0012057735010874036,28.723290024696663,0.0
LENG9,0.0012056834295398565,28.71792118543971,0.0
TEX12,0.0012055626473883928,28.712552346182758,0.0
FAM222A,0.0012053569588757324,28.707183506925805,0.0
SGPP2,0.0012047224718211944,28.701814667668852,0.0
PRADC1,0.0012033152698491365,28.6964458284119,0.0
PYCARD,0.001203199386884204,28.691076989154947,0.0
SLC35F3,0.001202482642905892,28.68570814989799,0.0
LIPM,0.0012015711009255928,28.68033931064104,0.0
ZNF587,0.0011978244973695823,28.674970471384086,0.0
PRPF38A,0.0011954131031983966,28.669601632127133,0.0
IFNA5,0.0011946838729509715,28.66423279287018,0.0
BACH2,0.0011936273265220675,28.658863953613228,0.0
GPAT2,0.0011935722193242566,28.653495114356275,0.0
CAPN13,0.0011931114362428619,28.648126275099322,0.0
ZNF555,0.0011920622818223734,28.64275743584237,0.0
ENTPD3,0.0011914962846389329,28.637388596585417,0.0
ZNF687,0.0011910458388315493,28.632019757328464,0.0
ZNF212,0.0011878859277351017,28.626650918071512,0.0
FAHD2A,0.0011852385396836933,28.62128207881456,0.0
ZNF821,0.0011845865535201694,28.615913239557607,0.0
STX6,0.0011841354856555713,28.610544400300654,0.0
ZBTB22,0.0011840479769235535,28.6051755610437,0.0
ZNF600,0.0011834273822695118,28.599806721786752,0.0
RSC1A1,0.0011829716681830194,28.5944378825298,0.0
CAMKMT,0.0011819135383036507,28.589069043272847,0.0
PUSL1,0.0011811765612749876,28.583700204015894,0.0
MROH6,0.0011802317079985356,28.57833136475894,0.0
GPR176,0.0011797808127408044,28.57296252550199,0.0
DYRK2,0.0011796984471619226,28.567593686245036,0.0
TMLHE,0.0011796547955196623,28.562224846988084,0.0
P2RY11,0.0011777238526869147,28.55685600773113,0.0
TMEM74B,0.0011774801246425318,28.551487168474175,0.0
IFNL2,0.0011763835413832523,28.546118329217222,0.0
GRP,0.001176033351886883,28.54074948996027,0.0
OR51G2,0.00117572997351423,28.535380650703317,0.0
TAOK1,0.0011755066014812608,28.530011811446364,0.0
CXorf67,0.0011750651979513028,28.52464297218941,0.0
RASL12,0.0011744074383678283,28.51927413293246,0.0
LYRM4,0.001174210512427672,28.513905293675506,0.0
SLC35F1,0.0011736761351648659,28.508536454418554,0.0
IKBKE,0.0011725561219252413,28.5031676151616,0.0
ACKR2,0.0011724676444644117,28.49779877590465,0.0
RP11-371E8.4,0.0011719475859759824,28.492429936647696,0.0
SMN2,0.0011706487972725469,28.487061097390743,0.0
ZNF574,0.001170565814746995,28.48169225813379,0.0
FAM101A,0.001170448959188638,28.476323418876838,0.0
GORASP2,0.001166528316870703,28.470954579619885,0.0
TOMM40L,0.0011658541680318378,28.465585740362933,0.0
ZNF510,0.0011657742223961471,28.460216901105984,0.0
LNP1,0.0011648196333091873,28.45484806184903,0.0
ZNF836,0.0011643905524105172,28.44947922259208,0.0
IQCF1,0.0011634152936097447,28.444110383335126,0.0
OR4A47,0.0011632718757791905,28.438741544078173,0.0
LRP12,0.0011611795663290724,28.43337270482122,0.0
METAP1,0.001160688752384085,28.428003865564268,0.0
GAS2,0.0011600770584020458,28.422635026307315,0.0
HRG,0.0011595668861668004,28.41726618705036,0.0
STAP1,0.0011594334031636148,28.411897347793406,0.0
TMCO4,0.0011590770715313458,28.406528508536454,0.0
SLC45A1,0.0011585178146515523,28.4011596692795,0.0
SH3BGR,0.001157773960705411,28.39579083002255,0.0
SCGB2A1,0.0011563056932971268,28.390421990765596,0.0
ZFP69,0.0011554134662736793,28.385053151508643,0.0
MROH7-TTC4,0.0011551773809699037,28.37968431225169,0.0
AKIP1,0.001154886387825195,28.374315472994738,0.0
MRPL55,0.0011535066837011145,28.368946633737785,0.0
TSPAN13,0.0011534515759407343,28.363577794480832,0.0
ZNF444,0.0011530313619803477,28.35820895522388,0.0
VAMP4,0.0011519667430380958,28.352840115966927,0.0
GABPB2,0.0011513859379931257,28.347471276709975,0.0
MTMR8,0.001149477990363659,28.342102437453022,0.0
PCDHGA1,0.001147023248627855,28.33673359819607,0.0
PSKH2,0.001146211903945305,28.331364758939117,0.0
CNKSR3,0.0011462094745741708,28.32599591968216,0.0
HAO2,0.0011460734492790134,28.320627080425215,0.0
MSANTD3,0.0011460247137304938,28.315258241168262,0.0
KIAA1522,0.0011455712677382874,28.30988940191131,0.0
LMO1,0.001145373160193363,28.304520562654357,0.0
ATP6V0D2,0.001144838080374999,28.299151723397404,0.0
CLIC2,0.0011442871481694046,28.29378288414045,0.0
OR11G2,0.0011422134573679176,28.2884140448835,0.0
EIF4E,0.0011421176142225981,28.283045205626543,0.0
LAYN,0.0011412323624847912,28.27767636636959,0.0
PLEKHO2,0.0011407809112429,28.272307527112638,0.0
COL22A1,0.0011399587709166339,28.266938687855685,0.0
CCDC171,0.001139604014584058,28.261569848598732,0.0
TMEM206,0.0011390535182484566,28.25620100934178,0.0
EXOC3L2,0.00113902426896868,28.250832170084827,0.0
H1FX,0.0011389412318493425,28.245463330827874,0.0
DDHD1,0.0011385543701027154,28.24009449157092,0.0
SEC14L6,0.0011384630327245493,28.23472565231397,0.0
FGF5,0.0011382343749354298,28.229356813057016,0.0
LONRF2,0.0011379508174224331,28.223987973800064,0.0
IRGQ,0.0011374830595788073,28.21861913454311,0.0
LYNX1,0.001137381727523118,28.21325029528616,0.0
RHOF,0.001135428148615689,28.207881456029206,0.0
TMEM134,0.0011347492381560262,28.202512616772253,0.0
MRPL9,0.0011328578805044117,28.1971437775153,0.0
ANKRD46,0.0011316682418703616,28.191774938258344,0.0
GTPBP10,0.001131079863601982,28.186406099001392,0.0
CLSTN2,0.0011299221159897543,28.181037259744446,0.0
ZNF34,0.0011296952457331456,28.175668420487494,0.0
MARCH8,0.001129479332141024,28.17029958123054,0.0
ARHGAP30,0.0011276913873137714,28.16493074197359,0.0
ACTBL2,0.0011269249117060991,28.159561902716636,0.0
FAM213A,0.001125889913980329,28.154193063459683,0.0
RPF1,0.0011257672831353352,28.148824224202727,0.0
SLC22A2,0.0011239955591389901,28.143455384945774,0.0
OR3A3,0.0011228876956888856,28.13808654568882,0.0
TST,0.001122862831283189,28.13271770643187,0.0
SLC5A9,0.001122634732586484,28.127348867174916,0.0
ICOS,0.0011201511502683071,28.121980027917964,0.0
AHCYL2,0.0011171173941163226,28.11661118866101,0.0
ZNRF2,0.0011169229632375542,28.11124234940406,0.0
ZNF133,0.0011167450948287314,28.105873510147106,0.0
ATP8B3,0.001116625761245521,28.100504670890153,0.0
LRRC36,0.0011160122868384059,28.0951358316332,0.0
SLC39A12,0.0011158988743442534,28.089766992376248,0.0
LRRC4B,0.0011154538803232938,28.084398153119295,0.0
BZW2,0.0011142021623984292,28.079029313862343,0.0
TMED7,0.0011122358792561892,28.07366047460539,0.0
SCGB1D2,0.0011109904381757648,28.068291635348437,0.0
PRAMEF10,0.0011097674806046071,28.062922796091485,0.0
RPP25,0.001109592606051775,28.05755395683453,0.0
TMEM99,0.001109139116286748,28.052185117577576,0.0
ATXN7L2,0.0011078219773552587,28.04681627832063,0.0
SLC6A16,0.0011069129889069065,28.041447439063678,0.0
ZNF606,0.001106394097862386,28.036078599806725,0.0
OR5F1,0.0011046636287272977,28.030709760549772,0.0
FUT9,0.0011046540328842507,28.02534092129282,0.0
PIM3,0.0011045335339855973,28.019972082035867,0.0
OR4C11,0.0011043761299915124,28.01460324277891,0.0
ARID5A,0.0011025134237297577,28.00923440352196,0.0
FAM109B,0.0011021592854887575,28.003865564265006,0.0
OR7G2,0.0011016279896223734,27.998496725008053,0.0
ANKRD37,0.0011015856431180093,27.9931278857511,0.0
GLCCI1,0.001099975745481568,27.987759046494148,0.0
ZNF506,0.0010994580788142808,27.982390207237195,0.0
AVPR1A,0.001099138082813564,27.977021367980242,0.0
PCDHGA11,0.0010965544694599174,27.97165252872329,0.0
CYP4F22,0.0010957590333093925,27.966283689466337,0.0
ZNF808,0.0010947754209366645,27.960914850209384,0.0
ZNF791,0.0010936215788663803,27.955546010952432,0.0
MC4R,0.001093425385170805,27.95017717169548,0.0
TTC39B,0.0010933798942877233,27.944808332438527,0.0
DIEXF,0.0010921694106938065,27.939439493181574,0.0
THAP3,0.0010920964226859404,27.93407065392462,0.0
CWC25,0.0010918975938991608,27.92870181466767,0.0
FSTL3,0.0010914260053316706,27.923332975410712,0.0
ST3GAL1,0.0010912721754005473,27.91796413615376,0.0
B3GNT8,0.0010910772487330706,27.912595296896807,0.0
PPIP5K1,0.001090777527599985,27.90722645763986,0.0
RNF126,0.0010902687751831626,27.90185761838291,0.0
OR2J2,0.0010894967599791347,27.896488779125956,0.0
UBE2U,0.0010882965173893745,27.891119939869004,0.0
MAGIX,0.0010862111678891094,27.88575110061205,0.0
TBC1D3F,0.0010850731118301942,27.880382261355095,0.0
KLHL28,0.0010840048422068932,27.875013422098142,0.0
SLC12A8,0.001083571878129069,27.86964458284119,0.0
ZNF107,0.0010829217060374214,27.864275743584237,0.0
P2RY6,0.0010827797149115907,27.858906904327284,0.0
COA6,0.0010825146934127137,27.85353806507033,0.0
ZSCAN30,0.001082128794009116,27.84816922581338,0.0
OLFM4,0.0010813156470876818,27.842800386556426,0.0
IQCJ,0.0010808906585085313,27.837431547299474,0.0
CEL,0.0010808447582493254,27.83206270804252,0.0
SELM,0.0010801547258555253,27.82669386878557,0.0
FXYD2,0.001079634128988731,27.821325029528616,0.0
HOXC11,0.0010792124910973151,27.815956190271663,0.0
CH17-132F21.1,0.0010785842237632588,27.81058735101471,0.0
PLA2G4F,0.0010769602960130505,27.805218511757758,0.0
ZNF446,0.001076896897005954,27.799849672500805,0.0
ABHD17B,0.0010763505509673523,27.794480833243853,0.0
SENP3,0.0010747352507610968,27.789111993986896,0.0
MAP3K10,0.0010744672387292885,27.783743154729944,0.0
CMC4,0.001074324397494094,27.77837431547299,0.0
PKDREJ,0.0010738575464183456,27.77300547621604,0.0
DEDD,0.0010738120894653324,27.767636636959093,0.0
SYN1,0.0010720226132865265,27.76226779770214,0.0
OR2V1,0.0010719384475645518,27.756898958445188,0.0
AFP,0.001071349100288851,27.751530119188235,0.0
PAPPA,0.0010698488534287903,27.74616127993128,0.0
FOXRED2,0.0010694730168544068,27.740792440674326,0.0
ZFYVE27,0.0010689686582765205,27.735423601417374,0.0
FBXW10,0.001068748710974076,27.73005476216042,0.0
PDGFRL,0.0010682192061150235,27.72468592290347,0.0
PHF7,0.0010674749567315621,27.719317083646516,0.0
SLC44A4,0.0010667650442118118,27.713948244389563,0.0
ZNF682,0.0010665407127663285,27.70857940513261,0.0
WDR83OS,0.0010665119508644655,27.703210565875658,0.0
ZNF93,0.0010661924881062335,27.697841726618705,0.0
GNMT,0.0010657755778968807,27.692472887361752,0.0
SHISA4,0.0010641799810628323,27.6871040481048,0.0
DQX1,0.0010639030235813272,27.681735208847847,0.0
PRAMEF2,0.0010636457750284414,27.676366369590895,0.0
FMO4,0.0010624829973814416,27.670997530333942,0.0
CCDC19,0.0010619051067703813,27.66562869107699,0.0
MST1,0.0010618535578103432,27.660259851820037,0.0
CCR4,0.0010617632061778067,27.65489101256308,0.0
OR52I1,0.0010613305931596604,27.649522173306128,0.0
ADTRP,0.0010607882016934703,27.644153334049175,0.0
PSORS1C1,0.0010604453114910774,27.638784494792223,0.0
MAPRE3,0.0010603864375555959,27.63341565553527,0.0
SEC62,0.0010601925664643192,27.628046816278324,0.0
H1FNT,0.0010584204295775554,27.62267797702137,0.0
PRAM1,0.0010581694741853098,27.61730913776442,0.0
SCOC,0.0010578536499872462,27.611940298507463,0.0
ZCCHC24,0.0010569963311430346,27.60657145925051,0.0
SELK,0.0010566462670478808,27.601202619993558,0.0
BTBD16,0.0010561099794513522,27.595833780736605,0.0
ZNF763,0.0010557769096117464,27.590464941479652,0.0
TRAF3IP3,0.0010553500553705565,27.5850961022227,0.0
MAFF,0.0010548322500296171,27.579727262965747,0.0
DPEP2,0.0010547680186658683,27.574358423708794,0.0
ZNF490,0.001054578994643568,27.568989584451842,0.0
DLGAP3,0.0010542440387298047,27.56362074519489,0.0
GAL3ST4,0.0010541570150820506,27.558251905937936,0.0
PLEKHF2,0.0010538752221891641,27.552883066680984,0.0
GPR21,0.0010535782982391971,27.54751422742403,0.0
GCNT4,0.0010535121879806273,27.54214538816708,0.0
C10orf68,0.0010532442716030801,27.536776548910126,0.0
PTGES3L-AARSD1,0.0010523389460619574,27.531407709653173,0.0
CGRRF1,0.001052159275684011,27.52603887039622,0.0
GXYLT2,0.0010519335893941887,27.520670031139264,0.0
STX1B,0.0010512465182941494,27.515301191882312,0.0
ZNF358,0.00105062259688072,27.50993235262536,0.0
GRIK3,0.0010495788935427671,27.504563513368407,0.0
CDX1,0.0010477792819391324,27.499194674111454,0.0
MYCBP,0.0010466802373401978,27.4938258348545,0.0
STEAP4,0.0010462620404205058,27.488456995597556,0.0
DEDD2,0.0010455993769513026,27.483088156340603,0.0
PSMD6,0.0010445750573229782,27.477719317083647,0.0
ASB2,0.0010442267297842375,27.472350477826694,0.0
GIMAP2,0.001044203772333764,27.46698163856974,0.0
PCDHGA7,0.0010425276808270823,27.46161279931279,0.0
TATDN3,0.0010416169687061092,27.456243960055836,0.0
NUDT16,0.0010413149731393052,27.450875120798884,0.0
ZKSCAN1,0.0010395543397901015,27.44550628154193,0.0
AKAP7,0.001039084302085799,27.44013744228498,0.0
MAMDC4,0.0010388692458357378,27.434768603028026,0.0
DRC1,0.0010381019108916243,27.429399763771073,0.0
OR4K15,0.0010378147864890178,27.42403092451412,0.0
SPATA31A7,0.0010357051437851791,27.418662085257168,0.0
PCDHB13,0.001035074526174383,27.413293246000215,0.0
CHST2,0.0010341531656657085,27.407924406743263,0.0
FAM117A,0.001034106366156375,27.40255556748631,0.0
TBXA2R,0.0010338557665463234,27.397186728229357,0.0
SYCN,0.0010333413817691715,27.391817888972405,0.0
OR4C46,0.001033013599433682,27.38644904971545,0.0
MRPL36,0.001032772144102046,27.381080210458496,0.0
UBE2F-SCLY,0.0010325645826925157,27.375711371201543,0.0
RIN1,0.0010321161272830754,27.37034253194459,0.0
OR2J3,0.0010317581407639244,27.364973692687638,0.0
ARHGEF37,0.001031403430787511,27.359604853430685,0.0
NANOS1,0.0010313926283337183,27.35423601417374,0.0
MMP1,0.0010313685467043358,27.348867174916787,0.0
CALB2,0.0010309497614394,27.34349833565983,0.0
CCDC127,0.0010306725437502508,27.33812949640288,0.0
RWDD2A,0.001030120688992294,27.332760657145926,0.0
PARP8,0.0010299632490118774,27.327391817888973,0.0
ST6GAL1,0.001029877017315917,27.32202297863202,0.0
FOXO6,0.0010295473507027865,27.316654139375068,0.0
ENPP4,0.0010280163067970204,27.311285300118115,0.0
CENPP,0.001027287617359595,27.305916460861162,0.0
ZNF417,0.0010272559861908136,27.30054762160421,0.0
SOGA1,0.00102610350354982,27.295178782347257,0.0
CHAC2,0.001025872550482842,27.289809943090305,0.0
KRTAP10-3,0.0010251866813662754,27.284441103833352,0.0
APOPT1,0.0010246682991299052,27.2790722645764,1.0
ZNF880,0.0010243553108389663,27.273703425319447,0.0
C8B,0.0010238646423098635,27.268334586062494,0.0
KCNG1,0.0010233438779930985,27.26296574680554,0.0
SMR3A,0.0010225637827045587,27.25759690754859,0.0
MRPL48,0.0010221532401851218,27.252228068291632,0.0
IGFBP1,0.0010221271642015264,27.24685922903468,0.0
ZNF257,0.0010219982892709083,27.241490389777727,0.0
ZNF879,0.0010214172181152576,27.236121550520775,0.0
CLEC3B,0.0010213734911477695,27.230752711263822,0.0
CPLX2,0.0010209763175597574,27.22538387200687,0.0
ZC3H3,0.0010206818325033114,27.220015032749917,0.0
C17orf58,0.0010198441492435715,27.21464619349297,0.0
COLEC10,0.0010197113245505385,27.209277354236015,0.0
OR1J4,0.0010190527235045108,27.203908514979062,0.0
YIPF4,0.0010185045594672992,27.19853967572211,0.0
TRABD,0.001017511406225771,27.193170836465157,0.0
DIAPH2,0.0010172472383069542,27.187801997208204,0.0
FBXL7,0.0010172444031469926,27.18243315795125,0.0
ETNK1,0.0010172337488549578,27.1770643186943,0.0
ZNF629,0.0010147587949770104,27.171695479437346,0.0
UPK3A,0.0010147026808876574,27.166326640180394,0.0
ALKBH3,0.0010139595970166358,27.16095780092344,0.0
ACP6,0.001013599906587338,27.15558896166649,0.0
GOLGA8R,0.0010125180612546075,27.150220122409536,0.0
TYW5,0.0010123973483535218,27.144851283152583,0.0
DCDC1,0.0010115296128902062,27.13948244389563,0.0
SYNDIG1,0.0010101627058895237,27.134113604638678,0.0
ZNF699,0.0010085734892979709,27.128744765381725,0.0
C7orf60,0.0010083418445666018,27.123375926124773,0.0
STRC,0.0010070671339388094,27.118007086867816,0.0
ANO4,0.0010066511387747349,27.112638247610864,0.0
PON1,0.0010057015596565213,27.10726940835391,0.0
CTC-432M15.3,0.001005598307120256,27.10190056909696,0.0
OR51F2,0.0010051677529826536,27.096531729840006,0.0
G6PC2,0.0010051160967053494,27.091162890583053,0.0
METRNL,0.0010050652620061733,27.0857940513261,0.0
LRRC41,0.0010043958836221745,27.080425212069148,0.0
POMZP3,0.0010020394903923857,27.0750563728122,0.0
GBP1,0.001001467403245013,27.069687533555246,0.0
TOLLIP,0.0009995499513322512,27.064318694298294,0.0
CYP21A2,0.0009991052789099849,27.05894985504134,0.0
MSH5-SAPCD1,0.0009981762773046707,27.05358101578439,0.0
OR6S1,0.0009980383887564143,27.048212176527436,0.0
ZNF324B,0.0009974238096883963,27.042843337270483,0.0
OMA1,0.0009974110604377311,27.03747449801353,0.0
UTS2,0.000997351410536567,27.032105658756578,0.0
RNF207,0.0009967682343391768,27.026736819499625,0.0
ZFP28,0.000996071412159408,27.021367980242673,0.0
ZCCHC9,0.0009960302764099572,27.01599914098572,0.0
OR7D2,0.0009953525506261494,27.010630301728767,0.0
ZNF670,0.0009952121721411248,27.005261462471815,0.0
PSMB5,0.000995191768411822,26.999892623214862,0.0
WNK4,0.0009951230627405032,26.99452378395791,0.0
PRDM12,0.0009935565256971512,26.989154944700957,0.0
BUD31,0.0009932738044216827,26.983786105444,0.0
AKIRIN1,0.000993006117313296,26.978417266187048,0.0
WDR88,0.000992830334772175,26.973048426930095,0.0
NSG2,0.0009923613818986804,26.967679587673143,0.0
FOXR2,0.0009904447472340353,26.96231074841619,0.0
ARMC1,0.0009900525586805271,26.956941909159237,0.0
TRIB3,0.0009891881023340273,26.951573069902285,0.0
L3MBTL4,0.0009888549787071257,26.946204230645332,0.0
OR5B12,0.0009879819012226186,26.94083539138838,0.0
REEP1,0.0009868745840441362,26.93546655213143,0.0
TMEM106B,0.0009857748347914083,26.930097712874478,0.0
NUDT4,0.0009855658685027633,26.924728873617525,0.0
VMAC,0.0009840719876785039,26.919360034360572,0.0
WDR5B,0.0009839306022582928,26.91399119510362,0.0
ATP13A5,0.000983844937137877,26.908622355846667,0.0
TMEM255A,0.0009837798004652242,26.903253516589714,0.0
RAB12,0.0009831857273355261,26.897884677332762,0.0
OR10H1,0.000982967545363471,26.89251583807581,0.0
NUDT3,0.0009822010015626786,26.887146998818857,0.0
TLR1,0.0009811968323627563,26.881778159561904,0.0
AC121757.1,0.0009809961196735775,26.87640932030495,0.0
ZNF799,0.000978540917192487,26.871040481048,0.0
TMEM97,0.0009784610031954638,26.865671641791046,0.0
STH,0.0009777309306440692,26.860302802534093,0.0
TRAF7,0.0009775650793480337,26.85493396327714,0.0
DUOXA1,0.0009775608241485868,26.849565124020184,0.0
SOGA2,0.0009774278518711378,26.844196284763232,0.0
FAM98A,0.0009772678964817421,26.83882744550628,0.0
TAAR1,0.0009764231976457725,26.833458606249327,0.0
RIN2,0.0009761447726845338,26.828089766992374,0.0
AP1S3,0.0009759505903858476,26.82272092773542,0.0
RPS6KA4,0.0009757687659307202,26.81735208847847,0.0
RP1-130H16.18,0.0009742913268463849,26.811983249221516,0.0
TSPAN15,0.00097411262684106,26.806614409964563,0.0
HDX,0.0009740422978706347,26.80124557070761,0.0
RAB40AL,0.0009736984141967145,26.79587673145066,0.0
TRAM1,0.0009730839234260949,26.79050789219371,0.0
ABHD13,0.0009727583362226164,26.785139052936756,0.0
OR2M3,0.000972121949912123,26.779770213679804,0.0
KRTAP10-5,0.0009720548052650494,26.77440137442285,0.0
KATNBL1,0.0009703905743810249,26.7690325351659,0.0
VSTM4,0.0009700679047118339,26.763663695908946,0.0
OR10H3,0.0009700282269820358,26.758294856651993,0.0
PCDHGB3,0.0009698373697302089,26.75292601739504,0.0
TTLL8,0.0009688102960608415,26.747557178138088,0.0
ZNF568,0.000968503413533974,26.742188338881135,0.0
CARD9,0.0009683203773570461,26.736819499624183,0.0
UBXN11,0.000967989301084444,26.73145066036723,0.0
ADCY1,0.0009678728552232764,26.726081821110277,0.0
ASPHD2,0.0009667892481147966,26.720712981853325,0.0
ACOXL,0.0009659718891418936,26.71534414259637,0.0
NACC2,0.0009642546505185836,26.709975303339416,0.0
OR5P3,0.0009640603983801932,26.704606464082463,0.0
OR1D2,0.000963643342099619,26.69923762482551,0.0
OR8J3,0.0009635987511823158,26.693868785568558,0.0
ZNF234,0.0009621660500136913,26.688499946311605,0.0
MOGAT3,0.0009620531448144485,26.683131107054653,0.0
LRRC61,0.0009618270727930157,26.6777622677977,0.0
TMEM91,0.0009615631220236132,26.672393428540747,0.0
DAPK2,0.0009603408987824816,26.667024589283795,0.0
KIF25,0.0009600777661947637,26.661655750026846,0.0
FCF1,0.0009595827393129964,26.656286910769893,0.0
SLC5A4,0.000959578587385704,26.65091807151294,0.0
OR2C3,0.00095884450003188,26.645549232255988,0.0
LMOD1,0.0009574143111443711,26.640180392999035,0.0
MARCH9,0.0009564855883145847,26.634811553742082,0.0
EEFSEC,0.0009563806002687733,26.62944271448513,0.0
OR5D18,0.0009557544305082743,26.624073875228177,0.0
SYT6,0.0009554507395742092,26.618705035971225,0.0
GOLGA8B,0.0009553028056160844,26.613336196714272,0.0
C5orf51,0.0009546419088798781,26.60796735745732,0.0
DUSP5,0.0009546066880374547,26.602598518200367,0.0
IFNL3,0.0009543470090654386,26.597229678943414,0.0
DCAF12L2,0.0009543281320071857,26.59186083968646,0.0
OR52N1,0.0009533559598884257,26.58649200042951,0.0
RP11-468E2.4,0.0009522387183253239,26.581123161172552,0.0
MRPS6,0.0009520020188905857,26.5757543219156,0.0
MARK1,0.0009515691572163844,26.570385482658647,0.0
YJEFN3,0.0009513449383516725,26.565016643401695,0.0
USP46,0.0009503851798221425,26.559647804144742,0.0
FAM175A,0.0009499857240453593,26.55427896488779,0.0
RNASEK,0.0009482666885911867,26.548910125630837,0.0
RARRES2,0.0009464881566194225,26.543541286373884,0.0
PTCHD4,0.0009463438765950622,26.53817244711693,0.0
TSSC1,0.0009458045649071913,26.53280360785998,0.0
ZNF597,0.0009452664250948148,26.527434768603026,0.0
DUSP28,0.0009451593526599961,26.522065929346077,0.0
RP11-192H23.4,0.0009443751622318731,26.516697090089124,0.0
ARHGAP39,0.000944296848922351,26.51132825083217,0.0
C1orf167,0.000944213346022974,26.50595941157522,0.0
FKBP6,0.0009432440022241384,26.500590572318266,0.0
SNX30,0.0009432079514586994,26.495221733061314,0.0
ASB7,0.0009431738564519343,26.48985289380436,0.0
ZBTB1,0.0009422329506873411,26.48448405454741,0.0
GAL3ST3,0.0009411078155199214,26.479115215290456,0.0
RTEL1-TNFRSF6B,0.0009407751162659385,26.473746376033503,0.0
ZBTB16,0.0009399410607048934,26.46837753677655,0.0
TTC32,0.0009394877299626484,26.463008697519598,0.0
SLC25A22,0.0009392908107092154,26.457639858262645,0.0
ZNF676,0.0009381669084333425,26.452271019005693,0.0
LOH12CR1,0.0009380701435252322,26.446902179748736,0.0
HIST2H2BF,0.0009374423941533207,26.441533340491784,0.0
UBE2Z,0.0009372135774894286,26.43616450123483,0.0
TMEM80,0.0009358090299888752,26.43079566197788,0.0
FFAR4,0.0009351193424898772,26.425426822720926,0.0
KIAA1024,0.0009344987630724803,26.420057983463973,0.0
DYRK3,0.0009344245099233602,26.41468914420702,0.0
FSBP,0.0009323733555020702,26.409320304950068,0.0
SHROOM4,0.0009322538022358747,26.403951465693115,0.0
ZNF41,0.0009317700504801703,26.398582626436163,0.0
KCNB1,0.0009310077928177738,26.39321378717921,0.0
SYTL5,0.0009309897220804204,26.387844947922257,0.0
MAP1LC3C,0.0009307284210030679,26.38247610866531,0.0
STK32B,0.0009303241311976191,26.377107269408356,0.0
METTL10,0.0009298238786236996,26.371738430151403,0.0
OR51A7,0.0009294832481375285,26.36636959089445,0.0
GRAMD4,0.0009280546516130817,26.361000751637498,0.0
OR51I2,0.0009279252023563983,26.355631912380545,0.0
CTXN1,0.0009265561706696243,26.350263073123593,0.0
ICAM5,0.0009254506905242921,26.34489423386664,0.0
PSPN,0.0009250392725264074,26.339525394609687,0.0
OR8S1,0.0009241786221078454,26.334156555352735,0.0
CPPED1,0.0009227126571875168,26.328787716095782,0.0
MRPL10,0.0009226887900194412,26.32341887683883,0.0
NCLN,0.0009225269173527409,26.318050037581877,0.0
LIPJ,0.0009225144125140133,26.31268119832492,0.0
NECAP1,0.0009216866349232338,26.307312359067968,0.0
OR7C2,0.0009212403830491834,26.301943519811015,0.0
AZI1,0.000920371777588927,26.296574680554063,0.0
NAA38,0.0009199108651912851,26.29120584129711,0.0
CLCF1,0.0009195707078439974,26.285837002040157,0.0
C15orf43,0.000918843834807229,26.280468162783205,0.0
ZNF32,0.0009183047348287112,26.275099323526252,0.0
CMBL,0.000918204763716272,26.2697304842693,0.0
UBBP4,0.0009159312204924609,26.264361645012347,0.0
GSPT1,0.0009146773121718521,26.258992805755394,0.0
UHMK1,0.0009142948549970574,26.25362396649844,0.0
GPHA2,0.000914025056906139,26.24825512724149,0.0
RBKS,0.0009138857705479142,26.24288628798454,0.0
HSPE1-MOB4,0.0009135623116079943,26.237517448727587,0.0
ZNF397,0.0009129219386155168,26.232148609470634,0.0
CPED1,0.0009124950631290565,26.226779770213682,0.0
MSI1,0.0009120405056334671,26.22141093095673,0.0
KRT222,0.0009116477519927272,26.216042091699777,0.0
ZNF717,0.0009116188348715062,26.210673252442824,0.0
PAAF1,0.0009111753765392199,26.20530441318587,0.0
TVP23A,0.0009111581095497881,26.19993557392892,0.0
SPRY3,0.0009092355889608718,26.194566734671966,0.0
HEPHL1,0.0009084200972875594,26.189197895415013,0.0
PCDH20,0.0009079816583900117,26.18382905615806,0.0
OR1N2,0.0009056451044486432,26.178460216901104,0.0
LGI2,0.0009056426625509758,26.173091377644152,0.0
CSNK2B-LY6G5B-1181,0.0009054381784635763,26.1677225383872,0.0
FGFBP2,0.0009047552812764545,26.162353699130247,0.0
ADAL,0.0009047356371949388,26.156984859873294,0.0
NUDT11,0.000904561098015693,26.15161602061634,0.0
SNRPE,0.000903873757013166,26.14624718135939,0.0
RP11-542C16.2,0.0009037541648610791,26.140878342102436,0.0
CARHSP1,0.0009033263578617173,26.135509502845483,0.0
ARHGDIG,0.0009016058248843401,26.13014066358853,0.0
ATP5SL,0.000901147725563769,26.124771824331578,0.0
HS3ST3B1,0.0009005259746071163,26.119402985074625,0.0
TNFSF12,0.0008990333111188447,26.114034145817673,0.0
OR4C13,0.00089863517395374,26.10866530656072,0.0
PAQR5,0.0008983808573905305,26.10329646730377,0.0
TRIM11,0.0008982866542452157,26.09792762804682,0.0
SMAP2,0.0008965671561956427,26.092558788789866,0.0
DSPP,0.0008964547285028113,26.087189949532913,0.0
NFU1,0.0008956036121694261,26.08182111027596,0.0
CLASRP,0.0008953788412226424,26.076452271019008,0.0
B4GALT2,0.0008950100571946574,26.071083431762055,0.0
ZNF583,0.00089472239950628,26.065714592505103,0.0
RP11-108K14.8,0.0008944219589473963,26.06034575324815,0.0
CCR6,0.0008937743078104408,26.054976913991197,0.0
LRRC37B,0.0008936045750733777,26.049608074734245,0.0
DENND1C,0.0008912283318196054,26.04423923547729,0.0
CARD14,0.0008910641100253623,26.038870396220336,0.0
NPM2,0.0008904679867186689,26.033501556963383,0.0
HMGN5,0.0008899354265287169,26.02813271770643,0.0
ZNF473,0.000889844785576723,26.022763878449478,0.0
CA10,0.0008895923333955629,26.017395039192525,0.0
CD1C,0.0008889137067303454,26.012026199935573,0.0
HELB,0.0008887057488036672,26.00665736067862,0.0
DAP,0.0008873365886009619,26.001288521421667,0.0
ACYP1,0.0008872426081303174,25.995919682164715,0.0
COPS4,0.00088646812483588,25.990550842907762,0.0
OR2F2,0.000886117116895468,25.98518200365081,0.0
OR5A2,0.0008855825655680336,25.979813164393857,0.0
FAM169B,0.0008855360287678705,25.974444325136904,0.0
RAPGEFL1,0.0008845649117805599,25.969075485879955,0.0
GFOD2,0.000884158263508165,25.963706646623002,0.0
ZNF766,0.00088380288677744,25.95833780736605,0.0
FANCD2OS,0.0008834877830626727,25.952968968109097,0.0
ZNF132,0.0008820105040895076,25.947600128852145,0.0
GOLGA7,0.0008820094810230678,25.942231289595192,0.0
IGFLR1,0.0008812200121665219,25.93686245033824,0.0
FHL3,0.0008809217733989642,25.931493611081287,0.0
PDILT,0.0008804349966057091,25.926124771824334,0.0
DDN,0.0008803503800143876,25.92075593256738,0.0
PCDHA5,0.0008803344074006549,25.91538709331043,0.0
ACTL7A,0.0008800522556495603,25.910018254053472,0.0
ST3GAL2,0.0008797532127240522,25.90464941479652,0.0
PGAM2,0.0008791123530192001,25.899280575539567,0.0
DNLZ,0.0008788879839131981,25.893911736282615,0.0
RASSF6,0.000878078840774503,25.888542897025662,0.0
TMEM127,0.000877782336874087,25.88317405776871,1.0
MRPS36,0.0008775524529096256,25.877805218511757,0.0
CYP3A43,0.0008771565787585734,25.872436379254804,0.0
SPATC1L,0.0008769455558517425,25.86706753999785,0.0
RP11-529K1.3,0.0008760763424946406,25.8616987007409,0.0
LGALS9C,0.0008757870551943957,25.856329861483946,0.0
OR5C1,0.0008745669379043579,25.850961022226993,0.0
ACTL8,0.0008744420006100487,25.84559218297004,0.0
CLEC18C,0.0008741936577143152,25.840223343713088,0.0
OR9Q2,0.0008735807972102333,25.834854504456136,0.0
OR14J1,0.0008731079270219296,25.829485665199186,0.0
LAS1L,0.0008718461584545284,25.824116825942234,0.0
SLC39A9,0.0008709180916814236,25.81874798668528,0.0
DNAJC12,0.0008708847688179212,25.81337914742833,0.0
ASB18,0.0008707990907369772,25.808010308171376,0.0
BTG1,0.0008706810671210319,25.802641468914423,0.0
OR6C1,0.0008705143421151014,25.79727262965747,0.0
MB21D1,0.0008699304920442212,25.791903790400518,0.0
LPAR5,0.0008690193337973776,25.786534951143565,0.0
ARL4A,0.0008689260675788868,25.781166111886613,0.0
ORMDL3,0.0008682909955040662,25.775797272629656,0.0
PHLDB3,0.000868053965966705,25.770428433372704,0.0
ZNF800,0.0008675618251251526,25.76505959411575,0.0
CLIC6,0.0008666677851044844,25.7596907548588,0.0
GSDMB,0.0008665180062783582,25.754321915601846,0.0
OR10A2,0.0008662868413575461,25.748953076344893,0.0
ACCSL,0.0008662078622976271,25.74358423708794,0.0
ZNF354C,0.0008653520366213826,25.738215397830988,0.0
CSF3,0.0008651870694339611,25.732846558574035,0.0
OR52N2,0.0008648154213614318,25.727477719317083,0.0
CCL26,0.0008647677052408375,25.72210888006013,0.0
BTLA,0.0008640485905859715,25.716740040803177,0.0
MAPK13,0.0008638536169258198,25.711371201546225,0.0
NUDT22,0.0008637889326821236,25.706002362289272,0.0
C10orf12,0.000863472143157696,25.70063352303232,0.0
ZNF623,0.0008628204506118791,25.695264683775363,0.0
UVRAG,0.0008624290629015909,25.689895844518418,0.0
TSACC,0.0008622453445921174,25.684527005261465,0.0
NSUN7,0.0008616931910113673,25.679158166004513,0.0
SNTG1,0.0008611675149009616,25.67378932674756,0.0
CAPN9,0.0008608768160489943,25.668420487490607,0.0
SLC26A7,0.0008604201793295694,25.663051648233655,0.0
SPSB3,0.0008604076002165237,25.657682808976702,0.0
HMHA1,0.000859460763376638,25.65231396971975,0.0
SOWAHB,0.0008587181307346621,25.646945130462797,0.0
C4orf3,0.0008587054177439533,25.64157629120584,0.0
PCDHA12,0.0008586515975882638,25.636207451948888,0.0
EMID1,0.0008584355480781144,25.630838612691935,0.0
H2BFWT,0.000858032036885396,25.625469773434983,0.0
PBX4,0.000857409098924675,25.62010093417803,0.0
ALKBH5,0.0008570011768581005,25.614732094921077,0.0
C9orf3,0.0008569386019821625,25.609363255664125,0.0
EFCAB6,0.0008559697976029266,25.603994416407172,0.0
FLT3LG,0.000854900150901816,25.59862557715022,0.0
PRAMEF4,0.0008542598209455502,25.593256737893267,0.0
PPIG,0.0008537907265158734,25.587887898636314,0.0
PIK3C2B,0.0008535059432352914,25.58251905937936,0.0
OR52E4,0.0008520847676040264,25.57715022012241,0.0
XRRA1,0.0008511723300141712,25.571781380865456,0.0
MTERFD2,0.000851138414400165,25.566412541608504,0.0
ATF7IP2,0.0008510806154731203,25.561043702351547,0.0
FRMD3,0.0008505119012902735,25.555674863094595,0.0
GPR137,0.0008503574976978536,25.55030602383765,0.0
TRIM49B,0.0008499488014361061,25.544937184580697,0.0
BCL2L12,0.000849940968420946,25.539568345323744,0.0
ITFG3,0.0008497717764535701,25.53419950606679,0.0
FMN2,0.0008495499227796586,25.52883066680984,0.0
POLR2J2,0.0008492094331627863,25.523461827552886,0.0
TRMT61A,0.0008485695173285214,25.518092988295933,0.0
RHOQ,0.0008478889136943852,25.51272414903898,0.0
ZNF280D,0.0008478695540164661,25.507355309782024,0.0
EIF3G,0.0008470389576643505,25.501986470525072,0.0
ILDR1,0.0008464901894543244,25.49661763126812,0.0
CLNK,0.0008460098122411339,25.491248792011167,0.0
CCDC109B,0.0008459877065454679,25.485879952754214,0.0
NYAP2,0.0008455734090869681,25.48051111349726,0.0
OR14K1,0.0008453477554729005,25.47514227424031,0.0
ZNF740,0.0008440795684486926,25.469773434983356,0.0
CD163L1,0.0008439541099505464,25.464404595726403,0.0
NPSR1,0.0008437942102706616,25.45903575646945,0.0
FBXO46,0.0008434971858866479,25.453666917212498,0.0
NMRK1,0.0008430817915790689,25.448298077955545,0.0
BTBD17,0.0008417124469173885,25.442929238698593,0.0
OR10A5,0.0008413635910527196,25.43756039944164,0.0
FBXL3,0.0008412538725316762,25.432191560184688,0.0
TIGD3,0.0008412059929267249,25.42682272092773,0.0
NAT8,0.0008389489425490936,25.42145388167078,0.0
KIAA1715,0.000838909737229735,25.416085042413826,0.0
OR14I1,0.0008384857946475068,25.41071620315688,0.0
NCBP2L,0.0008378947809705679,25.405347363899928,0.0
DUSP15,0.0008377786872855268,25.399978524642975,0.0
PAN3,0.000837451309695691,25.394609685386023,0.0
C1orf216,0.0008365887921830947,25.38924084612907,0.0
CTD-3074O7.11,0.000836090198597878,25.383872006872117,0.0
SLC25A44,0.0008360384378132675,25.378503167615165,0.0
RIT2,0.0008352656172665488,25.37313432835821,0.0
RASD2,0.0008348394678788232,25.367765489101256,0.0
MARCH10,0.0008346653577652413,25.362396649844303,0.0
ENDOD1,0.0008344609463107669,25.35702781058735,0.0
USB1,0.0008342143453992836,25.351658971330398,0.0
CHTF8,0.0008337978957618254,25.346290132073445,0.0
RP11-73M18.2,0.0008335614679356737,25.340921292816493,0.0
TNNC2,0.000833043777424758,25.33555245355954,0.0
RCAN2,0.0008328371900334742,25.330183614302587,0.0
ZBTB34,0.0008322784064844473,25.324814775045635,0.0
EMP1,0.0008322360225954883,25.319445935788682,0.0
CAPZA1,0.0008314002850519312,25.31407709653173,0.0
C2CD2,0.0008307993244597307,25.308708257274777,0.0
OR10G2,0.0008297658665931574,25.303339418017824,0.0
ZBTB12,0.0008297496093492222,25.29797057876087,0.0
NME8,0.0008296250407180301,25.292601739503915,0.0
OSCAR,0.0008291092896536466,25.287232900246963,0.0
SGOL2,0.0008288819151630342,25.28186406099001,0.0
MSS51,0.000828664615390258,25.276495221733065,0.0
IRF5,0.0008282510540182232,25.271126382476112,0.0
ATP8A1,0.0008276930339361395,25.26575754321916,0.0
ICOSLG,0.0008272988078252373,25.260388703962207,0.0
FAM178B,0.0008268110645524065,25.255019864705254,0.0
CISH,0.0008260184626906255,25.2496510254483,0.0
MYL10,0.0008257394892455079,25.24428218619135,0.0
SLC35A4,0.0008249737529021064,25.238913346934392,0.0
SLC25A34,0.0008244358418185631,25.23354450767744,0.0
ARHGAP9,0.0008233957073317756,25.228175668420487,0.0
RTFDC1,0.0008223195087936105,25.222806829163535,0.0
CCDC135,0.0008215036480883652,25.217437989906582,0.0
C10orf35,0.0008214932883943012,25.21206915064963,0.0
PPAP2B,0.0008213238602930986,25.206700311392677,0.0
FAM213B,0.000819914147369511,25.201331472135724,0.0
RCOR3,0.0008199134854024925,25.19596263287877,0.0
MPHOSPH10,0.0008194402013112884,25.19059379362182,0.0
TRAPPC3,0.0008184035316116205,25.185224954364866,0.0
FAM102B,0.000817933017600745,25.179856115107913,0.0
HSPBAP1,0.000817883447888791,25.17448727585096,0.0
SYCP1,0.0008174973399641371,25.169118436594008,0.0
ADCK5,0.0008174009704069252,25.163749597337056,0.0
FAM131A,0.0008173338439815528,25.1583807580801,0.0
TTBK1,0.0008172949969721072,25.153011918823147,0.0
COL28A1,0.0008171309473797864,25.147643079566194,0.0
TTC39C,0.0008169921617722495,25.14227424030924,0.0
CEACAM6,0.000816894548166191,25.136905401052296,0.0
GTF2A2,0.0008167901632798794,25.131536561795343,0.0
CTDSP1,0.0008167209803141944,25.12616772253839,0.0
C11orf24,0.0008163684093267393,25.120798883281438,0.0
SERPINF2,0.0008156022617015247,25.115430044024485,0.0
JMJD8,0.0008154636408382555,25.110061204767533,0.0
ZNF181,0.0008152462595958613,25.104692365510576,0.0
OR51S1,0.0008149589318760459,25.099323526253624,0.0
IER3,0.0008142291573579923,25.09395468699667,0.0
ZNF852,0.0008140789296991315,25.08858584773972,0.0
AQP10,0.0008139182599424198,25.083217008482766,0.0
DTX1,0.0008138469840567791,25.077848169225813,0.0
ZCWPW1,0.0008136569802447392,25.07247932996886,0.0
ZXDB,0.0008133434640325229,25.067110490711908,0.0
PARVB,0.0008131499003405155,25.061741651454955,0.0
ZNF208,0.0008128912472742742,25.056372812198003,0.0
PPIL6,0.0008128237092776448,25.05100397294105,0.0
TRPC5,0.0008127827972234764,25.045635133684097,0.0
CBX8,0.0008124142508419698,25.040266294427145,0.0
ZCCHC10,0.0008120128905875527,25.034897455170192,0.0
RFWD2,0.0008111226445326064,25.02952861591324,0.0
MAT2B,0.0008109098627282759,25.024159776656283,0.0
HEATR5A,0.0008100583333705965,25.01879093739933,0.0
OR4N5,0.0008095714325167333,25.013422098142378,0.0
OR52J3,0.0008091886994035727,25.008053258885425,0.0
PAFAH1B2,0.0008081174044486516,25.002684419628473,0.0
C7orf50,0.0008079175421493916,24.997315580371524,0.0
GALNT4,0.0008078598591854166,24.99194674111457,0.0
CD300LB,0.0008078361523889156,24.98657790185762,0.0
SLC15A1,0.0008073665363468081,24.981209062600666,0.0
TOR3A,0.0008071336835433988,24.975840223343713,0.0
C3orf14,0.000807022767155891,24.97047138408676,0.0
RBM7,0.0008052876081741155,24.965102544829808,0.0
PPP2R5A,0.0008049836335671615,24.959733705572855,0.0
OR4D10,0.00080437729173671,24.954364866315903,0.0
OR6B3,0.0008043284690397914,24.94899602705895,0.0
CYP46A1,0.000803832958591459,24.943627187801997,0.0
CYP2W1,0.0008027420788864015,24.938258348545045,0.0
SYDE1,0.0008022500338262824,24.932889509288092,0.0
ARL1,0.0008018591693757633,24.92752067003114,0.0
SLC35A5,0.0008015874656859793,24.922151830774187,0.0
LCORL,0.0008007128556152999,24.916782991517234,0.0
CMTM5,0.0008004227723657185,24.91141415226028,0.0
HTR3B,0.0007996540132715729,24.90604531300333,0.0
SHCBP1L,0.0007993309971670696,24.900676473746376,0.0
GMFB,0.0007984781587690585,24.895307634489424,0.0
OR8D1,0.0007978738806091394,24.88993879523247,0.0
ZNF343,0.0007978377333142516,24.88456995597552,0.0
SYBU,0.0007973606668493363,24.879201116718566,0.0
HES3,0.0007968951850992922,24.873832277461613,0.0
RTBDN,0.0007967266234285448,24.86846343820466,0.0
C11orf73,0.0007966378967472527,24.863094598947708,0.0
MYPOP,0.0007960191832247828,24.857725759690755,0.0
TBCCD1,0.0007958290944583713,24.852356920433802,0.0
ZNF44,0.0007949331915222173,24.84698808117685,0.0
PHOSPHO1,0.0007942154681928378,24.841619241919897,0.0
HS3ST4,0.0007938372876621052,24.836250402662944,0.0
ZNF345,0.0007925672405628236,24.830881563405992,0.0
HRASLS5,0.0007924363768031251,24.82551272414904,0.0
GK2,0.0007920194701298243,24.820143884892087,0.0
PABPC3,0.0007919751855304897,24.814775045635134,0.0
UBE2J2,0.000791490369458666,24.80940620637818,0.0
RNF32,0.0007910373054535846,24.80403736712123,0.0
TMEM200A,0.0007904394986751948,24.798668527864276,0.0
SPATS2,0.0007901819413577163,24.793299688607323,0.0
OR9G4,0.0007896222066875158,24.78793084935037,0.0
METTL7B,0.0007895811723974553,24.782562010093418,0.0
MBNL3,0.0007895620863577136,24.777193170836465,0.0
PPP1R36,0.0007893645062705167,24.771824331579513,0.0
RPL10L,0.0007891438715673249,24.76645549232256,0.0
PIM2,0.000789005893820798,24.761086653065608,0.0
CLIC3,0.0007881483998685365,24.755717813808655,0.0
CCDC38,0.000787772561755325,24.750348974551702,0.0
EGR4,0.0007870289815297714,24.74498013529475,0.0
TNFSF14,0.0007865789729370297,24.739611296037797,0.0
ZNF616,0.000786401928771132,24.734242456780844,0.0
INTS5,0.0007857219823247724,24.72887361752389,0.0
ZDHHC1,0.0007839323985001026,24.72350477826694,0.0
ELOVL2,0.0007827949262768955,24.718135939009986,0.0
LTB4R,0.0007826855552525406,24.712767099753034,0.0
LYRM7,0.0007824989725677132,24.70739826049608,0.0
ZFP64,0.0007800039213158749,24.70202942123913,0.0
JKAMP,0.0007799686420026501,24.696660581982176,0.0
CCL7,0.0007798352056301602,24.691291742725223,0.0
TMEM169,0.0007786755550078007,24.68592290346827,0.0
OR6T1,0.0007786370521539692,24.680554064211318,0.0
CDC42SE2,0.0007765272089074667,24.675185224954365,0.0
LYPD6B,0.0007764837347107262,24.669816385697413,0.0
CHRND,0.0007754312141609128,24.66444754644046,0.0
CPA6,0.0007745900338248104,24.659078707183507,0.0
ZNF572,0.0007739351377915234,24.653709867926555,0.0
PTPRH,0.0007731258617110891,24.648341028669602,0.0
CTBS,0.000773076042934885,24.64297218941265,0.0
TMPRSS11D,0.0007730540514374655,24.637603350155697,0.0
TMEM14A,0.0007729016623654764,24.632234510898744,0.0
ZKSCAN4,0.0007709067232558866,24.62686567164179,0.0
PLIN1,0.0007708558472837495,24.621496832384835,0.0
OR5W2,0.0007699306005955204,24.616127993127886,0.0
NT5C1B-RDH14,0.0007691700093225766,24.610759153870934,0.0
ISY1-RAB43,0.0007688466634251573,24.60539031461398,0.0
SAMD1,0.000768282495400808,24.60002147535703,0.0
LIM2,0.0007678235417015245,24.594652636100076,0.0
CA11,0.0007671620395278984,24.589283796843123,0.0
C2orf76,0.0007667328519276869,24.58391495758617,0.0
PCDHB3,0.0007667121625711282,24.578546118329218,0.0
ZNF517,0.0007663783838631294,24.573177279072265,0.0
SCAMP4,0.0007653204660429513,24.567808439815312,0.0
METTL2A,0.0007649230160475138,24.56243960055836,0.0
RNF112,0.0007643053713984963,24.557070761301407,0.0
DOC2B,0.0007638497534363899,24.55170192204445,0.0
PPP1R32,0.0007628790153559492,24.546333082787502,0.0
ZFP14,0.0007624162424886474,24.54096424353055,0.0
SCEL,0.0007603359678429561,24.535595404273597,0.0
PSG4,0.000760190119104483,24.530226565016644,0.0
TICAM2,0.0007601259879028347,24.52485772575969,0.0
TRADD,0.0007591719902496403,24.51948888650274,0.0
DHX37,0.0007588647676250846,24.514120047245786,0.0
GPR3,0.000758746221289746,24.508751207988833,0.0
ZNF449,0.0007583214804205047,24.50338236873188,0.0
PCDHGA4,0.0007575634833942243,24.498013529474928,0.0
INA,0.0007566440169351535,24.492644690217976,0.0
PYROXD2,0.0007559613232596119,24.48727585096102,0.0
TTC6,0.0007549806812936795,24.481907011704067,0.0
PIF1,0.0007548389876936146,24.476538172447118,0.0
SRFBP1,0.0007545959630365916,24.471169333190165,0.0
OR7G3,0.0007544707518732063,24.465800493933212,0.0
DNAAF3,0.0007541106942079167,24.46043165467626,0.0
ABCC12,0.0007527896350223645,24.455062815419307,0.0
PCBD2,0.0007519459873672844,24.449693976162354,0.0
OR8D4,0.0007506856009439682,24.4443251369054,0.0
TCF19,0.0007506777410784046,24.43895629764845,0.0
ZFYVE28,0.0007500864973256232,24.433587458391496,0.0
TMEM119,0.0007490184641337574,24.428218619134544,0.0
SLC25A16,0.000748815166490166,24.42284977987759,0.0
TAS2R30,0.000747602683869049,24.417480940620635,0.0
MTSS1L,0.0007468856151187379,24.412112101363682,0.0
CALML3,0.0007463596072123521,24.406743262106733,0.0
BPHL,0.0007455313764211849,24.40137442284978,0.0
SLC7A6OS,0.0007452513991469504,24.396005583592828,0.0
SCAMP1,0.0007448620347238579,24.390636744335875,0.0
AGFG2,0.0007447442864854395,24.385267905078923,0.0
GP2,0.0007445291181389365,24.37989906582197,0.0
SPRR2G,0.0007444892726160837,24.374530226565017,0.0
SPIN2B,0.0007440285516402154,24.369161387308065,0.0
GPRC6A,0.0007439004658647997,24.363792548051112,0.0
LIN37,0.0007438589467626748,24.35842370879416,0.0
HAGHL,0.0007437540159492567,24.353054869537203,0.0
ZRSR1,0.0007435284668322743,24.34768603028025,0.0
CLHC1,0.0007434249796161125,24.342317191023298,0.0
MRPL54,0.0007431615500986251,24.33694835176635,0.0
UBD,0.0007413487070065973,24.331579512509396,0.0
UCMA,0.0007401010093364129,24.326210673252444,0.0
TMEM242,0.0007397829496858647,24.32084183399549,0.0
KHK,0.0007394373484243663,24.31547299473854,0.0
EXO5,0.000738859433530539,24.310104155481586,0.0
GTF2A1L,0.0007383616763931924,24.304735316224633,0.0
SLC25A36,0.0007372942841341526,24.29936647696768,0.0
PANX2,0.0007372602110919602,24.293997637710728,0.0
IL37,0.0007372487321781289,24.288628798453775,0.0
MMRN1,0.0007369526077070281,24.28325995919682,0.0
ZXDA,0.0007354300653894871,24.277891119939866,0.0
SCRN3,0.0007352433701980237,24.272522280682917,0.0
SKA1,0.0007342029998412571,24.267153441425965,0.0
HIST1H2BA,0.0007340947331975531,24.261784602169012,0.0
OR6B1,0.0007334646066816046,24.25641576291206,0.0
ZNF665,0.0007334094841218582,24.251046923655107,0.0
ZNF503,0.0007318124205081564,24.245678084398154,0.0
MAGEC2,0.0007307782125394224,24.2403092451412,0.0
LILRA5,0.0007304559357249408,24.23494040588425,0.0
ZNF724P,0.0007302852173714878,24.229571566627296,0.0
SMOX,0.0007294325023862876,24.224202727370344,0.0
GTF3C4,0.0007293724142007224,24.218833888113387,0.0
DEFB4A,0.0007283814645734244,24.213465048856435,0.0
COL24A1,0.0007277671535021431,24.208096209599482,0.0
NKAIN3,0.0007274634896776281,24.202727370342533,0.0
CRH,0.0007274632481419104,24.19735853108558,0.0
SAA4,0.0007273462080270915,24.191989691828628,0.0
MMP25,0.0007272638623956379,24.186620852571675,0.0
RNF125,0.0007265040367266237,24.181252013314722,0.0
OR10AD1,0.0007262782978229075,24.17588317405777,0.0
MFAP3L,0.0007259103604432023,24.170514334800817,0.0
FNBP1,0.0007256445485022668,24.165145495543864,0.0
IPCEF1,0.0007254067895222313,24.159776656286912,0.0
LCK,0.0007251889901267368,24.15440781702996,0.0
CCL11,0.0007250702531007201,24.149038977773003,0.0
FCGR3B,0.000724765504747358,24.14367013851605,0.0
DIRAS1,0.0007244787459214147,24.138301299259098,0.0
LACRT,0.000724415644934736,24.13293246000215,0.0
UBALD2,0.0007242064667133929,24.127563620745196,0.0
IGFALS,0.0007238232139026885,24.122194781488243,0.0
AGBL1,0.0007234165941716983,24.11682594223129,0.0
NAPG,0.0007232807509220326,24.111457102974338,0.0
IKZF4,0.000722858124714875,24.106088263717385,0.0
MACROD1,0.0007217183685300591,24.100719424460433,0.0
ZNF488,0.0007209965076210819,24.09535058520348,0.0
SLC1A6,0.000720802114081715,24.089981745946528,0.0
CNOT7,0.0007206920520212977,24.08461290668957,0.0
TM9SF4,0.0007204082890524611,24.07924406743262,0.0
PVRIG,0.0007202050383814905,24.073875228175666,0.0
KCNJ3,0.000719894644361675,24.068506388918713,0.0
PAGE2,0.0007182080429065585,24.063137549661764,0.0
ZNF580,0.0007178591067850215,24.05776871040481,0.0
OR11H6,0.0007174678373077855,24.05239987114786,0.0
OR5I1,0.0007172006841766411,24.047031031890906,0.0
FAM171B,0.0007170107274778703,24.041662192633954,0.0
ZNF845,0.0007168665671247202,24.036293353377,0.0
C1orf173,0.0007166531706027674,24.03092451412005,0.0
GEMIN7,0.000715865922144448,24.025555674863096,0.0
ZNF233,0.0007155468694301576,24.020186835606143,0.0
RPP21,0.0007145195616298871,24.014817996349187,0.0
ECHDC3,0.0007130267702778987,24.009449157092234,0.0
SAA1,0.0007124482482143725,24.00408031783528,0.0
FLRT1,0.0007124219387450172,23.99871147857833,0.0
CYP4Z1,0.0007123316550393338,23.99334263932138,0.0
OR10K1,0.0007123012691873773,23.987973800064427,0.0
OR10H5,0.0007120228022957731,23.982604960807475,0.0
GID4,0.0007106975070177237,23.977236121550522,0.0
PCDHAC2,0.0007089329524676006,23.97186728229357,0.0
FAM89B,0.0007087645628230251,23.966498443036617,0.0
C12orf29,0.0007084953240015765,23.961129603779664,0.0
HIST1H3G,0.0007083055872253801,23.95576076452271,0.0
TRABD2B,0.0007080625045566352,23.950391925265755,0.0
ABHD1,0.0007080416255937801,23.945023086008803,0.0
ABHD17A,0.000707685138539478,23.93965424675185,0.0
OR13C2,0.0007075886904421399,23.934285407494897,0.0
NOXRED1,0.0007072889526778019,23.928916568237945,0.0
SLITRK3,0.000707135643933216,23.923547728980996,0.0
MYLIP,0.0007070445093859881,23.918178889724043,0.0
NPIPA1,0.0007068946151731318,23.91281005046709,0.0
ARPC1B,0.0007060881236857456,23.907441211210138,0.0
IFNA8,0.0007060123767915333,23.902072371953185,0.0
KIAA2018,0.000705982418971226,23.896703532696232,0.0
ZFP62,0.0007048484484494999,23.89133469343928,0.0
FAM76A,0.0007047260384497382,23.885965854182327,0.0
CCDC116,0.0007039521347829682,23.88059701492537,0.0
GSTA5,0.0007039476676419963,23.87522817566842,0.0
C4orf26,0.0007037977062033642,23.869859336411466,0.0
PNMA5,0.0007037839169278353,23.864490497154513,0.0
ZNF2,0.0007036260812192961,23.85912165789756,0.0
PM20D1,0.0007025406389844568,23.85375281864061,0.0
SAP30L,0.0007019418379598059,23.84838397938366,0.0
SKOR1,0.0007016897902861554,23.843015140126706,0.0
SLC10A4,0.000701322669283434,23.837646300869753,0.0
HMGXB4,0.0007008836187720374,23.8322774616128,0.0
MSMO1,0.0007002048975457073,23.826908622355848,0.0
NT5C1B,0.0006999660380213286,23.821539783098896,0.0
NKAIN2,0.000699618100151559,23.81617094384194,0.0
STPG2,0.0006993329805867302,23.810802104584987,0.0
KLHDC9,0.0006988250652441365,23.805433265328034,0.0
SRSF9,0.000698770472332724,23.80006442607108,0.0
HJURP,0.0006985238025448729,23.79469558681413,0.0
RENBP,0.0006976524264150508,23.789326747557176,0.0
SCML4,0.0006969651181826268,23.783957908300227,0.0
RP11-1099M24.7,0.000696871080401066,23.778589069043274,0.0
GPANK1,0.0006968677136900225,23.77322022978632,0.0
EVA1B,0.0006964383178704014,23.76785139052937,0.0
PDZD4,0.0006957498560871331,23.762482551272416,0.0
TSSK3,0.0006950186628164165,23.757113712015464,0.0
UBE2R2,0.0006948466978758944,23.75174487275851,0.0
TEX37,0.00069458879343136,23.746376033501555,0.0
AQPEP,0.0006944495517356668,23.741007194244602,0.0
THEMIS,0.0006937779437569799,23.73563835498765,0.0
ADAP1,0.0006936963902977658,23.730269515730697,0.0
SSTR4,0.0006931227295295401,23.724900676473744,0.0
CCDC125,0.0006922339368607192,23.719531837216792,0.0
SLC16A9,0.0006920976245020272,23.714162997959843,0.0
URM1,0.0006914954806886431,23.70879415870289,0.0
C2orf49,0.00069095404148877,23.703425319445937,0.0
RNF182,0.0006909115182822525,23.698056480188985,0.0
TSPAN3,0.0006907865752823166,23.692687640932032,0.0
POLN,0.0006907436232843126,23.68731880167508,0.0
ZNF324,0.0006904594413730149,23.681949962418123,0.0
GPR22,0.0006900625519199791,23.67658112316117,0.0
AAMP,0.0006892508871755707,23.671212283904218,0.0
SYNGR1,0.0006892420965027866,23.665843444647265,0.0
RP11-296A16.1,0.0006891788437869908,23.660474605390313,0.0
SOHLH2,0.0006887824820285459,23.65510576613336,0.0
C6orf10,0.0006879098381728632,23.649736926876407,0.0
ZNF548,0.0006878051448802191,23.64436808761946,0.0
C17orf80,0.0006862371559690688,23.638999248362506,0.0
RGPD6,0.0006855484994050415,23.633630409105553,0.0
SLC13A2,0.0006847741300827515,23.6282615698486,0.0
ATPAF1,0.0006841852118017586,23.622892730591648,0.0
PARP6,0.0006836949483713086,23.617523891334695,0.0
KBTBD13,0.0006825509445791457,23.61215505207774,0.0
PIGX,0.0006825316318004477,23.606786212820786,0.0
EFCAB13,0.0006824742719339682,23.601417373563834,0.0
LRRC8E,0.0006818932825693451,23.59604853430688,0.0
HSF5,0.0006813171904486177,23.59067969504993,0.0
ANGPTL7,0.0006811047150454834,23.585310855792976,0.0
CEP68,0.000680696974419305,23.579942016536027,0.0
FAM83C,0.000680615555069243,23.574573177279074,0.0
TMC8,0.0006805625250703099,23.56920433802212,0.0
TBC1D3B,0.0006804298242874967,23.56383549876517,0.0
MNDA,0.0006791285300310072,23.558466659508216,0.0
RP5-966M1.6,0.0006789849341053962,23.553097820251264,0.0
ANKRD44,0.0006788630377945828,23.547728980994307,0.0
CYB5RL,0.0006787292376389479,23.542360141737355,0.0
HBM,0.0006780440056743359,23.536991302480402,0.0
LRRC8D,0.0006774317295161309,23.53162246322345,0.0
MC3R,0.0006773014453652522,23.526253623966497,0.0
ZNF527,0.0006771356463243815,23.520884784709544,0.0
GPR63,0.0006769660107561378,23.51551594545259,0.0
TMEM50A,0.0006767107855635854,23.510147106195642,0.0
RP11-385D13.1,0.0006765961101505555,23.50477826693869,0.0
OR6A2,0.0006758723419777907,23.499409427681737,0.0
OR10J3,0.000675281251385809,23.494040588424784,0.0
TCL1B,0.000674980797842458,23.488671749167832,0.0
TNP1,0.0006746564105258968,23.48330290991088,0.0
IRX2,0.0006744165956590969,23.477934070653923,0.0
ASB4,0.0006741555187455825,23.47256523139697,0.0
CCDC130,0.000674135614482649,23.467196392140018,0.0
CBX6,0.0006741221486958446,23.461827552883065,0.0
ANO8,0.0006740065221053785,23.456458713626112,0.0
MEIS3,0.0006738585675469707,23.45108987436916,0.0
RGS6,0.0006723814215918868,23.445721035112207,0.0
ZNF619,0.0006721883063638848,23.440352195855258,0.0
KRTAP5-10,0.0006721023626902391,23.434983356598305,0.0
ADCY2,0.0006721006347679591,23.429614517341353,0.0
ZBTB8B,0.0006718146519383909,23.4242456780844,0.0
VPS26B,0.0006714192196541201,23.418876838827448,0.0
ZNF277,0.000671136328485942,23.41350799957049,0.0
C10orf118,0.000671130445558496,23.40813916031354,0.0
ARPC5L,0.0006710219038494884,23.402770321056586,0.0
ZNHIT6,0.000670785301741703,23.397401481799633,0.0
UTS2B,0.0006702569666083042,23.39203264254268,0.0
ZNF222,0.000669743419541574,23.386663803285728,0.0
FAM63A,0.0006696495733092144,23.381294964028775,0.0
UGT2B10,0.0006695829833568081,23.375926124771823,0.0
STK39,0.0006695483802979824,23.370557285514874,0.0
FGF22,0.0006691685024978941,23.36518844625792,0.0
FCAR,0.0006687994340996659,23.35981960700097,0.0
PCDHB16,0.0006686082783958936,23.354450767744016,0.0
CTSW,0.000667684933163474,23.349081928487063,0.0
OR2Z1,0.0006673820998595954,23.343713089230107,0.0
PLXDC2,0.0006661967288667467,23.338344249973154,0.0
UBQLN3,0.0006656869990281483,23.3329754107162,0.0
PRH2,0.000664715755113703,23.32760657145925,0.0
TNNT1,0.0006645566054290893,23.322237732202296,0.0
MGAT4C,0.0006641710850818077,23.316868892945344,0.0
SPSB4,0.0006630740573151014,23.31150005368839,0.0
ZP3,0.0006628579476813352,23.30613121443144,0.0
ABCC11,0.0006618543289704772,23.30076237517449,0.0
FAM134A,0.0006615844344970946,23.295393535917537,0.0
N6AMT2,0.0006608760987569728,23.290024696660584,0.0
KIAA0754,0.0006608575684777998,23.28465585740363,0.0
TMEM150C,0.0006607881164972381,23.279287018146675,0.0
C11orf1,0.0006600472218042426,23.273918178889723,0.0
ECHDC2,0.000659248004025685,23.26854933963277,0.0
HIST1H1T,0.0006580345779695674,23.263180500375817,0.0
DCUN1D4,0.0006563594096658774,23.257811661118865,0.0
SULT2B1,0.0006562531747028661,23.252442821861912,0.0
LPAR2,0.0006559144957791277,23.24707398260496,0.0
ANXA2R,0.0006555606596117928,23.241705143348007,0.0
PLEKHG4,0.0006553463563845705,23.236336304091054,0.0
MS4A6A,0.0006552110119609726,23.230967464834105,0.0
ZNF428,0.0006551542240425146,23.225598625577152,0.0
CLDN2,0.0006544265907901434,23.2202297863202,0.0
BCL7B,0.0006535698261479236,23.214860947063247,0.0
CSH2,0.0006534361284435576,23.20949210780629,0.0
MSL3,0.0006533556905825657,23.20412326854934,0.0
CYP39A1,0.0006524022265441873,23.198754429292386,0.0
LILRB2,0.0006521026845122293,23.193385590035433,0.0
OR4K5,0.0006520853206796721,23.18801675077848,0.0
ABCC2,0.0006515684081824888,23.182647911521528,0.0
EFCAB12,0.0006511990235805624,23.177279072264575,0.0
ELF4,0.000651188218999315,23.171910233007623,0.0
PCDH7,0.0006510610419284853,23.16654139375067,0.0
AOAH,0.0006510265607148246,23.16117255449372,0.0
HTR1E,0.0006509913519691663,23.155803715236768,0.0
COPE,0.0006509035066472333,23.150434875979816,0.0
RNF138,0.00065075270517572,23.14506603672286,0.0
TTYH3,0.0006500042982454294,23.139697197465907,0.0
ZBTB26,0.0006495919544420032,23.134328358208954,0.0
ZDHHC12,0.0006495145480434259,23.128959518952,0.0
STK17B,0.0006492513113421923,23.12359067969505,0.0
DLX4,0.0006492109587684404,23.118221840438096,0.0
NBL1,0.0006489275684829171,23.112853001181143,0.0
TTC9,0.0006487875280336532,23.10748416192419,0.0
EEPD1,0.0006478391686211625,23.102115322667238,0.0
DDI1,0.0006477705130913136,23.096746483410286,0.0
DPYS,0.000647705019618353,23.091377644153336,0.0
IGF2BP3,0.0006476566923093935,23.086008804896384,0.0
CPZ,0.0006472966158717052,23.08063996563943,0.0
RGS19,0.0006467278145072344,23.075271126382475,0.0
GPR173,0.0006466668291739099,23.069902287125522,0.0
SEMA4D,0.0006464256023956228,23.06453344786857,0.0
DDX25,0.0006464075134322702,23.059164608611617,0.0
MXD1,0.0006463783965580085,23.053795769354664,0.0
ZNF564,0.0006460706998582296,23.048426930097712,0.0
RCSD1,0.0006459548893158936,23.04305809084076,0.0
PCDHA10,0.0006459134626620679,23.037689251583807,0.0
AQP9,0.0006458546926288921,23.032320412326854,0.0
LRMP,0.0006456663943557386,23.0269515730699,0.0
DMTN,0.0006455316730427174,23.021582733812952,0.0
DNAJC28,0.0006445307214775227,23.016213894556,0.0
PCDHB2,0.0006434925839172657,23.010845055299043,0.0
MYEOV2,0.0006428830198105859,23.00547621604209,0.0
ERCC6-PGBD3,0.0006428714120100809,23.000107376785138,0.0
TRIM40,0.0006428566920219274,22.994738537528185,0.0
TMEM229B,0.000642737808320584,22.989369698271233,0.0
PCDHB17,0.0006425666493118373,22.98400085901428,0.0
STK17A,0.0006425333633364949,22.978632019757327,0.0
ARHGEF38,0.0006421195024380308,22.973263180500375,0.0
ZDHHC17,0.0006414662506043325,22.967894341243422,0.0
CDC42EP4,0.0006410643285599558,22.96252550198647,0.0
NUF2,0.0006408704592195931,22.957156662729517,0.0
ADI1,0.0006407348354374155,22.951787823472568,0.0
CLEC5A,0.0006405993234624735,22.946418984215615,0.0
ZFYVE21,0.0006398864514023115,22.94105014495866,0.0
TFF3,0.0006391527893331177,22.935681305701706,0.0
HMBOX1,0.0006385938689571779,22.930312466444754,0.0
SCAF1,0.0006384361261133028,22.9249436271878,0.0
ZNF287,0.0006382818243873942,22.91957478793085,0.0
CTD-2545G14.7,0.0006382693622968128,22.914205948673896,0.0
OR6B2,0.0006382127597079802,22.908837109416943,0.0
STEAP1,0.0006381982403935945,22.90346827015999,0.0
TBC1D3C,0.0006381462949355762,22.898099430903038,0.0
DRAXIN,0.0006380581012523357,22.892730591646085,0.0
KLHL35,0.0006377775441148556,22.887361752389136,0.0
TRIM10,0.0006374625587832708,22.881992913132184,0.0
CCDC122,0.000637392010610796,22.876624073875227,0.0
ELOVL7,0.0006372474701244765,22.871255234618275,0.0
NUDT2,0.0006372206368364324,22.865886395361322,0.0
IL17RB,0.0006370755529865988,22.86051755610437,0.0
DNAJC25,0.0006368141961466217,22.855148716847417,0.0
AC004076.9,0.000636804155871047,22.849779877590464,0.0
CNPPD1,0.0006366391155970935,22.84441103833351,0.0
OR6C3,0.0006366315742622724,22.83904219907656,0.0
GRM2,0.000635910587122332,22.833673359819606,0.0
POU5F1B,0.0006355541311684435,22.828304520562654,0.0
NRSN1,0.0006353106188786026,22.8229356813057,0.0
PCDHA13,0.0006346627595516156,22.817566842048752,0.0
REM1,0.0006343301684496706,22.8121980027918,0.0
TAS2R60,0.0006343066918909292,22.806829163534843,0.0
ACRV1,0.0006332417081521783,22.80146032427789,0.0
CSHL1,0.0006331777048426605,22.796091485020938,0.0
KCNK6,0.0006322713515003128,22.790722645763985,0.0
SMEK2,0.0006321695245482096,22.785353806507032,0.0
LRRC48,0.0006320655401573207,22.77998496725008,0.0
C14orf37,0.0006302373854976206,22.774616127993127,0.0
GMFG,0.0006302239885511418,22.769247288736175,0.0
TXNL1,0.0006302152406879724,22.763878449479222,0.0
FAM45A,0.0006301542179920814,22.75850961022227,0.0
DAK,0.000629931027607807,22.753140770965317,0.0
STMN3,0.0006298730861280355,22.747771931708368,0.0
SCN2B,0.0006282102613072883,22.74240309245141,0.0
KANSL1L,0.0006282035798341899,22.73703425319446,0.0
NSG1,0.0006281668221012644,22.731665413937506,0.0
SPAG11B,0.0006280207044629862,22.726296574680553,0.0
C2orf15,0.0006278817699218836,22.7209277354236,0.0
C6orf136,0.0006276938911652368,22.715558896166648,0.0
CPXM1,0.0006274891397653496,22.710190056909695,0.0
OR2L3,0.0006272896411265142,22.704821217652743,0.0
MAGEB2,0.0006268252904508278,22.69945237839579,0.0
DSTYK,0.0006260289433188499,22.694083539138838,0.0
SLC29A4,0.0006259854445684962,22.688714699881885,0.0
PRAMEF12,0.0006258737452261144,22.683345860624932,0.0
FBXL6,0.0006256985758377349,22.677977021367983,0.0
LRFN4,0.0006253850118801428,22.672608182111027,0.0
FCGR1A,0.0006253805385572544,22.667239342854074,0.0
ZNF454,0.0006248656225102108,22.66187050359712,0.0
OR52N4,0.0006248524899644342,22.65650166434017,0.0
FUT3,0.000624243951006608,22.651132825083216,0.0
EIF2S3L,0.0006241688190533353,22.645763985826264,0.0
CAPN15,0.000623379420404375,22.64039514656931,0.0
SMPX,0.0006230521879311244,22.63502630731236,0.0
USP27X,0.0006224822385125117,22.629657468055406,0.0
THEMIS2,0.0006223100962577556,22.624288628798453,0.0
NPY4R,0.0006221466850994941,22.6189197895415,0.0
TCFL5,0.0006213356441965707,22.613550950284548,0.0
ST6GAL2,0.0006211322763300043,22.608182111027595,0.0
CCL16,0.0006206660465302216,22.602813271770643,0.0
CCDC73,0.0006192875173499795,22.59744443251369,0.0
CXXC11,0.0006190453862776961,22.592075593256737,0.0
HIATL1,0.0006182639382588176,22.586706753999785,0.0
AKAP5,0.0006182029848676575,22.581337914742832,0.0
SLC17A4,0.0006181124486876986,22.57596907548588,0.0
OCLM,0.0006181060127146571,22.570600236228927,0.0
IFNL1,0.0006176693307907131,22.565231396971974,0.0
GRM5,0.0006173690776702439,22.55986255771502,0.0
RNPS1,0.000617311331687777,22.55449371845807,0.0
CNIH3,0.0006170963154228514,22.549124879201116,0.0
WSCD1,0.0006164647300187902,22.543756039944164,0.0
RIMKLB,0.000616030606186923,22.53838720068721,0.0
DUSP10,0.0006152922245464535,22.53301836143026,0.0
ABI3,0.0006150553772121716,22.527649522173306,0.0
CLRN3,0.0006148702647063132,22.522280682916353,0.0
PRDM9,0.0006146633190834917,22.5169118436594,0.0
NLGN4Y,0.0006145216224561345,22.511543004402448,0.0
TRAPPC5,0.0006141914379872919,22.506174165145495,0.0
FOXI2,0.0006135405913339552,22.500805325888543,0.0
HIST1H1B,0.0006128289337479282,22.49543648663159,0.0
SIGLEC15,0.0006126919327371754,22.490067647374637,0.0
MESDC1,0.0006122243788958511,22.484698808117685,0.0
SLC39A3,0.0006118780873007863,22.479329968860732,0.0
SLA2,0.0006115601057766815,22.47396112960378,0.0
RP11-613M10.8,0.0006113675356831303,22.468592290346827,0.0
HS3ST6,0.0006110954816833036,22.463223451089874,0.0
ZNF785,0.000609842851265489,22.45785461183292,0.0
DENND1A,0.0006081064540426448,22.45248577257597,0.0
ZNF140,0.0006080216343027009,22.447116933319016,0.0
ZNF628,0.0006080081962755633,22.441748094062064,0.0
ZNF43,0.000607912516559402,22.43637925480511,0.0
CPEB3,0.0006077874509406555,22.431010415548158,0.0
LRRN4,0.0006076547241188759,22.425641576291206,0.0
AP5S1,0.0006074989519221819,22.420272737034253,0.0
OR4K2,0.0006074973560919709,22.4149038977773,0.0
TMEM128,0.0006074315639057387,22.409535058520348,0.0
UBR7,0.000607233220688712,22.404166219263395,0.0
MAK16,0.0006062244671674758,22.398797380006442,0.0
RAB43,0.0006061580401807125,22.39342854074949,0.0
FAM118A,0.0006057670959437789,22.388059701492537,0.0
FBXL13,0.0006057654238715493,22.382690862235584,0.0
ARL14EP,0.0006055620957220201,22.377322022978632,0.0
CPSF7,0.0006050247310317805,22.37195318372168,0.0
KLK7,0.0006047788139370606,22.366584344464727,0.0
C18orf25,0.000604730344329964,22.361215505207774,0.0
USP41,0.000604581413229154,22.35584666595082,0.0
OR8B3,0.000604458913924228,22.35047782669387,0.0
YAE1D1,0.0006041242943322762,22.345108987436916,0.0
DUSP21,0.0006039544804251524,22.339740148179963,0.0
PCED1B,0.0006036921563283155,22.33437130892301,0.0
C10orf2,0.0006028381390168031,22.329002469666058,0.0
CSNK2A3,0.0006028227816535184,22.323633630409105,0.0
IFNGR2,0.0006022163667557947,22.318264791152153,0.0
UBXN2B,0.0006022005858660466,22.3128959518952,0.0
BATF,0.0006017638827384808,22.307527112638248,0.0
FFAR3,0.0006016449114110591,22.302158273381295,0.0
CDIP1,0.0006013258287118366,22.296789434124342,0.0
NRIP2,0.0006009549848637342,22.29142059486739,0.0
TEKT3,0.0006009136650395739,22.286051755610437,0.0
GTF3A,0.0006000715987587595,22.280682916353484,0.0
KCTD8,0.00059927326254119,22.27531407709653,0.0
IGSF21,0.0005986544386710807,22.26994523783958,0.0
TNFSF15,0.000597845913290885,22.264576398582626,0.0
SCG3,0.0005975116810073135,22.259207559325674,0.0
CCDC172,0.0005972144747639124,22.25383872006872,0.0
OR8B12,0.0005970416394199807,22.24846988081177,0.0
OAZ3,0.0005954611734283251,22.243101041554816,0.0
CENPN,0.0005951066711871823,22.237732202297863,0.0
GPX8,0.0005949005619802904,22.23236336304091,0.0
MROH8,0.0005948191686663037,22.226994523783958,0.0
NPS,0.0005945989297250878,22.221625684527005,0.0
CNTLN,0.0005938735877332373,22.216256845270053,0.0
ZNF286B,0.0005937274670327097,22.2108880060131,0.0
ORM2,0.000592983472137659,22.205519166756147,0.0
GALR2,0.0005928201219317627,22.200150327499195,0.0
FBXL22,0.000592640762580704,22.194781488242242,0.0
QTRTD1,0.0005924826330446634,22.18941264898529,0.0
SORCS1,0.0005924372274012216,22.184043809728337,0.0
FTCD,0.0005921767981453177,22.178674970471384,0.0
KCTD21,0.000591850049877007,22.17330613121443,0.0
ZNF707,0.000591644177033998,22.16793729195748,0.0
OR6C2,0.0005909082473947326,22.162568452700526,0.0
CWC15,0.0005905563466601633,22.157199613443574,0.0
IFFO2,0.0005900687000139062,22.15183077418662,0.0
HIST1H3E,0.0005897977785673608,22.14646193492967,0.0
CCDC102B,0.0005896378492672657,22.141093095672716,0.0
UGT3A1,0.0005889485374312965,22.135724256415763,0.0
HPSE,0.0005885082333775796,22.13035541715881,0.0
PCDHA6,0.000588154473645537,22.124986577901858,0.0
CD52,0.0005879926232369205,22.119617738644905,0.0
TREM2,0.0005874825347625014,22.114248899387952,0.0
TNFSF4,0.0005871953510952439,22.108880060131,0.0
CSTA,0.0005869453677457032,22.103511220874047,0.0
OR9Q1,0.0005868995862200679,22.098142381617095,0.0
CNKSR2,0.0005864976602492948,22.092773542360142,0.0
FGL1,0.0005863961426613595,22.08740470310319,0.0
RGS22,0.000586097706985222,22.082035863846237,0.0
LPHN3,0.0005860305390737924,22.076667024589284,0.0
LRRC46,0.0005845987622732931,22.07129818533233,0.0
NAT16,0.0005844332290058416,22.06592934607538,0.0
SCT,0.0005843694455074427,22.060560506818426,0.0
WBP2NL,0.0005841150744498485,22.055191667561473,0.0
PRELID2,0.000584100058626387,22.04982282830452,0.0
CDC42EP2,0.0005839149849610405,22.044453989047568,0.0
LINGO1,0.0005836241570995973,22.039085149790616,0.0
SCGB2B2,0.0005819314424817954,22.033716310533663,0.0
ZKSCAN3,0.0005816160636228525,22.02834747127671,0.0
STK24,0.0005815655965984381,22.022978632019758,0.0
TLR10,0.0005811249649459749,22.017609792762805,0.0
SYTL3,0.0005809804657761423,22.012240953505852,0.0
NECAB2,0.0005798956000345756,22.0068721142489,0.0
ZNF778,0.0005797413192896851,22.001503274991947,0.0
DEFA3,0.0005793494099708676,21.996134435734994,0.0
SEL1L3,0.0005787777295526042,21.99076559647804,0.0
KRTDAP,0.000577824480453346,21.98539675722109,0.0
HNRNPH3,0.0005776758512453038,21.980027917964136,0.0
ANKRD18B,0.0005775112813213224,21.974659078707184,0.0
TMED4,0.0005771653938871387,21.96929023945023,0.0
NNAT,0.0005770251866392855,21.96392140019328,0.0
SIGLEC9,0.0005766208268095063,21.958552560936326,0.0
EIF4EBP2,0.0005748078814368832,21.953183721679373,0.0
KRTAP10-1,0.0005742135957535572,21.94781488242242,0.0
SCGB1D1,0.0005739350190428165,21.942446043165468,0.0
ZNF773,0.0005731616786870655,21.937077203908515,0.0
RHOG,0.0005728883062204736,21.931708364651563,0.0
CNOT6L,0.0005725091950898059,21.92633952539461,0.0
OR52I2,0.0005723150132059606,21.920970686137657,0.0
RSBN1L,0.0005716599971012042,21.915601846880705,0.0
ERMAP,0.0005712484142216095,21.910233007623752,0.0
SLC25A28,0.0005705851890052213,21.9048641683668,0.0
SKA3,0.0005698991927915645,21.899495329109847,0.0
LRRC58,0.0005696540186119007,21.894126489852894,0.0
OR2S2,0.000569073751216762,21.88875765059594,0.0
FAM227B,0.0005685999928388164,21.88338881133899,0.0
NT5M,0.0005685650292308048,21.878019972082036,0.0
OR1L3,0.0005680156978705461,21.872651132825084,0.0
PDDC1,0.0005678735299647667,21.86728229356813,0.0
OR2T27,0.0005677291172350566,21.86191345431118,0.0
HORMAD1,0.0005666462608370646,21.856544615054226,0.0
PSMG3,0.0005665673058934744,21.851175775797273,0.0
RAB40A,0.0005661646446923017,21.84580693654032,0.0
DIRAS2,0.0005660040641904158,21.840438097283368,0.0
GULP1,0.0005650765868773323,21.835069258026415,0.0
CORO7-PAM16,0.0005649582168849766,21.829700418769463,0.0
ZNF584,0.0005648283442155539,21.82433157951251,0.0
LBP,0.000564671912431829,21.818962740255557,0.0
VSIG10,0.0005646357219484565,21.813593900998605,0.0
SCGB3A2,0.0005644544114319159,21.808225061741652,0.0
AUNIP,0.0005639531479390512,21.8028562224847,0.0
VWA3B,0.000563828078821389,21.797487383227747,0.0
FCRL5,0.0005626986757826979,21.792118543970794,0.0
NOL10,0.0005625689639699448,21.78674970471384,0.0
RUNDC3A,0.0005622423924715066,21.781380865456885,0.0
KRTAP10-2,0.0005621579944967135,21.776012026199936,0.0
ZNF165,0.0005621057858603177,21.770643186942984,0.0
EQTN,0.0005620111761383956,21.76527434768603,0.0
KATNAL1,0.0005613639403400708,21.75990550842908,0.0
ZFAND4,0.0005612346111259079,21.754536669172126,0.0
CEACAM7,0.0005606494763176307,21.749167829915173,0.0
OR2M7,0.0005605966089306094,21.74379899065822,0.0
EFNA1,0.0005597304700418746,21.738430151401268,0.0
OR5B17,0.0005592234861588202,21.733061312144315,0.0
CYP4A11,0.000558998616528164,21.727692472887362,0.0
ASZ1,0.0005589292151706804,21.72232363363041,0.0
PAPD5,0.0005588083754850781,21.716954794373457,0.0
TRIM6,0.0005584501417125467,21.7115859551165,0.0
ZNF45,0.0005583289808769347,21.706217115859552,0.0
SLC25A14,0.0005582902754919139,21.7008482766026,0.0
TRHR,0.0005582898310807149,21.695479437345647,0.0
ZMYND15,0.0005578047264126213,21.690110598088694,0.0
GRID2IP,0.0005576908053972452,21.68474175883174,0.0
CYGB,0.0005570018296880483,21.67937291957479,0.0
TRIM43,0.0005567645947970965,21.674004080317836,0.0
EXD1,0.0005561257245260087,21.668635241060883,0.0
SLAMF8,0.0005559716956276013,21.66326640180393,0.0
KCNV1,0.0005558342285191874,21.657897562546978,0.0
GAST,0.000555483993270479,21.652528723290025,0.0
PHF19,0.0005552755189732145,21.64715988403307,0.0
ZBTB47,0.0005550655394522023,21.641791044776117,0.0
PPM1A,0.0005546120850139014,21.636422205519168,0.0
IQSEC3,0.0005543553061663312,21.631053366262215,0.0
NPIPB8,0.0005540633663852098,21.625684527005262,0.0
KIAA1614,0.0005533540808779421,21.62031568774831,0.0
TOX2,0.000553209010065774,21.614946848491357,0.0
TAS2R41,0.000552065472055988,21.609578009234404,0.0
SYCE2,0.0005516694663485773,21.60420916997745,0.0
ADAM2,0.00055063400471144,21.5988403307205,0.0
HORMAD2,0.0005505074506743319,21.593471491463546,0.0
FAM151A,0.0005498079463099834,21.588102652206594,0.0
ZCCHC8,0.000549727181814293,21.58273381294964,0.0
C16orf96,0.0005491054661913034,21.577364973692685,0.0
TTC24,0.0005482697012539641,21.571996134435736,0.0
STC2,0.0005477464366809397,21.566627295178783,0.0
BAI2,0.0005472352291853741,21.56125845592183,0.0
BTBD2,0.0005470791017687172,21.555889616664878,0.0
ZNF550,0.0005462922386347188,21.550520777407925,0.0
PPP4R1,0.0005462888072495656,21.545151938150973,0.0
BTG3,0.0005460719579178039,21.53978309889402,0.0
KLRB1,0.0005457918983682424,21.534414259637067,0.0
MRPS18A,0.0005456600058705597,21.529045420380115,0.0
TLR8,0.0005456566380865847,21.523676581123162,0.0
AMH,0.0005451783866958455,21.51830774186621,0.0
ADAM30,0.000545000291687252,21.512938902609253,0.0
SLAMF1,0.000544960984282824,21.5075700633523,0.0
GOLGA8H,0.0005442708661119969,21.50220122409535,0.0
OR51B5,0.0005431224232154589,21.4968323848384,0.0
ZNF680,0.0005429251601870819,21.491463545581446,0.0
OR2B11,0.0005427063883041975,21.486094706324494,0.0
RIPK2,0.0005426043068995475,21.48072586706754,0.0
HTR1F,0.0005414375340803162,21.47535702781059,0.0
ZNF891,0.0005412347795284678,21.469988188553636,0.0
TYROBP,0.000540827520697397,21.464619349296683,0.0
CCDC51,0.0005406624910743766,21.45925051003973,0.0
OR5AN1,0.0005405883233595503,21.453881670782778,0.0
OR2Y1,0.0005403823826604418,21.448512831525825,0.0
PXK,0.0005390962328662355,21.44314399226887,0.0
SLC38A5,0.0005378676640976038,21.437775153011916,0.0
C22orf42,0.0005376415414808876,21.432406313754967,0.0
CASC10,0.0005375048430516251,21.427037474498015,0.0
OR3A1,0.0005374062457199323,21.421668635241062,0.0
TNIP3,0.0005372347321701996,21.41629979598411,0.0
NEU4,0.0005372267736495674,21.410930956727157,0.0
CXorf23,0.0005370904981824411,21.405562117470204,0.0
SLC35G3,0.0005370240532462041,21.40019327821325,0.0
C2orf66,0.000536602372584063,21.3948244389563,0.0
OR6Q1,0.000536027635590138,21.389455599699346,0.0
OR1K1,0.0005357232226871286,21.384086760442393,0.0
EPPIN-WFDC6,0.0005356735066506666,21.378717921185437,0.0
ANKRD45,0.000535239966668919,21.373349081928485,0.0
LONRF1,0.0005350343312957498,21.367980242671532,0.0
LILRB3,0.0005344218115365642,21.362611403414583,0.0
GPR18,0.0005343446935448024,21.35724256415763,0.0
TAS2R16,0.0005340496305422575,21.351873724900678,0.0
HERPUD2,0.0005335987758837976,21.346504885643725,0.0
TMEM132B,0.0005334976729214676,21.341136046386772,0.0
MTX3,0.0005334933273205063,21.33576720712982,0.0
FAM155A,0.0005332463608312595,21.330398367872867,0.0
MARCH1,0.0005332035089735101,21.325029528615914,0.0
BRD3,0.0005327517378766874,21.31966068935896,0.0
ODF3B,0.0005322670156534855,21.31429185010201,0.0
CDYL2,0.0005317925040270715,21.308923010845053,0.0
AFM,0.0005315641538233773,21.3035541715881,0.0
DTX4,0.0005314370078792193,21.298185332331148,0.0
FAM110B,0.0005312860649159173,21.2928164930742,0.0
ESAM,0.000531050548334303,21.287447653817246,0.0
PRMT10,0.0005304475138828009,21.282078814560293,0.0
ACTR3C,0.0005303623033564344,21.27670997530334,0.0
OR5K2,0.0005303273695910461,21.271341136046388,0.0
SH2D7,0.0005297136507278456,21.265972296789435,0.0
TRIM31,0.0005294880497735608,21.260603457532483,0.0
TAGAP,0.0005281904915521422,21.25523461827553,0.0
CD3G,0.00052802064038314,21.249865779018577,0.0
GRIK5,0.0005275659122053098,21.24449693976162,0.0
FAM219A,0.0005275331210939183,21.23912810050467,0.0
UNC5D,0.0005270381652326378,21.233759261247716,0.0
CCL24,0.0005269965780652063,21.228390421990763,0.0
MKLN1,0.0005269542547416148,21.223021582733814,0.0
FAM171A1,0.0005267924952833526,21.21765274347686,0.0
LILRA4,0.0005266581104935845,21.21228390421991,0.0
MED7,0.0005263989009663334,21.206915064962956,0.0
INCA1,0.0005262602705005507,21.201546225706004,0.0
KCNK17,0.0005258937093070425,21.19617738644905,0.0
DAPP1,0.0005255867922144801,21.1908085471921,0.0
KBTBD2,0.0005254728225429241,21.185439707935146,0.0
P2RY12,0.0005252410819484592,21.180070868678193,0.0
PTH2,0.0005250388764667599,21.174702029421237,0.0
KCNS2,0.0005239590891787131,21.169333190164284,0.0
TMEM88,0.0005239512237614791,21.16396435090733,0.0
MUM1L1,0.0005233089910188258,21.15859551165038,0.0
TRIM17,0.000523065332036142,21.15322667239343,0.0
TRPV3,0.0005230453863954406,21.147857833136477,0.0
CLPSL2,0.000522665834524189,21.142488993879525,0.0
FAM206A,0.0005224915958710952,21.137120154622572,0.0
OR51L1,0.000521520448633527,21.13175131536562,0.0
SNX22,0.0005212841170896433,21.126382476108667,0.0
IGSF5,0.0005209289911117059,21.121013636851714,0.0
OR10A6,0.0005209096295717209,21.11564479759476,0.0
CKLF-CMTM1,0.0005206100238901023,21.110275958337805,0.0
EFS,0.0005199581298045727,21.104907119080853,0.0
BSX,0.0005188280963994553,21.0995382798239,0.0
FCRLB,0.0005187187710893567,21.094169440566947,0.0
C10orf107,0.0005185610418025855,21.088800601309995,0.0
C20orf26,0.0005181529880818827,21.083431762053046,0.0
GRAP2,0.0005180326446402107,21.078062922796093,0.0
SLC44A5,0.0005177820863551104,21.07269408353914,0.0
OR51I1,0.000517752095620937,21.067325244282188,0.0
SMIM3,0.0005176713914803292,21.061956405025235,0.0
ZFP91,0.0005176455999875577,21.056587565768282,0.0
CCDC170,0.0005174675239554155,21.05121872651133,0.0
OR8B8,0.0005172647757629078,21.045849887254377,0.0
ADAMTS16,0.0005171050899478019,21.04048104799742,0.0
ZNF563,0.0005169513838691227,21.03511220874047,0.0
UTS2R,0.0005158000143094317,21.029743369483516,0.0
NCAM2,0.0005153928123098039,21.024374530226563,0.0
TPTE,0.0005149336821132167,21.01900569096961,0.0
RP11-762I7.5,0.0005145703804850928,21.01363685171266,0.0
TMSB15B,0.0005145352911121544,21.00826801245571,0.0
PPP2R2B,0.0005139631803912866,21.002899173198756,0.0
C3orf67,0.00051380819086789,20.997530333941803,0.0
SMIM21,0.0005137394426532809,20.99216149468485,0.0
ZNF844,0.0005134036719327201,20.986792655427898,0.0
MLNR,0.0005132350332497165,20.981423816170945,0.0
LRRC26,0.0005130375079627598,20.97605497691399,0.0
KRTAP10-6,0.0005129393292132626,20.970686137657037,0.0
CPLX3,0.0005127333101327849,20.965317298400084,0.0
SLC2A4RG,0.0005126882703869621,20.95994845914313,0.0
LRCH2,0.0005126013018679527,20.95457961988618,0.0
SRSF12,0.0005125414751055287,20.949210780629226,0.0
ZNF321P,0.0005122736669835128,20.943841941372277,0.0
ZNF831,0.0005120516886862776,20.938473102115324,0.0
MMP27,0.0005119719135421014,20.93310426285837,0.0
ABHD6,0.0005119629232857167,20.92773542360142,0.0
C9,0.0005115663291208284,20.922366584344466,0.0
RP13-279N23.2,0.0005110161122605487,20.916997745087514,0.0
HUS1B,0.0005108235507056723,20.91162890583056,0.0
ALDH3B2,0.0005105971638331283,20.906260066573605,0.0
GCHFR,0.0005101555540016669,20.900891227316652,0.0
PRCC,0.0005100557613675034,20.8955223880597,0.0
ZNF554,0.0005100288799037013,20.890153548802747,0.0
PARP11,0.0005099568709029374,20.884784709545794,0.0
ZNF319,0.0005098311921821518,20.879415870288845,0.0
RRP15,0.0005079406918437446,20.874047031031893,0.0
SLC16A10,0.000507884617277704,20.86867819177494,0.0
OR51Q1,0.0005076563437337936,20.863309352517987,0.0
DMP1,0.0005073132133433406,20.857940513261035,0.0
HRH2,0.0005068528097624892,20.852571674004082,0.0
ZNF576,0.0005067663907316925,20.84720283474713,0.0
CDK5R2,0.0005067401624888006,20.841833995490173,0.0
KRTAP20-1,0.0005065577916931533,20.83646515623322,0.0
FYB,0.0005063111628695609,20.831096316976268,0.0
B3GNT4,0.0005062699963873464,20.825727477719315,0.0
KCNA6,0.000506046165669238,20.820358638462363,0.0
AP000275.65,0.0005059291661869416,20.81498979920541,0.0
ZNF804A,0.0005057486942697234,20.80962095994846,0.0
TMEM174,0.000505704111239909,20.80425212069151,0.0
TMCC3,0.0005054941676090195,20.798883281434556,0.0
CLEC2L,0.0005051116729367626,20.793514442177603,0.0
CD96,0.0005049772783352791,20.78814560292065,0.0
GGT2,0.0005045614745055844,20.782776763663698,0.0
PCDH8,0.0005042614812341506,20.777407924406745,0.0
RAET1G,0.0005037067754648163,20.77203908514979,0.0
KLRC2,0.0005034634910561031,20.766670245892836,0.0
LY6K,0.000503246403995242,20.761301406635884,0.0
ZNF367,0.0005031724109454039,20.75593256737893,0.0
CST7,0.0005031074547407721,20.75056372812198,0.0
SLC26A8,0.0005028358910941625,20.745194888865026,0.0
MSLNL,0.0005025178705553217,20.739826049608077,0.0
ANKMY1,0.0005023604179023381,20.734457210351124,0.0
REXO1,0.0005015868269571013,20.72908837109417,0.0
CEACAM3,0.0005012657076448738,20.72371953183722,0.0
ABHD17C,0.000501259137827127,20.718350692580266,0.0
OR6M1,0.0005008730754702316,20.712981853323313,0.0
SLFN12,0.0005008054206514319,20.707613014066357,0.0
TRIM46,0.0005006780439273527,20.702244174809405,0.0
CARD16,0.0004996105681766389,20.696875335552452,0.0
CLCA2,0.0004994479316186482,20.6915064962955,0.0
ACSBG2,0.0004992919478777595,20.686137657038547,0.0
RSAD2,0.0004991269285178406,20.680768817781594,0.0
MEF2B,0.0004983145632165338,20.67539997852464,0.0
NYAP1,0.0004981741304265272,20.670031139267692,0.0
BCMO1,0.0004980144923593412,20.66466230001074,0.0
FAM149A,0.0004977828703658718,20.659293460753787,0.0
IL17REL,0.0004976902139918904,20.653924621496834,0.0
SSUH2,0.0004975946433694251,20.64855578223988,0.0
ASAH2,0.0004973103009753104,20.64318694298293,0.0
FBXW12,0.0004971401708243122,20.637818103725973,0.0
HHIPL1,0.0004970800807650787,20.63244926446902,0.0
CXCR1,0.0004968425649031339,20.627080425212068,0.0
KLF14,0.0004967934851352716,20.621711585955115,0.0
KLK15,0.0004966940608768975,20.616342746698162,0.0
KRTAP10-4,0.0004966451652763102,20.61097390744121,0.0
CES4A,0.0004966262632408448,20.605605068184257,0.0
ART4,0.0004964195492048573,20.600236228927308,0.0
CCDC157,0.0004964061193851611,20.594867389670355,0.0
ADAMTS15,0.0004957304654915377,20.589498550413403,0.0
FYTTD1,0.0004955401370496933,20.58412971115645,0.0
CDK17,0.0004954731247717801,20.578760871899497,0.0
SLC17A3,0.0004945964173384359,20.57339203264254,0.0
GAL3ST1,0.0004943413030735098,20.56802319338559,0.0
TIGD4,0.0004942961451005432,20.562654354128636,0.0
KRTAP12-1,0.000494043638494003,20.557285514871683,0.0
ASCL4,0.0004938703539840726,20.55191667561473,0.0
ZNF726,0.0004936518082959971,20.546547836357778,0.0
C1orf106,0.0004925394295471812,20.541178997100825,0.0
OR2A5,0.000492429101415054,20.535810157843873,0.0
KRT39,0.0004922312918505286,20.530441318586924,0.0
C14orf142,0.0004920171058847117,20.52507247932997,0.0
OR1J2,0.000491903920861911,20.51970364007302,0.0
CRCT1,0.0004916023767683901,20.514334800816066,0.0
ZMYND19,0.000491511881167893,20.508965961559113,0.0
JMJD7-PLA2G4B,0.0004913669933384998,20.503597122302157,0.0
DEFB121,0.000491203827592057,20.498228283045204,0.0
GOLGA8J,0.0004908052368360115,20.49285944378825,0.0
ALYREF,0.0004907827850517806,20.4874906045313,0.0
NSUN3,0.0004902895401380305,20.482121765274346,0.0
BCL2L10,0.0004902358391992648,20.476752926017394,0.0
FAM72B,0.0004901796567078802,20.47138408676044,0.0
PROCA1,0.0004900355536101128,20.46601524750349,0.0
N4BP1,0.0004899618542130291,20.46064640824654,0.0
SLC25A35,0.0004891216924438589,20.455277568989587,0.0
TMPRSS9,0.000488751753130641,20.449908729732634,0.0
SFMBT2,0.0004886140346708539,20.44453989047568,0.0
KIAA1143,0.0004885552971536431,20.439171051218725,0.0
INSL3,0.0004883898399501251,20.433802211961773,0.0
OR1L4,0.0004883655059170032,20.42843337270482,0.0
OR10A3,0.0004874340353414063,20.423064533447867,0.0
PPP1R14A,0.0004871123377336856,20.417695694190915,0.0
TMEM110-MUSTN1,0.00048679957022902676,20.412326854933962,0.0
KRTAP19-8,0.00048656972497224826,20.40695801567701,0.0
MROH9,0.00048617842339259803,20.401589176420057,0.0
DEFB114,0.000485642283663411,20.396220337163104,0.0
CELA3A,0.00048533715062243154,20.390851497906155,0.0
BZRAP1,0.0004852672531114338,20.385482658649202,0.0
USP31,0.0004851330218777625,20.38011381939225,0.0
ZNF594,0.000484838318583531,20.374744980135297,0.0
CCRL2,0.0004846758684232687,20.36937614087834,0.0
KRTAP10-12,0.0004846317396157387,20.36400730162139,0.0
OR8U1,0.0004842554503106905,20.358638462364436,0.0
ABHD12B,0.00048425351995287603,20.353269623107483,0.0
SPPL3,0.0004837952762946902,20.34790078385053,0.0
GSK3A,0.0004835863359555213,20.342531944593578,0.0
PYDC2,0.00048343553142699263,20.337163105336625,0.0
ZC2HC1A,0.00048286233126448375,20.331794266079672,0.0
MFSD4,0.0004826371615481638,20.32642542682272,0.0
DEFB115,0.0004824719577836181,20.32105658756577,0.0
RNF6,0.0004819288566540421,20.315687748308818,0.0
C3orf20,0.0004818515799971953,20.310318909051865,0.0
ZNF667,0.0004817827803921343,20.30495006979491,0.0
LSAMP,0.00048158629431031586,20.299581230537957,0.0
SLC46A1,0.0004814169167524772,20.294212391281004,0.0
RNF144A,0.0004810660473308642,20.28884355202405,0.0
ZNF835,0.00048104736156476805,20.2834747127671,0.0
DEFB136,0.0004806614207841114,20.278105873510146,0.0
GCH1,0.00048064434016678234,20.272737034253193,0.0
GHRL,0.00048035830693990737,20.26736819499624,0.0
TRMT44,0.0004801597804635179,20.261999355739288,0.0
SLC26A1,0.0004800296468977971,20.256630516482335,0.0
GOLGA8M,0.00047983507737330515,20.251261677225386,0.0
ELFN1,0.00047948713727931765,20.245892837968434,0.0
OR4C12,0.00047943869761602875,20.24052399871148,0.0
CLEC1A,0.000478982532701283,20.235155159454525,0.0
ELFN2,0.0004788414342841111,20.229786320197572,0.0
NR1I2,0.00047882824280103,20.22441748094062,0.0
KIF2B,0.000478548923126167,20.219048641683667,0.0
AGXT2,0.0004777981592035052,20.213679802426714,0.0
HTR5A,0.00047721951369088255,20.20831096316976,0.0
OR56B1,0.0004764606230191279,20.20294212391281,0.0
ARRDC2,0.0004760832779739296,20.197573284655856,0.0
FAM194A,0.0004755787331824065,20.192204445398904,0.0
HIST1H2BE,0.0004750380979013704,20.186835606141955,0.0
TIGIT,0.00047479444425372805,20.181466766885002,0.0
APOBEC3D,0.00047479145811636316,20.17609792762805,0.0
GAL3ST2,0.0004745501835318377,20.170729088371093,0.0
TMEM41A,0.0004744120277461671,20.16536024911414,0.0
PCDHB11,0.0004742498790277323,20.159991409857188,0.0
TOR4A,0.00047422821524550126,20.154622570600235,0.0
C7orf61,0.0004735998717440323,20.149253731343283,0.0
KIAA0101,0.00047335943201984125,20.14388489208633,0.0
ASIC1,0.0004732906189703188,20.138516052829377,0.0
C6orf89,0.0004731852387568577,20.133147213572425,0.0
VWA5A,0.0004729485420869284,20.127778374315472,0.0
MOGAT1,0.00047256241122526206,20.12240953505852,0.0
PCDHGB2,0.0004724623285161324,20.11704069580157,0.0
MAL2,0.00047116171082900633,20.111671856544618,0.0
CT47B1,0.0004711213647415058,20.106303017287665,0.0
USP51,0.0004710706991509768,20.10093417803071,0.0
MAGEA10,0.0004710599012482569,20.095565338773756,0.0
EPHX4,0.00047101796853067255,20.090196499516804,0.0
IGFL1,0.00047041395093400524,20.08482766025985,0.0
TREML1,0.00047041049498719125,20.0794588210029,0.0
CAPN6,0.0004701963104905849,20.074089981745946,0.0
STK32A,0.00047007135545787144,20.068721142488993,0.0
HECA,0.0004694029334933119,20.06335230323204,0.0
HAAO,0.0004691821068718924,20.057983463975088,0.0
ASB8,0.0004683607995200654,20.052614624718135,0.0
TMEM117,0.00046819845583581974,20.047245785461186,0.0
C1orf101,0.00046818099274473267,20.041876946204233,0.0
TNK1,0.000468136678918048,20.036508106947277,0.0
CNBD1,0.00046812237998692497,20.031139267690325,0.0
OR2A25,0.0004679878027049591,20.025770428433372,0.0
HIPK4,0.0004678989652137719,20.02040158917642,0.0
CLVS2,0.000467893574185849,20.015032749919467,0.0
KIAA0895L,0.0004678308722152284,20.009663910662514,0.0
FAM150A,0.0004675668058322116,20.00429507140556,0.0
AZU1,0.00046675496831849705,19.99892623214861,0.0
ZNF610,0.0004666961548894101,19.993557392891656,0.0
MEIG1,0.00046588944869569983,19.988188553634703,0.0
CMAS,0.00046573973117504267,19.98281971437775,0.0
SH2D2A,0.00046519944171851443,19.9774508751208,0.0
HOXC5,0.0004651253700926138,19.97208203586385,0.0
HEXIM2,0.0004643385462448831,19.966713196606893,0.0
MOS,0.000464041892605238,19.96134435734994,0.0
ULBP3,0.00046389464651670954,19.955975518092988,0.0
FAM170A,0.00046352275772989116,19.950606678836035,0.0
KRT80,0.00046327391740742026,19.945237839579082,0.0
SPANXC,0.00046304014644047754,19.93986900032213,0.0
FMO5,0.0004629046279264361,19.934500161065177,0.0
OR52K1,0.00046270849740351816,19.929131321808224,0.0
C17orf47,0.0004622245848489758,19.923762482551272,0.0
ENTHD1,0.00046191814511485136,19.91839364329432,0.0
ZNF334,0.00046154738135623845,19.913024804037367,0.0
CYP2C19,0.00046147544425210964,19.907655964780417,0.0
CIDEB,0.0004613370381215492,19.90228712552346,0.0
MDGA1,0.00046065938897240895,19.89691828626651,0.0
SPATA6L,0.00046063659072860443,19.891549447009556,0.0
ZP4,0.0004600759229029144,19.886180607752603,0.0
SOX15,0.00046002846518523215,19.88081176849565,0.0
MPLKIP,0.00045953832448119837,19.875442929238698,0.0
SPATA8,0.00045931244625546636,19.870074089981745,0.0
THAP10,0.00045894905793256917,19.864705250724793,0.0
TMEM170A,0.00045888040499914164,19.85933641146784,0.0
ISG20,0.00045842964984446676,19.853967572210887,0.0
OR2AG1,0.0004583954767221115,19.848598732953935,0.0
KMO,0.00045821049185498753,19.843229893696982,0.0
S100A3,0.0004577504274618528,19.837861054440033,0.0
SPDYE4,0.00045769597974207625,19.832492215183077,0.0
ZNF169,0.0004576530299808857,19.827123375926124,0.0
NAT6,0.0004571507896418319,19.82175453666917,0.0
PSAPL1,0.0004570729186926674,19.81638569741222,0.0
MAP6D1,0.00045694212663814756,19.811016858155266,0.0
ARL11,0.00045688187385366523,19.805648018898314,0.0
NRN1,0.0004567934034958608,19.80027917964136,0.0
CLEC18A,0.0004566772935494538,19.79491034038441,0.0
CTSE,0.00045667635461497214,19.789541501127456,0.0
ZAP70,0.00045605522207313296,19.784172661870503,0.0
CLEC2D,0.00045600355178027394,19.77880382261355,0.0
PPP1R1B,0.00045585083989983365,19.773434983356598,0.0
HAPLN3,0.0004556487049354132,19.768066144099645,0.0
PABPC1L2A,0.00045557991390332813,19.762697304842693,0.0
IBA57,0.0004552184240085119,19.75732846558574,0.0
ADIRF,0.0004546509769549994,19.751959626328787,0.0
SLC22A7,0.00045442808915049503,19.746590787071835,0.0
FAM120AOS,0.0004538759288864595,19.741221947814882,0.0
ZNF177,0.0004536518147539736,19.73585310855793,0.0
ENTPD8,0.00045322585331519755,19.730484269300977,0.0
PRSS22,0.0004531531449439313,19.725115430044024,0.0
TVP23C-CDRT4,0.0004529333079838972,19.71974659078707,0.0
PDHA2,0.00045253813810403775,19.71437775153012,0.0
ULBP2,0.0004524426754075811,19.709008912273166,0.0
C19orf73,0.00045233155957548116,19.703640073016214,0.0
CD80,0.00045232227638042995,19.69827123375926,0.0
OR9I1,0.0004522923921407682,19.69290239450231,0.0
BMP8A,0.0004514499063395639,19.687533555245356,0.0
FAM71D,0.00045130237979862777,19.682164715988403,0.0
OAF,0.00045123476765651085,19.67679587673145,0.0
SLAMF7,0.00045084247046687934,19.671427037474498,0.0
COL26A1,0.00045074987637698744,19.666058198217545,0.0
SOX30,0.0004507180199754137,19.660689358960592,0.0
C11orf80,0.00045053905836841174,19.65532051970364,0.0
RP11-426L16.10,0.00045049696277145126,19.649951680446687,0.0
JHDM1D,0.00044997666700360707,19.644582841189735,0.0
RINL,0.0004496378668040705,19.639214001932782,0.0
C16orf92,0.0004494798877597444,19.63384516267583,0.0
C6orf58,0.0004489225967277844,19.628476323418877,0.0
PCDHGA3,0.0004488452182414639,19.623107484161924,0.0
ZFP30,0.00044862396292794717,19.61773864490497,0.0
GAB4,0.00044854054062300484,19.61236980564802,0.0
PIGY,0.00044839738420298394,19.607000966391066,0.0
OGFOD2,0.00044813999174544256,19.601632127134113,0.0
RTKN2,0.00044749897951649396,19.59626328787716,0.0
ZNF235,0.0004471251664510528,19.590894448620208,0.0
GIMAP1,0.00044689644008184413,19.585525609363255,0.0
OR1A1,0.00044675540512677866,19.580156770106303,0.0
OR1M1,0.0004464453849014363,19.57478793084935,0.0
SLC1A7,0.00044637351803684857,19.569419091592398,0.0
ADD2,0.00044534958656885875,19.564050252335445,0.0
TCEANC,0.00044499911858898283,19.558681413078492,0.0
XXbac-BPG32J3.20,0.0004445594530973635,19.55331257382154,0.0
TCEAL7,0.0004444141777210619,19.547943734564587,0.0
ZSCAN9,0.00044404972826930236,19.542574895307634,0.0
SPRR2E,0.0004436526819592328,19.53720605605068,0.0
DYDC1,0.00044355498965099026,19.53183721679373,0.0
KIAA1324L,0.00044339558049352024,19.526468377536776,0.0
BABAM1,0.0004431473278968319,19.521099538279824,0.0
KIAA0226L,0.0004430516220282686,19.51573069902287,0.0
RP11-77K12.1,0.0004427626736137432,19.51036185976592,0.0
PRSS12,0.0004417908545577415,19.504993020508966,0.0
RUFY4,0.00044114606207484473,19.499624181252013,0.0
PCDHA9,0.0004408829731638735,19.49425534199506,0.0
NUTM2B,0.00044064498496529104,19.488886502738108,0.0
ORM1,0.00044061942369834003,19.483517663481155,0.0
APOM,0.0004397984705045787,19.478148824224203,0.0
CPNE8,0.00043964040911756446,19.47277998496725,0.0
RP11-603J24.9,0.0004396367282192961,19.467411145710297,0.0
PSMA2,0.00043912504403344964,19.462042306453345,0.0
LRRC37A,0.00043908081708296173,19.456673467196392,0.0
SLC25A23,0.0004390389856889738,19.45130462793944,0.0
RSPH6A,0.00043862499625949784,19.445935788682487,0.0
WDR54,0.0004385787801237997,19.440566949425534,0.0
CCL4L1,0.00043810361984776715,19.43519811016858,0.0
FAM9A,0.00043770565346822244,19.42982927091163,0.0
RHD,0.00043733782771226856,19.424460431654676,0.0
ATP6V1E2,0.00043727836941782016,19.419091592397724,0.0
MEIOB,0.0004372188374687835,19.41372275314077,0.0
PPAN-P2RY11,0.000436628653788294,19.40835391388382,0.0
VIT,0.0004363428005871682,19.402985074626866,0.0
TNN,0.00043610122459947047,19.397616235369913,0.0
ARMCX5,0.0004357806369797431,19.39224739611296,0.0
CDKN3,0.00043552597400105573,19.386878556856008,0.0
GPR149,0.00043505665543368233,19.381509717599055,0.0
OR6C75,0.0004350511063190033,19.376140878342103,0.0
LDLRAD3,0.00043461296378912145,19.37077203908515,0.0
TMCO2,0.00043363899225577535,19.365403199828197,0.0
OSCP1,0.00043358969418158056,19.360034360571245,0.0
RNF148,0.00043341897828892077,19.354665521314292,0.0
OR8K5,0.00043335789781730747,19.34929668205734,0.0
TFDP2,0.0004332342923383718,19.343927842800387,0.0
OR7D4,0.0004331602652646878,19.338559003543434,0.0
ADAM18,0.00043214478550854295,19.33319016428648,0.0
RP11-343C2.9,0.00043080009243579395,19.32782132502953,0.0
KISS1,0.0004301257844976598,19.322452485772576,0.0
OR8H2,0.0004300294486678156,19.317083646515623,0.0
SPATS2L,0.0004289106462418605,19.31171480725867,0.0
KCNT2,0.0004288997753339067,19.306345968001718,0.0
GMEB1,0.0004286465929565893,19.300977128744766,0.0
PUS3,0.0004283159820345179,19.295608289487813,0.0
MEX3A,0.00042827429175360074,19.29023945023086,0.0
UPK1A,0.00042818919694072473,19.284870610973908,0.0
THNSL1,0.0004278561871023272,19.279501771716955,0.0
BTBD8,0.00042715052428960495,19.274132932460002,0.0
MPPED2,0.0004270300283455387,19.26876409320305,0.0
C9orf40,0.00042693157886393397,19.263395253946097,0.0
KRTAP5-9,0.0004269249486172825,19.258026414689144,0.0
KLK11,0.00042660653215822195,19.252657575432192,0.0
LRRD1,0.00042659947443804213,19.24728873617524,0.0
ZNF223,0.0004264649808230363,19.241919896918287,0.0
GPR56,0.0004261376637657575,19.236551057661334,0.0
OR10R2,0.00042609301948513524,19.23118221840438,0.0
MVB12B,0.00042536631790042196,19.22581337914743,0.0
DMRT1,0.0004249558716259647,19.220444539890476,0.0
TRPM5,0.0004245059207035605,19.215075700633523,0.0
CCDC27,0.00042425317301579096,19.20970686137657,0.0
TRAT1,0.0004241153228980154,19.204338022119618,0.0
PASD1,0.00042403978719010913,19.198969182862665,0.0
LYG2,0.00042381190349187497,19.193600343605713,0.0
PPP2R2C,0.00042375051298852734,19.18823150434876,0.0
HIST1H3B,0.000422986235210222,19.182862665091807,0.0
NARG2,0.0004227588299849868,19.177493825834855,0.0
MIEN1,0.0004227102284397614,19.172124986577902,0.0
DRAM1,0.00042269540996380206,19.16675614732095,0.0
FOXB2,0.0004225125247081166,19.161387308063997,0.0
CTD-2616J11.11,0.0004222216870886634,19.156018468807044,0.0
CD2,0.0004220132772352472,19.15064962955009,0.0
SLC31A2,0.0004220086924842101,19.14528079029314,0.0
RPP14,0.0004210025491514684,19.139911951036186,0.0
TCERG1L,0.00042082021537825286,19.134543111779234,0.0
CARD18,0.00042051009461556156,19.12917427252228,0.0
MMEL1,0.00042038712211969634,19.12380543326533,0.0
MORN4,0.0004203674605640512,19.118436594008376,0.0
H2BFM,0.00042036014304883227,19.113067754751423,0.0
TMEM145,0.0004199599716041611,19.10769891549447,0.0
SECTM1,0.00041985239036170977,19.102330076237518,0.0
ZNF114,0.0004197220429812749,19.096961236980565,0.0
CCNYL1,0.00041946135297942394,19.091592397723613,0.0
IL7,0.00041922297117992215,19.08622355846666,0.0
C10orf128,0.0004191972877720226,19.080854719209704,0.0
OR51A4,0.0004191424418895597,19.075485879952755,0.0
ZNF618,0.0004190905953872924,19.070117040695802,0.0
PIH1D2,0.0004184080246449188,19.06474820143885,0.0
RAB20,0.0004183895103330976,19.059379362181897,0.0
ZNF410,0.0004180477978199893,19.054010522924944,0.0
PRIM1,0.0004179321265636171,19.04864168366799,0.0
OR13D1,0.0004176249552011608,19.04327284441104,0.0
GALNT5,0.0004169753336581149,19.037904005154086,0.0
WDR64,0.00041679882687433166,19.032535165897134,0.0
HPDL,0.00041656014044064014,19.02716632664018,0.0
CCDC169-SOHLH2,0.00041627735824065334,19.02179748738323,0.0
ACER2,0.00041591580465037486,19.016428648126276,0.0
ZNF530,0.0004158491580717393,19.01105980886932,0.0
OR52M1,0.00041553814121326625,19.00569096961237,0.0
TMEM52B,0.0004149126772888421,19.000322130355418,0.0
DEPTOR,0.0004148645659069838,18.994953291098465,0.0
PATE1,0.00041483352877975466,18.989584451841512,0.0
LRRC47,0.0004144830058038701,18.98421561258456,0.0
RAPGEF5,0.00041425599990534535,18.978846773327607,0.0
RP11-637O19.3,0.0004141744016611203,18.973477934070655,0.0
C16orf59,0.0004139883216742572,18.968109094813702,0.0
PPIL1,0.00041395126549342577,18.96274025555675,0.0
PTPN5,0.0004139413821041226,18.957371416299797,0.0
CHRNA6,0.00041373675822315825,18.952002577042844,0.0
FAM187A,0.00041366019960226933,18.946633737785888,0.0
AK4,0.00041365248289664946,18.941264898528935,0.0
SPATA33,0.0004135473355499139,18.935896059271986,0.0
FPR3,0.00041354684941668243,18.930527220015033,0.0
PSCA,0.0004135072309111948,18.92515838075808,0.0
OR4C6,0.0004134454667318507,18.919789541501128,0.0
GABRA3,0.0004130902071342888,18.914420702244175,0.0
STK32C,0.0004128085179208778,18.909051862987223,0.0
SCAMP2,0.0004127531847497578,18.90368302373027,0.0
SLC35F4,0.0004124336362472809,18.898314184473318,0.0
ERO1LB,0.00041201281308644665,18.892945345216365,0.0
SYT4,0.0004118314076162227,18.887576505959412,0.0
SPPL2C,0.00041182430030438567,18.88220766670246,0.0
FAM188A,0.0004113212838037488,18.876838827445503,0.0
HIST1H4H,0.0004109116179265082,18.87146998818855,0.0
NAT9,0.00041064173815593644,18.8661011489316,0.0
IYD,0.0004100657727701136,18.86073230967465,0.0
DET1,0.0004098775382264,18.855363470417696,0.0
SPATA2,0.00040970771015486014,18.849994631160744,0.0
HTR1D,0.00040936656976720465,18.84462579190379,0.0
LYPLA2,0.00040912813226312344,18.83925695264684,0.0
GABRP,0.0004084475134961098,18.833888113389886,0.0
CBX7,0.00040757587750277766,18.828519274132933,0.0
ZNF14,0.00040753998159003305,18.82315043487598,0.0
OR2C1,0.0004075000054609032,18.817781595619028,0.0
OR2G2,0.0004071657508780552,18.81241275636207,0.0
GHDC,0.00040703558552327877,18.80704391710512,0.0
ASTE1,0.0004069130796130864,18.80167507784817,0.0
RP11-574K11.31,0.0004067643494029178,18.796306238591217,0.0
NME9,0.0004064163401802671,18.790937399334265,0.0
OR13G1,0.0004063531810000392,18.785568560077312,0.0
CSNK1A1L,0.0004060486632737348,18.78019972082036,0.0
OR5H14,0.0004058973173301182,18.774830881563407,0.0
LAIR2,0.0004053531522421952,18.769462042306454,0.0
KCNMB3,0.0004042105133945812,18.7640932030495,0.0
LRRC25,0.0004041666631187557,18.75872436379255,0.0
LCE2B,0.00040408242397406283,18.753355524535596,0.0
CYB561D1,0.0004039917428831757,18.747986685278644,0.0
AKNAD1,0.0004031873535655018,18.742617846021687,0.0
CD244,0.00040307092116929595,18.737249006764735,0.0
KHDRBS2,0.0004029569249717895,18.731880167507786,0.0
OR8I2,0.00040259517501401,18.726511328250833,0.0
RP4-539M6.19,0.000401958550564673,18.72114248899388,0.0
WDR18,0.0004018970701971837,18.715773649736928,0.0
RNF145,0.00040179694599912306,18.710404810479975,0.0
HS6ST3,0.00040169869379279375,18.705035971223023,0.0
FAM229B,0.0004008975795053149,18.69966713196607,0.0
CPA5,0.0004007059997371645,18.694298292709117,0.0
KRTAP10-10,0.0004005445478932738,18.688929453452165,0.0
CD27,0.0004000134855716948,18.683560614195212,0.0
OCLN,0.00039940112432576807,18.678191774938256,0.0
ASIC4,0.0003992277861620054,18.672822935681303,0.0
ZNF582,0.00039900427358327106,18.66745409642435,0.0
KLHDC7B,0.0003989778221972232,18.6620852571674,0.0
SIGLEC5,0.00039844942981635963,18.65671641791045,0.0
SIT1,0.0003984144128964461,18.651347578653496,0.0
MSLN,0.00039823543101540965,18.645978739396543,0.0
ZNF775,0.000398180851347072,18.64060990013959,0.0
C2orf73,0.00039817619400680474,18.635241060882638,0.0
STYX,0.00039805981024662173,18.629872221625686,0.0
KCNN4,0.0003980535850530252,18.624503382368733,0.0
OR51V1,0.0003978326558724727,18.61913454311178,0.0
OR13C4,0.0003975600583423095,18.613765703854828,0.0
GLRA2,0.00039706812497108555,18.60839686459787,0.0
SLC8A2,0.0003969837701127673,18.60302802534092,0.0
EMR2,0.0003969670313483861,18.597659186083966,0.0
TGM6,0.0003968119850531127,18.592290346827017,0.0
NKPD1,0.00039673082876188657,18.586921507570064,0.0
OR4D11,0.00039660354314600114,18.581552668313112,0.0
PAIP1,0.00039639783800119176,18.57618382905616,0.0
NUTM2A,0.00039623576806227973,18.570814989799207,0.0
OTOS,0.0003957557577997968,18.565446150542254,0.0
CHIT1,0.000395041427165007,18.5600773112853,0.0
OR2D3,0.00039475742297468585,18.55470847202835,0.0
ZNF79,0.0003943858050814186,18.549339632771396,0.0
LCN15,0.00039429606552883543,18.54397079351444,0.0
POTEC,0.0003940592528874151,18.538601954257487,0.0
LY6G6F,0.0003940426986328928,18.533233115000534,0.0
LYSMD1,0.00039395725722310226,18.527864275743582,0.0
CD8B,0.00039391189788240817,18.522495436486633,0.0
WAPAL,0.0003938386129998401,18.51712659722968,0.0
C11orf57,0.00039379719800411407,18.511757757972727,0.0
OR8J1,0.0003934365436482938,18.506388918715775,0.0
ZNF398,0.0003926186723667114,18.501020079458822,0.0
HOXD8,0.0003921133428462393,18.49565124020187,0.0
H2AFJ,0.0003920891524095044,18.490282400944917,0.0
TDP1,0.0003912984119316271,18.484913561687964,0.0
TTC39A,0.0003906629428779892,18.47954472243101,0.0
TPRG1L,0.00039050637517346596,18.474175883174055,0.0
FAM71C,0.00039014341995100623,18.468807043917103,0.0
CCNI2,0.00039000835881418405,18.46343820466015,0.0
ZNF813,0.00038955599912519673,18.458069365403198,0.0
NETO2,0.0003894609681364161,18.45270052614625,0.0
SLC17A2,0.00038924016904602274,18.447331686889296,0.0
RFTN2,0.00038871240226904873,18.441962847632343,0.0
FANK1,0.0003883950744589089,18.43659400837539,0.0
CADM4,0.0003880610448745372,18.431225169118438,0.0
ZNF200,0.000387950103025991,18.425856329861485,0.0
NEIL3,0.0003874029234005192,18.420487490604533,0.0
NEK6,0.00038708169419953906,18.41511865134758,0.0
RFPL3,0.0003870295055891473,18.409749812090624,0.0
FAM46D,0.0003869282182407046,18.40438097283367,0.0
ZNF248,0.0003863819212253666,18.39901213357672,0.0
FBXO9,0.0003854096806031953,18.393643294319766,0.0
UPK3B,0.00038476321458309336,18.388274455062813,0.0
ACPL2,0.00038460961510711634,18.382905615805864,0.0
C9orf129,0.00038455153511353227,18.37753677654891,0.0
C19orf70,0.00038448934988199015,18.37216793729196,0.0
SMAP1,0.00038438390340742176,18.366799098035006,0.0
CSF2RA,0.00038424972654443835,18.361430258778054,0.0
CADM1,0.00038407073023444184,18.3560614195211,0.0
CDCA7,0.0003836694797071904,18.35069258026415,0.0
DEFB128,0.00038360998062678754,18.345323741007196,0.0
CCDC96,0.00038347029369746035,18.33995490175024,0.0
PAG1,0.000383326690012588,18.334586062493287,0.0
WDR49,0.0003825205389851983,18.329217223236334,0.0
C7orf10,0.0003823673617048243,18.32384838397938,0.0
ASPDH,0.0003822472830314832,18.31847954472243,0.0
IGLON5,0.0003821366946675155,18.31311070546548,0.0
NUP62CL,0.00038175471908626774,18.307741866208527,0.0
RP11-162P23.2,0.0003817487634132111,18.302373026951575,0.0
LMTK3,0.0003817297590552242,18.297004187694622,0.0
IL1RAPL2,0.0003815574896187326,18.29163534843767,0.0
OR7C1,0.0003814576257927823,18.286266509180717,0.0
SERPINA11,0.00038068808357025094,18.280897669923764,0.0
FAM86C1,0.00038039255566265875,18.275528830666808,0.0
GDA,0.0003801316418640323,18.270159991409855,0.0
RP11-1055B8.7,0.0003800719375256261,18.264791152152902,0.0
TSEN15,0.00037971247359581647,18.25942231289595,0.0
MTFR1,0.0003795286435673953,18.254053473638997,0.0
BOK,0.00037944334187832776,18.248684634382045,0.0
MT4,0.0003781675793311043,18.243315795125095,0.0
SLC28A3,0.00037797743343673235,18.237946955868143,0.0
CNKSR1,0.0003777149682215643,18.23257811661119,0.0
MAN1A1,0.00037761117358035964,18.227209277354238,0.0
TIGD6,0.0003774854261713993,18.221840438097285,0.0
ZNF8,0.0003772495195348584,18.216471598840332,0.0
PLEKHO1,0.0003771719358562243,18.21110275958338,0.0
MOB3B,0.0003770119268606257,18.205733920326423,0.0
C2CD2L,0.0003769371304303606,18.20036508106947,0.0
IL7R,0.00037679509850161076,18.194996241812518,0.0
TXNDC12,0.000376535941279758,18.189627402555566,0.0
PODNL1,0.00037629846489227144,18.184258563298613,0.0
TRIM14,0.0003757956985474475,18.17888972404166,0.0
C12orf50,0.00037550832232578974,18.17352088478471,0.0
OR10V1,0.0003752466360751593,18.16815204552776,0.0
RAB41,0.00037481925705560773,18.162783206270806,0.0
FAM32A,0.00037468763160621976,18.157414367013853,0.0
ASUN,0.00037394557668358065,18.1520455277569,0.0
RTN4R,0.0003737924132160459,18.146676688499948,0.0
C10orf137,0.0003737404694612463,18.141307849242992,0.0
ZCCHC2,0.00037361265407202517,18.13593900998604,0.0
ZFYVE19,0.00037346129793603376,18.130570170729086,0.0
CDC37L1,0.0003732848264258183,18.125201331472134,0.0
ADAM21,0.0003725282694039217,18.11983249221518,0.0
CAPZA3,0.0003724736406239714,18.11446365295823,0.0
GNA15,0.00037244616448800966,18.10909481370128,0.0
NMS,0.00037241067667899316,18.103725974444327,0.0
KRTAP10-11,0.0003724067879835859,18.098357135187374,0.0
USP43,0.00037236966840271333,18.09298829593042,0.0
OR52K2,0.0003723250876962145,18.08761945667347,0.0
SH3BP5,0.0003723234316154044,18.082250617416516,0.0
ZGLP1,0.00037231250948894064,18.076881778159564,0.0
TAS2R9,0.00037223941507771836,18.071512938902607,0.0
LANCL3,0.00037194272373952436,18.066144099645655,0.0
MYOZ3,0.00037145719943171854,18.060775260388702,0.0
IZUMO1,0.00037143408204928747,18.05540642113175,0.0
IRAK1BP1,0.0003713594798138829,18.050037581874797,0.0
GLYATL1,0.00037135434667284273,18.044668742617844,0.0
TIAF1,0.000371035503361353,18.039299903360895,0.0
MOBP,0.0003709938304697788,18.033931064103943,0.0
OR6C74,0.0003708180418782462,18.02856222484699,0.0
TMEM256-PLSCR3,0.0003707002496397927,18.023193385590037,0.0
WDR93,0.00037064075879585914,18.017824546333085,0.0
ZNF69,0.0003705430167044326,18.012455707076132,0.0
DCAF16,0.00037040485196421994,18.007086867819176,0.0
TMC4,0.0003698936705948911,18.001718028562223,0.0
ZNF562,0.00036956030551527145,17.99634918930527,0.0
TSPAN2,0.00036944093444742684,17.990980350048318,0.0
RHCE,0.0003693709973008281,17.985611510791365,0.0
C3orf22,0.00036885151765187043,17.980242671534413,0.0
PARD6G,0.00036882379412354687,17.97487383227746,0.0
SLC28A1,0.0003686822432651418,17.96950499302051,0.0
OXTR,0.0003679501016516751,17.964136153763558,0.0
ST6GALNAC2,0.0003678733688210389,17.958767314506606,0.0
ZNF121,0.00036748973094477696,17.953398475249653,0.0
PRM2,0.00036722930954356353,17.9480296359927,0.0
IL22RA2,0.00036705564581142124,17.942660796735748,0.0
OR6N1,0.0003667577026123726,17.93729195747879,0.0
ZCWPW2,0.00036588155172176824,17.93192311822184,0.0
ZNF479,0.00036587471669143897,17.926554278964886,0.0
TIGD7,0.00036585714728798403,17.921185439707934,0.0
TMEM26,0.00036554341229638146,17.91581660045098,0.0
GALNT9,0.00036521885578798854,17.91044776119403,0.0
FAM24B,0.0003651903535587952,17.905078921937076,0.0
FUT1,0.00036518315868921833,17.899710082680127,0.0
OR6C68,0.0003650256012789442,17.894341243423174,0.0
KRTAP6-3,0.0003646456064907496,17.88897240416622,0.0
C17orf107,0.0003645663670350056,17.88360356490927,0.0
TPSD1,0.00036424898186924516,17.878234725652316,0.0
GPR65,0.0003638666173683682,17.87286588639536,0.0
WFDC6,0.00036356586265112186,17.867497047138407,0.0
ASCL3,0.00036341933180054437,17.862128207881455,0.0
AADAC,0.0003631732115128456,17.856759368624502,0.0
C14orf105,0.0003630777209590034,17.85139052936755,0.0
ISPD,0.0003629760332277312,17.846021690110597,0.0
UROC1,0.00036294771764116163,17.840652850853644,0.0
C6ORF165,0.00036252756617036815,17.83528401159669,0.0
NAMPTL,0.0003618486933861094,17.829915172339742,0.0
NPL,0.00036170904166418755,17.82454633308279,0.0
ZNF486,0.0003615367753026486,17.819177493825837,0.0
AMY1A,0.00036146075169156823,17.813808654568884,0.0
C14orf119,0.0003613175008008119,17.80843981531193,0.0
C16orf72,0.00036103048075297864,17.803070976054975,0.0
SPRR4,0.00036101428516468537,17.797702136798023,0.0
TSPAN6,0.00036076747572939014,17.79233329754107,0.0
OR5B3,0.00036046377771353766,17.786964458284118,0.0
ATP4B,0.0003602997602219936,17.781595619027165,0.0
OR2AE1,0.0003600456476650623,17.776226779770212,0.0
RNFT2,0.0003598568226461919,17.77085794051326,0.0
NEDD8-MDP1,0.0003597230570858588,17.765489101256307,0.0
CD164L2,0.00035964952884877887,17.760120261999358,0.0
OR52E2,0.00035936768564700475,17.754751422742405,0.0
POTEM,0.00035896704064608716,17.749382583485453,0.0
ZNF415,0.00035864112433450725,17.7440137442285,0.0
PCDHA8,0.0003584955465230717,17.738644904971544,0.0
PCDHGC4,0.0003583937603793561,17.73327606571459,0.0
PACRGL,0.00035823834779745553,17.72790722645764,0.0
PTGER1,0.0003580799371337163,17.722538387200686,0.0
PODXL2,0.00035758482507399153,17.717169547943733,0.0
BRS3,0.0003569799847752439,17.71180070868678,0.0
SLC9A7,0.0003563841055174518,17.706431869429828,0.0
GPR85,0.0003562736148625001,17.701063030172875,0.0
IGFL2,0.0003556267005261625,17.695694190915923,0.0
PCDHGA8,0.00035558336968451946,17.690325351658974,0.0
OR11H4,0.00035530984217290297,17.68495651240202,0.0
YIPF7,0.0003550725601775958,17.67958767314507,0.0
PPBP,0.000354933969998205,17.674218833888116,0.0
KRTAP10-8,0.00035472458290816445,17.66884999463116,0.0
OR5A1,0.00035465593658688097,17.663481155374207,0.0
LCOR,0.00035457961425691025,17.658112316117254,0.0
SLC25A33,0.0003542795588615112,17.6527434768603,0.0
GABRG3,0.00035417430651886515,17.64737463760335,0.0
TMSB15A,0.00035414142075268897,17.642005798346396,0.0
CDPF1,0.00035406647779114583,17.636636959089444,0.0
SLC10A1,0.00035391599249403997,17.63126811983249,0.0
SIGLEC8,0.0003537779989240142,17.62589928057554,0.0
WDR43,0.0003536946131939494,17.62053044131859,0.0
AC007204.1,0.0003535663513900148,17.615161602061637,0.0
GPR35,0.00035342065441190326,17.609792762804684,0.0
KRTAP4-2,0.0003533919434574782,17.604423923547728,0.0
OR10W1,0.0003530564170059421,17.599055084290775,0.0
UBE2V2,0.00035275541555116814,17.593686245033823,0.0
RAB6C,0.00035266352995489845,17.58831740577687,0.0
PLA2G12B,0.0003526067911479492,17.582948566519917,0.0
NLGN4X,0.00035258944918356843,17.577579727262965,0.0
IRF2BP1,0.0003518831445171374,17.572210888006012,0.0
GPR27,0.000351590824470215,17.56684204874906,0.0
FAM9C,0.0003515612266449243,17.561473209492107,0.0
RAB33B,0.00035146078583895847,17.556104370235154,0.0
DDX26B,0.00035122783116221996,17.550735530978205,0.0
MLF1IP,0.0003510480793569359,17.545366691721252,0.0
TMEM86A,0.00035102102672557263,17.5399978524643,0.0
DPP8,0.0003509798564740193,17.534629013207343,0.0
TBKBP1,0.0003509089927469898,17.52926017395039,0.0
MRI1,0.00035029264447913357,17.523891334693438,0.0
OR5K4,0.0003501550650310106,17.518522495436486,0.0
FSHB,0.00035004368407817043,17.513153656179533,0.0
ASB17,0.00034975051851433213,17.50778481692258,0.0
CTD-2192J16.20,0.0003495637727761755,17.502415977665628,0.0
C4orf33,0.0003495227770796106,17.497047138408675,0.0
ESPNL,0.00034929926754119836,17.491678299151722,0.0
OR10G7,0.000348904714428921,17.48630945989477,0.0
EPHA10,0.0003488351870358682,17.48094062063782,0.0
C17orf66,0.0003487338677270064,17.475571781380868,0.0
RIMS3,0.0003483907529132053,17.470202942123912,0.0
OR2T2,0.00034809945022035263,17.46483410286696,0.0
FAM83F,0.00034772624464606054,17.459465263610007,0.0
IDO2,0.00034767556366233846,17.454096424353054,0.0
ZBTB9,0.0003473981521488486,17.4487275850961,0.0
ARMS2,0.000346631760079209,17.44335874583915,0.0
SSX4,0.00034662786635861697,17.437989906582196,0.0
CCDC3,0.00034656689714394467,17.432621067325243,0.0
UBE2E1,0.0003464936158653162,17.42725222806829,0.0
LRRIQ3,0.00034646541555461325,17.421883388811338,0.0
GPRIN1,0.0003464532143144769,17.41651454955439,0.0
SLC22A24,0.00034641779263291136,17.411145710297436,0.0
PNMT,0.00034527613843226315,17.405776871040484,0.0
SLC45A3,0.0003449675441185008,17.400408031783527,0.0
CHMP4C,0.000344839034113934,17.395039192526575,0.0
A4GNT,0.0003445609107627945,17.389670353269622,0.0
OR10A4,0.00034447494626409003,17.38430151401267,0.0
CHAC1,0.0003444154045980927,17.378932674755717,0.0
RASA4B,0.00034433923357795714,17.373563835498764,0.0
DEPDC7,0.00034411251396553646,17.36819499624181,0.0
CCL17,0.0003440299286327692,17.36282615698486,0.0
KRTAP19-2,0.0003438486173235387,17.357457317727906,0.0
ARPC4-TTLL3,0.00034383881674732164,17.352088478470954,0.0
FAM196A,0.0003437700956520449,17.346719639214005,0.0
C22orf29,0.0003437383551805164,17.341350799957052,0.0
C1QL2,0.00034360860839904124,17.335981960700096,0.0
SAFB2,0.00034288791755834804,17.330613121443143,0.0
CCL1,0.0003425659211493974,17.32524428218619,0.0
ZDHHC15,0.00034230649355284856,17.319875442929238,0.0
OR5AU1,0.0003420161188432332,17.314506603672285,0.0
KCND1,0.00034166210293527235,17.309137764415333,0.0
SMPDL3A,0.00034160171188267854,17.30376892515838,0.0
PCDHGA2,0.00034128404114289375,17.298400085901427,0.0
OR1F1,0.0003408049681751045,17.293031246644475,0.0
ZNF558,0.0003407482836478502,17.287662407387522,0.0
ZFP37,0.00034067878159510024,17.28229356813057,0.0
TEX13A,0.00034034922303271745,17.27692472887362,0.0
PTCHD1,0.0003400919798259421,17.271555889616668,0.0
RCOR2,0.00033993261979423,17.26618705035971,0.0
AGPAT4,0.00033946726075785203,17.26081821110276,0.0
WISP3,0.0003392356296013918,17.255449371845806,0.0
C4orf19,0.0003391990969940849,17.250080532588854,0.0
ASMT,0.00033886939032294324,17.2447116933319,0.0
C5orf28,0.0003386936850097184,17.23934285407495,0.0
KANK4,0.00033860854456334934,17.233974014817996,0.0
NLRP13,0.00033831320438441746,17.228605175561043,0.0
SYT15,0.0003382934364243925,17.22323633630409,0.0
ADM2,0.0003379959683255568,17.217867497047138,0.0
ZNF571,0.00033791702243686576,17.212498657790185,0.0
NANOS3,0.0003376432239212936,17.207129818533236,0.0
FDX1L,0.0003373896402097937,17.20176097927628,0.0
GPR182,0.00033729621530238644,17.196392140019327,0.0
FGFBP3,0.00033727179578430823,17.191023300762375,0.0
PLEKHA2,0.00033691033190760296,17.185654461505422,0.0
DPF3,0.0003368695391258781,17.18028562224847,0.0
PIH1D3,0.00033686217125214756,17.174916782991517,0.0
NPNT,0.00033675597277625137,17.169547943734564,0.0
NWD1,0.0003365133787296751,17.16417910447761,0.0
ASIC5,0.00033648446388065775,17.15881026522066,0.0
QRFP,0.00033502128321366293,17.153441425963706,0.0
C10orf54,0.00033450677263884763,17.148072586706753,0.0
AKAP8L,0.0003344140836707128,17.1427037474498,0.0
NOX1,0.00033435009237084017,17.13733490819285,0.0
KIAA1009,0.00033402612384216056,17.131966068935895,0.0
METTL8,0.0003339635491199195,17.126597229678943,0.0
ANKRD20A1,0.0003334485289813206,17.12122839042199,0.0
RASGEF1C,0.0003328544910212375,17.115859551165038,0.0
MLN,0.0003327860331109403,17.110490711908085,0.0
CDHR3,0.0003327703526377338,17.105121872651132,0.0
SOGA3,0.0003326457476408241,17.09975303339418,0.0
TNFSF18,0.0003320772959472088,17.094384194137227,0.0
KCNV2,0.00033147396891886164,17.089015354880274,0.0
ZNF395,0.00033136577346309416,17.08364651562332,0.0
LRRC43,0.00033103313646420257,17.07827767636637,0.0
TACR2,0.0003307329636059323,17.072908837109416,0.0
DCLK3,0.00033068200882791583,17.067539997852464,0.0
S100P,0.0003303359924221958,17.06217115859551,0.0
KRBOX4,0.00033030345996154563,17.05680231933856,0.0
CFHR5,0.00033018646127591487,17.051433480081606,0.0
PCDP1,0.000330176963916728,17.046064640824653,0.0
IL36A,0.00032987031126512024,17.0406958015677,0.0
POGK,0.00032946576996508,17.035326962310748,0.0
MT1HL1,0.00032941714026841,17.029958123053795,0.0
PRELID1,0.00032933212401427053,17.024589283796843,0.0
KIAA1755,0.00032932868823114757,17.01922044453989,0.0
KRTAP5-4,0.0003284525039093856,17.013851605282937,0.0
CHRM4,0.00032835654112747776,17.008482766025985,0.0
DIO1,0.00032835583730213264,17.003113926769032,0.0
SPANXN5,0.00032815073375834226,16.99774508751208,0.0
SH2D4B,0.0003280324382877899,16.992376248255127,0.0
CYLC2,0.0003280050925092513,16.987007408998174,0.0
ZBTB10,0.00032781169979488904,16.98163856974122,0.0
PRG2,0.0003275012319065819,16.97626973048427,0.0
ZBTB41,0.00032732587535716604,16.970900891227316,0.0
KCNU1,0.0003272727384648348,16.965532051970364,0.0
C17orf70,0.00032724013318723096,16.96016321271341,0.0
SMEK1,0.0003271572112520117,16.95479437345646,0.0
ZNF771,0.00032708991858194084,16.949425534199506,0.0
CNEP1R1,0.0003265861677044251,16.944056694942553,0.0
FGGY,0.0003264085353591493,16.9386878556856,0.0
PITPNM3,0.0003261929278071384,16.933319016428648,1.0
RAB42,0.0003260820433890835,16.927950177171695,0.0
SPRR1A,0.00032562547980084057,16.922581337914743,0.0
WBSCR27,0.00032541704996497594,16.91721249865779,0.0
ZNF286A,0.00032531531619070633,16.911843659400837,0.0
KRTAP8-1,0.0003246775006411146,16.906474820143885,0.0
GPR142,0.0003245406091893397,16.901105980886932,0.0
KCNMB2,0.0003242965441450096,16.89573714162998,0.0
ZSCAN16,0.0003240126127663201,16.890368302373027,0.0
DCUN1D5,0.0003239453006241317,16.884999463116074,0.0
BMP3,0.00032375895052147067,16.87963062385912,0.0
C2orf48,0.00032363736397882743,16.87426178460217,0.0
CMTM4,0.0003234176487828344,16.868892945345216,0.0
RBMS3,0.0003230277932759686,16.863524106088263,0.0
GPRIN2,0.00032299463369316105,16.85815526683131,0.0
GBX1,0.00032277071204727347,16.852786427574358,0.0
ASAH2B,0.00032274504433176844,16.847417588317406,0.0
SLC7A13,0.00032247921638951067,16.842048749060453,0.0
SYNE3,0.0003223770671084322,16.8366799098035,0.0
ZNF679,0.0003223573591338539,16.831311070546548,0.0
CAGE1,0.00032232399091808317,16.825942231289595,0.0
LZTS1,0.0003221171914864529,16.820573392032642,0.0
TTLL13,0.00032205242186665974,16.81520455277569,0.0
ELAC1,0.00032204497612035155,16.809835713518737,0.0
OSBP2,0.0003219070841017266,16.804466874261784,0.0
LRRC24,0.0003218541151158832,16.799098035004832,0.0
OR52B2,0.00032159454542726767,16.79372919574788,0.0
ZNF285,0.00032130841269602413,16.788360356490927,0.0
OR4K14,0.00032100773305751193,16.782991517233974,0.0
RFXAP,0.0003208770371356654,16.77762267797702,0.0
CHRNA2,0.00032074950476879187,16.77225383872007,0.0
ZIM2,0.0003206479691311132,16.766884999463116,0.0
MTL5,0.000320250579257519,16.761516160206163,0.0
RIMKLA,0.00032016826975339986,16.75614732094921,0.0
RARRES1,0.0003198103216678396,16.750778481692258,0.0
NCCRP1,0.0003197861137589727,16.745409642435305,0.0
OR10A7,0.0003192958817394793,16.740040803178353,0.0
FTMT,0.0003190044060157965,16.7346719639214,0.0
AC037459.4,0.00031821808973813624,16.729303124664447,0.0
CHRM1,0.0003181664432074796,16.723934285407495,0.0
LIX1,0.0003179178737224068,16.718565446150542,0.0
CTSS,0.00031781076731857144,16.71319660689359,0.0
HIST1H2BI,0.0003177075253241992,16.707827767636637,0.0
ARMC9,0.0003174967726768549,16.702458928379684,0.0
RP11-332O19.5,0.0003171719724274427,16.69709008912273,0.0
OR6C70,0.0003168189876462742,16.69172124986578,0.0
ZNF652,0.00031669837197861883,16.686352410608826,0.0
NLRP8,0.0003163763260964647,16.680983571351874,0.0
RP11-500M8.7,0.000315918766165556,16.67561473209492,0.0
CNIH2,0.0003159039200567464,16.67024589283797,0.0
HIST1H4D,0.0003158872751687594,16.664877053581016,0.0
CYP2A7,0.00031573659048627245,16.659508214324063,0.0
TUBA3D,0.0003152719149694991,16.65413937506711,0.0
RP11-447L10.1,0.0003150846602744875,16.648770535810158,0.0
IFNLR1,0.0003149163693525653,16.643401696553205,0.0
IL1A,0.0003149131390815379,16.638032857296253,0.0
OR8K1,0.000314638151300099,16.6326640180393,0.0
SPOCK3,0.00031455325021969557,16.627295178782347,0.0
TCP11L2,0.00031417755720058316,16.621926339525395,0.0
ZNF749,0.00031380974077166744,16.616557500268442,0.0
PWWP2A,0.00031374658601290395,16.61118866101149,0.0
L34079.2,0.0003137403620103634,16.605819821754537,0.0
AGMO,0.0003137348567769588,16.600450982497584,0.0
CDNF,0.00031314885159237677,16.59508214324063,0.0
GRM4,0.0003129740052843731,16.58971330398368,0.0
ZNF57,0.0003129572462490154,16.584344464726726,0.0
ZDHHC19,0.0003126705102956608,16.578975625469774,0.0
TMEM102,0.00031255660142941595,16.57360678621282,0.0
RP4-559A3.7,0.00031226594144270726,16.56823794695587,0.0
FAM86A,0.00031224190338330235,16.562869107698916,0.0
XKR3,0.00031201586312314724,16.557500268441963,0.0
OR6X1,0.0003119200966895402,16.55213142918501,0.0
ZNF264,0.00031188311943570557,16.546762589928058,0.0
CYSLTR2,0.00031175701376813704,16.541393750671105,1.0
CORT,0.0003117206850402634,16.536024911414152,0.0
GYPA,0.00031125349695501484,16.5306560721572,0.0
PLA1A,0.0003107718065528834,16.525287232900247,0.0
ZC2HC1C,0.0003107045989083033,16.519918393643295,0.0
C9orf9,0.00031069942896752334,16.514549554386342,0.0
LSM14B,0.00031066589583647424,16.50918071512939,0.0
TMEM66,0.0003106573056450999,16.503811875872437,0.0
THEG,0.00031012647614923466,16.498443036615484,0.0
ZC3H6,0.00030986416378524413,16.49307419735853,0.0
DEFB135,0.00030914179752503535,16.48770535810158,0.0
FAM49A,0.0003090893481459634,16.482336518844626,0.0
LDLRAD1,0.00030884484294043714,16.476967679587673,0.0
EXOC3L1,0.0003087861602101928,16.47159884033072,0.0
LAD1,0.0003082549236535513,16.466230001073768,0.0
P4HA3,0.00030796873011703475,16.460861161816815,0.0
CTC-360G5.8,0.00030717926810030816,16.455492322559863,0.0
SMIM12,0.0003067495437824599,16.45012348330291,0.0
ZNF681,0.00030644338343599345,16.444754644045958,0.0
HSPA12A,0.000306314893174094,16.439385804789005,0.0
DCAF4L1,0.00030564514668990773,16.434016965532052,0.0
BSPRY,0.0003055368984812136,16.4286481262751,0.0
ZNF468,0.000304913014718673,16.423279287018147,0.0
TSGA13,0.0003048736572143467,16.417910447761194,0.0
GSDMC,0.0003047955661194068,16.41254160850424,0.0
OR5M10,0.00030474551962123394,16.40717276924729,0.0
RELT,0.00030455079145837616,16.401803929990336,0.0
C17orf97,0.00030440052363011727,16.396435090733384,0.0
FMO3,0.00030420043221361003,16.39106625147643,0.0
FNDC5,0.0003041416265552069,16.38569741221948,0.0
CNBD2,0.00030404408133630846,16.380328572962526,0.0
TRIML1,0.0003033147623547824,16.374959733705573,0.0
C15orf27,0.00030327989372834534,16.36959089444862,0.0
ACRBP,0.0003032325263082474,16.364222055191668,0.0
LILRA6,0.0003029578371501351,16.358853215934715,0.0
DAOA,0.0003028316010733924,16.353484376677763,0.0
CAMK2N2,0.00030268328437987174,16.34811553742081,0.0
CYLC1,0.0003020382499136291,16.342746698163857,0.0
ILKAP,0.000301995605027437,16.337377858906905,0.0
SPAG8,0.00030183193272381725,16.332009019649952,0.0
HTN3,0.0003014762431507012,16.326640180393,0.0
MAGEB1,0.00030135298006845777,16.321271341136047,0.0
PTGER2,0.00030116331628137063,16.315902501879094,0.0
FDCSP,0.0003010213709390113,16.31053366262214,0.0
ANKRD22,0.00030079177832103367,16.30516482336519,0.0
MS4A15,0.00030078439769626005,16.299795984108236,0.0
CD207,0.00030047136145780603,16.294427144851284,0.0
OR1N1,0.0003004499556801208,16.28905830559433,0.0
C16orf87,0.00030036153842745043,16.28368946633738,0.0
FTSJ2,0.000300302136120802,16.278320627080426,0.0
WDR65,0.0003002827049997541,16.272951787823473,0.0
ADAM7,0.00030024925533766956,16.26758294856652,0.0
OR5B2,0.00030023663427172466,16.262214109309568,0.0
GOLGA8F,0.00030012979991380316,16.256845270052615,0.0
APOBEC3A,0.00030000491078998427,16.251476430795663,0.0
ZNF729,0.00029999889311616983,16.24610759153871,0.0
CTD-2287O16.3,0.0002999788007270323,16.240738752281754,0.0
MIER3,0.00029954200593464836,16.235369913024805,0.0
TNFRSF8,0.00029941601715249995,16.230001073767852,0.0
PRR16,0.0002993143237290753,16.2246322345109,0.0
MEX3D,0.000299268674624718,16.219263395253947,0.0
NTS,0.0002992261432854826,16.213894555996994,0.0
UCK2,0.0002990595198219628,16.20852571674004,0.0
AP000349.1,0.00029904412889851154,16.20315687748309,0.0
MYLK4,0.0002988281139142446,16.197788038226136,0.0
GPR45,0.0002987317859611735,16.192419198969183,0.0
ZNF282,0.000298569473127222,16.18705035971223,0.0
ZNF675,0.0002984537024138016,16.181681520455278,0.0
DEC1,0.00029829798566900854,16.176312681198326,0.0
TTC29,0.00029819743056345093,16.17094384194137,0.0
KLHL11,0.000298142802740611,16.16557500268442,0.0
SLC28A2,0.0002980721794292499,16.160206163427468,0.0
C6orf118,0.00029789882724619196,16.154837324170515,0.0
TNMD,0.0002978674530921321,16.149468484913562,0.0
CENPBD1,0.00029758939502919985,16.14409964565661,0.0
HCRT,0.0002975129640218836,16.138730806399657,0.0
ZNF250,0.0002974635868125216,16.133361967142704,0.0
ETV7,0.00029713957952758096,16.127993127885752,0.0
ALOX5AP,0.0002971261513085042,16.1226242886288,0.0
CTC-435M10.3,0.0002968806115746548,16.117255449371847,0.0
CALML4,0.00029682233031129635,16.111886610114894,0.0
OR10K2,0.00029668901321051823,16.106517770857938,0.0
TSPAN5,0.00029651415687795724,16.101148931600985,0.0
CALML5,0.0002965001800379038,16.095780092344036,0.0
IVL,0.00029636627192436177,16.090411253087083,0.0
MUC7,0.00029572261276480884,16.08504241383013,0.0
AURKC,0.00029563210126274465,16.079673574573178,0.0
GOLGA6L2,0.00029502071855495,16.074304735316225,0.0
MPPED1,0.0002947954658473154,16.068935896059273,0.0
OR4B1,0.0002945180819456507,16.06356705680232,0.0
SLITRK2,0.0002941828574064577,16.058198217545367,0.0
GRXCR2,0.00029404965251481643,16.052829378288415,0.0
CEMP1,0.0002939202706460101,16.047460539031462,0.0
TCEAL5,0.0002938690112663498,16.04209169977451,0.0
NBPF3,0.00029316400754102087,16.036722860517553,0.0
TM4SF5,0.0002929108832821324,16.031354021260604,0.0
GOLGA6B,0.00029253995329795346,16.02598518200365,0.0
ADAD2,0.0002923119764930733,16.0206163427467,0.0
TRIM48,0.0002922759311020743,16.015247503489746,0.0
IER5L,0.00029222353297227383,16.009878664232794,0.0
CXCR6,0.000292189209357755,16.00450982497584,0.0
FUBP3,0.00029200108841528243,15.999140985718888,0.0
KAAG1,0.00029198818150328194,15.993772146461934,0.0
ZNF709,0.0002918111928032856,15.988403307204981,0.0
C2orf27A,0.0002915042641257452,15.983034467948029,0.0
MEPE,0.0002913975699327491,15.977665628691076,0.0
C10orf71,0.0002911272315105807,15.972296789434123,0.0
ZNF202,0.00029082066125669584,15.96692795017717,0.0
OR4D2,0.00029067533617220027,15.96155911092022,0.0
AC003005.4,0.00029067367858290414,15.956190271663267,0.0
ZNF704,0.00029061497773556733,15.950821432406315,0.0
LEPREL1,0.0002903592232034948,15.945452593149362,0.0
ANO7,0.0002903164273609267,15.94008375389241,0.0
LCE1D,0.00029031559549479364,15.934714914635457,0.0
OR9K2,0.0002902698634203697,15.929346075378504,0.0
NPBWR1,0.0002900710486803039,15.92397723612155,0.0
SLC7A3,0.0002900183668812633,15.918608396864597,0.0
NANOS2,0.00028988084384872403,15.913239557607644,0.0
ASB5,0.0002898375902802117,15.907870718350692,0.0
GZMM,0.0002897932901670357,15.90250187909374,0.0
MARVELD3,0.0002897550024951813,15.897133039836786,0.0
AC103809.2,0.0002897524682592613,15.891764200579836,0.0
JSRP1,0.0002897359471051999,15.886395361322883,0.0
DNTT,0.00028953287585982337,15.88102652206593,0.0
SSX7,0.0002894896125972725,15.875657682808978,0.0
ZNF781,0.00028938368199477916,15.870288843552025,0.0
CD86,0.00028921410449647976,15.864920004295072,0.0
PAQR6,0.0002891861566097836,15.859551165038118,0.0
ZNF99,0.0002889312893224987,15.854182325781165,0.0
KLK5,0.0002887243048260655,15.848813486524213,0.0
C12orf40,0.00028867571287399585,15.84344464726726,0.0
HMGCLL1,0.0002886131342054128,15.838075808010307,0.0
ASB14,0.00028859056343378544,15.832706968753355,0.0
KRTAP19-4,0.0002882845246666398,15.827338129496402,0.0
PRTN3,0.00028795600086262775,15.821969290239451,0.0
C20orf195,0.0002877343405880968,15.816600450982499,0.0
ALLC,0.00028760594754702925,15.811231611725546,0.0
ZNF470,0.0002866187327167892,15.805862772468593,0.0
MS4A8,0.0002866121740727468,15.80049393321164,0.0
SAMD5,0.00028648556957153865,15.795125093954688,0.0
RTN4RL1,0.0002863983667257003,15.789756254697734,0.0
SLC22A6,0.00028629407334197863,15.784387415440781,0.0
TMEM234,0.00028613068055557457,15.779018576183828,0.0
CPNE6,0.00028588898630429424,15.773649736926876,0.0
SH2D1B,0.0002855461689479112,15.768280897669923,0.0
HECTD2,0.00028536166423084874,15.76291205841297,0.0
NOL4,0.0002853527070830462,15.757543219156018,0.0
MILR1,0.00028532749358820757,15.752174379899067,0.0
FBP1,0.0002850964378148072,15.746805540642114,0.0
OR8H1,0.00028504986483372455,15.741436701385162,0.0
CDRT1,0.0002848994150161069,15.736067862128209,0.0
DDTL,0.00028479241740228024,15.730699022871256,0.0
EPGN,0.0002847914471372524,15.725330183614302,0.0
PAGE3,0.00028476823027396593,15.71996134435735,0.0
DEFB116,0.00028467480517352774,15.714592505100397,0.0
C2orf71,0.00028463687742121154,15.709223665843444,0.0
OCIAD2,0.0002845988078512527,15.703854826586491,0.0
CDC20B,0.0002845041647100485,15.698485987329539,0.0
GSTT2,0.0002844815626208071,15.693117148072586,0.0
CTC-512J12.6,0.0002841257829738753,15.687748308815634,0.0
RNF169,0.0002840363183980987,15.682379469558683,0.0
CCBL1,0.00028389444877014553,15.67701063030173,0.0
DMRTB1,0.0002838569956213064,15.671641791044777,0.0
TSNAX-DISC1,0.0002837363975567536,15.666272951787825,0.0
SLC5A11,0.00028360558460789945,15.660904112530872,0.0
ISX,0.00028332590802291127,15.655535273273918,0.0
DENND1B,0.00028304839327925665,15.650166434016965,0.0
PARVG,0.0002829115319649274,15.644797594760012,0.0
C17orf59,0.0002828356154134207,15.63942875550306,0.0
STAU2,0.0002826338884192113,15.634059916246107,0.0
ZNF581,0.0002822325212465472,15.628691076989154,0.0
KCNC2,0.0002821782292943837,15.623322237732202,0.0
FAM81B,0.00028201046654023615,15.617953398475247,0.0
PCDHA11,0.00028171390412931526,15.612584559218298,0.0
THAP6,0.0002816315035315597,15.607215719961346,0.0
OR7A17,0.0002815651723427109,15.601846880704393,0.0
ZNF878,0.00028138871133485054,15.59647804144744,0.0
PCNXL4,0.00028137826213092443,15.591109202190486,0.0
CDR1,0.00028108841441795235,15.585740362933533,0.0
FOLR3,0.00028105168913518895,15.58037152367658,0.0
PRM1,0.0002809378770733839,15.575002684419628,0.0
TMEM189-UBE2V1,0.0002808893776360316,15.569633845162675,0.0
ITIH6,0.0002804937517769513,15.564265005905723,0.0
SPANXN2,0.0002792202461024734,15.55889616664877,0.0
KIAA0020,0.0002792132247537509,15.553527327391818,0.0
ZNF362,0.00027918022068919356,15.548158488134863,0.0
KLK10,0.0002791509263054674,15.542789648877914,0.0
FABP9,0.0002790055141780167,15.537420809620961,0.0
CTAGE1,0.00027892951630965017,15.532051970364009,0.0
SULT1B1,0.0002782635129683839,15.526683131107056,0.0
TFAP2E,0.00027817270721524956,15.521314291850102,0.0
TMEM133,0.0002779100186926885,15.515945452593149,0.0
ELOVL5,0.00027754385703462203,15.510576613336196,0.0
FAM180A,0.0002775350188072794,15.505207774079244,0.0
PRLH,0.00027687321035697475,15.499838934822291,0.0
HIST1H4C,0.0002767035987840929,15.494470095565338,0.0
COX4I2,0.000276636478530898,15.489101256308386,0.0
CDYL,0.00027659064192456267,15.483732417051431,0.0
ZNF214,0.00027620581285006565,15.478363577794479,0.0
FAM126A,0.00027615345616594666,15.47299473853753,0.0
UBQLNL,0.00027610527732629806,15.467625899280577,0.0
RNF19B,0.00027604436648739065,15.462257060023624,0.0
VPS4B,0.0002756890794669292,15.45688822076667,0.0
AMY2A,0.00027561032482497543,15.451519381509717,0.0
ZSCAN18,0.00027557119162032243,15.446150542252765,0.0
SYT13,0.0002755489537889531,15.440781702995812,0.0
SRPR,0.000275240652344359,15.43541286373886,0.0
FAM86B1,0.00027507723381011264,15.430044024481907,0.0
RPP40,0.0002749407151623626,15.424675185224954,0.0
FAM228B,0.00027470951512264234,15.419306345968002,0.0
FETUB,0.0002743371820848404,15.413937506711047,0.0
NKAIN4,0.0002742281147087264,15.408568667454098,0.0
ADAT1,0.0002737946265611875,15.403199828197145,0.0
C1orf87,0.0002735558305291188,15.397830988940193,0.0
SNTN,0.00027353621069249427,15.39246214968324,0.0
C10orf113,0.00027341533692558763,15.387093310426286,0.0
FRMD7,0.0002732737524350561,15.381724471169333,0.0
OR5M8,0.0002731859840259769,15.37635563191238,0.0
LRRTM1,0.0002731429898942067,15.370986792655428,0.0
TMEM184A,0.000273127428216636,15.365617953398475,0.0
PABPN1L,0.00027305823805421356,15.360249114141522,0.0
OR5K1,0.0002730055634566864,15.35488027488457,0.0
PAIP2B,0.00027291575461358867,15.349511435627615,0.0
RP11-176H8.1,0.00027278310997932287,15.344142596370663,0.0
IL1RAP,0.0002722926579891146,15.338773757113714,0.0
ASB12,0.00027225759433002024,15.333404917856761,0.0
ZNF491,0.0002720430446287815,15.328036078599808,0.0
DMRTA1,0.00027195947279793405,15.322667239342854,0.0
C6orf223,0.0002719318055820623,15.317298400085901,0.0
ZFP69B,0.0002715551305709011,15.311929560828949,0.0
ZSCAN23,0.0002713872928310359,15.306560721571996,0.0
CCDC11,0.00027127120834514275,15.301191882315043,0.0
MTHFD2L,0.00027121838404680655,15.29582304305809,0.0
OR10S1,0.000271144254486396,15.290454203801138,0.0
ANKRD29,0.00027068047306732124,15.285085364544186,0.0
OR5M3,0.0002706748460135389,15.279716525287231,0.0
ZNF551,0.00027050560269669907,15.274347686030278,0.0
ASRGL1,0.0002704681236026977,15.26897884677333,0.0
OR56B4,0.00027031314579988925,15.263610007516377,0.0
KLRC1,0.0002700133174884639,15.258241168259424,0.0
TOR2A,0.00026991986608958745,15.25287232900247,0.0
KRTAP19-5,0.00026982046316462806,15.247503489745517,0.0
ECM2,0.0002697909713399298,15.242134650488564,0.0
ZPBP,0.0002697767469733209,15.236765811231612,0.0
BTN1A1,0.00026975980554518465,15.23139697197466,0.0
OR10T2,0.0002697088095727907,15.226028132717706,0.0
TKTL2,0.0002694650308934255,15.220659293460754,0.0
RP11-507M3.1,0.00026841935079643914,15.2152904542038,0.0
PKD2L2,0.00026808007542463173,15.209921614946847,0.0
C17orf74,0.000267809192045648,15.204552775689894,0.0
FBXL17,0.00026775651635016506,15.199183936432945,0.0
AL021546.6,0.00026753707594731526,15.193815097175992,0.0
ZNF460,0.0002670626067482921,15.188446257919038,0.0
OVCH2,0.0002669864204215384,15.183077418662085,0.0
AC074212.3,0.0002668558364024796,15.177708579405133,0.0
OR6C76,0.0002667470994738965,15.17233974014818,0.0
HDGFRP2,0.00026650240297723226,15.166970900891227,0.0
TDRD5,0.00026602838977640844,15.161602061634275,0.0
GTDC1,0.00026579157653731293,15.156233222377322,0.0
PARP15,0.0002657903010322336,15.15086438312037,0.0
SLC24A3,0.0002657346170821604,15.145495543863415,0.0
FAM3B,0.00026569373768399874,15.140126704606462,0.0
HMSD,0.0002655337389718065,15.13475786534951,0.0
LCTL,0.000265368782489965,15.12938902609256,0.0
KIAA0513,0.000265128136178482,15.124020186835608,0.0
KCNA7,0.0002650900204480364,15.118651347578654,0.0
IL11,0.00026493338565260845,15.113282508321701,0.0
CBLN2,0.00026489838060272697,15.107913669064748,0.0
HNF4G,0.0002648617554992865,15.102544829807796,0.0
ZNF713,0.00026466377145688714,15.097175990550843,0.0
SNURF,0.0002645855916814313,15.09180715129389,0.0
CHRNB3,0.00026458479750714626,15.086438312036938,0.0
PAEP,0.0002642734843671281,15.081069472779983,0.0
IL21,0.00026410432082631444,15.07570063352303,0.0
SESN3,0.0002640951385143205,15.070331794266078,0.0
NAP1L3,0.000263851675227568,15.064962955009126,0.0
ACKR4,0.0002637250150227407,15.059594115752176,0.0
FBXO36,0.0002635561237986549,15.054225276495222,0.0
FOXD2,0.00026332733014428945,15.04885643723827,0.0
PDE8B,0.00026326899192420357,15.043487597981317,0.0
ACRC,0.0002631596917604952,15.038118758724364,0.0
ZNF416,0.0002629906953452997,15.032749919467411,0.0
C6orf25,0.0002626301570308601,15.027381080210459,0.0
TMEM40,0.00026262364570646797,15.022012240953506,0.0
ELMOD2,0.0002626088246980118,15.016643401696554,0.0
VWC2L,0.0002625383608704326,15.0112745624396,0.0
PRAMEF19,0.0002624890238729963,15.005905723182646,0.0
KIF6,0.0002624842801456684,15.000536883925694,0.0
GPR39,0.00026245716323449115,14.995168044668741,0.0
USP26,0.00026245387042293084,14.989799205411792,0.0
TESK1,0.00026229167093359227,14.984430366154838,0.0
SLC16A13,0.00026220751934527455,14.979061526897885,0.0
TSHB,0.00026209521522877735,14.973692687640932,0.0
MPPE1,0.0002620717486954995,14.96832384838398,0.0
TRIM29,0.0002618796751798137,14.962955009127027,0.0
OR6Y1,0.0002618473385119239,14.957586169870074,0.0
C9orf152,0.00026164573216267583,14.952217330613122,0.0
KCNK12,0.000261560934425669,14.946848491356167,0.0
HTR3D,0.0002615288496332456,14.941479652099215,0.0
OR2AT4,0.0002612176978169661,14.936110812842262,0.0
CREBRF,0.0002611937521495672,14.93074197358531,0.0
ABHD14A-ACY1,0.00026098372356138567,14.925373134328357,0.0
FXYD6-FXYD2,0.00026094846286828986,14.920004295071406,0.0
SPDYE3,0.0002609423843113549,14.914635455814453,0.0
POTED,0.0002600657556914876,14.9092666165575,0.0
MAP3K7CL,0.0002600267993437587,14.903897777300548,0.0
RNF24,0.0002598453224720808,14.898528938043595,0.0
RNF170,0.00025983074706914955,14.893160098786643,0.0
KRTAP19-7,0.00025940712252621695,14.88779125952969,0.0
PLAC8L1,0.0002593007324360377,14.882422420272738,0.0
IFNE,0.00025929783243290784,14.877053581015783,0.0
VCX,0.00025926471505072717,14.87168474175883,0.0
HIST1H4K,0.0002587670687812917,14.866315902501878,0.0
SLC38A4,0.0002583964573128424,14.860947063244925,0.0
TRMT10B,0.00025826099274699074,14.855578223987973,0.0
CCBL2,0.0002580384289435305,14.850209384731022,0.0
HEPN1,0.0002573237205439219,14.844840545474069,0.0
TSPAN1,0.0002572359141054771,14.839471706217116,0.0
ZNF534,0.0002571342185666006,14.834102866960164,0.0
NFKBIL1,0.00025707419160752313,14.828734027703211,0.0
VSTM1,0.00025668961913632424,14.823365188446259,0.0
CXorf61,0.0002565697164129157,14.817996349189306,0.0
FIGLA,0.0002561649598814083,14.812627509932351,0.0
TCHHL1,0.00025594502974123507,14.807258670675399,0.0
APMAP,0.000255877475381786,14.801889831418446,0.0
FAM162B,0.00025586753416390756,14.796520992161494,0.0
PGA3,0.00025567476763100813,14.79115215290454,0.0
SLC39A5,0.00025515766915015173,14.785783313647588,0.0
KCNH6,0.0002551335834023275,14.780414474390637,0.0
SDS,0.00025511339145575134,14.775045635133685,0.0
AK5,0.0002551130756121323,14.769676795876732,0.0
NHSL2,0.0002550916656636141,14.76430795661978,0.0
CCDC74A,0.0002548613488604412,14.758939117362827,0.0
OR8B2,0.00025428628833715,14.753570278105874,0.0
PRR7,0.0002540934098690556,14.748201438848922,0.0
CD83,0.0002540071566723769,14.742832599591967,0.0
TRIM39-RPP21,0.0002538148672871757,14.737463760335014,0.0
SYTL1,0.00025380220308485516,14.732094921078062,0.0
GET4,0.00025376402068878106,14.72672608182111,0.0
PDIK1L,0.00025368401294406103,14.721357242564157,0.0
SERPINB13,0.00025366897130300046,14.715988403307206,0.0
GAREM,0.00025363341581213707,14.710619564050253,0.0
YOD1,0.00025347751028672753,14.7052507247933,0.0
ARHGEF19,0.0002534132652530519,14.699881885536348,0.0
GPR144,0.00025341181500470797,14.694513046279395,0.0
GPR151,0.00025325795086914764,14.689144207022443,0.0
PSG1,0.0002532135472429971,14.68377536776549,0.0
C9orf91,0.0002528947526610299,14.678406528508535,0.0
KCNE4,0.00025284004293029224,14.673037689251583,0.0
PTGFR,0.0002527785889351434,14.66766884999463,0.0
IQCF5,0.0002527772781064533,14.662300010737678,0.0
SPRR1B,0.0002525436630862943,14.656931171480725,0.0
PRLHR,0.00025242681917206193,14.651562332223772,0.0
GPRC5D,0.0002522268264704851,14.646193492966821,0.0
CD160,0.000252218988695135,14.640824653709869,0.0
C2orf44,0.0002518731400800216,14.635455814452916,0.0
PDE6C,0.0002513907905584529,14.630086975195963,0.0
BTNL9,0.00025134177511824355,14.62471813593901,0.0
RNF166,0.0002513287308189405,14.619349296682058,0.0
GPR148,0.0002513263228345478,14.613980457425106,0.0
NPB,0.0002511474873974065,14.608611618168151,0.0
ZNF587B,0.00025107093199365396,14.603242778911198,0.0
FCRL6,0.000251068947833208,14.597873939654246,0.0
IZUMO2,0.0002509113798151871,14.592505100397293,0.0
SFT2D1,0.00025070688865530506,14.58713626114034,0.0
SPRR2D,0.0002505502023438534,14.581767421883388,0.0
TOR1B,0.0002504990538293091,14.576398582626437,0.0
RP11-47I22.4,0.00025025498549366903,14.571029743369484,0.0
XPNPEP2,0.0002500770867236733,14.565660904112532,0.0
OTUD6A,0.00024975058660938983,14.56029206485558,0.0
CALM2,0.0002496252789467217,14.554923225598627,0.0
SLC13A1,0.00024958864204727474,14.549554386341674,0.0
GOLGA6C,0.0002495572738215944,14.54418554708472,0.0
IL1RAPL1,0.00024949528180782525,14.538816707827767,0.0
KDELR1,0.00024948628376738604,14.533447868570814,0.0
CTD-3148I10.9,0.00024928600562607294,14.528079029313862,0.0
CALML6,0.0002490580150655234,14.522710190056909,0.0
FAM186B,0.0002490329948210741,14.517341350799956,0.0
ADAM20,0.0002489697838946778,14.511972511543004,0.0
KLK2,0.00024885972664738645,14.506603672286053,0.0
SERINC4,0.0002485218369154592,14.5012348330291,0.0
DCK,0.0002484955382093623,14.495865993772147,0.0
SLC35E3,0.00024845165475988976,14.490497154515195,0.0
CALM3,0.00024808016347941655,14.485128315258242,0.0
OR5M11,0.0002476791229521475,14.47975947600129,0.0
KRTAP12-3,0.0002469160616516066,14.474390636744335,0.0
OR4L1,0.0002469009599470309,14.469021797487382,0.0
SNX31,0.0002467043984734557,14.46365295823043,0.0
KEL,0.0002466595303840873,14.458284118973477,0.0
DNPH1,0.00024652732854556566,14.452915279716525,0.0
KDM4E,0.0002462278978199056,14.447546440459572,0.0
LILRA3,0.0002461186858815225,14.44217760120262,0.0
RPL17-C18orf32,0.00024591369345306087,14.436808761945668,0.0
LCE2C,0.0002458392488447616,14.431439922688716,0.0
IGSF11,0.0002458251345281332,14.426071083431763,0.0
NLRP14,0.00024570198225880595,14.42070224417481,0.0
C10orf82,0.00024562661463925544,14.415333404917858,0.0
TPD52L3,0.00024549783731583034,14.409964565660903,0.0
GPR78,0.0002454883116227875,14.40459572640395,0.0
LRRC15,0.0002454776565337649,14.399226887146998,0.0
KLHDC8A,0.0002454669703876662,14.393858047890046,0.0
CSN2,0.00024546265345358443,14.388489208633093,0.0
PRSS33,0.0002452998119018018,14.38312036937614,0.0
GMEB2,0.00024523433268542445,14.377751530119188,0.0
RP11-697E2.6,0.0002451954787402133,14.372382690862235,0.0
CCL19,0.00024515196631485624,14.367013851605284,0.0
KRTAP19-1,0.0002450989571292888,14.361645012348331,0.0
CD200,0.00024501803232532374,14.356276173091379,0.0
RFPL1,0.00024495795566815666,14.350907333834426,0.0
KCNS1,0.0002444817817493861,14.345538494577474,0.0
GGTLC1,0.00024441733845867724,14.34016965532052,0.0
C6orf47,0.0002443211734600477,14.334800816063566,0.0
SEC14L4,0.0002441890371135668,14.329431976806614,0.0
BPIFB2,0.0002438108722346081,14.324063137549661,0.0
TSPAN11,0.00024380315945163718,14.318694298292709,0.0
KRTAP19-3,0.00024366884186291393,14.313325459035756,0.0
AADACL4,0.00024327710964329569,14.307956619778803,0.0
THAP9,0.00024295922445066422,14.30258778052185,0.0
SLC35A3,0.0002428307721619093,14.2972189412649,0.0
TAC3,0.00024271661633381192,14.291850102007947,0.0
SYT8,0.00024270128723570257,14.286481262750995,0.0
HHIPL2,0.00024267411224905365,14.281112423494042,0.0
C15orf48,0.00024256023502651418,14.275743584237087,0.0
CD3D,0.0002425418373416137,14.270374744980135,0.0
SETD8,0.00024244888060462967,14.265005905723182,0.0
RTN4RL2,0.0002421044113092854,14.25963706646623,0.0
SPZ1,0.00024209349913928711,14.254268227209277,0.0
C9orf117,0.00024208940547332,14.248899387952324,0.0
AKT1S1,0.00024196049910144894,14.243530548695372,0.0
OR13C5,0.00024195168163629321,14.238161709438419,0.0
MRPL30,0.00024190018557502694,14.232792870181466,0.0
CTAGE15,0.00024180369639984707,14.227424030924515,0.0
XCR1,0.00024173530260972846,14.222055191667563,0.0
HOMER3,0.00024166020480951151,14.21668635241061,0.0
OR5AK2,0.0002414849904550117,14.211317513153658,0.0
SYT9,0.0002414579210795062,14.205948673896703,0.0
DBX2,0.00024093104641098546,14.20057983463975,0.0
CDH22,0.00024092374248789578,14.195210995382798,0.0
FGF17,0.00024081690744845764,14.189842156125845,0.0
FIBCD1,0.00024080574503004918,14.184473316868893,0.0
FHL5,0.0002406317446269675,14.17910447761194,0.0
FAM124A,0.00024061533719204594,14.173735638354987,0.0
MFI2,0.0002405480585433926,14.168366799098035,0.0
HARBI1,0.00024049920495820544,14.16299795984108,0.0
CXCL13,0.00024049425465549136,14.157629120584131,0.0
HYAL3,0.00024017163788113698,14.152260281327179,0.0
SLFN12L,0.0002399832592371266,14.146891442070226,0.0
NMBR,0.00023997466637331469,14.141522602813271,0.0
ZNF430,0.0002399362999792964,14.136153763556319,0.0
C2ORF15,0.0002398613722828839,14.130784924299366,0.0
ZPLD1,0.00023970768781128539,14.125416085042414,0.0
ZNF30,0.00023964787139729862,14.12004724578546,0.0
ZNF483,0.00023953654029797936,14.114678406528508,0.0
RP13-672B3.2,0.0002394576334736942,14.109309567271556,0.0
ZFP2,0.00023939968328591643,14.103940728014603,0.0
KRTAP2-3,0.0002392385234263896,14.09857188875765,0.0
PALM2,0.00023923570701381026,14.093203049500696,0.0
KIAA1919,0.00023889470176071165,14.087834210243747,0.0
GPR162,0.00023883205599983855,14.082465370986794,0.0
TMEM52,0.00023864514203710826,14.077096531729842,0.0
TCEANC2,0.00023860096882766276,14.071727692472887,0.0
C6orf62,0.00023844933150178206,14.066358853215934,0.0
MAEL,0.00023807976354387855,14.060990013958982,0.0
FIBIN,0.0002379897464949696,14.05562117470203,0.0
OR1S2,0.00023776305029641451,14.050252335445077,0.0
IBSP,0.00023769320200871263,14.044883496188124,0.0
TMEM257,0.0002375903439403401,14.039514656931171,0.0
GXYLT1,0.0002374400594403006,14.034145817674219,0.0
OR52L1,0.00023743332567204408,14.028776978417264,0.0
SLC25A51,0.00023737837237917586,14.023408139160315,0.0
AC011530.4,0.00023728647878188438,14.018039299903363,0.0
KRTAP4-9,0.00023728254085189195,14.01267046064641,0.0
SPRR2B,0.00023710484529860677,14.007301621389455,0.0
KRTAP22-1,0.0002370484878232185,14.001932782132503,0.0
RTDR1,0.00023697515769655352,13.99656394287555,0.0
LIMD2,0.0002369391622380617,13.991195103618598,0.0
PLA2G1B,0.00023683748324504475,13.985826264361645,0.0
SAPCD2,0.00023679192967118273,13.980457425104692,0.0
NPAS1,0.00023652808805855004,13.97508858584774,0.0
PRSS36,0.0002361459811673681,13.969719746590787,0.0
KIAA1045,0.00023600719142304722,13.964350907333834,0.0
ZNF793,0.0002358299719572837,13.95898206807688,0.0
FAM92A1,0.00023581164350240267,13.95361322881993,0.0
STPG1,0.00023560191622058123,13.948244389562978,0.0
IFNA21,0.00023560175143973256,13.942875550306026,0.0
P2RY10,0.00023555088353156318,13.937506711049071,0.0
GPR116,0.00023550660780835927,13.932137871792118,0.0
MAGEA4,0.00023497448117480913,13.926769032535166,0.0
C5orf64,0.00023496449138889745,13.921400193278213,0.0
VCX2,0.0002349444175707048,13.91603135402126,0.0
PHLDA2,0.00023488083511422915,13.910662514764308,0.0
PRR11,0.00023481197105357926,13.905293675507355,0.0
KLF12,0.00023468907898448435,13.899924836250403,0.0
RNF121,0.0002344484821297283,13.894555996993448,0.0
KIAA0226,0.00023443622497740747,13.889187157736496,0.0
PTRH1,0.0002343603396895622,13.883818318479547,0.0
TNFRSF18,0.00023424608498605234,13.878449479222594,0.0
SLAIN2,0.00023420428826634795,13.87308063996564,0.0
KLHL10,0.00023417706829009338,13.867711800708687,0.0
ZNF710,0.0002338450094356639,13.862342961451734,0.0
C1orf177,0.000233664129974624,13.856974122194782,0.0
LRRC71,0.00023336474299323756,13.851605282937829,0.0
TREX2,0.0002332456209950498,13.846236443680876,0.0
RP11-286N22.8,0.00023319603427832196,13.840867604423924,0.0
PVRL1,0.00023299804595793323,13.835498765166971,0.0
SPIN3,0.00023208754898474331,13.830129925910018,0.0
TBC1D29,0.00023205755636016256,13.824761086653064,0.0
PLEKHN1,0.00023180684732774788,13.819392247396111,0.0
ZNF578,0.00023149453649265274,13.814023408139162,0.0
HIST1H4E,0.00023141209356388262,13.80865456888221,0.0
PROK1,0.00023124335720401263,13.803285729625255,0.0
FAM153A,0.00023118865374598753,13.797916890368302,0.0
WSCD2,0.00023116597753096218,13.79254805111135,0.0
FAM81A,0.00023114019306862314,13.787179211854397,0.0
CLDN20,0.00023102992425301367,13.781810372597445,0.0
MADCAM1,0.00023082330481741584,13.776441533340492,0.0
KIAA1211L,0.00023072643031909007,13.77107269408354,0.0
XG,0.00023050701968617366,13.765703854826587,0.0
C9orf69,0.0002302454474268537,13.760335015569632,0.0
TBPL2,0.0002299315168944523,13.75496617631268,0.0
ZNF221,0.00022979018349205202,13.749597337055727,0.0
SLA,0.00022971935376688983,13.744228497798778,0.0
WFDC11,0.00022968340391155885,13.738859658541823,0.0
HEATR2,0.00022937065413826917,13.73349081928487,0.0
OR52B6,0.00022935671319432223,13.728121980027918,0.0
KRTAP19-6,0.00022927332129192777,13.722753140770966,0.0
SPATA25,0.0002292190701042016,13.717384301514013,0.0
KIAA1644,0.0002288804908778805,13.71201546225706,0.0
CDKL2,0.00022876752345877982,13.706646623000108,0.0
TRIM42,0.00022796003944258787,13.701277783743155,0.0
GPR141,0.0002278849995105458,13.695908944486202,0.0
CELF5,0.0002278833841278023,13.690540105229248,0.0
C1orf116,0.0002278652724446867,13.685171265972295,0.0
XKR9,0.0002278497356379723,13.679802426715343,0.0
FAM86B2,0.0002276850598002641,13.674433587458394,0.0
SPINK14,0.00022763644965815332,13.66906474820144,0.0
GP5,0.00022746172392317825,13.663695908944486,0.0
C1orf51,0.0002274439186600531,13.658327069687534,0.0
CLEC10A,0.00022726500240015588,13.652958230430581,0.0
C1QTNF8,0.0002272165838590648,13.647589391173629,0.0
FAM168A,0.00022717278339973293,13.642220551916676,0.0
AVPR1B,0.00022699600054897247,13.636851712659723,0.0
CXorf65,0.00022683801564400935,13.63148287340277,0.0
TP53I13,0.00022657773644549776,13.626114034145816,0.0
RTN2,0.00022635140893101884,13.620745194888864,0.0
CHIA,0.0002258531280343793,13.615376355631911,0.0
IFRG15,0.00022577276725691068,13.610007516374958,0.0
HIST1H2AM,0.00022562772531538856,13.604638677118007,0.0
C7orf43,0.00022559094571219019,13.599269837861055,0.0
PLEKHS1,0.00022554716866932312,13.593900998604102,0.0
OR13C3,0.00022545571618368755,13.58853215934715,0.0
CCL25,0.00022536961897601498,13.583163320090197,0.0
RBBP8NL,0.00022529924974151947,13.577794480833244,0.0
LPPR3,0.00022516728361249928,13.572425641576292,0.0
GABRA4,0.00022516365199164043,13.567056802319339,0.0
HIST1H2BG,0.00022490543584760317,13.561687963062386,0.0
DEFA6,0.0002248894325654265,13.556319123805432,0.0
C1orf172,0.00022481175415778155,13.55095028454848,0.0
CD300LD,0.0002247514213943286,13.545581445291527,0.0
ZNF320,0.00022462330620546452,13.540212606034574,0.0
ARHGAP11B,0.00022455415867680498,13.534843766777623,0.0
SLC35E2,0.00022445878315970427,13.52947492752067,0.0
WFDC13,0.0002241305775821851,13.524106088263718,0.0
RP11-729L2.2,0.00022382796200024017,13.518737249006765,0.0
AANAT,0.0002237880068279397,13.513368409749813,0.0
C20orf196,0.00022374008228497185,13.50799957049286,0.0
IFNA10,0.00022360960941518923,13.502630731235907,0.0
CXCL5,0.00022340904694084681,13.497261891978955,0.0
SLCO1A2,0.0002232150157204451,13.491893052722,0.0
C3orf17,0.00022294792980277856,13.486524213465048,0.0
TNFSF13B,0.00022270248084204592,13.481155374208095,0.0
GSG1L,0.000222556959521959,13.475786534951142,0.0
C3orf30,0.0002224891626427826,13.47041769569419,0.0
KCNG2,0.000222444621545081,13.465048856437239,0.0
SELV,0.00022242247847173202,13.459680017180286,0.0
DCAF8L2,0.00022227780636728355,13.454311177923334,0.0
MICALCL,0.00022214148840161573,13.448942338666381,0.0
GSTT2B,0.0002220916325940063,13.443573499409428,0.0
VNN2,0.00022199586001616332,13.438204660152476,0.0
MYLK2,0.00022186393015865782,13.432835820895523,0.0
S100Z,0.00022111865720663104,13.42746698163857,0.0
AMICA1,0.00022110361334667429,13.422098142381616,0.0
SUCNR1,0.00022095929211088673,13.416729303124663,0.0
PNLDC1,0.00022094051829541582,13.41136046386771,0.0
STEAP1B,0.0002208918872232036,13.405991624610758,0.0
SLC47A2,0.00022041300412544446,13.400622785353805,0.0
LENEP,0.00022011378736919323,13.395253946096854,0.0
SHE,0.0002199342906816086,13.389885106839902,0.0
ZP1,0.00021983940956183325,13.38451626758295,0.0
C19orf47,0.0002198019749634445,13.379147428325997,0.0
ARHGEF16,0.00021972346688117452,13.373778589069044,0.0
RP11-45M22.4,0.00021965537228218866,13.368409749812091,0.0
XXYLT1,0.00021964683380514411,13.363040910555139,0.0
CCDC126,0.00021955733068961458,13.357672071298184,0.0
CCDC36,0.0002193079355900272,13.352303232041232,0.0
SERPINA4,0.00021928534314207327,13.346934392784279,0.0
MYEOV,0.00021918053505069605,13.341565553527326,0.0
C1orf226,0.00021917769670152604,13.336196714270374,0.0
MMP24,0.0002191599022330881,13.330827875013423,0.0
ZNF653,0.00021910275364328321,13.32545903575647,0.0
TMPRSS4,0.00021907991921615703,13.320090196499518,0.0
KIAA0825,0.00021899679844462707,13.314721357242565,0.0
SLMO2,0.00021868948089719597,13.309352517985612,0.0
PSG2,0.000218207649478975,13.30398367872866,0.0
ZNF605,0.00021817638096302368,13.298614839471707,0.0
POTEB2,0.0002181151381602602,13.293246000214754,0.0
MMP17,0.00021801076870976455,13.2878771609578,0.0
ZSCAN5C,0.00021793509849581536,13.282508321700847,0.0
TMEM155,0.00021755784365003493,13.277139482443895,0.0
PROL1,0.0002171662614543577,13.271770643186942,0.0
PPP2R4,0.0002170880360249482,13.26640180392999,0.0
FAM19A2,0.00021698196059548644,13.261032964673038,0.0
ZNF732,0.00021697116589009278,13.255664125416086,0.0
MRPL32,0.00021677927092929387,13.250295286159133,0.0
C4orf51,0.0002164088719395425,13.24492644690218,0.0
GPR146,0.00021638534960581444,13.239557607645228,0.0
S1PR5,0.0002161405855311351,13.234188768388275,0.0
HNRNPCL1,0.00021609753740950698,13.228819929131323,0.0
ENDOU,0.00021600402814409182,13.223451089874368,0.0
SF3B14,0.00021596138597965026,13.218082250617416,0.0
TMEM89,0.00021584587859303103,13.212713411360463,0.0
RAD51AP2,0.00021572253940668079,13.20734457210351,0.0
CFHR3,0.0002156691778256317,13.201975732846558,0.0
CLVS1,0.0002156389032372076,13.196606893589605,0.0
FFAR1,0.00021562730701003662,13.191238054332654,0.0
KAZALD1,0.00021560618704714708,13.185869215075702,0.0
STC1,0.00021550275281460046,13.180500375818749,0.0
ANKUB1,0.00021547555578756324,13.175131536561796,0.0
MMP28,0.00021546003925182862,13.169762697304844,0.0
C4orf45,0.0002152938437546043,13.164393858047891,0.0
PCDHB1,0.00021528382716566024,13.159025018790938,0.0
CDADC1,0.00021527313954643412,13.153656179533984,0.0
DYNAP,0.00021507763186024822,13.148287340277031,0.0
OR1L6,0.0002150101718111571,13.142918501020079,0.0
TMEM106A,0.00021490677522795096,13.137549661763126,0.0
TRIM67,0.00021490565843894084,13.132180822506173,0.0
C2orf43,0.000214729592212945,13.12681198324922,0.0
LONRF3,0.0002145626223932191,13.12144314399227,0.0
CCDC173,0.00021454213870537915,13.116074304735317,0.0
DPRX,0.00021443782220297806,13.110705465478365,0.0
DEF6,0.00021436339268793688,13.105336626221412,0.0
SPN,0.0002142876529851648,13.09996778696446,0.0
C1orf21,0.00021412869086522902,13.094598947707507,0.0
LCE3A,0.0002140864004950975,13.089230108450552,0.0
SIAH3,0.00021407363785419615,13.0838612691936,0.0
ATOH7,0.00021406934340176864,13.078492429936647,0.0
RP11-145E5.5,0.00021394368454317518,13.073123590679694,0.0
KRTAP6-1,0.00021391602169274857,13.067754751422742,0.0
COX6B2,0.0002139159867610609,13.062385912165789,0.0
KLRC3,0.00021384199100581017,13.057017072908836,0.0
SPRN,0.00021381043230969937,13.051648233651886,0.0
SEC14L5,0.0002134580208322077,13.046279394394933,0.0
NHLRC1,0.00021338640204261766,13.04091055513798,0.0
FAM78A,0.0002133696465284001,13.035541715881028,0.0
SLC35E4,0.00021322759282480292,13.030172876624075,0.0
ZNF736,0.0002131410722337387,13.024804037367122,0.0
DEFB119,0.00021308755805867456,13.019435198110168,0.0
CLDN25,0.00021296222710002195,13.014066358853215,0.0
KRTAP27-1,0.00021294386556436765,13.008697519596263,0.0
C9orf66,0.00021289001935146856,13.00332868033931,0.0
GOLGA6L10,0.00021282273858354354,12.997959841082357,0.0
PIP5KL1,0.00021270371117383034,12.992591001825405,0.0
COX18,0.00021249722631129666,12.987222162568452,0.0
AL163636.6,0.00021245598005363887,12.981853323311501,0.0
TMEM180,0.00021243771921407637,12.976484484054549,0.0
TMEM183A,0.0002124291034324815,12.971115644797596,0.0
LY6G5C,0.0002123579152472998,12.965746805540643,0.0
LIN52,0.00021227403208079763,12.96037796628369,0.0
PRR15L,0.00021215345702478024,12.955009127026736,0.0
C1QTNF9B,0.00021206055050314196,12.949640287769784,0.0
ZMYND12,0.00021189840160775153,12.944271448512831,0.0
SPRED1,0.0002117954279864588,12.938902609255878,0.0
FAM122C,0.00021165072899157603,12.933533769998926,0.0
INHBC,0.00021149202683770616,12.928164930741973,0.0
PTTG2,0.00021148295155397527,12.92279609148502,0.0
ZNF71,0.00021135941959857444,12.917427252228068,0.0
RERG,0.0002113125077805427,12.912058412971117,0.0
ANKRD30B,0.00021124788201256386,12.906689573714164,0.0
LYSMD4,0.0002111906358383687,12.901320734457212,0.0
DEFB125,0.00021097815820803222,12.895951895200259,0.0
GRAMD2,0.00021088805571599514,12.890583055943306,0.0
SERPINA9,0.0002108355494010903,12.885214216686352,0.0
GPR75-ASB3,0.00021073844328766602,12.8798453774294,0.0
PIDD,0.0002107301945852498,12.874476538172447,0.0
CTD-2545M3.6,0.00021055161317194704,12.869107698915494,0.0
FAM214B,0.0002104007458109396,12.863738859658541,0.0
PRB2,0.00021034073492738023,12.858370020401589,0.0
FCRL1,0.0002101259150401169,12.853001181144636,0.0
HPCAL4,0.000210012557511705,12.847632341887682,0.0
OR10Z1,0.0002099495238670469,12.842263502630733,0.0
KAZN,0.00020987446561132034,12.83689466337378,0.0
PRAP1,0.0002096757230970932,12.831525824116827,0.0
PSD4,0.00020960546244864808,12.826156984859875,0.0
RPRD1A,0.00020948599947591466,12.82078814560292,0.0
ACTL10,0.00020898161134288873,12.815419306345968,0.0
GLIS1,0.0002089165482939273,12.810050467089015,0.0
FBXO8,0.0002089124986949859,12.804681627832062,0.0
RNF122,0.00020885671003680593,12.79931278857511,0.0
TBXAS1,0.00020883211444016258,12.793943949318157,0.0
C7orf49,0.00020881844323386096,12.788575110061204,0.0
KCTD16,0.00020876978943454378,12.783206270804252,0.0
GUCA1C,0.00020849093809735048,12.777837431547297,0.0
CCDC153,0.0002084843956283234,12.772468592290348,0.0
SNX20,0.00020845835417334545,12.767099753033396,0.0
SPOCK2,0.00020845591430067407,12.761730913776443,0.0
TBCEL,0.00020842740432546665,12.75636207451949,0.0
DESI2,0.0002082552261895148,12.750993235262536,0.0
ZNF853,0.00020814796170063685,12.745624396005583,0.0
CSNK1G1,0.00020811430284339575,12.74025555674863,0.0
GHSR,0.00020808951835040013,12.734886717491678,0.0
PRRG1,0.00020796989454802445,12.729517878234725,0.0
AMELX,0.0002078904309106569,12.724149038977773,0.0
PRICKLE4,0.0002078604274013814,12.71878019972082,0.0
NCMAP,0.000207632242212314,12.713411360463866,0.0
SH3BP1,0.00020752667500416682,12.708042521206913,0.0
CATSPERD,0.00020739233536313248,12.702673681949964,0.0
PRR22,0.000207132623497277,12.697304842693011,0.0
FAM154B,0.000207089277396304,12.691936003436059,0.0
CCDC132,0.0002069364247366152,12.686567164179104,0.0
LHFP,0.00020692701168485714,12.681198324922152,0.0
GPR123,0.0002066642485094534,12.675829485665199,0.0
ZNF322,0.00020660171020274524,12.670460646408246,0.0
B4GALT6,0.00020646141443989575,12.665091807151294,0.0
FAM71F1,0.00020612290192805472,12.659722967894341,0.0
CDRT15L2,0.00020595280717120427,12.654354128637388,0.0
SPACA1,0.00020582499609503457,12.648985289380436,0.0
KIAA1279,0.0002057603754489669,12.643616450123481,0.0
SLITRK4,0.0002055911374715356,12.638247610866532,0.0
METTL21B,0.00020558369715404333,12.63287877160958,0.0
GLYATL2,0.00020538787935742145,12.627509932352627,0.0
FGF6,0.0002053015809889311,12.622141093095674,0.0
SLC22A23,0.00020519909114894916,12.61677225383872,0.0
TAAR6,0.00020510410820231235,12.611403414581767,0.0
OR4K13,0.00020506425129992073,12.606034575324815,0.0
RP11-508N12.4,0.0002050539443397415,12.600665736067862,0.0
CDH20,0.00020505008028093088,12.59529689681091,0.0
FAM177B,0.00020497137923142662,12.589928057553957,0.0
ZBBX,0.00020496227256575316,12.584559218297004,0.0
ACOT6,0.00020475050850751668,12.57919037904005,0.0
ZNF765,0.00020470137817479904,12.573821539783097,0.0
ZNF684,0.00020461446735585,12.568452700526148,0.0
PYDC1,0.00020451015974946117,12.563083861269195,0.0
TRABD2A,0.00020441759528034165,12.557715022012243,0.0
ZNF493,0.0002042965912473252,12.552346182755288,0.0
IL17B,0.0002039809665850612,12.546977343498336,0.0
GPR26,0.00020350944176328128,12.541608504241383,0.0
BEND5,0.00020335265758356173,12.53623966498443,0.0
MTRF1,0.000203299391067916,12.530870825727478,0.0
CSH1,0.00020291912736055358,12.525501986470525,0.0
PLEKHA3,0.00020281434175642828,12.520133147213572,0.0
DFNB59,0.0002026864437059958,12.51476430795662,0.0
FAM222B,0.0002024935117891982,12.509395468699665,0.0
C1QTNF3,0.00020216384435416297,12.504026629442713,0.0
FAM179A,0.00020211807423086838,12.498657790185762,0.0
TCP10L2,0.00020197837309864915,12.49328895092881,0.0
KIF12,0.0002016990984799475,12.487920111671857,0.0
ZNF816,0.00020152988771908052,12.482551272414904,0.0
GABARAPL3,0.00020121186086988115,12.477182433157951,0.0
GPR61,0.00020118361314523667,12.471813593900999,0.0
STON1-GTF2A1L,0.00020106967191224935,12.466444754644046,0.0
ATP5L2,0.00020106003052720108,12.461075915387093,0.0
PI15,0.0002009102051181568,12.45570707613014,0.0
CLDN3,0.00020081667943443586,12.450338236873188,0.0
OR4D5,0.00020070822265681257,12.444969397616235,0.0
PTGDR2,0.00020070409770090038,12.439600558359283,0.0
RP11-986E7.7,0.00020065046395163002,12.43423171910233,0.0
C5orf49,0.00020049190823436875,12.428862879845378,0.0
MIA,0.00020030234842633078,12.423494040588425,0.0
GZMH,0.00020028721869519463,12.418125201331472,0.0
PRRG4,0.0002001789127159476,12.41275636207452,0.0
CASS4,0.00020004699525211933,12.407387522817567,0.0
BEND2,0.00020001893546059,12.402018683560614,0.0
KRTAP12-2,0.00019991078324459684,12.396649844303662,0.0
RP11-196G11.1,0.0001997473121115197,12.391281005046709,0.0
ZNF229,0.00019971178725832254,12.385912165789756,0.0
MZB1,0.0001994882735988042,12.380543326532804,0.0
ZNF789,0.00019946667663979902,12.375174487275851,0.0
INSM2,0.00019931157730754804,12.369805648018898,0.0
ERBB2IP,0.0001992995555363382,12.364436808761946,0.0
RBM11,0.00019920065812056923,12.359067969504993,0.0
IL18BP,0.00019901530588128623,12.35369913024804,0.0
CMTM2,0.00019889437387522524,12.348330290991088,0.0
OXER1,0.00019886566207118995,12.342961451734135,0.0
AQP7,0.00019868101410014895,12.337592612477183,0.0
TAC4,0.00019865318969314354,12.33222377322023,0.0
KRTAP9-1,0.00019858399948534462,12.326854933963277,0.0
SPINK9,0.00019848526215189162,12.321486094706325,0.0
SIGLEC11,0.00019846893652180264,12.316117255449372,0.0
ZNF333,0.00019817737336963055,12.310748416192418,0.0
C16orf80,0.00019763701766083896,12.305379576935467,0.0
CTD-2528L19.4,0.00019750966146318849,12.300010737678514,0.0
TMEM64,0.00019744289266555108,12.294641898421562,0.0
PLA2G4E,0.0001973826058729561,12.289273059164609,0.0
C5orf56,0.0001972988451898644,12.283904219907656,0.0
SPINK6,0.0001971594268702401,12.278535380650704,0.0
CLUL1,0.00019702718731081734,12.273166541393751,0.0
MLANA,0.00019691279198844687,12.267797702136798,0.0
NLRP7,0.00019659135035069423,12.262428862879846,0.0
HAS3,0.00019642315377490187,12.257060023622893,0.0
C3orf84,0.00019611165572119135,12.25169118436594,0.0
OR6C4,0.00019599580718510532,12.246322345108988,0.0
OR52H1,0.0001959497416995238,12.240953505852033,0.0
RP11-15E18.4,0.0001959111646016201,12.235584666595082,0.0
CRISP1,0.00019589972754397597,12.23021582733813,0.0
GPR75,0.00019571001596714434,12.224846988081177,0.0
C11orf70,0.00019545887759147635,12.219478148824225,0.0
DEFB108B,0.0001952739021175599,12.214109309567272,0.0
PAMR1,0.00019516234137273355,12.208740470310318,0.0
ZNF101,0.00019516082418516724,12.203371631053367,0.0
C7orf41,0.0001950293738019803,12.198002791796414,0.0
GPR97,0.0001947779199662272,12.192633952539461,0.0
PARD6B,0.00019474793710148937,12.187265113282509,0.0
C20orf85,0.00019474600019650192,12.181896274025556,0.0
AMZ1,0.00019462111333780943,12.176527434768602,0.0
ZNF154,0.00019458836913834084,12.171158595511649,0.0
FAM19A1,0.0001945158894016712,12.165789756254698,0.0
ACY3,0.00019439747971847118,12.160420916997746,0.0
SLC6A20,0.00019433463746105147,12.155052077740793,0.0
SLFN13,0.00019425894355749426,12.14968323848384,0.0
GALR1,0.00019416377132955726,12.144314399226888,0.0
ANKK1,0.00019405567951755193,12.138945559969933,0.0
FERD3L,0.00019400415324188403,12.133576720712982,0.0
LGSN,0.00019396539817095223,12.12820788145603,0.0
ZBTB32,0.00019384354972662316,12.122839042199077,0.0
CXCL9,0.00019364894480068543,12.117470202942124,0.0
OR10J1,0.00019364353978190956,12.112101363685172,0.0
DFFB,0.00019356362585358774,12.106732524428217,0.0
CIB3,0.00019353332885457654,12.101363685171266,0.0
KBTBD11,0.00019344128810807232,12.095994845914314,0.0
NAA30,0.0001932484865133546,12.090626006657361,0.0
FAM217A,0.00019318218270256848,12.085257167400409,0.0
FSD1,0.00019316804723631858,12.079888328143456,0.0
ZFP82,0.00019316074156783535,12.074519488886502,0.0
TNFRSF17,0.00019290507691324717,12.069150649629549,0.0
GPR171,0.00019287914991390466,12.063781810372598,0.0
EPT1,0.00019279908009052976,12.058412971115645,0.0
SERPINB10,0.00019278307138602497,12.053044131858693,0.0
SERPINB8,0.00019277572828099515,12.04767529260174,0.0
B3GALTL,0.000192754788861864,12.042306453344786,0.0
ALPPL2,0.00019262409180904826,12.036937614087833,0.0
ADAM29,0.0001925468625912197,12.031568774830882,0.0
XKR4,0.0001924745908743072,12.02619993557393,0.0
GCOM1,0.0001923119267125218,12.020831096316977,0.0
KRTAP4-4,0.0001921671506505359,12.015462257060024,0.0
SAMSN1,0.00019215321527380017,12.010093417803072,0.0
ZNF850,0.00019209211900812965,12.004724578546117,0.0
CXCL16,0.0001919850996564549,11.999355739289165,0.0
OR1D5,0.0001919572924049471,11.993986900032214,0.0
TRH,0.000191848910056999,11.988618060775261,0.0
MALT1,0.00019167896118716152,11.983249221518308,0.0
PMF1-BGLAP,0.00019160927209099739,11.977880382261356,0.0
CCDC178,0.000191606571087165,11.972511543004401,0.0
C2CD4A,0.00019148426458441637,11.967142703747449,0.0
RP11-618P17.4,0.00019145339301717337,11.961773864490498,0.0
USP17L2,0.00019134934837367558,11.956405025233545,0.0
HOXC9,0.00019090461954776974,11.951036185976593,0.0
WFDC10A,0.00019087998246812267,11.94566734671964,0.0
MS4A2,0.00019078626123719266,11.940298507462686,0.0
B3GNT3,0.00019070490638155863,11.934929668205733,0.0
VHLL,0.00019047779365272648,11.92956082894878,0.0
C19orf40,0.0001904596701191615,11.92419198969183,0.0
OR2G3,0.00019033117358321878,11.918823150434877,0.0
CD180,0.00019021116534099865,11.913454311177924,0.0
CTD-3222D19.2,0.00019016808712963947,11.90808547192097,0.0
SLC41A2,0.0001901252268257613,11.902716632664017,0.0
RP11-125O5.2,0.00019002157979948036,11.897347793407064,0.0
KCNK15,0.00018991877390786772,11.891978954150114,0.0
GLI4,0.00018988066879223927,11.88661011489316,0.0
C9orf131,0.00018981883837914672,11.881241275636208,0.0
C7orf34,0.0001898065934096889,11.875872436379256,0.0
LHFPL4,0.00018978338590716647,11.870503597122301,0.0
C12orf54,0.0001895843886907857,11.865134757865349,0.0
GATAD1,0.00018958183038258824,11.859765918608396,0.0
TSC22D2,0.00018957499607745042,11.854397079351445,0.0
KRTAP9-3,0.00018936773597415544,11.849028240094492,0.0
ZNF185,0.00018898688257990072,11.84365940083754,0.0
C17orf104,0.00018885844588770905,11.838290561580585,0.0
PITPNC1,0.00018877866081417645,11.832921722323633,0.0
KLHDC7A,0.00018863207551098583,11.82755288306668,0.0
LRRC34,0.00018847395032982477,11.82218404380973,0.0
SLC2A13,0.0001882847648737075,11.816815204552777,0.0
GSC2,0.0001882500119871634,11.811446365295824,0.0
OR4D9,0.00018814145497873062,11.80607752603887,0.0
C10orf95,0.00018810233086519093,11.800708686781917,0.0
C11orf52,0.00018806807815871133,11.795339847524964,0.0
SLC38A9,0.00018803311361416036,11.789971008268013,0.0
SCIMP,0.0001880153762640082,11.78460216901106,0.0
RFPL4B,0.00018789585673894817,11.779233329754108,0.0
DEFB132,0.00018784695465397973,11.773864490497154,0.0
RHOXF1,0.00018781517148092454,11.768495651240201,0.0
RNF217,0.0001876895168541173,11.763126811983248,0.0
AC005358.1,0.00018729664370892144,11.757757972726296,0.0
SZRD1,0.00018698057519475064,11.752389133469345,0.0
ZNF599,0.0001869716149877988,11.747020294212392,0.0
SERTM1,0.00018678299963976815,11.74165145495544,0.0
RP11-133K1.2,0.00018668029544977914,11.736282615698485,0.0
OR51M1,0.00018664987747061363,11.730913776441533,0.0
KRTAP3-1,0.0001866076881385465,11.72554493718458,0.0
SSX5,0.00018631226508873588,11.720176097927629,0.0
AC103801.2,0.00018624772944339456,11.714807258670676,0.0
LRRC14B,0.00018621839601811285,11.709438419413724,0.0
CALCB,0.00018621242791596611,11.70406958015677,0.0
CCDC104,0.00018604649989957309,11.698700740899817,0.0
KRTAP3-3,0.0001857833422651529,11.693331901642864,0.0
MAGEB16,0.00018566967922452763,11.687963062385911,0.0
KLRC4-KLRK1,0.0001856235459852873,11.68259422312896,0.0
ZNF28,0.00018559673767848083,11.677225383872008,0.0
TAGLN3,0.00018546992375008403,11.671856544615054,0.0
GPR6,0.00018532484369266042,11.6664877053581,0.0
ZNF669,0.00018514502952899522,11.661118866101148,0.0
KIR3DL1,0.00018501779379122117,11.655750026844196,0.0
GP9,0.00018485817857831849,11.650381187587245,0.0
GP1BB,0.00018468164254811177,11.645012348330292,0.0
AC003006.7,0.00018460622854208464,11.639643509073338,0.0
NEURL,0.00018447576717673978,11.634274669816385,0.0
KRTAP3-2,0.0001844353350592289,11.628905830559432,0.0
LCE3C,0.00018430359114132716,11.62353699130248,0.0
ZNF141,0.00018419197551332095,11.618168152045527,0.0
CELA2A,0.00018414585030072797,11.612799312788576,0.0
NXPE4,0.0001841008885577744,11.607430473531624,0.0
ANKRD34B,0.0001840852482125794,11.60206163427467,0.0
DEFB127,0.00018405255566891754,11.596692795017717,0.0
CTRL,0.0001839864506259792,11.591323955760764,0.0
TMEM27,0.00018373306141829842,11.585955116503811,0.0
TSPAN19,0.00018368176110672755,11.58058627724686,0.0
LYG1,0.0001836135008698077,11.575217437989908,0.0
ZBTB44,0.00018354581177213396,11.569848598732953,0.0
OTOP2,0.00018343025742248814,11.564479759476,0.0
AP000295.9,0.0001834233287558609,11.559110920219048,0.0
CCDC23,0.00018327471693877534,11.553742080962095,0.0
PPY,0.00018309019445000177,11.548373241705143,0.0
C11orf88,0.00018308409457939797,11.543004402448192,0.0
OR51B4,0.00018304631208245146,11.537635563191238,0.0
RP4-734P14.4,0.00018264278098989025,11.532266723934285,0.0
NBPF16,0.00018262970304712113,11.526897884677332,0.0
MAP3K2,0.00018252350671329892,11.52152904542038,0.0
FAM221A,0.00018233571349646232,11.516160206163427,0.0
SHOX,0.00018226706979813126,11.510791366906476,0.0
RP11-831H9.11,0.00018224985314415043,11.505422527649522,0.0
CTAG2,0.00018221585819214338,11.500053688392569,0.0
ATXN7L1,0.0001820557091329956,11.494684849135616,0.0
GPR68,0.00018195509597816614,11.489316009878664,0.0
KRTAP12-4,0.00018193697372771,11.483947170621711,0.0
S100G,0.00018139942935752873,11.478578331364758,0.0
RP11-977G19.10,0.0001812195002473869,11.473209492107808,0.0
CAPN8,0.0001810495899808702,11.467840652850853,0.0
CTD-2561J22.3,0.00018100523053539444,11.4624718135939,0.0
TRIM6-TRIM34,0.00018100191477355448,11.457102974336948,0.0
FMR1NB,0.00018096931093652713,11.451734135079995,0.0
COQ10B,0.00018094764087448858,11.446365295823043,0.0
TRIM74,0.00018093585847233268,11.440996456566092,0.0
MAB21L3,0.00018073735722402747,11.435627617309137,0.0
IL1RL2,0.00018060576126619252,11.430258778052185,0.0
TMCO5A,0.00018048390792807346,11.424889938795232,0.0
KCNJ15,0.00018030683946709334,11.41952109953828,0.0
PRAMEF6,0.00018017970283313708,11.414152260281327,0.0
CST9L,0.00018000234757283658,11.408783421024376,0.0
HOXC10,0.0001799950590306253,11.403414581767422,0.0
ENTPD2,0.00017993542063384318,11.398045742510469,0.0
CHST13,0.00017965775928304543,11.392676903253516,0.0
C11orf84,0.00017963994146537053,11.387308063996564,0.0
BTG4,0.0001795842406036024,11.381939224739611,0.0
ZNF812,0.00017953982983780472,11.376570385482658,0.0
CLRN1,0.00017950564050708758,11.371201546225706,0.0
OR52D1,0.00017935465098863784,11.365832706968753,0.0
GOLGA6A,0.00017929978540391457,11.3604638677118,0.0
KIAA1467,0.0001792756593149419,11.355095028454848,0.0
ACTL9,0.0001792683757724466,11.349726189197895,0.0
ANKRD33,0.00017923847970557227,11.344357349940942,0.0
C8orf34,0.00017920962340834098,11.338988510683992,0.0
C15orf60,0.00017918739036173117,11.333619671427037,0.0
PPIAL4A,0.0001791188706027693,11.328250832170085,0.0
GPR114,0.0001791054961602357,11.322881992913132,0.0
RNF186,0.00017906934402124982,11.31751315365618,0.0
ZNF705G,0.00017899491933148336,11.312144314399227,0.0
GPR88,0.00017891327506976823,11.306775475142274,0.0
LAIR1,0.00017880345833859484,11.301406635885321,0.0
ZFY,0.00017865501830071823,11.296037796628369,0.0
ZNF519,0.00017854860860991404,11.290668957371416,0.0
LRGUK,0.00017849555293891157,11.285300118114463,0.0
SLC35D3,0.0001783868173103271,11.27993127885751,0.0
IFNA2,0.00017833134906360639,11.274562439600558,0.0
CXorf21,0.00017825714487487815,11.269193600343606,0.0
SERTAD4,0.00017812524600962438,11.263824761086653,0.0
AMELY,0.00017808112334272117,11.2584559218297,0.0
ZNF280A,0.00017807060099223957,11.253087082572748,0.0
PNLIPRP1,0.00017804911323200984,11.247718243315795,0.0
RUNDC3B,0.00017772811682359872,11.242349404058842,0.0
OR5H2,0.0001776599997640588,11.23698056480189,0.0
TGM5,0.00017761683961677453,11.231611725544937,0.0
BPIFB6,0.0001775875221052023,11.226242886287984,0.0
SLC6A17,0.00017756965078625898,11.220874047031032,0.0
MS4A1,0.0001775197924085814,11.215505207774079,0.0
WDSUB1,0.00017726852051580587,11.210136368517126,0.0
KRTAP4-6,0.00017694707006039,11.204767529260174,0.0
C1orf65,0.00017692699335491806,11.199398690003221,0.0
ZNF654,0.0001768897542088392,11.194029850746269,0.0
PGA5,0.0001767279507906211,11.188661011489316,0.0
TMEM39A,0.00017647289902947928,11.183292172232363,0.0
C1orf54,0.0001764583867928393,11.17792333297541,0.0
KIR3DX1,0.0001763817918639625,11.172554493718458,0.0
HTN1,0.0001763459567598803,11.167185654461505,0.0
SLC22A15,0.00017631990221922292,11.161816815204553,0.0
ERMARD,0.0001763069455052052,11.1564479759476,0.0
NRN1L,0.0001762226412192667,11.151079136690647,0.0
C14orf178,0.0001761937110352591,11.145710297433695,0.0
OR5K3,0.00017610552531253403,11.140341458176742,0.0
KRT40,0.0001758490584960677,11.13497261891979,0.0
NUPL1,0.00017584864709864747,11.129603779662837,0.0
SCGB1C1,0.00017582742261509066,11.124234940405884,0.0
SAMD14,0.00017555912591503867,11.118866101148932,0.0
CTC-454I21.3,0.0001754943009141406,11.113497261891979,0.0
DEFB126,0.00017542307630711773,11.108128422635026,0.0
OR6K2,0.00017514765120201848,11.102759583378074,0.0
OR5AC2,0.0001746714301155996,11.097390744121121,0.0
STARD6,0.0001745235899972589,11.092021904864168,0.0
CELF3,0.00017443729175653896,11.086653065607216,0.0
CCNL1,0.0001744157547888485,11.081284226350263,0.0
LGALS16,0.0001742640189333973,11.07591538709331,0.0
OR7A10,0.0001740261067374983,11.070546547836358,0.0
C4orf46,0.000174017980058479,11.065177708579405,0.0
FBXO15,0.00017394929205861848,11.059808869322453,0.0
PTPLAD1,0.00017393620301190028,11.0544400300655,0.0
IL31,0.00017388254324914745,11.049071190808547,0.0
TRIM50,0.00017382881653340345,11.043702351551595,0.0
FAM47E,0.0001734742778116244,11.038333512294642,0.0
UGT2A3,0.00017335892282122447,11.03296467303769,0.0
BIRC7,0.0001731834283180595,11.027595833780737,0.0
NPY,0.00017314556865468458,11.022226994523784,0.0
RHBDL2,0.00017297033681208727,11.016858155266831,0.0
RP11-1084J3.4,0.00017294763614085436,11.011489316009879,0.0
WASF3,0.0001729126297400018,11.006120476752926,0.0
ZNF611,0.0001728935582696849,11.000751637495974,0.0
KRTAP9-4,0.00017287089046887124,10.99538279823902,0.0
KLHL34,0.0001728676105519797,10.990013958982068,0.0
MIOX,0.0001726411393592067,10.984645119725116,0.0
RP11-302M6.4,0.00017258194083885893,10.979276280468163,0.0
WFDC10B,0.00017253020836951004,10.97390744121121,0.0
STX12,0.00017240889832305871,10.968538601954258,0.0
C2orf57,0.00017240461518049666,10.963169762697305,0.0
C9orf139,0.0001723616398219625,10.957800923440352,0.0
ZNF195,0.00017227485567080595,10.9524320841834,0.0
OR5H1,0.0001721874039194238,10.947063244926447,0.0
TREM1,0.00017213410942042406,10.941694405669494,0.0
TNFAIP8L1,0.00017200728339153206,10.936325566412542,0.0
MAPK15,0.0001718789639778398,10.93095672715559,0.0
C4orf6,0.00017178331109686903,10.925587887898637,0.0
SIGLEC12,0.00017171304013233562,10.920219048641684,0.0
C2orf78,0.00017162251412917965,10.914850209384731,0.0
CTB-186H2.3,0.00017150113060444304,10.909481370127779,0.0
DMRTC1,0.0001713549453519377,10.904112530870826,0.0
C19orf59,0.00017133296998447827,10.898743691613873,0.0
PGBD4,0.00017132999292796233,10.89337485235692,0.0
DUXA,0.00017124251118382354,10.888006013099968,0.0
ANP32D,0.00017119985571081438,10.882637173843015,0.0
ZNF546,0.00017114448558308446,10.877268334586063,0.0
SUSD3,0.00017101777379388165,10.87189949532911,0.0
MBLAC1,0.00017085462246021324,10.866530656072158,0.0
WBSCR17,0.00017066800940965647,10.861161816815205,0.0
FBXO47,0.00017060074409001527,10.85579297755825,0.0
ZNF77,0.0001705142915407856,10.8504241383013,0.0
KCNMB4,0.0001704983966988489,10.845055299044347,0.0
AL645608.1,0.00017028443769351824,10.839686459787394,0.0
CC2D2B,0.0001701758177610443,10.834317620530442,0.0
GPBAR1,0.0001700800250783638,10.828948781273489,0.0
AL121963.1,0.00017003791534568653,10.823579942016535,0.0
PLLP,0.00016990083876779769,10.818211102759584,0.0
C1orf141,0.0001698914324096485,10.812842263502631,0.0
GDF9,0.00016982648569991354,10.807473424245678,0.0
GALNT13,0.00016981940982979112,10.802104584988726,0.0
AL161784.1,0.0001695583644063772,10.796735745731773,0.0
MSANTD3-TMEFF1,0.00016954941748284475,10.79136690647482,0.0
DKKL1,0.00016941308765364263,10.785998067217868,0.0
KIAA1984,0.00016934301361622126,10.780629227960915,0.0
C1orf174,0.00016918327662222675,10.775260388703963,0.0
EID2,0.0001691320806054769,10.76989154944701,0.0
CELA1,0.00016898115171027245,10.764522710190057,0.0
RNASE3,0.00016881699782846397,10.759153870933105,0.0
FAM167A,0.0001687175377979603,10.75378503167615,0.0
MAGEA3,0.00016870398538864278,10.7484161924192,0.0
KIAA2026,0.0001686286633795331,10.743047353162247,0.0
OR5M1,0.00016842092390556996,10.737678513905294,0.0
TCEAL6,0.00016837445158638368,10.732309674648342,0.0
DPF1,0.00016806518354148427,10.726940835391389,0.0
SLC7A4,0.00016804069225741266,10.721571996134434,0.0
RP11-474G23.1,0.0001679178156763073,10.716203156877484,0.0
C1orf94,0.00016787727493176163,10.710834317620531,0.0
OR1J1,0.00016785641603176828,10.705465478363578,0.0
FAM47C,0.00016752011532500586,10.700096639106626,0.0
CYTL1,0.00016730883443148627,10.694727799849673,0.0
ZNF625-ZNF20,0.00016710108837998176,10.689358960592719,0.0
SYT14,0.0001670799328679795,10.683990121335766,0.0
CCDC63,0.0001670136066464516,10.678621282078815,0.0
SLC25A43,0.00016683944545288696,10.673252442821862,0.0
ANKRD42,0.00016682925879411899,10.66788360356491,0.0
KRTAP20-2,0.00016679181207703678,10.662514764307957,0.0
CCDC148,0.0001665977507240418,10.657145925051005,0.0
RP11-152F13.10,0.00016649145010626563,10.65177708579405,0.0
BCL2L15,0.000166373067732909,10.6464082465371,0.0
KRTAP4-7,0.00016621682835153437,10.641039407280147,0.0
SMTNL1,0.0001661750921458949,10.635670568023194,0.0
MOCOS,0.00016604213375903004,10.630301728766241,0.0
NPFFR1,0.00016603703234142583,10.624932889509289,0.0
ZNF860,0.0001660035297216933,10.619564050252334,0.0
C19orf18,0.0001658935283941902,10.614195210995382,0.0
ZNF705B,0.00016563579398632433,10.60882637173843,0.0
CTB-50L17.14,0.00016556793229805623,10.603457532481478,0.0
AGPAT9,0.00016530151456990694,10.598088693224526,0.0
OR5H15,0.0001651598996399215,10.592719853967573,0.0
ZNF692,0.00016511888485082167,10.587351014710618,0.0
OR9G1,0.00016499099019995082,10.581982175453666,0.0
PDZK1IP1,0.00016498704302968828,10.576613336196715,0.0
HIST1H2AE,0.0001648206692344029,10.571244496939762,0.0
GPR64,0.00016436919906835163,10.56587565768281,0.0
TMPRSS7,0.0001643444202683747,10.560506818425857,0.0
C14orf177,0.00016428984443757103,10.555137979168903,0.0
KCNF1,0.0001641486059686771,10.54976913991195,0.0
FATE1,0.00016413932135093566,10.544400300654997,0.0
MSL1,0.000164132676584923,10.539031461398046,0.0
SH2D3A,0.00016412404461276284,10.533662622141094,0.0
CBWD6,0.00016398533120572684,10.528293782884141,0.0
LHX9,0.00016392192654237524,10.522924943627189,0.0
HS1BP3,0.00016389296343824377,10.517556104370234,0.0
HVCN1,0.00016386242378562142,10.512187265113281,0.0
SPINK2,0.00016375972575752485,10.50681842585633,0.0
CTD-2215E18.1,0.0001636551010119974,10.501449586599378,0.0
C15orf26,0.00016354348222910053,10.496080747342425,0.0
FCRL3,0.00016344623740886062,10.490711908085473,0.0
ACTRT3,0.00016343031029389686,10.485343068828518,0.0
ZNF502,0.00016341936968466725,10.479974229571566,0.0
STX16-NPEPL1,0.00016323397148092382,10.474605390314613,0.0
THRSP,0.0001631821057974794,10.469236551057662,0.0
VN1R1,0.00016309937956795288,10.46386771180071,0.0
DNAJB13,0.00016307570641665238,10.458498872543757,0.0
AP003068.6,0.00016300246567549364,10.453130033286802,0.0
MIR3654,0.0001627551290898658,10.44776119402985,0.0
ST6GALNAC1,0.0001626960860119782,10.442392354772897,0.0
NPAP1,0.00016266644074891995,10.437023515515946,0.0
SCP2D1,0.0001625824674916935,10.431654676258994,0.0
FAM65C,0.00016256794150141938,10.426285837002041,0.0
C14orf79,0.00016254805359389293,10.420916997745087,0.0
GPX5,0.00016242950198336027,10.415548158488134,0.0
PRR23C,0.0001624205372640788,10.410179319231181,0.0
FNDC7,0.00016240195377483527,10.40481047997423,0.0
FAM47A,0.00016219205861095812,10.399441640717278,0.0
B3GALT1,0.0001618948150492242,10.394072801460325,0.0
MATN4,0.0001618409176522431,10.388703962203373,0.0
UPP2,0.00016183858797668517,10.383335122946418,0.0
EFCAB4B,0.00016182289698641193,10.377966283689465,0.0
FAM187B,0.0001617966613190532,10.372597444432513,0.0
TTC16,0.00016174961418535558,10.367228605175562,0.0
ZNF566,0.00016174460781501844,10.36185976591861,0.0
EFHB,0.00016168426146768354,10.356490926661657,0.0
IGSF9B,0.00016161175479418663,10.351122087404702,0.0
PRSS50,0.00016150905619411932,10.34575324814775,0.0
PRH1,0.0001613959437297959,10.340384408890797,0.0
IQCF3,0.00016130793306189418,10.335015569633846,0.0
UTP23,0.0001612361704425924,10.329646730376894,0.0
POPDC3,0.00016096083317677045,10.32427789111994,0.0
KIAA0895,0.00016089034480644887,10.318909051862986,0.0
FAM71E1,0.0001608088077950383,10.313540212606034,0.0
SRCRB4D,0.0001607221467195702,10.308171373349081,0.0
GPRIN3,0.00016068840215737517,10.302802534092129,0.0
HUNK,0.00016065789397582151,10.297433694835178,0.0
CRISP3,0.00016060193909439317,10.292064855578225,0.0
SEPT11,0.00016049481857341848,10.28669601632127,0.0
TMEM151A,0.00016018851177297281,10.281327177064318,0.0
FAM102A,0.00016004925803087284,10.275958337807365,0.0
AC026407.1,0.0001599722814746316,10.270589498550413,0.0
RP11-234B24.6,0.00015980348387447838,10.265220659293462,0.0
ZNF98,0.00015972832452490542,10.25985182003651,0.0
GPR32,0.00015966252774280167,10.254482980779557,0.0
HIST1H4B,0.00015964049624762045,10.249114141522602,0.0
OR5M9,0.00015961881946112254,10.24374530226565,0.0
ZNF589,0.00015952113868902528,10.238376463008697,0.0
HIST1H4L,0.0001592013014251398,10.233007623751744,0.0
NAPRT1,0.00015917618155834455,10.227638784494793,0.0
FUT4,0.00015909716242430417,10.22226994523784,0.0
NFKBID,0.00015909222139757448,10.216901105980886,0.0
DNAJB8,0.00015901782911236778,10.211532266723934,0.0
OR51D1,0.00015878737843572668,10.206163427466981,0.0
PRR5L,0.00015876649322337966,10.200794588210028,0.0
TMEM154,0.0001586739565664064,10.195425748953078,0.0
RP11-438J1.1,0.000158497297936987,10.190056909696125,0.0
HCAR1,0.00015844694042673152,10.18468807043917,0.0
CCDC41,0.00015807010786963028,10.179319231182218,0.0
CXorf38,0.0001579214531284959,10.173950391925265,0.0
SLC2A11,0.00015787909937598542,10.168581552668313,0.0
URAD,0.00015781798152823104,10.16321271341136,0.0
TNFSF12-TNFSF13,0.00015764580393653785,10.157843874154409,0.0
CRIP3,0.00015755841215217616,10.152475034897455,0.0
URGCP-MRPS24,0.00015740450239576294,10.147106195640502,0.0
COX8C,0.00015739721671165352,10.14173735638355,0.0
RP11-484M3.5,0.00015714322740632472,10.136368517126597,0.0
SIRPD,0.00015696371873042374,10.130999677869644,0.0
CCDC24,0.00015696209968950027,10.125630838612693,0.0
ZFP3,0.00015677920529746914,10.12026199935574,0.0
UGT2B28,0.00015667537687433892,10.114893160098786,0.0
CCKAR,0.00015666610612597326,10.109524320841834,0.0
ZNF81,0.00015651002811103832,10.10415548158488,0.0
REG3G,0.00015638443601970293,10.098786642327928,0.0
ANKRD13C,0.00015609070262498416,10.093417803070977,0.0
SCGB1D4,0.0001560260988420187,10.088048963814025,0.0
C1orf111,0.00015589898721113875,10.08268012455707,0.0
DEFB110,0.0001558005630758387,10.077311285300118,0.0
FABP6,0.00015578542504495821,10.071942446043165,0.0
MAP4K1,0.00015552106116490424,10.066573606786212,0.0
APOA1BP,0.00015538071353636388,10.06120476752926,0.0
ZIM3,0.00015534150763270603,10.055835928272309,0.0
SEC14L3,0.00015527631363122113,10.050467089015354,0.0
SFTA3,0.0001552426370358567,10.045098249758402,0.0
XYLB,0.00015519812804386352,10.03972941050145,0.0
C12orf36,0.00015517509079411628,10.034360571244497,0.0
GPR150,0.00015511748614676035,10.028991731987544,0.0
AADACL2,0.00015504753268410202,10.023622892730593,0.0
ZNF674,0.00015482314178353964,10.018254053473639,0.0
SATL1,0.00015475593780778937,10.012885214216686,0.0
LCE3D,0.0001546768213189752,10.007516374959733,0.0
C10orf91,0.00015466382448916312,10.00214753570278,0.0
KRTAP5-7,0.00015461453405987542,9.996778696445828,0.0
PHF21B,0.00015436959980981164,9.991409857188875,0.0
GPR55,0.0001543624103375265,9.986041017931925,0.0
CHI3L2,0.0001542799086373237,9.98067217867497,0.0
OR5H6,0.00015425490027042905,9.975303339418018,0.0
CTD-2583A14.9,0.00015423234323542486,9.969934500161065,0.0
GPR34,0.00015410015698337232,9.964565660904112,0.0
ZNF547,0.00015396220110089988,9.95919682164716,0.0
BEND6,0.00015386339328709803,9.953827982390209,0.0
OR52A5,0.00015371675618738179,9.948459143133254,0.0
SLC39A11,0.00015370821118377626,9.943090303876302,0.0
HSD3B2,0.00015326867929090995,9.937721464619349,0.0
KCTD18,0.00015309124972580167,9.932352625362396,0.0
OXGR1,0.00015292780452435926,9.926983786105444,0.0
KRTAP4-11,0.00015275575977183152,9.921614946848491,0.0
SLC6A18,0.00015271359601293262,9.916246107591538,0.0
PRR19,0.00015257950752156066,9.910877268334586,0.0
RFPL4A,0.00015256763612689746,9.905508429077633,0.0
FAM101B,0.00015245167955096965,9.90013958982068,0.0
RP11-795F19.5,0.00015241787194122182,9.894770750563728,0.0
PHACTR3,0.00015228962121899067,9.889401911306775,0.0
FRMD1,0.0001522404560417233,9.884033072049823,0.0
FAM21B,0.00015215771026265765,9.87866423279287,0.0
C17orf77,0.00015213018566612573,9.873295393535917,0.0
ZNF549,0.00015209167693003663,9.867926554278965,0.0
PVRL2,0.000152068222503994,9.862557715022012,0.0
VPREB1,0.00015185263582788842,9.85718887576506,0.0
THEM5,0.0001517935768181889,9.851820036508107,0.0
S100A5,0.00015175505910639263,9.846451197251154,0.0
PNPLA5,0.0001516209604076813,9.841082357994202,0.0
C15orf38-AP3S2,0.0001514213176065015,9.835713518737249,0.0
MAS1L,0.00015115222221296062,9.830344679480296,0.0
LSMD1,0.00015074220866698982,9.824975840223344,0.0
SCGB2A2,0.00015020795928542515,9.819607000966391,0.0
FSIP1,0.00015015161439705329,9.814238161709438,0.0
FAM228A,0.00015013112248060751,9.808869322452486,0.0
ZNF720,0.00015010799994163743,9.803500483195533,0.0
AC003002.4,0.00015010066612411918,9.79813164393858,0.0
MRO,0.0001500937456056078,9.792762804681628,0.0
ZNF497,0.00015000254910445634,9.787393965424675,0.0
WISP1,0.00014990404356104626,9.782025126167722,0.0
OR1E2,0.00014990110503051036,9.77665628691077,0.0
FAM47B,0.00014986641680302508,9.771287447653817,0.0
APOBEC4,0.00014970164388426114,9.765918608396865,0.0
EFCAB1,0.00014961396918305005,9.760549769139912,0.0
ZNF492,0.0001495798352622219,9.75518092988296,0.0
LRRTM3,0.0001495527974316808,9.749812090626007,0.0
AC009065.1,0.00014953912158605328,9.744443251369054,0.0
VSIG2,0.0001494738537500501,9.739074412112101,0.0
PAQR9,0.0001493841418912769,9.733705572855149,0.0
GJA10,0.00014936603303679902,9.728336733598196,0.0
C8orf22,0.00014924268314705957,9.722967894341243,0.0
C22orf24,0.00014920744945268318,9.71759905508429,0.0
RHOV,0.0001491489470277538,9.712230215827338,0.0
LUZP2,0.0001491107458259113,9.706861376570386,0.0
TRIM62,0.0001491095064248629,9.701492537313433,0.0
RP11-57H12.6,0.00014908342103659954,9.69612369805648,0.0
ACPT,0.00014907030025996095,9.690754858799528,0.0
CFHR2,0.00014885670239989527,9.685386019542575,0.0
SYT12,0.00014884944436944591,9.680017180285622,0.0
GPR111,0.0001487995876564426,9.67464834102867,0.0
ACER3,0.00014868404450072765,9.669279501771717,0.0
GLP1R,0.000148641582307376,9.663910662514764,0.0
CCDC129,0.00014859974738645117,9.658541823257812,0.0
PPP1R1C,0.00014854157753335767,9.653172984000859,0.0
NAA60,0.00014850511477146046,9.647804144743906,0.0
MYBPH,0.000148502206986108,9.642435305486954,0.0
LPPR4,0.0001483014828827764,9.637066466230001,0.0
KIAA1377,0.00014815882606783484,9.631697626973049,0.0
MAS1,0.00014809851535153097,9.626328787716096,0.0
KLK12,0.00014802574320831047,9.620959948459143,0.0
CTC-479C5.12,0.00014799816006050125,9.61559110920219,0.0
LA16c-431H6.6,0.00014795650264151194,9.610222269945238,0.0
NUGGC,0.0001478500378823219,9.604853430688285,0.0
PRL,0.0001477461364178502,9.599484591431333,0.0
CCDC176,0.00014769238114187047,9.59411575217438,0.0
ZNF730,0.00014764253197338103,9.588746912917427,0.0
CBLN4,0.0001474744194592933,9.583378073660475,0.0
R3HDML,0.0001474405329548648,9.578009234403522,0.0
SLC25A48,0.0001472348690043477,9.57264039514657,0.0
CCDC140,0.00014719797946610244,9.567271555889617,0.0
P2RX1,0.0001471048208296323,9.561902716632664,0.0
GCA,0.0001469008242994567,9.556533877375712,0.0
CAPN12,0.00014688230723893867,9.551165038118759,0.0
TRIM34,0.0001468505870202864,9.545796198861806,0.0
FAM209B,0.00014684460103822852,9.540427359604852,0.0
C19orf66,0.00014675622270253827,9.535058520347901,0.0
FMO1,0.00014674407069313226,9.529689681090948,0.0
CTD-3214H19.16,0.0001467167072943288,9.524320841833996,0.0
PRB4,0.0001462479151331655,9.518952002577043,0.0
C17orf103,0.000146199898739014,9.51358316332009,0.0
MFSD2B,0.00014610288556157264,9.508214324063138,0.0
TTC36,0.00014596976257729208,9.502845484806185,0.0
C16orf54,0.000145871587608866,9.497476645549233,0.0
NTNG1,0.0001458412184079675,9.49210780629228,0.0
CDH26,0.0001458204229994329,9.486738967035327,0.0
LELP1,0.00014564822995875387,9.481370127778375,0.0
PAGE4,0.00014561232186909853,9.476001288521422,0.0
FBXO31,0.00014555792756228204,9.470632449264468,0.0
CTD-2410N18.5,0.00014554329038908318,9.465263610007517,0.0
AC003002.6,0.00014553873057107582,9.459894770750564,0.0
RNF185,0.00014552444148055018,9.454525931493611,0.0
GLOD5,0.00014543085670549568,9.449157092236659,0.0
BEGAIN,0.0001453963721279287,9.443788252979706,0.0
ENPP7,0.00014533747825659833,9.438419413722752,0.0
AADACL3,0.00014516004633447193,9.4330505744658,0.0
C10orf32-ASMT,0.00014503524890622106,9.427681735208848,0.0
ABHD16B,0.00014488432354923,9.422312895951896,0.0
MS4A6E,0.00014477397041180878,9.416944056694943,0.0
C6orf15,0.00014474116693727364,9.41157521743799,0.0
RERGL,0.0001446186108922601,9.406206378181036,0.0
CCDC89,0.000144395498331455,9.400837538924085,0.0
HIST1H2AL,0.0001442728230379802,9.395468699667132,0.0
PKNOX2,0.0001441854087245764,9.39009986041018,0.0
OR4E2,0.00014402640670582858,9.384731021153227,0.0
DUSP4,0.00014383407182743887,9.379362181896274,0.0
LBX2,0.00014371821136285488,9.373993342639322,0.0
GH2,0.00014363444514281366,9.368624503382367,0.0
TGIF2LY,0.000143490559561409,9.363255664125417,0.0
RHAG,0.00014319851078727113,9.357886824868464,0.0
CXXC4,0.00014298559710669264,9.352517985611511,0.0
OR10G9,0.00014291934676707968,9.347149146354559,0.0
WFDC5,0.00014283425884020857,9.341780307097606,0.0
PDXP,0.00014277824554736698,9.336411467840652,0.0
DEFB106A,0.0001426676990347253,9.3310426285837,0.0
RHOXF2,0.00014258444263129662,9.325673789326748,0.0
IRGC,0.00014237337895023572,9.320304950069795,0.0
TPRG1,0.00014229591945624749,9.314936110812843,0.0
MAMLD1,0.0001419388148765667,9.30956727155589,0.0
RP1-4G17.5,0.00014187419862706033,9.304198432298936,0.0
SLC34A3,0.00014179884580963685,9.298829593041983,0.0
CEND1,0.00014167394772167114,9.293460753785032,0.0
RP1-309K20.6,0.0001416209117281873,9.28809191452808,0.0
CCER1,0.00014152563004376554,9.282723075271127,0.0
CTRB1,0.0001414684741827328,9.277354236014174,0.0
QPCT,0.0001414218569805096,9.27198539675722,0.0
GBP5,0.00014126886929136925,9.266616557500267,0.0
ZNF696,0.00014126848482258746,9.261247718243316,0.0
CCL13,0.00014125365842526484,9.255878878986364,0.0
C2orf83,0.00014122245947730967,9.250510039729411,0.0
ZNF124,0.00014118743600351834,9.245141200472458,0.0
C2orf54,0.00014118063787200153,9.239772361215506,0.0
TM4SF4,0.00014117530745302287,9.234403521958551,0.0
ARRDC5,0.00014117050620720043,9.229034682701599,0.0
ILDR2,0.00014116675605856138,9.223665843444648,0.0
MKX,0.0001410996982358942,9.218297004187695,0.0
PODN,0.00014077239720724626,9.212928164930743,0.0
RPS4Y2,0.00014061180403322795,9.20755932567379,0.0
KAL1,0.00014059007592844827,9.202190486416836,0.0
GTSF1,0.00014050955640825555,9.196821647159883,0.0
TMEM150B,0.00014049407823439508,9.191452807902932,0.0
LCA5L,0.00014031622401263353,9.18608396864598,0.0
C5orf54,0.00014027647292182428,9.180715129389027,0.0
EPHX3,0.00014023143137613213,9.175346290132074,0.0
CT45A5,0.00013995466930528168,9.16997745087512,0.0
LCE2A,0.00013995087253960964,9.164608611618167,0.0
SLC25A42,0.00013990583793628423,9.159239772361214,0.0
LCE2D,0.00013961209465765222,9.153870933104264,0.0
SPINT4,0.00013953637108795144,9.148502093847311,0.0
ZCCHC3,0.0001395200923748228,9.143133254590358,0.0
KRTAP5-6,0.00013944614897000662,9.137764415333404,0.0
KRTAP26-1,0.00013940122750938895,9.132395576076451,0.0
MARCH11,0.00013930555552986332,9.127026736819499,0.0
VASH1,0.00013914351754557253,9.121657897562548,0.0
WBP1L,0.000139102249096834,9.116289058305595,0.0
DEFB123,0.00013906416956710758,9.110920219048642,0.0
BLOC1S5-TXNDC5,0.00013905586307382163,9.10555137979169,0.0
TEDDM1,0.00013905107609506906,9.100182540534735,0.0
LRRTM4,0.00013893934652978068,9.094813701277783,0.0
MDH1B,0.00013886850144503716,9.08944486202083,0.0
ZNF385D,0.00013867119067599972,9.08407602276388,0.0
C5orf55,0.00013863233947450284,9.078707183506927,0.0
TMEM125,0.00013824209190626717,9.073338344249974,0.0
RP11-514O12.4,0.0001382392066313326,9.06796950499302,0.0
FBXO48,0.00013820509135336213,9.062600665736067,0.0
TMIE,0.00013817441978299251,9.057231826479114,0.0
GLB1L3,0.0001380345810175277,9.051862987222163,0.0
CPA4,0.00013803264157907785,9.04649414796521,0.0
SWSAP1,0.0001379945411671989,9.041125308708258,0.0
RGS20,0.00013788675667894765,9.035756469451304,0.0
SYNPR,0.0001378710172133701,9.030387630194351,0.0
TTC23L,0.0001377452160187368,9.025018790937398,0.0
KRTAP17-1,0.0001376793578155503,9.019649951680448,0.0
NUDT13,0.00013727946037469455,9.014281112423495,0.0
HSPB9,0.00013726278935707604,9.008912273166542,0.0
HTR3E,0.00013723357923359146,9.003543433909588,0.0
TSKS,0.00013714039789104542,8.998174594652635,0.0
CTXN3,0.00013706893173798647,8.992805755395683,0.0
LINGO4,0.0001368163282444171,8.98743691613873,0.0
MPV17L,0.00013672703137362717,8.982068076881779,0.0
RELL2,0.0001367028413845523,8.976699237624826,0.0
CD1E,0.0001365059390110204,8.971330398367874,0.0
AMTN,0.0001364591765636953,8.96596155911092,0.0
SPHAR,0.00013641746330779873,8.960592719853967,0.0
TREML4,0.00013637010243516915,8.955223880597014,0.0
IFNW1,0.00013633861707394894,8.949855041340063,0.0
CD70,0.00013620863165568462,8.94448620208311,0.0
CARTPT,0.00013614267272567577,8.939117362826158,0.0
KLRG1,0.00013612867445362731,8.933748523569204,0.0
GJB7,0.00013610768702008812,8.928379684312251,0.0
TCTE3,0.00013604079871399312,8.923010845055298,0.0
CDH19,0.0001358135093960221,8.917642005798346,0.0
HS3ST5,0.00013577871878492565,8.912273166541395,0.0
OR13F1,0.00013564175200295124,8.906904327284442,0.0
EGFL6,0.00013549729325972227,8.901535488027488,0.0
ZNF296,0.00013542308572418247,8.896166648770535,0.0
DCSTAMP,0.00013529326307293793,8.890797809513582,0.0
FCRL2,0.00013515215406407444,8.88542897025663,0.0
GML,0.0001351501396066807,8.880060130999679,0.0
KRBOX1,0.00013510993745167028,8.874691291742726,0.0
RP11-216L13.17,0.00013491097748077755,8.869322452485772,0.0
FAXC,0.00013475171772065104,8.86395361322882,0.0
KIAA1598,0.00013464171154804196,8.858584773971867,0.0
CTD-3138B18.4,0.0001346256946240813,8.853215934714914,0.0
TCTEX1D1,0.00013460781786129298,8.847847095457961,0.0
PRAMEF13,0.00013460284802104246,8.84247825620101,0.0
ZNF737,0.00013457818724393794,8.837109416944058,0.0
RDH8,0.00013455432667585003,8.831740577687103,0.0
TM6SF2,0.00013436862118887193,8.82637173843015,0.0
LRRC3,0.00013412486024764661,8.821002899173198,0.0
LCE3E,0.00013392714797245319,8.815634059916245,0.0
GFRAL,0.0001336215500590565,8.810265220659295,0.0
RP11-295P9.3,0.00013354288618183945,8.804896381402342,0.0
GALR3,0.00013351718809481245,8.799527542145388,0.0
C11orf87,0.0001334552915107236,8.794158702888435,0.0
KCNJ14,0.00013344847769171167,8.788789863631482,0.0
SPDYC,0.00013340385466055455,8.78342102437453,0.0
MTERFD3,0.0001333949745621122,8.778052185117577,0.0
PRR23B,0.00013310602520281715,8.772683345860626,0.0
DEFB113,0.0001330754822847407,8.767314506603672,0.0
KCTD11,0.00013300908629718637,8.761945667346719,0.0
RP11-87C12.2,0.00013282159041749268,8.756576828089766,0.0
HIST1H3F,0.00013260992649017674,8.751207988832814,0.0
TUSC5,0.00013251614642079216,8.745839149575861,0.0
CD5L,0.00013250365571323354,8.74047031031891,0.0
HHLA2,0.00013239737476944077,8.735101471061956,0.0
MEF2BNB-MEF2B,0.00013239447794294822,8.729732631805003,0.0
SPATA12,0.00013227782585032943,8.72436379254805,0.0
GINS3,0.00013224421327494624,8.718994953291098,0.0
SLC22A14,0.0001321687174347688,8.713626114034145,0.0
OR10G4,0.0001321153156581913,8.708257274777194,0.0
SAMD12,0.0001320873558817972,8.702888435520242,0.0
LILRA1,0.00013198693691415106,8.697519596263287,0.0
RP11-343C2.7,0.00013197087193822575,8.692150757006335,0.0
IZUMO4,0.00013195536575954638,8.686781917749382,0.0
CGA,0.00013182913689377618,8.68141307849243,0.0
RP11-565P22.6,0.00013175062395688473,8.676044239235477,0.0
AL133481.1,0.00013161223031200945,8.670675399978526,0.0
LCE1B,0.00013160147178461768,8.665306560721572,0.0
C15orf54,0.00013159543753937276,8.659937721464619,0.0
PET112,0.00013156289590061807,8.654568882207666,0.0
KIR2DL3,0.00013144421720705436,8.649200042950714,0.0
AP000304.12,0.00013143024839642206,8.643831203693761,0.0
CRNN,0.00013130891961408132,8.63846236443681,0.0
TMEM82,0.00013111589082127908,8.633093525179856,0.0
CLEC3A,0.0001311002195827857,8.627724685922903,0.0
PSG8,0.00013108900856352741,8.62235584666595,0.0
HMGB4,0.00013099325628327852,8.616987007408998,0.0
KRTAP23-1,0.00013094131533498765,8.611618168152045,0.0
UBTD2,0.00013091820552485104,8.606249328895093,0.0
C18orf56,0.00013072002501064337,8.60088048963814,0.0
CEACAM21,0.00013070704699566442,8.595511650381187,0.0
WDR86,0.00013070610311433396,8.590142811124235,0.0
TNFAIP8,0.00013058586312279772,8.584773971867282,0.0
FAM84A,0.00013051876144532299,8.57940513261033,0.0
IQCF2,0.00013043490075358976,8.574036293353377,0.0
BOD1L2,0.00013041596600911373,8.568667454096426,0.0
ACER1,0.00013036360000896914,8.563298614839471,0.0
HIST1H3D,0.00013023328504651823,8.557929775582519,0.0
C9orf41,0.00012987672528860995,8.552560936325566,0.0
VSIG1,0.00012982124922991987,8.547192097068613,0.0
TTLL9,0.00012974643353893628,8.54182325781166,0.0
C1orf27,0.000129704813731008,8.536454418554708,0.0
RFX8,0.00012968561413249444,8.531085579297756,0.0
OPALIN,0.0001296223612041836,8.525716740040803,0.0
PAQR8,0.00012958233502480786,8.52034790078385,0.0
LUZP4,0.00012956858840321587,8.514979061526898,0.0
ZNF556,0.00012955119197158727,8.509610222269945,0.0
CXCL11,0.0001295146516535794,8.504241383012992,0.0
TMEM194A,0.00012939592594746603,8.49887254375604,0.0
C8A,0.00012933468388835024,8.493503704499087,0.0
MAGEB10,0.00012907968415917982,8.488134865242134,0.0
RP11-96O20.4,0.0001289395180805838,8.482766025985182,0.0
RP11-389E17.1,0.00012885176258946348,8.47739718672823,0.0
FAM154A,0.00012876558191499886,8.472028347471277,0.0
XKR6,0.00012876023454966385,8.466659508214324,0.0
FAM110A,0.00012867258345968427,8.461290668957371,0.0
FUT7,0.00012856786335235646,8.455921829700419,0.0
INS-IGF2,0.00012845438259398326,8.450552990443466,0.0
SPDYA,0.00012845220498813528,8.445184151186513,0.0
NRIP3,0.00012842124050273365,8.43981531192956,0.0
C19orf26,0.00012837939835250953,8.434446472672608,0.0
CCDC78,0.00012827967005651366,8.429077633415655,0.0
PPP1R42,0.00012826606404003308,8.423708794158703,0.0
INSL5,0.00012825561970536558,8.41833995490175,0.0
ADAT2,0.0001282050617728415,8.412971115644797,0.0
PHOSPHO2,0.0001277714060642873,8.407602276387845,0.0
KRTAP5-5,0.00012760356191596727,8.402233437130892,0.0
RBAK-RBAKDN,0.0001275315126157018,8.39686459787394,0.0
RAB30,0.00012751082537315557,8.391495758616987,0.0
XKR7,0.0001274990636147748,8.386126919360034,0.0
UCP3,0.00012747024219389994,8.380758080103082,0.0
GPR19,0.00012706152057729398,8.375389240846129,0.0
SLC10A7,0.0001269943233323422,8.370020401589176,0.0
ZFYVE20,0.0001269925138231199,8.364651562332224,0.0
NKX2-4,0.00012680256085959162,8.359282723075271,0.0
KRTAP1-3,0.00012678296657970682,8.353913883818318,0.0
TMEM42,0.0001267352477527709,8.348545044561366,0.0
HEPACAM,0.00012673299392085204,8.343176205304413,0.0
SOHLH1,0.00012671500755254242,8.33780736604746,0.0
MSANTD1,0.00012658270665461834,8.332438526790508,0.0
RANBP10,0.00012609634272555333,8.327069687533555,0.0
LYRM9,0.00012606249234354758,8.321700848276603,0.0
CDKL4,0.00012603925771283874,8.31633200901965,0.0
VGLL3,0.0001256987631526077,8.310963169762697,0.0
RP4-583P15.15,0.000125662968857835,8.305594330505745,0.0
TXNRD3NB,0.0001254694516814611,8.300225491248792,0.0
ANKRD7,0.00012539845667733108,8.29485665199184,0.0
IL17D,0.00012539380469365764,8.289487812734887,0.0
DNAH12,0.00012528998709173135,8.284118973477934,0.0
IL20,0.00012527285050233854,8.278750134220981,0.0
FTHL17,0.00012522014587199203,8.273381294964029,0.0
GALNTL5,0.00012503399929985153,8.268012455707076,0.0
ZNF396,0.00012492351173534958,8.262643616450124,0.0
GPR128,0.00012490449970801635,8.257274777193171,0.0
C21orf91,0.00012484245476569755,8.251905937936218,0.0
AMBN,0.00012482936137142437,8.246537098679266,0.0
WBSCR28,0.0001247797538936694,8.241168259422313,0.0
TMEM31,0.00012474900954623892,8.23579942016536,0.0
PFN3,0.00012464851061268716,8.230430580908408,0.0
BPI,0.00012459048648134108,8.225061741651455,0.0
RIPPLY1,0.00012453328482110233,8.219692902394502,0.0
CEACAM16,0.00012444379781735207,8.21432406313755,0.0
DCAF4L2,0.00012439248503862764,8.208955223880597,0.0
IQCC,0.00012434952035650558,8.203586384623645,0.0
C17orf61-PLSCR3,0.00012418928495551188,8.198217545366692,0.0
C20orf112,0.0001240261930812126,8.19284870610974,0.0
B3GNT1,0.00012400183448113973,8.187479866852787,0.0
RP11-343C2.12,0.00012390422112560476,8.182111027595834,0.0
PLA2G4D,0.00012386172402335086,8.176742188338881,0.0
TNP2,0.00012381451854323727,8.171373349081929,0.0
IFNB1,0.00012365520920195114,8.166004509824976,0.0
PRB1,0.00012361550101476617,8.160635670568023,0.0
RPRM,0.00012355918938829316,8.15526683131107,0.0
FAM83E,0.0001233280483433525,8.149897992054118,0.0
S100A7A,0.00012326366609118487,8.144529152797165,0.0
FCRLA,0.00012312792027280095,8.139160313540213,0.0
ASPRV1,0.00012302586703249525,8.13379147428326,0.0
ZNF595,0.00012299158294338465,8.128422635026308,0.0
GDPD4,0.00012296905699989326,8.123053795769355,0.0
DEFB112,0.00012293583789051726,8.117684956512402,0.0
CRISP2,0.00012290773142130927,8.11231611725545,0.0
SLC22A8,0.00012280556914602488,8.106947277998497,0.0
IFNA4,0.000122661167497962,8.101578438741544,0.0
LRFN1,0.0001226537360321896,8.096209599484592,0.0
PSORS1C2,0.00012262123569927924,8.090840760227639,0.0
GPR160,0.00012261211074384562,8.085471920970685,0.0
RP11-302B13.5,0.00012259395132908075,8.080103081713734,0.0
CST5,0.00012257411442601502,8.074734242456781,0.0
GCSAML,0.00012254199194368202,8.069365403199829,0.0
MAGEA6,0.000122494691729782,8.063996563942876,0.0
LDLRAD2,0.00012242463755986183,8.058627724685923,0.0
BOLL,0.0001224166310903016,8.053258885428969,0.0
SASH3,0.00012216865443862883,8.047890046172018,0.0
GPR25,0.00012203839563593164,8.042521206915065,0.0
MRAP2,0.00012186359186725575,8.037152367658113,0.0
RP11-12J10.3,0.00012184706729156628,8.03178352840116,0.0
TMEM45B,0.0001218051758633099,8.026414689144207,0.0
PRSS53,0.00012169217939945644,8.021045849887255,0.0
NTN5,0.00012136326547350782,8.015677010630302,0.0
CCR3,0.0001213405104373944,8.01030817137335,0.0
CLEC14A,0.00012121996768639875,8.004939332116397,0.0
LY6G6D,0.00012114484928315462,7.999570492859444,0.0
CCDC62,0.00012113306947008698,7.994201653602491,0.0
LILRB4,0.00012112225252380881,7.988832814345538,0.0
DEFB134,0.00012096497630760438,7.983463975088585,0.0
ZNF648,0.00012094391595528502,7.978095135831634,0.0
UBQLN4,0.00012090512207505927,7.972726296574681,0.0
SH2D5,0.00012089317289071227,7.967357457317728,0.0
OR2D2,0.00012089262214996644,7.961988618060775,0.0
TMEM251,0.00012082200329103208,7.956619778803822,0.0
KIAA1430,0.00012075484266056146,7.95125093954687,0.0
TTLL2,0.00012070018919591982,7.945882100289918,0.0
MBLAC2,0.00012069405750736974,7.940513261032965,0.0
LEPREL2,0.00012054682153457411,7.9351444217760125,0.0
SYS1-DBNDD2,0.00012046290728801937,7.929775582519059,0.0
ST8SIA6,0.0001204613774511911,7.924406743262106,0.0
ARMC3,0.00012045237592544765,7.919037904005154,0.0
LRRC55,0.00012045029668701827,7.913669064748201,0.0
C10orf111,0.00012042316444581299,7.908300225491249,0.0
CES5A,0.00012032030295661104,7.902931386234297,0.0
FOLR4,0.00012019485367973071,7.897562546977344,0.0
SPESP1,0.00011981231366087986,7.8921937077203905,0.0
DNAJC22,0.00011967499819869816,7.886824868463438,0.0
PRSS38,0.00011966704186274872,7.881456029206485,0.0
REG4,0.00011958239539844332,7.8760871899495335,0.0
GNLY,0.00011948127772957438,7.870718350692581,0.0
TMEM156,0.00011937393645342295,7.865349511435628,0.0
RPRML,0.00011937180119328361,7.859980672178675,0.0
NHLRC4,0.00011937165125596472,7.854611832921722,0.0
ZNF283,0.00011916874798764239,7.849242993664769,0.0
GBP4,0.00011905896288991274,7.843874154407817,0.0
CHDC2,0.00011904508749285326,7.838505315150865,0.0
CPXCR1,0.00011902780848406162,7.833136475893912,0.0
ZNF66,0.00011901306027325495,7.827767636636959,0.0
RHOH,0.0001189045621080247,7.822398797380006,0.0
CCDC54,0.00011886917870816642,7.817029958123054,0.0
SYDE2,0.00011886236396744433,7.811661118866101,0.0
RAD51L3-RFFL,0.0001187608238382805,7.806292279609149,0.0
HRASLS2,0.000118434016027249,7.8009234403521965,0.0
UCN2,0.0001184271187170346,7.795554601095243,0.0
JAKMIP3,0.00011842384526037242,7.79018576183829,0.0
KCNK18,0.0001183190822293543,7.784816922581338,0.0
RP11-315D16.2,0.00011826175178550264,7.779448083324385,0.0
ZNF788,0.00011816595906556413,7.774079244067432,0.0
LAX1,0.00011811846585499501,7.768710404810481,0.0
TNFSF8,0.0001180929822946026,7.763341565553528,0.0
LRRC30,0.0001179830502629587,7.7579727262965745,0.0
ZNF625,0.00011793182972711294,7.752603887039622,0.0
KCNG3,0.0001176521603078933,7.747235047782669,0.0
CLC,0.00011762727433764302,7.741866208525716,0.0
CXorf22,0.00011758082806767722,7.736497369268765,0.0
RP11-598P20.5,0.00011757431249201533,7.731128530011812,0.0
GDAP1L1,0.00011756207588421903,7.725759690754859,0.0
TTLL10,0.00011753351039664811,7.720390851497906,0.0
VN1R2,0.00011736672011774473,7.715022012240953,0.0
C11orf82,0.00011734483646210815,7.709653172984001,0.0
C16orf11,0.00011733324842278555,7.704284333727049,0.0
RP11-886H22.1,0.00011728437602200532,7.698915494470096,0.0
C10orf10,0.00011725226781121152,7.693546655213143,0.0
RNF103-CHMP3,0.00011702386180364554,7.68817781595619,0.0
TMEM60,0.0001170064976050335,7.682808976699238,0.0
ZFP90,0.000116992073836836,7.677440137442285,0.0
FAM71A,0.00011695297288477793,7.672071298185331,0.0
PPP1R17,0.0001169010990784955,7.6667024589283805,0.0
DYTN,0.0001168362519988878,7.661333619671427,0.0
C3orf79,0.0001168330203209432,7.655964780414474,0.0
ZNF441,0.00011671227184326864,7.650595941157522,0.0
AC006435.1,0.00011664251013092144,7.645227101900569,0.0
HIST2H3D,0.00011656349922877292,7.639858262643616,0.0
TMEM74,0.00011655637738340057,7.634489423386665,0.0
LCN9,0.00011648128001837256,7.629120584129712,0.0
SPRR2F,0.00011643859828285182,7.6237517448727585,0.0
TLX1,0.00011643828725839003,7.618382905615806,0.0
GPR1,0.00011643287225295246,7.613014066358853,0.0
IL26,0.00011632461672832893,7.6076452271019,0.0
RNMTL1,0.00011629677498625937,7.602276387844947,0.0
BPIFB3,0.00011620147110924011,7.596907548587996,0.0
UNC5CL,0.00011618157045687402,7.591538709331043,0.0
GJD3,0.00011610417251641562,7.58616987007409,0.0
SBSN,0.00011609193824627718,7.580801030817137,0.0
CCNJ,0.00011605153973665876,7.575432191560185,0.0
AC135048.1,0.00011603626301346585,7.570063352303231,0.0
FXYD3,0.0001159711828763169,7.56469451304628,0.0
ATP5J2-PTCD1,0.00011594374287886096,7.559325673789327,0.0
C3orf52,0.00011593257855489675,7.553956834532374,0.0
DCAF10,0.00011591864059889295,7.548587995275422,0.0
SEPT1,0.00011588418074350267,7.543219156018469,0.0
ZNF280B,0.00011585516581613374,7.537850316761515,0.0
CYB5R2,0.00011578020326779392,7.532481477504563,0.0
RSPO4,0.00011570399181364654,7.527112638247611,0.0
C7orf31,0.00011559471252770755,7.521743798990658,0.0
DEFA4,0.00011559096722264527,7.516374959733706,0.0
PTPN7,0.00011545927283272601,7.511006120476753,0.0
PNLIPRP2,0.00011545006181477301,7.5056372812198,0.0
KRTAP6-2,0.00011542595145918153,7.500268441962847,0.0
PLAC1L,0.00011537715680465442,7.494899602705896,0.0
C11orf53,0.00011535978896783016,7.4895307634489425,0.0
TMEM61,0.0001152629123487184,7.48416192419199,0.0
SOX21,0.00011510270709187971,7.478793084935037,0.0
C7orf55-LUC7L2,0.0001150820402370077,7.473424245678084,0.0
CBLN1,0.00011501510162185218,7.468055406421131,0.0
MBD3L1,0.00011479458191472791,7.462686567164178,0.0
CCDC147,0.00011474555917306435,7.457317727907227,0.0
NGFRAP1,0.0001147349698034476,7.451948888650274,0.0
PVRL3,0.00011468132830980437,7.446580049393321,0.0
SUSD5,0.00011465096421834182,7.441211210136369,0.0
IGFL3,0.00011462151050577022,7.435842370879415,0.0
PURG,0.00011453358537077876,7.430473531622463,0.0
APITD1-CORT,0.00011423784279677186,7.425104692365511,0.0
TRIM60,0.00011421823813529859,7.419735853108558,0.0
TMEM53,0.00011420035998985231,7.414367013851606,0.0
NAIF1,0.0001140528339351289,7.408998174594653,0.0
CLDN22,0.0001140521660702173,7.403629335337699,0.0
C12orf52,0.0001140436705561326,7.398260496080747,0.0
LRRC27,0.00011395860540111312,7.392891656823794,0.0
IDI2,0.0001139365035702317,7.387522817566842,0.0
AP002884.3,0.00011388371100329435,7.38215397830989,0.0
AC011484.1,0.00011385002138017827,7.376785139052937,0.0
LST3,0.00011377229795161739,7.371416299795984,0.0
ST20,0.00011374564056489784,7.366047460539031,0.0
HIST1H4J,0.00011362817779185671,7.360678621282078,0.0
KRTAP9-7,0.00011361622142850249,7.3553097820251265,0.0
CTD-2535L24.2,0.00011360939624454998,7.349940942768174,0.0
CSAG1,0.00011357187995692077,7.344572103511221,0.0
KIR2DL1,0.0001135230943565879,7.339203264254268,0.0
METTL21A,0.00011351224979216627,7.333834424997315,0.0
FAM211B,0.00011349786892923079,7.328465585740362,0.0
ERVW-1,0.00011345081556618836,7.323096746483411,0.0
GYPB,0.00011329333735164137,7.317727907226458,0.0
HLA-DOB,0.00011325486791608187,7.312359067969505,0.0
ZNF284,0.00011314233889045631,7.306990228712553,0.0
SLC9B1,0.00011313586740180372,7.301621389455599,0.0
MAGEB6,0.00011311400917092798,7.296252550198647,0.0
NPBWR2,0.00011309873693710248,7.290883710941694,0.0
ZNF627,0.0001129668192391799,7.285514871684742,0.0
ZNF662,0.00011291293424342509,7.28014603242779,0.0
RPTN,0.00011281674615337932,7.274777193170837,0.0
FAM115A,0.00011267653998519014,7.269408353913883,0.0
ZCCHC13,0.00011257884579537678,7.264039514656931,0.0
CMKLR1,0.00011253522622021856,7.258670675399978,0.0
CRTAM,0.00011250246358239947,7.253301836143026,0.0
C12orf23,0.00011223719952088385,7.247932996886074,0.0
RXFP3,0.00011208543673820873,7.242564157629121,0.0
HIST1H4F,0.00011203956509278457,7.237195318372168,0.0
C1orf35,0.00011203521160383536,7.231826479115215,0.0
TSPO2,0.00011201490922471914,7.226457639858262,0.0
RFFL,0.00011198367223921106,7.22108880060131,0.0
C11orf58,0.00011193229820211404,7.215719961344358,0.0
TMEM132C,0.00011186242479617628,7.210351122087405,0.0
RP13-512J5.1,0.00011169292578141937,7.204982282830452,0.0
NAA11,0.00011167352084436604,7.199613443573499,0.0
TMEM35,0.00011162366603280737,7.194244604316546,0.0
ENPP5,0.00011161849825899102,7.188875765059594,0.0
FAM153B,0.00011159789471691267,7.183506925802642,0.0
CXorf58,0.00011144246639810457,7.178138086545689,0.0
C11orf35,0.00011134335624788806,7.172769247288737,0.0
IFI27L1,0.00011121557732456016,7.167400408031783,0.0
PROX2,0.00011117271544060163,7.162031568774831,0.0
GAGE2D,0.00011114266118518172,7.156662729517878,0.0
KRTAP4-5,0.00011105793343152353,7.151293890260925,0.0
HIST1H3J,0.00011089263486834058,7.145925051003974,0.0
BHLHE22,0.0001108867983025023,7.140556211747021,0.0
KRTAP5-1,0.00011075201071648223,7.135187372490067,0.0
CHST4,0.00011060786653376006,7.129818533233115,0.0
CD79A,0.000110561126604409,7.124449693976162,0.0
CCDC160,0.00011053530087440164,7.1190808547192095,0.0
KCNN1,0.00011040943310480474,7.113712015462258,0.0
C14orf2,0.00011039327574717929,7.108343176205305,0.0
FAM110C,0.000110362676349817,7.102974336948352,0.0
LEPRE1,0.00011034770440122084,7.097605497691399,0.0
C9orf85,0.00011032153110236058,7.092236658434446,0.0
C1orf194,0.0001101991493407801,7.086867819177494,0.0
DCAF8L1,0.00011012066474041539,7.08149897992054,0.0
ZNF774,0.00011007654555628256,7.076130140663589,0.0
SLC22A13,0.00010999008374211382,7.070761301406636,0.0
LRRC66,0.00010997012933574065,7.065392462149683,0.0
PIRT,0.00010986749903797656,7.06002362289273,0.0
TGM4,0.00010983651517480967,7.054654783635778,0.0
CTC-398G3.6,0.00010983192131432946,7.049285944378825,0.0
LILRA2,0.00010966475290895132,7.043917105121873,0.0
C9orf47,0.00010965484405211831,7.038548265864921,0.0
CTB-54O9.9,0.00010964649791558344,7.033179426607967,0.0
SLC52A1,0.00010957244397740218,7.027810587351015,0.0
RP11-139J15.7,0.00010942859920902673,7.022441748094062,0.0
FNDC8,0.00010938106629427831,7.017072908837109,0.0
IFNK,0.00010928979673646346,7.011704069580158,0.0
TMED7-TICAM2,0.00010917122744672717,7.006335230323205,0.0
APOC4-APOC2,0.00010912501313744558,7.000966391066251,0.0
SCTR,0.00010904813302485452,6.995597551809299,0.0
LRRC56,0.0001090290429558568,6.990228712552346,0.0
SYNGR4,0.00010893422932964014,6.9848598732953935,0.0
ANKRD20A2,0.00010888372004301118,6.97949103403844,0.0
RNASE2,0.00010888029142204238,6.974122194781489,0.0
GALNT8,0.00010885908927083341,6.968753355524536,0.0
SLC22A16,0.00010883991895522055,6.963384516267583,0.0
AD000671.6,0.00010876622589841897,6.95801567701063,0.0
EFCAB11,0.0001087202245815799,6.952646837753678,0.0
ST6GALNAC5,0.00010866149649331227,6.947277998496724,0.0
RNASE12,0.0001086546935965872,6.941909159239773,0.0
ZAR1,0.00010865360592149536,6.93654031998282,0.0
TMEM239,0.00010856828245868485,6.931171480725867,0.0
ZNF728,0.00010853559228983731,6.9258026414689144,0.0
PPP1R27,0.0001084547450495659,6.920433802211962,0.0
GPR115,0.00010844735492058683,6.915064962955009,0.0
EDA2R,0.00010840416783336186,6.909696123698056,0.0
ACP5,0.00010828354224071692,6.904327284441105,0.0
DPPA5,0.00010826487291789132,6.898958445184151,0.0
C12orf39,0.00010813314861135761,6.893589605927199,0.0
XXbac-BPG181M17.5,0.00010802176446831648,6.888220766670246,0.0
LURAP1L,0.00010793885074434298,6.882851927413293,0.0
RP11-123K3.4,0.00010792940273042254,6.87748308815634,0.0
KRTAP4-8,0.00010791159224315421,6.872114248899389,0.0
C16orf71,0.00010774589769794046,6.866745409642435,0.0
PI3,0.00010774377250347008,6.861376570385483,0.0
RASL10A,0.00010746983025001277,6.85600773112853,0.0
TMEM217,0.00010726164486023532,6.8506388918715775,0.0
CTD-3214H19.4,0.00010719192900689582,6.845270052614624,0.0
ACOT12,0.00010712630672503002,6.839901213357671,0.0
SLC35E2B,0.0001070714693589277,6.83453237410072,0.0
SOWAHD,0.00010702913909395744,6.829163534843767,0.0
ODF1,0.0001070193079193048,6.823794695586814,0.0
POU5F2,0.00010696826458802359,6.818425856329862,0.0
POC1B-GALNT4,0.0001069532555991589,6.813057017072908,0.0
CPA1,0.00010681215488477188,6.8076881778159555,0.0
SULT4A1,0.00010680578289739091,6.802319338559004,0.0
CTD-2369P2.12,0.00010646829542814256,6.796950499302051,0.0
AC024592.12,0.00010646244712195064,6.7915816600450984,0.0
GUCY1A2,0.00010627390429738077,6.786212820788146,0.0
SUN5,0.00010626574045785513,6.780843981531193,0.0
GRPR,0.0001062278934794839,6.77547514227424,0.0
CARKD,0.00010604538820034408,6.770106303017287,0.0
RP11-463D19.2,0.00010599267031030242,6.764737463760335,0.0
HIST1H4I,0.00010597103930652428,6.759368624503383,0.0
IQCD,0.00010579275953882068,6.75399978524643,0.0
GAPT,0.00010575840171618508,6.748630945989477,0.0
H1FOO,0.00010570507856990571,6.743262106732524,0.0
LRRC29,0.00010564390500443469,6.737893267475571,0.0
DEFB104A,0.00010560133498588873,6.732524428218619,0.0
NKX2-8,0.00010553291149369639,6.727155588961667,0.0
IFNA17,0.0001054678562098789,6.721786749704714,0.0
KHDC3L,0.00010544858977265218,6.7164179104477615,0.0
HIST1H2AK,0.00010543376652360421,6.711049071190808,0.0
GPR12,0.00010534290282385925,6.705680231933855,0.0
FUT5,0.00010527619374895328,6.700311392676903,0.0
IL21R,0.00010520083538277766,6.694942553419951,0.0
NKAIN1,0.0001051567787156345,6.689573714162998,0.0
RAET1L,0.0001049156644263174,6.684204874906046,0.0
TPSG1,0.00010490806093125212,6.678836035649092,0.0
UNC93A,0.0001048905743682723,6.6734671963921395,0.0
ZNF429,0.00010488840554472611,6.668098357135187,0.0
PHF16,0.00010467160634977386,6.662729517878235,0.0
C1orf74,0.0001046283817292927,6.6573606786212824,0.0
MRGPRX4,0.00010453022315666462,6.65199183936433,0.0
DEFB124,0.00010451691570948956,6.646623000107377,0.0
COLCA1,0.00010451305910880457,6.641254160850424,0.0
SLC2A7,0.00010450420260994172,6.635885321593471,0.0
SLC30A2,0.00010434310983281751,6.630516482336519,0.0
RNF113B,0.00010433094807779032,6.625147643079567,0.0
HSD17B13,0.0001041882560589594,6.619778803822614,0.0
P2RX5-TAX1BP3,0.00010416415195712168,6.614409964565661,0.0
MRGPRF,0.00010413558162050053,6.609041125308708,0.0
C20orf166,0.00010412108096236194,6.603672286051755,0.0
C7orf66,0.00010401084811558411,6.5983034467948025,0.0
CTD-2006C1.10,0.00010397645896901314,6.592934607537851,0.0
BNIPL,0.00010390314589917649,6.587565768280898,0.0
RP11-318A15.7,0.00010388857886087118,6.5821969290239455,0.0
MAGEA8,0.00010373390139583419,6.576828089766992,0.0
TMOD4,0.00010370136429501463,6.571459250510039,0.0
ITPRIPL1,0.00010362036374935968,6.566090411253087,0.0
SPATA31A2,0.00010357290468487502,6.560721571996135,0.0
MINOS1-NBL1,0.00010355710206954295,6.555352732739182,0.0
CXCL17,0.00010345311017546759,6.54998389348223,0.0
C20orf197,0.00010337587492931723,6.544615054225276,0.0
GPR113,0.0001032006235975172,6.5392462149683235,0.0
RAB7L1,0.00010299727299995114,6.533877375711371,0.0
ATP5EP2,0.00010298601054696836,6.528508536454418,0.0
KLK14,0.00010287629869662665,6.5231396971974664,0.0
SLC4A9,0.00010285746090972637,6.517770857940514,0.0
BHLHE41,0.00010266796142008547,6.512402018683561,0.0
LEKR1,0.00010259908983685456,6.507033179426608,0.0
SRRM5,0.00010257126105413282,6.501664340169655,0.0
C4orf50,0.00010256138185221521,6.496295500912702,0.0
CXorf48,0.00010255911378565221,6.490926661655751,0.0
C11orf85,0.00010255502750615704,6.485557822398798,0.0
RNF151,0.00010250132491619725,6.480188983141845,0.0
SPANXN1,0.00010248177423403333,6.474820143884892,0.0
CPN2,0.00010239449250291652,6.469451304627939,0.0
SLAIN1,0.00010235433581452461,6.4640824653709865,0.0
SCRT2,0.0001023061984071507,6.458713626114034,0.0
PELI2,0.00010221739274924135,6.453344786857082,0.0
FAM72D,0.00010219595841917293,6.4479759476001295,0.0
STMN2,0.00010214669775931895,6.442607108343176,0.0
GOLGA6D,0.00010205758974029077,6.437238269086223,0.0
SLX1B,0.00010204454183541077,6.431869429829271,0.0
NFAM1,0.00010204201981637482,6.426500590572318,0.0
WFDC3,0.0001018101876100594,6.421131751315366,0.0
CTD-2116N17.1,0.00010177164170907685,6.415762912058414,0.0
FAM124B,0.00010167930867266604,6.41039407280146,0.0
PAGE1,0.00010143337524703482,6.4050252335445075,0.0
CCDC121,0.00010135161073083194,6.399656394287555,0.0
FAM183A,0.00010121951833712303,6.394287555030602,0.0
TNFRSF13C,0.00010110919864563696,6.388918715773649,0.0
PSG3,0.00010109029303581668,6.383549876516698,0.0
MMD2,0.00010107633473552414,6.378181037259745,0.0
AC073610.5,0.00010104648412944523,6.372812198002792,0.0
SLC22A10,0.00010090126732643669,6.367443358745839,0.0
NIPAL1,0.00010086445822297342,6.362074519488886,0.0
C16orf86,0.00010082570589682806,6.356705680231933,0.0
C11orf31,0.00010077237709804165,6.351336840974982,0.0
SAMD13,0.00010070361920568281,6.345968001718029,0.0
KHDC1L,0.0001006639083219781,6.340599162461076,0.0
RP11-872D17.8,0.00010066360503481098,6.335230323204123,0.0
LCN6,0.0001006485049537982,6.3298614839471705,0.0
PMCH,0.00010050082348289605,6.324492644690218,0.0
CSN3,0.00010048764413365286,6.319123805433266,0.0
NPIPA5,0.00010042881317644072,6.3137549661763135,0.0
CD5,0.00010034989899734172,6.30838612691936,0.0
TM4SF18,0.0001002939428877726,6.303017287662407,0.0
DYDC2,0.00010028010537339554,6.297648448405455,0.0
TMEM213,0.00010017823373841494,6.292279609148502,0.0
LYPD5,0.00010015977966036744,6.2869107698915485,0.0
HIST1H3H,0.00010012720265251896,6.281541930634598,0.0
RNASE9,0.00010006698340539379,6.276173091377644,0.0
CLEC12B,0.0001000151413836701,6.2708042521206915,0.0
KLRG2,9.998812840361254e-05,6.265435412863739,0.0
TMEM198,9.998590481096615e-05,6.260066573606786,0.0
LPPR1,9.98629525089366e-05,6.254697734349833,0.0
PRSS42,9.970228844856797e-05,6.249328895092881,0.0
PLEKHG7,9.966436810414131e-05,6.243960055835928,0.0
KRTAP21-2,9.953673547327368e-05,6.238591216578976,0.0
PDZD7,9.950939696904517e-05,6.233222377322023,0.0
GJD4,9.939315363328534e-05,6.22785353806507,0.0
GNB2L1,9.932815859899113e-05,6.222484698808118,0.0
CTC-429P9.4,9.929198488170486e-05,6.217115859551165,0.0
TBC1D26,9.926905186431604e-05,6.211747020294212,0.0
TMED6,9.924197785075146e-05,6.20637818103726,0.0
MCCD1,9.92414604610781e-05,6.201009341780307,0.0
RBMXL2,9.921587888343684e-05,6.1956405025233545,0.0
ITPKA,9.919342298189799e-05,6.190271663266402,0.0
MRGPRD,9.918123502137958e-05,6.184902824009449,0.0
PATL2,9.893553928092265e-05,6.179533984752497,0.0
RABL5,9.892410750479985e-05,6.174165145495544,0.0
CCDC42,9.88580285210318e-05,6.168796306238591,0.0
C9orf171,9.88296739658848e-05,6.163427466981639,0.0
ZNF155,9.879821580290778e-05,6.158058627724686,0.0
ANGPTL5,9.862108093056409e-05,6.152689788467733,0.0
NXPH1,9.855521988863506e-05,6.147320949210781,0.0
CNFN,9.847234926712331e-05,6.141952109953828,0.0
C4orf36,9.841330852160022e-05,6.1365832706968755,0.0
LEPREL4,9.840777982725993e-05,6.131214431439923,0.0
PRDM8,9.838890537019966e-05,6.12584559218297,0.0
ANKRD20A4,9.831639077899465e-05,6.120476752926017,0.0
RP11-321M21.3,9.830149776933833e-05,6.115107913669065,0.0
FAM216B,9.829708621723375e-05,6.109739074412112,0.0
PLSCR5,9.819668661932091e-05,6.104370235155159,0.0
TGIF2LX,9.818268730393329e-05,6.099001395898207,0.0
INSL6,9.802515060169564e-05,6.093632556641254,0.0
HIST1H3I,9.798627131270659e-05,6.088263717384301,0.0
CEACAM19,9.797739862035687e-05,6.082894878127349,0.0
SLC5A8,9.790963294149595e-05,6.077526038870396,0.0
LRG1,9.783770848678139e-05,6.072157199613444,0.0
ATP6AP1L,9.776006532617023e-05,6.066788360356491,0.0
C9orf170,9.770214255256838e-05,6.0614195210995385,0.0
KCNE1L,9.76766150848282e-05,6.056050681842586,0.0
KRTAP4-3,9.767221034145757e-05,6.050681842585633,0.0
RP11-248J23.7,9.763984375433626e-05,6.045313003328681,0.0
C6orf222,9.763027705983076e-05,6.039944164071728,0.0
IL1F10,9.734233432128449e-05,6.034575324814774,0.0
WFDC12,9.720545506795356e-05,6.029206485557823,0.0
ROPN1,9.720168466175361e-05,6.02383764630087,0.0
NME1-NME2,9.718706387351588e-05,6.0184688070439165,0.0
ESM1,9.714515964078118e-05,6.013099967786965,0.0
ZSCAN5B,9.696709212078518e-05,6.007731128530012,0.0
CCDC70,9.696322718927236e-05,6.002362289273059,0.0
CCT8L2,9.681840402482944e-05,5.996993450016107,0.0
APOF,9.672917494023384e-05,5.991624610759154,0.0
GPATCH2,9.670765856498215e-05,5.986255771502201,0.0
HYAL4,9.659027115881328e-05,5.980886932245249,0.0
IL4I1,9.658833836423986e-05,5.975518092988296,0.0
MAGEB3,9.646612200948366e-05,5.970149253731343,0.0
AC069368.3,9.646123358617388e-05,5.96478041447439,0.0
SPACA3,9.638455616285842e-05,5.959411575217438,0.0
SLC2A14,9.637769137077311e-05,5.954042735960485,0.0
KCNK16,9.622208621102824e-05,5.948673896703532,0.0
PRSS55,9.59507779616974e-05,5.94330505744658,0.0
C9orf173,9.593397547661998e-05,5.937936218189628,0.0
SIRPB1,9.593280103890323e-05,5.932567378932674,0.0
MFSD6L,9.591776919386976e-05,5.9271985396757225,0.0
RPA3-AS1,9.58812445124343e-05,5.92182970041877,0.0
ZDHHC22,9.585500624629761e-05,5.916460861161816,0.0
SYNDIG1L,9.561802739708148e-05,5.911092021904865,0.0
ERAS,9.558790903891222e-05,5.905723182647912,0.0
ZC3H10,9.554853641304881e-05,5.900354343390958,0.0
NBPF6,9.549374710054362e-05,5.894985504134007,0.0
TMPRSS11BNL,9.546334481736455e-05,5.889616664877054,0.0
ZNF645,9.541709536436225e-05,5.8842478256201005,0.0
GLIPR1L2,9.525655696389522e-05,5.878878986363148,0.0
HRH4,9.522889089371835e-05,5.873510147106196,0.0
C3orf27,9.504199420593e-05,5.868141307849243,0.0
CCDC105,9.503273199086905e-05,5.86277246859229,0.0
GLTPD2,9.499174514756251e-05,5.857403629335338,0.0
ZNF660,9.495534454918016e-05,5.852034790078385,0.0
PTPLAD2,9.488336881879143e-05,5.846665950821432,0.0
PMP2,9.484290816032331e-05,5.84129711156448,0.0
PTX4,9.482928480299187e-05,5.835928272307527,0.0
TMEM202,9.477416326531969e-05,5.830559433050574,0.0
GPR157,9.460293737571478e-05,5.825190593793622,0.0
NLRP10,9.44828899178512e-05,5.819821754536669,0.0
RP11-321N4.5,9.446708004390997e-05,5.814452915279716,0.0
PRODH2,9.445772452209242e-05,5.8090840760227636,0.0
FAM181B,9.445119328940071e-05,5.803715236765812,0.0
PLA2G5,9.444380977284014e-05,5.798346397508858,0.0
OTUB2,9.434326117373558e-05,5.792977558251906,0.0
RP11-295K3.1,9.434097235220985e-05,5.787608718994954,0.0
LCE4A,9.43346729671172e-05,5.782239879738,0.0
RP11-444E17.6,9.43246713386068e-05,5.776871040481048,0.0
GJA9,9.420068390671517e-05,5.771502201224096,0.0
GUCA2B,9.398729236965902e-05,5.766133361967142,0.0
TAAR8,9.39655325170397e-05,5.76076452271019,0.0
DEFB131,9.394042278203278e-05,5.755395683453238,0.0
MS4A12,9.379130174985611e-05,5.7500268441962845,0.0
RP11-178C3.1,9.373600868150262e-05,5.744658004939332,0.0
CD84,9.369561941568796e-05,5.739289165682379,0.0
SMCP,9.364911828989681e-05,5.733920326425427,0.0
SAMD3,9.358062393793651e-05,5.728551487168474,0.0
HIST1H3C,9.34835903319049e-05,5.723182647911521,0.0
RP11-101E3.5,9.346435769747708e-05,5.717813808654569,0.0
REG3A,9.341489898474687e-05,5.712444969397616,0.0
CCL15,9.338941172291621e-05,5.707076130140663,0.0
C10orf67,9.332383873359999e-05,5.701707290883711,0.0
SLC16A11,9.33144658925128e-05,5.696338451626758,0.0
AC018470.1,9.327178295990127e-05,5.6909696123698055,0.0
RP11-834C11.12,9.325438572098164e-05,5.685600773112853,0.0
CADM3,9.311767648355767e-05,5.6802319338559,0.0
SAMD15,9.300133420910974e-05,5.6748630945989476,0.0
ALOX15B,9.289150634536757e-05,5.669494255341996,0.0
GBP6,9.288477334851859e-05,5.664125416085042,0.0
PLEK2,9.28156838660648e-05,5.65875657682809,0.0
MRGPRE,9.281359146917989e-05,5.653387737571137,0.0
MEGF9,9.277434484209771e-05,5.648018898314184,0.0
LY6G6C,9.276018728472497e-05,5.642650059057232,0.0
RFESD,9.270173389086376e-05,5.637281219800279,0.0
C9orf96,9.269097473904536e-05,5.631912380543326,0.0
ADRB3,9.266186517251798e-05,5.626543541286374,0.0
USP49,9.251388706832238e-05,5.621174702029421,0.0
C6orf201,9.250757522193679e-05,5.6158058627724685,0.0
ST20-MTHFS,9.250472651009704e-05,5.610437023515516,0.0
KRTAP10-9,9.241528799917876e-05,5.605068184258563,0.0
C11orf48,9.239324973708262e-05,5.599699345001611,0.0
DACH2,9.23799787806468e-05,5.594330505744658,0.0
BHLHB9,9.236674423926181e-05,5.588961666487705,0.0
PCDHB12,9.226407393909752e-05,5.583592827230753,0.0
GPR174,9.212635982957607e-05,5.5782239879738,0.0
SIRPG,9.210198947714974e-05,5.572855148716847,0.0
TGM7,9.205040075747191e-05,5.567486309459895,0.0
KRTAP9-9,9.204301896251693e-05,5.562117470202942,0.0
SPATA16,9.203985112831909e-05,5.5567486309459895,0.0
OCM,9.198666532026863e-05,5.551379791689037,0.0
GOLGA8S,9.195328015361742e-05,5.546010952432084,0.0
AMY1C,9.190743337623723e-05,5.5406421131751316,0.0
TTC9B,9.19029863756807e-05,5.535273273918179,0.0
ZNF80,9.189865718376541e-05,5.529904434661226,0.0
SLC6A14,9.182948799651171e-05,5.524535595404274,0.0
PF4V1,9.173612602501036e-05,5.519166756147321,0.0
CLEC9A,9.16875073442397e-05,5.513797916890368,0.0
BEST3,9.164168791763484e-05,5.508429077633416,0.0
C6orf57,9.156648393963916e-05,5.503060238376463,0.0
POU2AF1,9.140841228775769e-05,5.49769139911951,0.0
NHP2L1,9.12530800968036e-05,5.492322559862558,0.0
RP11-761B3.1,9.123953107271267e-05,5.486953720605605,0.0
AC110615.1,9.122040144451166e-05,5.4815848813486525,0.0
TMIGD1,9.111757253505051e-05,5.4762160420917,0.0
C18orf54,9.105624155117803e-05,5.470847202834747,0.0
STX19,9.090493645684188e-05,5.465478363577795,0.0
RAET1E,9.090132565451536e-05,5.460109524320842,0.0
LRRC52,9.08204271790639e-05,5.454740685063889,0.0
CLDN24,9.073383287696564e-05,5.449371845806937,0.0
DSCR4,9.071256538485643e-05,5.444003006549984,0.0
RP11-257K9.8,9.069265866194369e-05,5.438634167293031,0.0
SGOL1,9.053328397580432e-05,5.433265328036079,0.0
NKG2-E,9.051794015101871e-05,5.427896488779125,0.0
CBLN3,9.045197355377512e-05,5.4225276495221735,0.0
HIAT1,9.033053163320938e-05,5.417158810265221,0.0
FAM104A,9.029030533867134e-05,5.411789971008267,0.0
SLC35G5,9.024255201513279e-05,5.406421131751316,0.0
CTC-554D6.1,9.022745004600262e-05,5.401052292494363,0.0
SLC10A5,9.01556253872023e-05,5.39568345323741,0.0
GPR152,9.006251398285433e-05,5.390314613980458,0.0
PRRG3,8.997245548575163e-05,5.384945774723505,0.0
DBNDD1,8.996386469612363e-05,5.379576935466552,0.0
AC010336.1,8.994482597653453e-05,5.3742080962096,0.0
N4BP2L1,8.980652258953722e-05,5.368839256952647,0.0
UGT2A2,8.973108494909337e-05,5.363470417695694,0.0
PSG6,8.958718957575766e-05,5.358101578438742,0.0
LRRC73,8.958504031113312e-05,5.352732739181789,0.0
BTNL3,8.951797697904568e-05,5.3473638999248365,0.0
C2orf70,8.95150998216773e-05,5.341995060667883,0.0
C1orf64,8.943334169646149e-05,5.336626221410931,0.0
MAN1C1,8.941700485685732e-05,5.331257382153979,0.0
CCDC74B,8.940397005719754e-05,5.325888542897025,0.0
CTD-2587H24.4,8.938125135280337e-05,5.320519703640073,0.0
RGAG4,8.934386569928799e-05,5.315150864383121,0.0
HRASLS,8.923600641833618e-05,5.309782025126167,0.0
AGAP5,8.92297437006246e-05,5.304413185869215,0.0
C16orf3,8.917813214589986e-05,5.299044346612263,0.0
SAMD10,8.909800076427091e-05,5.293675507355309,0.0
MS4A4A,8.908246241741942e-05,5.2883066680983575,0.0
AL022328.1,8.886562470667206e-05,5.282937828841405,0.0
EDDM3A,8.884891696444612e-05,5.277568989584451,0.0
PHF15,8.877415190219646e-05,5.272200150327499,0.0
LRTM1,8.866058605615049e-05,5.266831311070547,0.0
GLYAT,8.860216052875377e-05,5.261462471813594,0.0
GOLGA8I,8.843996047832041e-05,5.256093632556641,0.0
DIRC1,8.841447486012096e-05,5.250724793299689,0.0
TMEM179,8.840310250086695e-05,5.245355954042736,0.0
ZSWIM2,8.837358694239946e-05,5.239987114785783,0.0
SPACA7,8.82501433972688e-05,5.234618275528831,0.0
CHRNA10,8.823241292320314e-05,5.229249436271878,0.0
KRTCAP3,8.823172208548588e-05,5.223880597014925,0.0
EMR3,8.820159208911449e-05,5.218511757757973,0.0
PHYHIPL,8.819649572285158e-05,5.2131429185010205,0.0
AGAP2-AS1,8.816031708694512e-05,5.207774079244067,0.0
C15orf37,8.806495856895352e-05,5.202405239987115,0.0
OTOP3,8.8047130303123e-05,5.197036400730163,0.0
ZNF157,8.80292325444388e-05,5.191667561473209,0.0
LCNL1,8.799708359321401e-05,5.186298722216256,0.0
SPATS1,8.775979691026972e-05,5.180929882959305,0.0
ARL9,8.767510735947648e-05,5.175561043702351,0.0
LRRC3B,8.764462144322205e-05,5.1701922044453985,0.0
C9orf50,8.7638890634852e-05,5.164823365188447,0.0
C14orf28,8.753937248362502e-05,5.159454525931493,0.0
C14orf182,8.752889830693872e-05,5.154085686674541,0.0
SH2D6,8.751221936322774e-05,5.148716847417589,0.0
KRTAP2-4,8.749026497477158e-05,5.143348008160635,0.0
TSSK6,8.745666793318047e-05,5.137979168903683,0.0
GCNT3,8.742914456117834e-05,5.132610329646731,0.0
PRCD,8.739997259313317e-05,5.127241490389778,0.0
BPIFB4,8.735539769885675e-05,5.121872651132825,0.0
DLEU7,8.728962957281947e-05,5.116503811875872,0.0
DKFZP761J1410,8.709714784913517e-05,5.11113497261892,0.0
PTGES3L,8.702451577314465e-05,5.105766133361967,0.0
C1orf162,8.69970986349022e-05,5.100397294105014,0.0
TMPRSS11B,8.688044180790269e-05,5.095028454848062,0.0
GPR20,8.685479725417245e-05,5.089659615591109,0.0
CTD-2369P2.10,8.683930974462121e-05,5.084290776334156,0.0
KRTAP1-1,8.683701155912693e-05,5.0789219370772045,0.0
IGJ,8.673893688033298e-05,5.073553097820251,0.0
FLJ00273,8.668317664014855e-05,5.068184258563298,0.0
CLECL1,8.66483459261046e-05,5.062815419306347,0.0
METTL24,8.637062934607576e-05,5.057446580049393,0.0
PCDHAC1,8.636446804604772e-05,5.05207774079244,0.0
SMIM8,8.631299878750222e-05,5.046708901535489,0.0
HIGD1C,8.607419489368684e-05,5.041340062278535,0.0
NECAB1,8.60050666958853e-05,5.0359712230215825,0.0
GPR156,8.590299668736073e-05,5.03060238376463,0.0
CTD-2510F5.6,8.58780214759048e-05,5.025233544507677,0.0
C12orf44,8.587424406118168e-05,5.019864705250725,0.0
IFNA7,8.583543246136217e-05,5.014495865993772,0.0
C6orf1,8.58130348117904e-05,5.009127026736819,0.0
SIRPB2,8.565358419318114e-05,5.003758187479867,0.0
HIST4H4,8.557976330131515e-05,4.998389348222914,0.0
FAM78B,8.555260304437564e-05,4.993020508965962,0.0
C21orf58,8.554631404714241e-05,4.987651669709009,0.0
S100A7L2,8.549710241954252e-05,4.982282830452056,0.0
MCMDC2,8.542286076690657e-05,4.976913991195104,0.0
C20orf141,8.529447807195301e-05,4.971545151938151,0.0
AC010642.1,8.528084900239556e-05,4.966176312681198,0.0
PSG5,8.526403955629063e-05,4.9608074734242456,0.0
ANXA10,8.514087804869078e-05,4.955438634167293,0.0
CMA1,8.512860077360837e-05,4.95006979491034,0.0
TMEM144,8.50908328959917e-05,4.944700955653388,0.0
AQP8,8.503967789463151e-05,4.939332116396435,0.0
AC010646.3,8.499614929095149e-05,4.933963277139482,0.0
C2CD4B,8.499333922774627e-05,4.92859443788253,0.0
KRTAP5-2,8.47848209140753e-05,4.923225598625577,0.0
C8orf86,8.470602676807838e-05,4.917856759368624,0.0
AC061992.1,8.467899721485073e-05,4.912487920111672,0.0
RP11-770J1.5,8.463404937460612e-05,4.907119080854719,0.0
RP11-113D6.10,8.456346868541847e-05,4.9017502415977665,0.0
PPAPDC1A,8.451386136214068e-05,4.896381402340814,0.0
NPTXR,8.444841798884804e-05,4.891012563083861,0.0
MND1,8.440690944457343e-05,4.885643723826909,0.0
SNTG2,8.428312472478223e-05,4.880274884569956,0.0
TMC2,8.421443776853077e-05,4.874906045313003,0.0
PGC,8.420960960878396e-05,4.869537206056051,0.0
PPP1R14D,8.417793878110311e-05,4.864168366799098,0.0
MS4A10,8.409623593427734e-05,4.858799527542145,0.0
CGB7,8.406327523254529e-05,4.853430688285193,0.0
NXPE1,8.398260384698347e-05,4.84806184902824,0.0
RP11-446E24.4,8.397647460873446e-05,4.8426930097712875,0.0
RP11-467N20.5,8.396835168054903e-05,4.837324170514335,0.0
ICAM4,8.392857838528907e-05,4.831955331257382,0.0
FAM220A,8.382152236866025e-05,4.8265864920004296,0.0
CAPS2,8.377483065088826e-05,4.821217652743477,0.0
KRTAP9-8,8.3753147160633e-05,4.815848813486524,0.0
MKI67IP,8.372586867149814e-05,4.810479974229572,0.0
LECT1,8.36915055872717e-05,4.805111134972619,0.0
SFTA2,8.361281625627683e-05,4.799742295715666,0.0
KBTBD12,8.361270530871987e-05,4.794373456458714,0.0
RP11-944L7.5,8.35818718170243e-05,4.789004617201761,0.0
PRR25,8.352942613154546e-05,4.783635777944808,0.0
TMEM215,8.345669128147077e-05,4.778266938687856,0.0
RP1-27O5.3,8.338985058478736e-05,4.772898099430903,0.0
KRTAP13-1,8.336431086550072e-05,4.7675292601739505,0.0
CTD-2278I10.6,8.318229863456562e-05,4.762160420916998,0.0
AC002398.9,8.314971886587767e-05,4.756791581660045,0.0
YBX2,8.313427669159231e-05,4.751422742403093,0.0
KRTAP1-5,8.306138405972106e-05,4.74605390314614,0.0
LGALS14,8.292568580656981e-05,4.740685063889187,0.0
KRTAP13-2,8.290452875174278e-05,4.735316224632234,0.0
ASAH2C,8.28955386664095e-05,4.729947385375282,0.0
MRGPRX3,8.288024571246283e-05,4.724578546118329,0.0
CELA3B,8.286223914934866e-05,4.719209706861376,0.0
AC040977.1,8.282883633330057e-05,4.713840867604424,0.0
RP11-644F5.10,8.28006421233565e-05,4.7084720283474715,0.0
SPATA4,8.279735818144066e-05,4.703103189090518,0.0
TEX22,8.271244614833459e-05,4.697734349833566,0.0
TMEM254,8.270878871482603e-05,4.6923655105766136,0.0
AC020922.1,8.263749725852654e-05,4.686996671319661,0.0
FAM105A,8.26024558228022e-05,4.681627832062708,0.0
FRG1B,8.259332243640371e-05,4.676258992805756,0.0
CPLX4,8.256089022616161e-05,4.670890153548803,0.0
RP11-343C2.11,8.249620663025046e-05,4.66552131429185,0.0
EVPLL,8.246005991720605e-05,4.660152475034898,0.0
FAM71F2,8.22984876911403e-05,4.654783635777945,0.0
ERP27,8.229377272322692e-05,4.6494147965209915,0.0
SAGE1,8.216293908500249e-05,4.64404595726404,0.0
SERPINA12,8.215871735400176e-05,4.638677118007087,0.0
MMP26,8.210493901619553e-05,4.633308278750134,0.0
RP11-613M10.9,8.203966505327157e-05,4.627939439493182,0.0
CCDC83,8.196587867373688e-05,4.622570600236229,0.0
BANF2,8.191135625490551e-05,4.617201760979276,0.0
TMIGD2,8.18962862181001e-05,4.611832921722324,0.0
RP1-66C13.4,8.17463685689224e-05,4.606464082465371,0.0
TMEM130,8.173922758122977e-05,4.601095243208418,0.0
ZNF485,8.17165236302444e-05,4.595726403951466,0.0
TBC1D3G,8.167320520388457e-05,4.590357564694513,0.0
ZNF543,8.156012186681778e-05,4.58498872543756,0.0
CTD-2349B8.1,8.155581289076001e-05,4.579619886180607,0.0
SPATC1,8.149695428753135e-05,4.5742510469236555,0.0
RP11-434D12.1,8.137426213777383e-05,4.568882207666702,0.0
C19orf33,8.135703109050514e-05,4.563513368409749,0.0
SPP2,8.134249393925291e-05,4.5581445291527976,0.0
SEMG2,8.133772056003198e-05,4.552775689895845,0.0
ZNF20,8.133013311480518e-05,4.547406850638891,0.0
C12orf74,8.130393742166409e-05,4.54203801138194,0.0
CCDC142,8.13004531769943e-05,4.536669172124987,0.0
RP11-51F16.8,8.124520768173287e-05,4.5313003328680335,0.0
ZNF552,8.119844370686723e-05,4.525931493611082,0.0
C9orf163,8.119496864337431e-05,4.520562654354129,0.0
TCF23,8.112438532359334e-05,4.5151938150971755,0.0
FAM167B,8.093806689785698e-05,4.509824975840224,0.0
C5orf46,8.09236650873814e-05,4.504456136583271,0.0
FABP7,8.079942795019706e-05,4.499087297326318,0.0
C2orf27B,8.074112828771056e-05,4.493718458069365,0.0
UBFD1,8.073213676040668e-05,4.488349618812413,0.0
CAPS,8.069102929629211e-05,4.48298077955546,0.0
PRSS37,8.064002797119585e-05,4.477611940298507,0.0
PRPH2,8.05855480810082e-05,4.472243101041555,0.0
SLC36A2,8.055481511054699e-05,4.466874261784602,0.0
CASQ1,8.050975483917134e-05,4.461505422527649,0.0
LRRIQ4,8.050556357361683e-05,4.456136583270697,0.0
C10orf62,8.049588466968983e-05,4.450767744013744,0.0
C1QL4,8.045825897467465e-05,4.445398904756791,0.0
HAPLN4,8.042116420786093e-05,4.4400300654998395,0.0
LY6D,8.033296993289934e-05,4.434661226242886,0.0
HRCT1,8.021704251191297e-05,4.429292386985933,0.0
SPATA21,8.019958616944253e-05,4.423923547728981,0.0
GOLGA8K,8.016763748649441e-05,4.418554708472029,0.0
VN1R4,8.015464710273317e-05,4.413185869215075,0.0
KRTAP21-1,8.01053276006433e-05,4.407817029958123,0.0
ZNF683,8.007346397522851e-05,4.402448190701171,0.0
ZNF501,8.004261111582693e-05,4.3970793514442175,0.0
PBOV1,7.999385400872035e-05,4.391710512187265,0.0
SPATA19,7.993488198808243e-05,4.386341672930313,0.0
SPATA9,7.992110999995123e-05,4.3809728336733595,0.0
ZNF738,7.98233336385473e-05,4.375603994416407,0.0
ZNF620,7.979034733606434e-05,4.370235155159455,0.0
ZIK1,7.973913146164706e-05,4.364866315902502,0.0
NPIPB6,7.973888818615554e-05,4.359497476645549,0.0
GPR119,7.95791025294105e-05,4.354128637388597,0.0
TMEM151B,7.955975377343266e-05,4.348759798131644,0.0
ZSCAN1,7.952770032379414e-05,4.343390958874691,0.0
PLA2G2F,7.941170109493099e-05,4.338022119617738,0.0
SDCBP2,7.934725511180448e-05,4.332653280360786,0.0
ABHD15,7.932093061790392e-05,4.327284441103833,0.0
FAM26E,7.929680177904013e-05,4.3219156018468805,0.0
GALNT14,7.926353526609243e-05,4.316546762589928,0.0
MAGEA12,7.91392910385754e-05,4.311177923332975,0.0
DEPDC4,7.913129614542509e-05,4.305809084076023,0.0
GPR87,7.909236154284333e-05,4.30044024481907,0.0
XAGE3,7.905167682843583e-05,4.295071405562117,0.0
GLT6D1,7.887765553576011e-05,4.289702566305165,0.0
CTRB2,7.879157726000413e-05,4.284333727048213,0.0
C2orf62,7.872880864657488e-05,4.278964887791259,0.0
RP11-5A19.5,7.837740994652865e-05,4.273596048534307,0.0
ZNF678,7.830381749456745e-05,4.268227209277354,0.0
RP11-383H13.1,7.830048215703335e-05,4.2628583700204015,0.0
TBATA,7.829608498932498e-05,4.257489530763449,0.0
KIAA1737,7.827761470871326e-05,4.252120691506496,0.0
MTERF,7.817837242066804e-05,4.2467518522495435,0.0
LYPD2,7.812403438457409e-05,4.241383012992591,0.0
RNASE10,7.805128014583385e-05,4.236014173735638,0.0
CEACAM8,7.80403454587099e-05,4.230645334478686,0.0
YPEL4,7.80201543101318e-05,4.225276495221733,0.0
CLLU1OS,7.795128616653746e-05,4.21990765596478,0.0
AL441883.1,7.793871089075156e-05,4.214538816707828,0.0
PDE7B,7.790725924975168e-05,4.209169977450875,0.0
TMEM190,7.786188238709806e-05,4.203801138193922,0.0
FAM211A,7.782548794283424e-05,4.19843229893697,0.0
CFHR1,7.779346390227981e-05,4.193063459680017,0.0
NDNF,7.773300222853938e-05,4.1876946204230645,0.0
TINAG,7.763345613551032e-05,4.182325781166112,0.0
KIAA1147,7.757695154708762e-05,4.176956941909159,0.0
C10orf99,7.748445861964929e-05,4.171588102652207,0.0
ARIH2OS,7.748382791280113e-05,4.166219263395254,0.0
BMP15,7.748113781597812e-05,4.160850424138301,0.0
LHB,7.740786608538821e-05,4.155481584881349,0.0
FUT10,7.726330745531676e-05,4.150112745624396,0.0
SBK2,7.724436424903756e-05,4.144743906367443,0.0
FAM159A,7.718243407887853e-05,4.139375067110491,0.0
C10orf53,7.716829963240834e-05,4.134006227853538,0.0
LEAP2,7.71499002430504e-05,4.1286373885965855,0.0
C19orf48,7.711697487435366e-05,4.123268549339633,0.0
PAPL,7.708027727523199e-05,4.11789971008268,0.0
ISM2,7.705051643052858e-05,4.1125308708257275,0.0
GOLGA6L4,7.691595579412801e-05,4.107162031568775,0.0
MRP63,7.672589294417435e-05,4.101793192311822,0.0
UTP11L,7.658920022160947e-05,4.09642435305487,0.0
KLRD1,7.651793626171436e-05,4.091055513797917,0.0
CD1A,7.646194632804002e-05,4.085686674540964,0.0
SLC39A2,7.642101775496797e-05,4.080317835284012,0.0
TMEM37,7.638947446589636e-05,4.074948996027059,0.0
ZCCHC18,7.638011765115307e-05,4.069580156770106,0.0
SPEM1,7.634277353495848e-05,4.064211317513154,0.0
MS4A14,7.632483438045143e-05,4.058842478256201,0.0
NPFFR2,7.630213192529308e-05,4.0534736389992485,0.0
FAIM3,7.622323851528503e-05,4.048104799742296,0.0
GALP,7.61540779764239e-05,4.042735960485342,0.0
CCDC120,7.60897778690905e-05,4.037367121228391,0.0
ANTXRL,7.608387898126093e-05,4.031998281971438,0.0
DNAH17-AS1,7.598263521481074e-05,4.026629442714484,0.0
KRTAP5-8,7.594705016525985e-05,4.021260603457533,0.0
FAM129C,7.591715383388821e-05,4.01589176420058,0.0
LRRC19,7.588098524750856e-05,4.010522924943627,0.0
RPS6KA6,7.583957401368133e-05,4.005154085686675,0.0
C1orf53,7.579571013057025e-05,3.999785246429722,0.0
GKN2,7.578752275280162e-05,3.994416407172769,0.0
C22orf43,7.569817816081124e-05,3.989047567915817,0.0
CCDC64,7.557768400292777e-05,3.983678728658864,0.0
PPM1M,7.5329440676874e-05,3.978309889401911,0.0
KLHL30,7.52963601079883e-05,3.972941050144959,0.0
ZNF474,7.522792362330418e-05,3.9675722108880063,0.0
TMEM244,7.521490111127211e-05,3.962203371631053,0.0
DEFB118,7.508399086080401e-05,3.9568345323741005,0.0
EVI2B,7.508154464648372e-05,3.9514656931171483,0.0
OLAH,7.507462410551903e-05,3.9460968538601953,0.0
C22orf31,7.500831168912626e-05,3.9407280146032426,0.0
AP000758.1,7.500147187223348e-05,3.9353591753462904,0.0
DIO2,7.49637318906438e-05,3.9299903360893373,0.0
TRIM49C,7.492510607865358e-05,3.9246214968323847,0.0
RP11-934B9.3,7.490732862893641e-05,3.9192526575754325,0.0
CTD-2192J16.22,7.487505599353662e-05,3.9138838183184794,0.0
SPAM1,7.487344961565754e-05,3.908514979061527,0.0
RFPL4AL1,7.477471070006687e-05,3.9031461398045746,0.0
CTD-2105E13.6,7.467591145142445e-05,3.8977773005476215,0.0
KCNK13,7.464615430018606e-05,3.892408461290669,0.0
RNASEK-C17orf49,7.43611504111419e-05,3.887039622033716,0.0
KRT26,7.43573212896111e-05,3.881670782776764,0.0
NXPE2,7.435129107799933e-05,3.876301943519811,0.0
KRTAP13-4,7.434013698436655e-05,3.870933104262858,0.0
A3GALT2,7.433709336661255e-05,3.865564265005906,0.0
ARMCX6,7.42662234569301e-05,3.860195425748953,0.0
BHLHE23,7.420563524252172e-05,3.8548265864920004,0.0
SERPINA7,7.412636044917874e-05,3.849457747235048,0.0
SERPINE3,7.412438673308857e-05,3.844088907978095,0.0
PAXIP1-AS2,7.404351069817067e-05,3.8387200687211425,0.0
GOLGA6L6,7.401650815037341e-05,3.8333512294641903,0.0
C14orf166B,7.399631931713818e-05,3.827982390207237,0.0
ARL14,7.392859314211314e-05,3.8226135509502845,0.0
ST8SIA3,7.386224298473908e-05,3.8172447116933323,0.0
C12orf56,7.384714659529093e-05,3.8118758724363793,0.0
LRRC18,7.384546079834731e-05,3.8065070331794266,0.0
FAM47E-STBD1,7.381343750504556e-05,3.8011381939224735,0.0
WDR38,7.374473581007997e-05,3.7957693546655213,0.0
TMEM210,7.360855186643394e-05,3.7904005154085687,0.0
AC006486.9,7.359850415517482e-05,3.7850316761516156,0.0
OTOP1,7.354201665251774e-05,3.7796628368946634,0.0
WIBG,7.351069308137303e-05,3.774293997637711,0.0
FAM153C,7.349025956192332e-05,3.7689251583807577,0.0
SLC26A10,7.347865523674431e-05,3.7635563191238055,0.0
C6orf211,7.345702297324028e-05,3.758187479866853,0.0
NCR3,7.342765652935548e-05,3.7528186406099,0.0
IFNA1,7.341733047130182e-05,3.747449801352948,0.0
SREK1,7.341540026110119e-05,3.742080962095995,0.0
RP11-463C8.4,7.32375432566075e-05,3.736712122839042,0.0
TSPAN16,7.316297505404636e-05,3.731343283582089,0.0
SCRT1,7.316004338236379e-05,3.725974444325137,0.0
CYP4A22,7.308258028852702e-05,3.7206056050681844,0.0
TEPP,7.307271715233823e-05,3.7152367658112313,0.0
KIAA0247,7.302919670313479e-05,3.709867926554279,0.0
C10orf129,7.300434933652246e-05,3.7044990872973265,0.0
RP11-599B13.6,7.287651707191313e-05,3.6991302480403734,0.0
NPIPB15,7.278830145954345e-05,3.693761408783421,0.0
MEGT1,7.272494169505233e-05,3.6883925695264685,0.0
MMP21,7.270265657697577e-05,3.6830237302695155,0.0
GYPE,7.265889889907439e-05,3.6776548910125633,0.0
KRTAP15-1,7.263119261916169e-05,3.6722860517556106,0.0
MS4A5,7.261429772227723e-05,3.6669172124986575,0.0
ZNF837,7.258540552916087e-05,3.6615483732417053,0.0
CCSAP,7.252877825225583e-05,3.6561795339847527,0.0
NDNL2,7.243587205981753e-05,3.6508106947277996,0.0
C15orf57,7.218284762659499e-05,3.645441855470847,0.0
RP1-317E23.6,7.215913745881374e-05,3.640073016213895,0.0
PRIMA1,7.211000774977654e-05,3.6347041769569417,0.0
C19orf45,7.195162545995339e-05,3.629335337699989,0.0
C1orf204,7.194829123309208e-05,3.623966498443037,0.0
OPN5,7.194376923412894e-05,3.618597659186084,0.0
AC010327.2,7.177401670587499e-05,3.613228819929131,0.0
CTC-349C3.1,7.172268600630449e-05,3.607859980672179,0.0
C16orf91,7.155468989345354e-05,3.602491141415226,0.0
CCDC37,7.150193527233844e-05,3.597122302158273,0.0
RDH16,7.142635495235462e-05,3.591753462901321,0.0
AC002985.3,7.134803921663467e-05,3.5863846236443684,0.0
TFF2,7.1235951962783e-05,3.5810157843874153,0.0
AC010441.1,7.115885564622119e-05,3.5756469451304627,0.0
C2orf61,7.11393127781686e-05,3.5702781058735105,0.0
RP11-293I14.2,7.10604005142841e-05,3.5649092666165574,0.0
C12orf71,7.100812850808561e-05,3.5595404273596047,0.0
PRR21,7.100442900961543e-05,3.5541715881026525,0.0
FAM71B,7.098077127540638e-05,3.5488027488456995,0.0
C19orf55,7.087803995633373e-05,3.543433909588747,0.0
VPREB3,7.075617716323569e-05,3.5380650703317946,0.0
FAM166A,7.070464242068428e-05,3.5326962310748415,0.0
KRT37,7.066106592847654e-05,3.527327391817889,0.0
TXNDC8,7.065466709283647e-05,3.5219585525609367,0.0
C16orf46,7.057335986180557e-05,3.5165897133039836,0.0
C7orf73,7.056438355468302e-05,3.511220874047031,0.0
SLC25A53,7.046483486214972e-05,3.505852034790079,0.0
FOLR2,7.045093984231863e-05,3.5004831955331257,0.0
RNF215,7.02985358306956e-05,3.495114356276173,0.0
PATE2,7.027738374618957e-05,3.48974551701922,0.0
RXFP4,7.025983860795018e-05,3.484376677762268,0.0
GOLGA8T,7.024620782323345e-05,3.479007838505315,0.0
CTC-487M23.8,7.010960986202801e-05,3.473638999248362,0.0
NIPA1,7.007852240592806e-05,3.46827015999141,0.0
ZNF727,7.001020808430398e-05,3.4629013207344572,0.0
POM121L12,6.999935439747937e-05,3.4575324814775046,0.0
KRTAP9-2,6.993945751158592e-05,3.4521636422205524,0.0
DHRS4L2,6.993476255486387e-05,3.4467948029635993,0.0
AC011997.1,6.992114316823813e-05,3.4414259637066467,0.0
FNDC9,6.979582841427204e-05,3.4360571244496945,0.0
GBP7,6.970752606226902e-05,3.4306882851927414,0.0
P2RY13,6.968562546153392e-05,3.4253194459357887,0.0
SLC16A12,6.961928103260275e-05,3.4199506066788357,0.0
AGPAT6,6.957711417465113e-05,3.4145817674218835,0.0
C7orf33,6.95368168808101e-05,3.409212928164931,0.0
GLTPD1,6.947927263568515e-05,3.4038440889079777,0.0
C15orf32,6.947814286806768e-05,3.3984752496510255,0.0
PTPLB,6.937084074566426e-05,3.393106410394073,0.0
DKK4,6.935572115111384e-05,3.38773757113712,0.0
ANKRD62,6.919840115429469e-05,3.3823687318801676,0.0
AC114494.1,6.916956127325423e-05,3.376999892623215,0.0
LEMD1,6.912463326968452e-05,3.371631053366262,0.0
LCE1E,6.911939065247624e-05,3.3662622141093097,0.0
TMEM72,6.903871307417546e-05,3.360893374852357,0.0
TMEM252,6.903840841950381e-05,3.355524535595404,0.0
TMEM249,6.901314067764424e-05,3.3501556963384513,0.0
AC026703.1,6.90052307382309e-05,3.344786857081499,0.0
PSG11,6.898858385714787e-05,3.339418017824546,0.0
ATP6V1G2-DDX39B,6.896241964111261e-05,3.3340491785675934,0.0
RP1-170O19.20,6.893924219456615e-05,3.3286803393106412,0.0
CNRIP1,6.884115072431743e-05,3.3233115000536886,0.0
GPR110,6.880659706898584e-05,3.3179426607967355,0.0
DUPD1,6.878722036953809e-05,3.3125738215397833,0.0
EBLN2,6.87841118570752e-05,3.3072049822828307,0.0
TSPYL6,6.875972699707793e-05,3.3018361430258776,0.0
CTD-2267D19.3,6.858534320729827e-05,3.2964673037689254,0.0
RP11-190A12.7,6.848749978980998e-05,3.2910984645119727,0.0
ZNF805,6.839905532341061e-05,3.2857296252550197,0.0
MRGPRX2,6.835294861950926e-05,3.2803607859980675,0.0
C4orf17,6.83229403724914e-05,3.274991946741115,0.0
TMPRSS11A,6.832235686371756e-05,3.2696231074841617,0.0
FLJ20306,6.822086613349315e-05,3.264254268227209,0.0
C1orf186,6.809348673214703e-05,3.258885428970257,0.0
C1orf200,6.78347199440448e-05,3.253516589713304,0.0
TMPRSS12,6.778207525950468e-05,3.248147750456351,0.0
KRTAP4-12,6.777305938004049e-05,3.242778911199399,0.0
C5orf15,6.742732110650513e-05,3.237410071942446,0.0
PRAMEF7,6.739672701391102e-05,3.2320412326854933,0.0
ZCCHC5,6.727780390721399e-05,3.226672393428541,0.0
CTB-102L5.4,6.724435450615991e-05,3.221303554171588,0.0
C14orf180,6.72036730127561e-05,3.2159347149146353,0.0
AC022400.2,6.714950106394964e-05,3.210565875657683,0.0
RP11-691N7.6,6.708571277455803e-05,3.20519703640073,0.0
RP11-664I21.6,6.70364316500383e-05,3.1998281971437774,0.0
GAL,6.701471142667944e-05,3.1944593578868243,0.0
C9orf24,6.69485235625494e-05,3.1890905186298726,0.0
BPIFA2,6.690756058944581e-05,3.1837216793729195,0.0
PRB3,6.68232475431012e-05,3.1783528401159664,0.0
CCR9,6.678043027663373e-05,3.1729840008590147,0.0
EEF1E1-BLOC1S5,6.66881202730638e-05,3.1676151616020616,0.0
CCL27,6.666669207003648e-05,3.162246322345109,0.0
SSX3,6.662353802122111e-05,3.1568774830881567,0.0
OR11H12,6.651003425192574e-05,3.1515086438312037,0.0
FCGR1B,6.64630282531807e-05,3.146139804574251,0.0
AC013449.1,6.631232190274492e-05,3.140770965317299,0.0
MRAP,6.628503469616843e-05,3.1354021260603457,0.0
INSL4,6.62772324674476e-05,3.130033286803393,0.0
LRIT1,6.611721570247845e-05,3.1246644475464405,0.0
MBD3L3,6.610861227294698e-05,3.119295608289488,0.0
HTRA4,6.588056688937745e-05,3.113926769032535,0.0
AARD,6.58087312046233e-05,3.1085579297755825,0.0
C1orf63,6.577723581068079e-05,3.10318909051863,0.0
AC007040.11,6.572653129453057e-05,3.0978202512616773,0.0
ZFP91-CNTF,6.570432369201505e-05,3.0924514120047246,0.0
GOLT1A,6.570125205289796e-05,3.087082572747772,0.0
TEX13B,6.568421791646486e-05,3.0817137334908193,0.0
C16orf93,6.565731412872154e-05,3.0763448942338667,0.0
C9orf89,6.565574166247824e-05,3.070976054976914,0.0
AC073063.1,6.560707237153915e-05,3.0656072157199614,0.0
TAAR2,6.545086952941301e-05,3.0602383764630083,0.0
RP11-571M6.15,6.536277482661123e-05,3.054869537206056,0.0
VNN1,6.534411994699803e-05,3.0495006979491035,0.0
CALHM1,6.530861013398165e-05,3.0441318586921504,0.0
IL8,6.52110482839947e-05,3.038763019435198,0.0
CDCP2,6.511847279305594e-05,3.0333941801782456,0.0
TMEM170B,6.511740505950187e-05,3.028025340921293,0.0
CHODL,6.501047139741301e-05,3.0226565016643403,0.0
ACTRT2,6.491232677301004e-05,3.017287662407387,0.0
TRIM64C,6.491089696595378e-05,3.011918823150435,0.0
C5orf20,6.487641466443139e-05,3.0065499838934824,0.0
FBXO39,6.480650870980477e-05,3.0011811446365293,0.0
ZNF823,6.475862702310853e-05,2.995812305379577,0.0
CCRN4L,6.47213873064131e-05,2.9904434661226245,0.0
RP11-80A15.1,6.458529945192144e-05,2.9850746268656714,0.0
IFNA16,6.458400070747611e-05,2.979705787608719,0.0
RPS10-NUDT3,6.456893537752765e-05,2.974336948351766,0.0
SUN3,6.447959164405907e-05,2.968968109094814,0.0
SLC25A18,6.435910584957123e-05,2.9635992698378613,0.0
HBQ1,6.431406138922332e-05,2.958230430580908,0.0
RBM46,6.426683935501633e-05,2.952861591323956,0.0
GTSF1L,6.415299796541386e-05,2.9474927520670033,0.0
HIST1H2AI,6.415177162146876e-05,2.9421239128100503,0.0
C11orf42,6.398223838108291e-05,2.936755073553098,0.0
C1QTNF7,6.39426475950582e-05,2.931386234296145,0.0
GGTLC2,6.382318234974975e-05,2.9260173950391923,0.0
ARGFX,6.381185604371423e-05,2.92064855578224,0.0
SEMG1,6.377906979257274e-05,2.915279716525287,0.0
GLRA4,6.375554072877401e-05,2.9099108772683344,0.0
ETV3L,6.375225457040879e-05,2.9045420380113818,0.0
B3GALT5,6.373218550297276e-05,2.899173198754429,0.0
PAQR4,6.371421147968937e-05,2.893804359497477,0.0
CST8,6.365113271609676e-05,2.888435520240524,0.0
SDR42E1,6.361531048217825e-05,2.883066680983571,0.0
CLEC4A,6.361140904106531e-05,2.877697841726619,0.0
HSPB2-C11orf52,6.34725668471835e-05,2.872329002469666,0.0
ZNF630,6.342488248523484e-05,2.8669601632127133,0.0
WASH4P,6.338311870354386e-05,2.8615913239557607,0.0
RP11-849F2.7,6.33434536033446e-05,2.856222484698808,0.0
CTD-2207O23.10,6.333581429910227e-05,2.8508536454418554,0.0
GAGE1,6.323083594231014e-05,2.8454848061849027,0.0
AC006538.4,6.321194748991563e-05,2.84011596692795,0.0
C5orf58,6.320560817086277e-05,2.834747127670998,0.0
PRR23A,6.317914661111442e-05,2.829378288414045,0.0
PBLD,6.316816265975364e-05,2.824009449157092,0.0
LHFPL3,6.302243254242693e-05,2.8186406099001395,0.0
PGPEP1L,6.300353274955921e-05,2.813271770643187,0.0
SUV420H2,6.299961734111787e-05,2.8079029313862343,0.0
FRG2B,6.298704614872275e-05,2.8025340921292816,0.0
METTL6,6.29436140317733e-05,2.797165252872329,0.0
C1QL3,6.293325753635153e-05,2.7917964136153763,0.0
ZNF90,6.282835535943186e-05,2.7864275743584237,0.0
FAM163A,6.27995295021495e-05,2.781058735101471,0.0
PRAMEF14,6.275747529827433e-05,2.7756898958445184,0.0
AL133373.1,6.274861149909195e-05,2.7703210565875658,0.0
CGREF1,6.262980679154117e-05,2.764952217330613,0.0
ZNF701,6.254603322548429e-05,2.7595833780736605,0.0
MORN5,6.253418984672014e-05,2.754214538816708,0.0
IGFL4,6.251471382510786e-05,2.748845699559755,0.0
LYPD4,6.231381693419775e-05,2.7434768603028026,0.0
LYPD1,6.229914874168087e-05,2.73810802104585,0.0
RP11-1012A1.4,6.22477351254861e-05,2.7327391817888973,0.0
CGB8,6.212872975701054e-05,2.7273703425319447,0.0
ZNF575,6.21148960097584e-05,2.722001503274992,0.0
GOLGA8G,6.211399433336917e-05,2.7166326640180394,0.0
FAM198B,6.206238843785034e-05,2.7112638247610867,0.0
ZNF714,6.205352862743407e-05,2.7058949855041337,0.0
NDUFC2-KCTD14,6.202192752001637e-05,2.7005261462471815,0.0
C3orf36,6.199772415779303e-05,2.695157306990229,0.0
PVRL4,6.197117262943606e-05,2.689788467733276,0.0
RP11-468E2.6,6.196070725962211e-05,2.6844196284763235,0.0
FAM133A,6.192293185481347e-05,2.679050789219371,0.0
TMEM105,6.191069683555975e-05,2.6736819499624183,0.0
SLC25A45,6.181236947220883e-05,2.6683131107054656,0.0
TOMM70A,6.177800659539913e-05,2.6629442714485125,0.0
CNTD2,6.175658772868391e-05,2.6575754321915603,0.0
NXPH4,6.17306734911836e-05,2.6522065929346077,0.0
FAM19A5,6.163935538507136e-05,2.6468377536776546,0.0
GPR42,6.162902576158713e-05,2.6414689144207024,0.0
AC012493.2,6.161112816746844e-05,2.6361000751637493,0.0
AC004466.1,6.157021806829391e-05,2.630731235906797,0.0
TMEM207,6.149257677444552e-05,2.6253623966498445,0.0
FAM218A,6.145481314502898e-05,2.6199935573928914,0.0
SLC25A52,6.14401613125048e-05,2.614624718135939,0.0
OTOL1,6.135061103800456e-05,2.6092558788789866,0.0
CTC-273B12.7,6.127854603568571e-05,2.6038870396220335,0.0
TMEM220,6.124489066866587e-05,2.5985182003650813,0.0
RP5-850E9.3,6.10547980862763e-05,2.593149361108128,0.0
IFLTD1,6.093320597236374e-05,2.5877805218511756,0.0
RP1-127H14.3,6.091195833343259e-05,2.5824116825942234,0.0
FAM26D,6.090520777709895e-05,2.5770428433372703,0.0
C12orf5,6.087843960533965e-05,2.5716740040803177,0.0
EFCAB4A,6.077693075705621e-05,2.5663051648233655,0.0
TREML2,6.0681395076384636e-05,2.5609363255664124,0.0
GCNT7,6.066802645418453e-05,2.55556748630946,0.0
RP11-322E11.6,6.064178622882482e-05,2.550198647052507,0.0
CEACAM18,6.054720821378093e-05,2.5448298077955545,0.0
LGALS13,6.0437982129001584e-05,2.5394609685386023,0.0
RP11-155D18.14,6.0431312382200536e-05,2.534092129281649,0.0
UBL4B,6.0405258592822274e-05,2.5287232900246965,0.0
FGF11,6.031500952258529e-05,2.5233544507677443,0.0
C3orf56,6.027672995036681e-05,2.5179856115107913,0.0
ZNF705A,6.0235508291086137e-05,2.5126167722538386,0.0
PXT1,6.022209253546446e-05,2.507247932996886,0.0
GPR82,6.0184341094178725e-05,2.5018790937399333,0.0
RP1-241P17.4,6.014846300664992e-05,2.496510254482981,0.0
RNASE8,6.009166817087776e-05,2.491141415226028,0.0
HIATL2,5.996861557864215e-05,2.4857725759690754,0.0
PRG3,5.988098378998542e-05,2.4804037367121228,0.0
RP3-468K18.5,5.98778736266088e-05,2.47503489745517,0.0
C11orf83,5.982338756816697e-05,2.4696660581982175,0.0
LAG3,5.97909119889984e-05,2.464297218941265,0.0
RFPL3S,5.978663661925014e-05,2.458928379684312,0.0
FAM89A,5.9784780950562656e-05,2.4535595404273596,0.0
LY6H,5.974095408283836e-05,2.448190701170407,0.0
C21orf62,5.969459520288911e-05,2.4428218619134543,0.0
AQP12A,5.9692297246655916e-05,2.4374530226565017,0.0
PRSS48,5.9612652427393684e-05,2.432084183399549,0.0
LALBA,5.955206841882309e-05,2.4267153441425964,0.0
SLC35G6,5.9451367038789414e-05,2.4213465048856437,0.0
AL031666.2,5.937775005063848e-05,2.415977665628691,0.0
CCL15-CCL14,5.9367012280224454e-05,2.4106088263717385,0.0
MIA-RAB4B,5.9360705907041304e-05,2.405239987114786,0.0
C1orf61,5.923004744785731e-05,2.399871147857833,0.0
C2orf82,5.922567286646283e-05,2.3945023086008805,0.0
ACN9,5.920331039744825e-05,2.389133469343928,0.0
AC010547.9,5.917341334877958e-05,2.3837646300869753,0.0
TRIM61,5.91475665145931e-05,2.3783957908300226,0.0
C3orf65,5.912768093086034e-05,2.37302695157307,0.0
KRTAP5-11,5.900770257062708e-05,2.367658112316117,0.0
FAM105B,5.897716743205549e-05,2.3622892730591647,0.0
CTB-96E2.2,5.892420852153192e-05,2.356920433802212,0.0
TBC1D28,5.8859085873171773e-05,2.351551594545259,0.0
KCNK7,5.876141879560695e-05,2.3461827552883068,0.0
FRG2,5.8756786197739335e-05,2.340813916031354,0.0
CCL23,5.8649764267025575e-05,2.3354450767744015,0.0
ZNF525,5.8597237480772916e-05,2.330076237517449,0.0
FAM26F,5.857138698319742e-05,2.3247073982604958,0.0
PRAMEF11,5.8541009666145374e-05,2.3193385590035436,0.0
PPM1H,5.8521778888867755e-05,2.313969719746591,0.0
C1orf56,5.8430712590383634e-05,2.308600880489638,0.0
ZBTB37,5.817981451585935e-05,2.3032320412326857,0.0
C17orf85,5.816766531289909e-05,2.297863201975733,0.0
C11orf94,5.811644935766852e-05,2.29249436271878,0.0
AP000695.1,5.807560813996562e-05,2.2871255234618277,0.0
C10orf25,5.8067349621776346e-05,2.2817566842048747,0.0
TM4SF2,5.803894019682923e-05,2.2763878449479225,0.0
C17orf78,5.800246884468155e-05,2.27101900569097,0.0
RNASE7,5.796941984292219e-05,2.2656501664340167,0.0
KRTAP4-16P,5.791422549097771e-05,2.2602813271770645,0.0
CGB2,5.789863827695791e-05,2.254912487920112,0.0
AP000867.1,5.788969838317244e-05,2.249543648663159,0.0
C1orf100,5.7843777495985164e-05,2.2441748094062066,0.0
XAGE5,5.782325546301449e-05,2.2388059701492535,0.0
C13orf35,5.7805432544450256e-05,2.233437130892301,0.0
CTC-260F20.3,5.777339242924837e-05,2.2280682916353487,0.0
EFCAB3,5.769213878442403e-05,2.2226994523783956,0.0
RNASE11,5.767365697372922e-05,2.217330613121443,0.0
NIM1,5.7605844961120435e-05,2.2119617738644903,0.0
PPAPDC3,5.73812246192156e-05,2.2065929346075377,0.0
CKMT1B,5.7289945294571034e-05,2.2012240953505855,0.0
PDZD3,5.7238651586020135e-05,2.1958552560936324,0.0
NXF2B,5.723842990491231e-05,2.1904864168366798,0.0
AL592284.1,5.723729184754465e-05,2.1851175775797276,0.0
FMO6P,5.707203950823136e-05,2.1797487383227745,0.0
AC005609.1,5.6957102445085676e-05,2.174379899065822,0.0
KRTAP13-3,5.693720153321305e-05,2.169011059808869,0.0
SDHAF1,5.6911157574472755e-05,2.1636422205519166,0.0
MAGEB4,5.6876344749522416e-05,2.158273381294964,0.0
DEFB105A,5.685232296364212e-05,2.1529045420380113,0.0
CLRN2,5.680273828276276e-05,2.1475357027810587,0.0
IFNA13,5.676261987741112e-05,2.1421668635241065,0.0
TMEM95,5.670616666540541e-05,2.1367980242671534,0.0
PIANP,5.667510913256978e-05,2.1314291850102007,0.0
IGSF6,5.655384131494671e-05,2.126060345753248,0.0
EFCAB10,5.6502293961685034e-05,2.1206915064962955,0.0
GUCA2A,5.6392642602635544e-05,2.115322667239343,0.0
RP11-144F15.1,5.6323610042853976e-05,2.10995382798239,0.0
SLFNL1,5.626714789923622e-05,2.1045849887254375,0.0
C13orf45,5.622603372046586e-05,2.099216149468485,0.0
LETM2,5.619325436249621e-05,2.0938473102115323,0.0
FAM132A,5.6180886475367376e-05,2.0884784709545796,0.0
C8orf58,5.615316676596964e-05,2.083109631697627,0.0
KIAA1257,5.603848433939571e-05,2.0777407924406743,0.0
KRTAP24-1,5.6023435794058564e-05,2.0723719531837217,0.0
AF196779.12,5.596068460127278e-05,2.067003113926769,0.0
RP11-867G23.8,5.5936317919504315e-05,2.0616342746698164,0.0
PRSS54,5.593400159769624e-05,2.0562654354128638,0.0
MDS2,5.586988079792915e-05,2.050896596155911,0.0
KCNMB1,5.585885994581491e-05,2.0455277568989585,0.0
MUC15,5.579606639080461e-05,2.040158917642006,0.0
TLX1NB,5.5708302598412665e-05,2.034790078385053,0.0
CGB,5.5534968699619475e-05,2.0294212391281006,0.0
C11orf40,5.5470377139047215e-05,2.024052399871148,0.0
SELRC1,5.5391163065615886e-05,2.0186835606141953,0.0
MSMP,5.537912766880349e-05,2.013314721357242,0.0
HENMT1,5.5378570478625084e-05,2.00794588210029,0.0
C11orf71,5.537009595658124e-05,2.0025770428433374,0.0
PDZD9,5.498823822695994e-05,1.9972082035863845,0.0
WDR16,5.49649003989264e-05,1.991839364329432,0.0
TEX35,5.495451270012545e-05,1.9864705250724795,0.0
MORN3,5.4930973701749686e-05,1.9811016858155266,0.0
MS4A4E,5.4888521369444844e-05,1.9757328465585742,0.0
ZNF695,5.4886110482565705e-05,1.9703640073016213,0.0
RP11-166B2.1,5.481227552899706e-05,1.9649951680446687,0.0
OLFML1,5.476483968642892e-05,1.9596263287877163,0.0
RP11-212D19.4,5.4691625134705024e-05,1.9542574895307634,0.0
AP000721.4,5.467811837732593e-05,1.9488886502738108,0.0
ZHX1-C8ORF76,5.457411355624074e-05,1.943519811016858,0.0
PCDH11Y,5.456530198349864e-05,1.9381509717599055,0.0
RTP1,5.449640913249229e-05,1.932782132502953,0.0
CIB4,5.442234667564314e-05,1.9274132932460002,0.0
C12orf77,5.407897547105162e-05,1.9220444539890476,0.0
C22orf26,5.404800842329719e-05,1.9166756147320951,0.0
NMUR1,5.403665128540473e-05,1.9113067754751423,0.0
APCDD1L,5.399695527159435e-05,1.9059379362181896,0.0
LAMP5,5.3967825838499744e-05,1.9005690969612368,0.0
SBP1,5.396218825465042e-05,1.8952002577042844,0.0
PLK5,5.3950846948854186e-05,1.8898314184473317,0.0
CARD17,5.393319181263745e-05,1.8844625791903789,0.0
PPM1N,5.3922658017429e-05,1.8790937399334264,0.0
TEX40,5.3805495372347306e-05,1.873724900676474,0.0
C3orf35,5.373733008715938e-05,1.868356061419521,0.0
RP11-298I3.5,5.3685721179625965e-05,1.8629872221625685,0.0
PRAMEF22,5.354310867900355e-05,1.8576183829056157,0.0
C15orf53,5.349152099765821e-05,1.8522495436486632,0.0
LGALS7B,5.339418829097179e-05,1.8468807043917106,0.0
AC093157.1,5.328485303231931e-05,1.8415118651347577,0.0
BEND4,5.326914671399481e-05,1.8361430258778053,0.0
CASP5,5.3062233612681745e-05,1.8307741866208527,0.0
SLC22A9,5.3061519977751095e-05,1.8254053473638998,0.0
GNG5P2,5.3045201609068095e-05,1.8200365081069474,0.0
TMEM81,5.296162821176609e-05,1.8146676688499945,0.0
C3orf72,5.2960078033325e-05,1.809298829593042,0.0
C1orf146,5.28771779461453e-05,1.8039299903360895,0.0
TMX2-CTNND1,5.280739196307237e-05,1.7985611510791366,0.0
AC018867.2,5.273487025429426e-05,1.7931923118221842,0.0
FAM159B,5.272244043453035e-05,1.7878234725652313,0.0
NIPSNAP3B,5.268261065059192e-05,1.7824546333082787,0.0
IL36B,5.268231883105607e-05,1.7770857940513263,0.0
LCE3B,5.266163478006428e-05,1.7717169547943734,0.0
C3orf70,5.2639218851411774e-05,1.7663481155374208,0.0
SLC22A25,5.2634917090117725e-05,1.7609792762804684,0.0
C1orf85,5.258919858993638e-05,1.7556104370235155,0.0
CDCA4,5.256240110948832e-05,1.7502415977665629,0.0
AC012123.1,5.255958950838178e-05,1.74487275850961,0.0
CTD-2207O23.12,5.254250558767541e-05,1.7395039192526576,0.0
CTD-2132N18.3,5.25298965932065e-05,1.734135079995705,0.0
C19orf80,5.251683122007696e-05,1.7287662407387523,0.0
TMEM116,5.250887575306032e-05,1.7233974014817997,0.0
FAM209A,5.250359896697477e-05,1.7180285622248472,0.0
C3orf18,5.2451132927125975e-05,1.7126597229678944,0.0
LGALS12,5.2431582329316664e-05,1.7072908837109417,0.0
C1QTNF6,5.213849443182609e-05,1.7019220444539889,0.0
APOL5,5.211804312060859e-05,1.6965532051970365,0.0
PRSS27,5.192747485324274e-05,1.6911843659400838,0.0
CCDC163P,5.192569065894129e-05,1.685815526683131,0.0
AC129492.6,5.177588947244414e-05,1.6804466874261785,0.0
C3orf55,5.1726072579201606e-05,1.6750778481692257,0.0
C1orf158,5.170479177281425e-05,1.669709008912273,0.0
TPRX1,5.1649917715547055e-05,1.6643401696553206,0.0
SBSPON,5.151937830212886e-05,1.6589713303983677,0.0
KRT38,5.151925141587898e-05,1.6536024911414153,0.0
DNAH10OS,5.148077497623625e-05,1.6482336518844627,0.0
DCDC2B,5.147514931961654e-05,1.6428648126275098,0.0
DAPL1,5.145759864247625e-05,1.6374959733705574,0.0
C5orf38,5.141037409088314e-05,1.6321271341136045,0.0
MFSD9,5.123568659537666e-05,1.626758294856652,0.0
C19orf35,5.10532374606572e-05,1.6213894555996995,0.0
SAC3D1,5.104693783484947e-05,1.6160206163427466,0.0
LRTM2,5.1043139790199075e-05,1.610651777085794,0.0
MANSC1,5.102657561828639e-05,1.6052829378288416,0.0
RP11-1105G2.3,5.100115858737013e-05,1.5999140985718887,0.0
TMEM225,5.0973782434505005e-05,1.5945452593149363,0.0
CTC-360G5.1,5.097212366708206e-05,1.5891764200579832,0.0
RP11-399J13.3,5.095476652383252e-05,1.5838075808010308,0.0
AC015989.2,5.086854472289295e-05,1.5784387415440784,0.0
TMEM196,5.083078744319952e-05,1.5730699022871255,0.0
MARCH4,5.080356939290269e-05,1.5677010630301729,0.0
FSCN3,5.06427882353084e-05,1.5623322237732202,0.0
GOT1L1,5.061930476483129e-05,1.5569633845162676,0.0
MMP10,5.053762588808654e-05,1.551594545259315,0.0
ZFP92,5.05291126965992e-05,1.5462257060023623,0.0
SLC46A2,5.046535820120839e-05,1.5408568667454097,0.0
LCE5A,5.044342033633098e-05,1.535488027488457,0.0
C5orf48,5.029464290101905e-05,1.5301191882315042,0.0
VASH2,5.028536019951877e-05,1.5247503489745518,0.0
CTD-2192J16.24,5.003392035324208e-05,1.519381509717599,0.0
LCE1F,5.001740362579831e-05,1.5140126704606465,0.0
TRIM49,4.983788355201705e-05,1.5086438312036936,0.0
SLURP1,4.9816364209698965e-05,1.5032749919467412,0.0
CTAGE6,4.980485276496799e-05,1.4979061526897886,0.0
CT62,4.97409458130006e-05,1.4925373134328357,0.0
C11orf45,4.961280960106416e-05,1.487168474175883,0.0
ISM1,4.9591579768810326e-05,1.4817996349189306,0.0
LHFPL1,4.9539130028013524e-05,1.476430795661978,0.0
LRRC10,4.947622989156952e-05,1.4710619564050251,0.0
SLAMF9,4.946469226615125e-05,1.4656931171480725,0.0
RBM14-RBM4,4.9285766399057396e-05,1.46032427789112,0.0
ALG1L,4.927102019126229e-05,1.4549554386341672,0.0
CST9,4.9208678738375434e-05,1.4495865993772146,0.0
PLCXD2,4.919841508961539e-05,1.444217760120262,0.0
AC018816.3,4.913669270511235e-05,1.4388489208633095,0.0
FAM19A3,4.9116478740032896e-05,1.4334800816063566,0.0
RP11-793H13.10,4.908229464665882e-05,1.428111242349404,0.0
PRSS58,4.900854450513296e-05,1.4227424030924514,0.0
OOEP,4.8991324966954603e-05,1.417373563835499,0.0
TCTE1,4.890763957086126e-05,1.412004724578546,0.0
RP11-201K10.3,4.888169838310392e-05,1.4066358853215934,0.0
C1orf227,4.884347311330042e-05,1.4012670460646408,0.0
GPR31,4.878208863312385e-05,1.3958982068076882,0.0
DLK2,4.8635693667346603e-05,1.3905293675507355,0.0
LCE1C,4.8576975784805954e-05,1.3851605282937829,0.0
GRIK1-AS2,4.851607243713333e-05,1.3797916890368302,0.0
PLA2G2C,4.8453639693546965e-05,1.3744228497798776,0.0
C1orf110,4.8439151427731534e-05,1.369054010522925,0.0
RBM43,4.84215368111763e-05,1.3636851712659723,0.0
KRTAP9-6,4.837855163353596e-05,1.3583163320090197,0.0
ARL13A,4.837373405312963e-05,1.3529474927520668,0.0
LCE1A,4.8369668290207573e-05,1.3475786534951144,0.0
HDHD1,4.83624051042138e-05,1.3422098142381618,0.0
APOL3,4.833516887385102e-05,1.3368409749812091,0.0
C15orf56,4.8324059142961674e-05,1.3314721357242563,0.0
TP53TG3D,4.829830394012473e-05,1.3261032964673038,0.0
C12orf68,4.8281168429491234e-05,1.3207344572103512,0.0
AC106876.2,4.8273204701797366e-05,1.3153656179533986,0.0
SMIM11,4.817337829779596e-05,1.3099967786964457,0.0
C1orf145,4.8137925284683654e-05,1.3046279394394933,0.0
C1orf86,4.808440738618575e-05,1.2992591001825406,0.0
C1orf229,4.8077773933907176e-05,1.2938902609255878,0.0
ZCCHC16,4.807723333249072e-05,1.2885214216686351,0.0
AL627171.2,4.800273839604756e-05,1.2831525824116827,0.0
DEFB129,4.794649143270006e-05,1.27778374315473,0.0
TAAR5,4.793526259171241e-05,1.2724149038977772,0.0
MAGEC3,4.7888044157657544e-05,1.2670460646408246,0.0
SPIN2A,4.787049283573022e-05,1.2616772253838722,0.0
C9orf153,4.7821554401393e-05,1.2563083861269193,0.0
RNF183,4.7804050510375144e-05,1.2509395468699667,0.0
ATP6C,4.7745832558106994e-05,1.245570707613014,0.0
FAM83A,4.7714657112275465e-05,1.2402018683560614,0.0
TMEM158,4.761534567501604e-05,1.2348330290991087,0.0
C8orf74,4.749238025566691e-05,1.229464189842156,0.0
TRAPPC2P1,4.74133775594301e-05,1.2240953505852035,0.0
PPAPDC2,4.736967618819432e-05,1.2187265113282508,0.0
C17orf98,4.714800120272436e-05,1.2133576720712982,0.0
METRN,4.711471114785902e-05,1.2079888328143455,0.0
PRSS57,4.70875740938981e-05,1.202619993557393,0.0
AC007390.5,4.700349383678663e-05,1.1972511543004403,0.0
AP000350.4,4.695562962063974e-05,1.1918823150434876,0.0
GAGE12J,4.689708428076431e-05,1.186513475786535,0.0
RP11-408E5.4,4.685081951349625e-05,1.1811446365295823,0.0
SMPDL3B,4.6795826150471345e-05,1.1757757972726295,0.0
TMEM200B,4.679370384103094e-05,1.170406958015677,0.0
PRAC1,4.668092847658002e-05,1.1650381187587244,0.0
C9orf135,4.6305052478452246e-05,1.1596692795017718,0.0
OR10X1,4.621112926662413e-05,1.154300440244819,0.0
WBP5,4.616067550383616e-05,1.1489316009878665,0.0
KRTAP1-4,4.613795469280619e-05,1.1435627617309139,0.0
AC022532.1,4.60570794174315e-05,1.1381939224739612,0.0
RP11-20I23.1,4.593703062004918e-05,1.1328250832170084,0.0
NPIPB7,4.593537582995846e-05,1.127456243960056,0.0
C1orf95,4.590255509705063e-05,1.1220874047031033,0.0
C19orf10,4.588799167497779e-05,1.1167185654461504,0.0
FADS6,4.5828393004506335e-05,1.1113497261891978,0.0
TMEM211,4.574968939147221e-05,1.1059808869322452,0.0
C21orf128,4.555059639142664e-05,1.1006120476752927,0.0
ARID3C,4.552415796194157e-05,1.0952432084183399,0.0
GOLGA8Q,4.5505359465941414e-05,1.0898743691613872,0.0
SRRM3,4.5403364645485924e-05,1.0845055299044346,0.0
OR2A42,4.5401573048855954e-05,1.079136690647482,0.0
OSTN,4.528846633274153e-05,1.0737678513905293,0.0
C9orf156,4.522956333307322e-05,1.0683990121335767,0.0
PTPLA,4.522164893791546e-05,1.063030172876624,0.0
KRTAP11-1,4.518235422292023e-05,1.0576613336196714,0.0
PPAPDC1B,4.51499236153119e-05,1.0522924943627188,0.0
FKBP1C,4.514334829469125e-05,1.0469236551057661,0.0
VSTM2A,4.502509984080712e-05,1.0415548158488135,0.0
CRYGN,4.498593983332718e-05,1.0361859765918608,0.0
CXorf36,4.497046752920594e-05,1.0308171373349082,0.0
RP11-404P21.8,4.4954178426006856e-05,1.0254482980779556,0.0
AC040160.1,4.486308338099717e-05,1.020079458821003,0.0
ZDHHC11B,4.482936500313193e-05,1.0147106195640503,0.0
VWC2,4.476200404970175e-05,1.0093417803070976,0.0
METTL20,4.4754176631867856e-05,1.003972941050145,0.0
VCX3A,4.474721243894751e-05,0.9986041017931923,0.0
SPINK8,4.473745755626897e-05,0.9932352625362397,0.0
C4orf40,4.467271480836119e-05,0.9878664232792871,0.0
ADM5,4.452002208967419e-05,0.9824975840223343,0.0
PRNT,4.445889457640598e-05,0.9771287447653817,0.0
CSTL1,4.434007985599484e-05,0.971759905508429,0.0
AP000889.3,4.4328037663994956e-05,0.9663910662514765,0.0
C8orf12,4.430433780390853e-05,0.9610222269945238,0.0
OR52B4,4.4282563487567933e-05,0.9556533877375711,0.0
TPPP2,4.4257435690509956e-05,0.9502845484806184,0.0
OVCH1-AS1,4.4248153523597095e-05,0.9449157092236659,0.0
ERO1L,4.422478962729961e-05,0.9395468699667132,0.0
SPRR3,4.421184929075922e-05,0.9341780307097605,0.0
C17orf50,4.42039477058819e-05,0.9288091914528078,0.0
FAM180B,4.412779450588993e-05,0.9234403521958553,0.0
FAM183B,4.403833474312077e-05,0.9180715129389027,0.0
KRTAP4-1,4.396875068680805e-05,0.9127026736819499,0.0
CXorf27,4.384181688518591e-05,0.9073338344249973,0.0
C15orf38,4.3841310543787526e-05,0.9019649951680447,0.0
LPPR5,4.37455037479075e-05,0.8965961559110921,0.0
RETNLB,4.373433226183668e-05,0.8912273166541393,0.0
RP11-712L6.5,4.3679036424523215e-05,0.8858584773971867,0.0
C8orf46,4.3665123361671846e-05,0.8804896381402342,0.0
C16orf78,4.362330577167642e-05,0.8751207988832814,0.0
AC011308.1,4.352371750388259e-05,0.8697519596263288,0.0
LCN10,4.3437847937845926e-05,0.8643831203693761,0.0
PSMB11,4.335465392973885e-05,0.8590142811124236,0.0
C12orf42,4.3224114261604876e-05,0.8536454418554709,0.0
GPR137C,4.3169940406695474e-05,0.8482766025985182,0.0
GDPD2,4.3059036957192876e-05,0.8429077633415655,0.0
BCL2L2-PABPN1,4.3025428860229056e-05,0.8375389240846128,0.0
XKRX,4.284524071798382e-05,0.8321700848276603,0.0
TMEM14E,4.280271460096884e-05,0.8268012455707077,0.0
AMN1,4.278304432629821e-05,0.8214324063137549,0.0
AL359736.1,4.2445348366789345e-05,0.8160635670568023,0.0
FAM163B,4.2333794366151325e-05,0.8106947277998497,0.0
FAM173B,4.2285011536788776e-05,0.805325888542897,0.0
KRTAP5-3,4.212412408921211e-05,0.7999570492859444,0.0
MGARP,4.203088039394387e-05,0.7945882100289916,0.0
VCX3B,4.202415776214964e-05,0.7892193707720392,0.0
ZNF487,4.188164182231083e-05,0.7838505315150864,0.0
GAGE10,4.1866864259779244e-05,0.7784816922581338,0.0
CST11,4.1752194712480625e-05,0.7731128530011812,0.0
CCL28,4.1685013438843095e-05,0.7677440137442285,0.0
GJC3,4.1667385984451946e-05,0.7623751744872759,0.0
NBPF4,4.161013642605021e-05,0.7570063352303232,0.0
KHDC1,4.155923788605307e-05,0.7516374959733706,0.0
SLC51B,4.1543156529426484e-05,0.7462686567164178,0.0
AL138764.1,4.1463148123229054e-05,0.7408998174594653,0.0
C7orf62,4.136988279469883e-05,0.7355309782025126,0.0
KIR3DL3,4.136841507906651e-05,0.73016213894556,0.0
IL36G,4.1353223707133115e-05,0.7247932996886073,0.0
C1QTNF4,4.1188906483206355e-05,0.7194244604316548,0.0
RPSAP58,4.1127434350864765e-05,0.714055621174702,0.0
C16orf90,4.108509827707589e-05,0.7086867819177495,0.0
MAGEB5,4.1014690742586946e-05,0.7033179426607967,0.0
PRKRIR,4.0933367916240086e-05,0.6979491034038441,0.0
SLC25A21-AS1,4.091973612202432e-05,0.6925802641468914,0.0
HIGD2B,4.082805258393036e-05,0.6872114248899388,0.0
SLMO1,4.081247035633556e-05,0.6818425856329862,0.0
PAGE2B,4.057358448943986e-05,0.6764737463760334,0.0
ART1,4.0403475348934896e-05,0.6711049071190809,0.0
AC004899.1,4.032024073779185e-05,0.6657360678621281,0.0
HTR5A-AS1,4.030871878456394e-05,0.6603672286051756,0.0
PARM1,4.0288501878310894e-05,0.6549983893482229,0.0
C10orf120,4.022989848162697e-05,0.6496295500912703,0.0
XRCC6BP1,4.0151139049225404e-05,0.6442607108343176,0.0
CD48,4.000983334335294e-05,0.638891871577365,0.0
KLK1,3.9878908367057164e-05,0.6335230323204123,0.0
NKX6-3,3.973730652160624e-05,0.6281541930634597,0.0
TPRX2P,3.972150696946853e-05,0.622785353806507,0.0
ITLN2,3.967489947791703e-05,0.6174165145495544,0.0
METTL12,3.966497201198841e-05,0.6120476752926017,0.0
NCR2,3.964314603337004e-05,0.6066788360356491,0.0
CLLU1,3.962272868949338e-05,0.6013099967786965,0.0
GDF5OS,3.9620500265254694e-05,0.5959411575217438,0.0
GPR62,3.9587562963626256e-05,0.5905723182647912,0.0
UCN3,3.954927592433859e-05,0.5852034790078385,0.0
HIST2H3PS2,3.954673399817129e-05,0.5798346397508859,0.0
C1orf213,3.95186478377961e-05,0.5744658004939333,0.0
MS4A13,3.950627783696189e-05,0.5690969612369806,0.0
FDXACB1,3.943761731314407e-05,0.563728121980028,0.0
CCL4L2,3.9374363128532905e-05,0.5583592827230752,0.0
GUCA1B,3.9370882147037524e-05,0.5529904434661226,0.0
C8orf31,3.9346453670336174e-05,0.5476216042091699,0.0
SLC10A6,3.924378952394052e-05,0.5422527649522173,0.0
RHOXF2B,3.9219210322320966e-05,0.5368839256952647,0.0
C20orf201,3.919654310640626e-05,0.531515086438312,0.0
DHRS7C,3.917351858447634e-05,0.5261462471813594,0.0
TMEM8C,3.913274336776862e-05,0.5207774079244067,0.0
SMIM4,3.913022266324307e-05,0.5154085686674541,0.0
RP11-998D10.1,3.911891327348174e-05,0.5100397294105015,0.0
CCDC81,3.9022738933731085e-05,0.5046708901535488,0.0
C1orf192,3.901381771577989e-05,0.49930205089659613,0.0
C1ORF220,3.888137064165201e-05,0.49393321163964354,0.0
C8orf47,3.8720888410159073e-05,0.48856437238269085,0.0
RP11-279O9.4,3.861384904807229e-05,0.48319553312573826,0.0
PI16,3.856092875415626e-05,0.47782669386878557,0.0
TMEM121,3.84931971549285e-05,0.47245785461183293,0.0
IGFBPL1,3.8231766453797335e-05,0.46708901535488023,0.0
MST4,3.8180553232529805e-05,0.46172017609792765,0.0
CABP7,3.814677628530346e-05,0.45635133684097495,0.0
CGB1,3.812547042513645e-05,0.45098249758402237,0.0
FAM92B,3.8122255706125855e-05,0.4456136583270697,0.0
ADAMDEC1,3.784957334652956e-05,0.4402448190701171,0.0
XXcos-LUCA11.5,3.7791939288054865e-05,0.4348759798131644,0.0
AC087645.1,3.7767234737299876e-05,0.4295071405562118,0.0
C14orf183,3.747286069263584e-05,0.4241383012992591,0.0
C4orf29,3.743571545065731e-05,0.4187694620423064,0.0
HES2,3.736675944696318e-05,0.41340062278535383,0.0
REP15,3.734472508458962e-05,0.40803178352840114,0.0
C22orf15,3.720762199759373e-05,0.4026629442714485,0.0
C1orf147,3.719533807552388e-05,0.3972941050144958,0.0
AL583828.1,3.710982409121196e-05,0.3919252657575432,0.0
SHF,3.689745085374212e-05,0.3865564265005906,0.0
PPAP2A,3.68663394570202e-05,0.38118758724363794,0.0
SLC25A47,3.685953136029368e-05,0.3758187479866853,0.0
AL445989.1,3.680128100117837e-05,0.37044990872973266,0.0
TEX33,3.6754313166015277e-05,0.36508106947278,0.0
COX6A1P2,3.662246696522932e-05,0.3597122302158274,0.0
C7orf57,3.657001681236413e-05,0.35434339095887474,0.0
PPIAL4G,3.6540863890197455e-05,0.34897455170192204,0.0
DNAJC25-GNG10,3.647899994651424e-05,0.3436057124449694,0.0
C8orf44,3.641443207480636e-05,0.3382368731880167,0.0
MAGEB17,3.6364720574432316e-05,0.33286803393106407,0.0
SPAG11A,3.614725447824498e-05,0.3274991946741114,0.0
RP11-1396O13.13,3.6141618597269456e-05,0.3221303554171588,0.0
SLC25A2,3.6141063154651646e-05,0.31676151616020615,0.0
C7orf65,3.6072813503827144e-05,0.3113926769032535,0.0
PAGE5,3.6050691561400955e-05,0.30602383764630087,0.0
AQP12B,3.604657133778591e-05,0.3006549983893482,0.0
ZBED2,3.604208549441322e-05,0.2952861591323956,0.0
C9orf37,3.5892139696453035e-05,0.28991731987544295,0.0
NUTM2D,3.588056001238518e-05,0.2845484806184903,0.0
OR56B3P,3.5684867845278286e-05,0.2791796413615376,0.0
C2orf53,3.542077380996234e-05,0.27381080210458497,0.0
FAM221B,3.515506024023676e-05,0.26844196284763233,0.0
KLF17,3.5151032897586405e-05,0.2630731235906797,0.0
OTOR,3.514328937267937e-05,0.25770428433372705,0.0
ACTRT1,3.496134197046546e-05,0.2523354450767744,0.0
METTL21C,3.4525329926105295e-05,0.24696660581982177,0.0
SSX4B,3.4499317644188455e-05,0.24159776656286913,0.0
PLA2G2E,3.438001046145825e-05,0.23622892730591646,0.0
AC104534.3,3.407784917978622e-05,0.23086008804896382,0.0
C2orf50,3.400624308281061e-05,0.22549124879201118,0.0
TEX26,3.3859181202930674e-05,0.22012240953505854,0.0
RP5-1052I5.2,3.368796200574753e-05,0.2147535702781059,0.0
CLDN8,3.3636812205845834e-05,0.2093847310211532,0.0
LRIT3,3.339526886070127e-05,0.20401589176420057,0.0
C12orf61,3.331988120454546e-05,0.1986470525072479,0.0
C15orf65,3.2993145778973095e-05,0.1932782132502953,0.0
HSD3B1,3.2992817274423415e-05,0.18790937399334265,0.0
CXorf66,3.264776818677308e-05,0.18254053473639,0.0
RP11-683L23.1,3.245123588847245e-05,0.17717169547943737,0.0
C17orf64,3.2397454593340925e-05,0.1718028562224847,0.0
C12orf66,3.233071474749209e-05,0.16643401696553203,0.0
C11orf72,3.2298174907421955e-05,0.1610651777085794,0.0
MYCT1,3.228054607669143e-05,0.15569633845162675,0.0
AC079210.1,3.209866003181088e-05,0.1503274991946741,0.0
RP11-1220K2.2,3.204843996018128e-05,0.14495865993772147,0.0
CLDN17,3.161703984585802e-05,0.1395898206807688,0.0
TNFAIP8L3,3.1497912546784746e-05,0.13422098142381617,0.0
RP11-211G3.3,3.1323693340229025e-05,0.12885214216686353,0.0
PRR18,3.131272298774203e-05,0.12348330290991089,0.0
C11orf16,3.128889568133586e-05,0.11811446365295823,0.0
PLA2G2D,3.1249125175293936e-05,0.11274562439600559,0.0
CEACAM4,3.082203163120113e-05,0.10737678513905295,0.0
LINC00696,2.9836786641032478e-05,0.10200794588210028,0.0
FAM166B,2.978661016089562e-05,0.09663910662514764,0.0
CXorf40B,2.965723498063334e-05,0.091270267368195,0.0
C7orf69,2.944416631100269e-05,0.08590142811124235,0.0
ANXA8L2,2.9380175278336977e-05,0.0805325888542897,0.0
AC003101.1,2.8754215781901237e-05,0.07516374959733706,0.0
RP11-89K11.1,2.861593785271852e-05,0.0697949103403844,0.0
C1orf210,2.859540367145675e-05,0.06442607108343176,0.0
AKR7L,2.8186772277360077e-05,0.059057231826479116,0.0
C17orf100,2.791202614224315e-05,0.053688392569526476,0.0
FAM181A,2.7911660487045574e-05,0.04831955331257382,0.0
LCN8,2.7238513302674663e-05,0.042950714055621175,0.0
FAM110D,2.6489739607753287e-05,0.03758187479866853,0.0
TMEM178A,2.6041757893534972e-05,0.03221303554171588,0.0
CREG2,2.5622719772118954e-05,0.026844196284763238,0.0
C16orf98,2.528038434976551e-05,0.021475357027810588,0.0
FABP12,2.5165026905712942e-05,0.01610651777085794,0.0
TMEM136,2.5107515867303226e-05,0.010737678513905294,0.0
RP11-113D6.6,2.295811482852155e-05,0.005368839256952647,0.0
