Gene_Name,mantis_ml_proba,mantis_ml_perc,known_gene
IFT140,0.9560515271765279,100.0,1.0
RPGRIP1,0.9481268242339668,99.99463116074305,1.0
BBS1,0.9406653998778999,99.9892623214861,1.0
USH1C,0.9367963966809307,99.98389348222915,1.0
NPHP1,0.9347737518125973,99.97852464297219,1.0
IFT122,0.9327141443596312,99.97315580371524,1.0
AHI1,0.9307517619660471,99.96778696445828,1.0
PDE6B,0.9302026472876089,99.96241812520134,1.0
PROM1,0.9276062101185673,99.95704928594438,1.0
BBS2,0.927313718723234,99.95168044668743,1.0
SPATA7,0.9191919495757359,99.94631160743047,1.0
MKKS,0.9185825320512819,99.94094276817353,1.0
GNAT2,0.914619474714302,99.93557392891657,1.0
USH1G,0.9131450951069131,99.93020508965962,1.0
BBS7,0.9110487616577104,99.92483625040266,1.0
RP1,0.9104973789023613,99.91946741114572,1.0
RHO,0.9059837725308878,99.91409857188876,1.0
ABCA4,0.9043872081515759,99.90872973263181,1.0
BBS10,0.9037025627705628,99.90336089337485,1.0
TULP3,0.9022530920060332,99.8979920541179,0.0
NPHP4,0.899197020095917,99.89262321486095,1.0
CEP290,0.8965711451247169,99.887254375604,1.0
MERTK,0.8955027281746032,99.88188553634704,1.0
WDR19,0.8944453377156864,99.8765166970901,1.0
IFT57,0.8932444444444444,99.87114785783314,0.0
CCDC66,0.8916107142857144,99.86577901857618,0.0
ARL6,0.8908967337712789,99.86041017931923,1.0
RPGRIP1L,0.8895377080944391,99.85504134006227,1.0
OPN4,0.8888154761904763,99.84967250080533,0.0
USH2A,0.8879569337304306,99.84430366154837,1.0
CDON,0.8879349206349205,99.83893482229142,0.0
PDE6A,0.8828793850380386,99.83356598303446,1.0
BBS4,0.8826831992933565,99.82819714377752,1.0
ARHGEF15,0.8802285714285712,99.82282830452056,0.0
TULP1,0.8797722134486102,99.81745946526361,1.0
B9D1,0.8782665499916208,99.81209062600665,1.0
TUB,0.8770177115091872,99.8067217867497,1.0
LAMB2,0.876775,99.80135294749275,0.0
RDH12,0.8744904692110622,99.7959841082358,1.0
ROM1,0.8730181045551126,99.79061526897884,1.0
CNGB1,0.8726798448235019,99.7852464297219,1.0
RGS9,0.8704357142857143,99.77987759046493,0.0
IFT172,0.8691660432061726,99.77450875120799,1.0
TRAF3IP1,0.8671161473581743,99.76913991195103,1.0
PCDH15,0.8653291454343114,99.76377107269408,1.0
PDE6G,0.8644696343643717,99.75840223343712,1.0
GNAT1,0.8644357142857142,99.75303339418018,0.0
CC2D2A,0.864319829199107,99.74766455492322,1.0
AIPL1,0.8600456458270948,99.74229571566627,1.0
WDR35,0.8593007936507936,99.73692687640931,0.0
MYO7A,0.8567638212936938,99.73155803715237,1.0
TSPAN12,0.8532656265428314,99.72618919789541,1.0
FZD6,0.8522769841269842,99.72082035863846,0.0
RPE65,0.8509968993619935,99.71545151938152,1.0
CNGA3,0.8462275914210439,99.71008268012456,1.0
CNGB3,0.8447525951924232,99.70471384086761,1.0
MFRP,0.8436321019701556,99.69934500161065,1.0
POMGNT1,0.8412047424490224,99.6939761623537,1.0
TTC8,0.8406605217046943,99.68860732309675,1.0
STRA6,0.8388666666666665,99.6832384838398,0.0
FAM161A,0.8386397592785476,99.67786964458284,1.0
WDPCP,0.8373017219672614,99.6725008053259,1.0
MKS1,0.8368908176932499,99.66713196606894,1.0
CDH23,0.8368525206587003,99.66176312681199,1.0
CABP4,0.833506927075187,99.65639428755503,1.0
NEUROD1,0.8326571428571427,99.65102544829809,0.0
BMPER,0.8302229437229437,99.64565660904113,0.0
SDC4,0.8297551820728291,99.64028776978418,0.0
TGIF2,0.829502380952381,99.63491893052722,0.0
PTN,0.8273178571428572,99.62955009127027,0.0
PFDN5,0.8251391774891775,99.62418125201332,0.0
LPCAT1,0.8221912698412698,99.61881241275637,0.0
POMT1,0.8220539278536227,99.61344357349941,1.0
JMJD6,0.8203571428571429,99.60807473424246,0.0
PDGFRB,0.8198287128712872,99.6027058949855,0.0
CLN8,0.8197596560846561,99.59733705572856,0.0
NAGLU,0.817482011935209,99.5919682164716,0.0
IMPDH1,0.8173114040246537,99.58659937721464,1.0
BBS12,0.8167313076334709,99.5812305379577,1.0
CDHR1,0.8165540958357703,99.57586169870073,1.0
RPGR,0.8163284753098241,99.57049285944379,1.0
GPD2,0.8129166666666668,99.56512402018683,0.0
SERPINF1,0.8127535714285713,99.55975518092988,0.0
SAG,0.8114304229833429,99.55438634167292,1.0
IFT52,0.8105238095238094,99.54901750241598,0.0
RLBP1,0.8105154081496114,99.54364866315902,1.0
ERCC6,0.8103081299605724,99.53827982390207,1.0
MDM1,0.8095003968253968,99.53291098464511,0.0
RHOJ,0.808656746031746,99.52754214538817,0.0
GRK1,0.80665,99.52217330613121,0.0
MED1,0.8063190476190476,99.51680446687426,0.0
RP2,0.8058785461983493,99.5114356276173,1.0
LAMC3,0.8052265873015874,99.50606678836036,0.0
POU4F2,0.8051309523809523,99.5006979491034,0.0
OPN1SW,0.8046612020614211,99.49532910984645,1.0
LRP6,0.8036809523809524,99.48996027058949,0.0
SDK2,0.8028238095238095,99.48459143133255,0.0
PLOD3,0.802562950058072,99.47922259207559,0.0
NDUFB9,0.8024513605442177,99.47385375281864,0.0
PCNT,0.8014539682539683,99.46848491356168,0.0
NR2E1,0.8001535714285716,99.46311607430474,0.0
SMO,0.7991873236692385,99.45774723504778,0.0
IFT88,0.7988540485724297,99.45237839579083,1.0
TTC26,0.7985666666666668,99.44700955653387,0.0
CYP1B1,0.7981023939958746,99.44164071727693,1.0
RDH13,0.7975940476190476,99.43627187801998,0.0
FZD4,0.7973492920182446,99.43090303876302,1.0
TRPM1,0.7964542354368469,99.42553419950607,1.0
HIF1A,0.796375,99.42016536024911,0.0
NDUFS6,0.796098445998446,99.41479652099217,0.0
GUCY2D,0.7938156764153955,99.40942768173521,1.0
CLUAP1,0.7931095238095237,99.40405884247826,0.0
IFT27,0.7925078367862277,99.3986900032213,1.0
EPHA2,0.7925000000000001,99.39332116396436,0.0
MYH10,0.7924650793650794,99.3879523247074,0.0
GUCY2F,0.7908735653235652,99.38258348545045,0.0
OPN1LW,0.7895274770219168,99.3772146461935,1.0
ITGA8,0.7894611111111111,99.37184580693655,0.0
SLC17A8,0.7893238095238095,99.36647696767959,0.0
UNC45A,0.7889523857531089,99.36110812842264,0.0
BBS5,0.7885280401519871,99.35573928916568,1.0
NDUFS1,0.7871368557512074,99.35037044990874,1.0
RDH11,0.7870365598713014,99.34500161065178,1.0
DVL2,0.7868070621468928,99.33963277139483,0.0
BMPR2,0.7867452380952381,99.33426393213787,0.0
NPHP3,0.785640975125624,99.32889509288091,1.0
IL4,0.7854254689754692,99.32352625362397,0.0
TCTN2,0.7854221055501216,99.31815741436701,1.0
CLCN2,0.7842388888888889,99.31278857511006,0.0
SDHB,0.7838165680124859,99.3074197358531,1.0
CALB1,0.7836809523809525,99.30205089659616,0.0
GRM6,0.780752380952381,99.2966820573392,0.0
LAMA2,0.7802595238095239,99.29131321808225,0.0
TFAP2B,0.7800964285714285,99.28594437882529,0.0
GUCA1A,0.7790958751157858,99.28057553956835,1.0
BAX,0.7788023399014778,99.27520670031139,0.0
CLIC4,0.778413492063492,99.26983786105444,0.0
TFAP2A,0.7781387555711224,99.26446902179748,1.0
MCOLN3,0.7779464285714286,99.25910018254054,0.0
THY1,0.7774863636363636,99.25373134328358,0.0
PAX6,0.7766594730253358,99.24836250402663,1.0
COL9A1,0.7761530890623605,99.24299366476967,1.0
TH,0.7759145658263306,99.23762482551273,0.0
PDHX,0.7758789186507936,99.23225598625577,0.0
IFT74,0.7757653983443457,99.22688714699882,0.0
ARR3,0.7751113636363637,99.22151830774186,0.0
NDUFB8,0.7737962392661982,99.21614946848491,0.0
NDUFV2,0.7733126871055476,99.21078062922795,1.0
PDC,0.7731928571428572,99.20541178997101,0.0
BMPR1B,0.7720642857142856,99.20004295071405,0.0
KIF7,0.7718012605042016,99.1946741114571,0.0
PHACTR4,0.7714896104716551,99.18930527220014,0.0
NRP1,0.7714702380952381,99.1839364329432,0.0
TGFBI,0.7711157142857143,99.17856759368624,0.0
ARL3,0.7711079733537328,99.1731987544293,1.0
BBS9,0.7696884349580738,99.16782991517235,1.0
IFT80,0.7696209162612413,99.16246107591539,0.0
PKNOX1,0.768617316017316,99.15709223665844,0.0
INVS,0.766670184637132,99.15172339740148,1.0
TTC21B,0.7661578900230669,99.14635455814454,1.0
SELE,0.7661127819548872,99.14098571888758,0.0
KIF27,0.7656023809523809,99.13561687963063,0.0
KLF4,0.7645119047619048,99.13024804037367,0.0
NDUFV1,0.7638781040462045,99.12487920111673,1.0
NXNL2,0.763825,99.11951036185977,0.0
CLCC1,0.7632044871794872,99.11414152260282,0.0
RS1,0.7631310150663353,99.10877268334586,1.0
DVL1,0.7629464368964368,99.10340384408892,0.0
CROCC,0.7626428571428571,99.09803500483196,0.0
PPT2,0.7625837301587302,99.09266616557501,0.0
WNT5A,0.7624414941338854,99.08729732631805,0.0
FREM2,0.7623345238095238,99.0819284870611,0.0
SLC7A11,0.7622766898005611,99.07655964780415,0.0
OTOF,0.7615452380952382,99.0711908085472,0.0
PTGS1,0.761477398115681,99.06582196929024,0.0
ATG5,0.7604460180063838,99.0604531300333,0.0
ATP8A2,0.7600749999999998,99.05508429077634,0.0
MBD4,0.759650786825787,99.04971545151938,0.0
MIP,0.7588460868287317,99.04434661226243,0.0
CEP135,0.7578785714285715,99.03897777300547,0.0
PROX1,0.7574833333333333,99.03360893374852,0.0
DNAH5,0.7565440476190476,99.02824009449157,0.0
SOX9,0.7564531746031745,99.02287125523462,0.0
SLX4,0.7563130411255412,99.01750241597766,0.0
CDK5RAP2,0.7557555555555556,99.01213357672071,0.0
IFT46,0.7554357170144157,99.00676473746375,0.0
DYNC2H1,0.75435,99.00139589820681,0.0
CRB1,0.7537596985177211,98.99602705894985,1.0
AGL,0.7535815789473684,98.9906582196929,0.0
STAT3,0.7530271839683277,98.98528938043594,1.0
PEX13,0.7527891867817915,98.979920541179,1.0
SDCCAG8,0.7526872675004095,98.97455170192204,1.0
TMC1,0.752108174449664,98.9691828626651,0.0
COL4A1,0.7520532853198671,98.96381402340813,1.0
PSEN1,0.7518345238095238,98.95844518415119,0.0
JAG2,0.7511422677982085,98.95307634489423,0.0
CNGA1,0.7508915448726029,98.94770750563728,1.0
PDE6D,0.7507224192821195,98.94233866638032,1.0
SMARCA4,0.7503785714285715,98.93696982712338,0.0
CENPJ,0.750199761904762,98.93160098786642,0.0
AGTPBP1,0.7501056808688388,98.92623214860947,0.0
VAX2,0.7499007936507937,98.92086330935251,0.0
GUSB,0.7495878968253968,98.91549447009557,0.0
TCTN1,0.7494657925239062,98.9101256308386,0.0
RGS9BP,0.7494275306978138,98.90475679158166,0.0
FSCN2,0.7492256571922955,98.8993879523247,1.0
GNGT1,0.7488738095238096,98.89401911306776,0.0
JAG1,0.7486174651894579,98.88865027381081,1.0
CEP164,0.748564350378054,98.88328143455385,1.0
TWSG1,0.7484360236454515,98.8779125952969,0.0
DDC,0.7476059523809524,98.87254375603995,0.0
RBP3,0.7475330078702608,98.867174916783,1.0
IQCB1,0.7474820915253501,98.86180607752604,1.0
SLC26A5,0.7468580779191825,98.8564372382691,0.0
NTRK2,0.7463642857142857,98.85106839901214,0.0
NDP,0.7461340985446199,98.84569955975519,1.0
GLI3,0.7453952380952382,98.84033072049823,0.0
DHRS3,0.7453005602240895,98.83496188124128,0.0
SOS1,0.7450817496229261,98.82959304198432,0.0
CCP110,0.7450180409133351,98.82422420272738,0.0
SEC24B,0.7444698179271708,98.81885536347042,0.0
NDUFS4,0.7437953328007416,98.81348652421347,1.0
TGFB2,0.7435619408369407,98.80811768495651,0.0
KRT12,0.743263528138528,98.80274884569957,0.0
LRIG3,0.7431828947368422,98.79738000644261,0.0
DSCAM,0.7429912698412697,98.79201116718565,0.0
PSEN2,0.7429308566350333,98.7866423279287,0.0
BCKDHB,0.7411739285714287,98.78127348867174,0.0
DDR1,0.7410051587301586,98.7759046494148,0.0
NDUFA5,0.7404132927571249,98.77053581015784,0.0
MTHFD2,0.7401704991369762,98.76516697090089,0.0
MAN2A1,0.7397940476190474,98.75979813164393,0.0
LRP5,0.7397043671686525,98.75442929238699,1.0
RARG,0.7390885281385282,98.74906045313003,0.0
B9D2,0.7389885156574026,98.74369161387308,1.0
AXIN1,0.7389773226773227,98.73832277461612,0.0
SOD1,0.7388417008061319,98.73295393535918,0.0
PDGFRA,0.7386720713926596,98.72758509610222,0.0
TBCE,0.7384978614522733,98.72221625684527,0.0
NDUFA8,0.7384199100805032,98.71684741758831,0.0
NUBP1,0.73784527944675,98.71147857833137,0.0
FOXN4,0.7373857142857142,98.7061097390744,0.0
HSPB11,0.7373427536231885,98.70074089981746,0.0
RBP1,0.7372647104247103,98.6953720605605,0.0
COL5A2,0.7372192810457516,98.69000322130356,0.0
HOXA2,0.7368654990842491,98.6846343820466,0.0
PFAS,0.7368523809523809,98.67926554278965,0.0
GPR98,0.7367873015873015,98.67389670353269,0.0
ATP8B1,0.7365788961038962,98.66852786427575,0.0
MYO5A,0.7360871192427635,98.66315902501879,1.0
SKI,0.7359285714285715,98.65779018576184,0.0
ADSL,0.7358922562087036,98.65242134650488,0.0
KDM2B,0.735625,98.64705250724793,0.0
SLITRK6,0.7351469191919192,98.64168366799097,0.0
RD3,0.7349744801951453,98.63631482873403,1.0
ABCA1,0.7348259441707716,98.63094598947707,0.0
KIF14,0.7347676406926408,98.62557715022012,0.0
BMP2,0.7347023809523809,98.62020831096316,0.0
CACNA1F,0.7345497928719923,98.61483947170622,1.0
MPV17,0.7343583333333333,98.60947063244927,0.0
TTBK2,0.73335,98.60410179319231,0.0
GLI2,0.7333416666666667,98.59873295393537,0.0
OSR2,0.733109052059052,98.59336411467841,0.0
BOC,0.7330932900432902,98.58799527542146,0.0
PEX5,0.7326663961135584,98.5826264361645,1.0
TMEM231,0.7323124158256652,98.57725759690756,1.0
HIPK2,0.7322261904761904,98.5718887576506,0.0
MCCC2,0.7321986291486291,98.56651991839365,0.0
CEP250,0.7319559523809522,98.56115107913669,0.0
KIT,0.7319182539682539,98.55578223987975,0.0
IFT43,0.7312388888888889,98.55041340062279,0.0
GBP2,0.7311804362304363,98.54504456136584,0.0
PAX2,0.7311321459957715,98.53967572210888,1.0
ARL13B,0.7311178190667474,98.53430688285194,1.0
ALDH1A2,0.7308999999999999,98.52893804359498,0.0
ITGA7,0.730741865079365,98.52356920433803,0.0
HTT,0.7304888888888889,98.51820036508107,0.0
COL5A1,0.7300444444444444,98.51283152582411,0.0
CRYGS,0.7300331051369044,98.50746268656717,0.0
IFT20,0.7291607142857143,98.5020938473102,0.0
CRYAB,0.7289932695192596,98.49672500805326,0.0
EML2,0.728877855123273,98.4913561687963,0.0
TTLL5,0.7287028187751842,98.48598732953934,1.0
ALDH1A3,0.7286999999999999,98.4806184902824,0.0
OAT,0.7286593193086933,98.47524965102545,1.0
HEXB,0.7284785714285714,98.46988081176849,0.0
GRK7,0.7284580952380952,98.46451197251154,0.0
DPCD,0.7283752221462747,98.45914313325459,0.0
RIC8A,0.7280676039646627,98.45377429399764,0.0
FRS2,0.7279613247863247,98.44840545474068,0.0
LHX2,0.7278535714285714,98.44303661548373,0.0
RORB,0.727197619047619,98.43766777622677,0.0
ZEB1,0.727061111111111,98.43229893696983,0.0
TOPORS,0.7269743395971814,98.42693009771287,1.0
ACSL5,0.7266024514150203,98.42156125845592,0.0
RBP4,0.7264157326236822,98.41619241919896,1.0
COL4A3,0.7263746336996337,98.41082357994202,0.0
MMADHC,0.7263590331700407,98.40545474068506,0.0
FAT4,0.7261787878787878,98.40008590142811,0.0
FGFR3,0.7258219298245613,98.39471706217115,0.0
CTNS,0.7256260406629457,98.38934822291421,1.0
ICAM1,0.7254940065681446,98.38397938365725,0.0
DRD4,0.7253940476190477,98.3786105444003,0.0
C2CD3,0.7253857142857142,98.37324170514334,0.0
VANGL2,0.7250155749340355,98.3678728658864,0.0
NID1,0.7247017665130568,98.36250402662944,0.0
RINT1,0.7239691522293227,98.35713518737249,0.0
PSAP,0.7238636363636364,98.35176634811553,0.0
CELSR1,0.7235309523809524,98.34639750885859,0.0
DLL1,0.7234761204481793,98.34102866960163,0.0
HIPK1,0.7233454576156704,98.33565983034468,0.0
STAMBP,0.7225150442984353,98.33029099108774,0.0
BFSP1,0.7221171428571431,98.32492215183078,0.0
NDUFS8,0.7219538026826144,98.31955331257383,1.0
ARID1A,0.7217797619047619,98.31418447331687,0.0
NRL,0.7217515291317662,98.30881563405993,1.0
ODF2,0.721727380952381,98.30344679480297,0.0
FZD5,0.7215804834054833,98.29807795554602,0.0
CRX,0.7215656756787714,98.29270911628906,1.0
SIX3,0.7214773809523811,98.28734027703211,0.0
PARD3,0.7211562273188628,98.28197143777516,0.0
SALL1,0.7207348175177839,98.27660259851821,1.0
KIDINS220,0.720590343915344,98.27123375926125,0.0
CASP2,0.7201378239710855,98.2658649200043,0.0
LRIG2,0.7199553506150069,98.26049608074734,0.0
RXRA,0.7195333333333334,98.25512724149038,0.0
BMP4,0.7195097707655755,98.24975840223344,1.0
ITGB4,0.7189725158484446,98.24438956297648,0.0
VSX2,0.7188635964912281,98.23902072371953,0.0
EPHB1,0.718142084942085,98.23365188446257,0.0
PTPN23,0.7178210678210678,98.22828304520563,0.0
CTNNB1,0.7175220356839451,98.22291420594867,1.0
CTHRC1,0.7173117063492062,98.21754536669172,0.0
INTU,0.7172527056277056,98.21217652743476,0.0
EPAS1,0.7163952850315753,98.2068076881778,0.0
RARB,0.7160717948717948,98.20143884892086,0.0
TIMM50,0.715887935762957,98.19607000966391,0.0
CHD7,0.7158386614794576,98.19070117040695,1.0
KRT10,0.7156900793650793,98.18533233115001,0.0
DNM1,0.7156249915052667,98.17996349189305,0.0
RCVRN,0.7152202380952382,98.1745946526361,0.0
FBN2,0.7147083333333333,98.16922581337914,0.0
PGAP1,0.7139688886000747,98.1638569741222,1.0
PROM2,0.7138928571428572,98.15848813486524,0.0
EPHB2,0.7138920634920635,98.15311929560829,0.0
PEX1,0.7138823701780214,98.14775045635133,1.0
LPL,0.7131684037536682,98.14238161709439,1.0
GJA8,0.7128150793650795,98.13701277783743,0.0
IFT81,0.7127333333333334,98.13164393858048,0.0
NOTCH1,0.7124345238095238,98.12627509932352,0.0
SMOC1,0.7122980373230372,98.12090626006658,0.0
F11R,0.7118519204565452,98.11553742080962,0.0
C5orf42,0.7118404761904762,98.11016858155267,0.0
SOAT1,0.7118359962406015,98.10479974229571,0.0
CACNB2,0.7118183529114563,98.09943090303877,0.0
ACADVL,0.7110454901960784,98.0940620637818,0.0
LDLR,0.7110379901960784,98.08869322452486,0.0
TOR1AIP1,0.710670029200483,98.0833243852679,0.0
ALMS1,0.710483004986876,98.07795554601095,1.0
KERA,0.7104119663637813,98.072586706754,0.0
SDC1,0.7102571428571428,98.06721786749705,0.0
ERCC2,0.7101903287690324,98.06184902824009,1.0
GRK4,0.7099380952380953,98.05648018898314,0.0
COL11A1,0.7098670715416863,98.0511113497262,1.0
TGFBR2,0.7097693371378403,98.04574251046924,0.0
MEGF11,0.7092515151515151,98.0403736712123,0.0
ESPN,0.7088870199692779,98.03500483195533,0.0
GNB1,0.7086166666666667,98.02963599269839,0.0
ICA1,0.7085752502017757,98.02426715344143,0.0
TRPA1,0.7084931077694236,98.01889831418448,0.0
NOX3,0.7084355483632231,98.01352947492752,0.0
PAX8,0.70819649122807,98.00816063567058,0.0
LHFPL5,0.7081828828034709,98.00279179641362,0.0
INPP5E,0.7081349609712608,97.99742295715667,1.0
CLN6,0.7079416503740857,97.99205411789971,1.0
NCOA6,0.7075285714285714,97.98668527864277,0.0
SLC24A1,0.7074619536718214,97.98131643938581,0.0
DBH,0.7072265151515154,97.97594760012885,0.0
ALKBH1,0.7071707421967659,97.9705787608719,0.0
FRAS1,0.7063176046176045,97.96520992161494,0.0
CIB2,0.7062434881918405,97.959841082358,1.0
MLH1,0.7059710854751973,97.95447224310104,0.0
MBTPS1,0.7058410243407707,97.94910340384408,0.0
NTRK3,0.7058013027852651,97.94373456458713,0.0
SDHA,0.704997651919537,97.93836572533017,1.0
ARL2,0.7049681582306583,97.93299688607323,0.0
DZIP1L,0.7047254891774892,97.92762804681627,0.0
NDUFB4,0.7043766108005471,97.92225920755932,0.0
CRYBA1,0.7042715942688161,97.91689036830238,0.0
MYO3A,0.7037069353429446,97.91152152904542,0.0
NOS1,0.7035547619047618,97.90615268978847,0.0
HES1,0.7033186147186147,97.90078385053151,0.0
ASXL1,0.7032047416209057,97.89541501127457,1.0
COL4A2,0.7027749999999999,97.8900461720176,0.0
SLC4A7,0.7023351224174693,97.88467733276066,0.0
GPI,0.7022952219878812,97.8793084935037,0.0
DPH1,0.7022738095238095,97.87393965424675,0.0
CCM2,0.7022691992689446,97.8685708149898,0.0
FHOD1,0.7022109393444533,97.86320197573285,0.0
HMCN1,0.7017543650793651,97.85783313647589,0.0
OSR1,0.7016757326007326,97.85246429721894,0.0
SUN1,0.7012873015873016,97.84709545796198,0.0
GPX1,0.7011547619047619,97.84172661870504,0.0
PYGO2,0.7010655812786248,97.83635777944808,0.0
PPT1,0.7004844627747839,97.83098894019113,1.0
PITX3,0.7002065503337243,97.82562010093417,0.0
SCARB2,0.7001125193116462,97.82025126167723,0.0
COCH,0.6999380298448775,97.81488242242027,1.0
DMD,0.6998714285714286,97.80951358316332,0.0
LUZP1,0.6991868440039493,97.80414474390636,0.0
ERCC8,0.6991230364561791,97.79877590464942,1.0
CYP17A1,0.6989326693491379,97.79340706539246,0.0
BCL11B,0.6988420995670996,97.78803822613551,0.0
IVD,0.6985984126984127,97.78266938687857,0.0
PTCH1,0.6985740634635205,97.7773005476216,1.0
RDH5,0.6983874411466715,97.77193170836466,0.0
ATP6V1B1,0.6982751270635417,97.7665628691077,0.0
SAV1,0.698101143685106,97.76119402985076,0.0
CD44,0.6980178042028395,97.7558251905938,0.0
CPT1B,0.6976816696938399,97.75045635133685,0.0
SYNE1,0.6970005868544601,97.74508751207989,0.0
IQGAP2,0.6967722222222223,97.73971867282295,0.0
PTK7,0.6966964285714285,97.73434983356599,0.0
PRKCI,0.6964226551226551,97.72898099430904,0.0
BMS1,0.6964200244200244,97.72361215505208,0.0
ECE2,0.696327908714093,97.71824331579512,0.0
TBC1D20,0.6962337966676054,97.71287447653818,1.0
BFSP2,0.6961223877046738,97.70750563728122,0.0
SOX7,0.6959698579198579,97.70213679802427,0.0
SLC17A7,0.6958083333333333,97.69676795876731,0.0
LAMA4,0.6958011904761905,97.69139911951036,0.0
HESX1,0.6958007326007325,97.6860302802534,0.0
SP3,0.6955892857142858,97.68066144099646,0.0
PIK3C3,0.6954346153846153,97.6752926017395,0.0
SUPT20H,0.6953626109626111,97.66992376248254,0.0
COX7C,0.6953106511457042,97.6645549232256,0.0
SLC26A4,0.6948003672258038,97.65918608396863,1.0
ABCB5,0.6944988095238096,97.65381724471169,0.0
NDUFB1,0.694322162258673,97.64844840545473,0.0
PDCL,0.6936289753338218,97.64307956619778,0.0
MAP1B,0.6932357142857143,97.63771072694084,0.0
MEIS2,0.6931313492063492,97.63234188768388,0.0
DLX5,0.6929843537414966,97.62697304842693,0.0
KRT14,0.6927620187560978,97.62160420916997,0.0
HSD17B4,0.69265288245582,97.61623536991303,1.0
MAF,0.6920892857142859,97.61086653065607,0.0
C3orf38,0.6920434091543408,97.60549769139912,0.0
ATP6V0A4,0.6917595125100642,97.60012885214216,0.0
RP1L1,0.6915449393236238,97.59476001288522,1.0
FKBP8,0.6912598620129871,97.58939117362826,0.0
RDH10,0.6910384920634922,97.58402233437131,0.0
COX6C,0.690961059608678,97.57865349511435,0.0
SH3PXD2B,0.6907404761904763,97.5732846558574,0.0
RAX,0.6906535714285715,97.56791581660045,0.0
DCHS1,0.6905845238095238,97.5625469773435,0.0
DLG1,0.6904847619047618,97.55717813808654,0.0
NOTCH4,0.6904795376121462,97.5518092988296,0.0
POU4F3,0.6903601851851852,97.54644045957264,0.0
NF2,0.6903248161361979,97.54107162031569,1.0
SELP,0.6901588744588744,97.53570278105873,0.0
HPS1,0.69009118142394,97.53033394180179,0.0
SSNA1,0.6900089861751153,97.52496510254483,0.0
PIBF1,0.689867216117216,97.51959626328788,0.0
NDUFC1,0.6898635735179852,97.51422742403092,0.0
SIX6,0.6896343490299545,97.50885858477398,1.0
ACAD9,0.6894903932257643,97.50348974551703,0.0
WRN,0.6892511616640132,97.49812090626007,1.0
FZD3,0.6892194444444445,97.49275206700312,0.0
TDRD7,0.6889808857808858,97.48738322774616,0.0
ACHE,0.6888559523809523,97.48201438848922,0.0
COL1A1,0.688735752688172,97.47664554923226,0.0
NES,0.6882833333333334,97.47127670997531,0.0
MAB21L1,0.6876602375840535,97.46590787071835,0.0
EYA1,0.6875114923583303,97.46053903146141,1.0
ECH1,0.6873544889697003,97.45517019220445,0.0
CEP97,0.687152400206846,97.4498013529475,0.0
HADHB,0.686383638144899,97.44443251369054,0.0
GLRA1,0.6862863486174356,97.43906367443358,0.0
ITGB1BP1,0.6857365421858843,97.43369483517664,0.0
PTPRM,0.6856780249804841,97.42832599591968,0.0
F2R,0.6856326167360148,97.42295715666273,0.0
TP53BP2,0.6852628306878306,97.41758831740577,0.0
ARSK,0.685127380952381,97.41221947814881,0.0
TBC1D5,0.6851255567542333,97.40685063889187,0.0
VLDLR,0.6848785353535354,97.40148179963491,0.0
ITGA2,0.6848724053724053,97.39611296037796,0.0
NDUFB5,0.6847426485943211,97.390744121121,0.0
NDUFB7,0.6843797206416772,97.38537528186406,0.0
EDNRB,0.6843083426651735,97.3800064426071,0.0
NBAS,0.6837248834498835,97.37463760335015,0.0
GATA3,0.6830785714285715,97.36926876409319,0.0
THBS1,0.6829925846754044,97.36389992483625,0.0
CASP6,0.6828458850295518,97.3585310855793,0.0
COL2A1,0.682766848435129,97.35316224632234,1.0
ECE1,0.6825661933448077,97.3477934070654,0.0
CASP3,0.6824340964590965,97.34242456780844,0.0
PANX1,0.681724776852756,97.33705572855149,0.0
RARA,0.6816779192247501,97.33168688929453,0.0
WDR11,0.6815289682539681,97.32631805003759,0.0
POMT2,0.6813265733076167,97.32094921078063,1.0
SCNN1A,0.6811676722604881,97.31558037152368,0.0
CACNA2D4,0.6810037300231061,97.31021153226672,1.0
PEX7,0.6809578932626962,97.30484269300977,1.0
ADAMTS3,0.6807803986710963,97.29947385375281,0.0
LAMA5,0.6807333333333333,97.29410501449587,0.0
HES5,0.6807298722519312,97.28873617523891,0.0
EFEMP1,0.6806730657898833,97.28336733598196,1.0
HCN1,0.680654365079365,97.277998496725,0.0
UNC45B,0.6804215984498594,97.27262965746806,0.0
LAMB1,0.6801345172069311,97.2672608182111,0.0
MARVELD2,0.6798898789131869,97.26189197895415,0.0
IMPDH2,0.6797907916088601,97.2565231396972,0.0
TMPRSS3,0.6797662934000799,97.25115430044025,0.0
CYB5R3,0.6796525779775779,97.24578546118329,0.0
PITX2,0.6794857142857142,97.24041662192634,0.0
DBT,0.6793535711857163,97.23504778266938,0.0
BCR,0.6792234134429258,97.22967894341244,0.0
HMBS,0.6791882514196352,97.22431010415549,0.0
ROR2,0.6790285714285715,97.21894126489853,0.0
NDUFA9,0.678950774901875,97.21357242564159,1.0
HOXB2,0.6788851567209162,97.20820358638463,0.0
CRYAA,0.6786889194139194,97.20283474712768,0.0
NDUFB2,0.6786400444860938,97.19746590787072,0.0
PEX3,0.6785927663667579,97.19209706861378,1.0
LMAN1,0.6782163430226924,97.18672822935682,0.0
APOB,0.6780023921009285,97.18135939009986,1.0
FAM20B,0.6776084285225984,97.17599055084291,0.0
KIAA0556,0.6775284616939559,97.17062171158595,0.0
SDK1,0.6775230158730159,97.165252872329,0.0
TRIOBP,0.6774904761904763,97.15988403307205,0.0
NAV2,0.6770637566137566,97.1545151938151,0.0
FOXP2,0.6769690476190476,97.14914635455814,0.0
SIPA1L3,0.6769563492063492,97.1437775153012,0.0
SH3BP2,0.6766385580735155,97.13840867604424,0.0
BEST2,0.6765214285714285,97.13303983678728,0.0
SLC25A13,0.6763434378629501,97.12767099753033,0.0
TCTN3,0.6763011904761904,97.12230215827337,0.0
OPN1MW2,0.6762325396825396,97.11693331901643,0.0
RERE,0.6761166666666668,97.11156447975947,0.0
ITPR3,0.6760261904761904,97.10619564050252,0.0
NEUROD4,0.6759407203907204,97.10082680124556,0.0
SIX4,0.6759325183887438,97.09545796198861,0.0
DNASE1,0.6759164295106602,97.09008912273167,0.0
ANKS6,0.6757880952380951,97.08472028347471,0.0
TMEM107,0.6757592635595933,97.07935144421776,1.0
UBE3B,0.6754659966172262,97.0739826049608,0.0
TIMMDC1,0.6752666056166056,97.06861376570386,0.0
PKD1L1,0.6751396825396825,97.0632449264469,0.0
LRP2,0.6748750654009044,97.05787608718995,1.0
NOSTRIN,0.6747434964628607,97.052507247933,0.0
VSX1,0.6743864187216501,97.04713840867605,1.0
SLC25A25,0.6742335599527468,97.04176956941909,0.0
ANGPTL4,0.6742297619047619,97.03640073016214,0.0
WNT7B,0.674047619047619,97.03103189090518,0.0
EGFR,0.6739621693121695,97.02566305164824,0.0
ATP2B1,0.6739551877072667,97.02029421239128,0.0
RGR,0.6737680704942637,97.01492537313433,1.0
HEXA,0.6737324222870154,97.00955653387737,0.0
ATP2B4,0.673707609710551,97.00418769462043,0.0
PANK2,0.6736937427337866,96.99881885536347,1.0
RET,0.6733898384828758,96.99345001610652,1.0
DISP1,0.6731614789005033,96.98808117684956,0.0
CRYGD,0.6730871727771806,96.98271233759262,0.0
ECD,0.6729955486467579,96.97734349833566,0.0
ANXA3,0.6728165445665445,96.97197465907871,0.0
NXNL1,0.672682142857143,96.96660581982175,0.0
OTX1,0.6719969788381553,96.9612369805648,0.0
SCLT1,0.6719460789210789,96.95586814130785,0.0
ECSIT,0.6719107858000273,96.9504993020509,0.0
LRIG1,0.6718392857142856,96.94513046279395,0.0
MTHFR,0.6718270402396013,96.939761623537,0.0
FAM107B,0.6717246294263334,96.93439278428005,0.0
WDR36,0.6717196428571428,96.92902394502309,0.0
RAB18,0.671697968234779,96.92365510576614,1.0
NHS,0.6715910760292338,96.91828626650918,0.0
CRYBB2,0.6715805069386307,96.91291742725224,0.0
NTRK1,0.6715083333333334,96.90754858799528,0.0
HSPG2,0.6712733069218364,96.90217974873832,0.0
HDAC2,0.6712314730239922,96.89681090948137,0.0
PTPN13,0.6706702380952381,96.89144207022441,0.0
RBL1,0.670572142857143,96.88607323096747,0.0
REV3L,0.6703726563559897,96.88070439171051,0.0
ETFDH,0.6703236209868564,96.87533555245355,0.0
DHX35,0.6701600567890892,96.8699667131966,0.0
GRHL2,0.6700452380952381,96.86459787393964,0.0
LCA5,0.6699583390313939,96.8592290346827,1.0
FBXO11,0.669848015873016,96.85386019542574,0.0
KRT4,0.669680179615706,96.8484913561688,0.0
NSDHL,0.6695914110920069,96.84312251691183,0.0
LUM,0.669575,96.83775367765489,0.0
TMEM67,0.669217044425701,96.83238483839793,1.0
LIF,0.6692071428571429,96.82701599914098,0.0
NDUFA1,0.6691042780748662,96.82164715988402,0.0
RAB3IP,0.6690884883090765,96.81627832062708,0.0
FBF1,0.6690302726276991,96.81090948137013,0.0
CD36,0.6688761904761905,96.80554064211317,0.0
SULF2,0.66865,96.80017180285623,0.0
HHAT,0.6685971665359238,96.79480296359927,1.0
KIAA1109,0.6684843073593075,96.78943412434232,0.0
LRBA,0.6684738095238096,96.78406528508536,0.0
CEP89,0.6684646579937816,96.77869644582842,0.0
TYR,0.6679622530984135,96.77332760657146,1.0
NDUFS5,0.6676707116609373,96.76795876731451,0.0
ITGB2,0.6675168748441784,96.76258992805755,0.0
ADAMTS18,0.6674049980710592,96.7572210888006,1.0
GPR161,0.6670880952380952,96.75185224954365,0.0
COX4I1,0.6669924466919837,96.7464834102867,0.0
CPT1A,0.6668139394440482,96.74111457102974,0.0
PIK3CA,0.6666005994005995,96.7357457317728,0.0
DVL3,0.6663532051282051,96.73037689251584,0.0
OXCT1,0.6661009816207184,96.72500805325889,0.0
SYNE2,0.6658988095238095,96.71963921400193,0.0
LHX1,0.6657977342549923,96.71427037474498,0.0
VPS13C,0.6657744047619047,96.70890153548802,0.0
ENPP1,0.6656960366903365,96.70353269623108,1.0
ACD,0.6656777609365745,96.69816385697412,0.0
PPP1R13L,0.6651988095238095,96.69279501771717,0.0
CRYBA2,0.6650651224010138,96.68742617846021,0.0
SLC44A2,0.6650150793650793,96.68205733920327,0.0
PCYT1A,0.6648102757192187,96.67668849994631,1.0
NDUFB6,0.6643736702941956,96.67131966068936,0.0
PCSK1,0.664274074074074,96.66595082143242,0.0
EHD1,0.6639476082447499,96.66058198217546,0.0
MYRIP,0.6632463995354241,96.65521314291851,0.0
NDUFA12,0.6632421858161276,96.64984430366155,1.0
CCDC40,0.6632281678773204,96.6444754644046,0.0
UNC119,0.6629934558006075,96.63910662514765,1.0
ANKMY2,0.6628518451057206,96.63373778589069,0.0
GNAS,0.6628071428571428,96.62836894663374,0.0
ITGA3,0.6627595238095239,96.62300010737678,0.0
FAT1,0.6626852453102454,96.61763126811984,0.0
MAK,0.6624050142882426,96.61226242886288,1.0
DSG3,0.662355276805876,96.60689358960593,0.0
EYA4,0.6622833333333333,96.60152475034897,0.0
STK36,0.6620409562277523,96.59615591109201,0.0
LBR,0.661971817384015,96.59078707183507,0.0
PARP1,0.6619056277056277,96.5854182325781,0.0
RAB23,0.6615728291884302,96.58004939332116,0.0
MYH9,0.6615678571428572,96.5746805540642,0.0
GLRB,0.6614202011328119,96.56931171480726,0.0
COX15,0.6614154307585365,96.5639428755503,1.0
MLPH,0.6612196130009236,96.55857403629335,0.0
GNG13,0.6611547619047619,96.55320519703639,0.0
ATP11A,0.6611097902097902,96.54783635777945,0.0
NKX3-2,0.6602602564102564,96.54246751852249,0.0
COL8A2,0.6599261904761904,96.53709867926554,0.0
IRS1,0.6597171545845457,96.5317298400086,0.0
LAMA1,0.6595531212947667,96.52636100075163,1.0
NDUFB10,0.6591334833123532,96.52099216149469,0.0
BSN,0.6588857142857142,96.51562332223773,0.0
HECTD1,0.6587214285714287,96.51025448298078,0.0
SCRIB,0.6586526455026456,96.50488564372382,0.0
HPCA,0.6585936908281399,96.49951680446688,0.0
EGF,0.6584452910993267,96.49414796520992,0.0
WNT3A,0.6584142857142858,96.48877912595297,0.0
PDE4C,0.6584072364572364,96.48341028669601,0.0
MEGF8,0.6580092617908407,96.47804144743907,0.0
LGR5,0.657966388192704,96.47267260818211,0.0
BCAR3,0.6578701007773589,96.46730376892516,0.0
SOX8,0.6578048701298702,96.4619349296682,0.0
KIF20B,0.6577462962962963,96.45656609041126,0.0
IFNAR1,0.6576099256578661,96.4511972511543,0.0
FTH1,0.6576003968253967,96.44582841189735,0.0
CNTRL,0.6572947579856914,96.44045957264039,0.0
TF,0.6572595494013251,96.43509073338345,0.0
CYP4V2,0.6571626838689133,96.42972189412649,1.0
NDUFAF3,0.657142191795133,96.42435305486954,0.0
COQ6,0.6570057277628032,96.41898421561258,0.0
NDUFAB1,0.6569822201770609,96.41361537635564,0.0
NF1,0.656902380952381,96.40824653709868,0.0
HSF4,0.656538177080164,96.40287769784173,0.0
NDUFA4,0.656363501790949,96.39750885858479,1.0
ATRX,0.656114436229037,96.39214001932783,0.0
MED28,0.6559232610672303,96.38677118007088,0.0
FGF10,0.6558970702465382,96.38140234081392,0.0
SPTBN1,0.6558388888888886,96.37603350155698,0.0
ITGB5,0.6557912753072483,96.37066466230002,0.0
AQP4,0.6556854205974301,96.36529582304306,0.0
ERBB3,0.6556390083098684,96.35992698378611,1.0
ZDHHC16,0.6555989348370928,96.35455814452915,0.0
SEMA5B,0.6553488095238095,96.3491893052722,0.0
MYO6,0.6552023809523808,96.34382046601525,0.0
DNAJC16,0.6551876723761989,96.33845162675829,0.0
FXN,0.6550953908836262,96.33308278750134,0.0
ABL1,0.6548421865171865,96.32771394824438,0.0
NIPBL,0.6547583333333333,96.32234510898743,0.0
PRMT3,0.654683705972475,96.31697626973047,0.0
PRDM16,0.6545202380952381,96.31160743047353,0.0
FUZ,0.6545069264069265,96.30623859121657,0.0
MYO1C,0.6543401153777557,96.30086975195962,0.0
PRC1,0.6542090950715951,96.29550091270266,0.0
SALL2,0.654184843874854,96.29013207344572,0.0
ALDOB,0.6541529887257068,96.28476323418876,0.0
PFKM,0.6540557001519143,96.27939439493181,0.0
LEF1,0.6540147993311036,96.27402555567485,0.0
SGSH,0.6539860016420361,96.26865671641791,0.0
TMEM219,0.6535881320766455,96.26328787716095,0.0
POLG,0.6535696428571429,96.257919037904,0.0
HAUS3,0.6535073083778966,96.25255019864706,0.0
ADAMTS13,0.6532761904761905,96.2471813593901,0.0
EXOC4,0.6532619190819873,96.24181252013315,0.0
SIX5,0.6532607322701551,96.23644368087619,1.0
ABCC4,0.6532197820591652,96.23107484161925,0.0
SPARC,0.6524701252517042,96.22570600236229,0.0
ACBD3,0.6522830036861914,96.22033716310534,0.0
FBN1,0.6522503930646244,96.21496832384838,1.0
PDGFB,0.6521531033781034,96.20959948459144,0.0
LMO7,0.6521170634920634,96.20423064533448,0.0
TNFSF11,0.6521106380258279,96.19886180607753,0.0
TGIF1,0.6520515625455989,96.19349296682057,0.0
MCPH1,0.6516822468793342,96.18812412756363,0.0
NFKB1,0.6514580864719097,96.18275528830667,0.0
FGFR1OP,0.6513867647058824,96.17738644904972,0.0
FGFR2,0.651378306878307,96.17201760979276,0.0
ARAP3,0.6512274411458161,96.16664877053582,0.0
ADAMTS5,0.6511079004329005,96.16127993127886,0.0
WDR60,0.650785698125404,96.15591109202191,0.0
VPS13D,0.6504576833607006,96.15054225276495,0.0
PROCR,0.6503324675324675,96.145173413508,0.0
HSF1,0.6501239010989012,96.13980457425104,0.0
FES,0.6501013616721936,96.1344357349941,0.0
SNAI2,0.650078231292517,96.12906689573714,0.0
OPRL1,0.6500609372027534,96.1236980564802,0.0
BEST1,0.6499828716243464,96.11832921722325,1.0
PAX3,0.6499404761904761,96.11296037796629,0.0
CNTNAP2,0.6499383645568991,96.10759153870933,0.0
TMEM209,0.6497890616214054,96.10222269945238,0.0
BAK1,0.6496948203842943,96.09685386019542,0.0
NOA1,0.6496742535242535,96.09148502093848,0.0
FGF8,0.649647274947275,96.08611618168152,0.0
CRY1,0.6494301965545353,96.08074734242457,0.0
MEIS1,0.6494076479076478,96.07537850316761,0.0
ANK2,0.6492190476190476,96.07000966391067,0.0
IGF1,0.649029761904762,96.06464082465371,0.0
RANBP2,0.6489030651340995,96.05927198539675,0.0
KLF5,0.6487190476190475,96.0539031461398,0.0
UNC119B,0.6486416666666667,96.04853430688284,0.0
LSS,0.6485045962732918,96.0431654676259,0.0
COX17,0.6484375980550959,96.03779662836894,0.0
CRIM1,0.6481882639290534,96.03242778911199,0.0
DFNB31,0.6480873015873015,96.02705894985503,0.0
VEGFA,0.647881746031746,96.02169011059809,0.0
KDM5B,0.6477372499899026,96.01632127134113,0.0
NEK8,0.647456907794965,96.01095243208418,0.0
CCDC84,0.6474309503831337,96.00558359282722,0.0
MYOC,0.6474107408328538,96.00021475357028,1.0
SLC4A5,0.6473753977172091,95.99484591431332,0.0
ERC1,0.6470936147186148,95.98947707505637,0.0
SEMA4A,0.6470581114721145,95.98410823579941,1.0
NDUFS3,0.6470479780389828,95.97873939654247,1.0
MAPK3,0.646922619047619,95.97337055728552,0.0
SEMA5A,0.6468470310391364,95.96800171802856,0.0
RAB3GAP1,0.6468370956313101,95.96263287877161,1.0
ATMIN,0.646216625041625,95.95726403951465,0.0
GJA1,0.6461821428571428,95.95189520025771,0.0
EDNRA,0.6460952000518038,95.94652636100075,0.0
KAT6A,0.6458418627870489,95.9411575217438,0.0
AP5M1,0.6458381893986942,95.93578868248684,0.0
CIR1,0.6457825111648442,95.9304198432299,0.0
DUOX2,0.6457517716080798,95.92505100397294,0.0
PLIN2,0.6455433166248955,95.919682164716,0.0
MAB21L2,0.6452734227458365,95.91431332545903,0.0
SUFU,0.6452363431100274,95.90894448620209,0.0
MFAP2,0.644950832975833,95.90357564694513,0.0
FANCA,0.6448013784461153,95.89820680768818,0.0
NDUFA13,0.6446924931457075,95.89283796843122,1.0
ATP6V1D,0.644658504247255,95.88746912917428,0.0
CNGA4,0.6444416312955489,95.88210028991732,0.0
KDM8,0.6444020444462526,95.87673145066037,0.0
ADCY3,0.6442702380952381,95.87136261140341,0.0
RCN1,0.6440239853477275,95.86599377214647,0.0
CYP26B1,0.6440108350049405,95.86062493288951,0.0
XRCC1,0.6438323280928342,95.85525609363256,0.0
KCNQ1,0.6436276556776557,95.8498872543756,0.0
PEX11A,0.6435952318891314,95.84451841511866,0.0
VANGL1,0.6435600134408602,95.83914957586171,0.0
PMM2,0.6435138888888888,95.83378073660475,0.0
NDUFB3,0.6434270676691729,95.82841189734779,0.0
IQCE,0.6433753144121565,95.82304305809085,0.0
KIF5A,0.6433119047619048,95.81767421883389,0.0
FASLG,0.6432506273426084,95.81230537957694,0.0
ADAMTS9,0.6430716666666667,95.80693654031998,0.0
CLIC5,0.6430076130984026,95.80156770106302,0.0
CACNA1D,0.6430047619047619,95.79619886180608,0.0
APAF1,0.6429425701749232,95.79083002254912,0.0
DLAT,0.6429124395229173,95.78546118329217,0.0
SZT2,0.6427250932880736,95.78009234403521,0.0
GSR,0.6426850325264215,95.77472350477827,0.0
FGFR1,0.6426002532363521,95.7693546655213,1.0
ABCA5,0.6425813479208701,95.76398582626436,0.0
ITGA1,0.6424449394383027,95.7586169870074,0.0
GPSM2,0.6423482535500407,95.75324814775045,0.0
COLGALT1,0.6422874301137459,95.7478793084935,0.0
GRHL3,0.6418961538461538,95.74251046923655,0.0
ACO1,0.64183778286763,95.73714162997959,0.0
HSPB8,0.6417145110189229,95.73177279072264,0.0
SDHC,0.6416574546699809,95.72640395146568,1.0
NDUFA6,0.6416358520222971,95.72103511220874,0.0
FOPNL,0.6416039682539683,95.71566627295178,0.0
SIX1,0.6412787038816122,95.71029743369483,1.0
CEP41,0.6411865906610643,95.70492859443789,1.0
MAP1LC3B,0.6411224728487885,95.69955975518093,0.0
LRAT,0.6411200544768599,95.69419091592398,1.0
BUB1B,0.6410978734715577,95.68882207666702,0.0
NDUFS7,0.6409681838152445,95.68345323741008,1.0
UNC13B,0.640888827838828,95.67808439815312,0.0
SLC22A4,0.6408579234972678,95.67271555889617,0.0
SLC45A2,0.6404028091973083,95.66734671963921,0.0
PPIP5K2,0.6403880952380951,95.66197788038227,0.0
TPI1,0.6403418960819725,95.65660904112531,0.0
LAMC2,0.6400940476190476,95.65124020186836,0.0
XRCC5,0.6400716709216709,95.6458713626114,0.0
NDUFAF7,0.6396906633906634,95.64050252335446,0.0
FANCD2,0.6391950386035348,95.6351336840975,0.0
RRM1,0.6389996753246755,95.62976484484055,0.0
C3,0.6388464285714287,95.62439600558359,0.0
NEK1,0.6388178571428571,95.61902716632665,0.0
COX6B1,0.6388128609620369,95.61365832706969,1.0
FYN,0.6388096103896104,95.60828948781274,0.0
SPRY2,0.6386880230880231,95.60292064855578,0.0
PDCL3,0.6385785215452957,95.59755180929884,0.0
GCLC,0.6385766089145352,95.59218297004188,0.0
INHBA,0.6384819763569765,95.58681413078493,0.0
KITLG,0.6382282913165267,95.58144529152797,0.0
MYF5,0.638171620971621,95.57607645227102,0.0
AGRN,0.6381563261300103,95.57070761301406,0.0
ICK,0.6380984280894458,95.56533877375712,0.0
TLR4,0.6380254329004329,95.55996993450016,0.0
PRRX1,0.6377755943437393,95.55460109524321,0.0
MFNG,0.6377315967794701,95.54923225598625,0.0
TEK,0.637486448580856,95.54386341672931,1.0
BMP7,0.6372416666666665,95.53849457747235,0.0
ANKRD11,0.6371805916305916,95.5331257382154,0.0
CITED2,0.6370893939393939,95.52775689895844,0.0
GAS6,0.6368676190476189,95.52238805970148,0.0
MED25,0.6366895604395604,95.51701922044454,0.0
LETM1,0.6366235067823179,95.51165038118758,0.0
ID1,0.6366051881336142,95.50628154193063,0.0
CALCA,0.6365928316781257,95.50091270267367,0.0
E2F4,0.6365705426356588,95.49554386341673,0.0
PLA2G6,0.6365216666666667,95.49017502415977,0.0
ILK,0.6365079981664135,95.48480618490282,0.0
ORC6,0.6364980413529558,95.47943734564586,0.0
CFTR,0.636227380952381,95.47406850638892,0.0
COL8A1,0.6360551587301587,95.46869966713196,0.0
ARHGAP35,0.6358718253968253,95.46333082787501,0.0
ITGA6,0.635814163372859,95.45796198861805,0.0
RRN3,0.6357187969924812,95.4525931493611,0.0
TMEM38B,0.634943521111539,95.44722431010415,0.0
FJX1,0.6349178571428572,95.4418554708472,0.0
PLXND1,0.6346269841269843,95.43648663159024,0.0
DYNC2LI1,0.6346111035989723,95.4311177923333,0.0
JUN,0.6345250220144956,95.42574895307635,0.0
SCO1,0.6343708014022146,95.42038011381939,1.0
OFD1,0.6342413387699325,95.41501127456245,1.0
BCKDHA,0.6341997055232349,95.40964243530549,0.0
GRIN1,0.6341843225915396,95.40427359604854,0.0
PTPRK,0.6338554232804232,95.39890475679158,0.0
COL18A1,0.6336656917697845,95.39353591753463,1.0
SHANK2,0.6336008928571429,95.38816707827768,0.0
NDST2,0.6335606463997798,95.38279823902073,0.0
GAP43,0.6334676352632875,95.37742939976377,0.0
TTLL1,0.6334383724427542,95.37206056050682,0.0
TMTC4,0.6333761284033548,95.36669172124986,0.0
ABR,0.633374586380897,95.36132288199292,0.0
ATM,0.6332579365079366,95.35595404273596,0.0
RAD1,0.6330957706570122,95.35058520347901,0.0
AK2,0.632776674672027,95.34521636422205,0.0
PEX11B,0.6327709274240582,95.33984752496511,1.0
CDK4,0.6326968253968255,95.33447868570815,0.0
TRMT1,0.6326596343104157,95.3291098464512,0.0
AFG3L2,0.6324229570853981,95.32374100719424,0.0
NDST1,0.6323233110723965,95.3183721679373,0.0
TGFB3,0.6320318760837668,95.31300332868034,0.0
HSD17B12,0.6319144518711026,95.30763448942339,0.0
NDUFC2,0.6318334716494868,95.30226565016643,0.0
IARS2,0.6317954390096484,95.29689681090949,0.0
ERCC5,0.6317907632481655,95.29152797165253,1.0
ATG7,0.6317727492314449,95.28615913239558,0.0
MITF,0.6316718614718614,95.28079029313862,0.0
BSND,0.6314039682539684,95.27542145388168,0.0
GSN,0.6313657509157509,95.27005261462472,0.0
BMP1,0.6312537037037036,95.26468377536776,0.0
PTPN11,0.6311843137254903,95.25931493611081,0.0
NPR2,0.6311126688967598,95.25394609685385,0.0
DRD1,0.631084130575307,95.2485772575969,0.0
BRIP1,0.6310633365508365,95.24320841833995,0.0
SMG1,0.6310057710263592,95.237839579083,0.0
NRCAM,0.6307128968253968,95.23247073982604,0.0
DLX6,0.630515053763441,95.2271019005691,0.0
RDX,0.6302156045993658,95.22173306131214,0.0
REST,0.6299410109870637,95.21636422205519,0.0
ITGB1,0.6297376123217648,95.21099538279823,0.0
BRD8,0.6296869159576056,95.20562654354129,0.0
NUP98,0.6296197054009819,95.20025770428433,0.0
PIKFYVE,0.6295345190236495,95.19488886502738,0.0
FH,0.6294629138784801,95.18952002577042,1.0
EGFLAM,0.6294165952611134,95.18415118651347,0.0
PKD1,0.6292470779220778,95.17878234725652,0.0
KIFAP3,0.6291953781512605,95.17341350799957,0.0
UFL1,0.6291488334132482,95.16804466874261,0.0
TMEM222,0.6289628744289804,95.16267582948566,0.0
UGDH,0.6288889370996995,95.1573069902287,0.0
KIAA0586,0.6288218164814992,95.15193815097176,1.0
TCF7L1,0.6286624060150376,95.14656931171481,0.0
LEP,0.6285452658452659,95.14120047245785,0.0
HDAC1,0.6282731283966578,95.13583163320091,0.0
DCC,0.6280833333333334,95.13046279394395,0.0
AARS2,0.6279965403326138,95.125093954687,0.0
SBDS,0.6277516713514163,95.11972511543004,0.0
SUMF1,0.6272759486327584,95.1143562761731,1.0
ABCC6,0.6272115791091816,95.10898743691614,1.0
TXNRD1,0.6272015692640693,95.10361859765919,0.0
FBP2,0.6269988494049528,95.09824975840223,0.0
CETN2,0.6269870876515613,95.09288091914529,0.0
UBOX5,0.626964561396101,95.08751207988833,0.0
ATRIP,0.6268543246569469,95.08214324063138,0.0
DISC1,0.6266551678711824,95.07677440137442,0.0
SP1,0.6266069788124888,95.07140556211748,0.0
NDUFV3,0.62642111794854,95.06603672286052,0.0
NDUFB11,0.6262991234567213,95.06066788360357,1.0
ASS1,0.6262380803416521,95.05529904434661,0.0
CDKAL1,0.6262202380952381,95.04993020508967,0.0
NFKBIZ,0.6261785714285715,95.0445613658327,0.0
MADD,0.6259802197802198,95.03919252657576,0.0
PFKFB3,0.6258784274205326,95.0338236873188,0.0
DNM2,0.6258136992782171,95.02845484806186,1.0
TANGO6,0.6257830069907472,95.0230860088049,0.0
SLC12A4,0.6251848610032937,95.01771716954795,0.0
STAT1,0.6248070346320347,95.01234833029099,0.0
ABCB11,0.6247364058355437,95.00697949103404,0.0
PIGN,0.6247269044470464,95.00161065177709,0.0
CFH,0.6247034589206802,94.99624181252014,0.0
DPAGT1,0.6246267593225729,94.99087297326318,0.0
CES2,0.6238511904761905,94.98550413400622,0.0
MECP2,0.6238047553994275,94.98013529474927,0.0
PREB,0.6238037513613011,94.97476645549231,0.0
RAG1,0.6236689988525181,94.96939761623537,0.0
ESYT1,0.6236143223010245,94.96402877697841,0.0
CPLX1,0.6234409834623056,94.95865993772146,0.0
ENO1,0.6233850661135598,94.9532910984645,0.0
NGFR,0.6233762712826831,94.94792225920756,0.0
ITGA11,0.6230695373184736,94.9425534199506,0.0
CEP120,0.6230103217204143,94.93718458069365,1.0
TSHZ1,0.6228020787262274,94.9318157414367,0.0
CDKN1B,0.6227421568627453,94.92644690217975,0.0
LPIN1,0.6226035702728494,94.92107806292279,0.0
SLC1A1,0.6224780303030304,94.91570922366584,0.0
PEX10,0.6223925103085736,94.91034038440888,1.0
ATOH1,0.6223828327922079,94.90497154515194,0.0
RGS4,0.6222784493284494,94.89960270589498,0.0
KIF20A,0.622247561827931,94.89423386663803,0.0
MYH1,0.6219240259740261,94.88886502738107,0.0
ULK4,0.6217824404761905,94.88349618812413,0.0
TIMM9,0.6216117585219758,94.87812734886717,0.0
ANPEP,0.6214743114005399,94.87275850961022,0.0
CNDP2,0.6213633291547739,94.86738967035328,0.0
FBLN2,0.6213088744588744,94.86202083109632,0.0
ACTG1,0.6212045449713188,94.85665199183937,1.0
SLC9A3R1,0.6212030603804798,94.85128315258241,0.0
EPB41L5,0.6211119047619047,94.84591431332547,0.0
OSBPL10,0.6209235229685321,94.8405454740685,0.0
SOX11,0.6208792057135593,94.83517663481156,0.0
CTH,0.6208399756655335,94.8298077955546,0.0
CHM,0.6208327221671399,94.82443895629766,1.0
GRXCR1,0.6207361344730105,94.8190701170407,0.0
PRDM1,0.6207336684101558,94.81370127778375,0.0
SMAD3,0.6207199134199134,94.80833243852679,0.0
TOR1A,0.6206632829588712,94.80296359926984,0.0
SPTBN5,0.6206444702123274,94.79759476001288,0.0
EP300,0.6203185727987162,94.79222592075594,1.0
SNX25,0.6200985610233827,94.78685708149898,0.0
ECI2,0.6200847015032053,94.78148824224203,0.0
FGF9,0.6199977342549923,94.77611940298507,0.0
ATF6,0.6196343602346498,94.77075056372813,1.0
DLL4,0.6195092796092797,94.76538172447117,0.0
SCO2,0.6194263618025827,94.76001288521422,0.0
AHR,0.6193685461057634,94.75464404595726,1.0
APC,0.6193502574663821,94.74927520670032,1.0
PLD1,0.6193195941243117,94.74390636744336,0.0
ADAM17,0.6192561507936508,94.73853752818641,0.0
FKBP5,0.6191261904761904,94.73316868892945,0.0
GALNS,0.6191192390375074,94.7277998496725,0.0
CRISPLD2,0.6190621640685261,94.72243101041555,0.0
HK2,0.6188490586355314,94.71706217115859,0.0
WDR1,0.6187674242424243,94.71169333190164,0.0
LZTFL1,0.6185609585185075,94.70632449264468,1.0
ADRB2,0.6183840838899662,94.70095565338774,0.0
CAP2,0.618161421341816,94.69558681413078,0.0
COL7A1,0.6180307219662058,94.69021797487383,0.0
UNC5B,0.6179606922250674,94.68484913561687,0.0
ACTB,0.6178285622803446,94.67948029635993,1.0
GDF3,0.617452536282113,94.67411145710297,1.0
NAPEPLD,0.6174158967394852,94.66874261784602,0.0
FIS1,0.6173554028832806,94.66337377858906,0.0
RSAD1,0.6173023852360424,94.65800493933212,0.0
PKDCC,0.6172583333333332,94.65263610007516,0.0
FBLN1,0.6172183982683983,94.64726726081821,0.0
NSUN2,0.6171807491289198,94.64189842156125,0.0
TATDN2,0.6171261245952786,94.6365295823043,0.0
HTRA1,0.6170572046793785,94.63116074304735,0.0
TUBG1,0.6170362044817926,94.6257919037904,0.0
PTPN14,0.6170332989180161,94.62042306453344,0.0
GDE1,0.6170331360681284,94.6150542252765,0.0
ADAM15,0.6168753395297514,94.60968538601954,0.0
CTSD,0.6168087210624031,94.60431654676259,1.0
JUP,0.6166810628561769,94.59894770750563,0.0
FOLR1,0.6166288658709711,94.59357886824868,0.0
COL11A2,0.6165532943081331,94.58821002899174,0.0
HAUS6,0.6163720085470084,94.58284118973478,0.0
GPR179,0.6162993576316157,94.57747235047783,0.0
CDK20,0.6161488095238096,94.57210351122087,0.0
CBL,0.6160059433621934,94.56673467196393,0.0
SNAP29,0.6158677489177491,94.56136583270697,0.0
PRKDC,0.6156911156381744,94.55599699345002,0.0
DSC1,0.6155299229471307,94.55062815419306,0.0
ITGA5,0.6154553801533874,94.54525931493612,0.0
ITGB3,0.6154185813022527,94.53989047567916,0.0
FIGN,0.6154157040328094,94.53452163642221,0.0
PCCA,0.6151434571887158,94.52915279716525,0.0
ALDOA,0.6151066454977907,94.52378395790831,0.0
COL4A5,0.6151033637675909,94.51841511865135,0.0
NDUFS2,0.6150027071536032,94.5130462793944,1.0
PRKRA,0.614915339105339,94.50767744013744,0.0
TNNT2,0.6148497306614954,94.5023086008805,0.0
ZMPSTE24,0.6148035542995223,94.49693976162354,0.0
VAX1,0.614740476190476,94.49157092236659,0.0
SOX2,0.6144234195911615,94.48620208310963,0.0
PRDX1,0.6143806618941264,94.48083324385269,1.0
VRK1,0.6143532434911074,94.47546440459573,0.0
SPTA1,0.6140849206349206,94.47009556533878,0.0
NDUFA7,0.6140306031469026,94.46472672608182,0.0
CYP11A1,0.6140183659702413,94.45935788682488,0.0
CD163,0.6138727404630917,94.45398904756792,0.0
MSX1,0.6136738095238096,94.44862020831096,0.0
BLM,0.613591900818765,94.44325136905401,0.0
ISL1,0.6135666666666666,94.43788252979705,0.0
LRRK2,0.6135198789657069,94.4325136905401,0.0
GRID2,0.6134896825396825,94.42714485128315,0.0
LIG4,0.6134287114186178,94.4217760120262,0.0
PCSK6,0.6133900055370984,94.41640717276924,0.0
ELMO3,0.6133284370037825,94.4110383335123,0.0
TRRAP,0.6132786948558687,94.40566949425533,0.0
LAMC1,0.6132193097981831,94.40030065499839,0.0
VPS41,0.6131538201189959,94.39493181574143,0.0
PDGFA,0.6129774238524238,94.38956297648448,0.0
PHOX2B,0.6129381782945738,94.38419413722752,0.0
BCL2,0.612896151071151,94.37882529797058,0.0
NOG,0.6128696657754011,94.37345645871362,0.0
FGF20,0.612736457714399,94.36808761945667,0.0
WDR59,0.6126520700654743,94.36271878019971,0.0
RTTN,0.6125404761904762,94.35734994094277,0.0
EHMT1,0.6122415154853365,94.35198110168581,0.0
GNAQ,0.6120707890207682,94.34661226242886,1.0
CCDC47,0.611975760905081,94.3412434231719,0.0
AFF1,0.6117665653382566,94.33587458391496,0.0
MOGS,0.6117608291458599,94.330505744658,0.0
DNM1L,0.611747496947497,94.32513690540105,0.0
HADHA,0.6117398192489938,94.3197680661441,1.0
TYRP1,0.6116660714285714,94.31439922688715,0.0
CBS,0.6116276653085476,94.3090303876302,0.0
ACTA1,0.6114885761563258,94.30366154837324,0.0
DBR1,0.6113933299207448,94.2982927091163,0.0
GABPA,0.6111791349623473,94.29292386985934,0.0
PEX26,0.6111643308443891,94.28755503060239,1.0
GNA11,0.6110383358368822,94.28218619134543,1.0
CCDC80,0.6110290935260805,94.27681735208849,0.0
SPEF2,0.6108142857142858,94.27144851283153,0.0
SLC17A5,0.6106653648844054,94.26607967357458,0.0
SLC1A3,0.61053916005291,94.26071083431762,0.0
KRT2,0.6104940501706755,94.25534199506068,0.0
SIN3A,0.6104702080937929,94.24997315580372,0.0
INHA,0.6104130861272582,94.24460431654677,0.0
TYW1,0.6103071517660202,94.23923547728981,0.0
ZFP36,0.6102593794366639,94.23386663803286,0.0
F5,0.6099928571428572,94.2284977987759,0.0
CTNNBIP1,0.6099387590187589,94.22312895951896,0.0
TDO2,0.609866857263372,94.217760120262,0.0
MREG,0.6097897070398407,94.21239128100505,0.0
HMGCL,0.6097801913132713,94.2070224417481,0.0
NUAK2,0.6097104423042625,94.20165360249115,0.0
SLC40A1,0.6096536361725103,94.19628476323419,0.0
FERMT3,0.6095903685472235,94.19091592397723,0.0
KIAA0753,0.6095470537659062,94.18554708472028,0.0
NUMB,0.6095259665772822,94.18017824546332,0.0
ARFGEF2,0.6094075226660133,94.17480940620638,0.0
SHH,0.6093719119079537,94.16944056694942,1.0
ZFYVE26,0.609210242014357,94.16407172769247,1.0
PTF1A,0.6088500000000001,94.15870288843551,0.0
PMPCB,0.6086200935259176,94.15333404917857,0.0
DNAI1,0.6084166873666873,94.14796520992161,0.0
SHANK3,0.6082190476190477,94.14259637066466,0.0
NDUFAF1,0.6081886015968881,94.1372275314077,0.0
ALCAM,0.6081499292403978,94.13185869215076,0.0
HHIP,0.6081345776163573,94.1264898528938,0.0
PNN,0.6077600261802638,94.12112101363685,0.0
SKIL,0.6077343097378811,94.11575217437989,0.0
COL15A1,0.6075326674737691,94.11038333512295,0.0
ZEB2,0.607500641025641,94.10501449586599,0.0
ZSCAN10,0.6073373348873348,94.09964565660904,0.0
DDB2,0.6072723746733464,94.09427681735208,0.0
PLAT,0.6072470025211004,94.08890797809514,0.0
TTC30B,0.6072384368530022,94.08353913883818,0.0
SMYD1,0.6070119885572185,94.07817029958123,0.0
CDH3,0.6070091099903347,94.07280146032427,1.0
GPR143,0.60693257584461,94.06743262106733,0.0
UIMC1,0.6068838808275397,94.06206378181037,0.0
WNT2,0.6068793650793651,94.05669494255342,0.0
FLNA,0.6067753968253967,94.05132610329646,0.0
DNAJC5,0.6066719169719169,94.04595726403952,0.0
HMGB1,0.6066613095238097,94.04058842478257,0.0
HPS3,0.6066576482040393,94.03521958552561,0.0
SRD5A3,0.6066204745267711,94.02985074626866,0.0
ALDH1A1,0.6065829885800473,94.0244819070117,0.0
TRIM37,0.6064827671928065,94.01911306775476,1.0
TMEM237,0.6064512036672522,94.0137442284978,1.0
PRKAB1,0.6064135589594405,94.00837538924085,0.0
ADCYAP1,0.606252380952381,94.0030065499839,0.0
OPN1MW,0.6060320332894918,93.99763771072695,1.0
CDKN2D,0.6057450803331366,93.99226887146999,0.0
PEX6,0.605565170695423,93.98690003221304,1.0
PAM,0.6055307720883235,93.98153119295608,0.0
HIP1,0.6054761904761905,93.97616235369914,0.0
PDZRN3,0.605306335187319,93.97079351444218,0.0
CHAT,0.6051829670329671,93.96542467518523,0.0
CTNNA3,0.6050965957757003,93.96005583592827,0.0
CASK,0.604993313503539,93.95468699667133,0.0
ACVR2A,0.6047880952380952,93.94931815741437,0.0
TGFB1,0.6047863183365394,93.94394931815742,0.0
TMOD1,0.6047623664151909,93.93858047890046,0.0
EFEMP2,0.6047392746858831,93.93321163964352,0.0
PDLIM3,0.6046069071813752,93.92784280038656,0.0
ST14,0.6045969182442194,93.92247396112961,0.0
RAF1,0.6045631299859561,93.91710512187265,0.0
PER3,0.6044138863895112,93.91173628261569,0.0
ABCA8,0.604391698662783,93.90636744335875,0.0
ERCC3,0.6043638096885228,93.90099860410179,1.0
SPAG17,0.6041547619047619,93.89562976484484,0.0
DOT1L,0.6041030303030303,93.89026092558788,0.0
PPIB,0.6040051668529677,93.88489208633094,0.0
DDX60,0.6039678836797877,93.87952324707398,0.0
POR,0.6039627142439088,93.87415440781703,0.0
CNTNAP1,0.6036326739926741,93.86878556856007,0.0
MCOLN1,0.6033846437358066,93.86341672930313,1.0
CHRNB2,0.6031862914862915,93.85804789004617,0.0
ANGPT1,0.6031676839383294,93.85267905078922,0.0
NCOA3,0.6030964646464646,93.84731021153226,0.0
WDR34,0.6029189017953724,93.84194137227531,0.0
XPC,0.6028835079404324,93.83657253301836,0.0
EFHD1,0.602860972403929,93.83120369376141,0.0
LPP,0.6027906695156695,93.82583485450445,0.0
ACVR2B,0.6027525779025779,93.8204660152475,0.0
SCP2,0.6026326387657033,93.81509717599054,0.0
CRYGA,0.6023083440422645,93.8097283367336,0.0
RAD50,0.6022435425685425,93.80435949747664,0.0
MNS1,0.6021527543613592,93.7989906582197,0.0
MTR,0.6021444305694307,93.79362181896273,0.0
CSF1,0.6020543652811827,93.78825297970579,0.0
TBC1D8,0.6019338923997066,93.78288414044883,0.0
ACVRL1,0.601750095387787,93.77751530119188,0.0
DIS3,0.6017444618762731,93.77214646193492,0.0
PLS1,0.601572238727238,93.76677762267798,0.0
F10,0.601431378635984,93.76140878342103,0.0
PARL,0.6010688291323373,93.75603994416407,0.0
CYP1A1,0.6009931710783702,93.75067110490713,0.0
CDC7,0.6007750839536516,93.74530226565017,0.0
DRAM2,0.6007322744852626,93.73993342639322,1.0
CCND1,0.6005677025483477,93.73456458713626,0.0
KARS,0.6003253044067781,93.72919574787932,0.0
FAM216A,0.6002738214963119,93.72382690862236,0.0
SMG9,0.6002370100285888,93.71845806936541,0.0
EDN1,0.6002166666666667,93.71308923010845,0.0
SERPINB2,0.6000669448823415,93.7077203908515,0.0
SLC33A1,0.6000305947230599,93.70235155159455,0.0
ERRFI1,0.5999563051716914,93.6969827123376,0.0
NCSTN,0.59995487012987,93.69161387308064,0.0
MCM3AP,0.5998872294372293,93.6862450338237,0.0
TSFM,0.5997581164175545,93.68087619456674,0.0
MVK,0.5997256554378619,93.67550735530979,0.0
AVIL,0.5996264052436426,93.67013851605283,0.0
CNNM4,0.5995902924224008,93.66476967679588,1.0
MED17,0.5994626385213153,93.65940083753893,0.0
HERC1,0.5993792656268463,93.65403199828197,0.0
RELN,0.5993261904761905,93.64866315902502,0.0
APRT,0.5992969016947371,93.64329431976806,0.0
GATA2,0.5991952380952381,93.63792548051111,0.0
BID,0.5990095092105963,93.63255664125415,0.0
CAT,0.5989054505240441,93.62718780199721,0.0
CACNA1C,0.5988928571428571,93.62181896274025,0.0
NOTCH2,0.5988641762010045,93.6164501234833,0.0
CTSA,0.5988310784553215,93.61108128422634,0.0
RBBP8,0.5988294207603991,93.6057124449694,0.0
NOS3,0.5986187441643323,93.60034360571244,0.0
TRIM45,0.5986183227319655,93.5949747664555,0.0
RNASET2,0.5986167370970944,93.58960592719853,0.0
ASPA,0.5985717073740793,93.58423708794159,0.0
XPA,0.5984898351648351,93.57886824868463,0.0
DKK1,0.5984637088228082,93.57349940942768,1.0
TJP2,0.5983790616246498,93.56813057017072,0.0
LDB3,0.598277964907433,93.56276173091378,0.0
ROBO3,0.5981561923218901,93.55739289165682,0.0
THBS3,0.5980834677099025,93.55202405239987,0.0
RIF1,0.5980318903318904,93.54665521314291,0.0
LPO,0.5979801661780991,93.54128637388597,0.0
RAB3GAP2,0.5977732085690388,93.53591753462901,1.0
LOXL2,0.5977036010896648,93.53054869537206,0.0
PLCG1,0.5976374649859943,93.5251798561151,0.0
DAG1,0.5975619668436065,93.51981101685816,1.0
LFNG,0.5975423080176228,93.5144421776012,0.0
DBN1,0.5972908015424132,93.50907333834425,0.0
BARHL1,0.5972383497536946,93.50370449908729,0.0
OLFM3,0.5971704213843851,93.49833565983035,0.0
ID3,0.5970563819779495,93.49296682057339,0.0
LIFR,0.5970462225274724,93.48759798131644,0.0
ALDH2,0.5967200396825397,93.4822291420595,0.0
ADAMTS14,0.5965911395056556,93.47686030280254,0.0
WLS,0.5965755835667601,93.47149146354559,0.0
JAK3,0.5963593419319329,93.46612262428863,0.0
DDB1,0.596152380952381,93.46075378503168,0.0
HTRA2,0.5959835604527497,93.45538494577472,0.0
PHKB,0.5959076865074553,93.45001610651778,0.0
CUBN,0.5959059523809523,93.44464726726082,0.0
WDR62,0.5957687740407099,93.43927842800387,0.0
CALR,0.5957449097926728,93.43390958874691,0.0
GNPTAB,0.5957382143143009,93.42854074948997,1.0
TBX1,0.5956985073167824,93.42317191023301,1.0
UBR4,0.5956929935804937,93.41780307097606,0.0
AKAP9,0.59555,93.4124342317191,0.0
ATP1B2,0.5954849733599733,93.40706539246216,0.0
ASCL1,0.5953654761904763,93.4016965532052,0.0
TUBGCP4,0.5953343370986616,93.39632771394825,1.0
MAP1A,0.5952753278584162,93.3909588746913,0.0
MYH11,0.5951934044882321,93.38559003543435,0.0
NMNAT1,0.5951688501212206,93.38022119617739,1.0
SLIRP,0.5951419114488657,93.37485235692043,0.0
MYO7B,0.5951408730158732,93.36948351766348,0.0
PLTP,0.5951375729903554,93.36411467840652,0.0
NCOR1,0.595075021935421,93.35874583914958,0.0
SEC23A,0.5946939521639825,93.35337699989262,0.0
SMPD4,0.5945501069114101,93.34800816063567,0.0
TMCO6,0.5944744457800182,93.34263932137871,0.0
NEDD1,0.5944368816513028,93.33727048212177,0.0
TPP1,0.5943466050736749,93.3319016428648,1.0
C1orf43,0.5942697532917728,93.32653280360786,0.0
GEMIN5,0.5942483956300504,93.3211639643509,0.0
FLNB,0.5940968253968254,93.31579512509396,0.0
S1PR2,0.5940114417029511,93.310426285837,0.0
DSC3,0.5937708874458875,93.30505744658005,0.0
SH3D19,0.5937248202090307,93.29968860732309,0.0
UBIAD1,0.5934429570391452,93.29431976806615,0.0
SPNS2,0.5933510992757736,93.28895092880919,0.0
CA8,0.593304775014779,93.28358208955224,0.0
PLEKHG3,0.5932111192002492,93.27821325029528,0.0
CUL7,0.5932029134096675,93.27284441103834,0.0
HMGN1,0.5931816805042897,93.26747557178138,0.0
HAND1,0.5931262866300366,93.26210673252443,0.0
GAS8,0.5930936879812653,93.25673789326747,0.0
GLDC,0.5930799082715986,93.25136905401052,0.0
CAPRIN2,0.5930166752320296,93.24600021475356,0.0
KNTC1,0.592948600055858,93.24063137549662,0.0
HS6ST1,0.5929327956989245,93.23526253623966,0.0
MCM3,0.5927926165962982,93.22989369698271,0.0
MYOM1,0.5927563556326714,93.22452485772575,0.0
ALDOC,0.592634446665388,93.21915601846881,0.0
ARL2BP,0.592163999709117,93.21378717921185,1.0
SALL4,0.5921320280687579,93.2084183399549,1.0
FOXM1,0.592021548158859,93.20304950069796,0.0
MAPK1,0.5918925303454714,93.197680661441,0.0
CHD2,0.5918714034027988,93.19231182218405,0.0
PROS1,0.5918052115498587,93.18694298292709,1.0
RAB11FIP4,0.591781635031635,93.18157414367015,0.0
RUSC1,0.5917690038530312,93.17620530441319,0.0
PDS5B,0.5916808049413096,93.17083646515624,0.0
SH2B1,0.5916751118488375,93.16546762589928,0.0
SLC12A5,0.591657226107226,93.16009878664234,0.0
RTN4IP1,0.5914811461734731,93.15472994738538,0.0
ERCC4,0.5913965110548942,93.14936110812843,1.0
NPAT,0.5912760135232454,93.14399226887147,0.0
FHL1,0.5912530771667438,93.13862342961453,0.0
KIF3A,0.5912363549675189,93.13325459035757,0.0
SEC23B,0.5911205221583266,93.12788575110062,0.0
DCTN1,0.5911169601492909,93.12251691184366,0.0
CP,0.5910263809013493,93.1171480725867,1.0
MDN1,0.5910253472334117,93.11177923332976,0.0
BRD2,0.5909529942279942,93.1064103940728,0.0
ANP32B,0.5908077637130802,93.10104155481585,0.0
HMX2,0.590692156862745,93.09567271555889,0.0
LARS,0.5905232392002812,93.09030387630195,0.0
GRM1,0.5903589250192832,93.08493503704499,0.0
PEX16,0.5902388634910207,93.07956619778804,1.0
TRAF3IP2,0.5900905423280423,93.07419735853108,0.0
MTOR,0.5897661255411256,93.06882851927413,0.0
NDUFAF5,0.5896400294460789,93.06345968001717,1.0
DAP3,0.589591531556544,93.05809084076023,0.0
MFAP4,0.5894758155179144,93.05272200150327,0.0
BPIFA1,0.589427472669128,93.04735316224632,0.0
ACE,0.5891497835497835,93.04198432298936,0.0
CACNB4,0.5891322040498442,93.03661548373242,0.0
SLC39A4,0.5890901660946928,93.03124664447546,0.0
SUPV3L1,0.5889070918018809,93.02587780521851,0.0
HOXA5,0.5887396029507282,93.02050896596155,0.0
NAGA,0.5887131322708891,93.01514012670461,0.0
KAT6B,0.5885393384940183,93.00977128744765,0.0
ASCC2,0.5885222508614883,93.0044024481907,0.0
ZBTB24,0.5884572512454587,92.99903360893374,0.0
PKHD1,0.5882895604395605,92.9936647696768,0.0
KIF3B,0.5882258109794136,92.98829593041984,0.0
MFN2,0.5880903940886699,92.98292709116289,0.0
HOXB1,0.5880456293706293,92.97755825190593,0.0
RB1CC1,0.5878109601321465,92.97218941264899,0.0
CC2D1A,0.5875138794843731,92.96682057339203,0.0
MCM7,0.5874477535257506,92.96145173413508,0.0
ZNF274,0.5874102791944897,92.95608289487812,0.0
SCN9A,0.5874100433686772,92.95071405562118,0.0
TTN,0.5873857142857142,92.94534521636422,0.0
KL,0.5873827629296824,92.93997637710727,0.0
ADA,0.5873314054810216,92.93460753785033,0.0
ACTN4,0.5871748917748918,92.92923869859337,0.0
CDK2,0.5868880952380953,92.92386985933642,0.0
ATP1A3,0.5867751785253883,92.91850102007946,0.0
FOXI1,0.5865597045924373,92.91313218082252,1.0
PI4K2A,0.5865518288730291,92.90776334156556,0.0
COX8A,0.5864369485885235,92.90239450230861,1.0
KCNQ4,0.5864055461392925,92.89702566305165,0.0
CDO1,0.5862831164449586,92.8916568237947,0.0
FRRS1,0.5861775419058055,92.88628798453774,0.0
NBN,0.5859746411939085,92.8809191452808,0.0
PLAU,0.5856861043302803,92.87555030602384,0.0
LRRFIP1,0.5856410739997465,92.8701814667669,0.0
TCF7L2,0.5853987896161809,92.86481262750993,0.0
CYS1,0.5853541666666666,92.85944378825299,0.0
NPR3,0.5851220015278839,92.85407494899603,0.0
SCYL1,0.5847901862933726,92.84870610973908,0.0
OPA1,0.5847152539339533,92.84333727048212,1.0
ANGPT2,0.584421351575456,92.83796843122516,0.0
NR4A3,0.5844024891774892,92.83259959196822,0.0
DST,0.5838833333333333,92.82723075271126,0.0
CASR,0.5838461649679465,92.82186191345431,0.0
GRIP1,0.583824586436144,92.81649307419735,0.0
NEXN,0.583821659345309,92.8111242349404,0.0
ATXN10,0.583795036075036,92.80575539568345,0.0
PPEF2,0.583763956923458,92.80038655642649,0.0
USP53,0.5837450848541734,92.79501771716954,0.0
RNH1,0.583528421111807,92.7896488779126,0.0
REG1A,0.5835081888572484,92.78428003865564,0.0
DTNBP1,0.5835003628855987,92.77891119939869,0.0
ANXA7,0.5834562460315851,92.77354236014173,0.0
DYNLL1,0.5834083333333333,92.76817352088479,0.0
NIN,0.5832432736205939,92.76280468162783,0.0
SCNM1,0.5832368926743683,92.75743584237088,0.0
NDUFAF4,0.583015371825692,92.75206700311392,0.0
GNPAT,0.5829402952284525,92.74669816385698,0.0
ATP2A1,0.5829051587301587,92.74132932460002,0.0
PPP2R3A,0.5828696612952591,92.73596048534307,0.0
HIP1R,0.5828027014652015,92.73059164608611,0.0
POLB,0.5826377094866062,92.72522280682917,0.0
VDR,0.5824234580912047,92.7198539675722,0.0
TGFBR3,0.5823297619047619,92.71448512831526,0.0
NEB,0.5822737750172532,92.7091162890583,0.0
HR,0.5822017683574288,92.70374744980136,0.0
GALT,0.5821280665684812,92.6983786105444,0.0
CDC14A,0.5821202158132743,92.69300977128745,0.0
ASIC3,0.5820325403726192,92.68764093203049,0.0
CKB,0.5820224106187466,92.68227209277354,0.0
COX7A2L,0.5819761952658283,92.67690325351658,0.0
SEC63,0.5815251946121511,92.67153441425964,0.0
DIXDC1,0.581515862088523,92.66616557500268,0.0
IL1R1,0.5814785657044402,92.66079673574573,0.0
NDEL1,0.5814331984791663,92.65542789648879,0.0
F13A1,0.5813972705366044,92.65005905723183,0.0
MCM10,0.5813700308463465,92.64469021797488,0.0
MC1R,0.581362775689223,92.63932137871792,0.0
GDF11,0.5813123737373738,92.63395253946098,0.0
VPS37D,0.5812466599190284,92.62858370020402,0.0
MST1R,0.5811119047619048,92.62321486094707,0.0
CTTN,0.5810964590690932,92.61784602169011,0.0
COL1A2,0.5810775932078258,92.61247718243317,0.0
BMP2K,0.580989180895645,92.60710834317621,0.0
MDH1,0.5808126342009226,92.60173950391926,0.0
VIM,0.5805019152141689,92.5963706646623,0.0
KAT2A,0.5803768207282912,92.59100182540536,0.0
CALCOCO1,0.5803380859370182,92.5856329861484,0.0
RAB11FIP3,0.5802152496517732,92.58026414689144,0.0
FLNC,0.5802095238095237,92.57489530763449,0.0
PTGS2,0.580139241622575,92.56952646837753,0.0
GOLGA1,0.5800911763906044,92.56415762912059,0.0
OCA2,0.580076076007326,92.55878878986363,0.0
CLK1,0.579885692824914,92.55341995060668,0.0
VWF,0.579719160051418,92.54805111134972,0.0
GJB2,0.5797015873015873,92.54268227209278,0.0
COL9A2,0.5795116708937337,92.53731343283582,1.0
ARSB,0.5794650299787538,92.53194459357886,0.0
TSC1,0.5794388281122971,92.52657575432191,1.0
KCNJ10,0.5792360319011794,92.52120691506495,1.0
UQCRC2,0.5791114873797849,92.515838075808,0.0
SREBF2,0.5790567036934114,92.51046923655106,0.0
GLE1,0.5788724631912018,92.5051003972941,0.0
MTTP,0.5788316359268129,92.49973155803715,1.0
RAB8A,0.5787994623655914,92.4943627187802,0.0
SYNJ2,0.5783430651538095,92.48899387952325,0.0
CDS2,0.5782350468975469,92.48362504026629,0.0
HOXC13,0.578189393939394,92.47825620100934,0.0
RABGGTA,0.5777457875476383,92.47288736175238,0.0
TEAD2,0.57769224359142,92.46751852249544,0.0
WNT9A,0.5776772641042451,92.46214968323848,0.0
LOXL3,0.5775621674450413,92.45678084398153,0.0
GPM6A,0.5775450559540889,92.45141200472457,0.0
FN1,0.5773455738705738,92.44604316546763,0.0
CBY1,0.5772169311150244,92.44067432621067,0.0
CCND3,0.5771538718118827,92.43530548695372,0.0
CNGA2,0.5768456709956711,92.42993664769676,0.0
GRB7,0.5767814796618638,92.42456780843982,0.0
CS,0.5766927125506073,92.41919896918286,0.0
SCN3A,0.5766571428571428,92.41383012992591,0.0
SLIT2,0.5766482142857142,92.40846129066895,0.0
TKT,0.5766236322206395,92.40309245141201,0.0
S100A4,0.5765267985137076,92.39772361215505,0.0
ABCC9,0.5765002948489099,92.3923547728981,0.0
COX10,0.5764558473437456,92.38698593364114,1.0
KDR,0.5764281015037593,92.3816170943842,0.0
LAMA3,0.5759872918747918,92.37624825512725,0.0
DYNLRB1,0.5759059043304664,92.37087941587029,0.0
CYP7A1,0.5759021564327484,92.36551057661335,0.0
ROCK1,0.5757391941391942,92.36014173735639,0.0
SEMA4F,0.5756226808641192,92.35477289809944,0.0
EPS8L1,0.5753682289932291,92.34940405884248,0.0
CRYGB,0.5753423152475785,92.34403521958554,0.0
MYO10,0.5751629398379399,92.33866638032858,0.0
HEYL,0.5751173955448345,92.33329754107163,0.0
RPL38,0.5750863455988457,92.32792870181467,0.0
PDCD2,0.5750807884212814,92.32255986255772,0.0
APTX,0.5750525879972688,92.31719102330077,0.0
TLN1,0.5750090269793101,92.31182218404382,0.0
TRPV4,0.5749963369963369,92.30645334478686,0.0
NRAS,0.5749810654280434,92.3010845055299,0.0
MT1E,0.5749717852323115,92.29571566627295,0.0
DGAT2,0.5748833325785951,92.290346827016,0.0
IL10,0.5748165689785321,92.28497798775905,0.0
SLC19A2,0.5747472123060082,92.27960914850209,1.0
AXIN2,0.5746337894809594,92.27424030924513,0.0
NOS2,0.5743698957886457,92.26887146998818,0.0
IDH3A,0.574158921723438,92.26350263073122,0.0
SIRT1,0.5741471732883558,92.25813379147428,0.0
YLPM1,0.574111607142857,92.25276495221732,0.0
SNRNP200,0.5740529840427696,92.24739611296037,1.0
KANSL1,0.5738364985238408,92.24202727370343,0.0
CAMLG,0.5738241218505431,92.23665843444647,0.0
NFATC3,0.5737497474747475,92.23128959518952,0.0
PHLPP2,0.5737455520221787,92.22592075593256,0.0
SULF1,0.5736811443673286,92.22055191667562,0.0
PTMS,0.5735976701588126,92.21518307741866,0.0
GABRB3,0.5734759920634921,92.20981423816171,0.0
IGF1R,0.5734713695474805,92.20444539890475,0.0
MAD1L1,0.5733485644985645,92.1990765596478,0.0
HIF3A,0.5733226483696927,92.19370772039085,0.0
ADAM9,0.5730290953922936,92.1883388811339,1.0
RASA3,0.5730266125168998,92.18297004187694,0.0
STAB1,0.573024299719888,92.17760120262,0.0
FERMT1,0.5729679494289256,92.17223236336304,0.0
SMARCAL1,0.572912510152394,92.16686352410609,0.0
BDP1,0.572909541091214,92.16149468484913,0.0
TICAM1,0.5728017611427287,92.15612584559219,0.0
MARCKSL1,0.5727474776040952,92.15075700633523,0.0
HMX3,0.5726929563492064,92.14538816707828,0.0
ACSS2,0.572501927953045,92.14001932782132,0.0
GJA3,0.5724136155187299,92.13465048856438,0.0
IDUA,0.5723068178414118,92.12928164930742,1.0
ABCD1,0.5722924550720252,92.12391281005047,0.0
EP400,0.572141780792391,92.11854397079351,0.0
ZNF330,0.5720465047611487,92.11317513153656,0.0
PLCB2,0.5719592212855931,92.1078062922796,0.0
SLC27A4,0.571954785955049,92.10243745302266,0.0
ZNF329,0.5718006913902497,92.09706861376571,0.0
PSENEN,0.5717837159856016,92.09169977450875,0.0
ITPR1,0.5717595238095238,92.08633093525181,0.0
GGCX,0.5717501948050884,92.08096209599485,1.0
ACAD10,0.5714008865248228,92.0755932567379,0.0
IGF2R,0.5713701298701298,92.07022441748094,0.0
ATXN7,0.5713184019406097,92.064855578224,1.0
CCDC39,0.571224512987013,92.05948673896704,0.0
ACADSB,0.5710878663917346,92.05411789971009,0.0
BRCA2,0.5710715442603373,92.04874906045313,0.0
PLP2,0.570944294615208,92.04338022119617,0.0
PRPF3,0.5709307932097771,92.03801138193923,1.0
DNMBP,0.5709034186039671,92.03264254268227,0.0
MYH15,0.5708088882436443,92.02727370342532,0.0
R3HCC1L,0.5708017675989667,92.02190486416836,0.0
TIMM22,0.5706899785378617,92.01653602491142,0.0
LETMD1,0.5706171367139284,92.01116718565446,0.0
ARSA,0.570542181171319,92.00579834639751,0.0
CDKN1A,0.5704538997113998,92.00042950714055,0.0
DLK1,0.5703396348442242,91.99506066788359,0.0
BMP5,0.570314522637047,91.98969182862665,0.0
PRICKLE1,0.5702977007097625,91.98432298936969,0.0
SACS,0.5701935274044433,91.97895415011274,1.0
NME7,0.5700707316856456,91.97358531085578,0.0
VHL,0.5699898686519526,91.96821647159884,1.0
MAPT,0.5699029761904761,91.96284763234189,0.0
FDX1,0.5698514126224653,91.95747879308493,0.0
ERMP1,0.5698397223817462,91.95210995382799,0.0
TBC1D9B,0.5698140384585003,91.94674111457103,0.0
RUNX2,0.5697136712749616,91.94137227531408,0.0
COL17A1,0.5696824867262368,91.93600343605712,0.0
MYF6,0.5693849155474155,91.93063459680018,0.0
AHCTF1,0.5693524542486499,91.92526575754322,0.0
ALX4,0.5693382073954771,91.91989691828627,0.0
BARHL2,0.5692221388650572,91.91452807902931,0.0
OPA3,0.5691163708746156,91.90915923977236,0.0
PLA2G3,0.56892741205155,91.9037904005154,0.0
SCD,0.5689001902278219,91.89842156125846,0.0
ZNF513,0.5687827067478658,91.8930527220015,1.0
WNT1,0.5687095238095238,91.88768388274455,0.0
SMAD9,0.5686412836898225,91.8823150434876,0.0
TNFRSF11B,0.568526465574427,91.87694620423065,1.0
UTRN,0.568209186722472,91.87157736497369,0.0
EIF2AK4,0.5681862498612498,91.86620852571674,0.0
RAB34,0.5681590888959004,91.86083968645978,0.0
TUSC3,0.568154436296128,91.85547084720284,0.0
SLC4A2,0.5679593137254904,91.85010200794588,0.0
NEU1,0.5679281264048002,91.84473316868893,1.0
RNF38,0.567830612244898,91.83936432943197,0.0
GNB3,0.5676744821688582,91.83399549017503,0.0
MT1A,0.5676195906432748,91.82862665091807,0.0
MIB1,0.567456301879506,91.82325781166112,0.0
MMP9,0.5674500000000001,91.81788897240418,0.0
MECOM,0.5674021471583971,91.81252013314722,0.0
TUBGCP5,0.5672888983195661,91.80715129389027,0.0
MAX,0.5672653397778787,91.80178245463331,1.0
SMTN,0.5671754207145512,91.79641361537637,0.0
WNT9B,0.5670365800865802,91.7910447761194,0.0
KIF1A,0.5670336580086579,91.78567593686246,0.0
NCOA7,0.5668962973962974,91.7803070976055,0.0
PLK4,0.5668236186790896,91.77493825834856,1.0
BAZ1B,0.5668213703289071,91.7695694190916,0.0
ABCA3,0.566806669797575,91.76420057983464,0.0
PPARG,0.5666194951915882,91.75883174057769,0.0
ALK,0.5664348748473749,91.75346290132073,0.0
RARS2,0.566343644424849,91.74809406206379,0.0
CEP192,0.5663030303030303,91.74272522280683,0.0
CTSH,0.5662518356271447,91.73735638354987,0.0
ZNF830,0.566209414711366,91.73198754429292,0.0
WBP2,0.5661788513081231,91.72661870503596,0.0
CANT1,0.5660032601643622,91.72124986577901,0.0
RBP2,0.5660018349141723,91.71588102652206,0.0
CPOX,0.5659754031035631,91.71051218726511,0.0
WARS,0.5657998868106697,91.70514334800815,0.0
POLA2,0.5656868467937097,91.6997745087512,0.0
ASIP,0.5656730381411927,91.69440566949424,0.0
ADORA2A,0.5656713151975945,91.6890368302373,0.0
GNB5,0.5656283032389801,91.68366799098035,1.0
GPATCH1,0.5655972576328264,91.6782991517234,0.0
MAGI2,0.5655960317460318,91.67293031246645,0.0
AATF,0.5655861109199236,91.66756147320949,0.0
ESR2,0.5655389942482671,91.66219263395254,0.0
GP6,0.5653950918964077,91.65682379469558,0.0
USP38,0.5652493461274389,91.65145495543864,0.0
PNPO,0.5651402261070209,91.64608611618168,0.0
GABRA5,0.5651098942136169,91.64071727692473,0.0
SRC,0.564984931952203,91.63534843766777,0.0
NDUFA10,0.5649517993744161,91.62997959841083,1.0
HOXA1,0.5648668509509067,91.62461075915387,0.0
UQCRFS1,0.564865100587183,91.61924191989692,0.0
STAG3,0.5647726114985476,91.61387308063996,0.0
MTX2,0.564695264619715,91.60850424138302,0.0
UBAP2,0.5646180254930255,91.60313540212606,0.0
SLC4A4,0.5645595238095239,91.59776656286911,0.0
CSPG4,0.5645400793650793,91.59239772361215,0.0
TFRC,0.5645193143499636,91.5870288843552,0.0
MAPKAPK2,0.5644562325124063,91.58166004509825,0.0
LLGL2,0.5642571880365048,91.5762912058413,0.0
PPM1F,0.5640886691366096,91.57092236658434,0.0
ADAM12,0.5640180205415499,91.5655535273274,0.0
CSNK2A1,0.564000830417478,91.56018468807044,0.0
FBXW7,0.5639274625736582,91.55481584881349,0.0
AZGP1,0.5638643320260729,91.54944700955654,0.0
LIG1,0.5637541006195143,91.54407817029958,0.0
GFPT2,0.5637066558889139,91.53870933104264,0.0
DNAH7,0.5637019073220686,91.53334049178568,0.0
SNAPC1,0.5636518615459426,91.52797165252873,0.0
TPM3,0.5636115287818273,91.52260281327177,0.0
KIAA1328,0.5634751569938912,91.51723397401483,0.0
EXT2,0.5633415567104081,91.51186513475787,0.0
PTCHD3,0.5632923160173159,91.50649629550091,0.0
TSC2,0.5632184865929147,91.50112745624396,1.0
RFX3,0.5631727272727273,91.495758616987,0.0
HAND2,0.5631488095238095,91.49038977773006,0.0
ENKUR,0.5629969663338805,91.4850209384731,0.0
BPNT1,0.5629553969410044,91.47965209921615,0.0
KIF21A,0.5629198218872672,91.4742832599592,0.0
GOLGA4,0.5628645853057617,91.46891442070225,0.0
PER2,0.5627149691677957,91.46354558144529,0.0
ABL2,0.56268474893091,91.45817674218833,0.0
QSOX1,0.5625857057158529,91.45280790293138,0.0
CDH13,0.562442211770445,91.44743906367442,0.0
S100A11,0.5622391738217409,91.44207022441748,0.0
DIAPH3,0.5621784238426554,91.43670138516052,0.0
IFNGR1,0.5621740057301674,91.43133254590357,0.0
CACNA1S,0.5621263255045609,91.42596370664661,0.0
CHRNA9,0.5620972984370871,91.42059486738967,0.0
GGT5,0.5620898098633391,91.41522602813271,0.0
PMEL,0.5618758362645405,91.40985718887576,0.0
SNAI3,0.5617818601576137,91.40448834961882,0.0
ELK3,0.5616077662456146,91.39911951036186,0.0
DNMT3B,0.5614561645423866,91.39375067110491,0.0
SQSTM1,0.561393217018558,91.38838183184795,0.0
RIOK2,0.5613090576734224,91.383012992591,0.0
TRIP11,0.5611141677973768,91.37764415333405,0.0
PDS5A,0.5610885497835498,91.3722753140771,0.0
PTPRS,0.5610791847041847,91.36690647482014,0.0
APLNR,0.5609717291967292,91.3615376355632,0.0
APOE,0.5609481792717086,91.35616879630624,0.0
BIRC6,0.5609244047619046,91.35079995704929,0.0
HSD17B1,0.5608954960204166,91.34543111779233,0.0
PRKAR1A,0.5608636243386245,91.34006227853538,0.0
LAMB3,0.5608283880367462,91.33469343927842,0.0
CLN3,0.5608188853956118,91.32932460002148,1.0
EVC,0.5607349927849927,91.32395576076452,0.0
WDR81,0.5606772219009061,91.31858692150757,0.0
ATR,0.5606218346253229,91.31321808225061,0.0
ACAT2,0.56058642868386,91.30784924299367,0.0
TCOF1,0.560585046611237,91.30248040373671,0.0
APP,0.5605657986234943,91.29711156447976,0.0
DYNC1H1,0.5605300976800975,91.2917427252228,0.0
CDH5,0.5604149403152701,91.28637388596586,0.0
LSR,0.559989279275905,91.2810050467089,0.0
PKD2,0.5599100641216269,91.27563620745195,0.0
ADAMTSL4,0.5598759803921569,91.27026736819501,0.0
LYZ,0.5597540060626827,91.26489852893805,0.0
LRP4,0.5597226957449647,91.2595296896811,0.0
EDARADD,0.5596958025104698,91.25416085042414,0.0
ETV4,0.5596385944187403,91.2487920111672,0.0
NPC1,0.5591960317460317,91.24342317191024,0.0
TIE1,0.5591431477550561,91.23805433265329,0.0
AKAP12,0.5590613371007537,91.23268549339633,0.0
LSM14A,0.5589663445323624,91.22731665413937,0.0
LRP1,0.5586849206349207,91.22194781488243,0.0
WNT5B,0.5586548462735301,91.21657897562547,0.0
SMARCD3,0.5586371051762445,91.21121013636852,0.0
GGT1,0.5584559523809525,91.20584129711156,0.0
IGF2,0.5583829516497995,91.2004724578546,0.0
BNC2,0.5583567483576718,91.19510361859766,0.0
CTC1,0.5583295235912547,91.1897347793407,1.0
TSHR,0.5583263702501202,91.18436594008375,0.0
TRAFD1,0.558324941659303,91.17899710082679,0.0
GJB6,0.5582440476190476,91.17362826156985,0.0
LDHA,0.5580086908117508,91.16825942231289,0.0
MAPK8IP3,0.5580031973805205,91.16289058305594,0.0
MAP3K12,0.5579197920433996,91.15752174379898,0.0
SOX4,0.5577562021312021,91.15215290454204,0.0
L1CAM,0.5577467831042242,91.14678406528508,0.0
TXNRD2,0.5577358585858585,91.14141522602813,0.0
CNOT1,0.5576443069693069,91.13604638677117,0.0
VPS33A,0.5576404845154845,91.13067754751422,0.0
ZC3HC1,0.5576402798876385,91.12530870825728,0.0
TAF6,0.5574076865645555,91.11993986900032,0.0
AGAP1,0.5573959742532184,91.11457102974337,0.0
INTS1,0.5572750319808468,91.10920219048641,0.0
C9orf78,0.5572730425286949,91.10383335122947,0.0
PLOD1,0.5572519218556534,91.09846451197251,1.0
ATP7B,0.5569658845926609,91.09309567271556,0.0
TIMM10,0.5569229479076505,91.0877268334586,0.0
POC1B,0.556890707153562,91.08235799420166,1.0
YES1,0.5568668393885897,91.0769891549447,0.0
PHGDH,0.5567245349572941,91.07162031568775,0.0
BSG,0.5567041959592535,91.06625147643079,0.0
MYO5B,0.5565867208577406,91.06088263717385,0.0
GBF1,0.5565347293726449,91.05551379791689,0.0
F7,0.556477776938349,91.05014495865994,0.0
LTBP3,0.5563615440115439,91.04477611940298,0.0
SH2D3C,0.5563334208596503,91.03940728014604,0.0
CYC1,0.5562722311323743,91.03403844088908,0.0
DNAH1,0.5562389017415332,91.02866960163213,0.0
SRF,0.5561303600594467,91.02330076237517,0.0
PRPF31,0.5559302401263705,91.01793192311823,1.0
SIK3,0.5558769841269842,91.01256308386127,0.0
STAB2,0.5558368131868132,91.00719424460432,0.0
CHRNA3,0.5558256224238376,91.00182540534736,0.0
SMARCB1,0.5557911904761904,90.99645656609042,0.0
BMPR1A,0.5557606960930473,90.99108772683347,0.0
MUSK,0.5555306030227083,90.98571888757651,0.0
TFB1M,0.5553832972582973,90.98035004831956,0.0
TK2,0.555256341710792,90.9749812090626,0.0
HUS1,0.5552401509947155,90.96961236980565,0.0
HARS,0.5552025837521832,90.9642435305487,1.0
CCDC92,0.555125354755852,90.95887469129174,0.0
DHPS,0.5551182293903674,90.9535058520348,0.0
PHF6,0.5550845238095239,90.94813701277783,0.0
ATPAF2,0.5549339580024812,90.94276817352089,0.0
LRTOMT,0.5549123524623524,90.93739933426393,0.0
TPK1,0.5548112418277777,90.93203049500698,0.0
EN1,0.5547447945845004,90.92666165575002,0.0
TP53,0.5545976399624484,90.92129281649306,1.0
CKMT2,0.554585560699153,90.91592397723612,0.0
SPEF1,0.5544837518694583,90.91055513797916,0.0
KCNA1,0.554457196969697,90.90518629872221,0.0
GSTCD,0.5543899590755321,90.89981745946525,0.0
ITGA9,0.5542859094122253,90.89444862020831,0.0
TRPM8,0.5542515873015873,90.88907978095135,0.0
AHCY,0.5541387030941199,90.8837109416944,0.0
NCAPD3,0.5540946999327508,90.87834210243744,0.0
ATP1A2,0.5540753824423787,90.8729732631805,0.0
VEZT,0.5537,90.86760442392354,0.0
DNAJC1,0.5536658756265664,90.86223558466659,0.0
FRK,0.5534949695022793,90.85686674540965,0.0
FLT1,0.5533726606064476,90.85149790615269,0.0
ALOXE3,0.5533576883053408,90.84612906689574,0.0
TP73,0.5533439707093109,90.84076022763878,0.0
HPS5,0.553214672365214,90.83539138838184,0.0
ATP2B2,0.5531654942279942,90.83002254912488,0.0
MTUS1,0.5531357142857143,90.82465370986793,0.0
NUP214,0.5530498430757322,90.81928487061097,0.0
STAT6,0.5530273745582788,90.81391603135403,0.0
OSBPL1A,0.552964294549717,90.80854719209707,0.0
UBA6,0.5529632763610625,90.80317835284012,0.0
WNT6,0.5528839466089466,90.79780951358316,0.0
KIF16B,0.5528612026862028,90.79244067432622,0.0
DOCK5,0.5527717539189589,90.78707183506926,0.0
FAS,0.5527672754288215,90.78170299581231,1.0
ECM1,0.5527521532339872,90.77633415655535,0.0
KMT2C,0.5527238623383784,90.7709653172984,0.0
TMEM17,0.5526289377289377,90.76559647804145,0.0
HYAL2,0.5525454382016326,90.7602276387845,0.0
GART,0.5525354646383297,90.75485879952754,0.0
CA4,0.5524217322886262,90.7494899602706,1.0
ATG16L1,0.5522511294261294,90.74412112101363,0.0
EPHA3,0.5520842345633905,90.73875228175669,0.0
CUL9,0.5520139793740453,90.73338344249973,0.0
GIGYF2,0.551991591436786,90.72801460324278,0.0
ELOVL4,0.551990504622723,90.72264576398582,1.0
GJB3,0.5519490602433039,90.71727692472888,0.0
KIF22,0.5518897009158095,90.71190808547193,0.0
LIMA1,0.5518555713182891,90.70653924621497,0.0
SV2B,0.5518457387514432,90.70117040695803,0.0
PLCB4,0.5518152089321051,90.69580156770107,0.0
RHBDF2,0.5516453054330139,90.69043272844411,0.0
MTF1,0.5515858862671685,90.68506388918716,0.0
CTNND1,0.5515749636530518,90.6796950499302,0.0
SORBS1,0.5515688994609727,90.67432621067326,0.0
MSR1,0.5515335077203498,90.6689573714163,0.0
FOS,0.5514978641456583,90.66358853215934,0.0
OGN,0.5514600535472783,90.65821969290239,0.0
ACOT2,0.5514077749643788,90.65285085364543,0.0
TBX5,0.5513978056426332,90.64748201438849,0.0
RHOB,0.5513566907854702,90.64211317513153,0.0
MYD88,0.5513537959621713,90.63674433587458,0.0
NR1D1,0.5512819693172114,90.63137549661762,0.0
COG6,0.5512127050794814,90.62600665736068,0.0
NUMA1,0.5512010785081757,90.62063781810372,0.0
NPHS1,0.5511341394956037,90.61526897884677,0.0
RASA1,0.5510359089547768,90.60990013958981,0.0
RPS20,0.550881534434939,90.60453130033287,0.0
PGAM5,0.5508660369322063,90.5991624610759,0.0
ATRN,0.5508618198725961,90.59379362181896,0.0
DSG1,0.5507261547734676,90.588424782562,0.0
AIFM1,0.5507193149443149,90.58305594330506,0.0
PKP1,0.5507120546395765,90.57768710404811,0.0
EID1,0.550579129549001,90.57231826479115,0.0
DCP2,0.5505195737300066,90.5669494255342,0.0
KRIT1,0.5504435060406903,90.56158058627724,1.0
SLC2A8,0.5503755946291092,90.5562117470203,0.0
ACAD8,0.5503348773989781,90.55084290776334,0.0
DZIP1,0.5502830067188338,90.5454740685064,0.0
ASPH,0.550233780144638,90.54010522924943,0.0
DEAF1,0.5500664756872868,90.53473638999249,0.0
GAB1,0.549959201055774,90.52936755073553,0.0
CBFB,0.5499249684238089,90.52399871147858,0.0
SLC30A4,0.5498482449856906,90.51862987222162,0.0
ACTL6A,0.5498337841894481,90.51326103296468,0.0
PLG,0.5497919851712615,90.50789219370772,0.0
PIK3R4,0.5495445344920907,90.50252335445077,0.0
PCSK5,0.549529656862745,90.49715451519381,0.0
CTSV,0.5494029532124036,90.49178567593687,0.0
LTN1,0.5492978193620371,90.48641683667991,0.0
GFM1,0.54928334758923,90.48104799742296,0.0
POLH,0.5492205206840323,90.475679158166,0.0
ACACB,0.5491012656415458,90.47031031890906,0.0
IDH3B,0.5490020838669918,90.4649414796521,1.0
MARCKS,0.5489564019002221,90.45957264039515,0.0
BUB1,0.5488697772708523,90.45420380113819,0.0
POLR3A,0.5488691883388748,90.44883496188125,0.0
NBEA,0.5487733516483517,90.44346612262429,0.0
CLTB,0.5487624920191096,90.43809728336734,0.0
HS2ST1,0.548704019944639,90.43272844411038,0.0
SOD2,0.5486780820279182,90.42735960485344,0.0
RBL2,0.5486620676691729,90.42199076559648,0.0
CA9,0.5486475592462219,90.41662192633953,0.0
ARVCF,0.5485297824987786,90.41125308708257,0.0
ANXA1,0.5484658114429065,90.40588424782563,0.0
SYNJ1,0.5484598121690631,90.40051540856867,0.0
FITM2,0.548403127191957,90.39514656931172,0.0
USF1,0.5481811585164527,90.38977773005476,0.0
PAX4,0.5481708053440812,90.3844088907978,0.0
TRIO,0.5480229269293925,90.37904005154085,0.0
HUWE1,0.5479391226201249,90.3736712122839,0.0
CRKL,0.5479196743026337,90.36830237302695,0.0
KIF3C,0.547902176680949,90.36293353376999,0.0
APBB2,0.5478607232695629,90.35756469451304,0.0
ITPR2,0.5478300724637681,90.35219585525608,0.0
ECT2,0.5477966233766234,90.34682701599914,0.0
VAV3,0.5476296240229885,90.34145817674218,0.0
DSP,0.5474812626262626,90.33608933748523,0.0
MACF1,0.5474129420759839,90.33072049822827,0.0
CAPNS1,0.547375025641941,90.32535165897133,0.0
ERMN,0.5472327451362899,90.31998281971437,0.0
GYS1,0.5472217032967033,90.31461398045742,0.0
HPS4,0.547216459922702,90.30924514120046,0.0
AXL,0.5471281482230448,90.30387630194352,0.0
JAM2,0.5471088215347896,90.29850746268657,0.0
AP4E1,0.5471018503536165,90.29313862342961,0.0
GPA33,0.54707089314509,90.28776978417267,0.0
CDC14B,0.5470632466975743,90.28240094491571,0.0
PAFAH1B1,0.5469499999999999,90.27703210565876,0.0
ERI1,0.546908713156621,90.2716632664018,0.0
RFC2,0.546742839036509,90.26629442714486,0.0
KRT8,0.5466099250330522,90.2609255878879,0.0
CHSY1,0.5464952380952381,90.25555674863095,0.0
AKAP10,0.5464550151463359,90.25018790937399,0.0
KCNE1,0.5464445205553325,90.24481907011705,0.0
CRB2,0.5464332696715049,90.23945023086009,0.0
SCNN1B,0.5463027015016453,90.23408139160314,0.0
FLII,0.5462847612839139,90.22871255234618,0.0
ELN,0.5462668081934869,90.22334371308924,0.0
RNF20,0.5462448313618166,90.21797487383228,0.0
ASH1L,0.5462343025030525,90.21260603457533,0.0
NSD1,0.5461967738438973,90.20723719531837,0.0
SURF1,0.5461822016540088,90.20186835606142,1.0
EPHX2,0.5461030342120898,90.19649951680447,0.0
MAP4,0.5460806375430436,90.19113067754752,0.0
TFE3,0.5460777230090569,90.18576183829056,0.0
EPS8L2,0.5458063836836295,90.18039299903361,0.0
WDR3,0.5457644978276575,90.17502415977665,0.0
ATP5C1,0.5457027351858439,90.16965532051971,0.0
PTPRU,0.5454492624720556,90.16428648126276,0.0
RBBP4,0.5454425491878778,90.1589176420058,0.0
MAP2K3,0.5454253831417625,90.15354880274884,0.0
NR6A1,0.5453956709956709,90.1481799634919,0.0
CENPF,0.5453345326843133,90.14281112423494,1.0
POLE,0.5453190566379513,90.137442284978,0.0
NALCN,0.5453079003964241,90.13207344572103,0.0
HEPH,0.5451834992879406,90.12670460646407,0.0
GLA,0.5451234126984126,90.12133576720713,0.0
MT3,0.545028244323921,90.11596692795017,0.0
RYR1,0.544978205128205,90.11059808869322,0.0
ERCC1,0.5447902394860441,90.10522924943626,0.0
DYNC1LI1,0.5447037686554974,90.09986041017932,0.0
EGFL7,0.5446591728091728,90.09449157092236,0.0
IL2RA,0.5446366151822034,90.08912273166541,0.0
E2F3,0.5445208746557235,90.08375389240845,0.0
TUBG2,0.5444212391428576,90.07838505315151,0.0
PRDM5,0.5443166536712842,90.07301621389455,0.0
TGM2,0.5442787572854065,90.0676473746376,0.0
NCK1,0.5442462930581284,90.06227853538064,0.0
DHODH,0.5440048932972648,90.0569096961237,0.0
CXADR,0.5438572099311189,90.05154085686674,0.0
NRARP,0.5437994505494504,90.04617201760979,0.0
WWTR1,0.5436365075093208,90.04080317835283,0.0
BTD,0.5435342730309956,90.03543433909589,0.0
TMEM165,0.5435301105144855,90.03006549983893,0.0
SGCG,0.5435087569481782,90.02469666058198,0.0
MGAT2,0.5434565985334424,90.01932782132504,0.0
VTI1B,0.5433962027323966,90.01395898206808,0.0
UQCRB,0.5433753484320556,90.00859014281113,0.0
RAB27A,0.5433716975877776,90.00322130355417,0.0
TUFT1,0.5433011306812071,89.99785246429722,0.0
SMAD2,0.5432756515622265,89.99248362504026,0.0
RNF10,0.543194752726466,89.98711478578332,0.0
DOK7,0.5431781629642953,89.98174594652636,0.0
HMGCS2,0.5431527644892131,89.97637710726941,0.0
TRPC3,0.5431005913168958,89.97100826801245,0.0
PARD3B,0.5430737734487735,89.96563942875551,0.0
CDAN1,0.5429164462422211,89.96027058949855,0.0
ATP6AP1,0.542846722462731,89.9549017502416,0.0
MIPOL1,0.5428156432518626,89.94953291098464,0.0
GORASP1,0.5427783815183437,89.9441640717277,0.0
COL3A1,0.5427589430864972,89.93879523247074,0.0
BGN,0.5427245657346668,89.9334263932138,0.0
DNER,0.5427002937198144,89.92805755395683,0.0
CCND2,0.5426062838468722,89.92268871469989,0.0
TADA1,0.5425893256084605,89.91731987544293,0.0
ABLIM1,0.5425592359659575,89.91195103618598,0.0
ADK,0.5423685515520689,89.90658219692902,0.0
MYBBP1A,0.5423651157180971,89.90121335767208,0.0
NFIC,0.5423527429963202,89.89584451841512,0.0
SLC25A5,0.5423110774613425,89.89047567915817,0.0
POC1A,0.5422618561100109,89.88510683990121,0.0
AMBRA1,0.5422547226379539,89.87973800064427,0.0
NDRG1,0.5422472019040276,89.8743691613873,0.0
AGBL2,0.5422167850161835,89.86900032213036,0.0
MYBPHL,0.5421502581037683,89.8636314828734,0.0
COX7A1,0.5421461658167541,89.85826264361646,0.0
SLC9A8,0.5421264437090147,89.8528938043595,0.0
AQP1,0.5420955313756224,89.84752496510254,0.0
QKI,0.5420616018417544,89.84215612584559,0.0
CDKN1C,0.5418973124098124,89.83678728658863,0.0
HAPLN1,0.541829737383014,89.83141844733169,0.0
MAML1,0.5416433577167836,89.82604960807473,0.0
MUS81,0.5415123017679424,89.82068076881778,0.0
MMP2,0.5414775252525252,89.81531192956082,0.0
LTBP2,0.5414462122944049,89.80994309030388,1.0
TRPM7,0.5411780181206536,89.80457425104692,0.0
KLHL20,0.5410329547525492,89.79920541178997,0.0
SRRM4,0.541022304972973,89.79383657253301,0.0
HIPK3,0.5409239564438796,89.78846773327606,0.0
ACADL,0.5409156554304664,89.7830988940191,0.0
NDUFAF2,0.5408843824631051,89.77773005476216,1.0
ZC4H2,0.5407791021087195,89.7723612155052,0.0
MYO1D,0.5407447517894638,89.76699237624825,0.0
OPTN,0.5406949067728546,89.7616235369913,0.0
ROCK2,0.5406637882424863,89.75625469773435,0.0
FOXC1,0.5404492063492062,89.75088585847739,0.0
EPRS,0.5404356498556121,89.74551701922044,0.0
PADI3,0.5404193658651579,89.7401481799635,0.0
MEF2C,0.5404102564102564,89.73477934070654,0.0
ALS2,0.5402321646714933,89.72941050144959,0.0
BARX2,0.5402195051475454,89.72404166219263,0.0
SFN,0.5402088352693534,89.71867282293569,0.0
GLRA3,0.5400793549966871,89.71330398367873,0.0
LYST,0.5399725487012987,89.70793514442178,0.0
ASAH1,0.5399239177140701,89.70256630516482,0.0
SLC38A10,0.539918844462038,89.69719746590788,0.0
CCR2,0.5399169768652649,89.69182862665092,0.0
CA14,0.5398050140574997,89.68645978739397,0.0
LAPTM4B,0.5396681799921088,89.68109094813701,0.0
ZNF445,0.5396260794409259,89.67572210888007,0.0
KIF1B,0.5395524654098219,89.6703532696231,1.0
CBX2,0.539507105934647,89.66498443036616,0.0
SEPT2,0.5394245634940316,89.6596155911092,0.0
SHARPIN,0.5392829041649477,89.65424675185226,0.0
CENPH,0.5392683570501918,89.6488779125953,0.0
GGNBP2,0.5392043513957308,89.64350907333835,0.0
UBR5,0.5391350563002113,89.63814023408139,0.0
DMTF1,0.5390297619047619,89.63277139482445,0.0
AASDHPPT,0.539028914044313,89.62740255556749,0.0
POLR1E,0.5389100084453521,89.62203371631054,0.0
S1PR3,0.5385331430904637,89.61666487705358,0.0
TCHP,0.5385068153791918,89.61129603779663,0.0
TOP3A,0.5384878567083188,89.60592719853967,0.0
DDX42,0.5384340299876903,89.60055835928273,0.0
GBA2,0.5383450326547634,89.59518952002577,0.0
DYNLRB2,0.5382441894353369,89.58982068076881,0.0
PDSS2,0.5381969025736324,89.58445184151186,0.0
ATF4,0.538196842046842,89.5790830022549,0.0
AGT,0.5381741675895164,89.57371416299796,0.0
GPHN,0.5380732174411338,89.568345323741,0.0
TACC3,0.5380049412879343,89.56297648448405,0.0
TTC21A,0.5378952762152343,89.5576076452271,0.0
SLC12A2,0.537856071858568,89.55223880597015,0.0
BGLAP,0.5378257827091945,89.54686996671319,0.0
PLEKHM2,0.5377736842164443,89.54150112745624,0.0
ASPM,0.5376916923515761,89.53613228819928,0.0
PLEKHG1,0.537605839355218,89.53076344894234,0.0
MED24,0.5376044538627507,89.52539460968538,0.0
FMOD,0.5375128366725563,89.52002577042843,0.0
ABCF1,0.5374774715475382,89.51465693117147,0.0
ASL,0.5374346586564973,89.50928809191453,0.0
USMG5,0.5373904096804089,89.50391925265757,0.0
PHC1,0.5373514497992472,89.49855041340062,0.0
SLC4A3,0.5370517061498872,89.49318157414366,0.0
CDC123,0.5370344615924094,89.48781273488672,0.0
GRB2,0.537031711923058,89.48244389562976,0.0
MIB2,0.5369507891125064,89.47707505637281,0.0
FKBP4,0.5369321146385972,89.47170621711587,0.0
SIVA1,0.5367798611349285,89.4663373778589,0.0
DSTN,0.5365193541965281,89.46096853860196,0.0
HAUS5,0.5364349811128448,89.455599699345,0.0
MMP7,0.5363987206802918,89.45023086008806,0.0
SPTB,0.5363644907210696,89.4448620208311,0.0
TACO1,0.5362648136205607,89.43949318157415,1.0
MARK3,0.5361874206321688,89.43412434231719,0.0
ROBO1,0.5361289052545678,89.42875550306024,0.0
TAMM41,0.5360969949829684,89.42338666380329,0.0
ACACA,0.536080000515916,89.41801782454634,0.0
NRXN2,0.5360119492150859,89.41264898528938,0.0
ARV1,0.5359881650320111,89.40728014603243,0.0
HSPB1,0.5359315069574263,89.40191130677547,0.0
BLOC1S3,0.5357626040209398,89.39654246751853,0.0
EFNA5,0.5356021068938477,89.39117362826157,0.0
HIGD2A,0.5355629151715285,89.38580478900462,0.0
BMP6,0.5355355465015912,89.38043594974766,0.0
TLR3,0.5353642009960371,89.37506711049072,0.0
SLC4A11,0.5353049983179804,89.36969827123376,0.0
GJC1,0.5352693972693973,89.36432943197681,0.0
IDS,0.5352659448571917,89.35896059271985,1.0
FLOT2,0.535224666725822,89.35359175346291,0.0
DRD2,0.5351181896181896,89.34822291420595,0.0
SQRDL,0.535095421347991,89.342854074949,0.0
FOXN1,0.5350815776413602,89.33748523569204,0.0
KDM5A,0.5350492000336827,89.3321163964351,0.0
LRP10,0.5350472116239263,89.32674755717814,0.0
PKP2,0.535027643948585,89.32137871792119,0.0
EOMES,0.5349317348535658,89.31600987866423,0.0
SIRT3,0.5349249610561457,89.31064103940727,0.0
SPNS1,0.5348648613347416,89.30527220015033,0.0
LRPPRC,0.5347956998556999,89.29990336089337,0.0
PIGR,0.5347863168052831,89.29453452163642,0.0
TBCC,0.5347402027852028,89.28916568237946,0.0
SLC2A4,0.5347249550900448,89.28379684312252,0.0
COL4A4,0.5345503896643282,89.27842800386556,0.0
DSC2,0.5345285702125524,89.27305916460861,0.0
NUP155,0.5344901055249686,89.26769032535165,0.0
ZNF787,0.5343936207386406,89.2623214860947,0.0
RPL24,0.534285965964635,89.25695264683775,0.0
EOGT,0.5342792929212176,89.2515838075808,0.0
LZTR1,0.5342723884302831,89.24621496832384,0.0
MYO15A,0.5342630952380953,89.2408461290669,0.0
PBRM1,0.5341994275116916,89.23547728980994,0.0
SETD5,0.5341992063492064,89.23010845055299,0.0
KRT1,0.5341543665355546,89.22473961129603,0.0
FOXC2,0.5340357142857143,89.21937077203908,0.0
OLFM2,0.5339999968483473,89.21400193278212,0.0
TYW1B,0.5339685021083268,89.20863309352518,0.0
ITM2C,0.5338537336634442,89.20326425426822,0.0
GSC,0.5338073960630564,89.19789541501127,0.0
SMC5,0.5338064537058675,89.19252657575433,0.0
MYH6,0.5337045454545455,89.18715773649737,0.0
ANXA6,0.5336867982611617,89.18178889724042,0.0
RHBDF1,0.5336548484587682,89.17642005798346,0.0
TIMM17A,0.5336378534209344,89.17105121872652,0.0
KMT2E,0.5336059763905789,89.16568237946956,0.0
EFHC1,0.5335104493508308,89.16031354021261,0.0
GRN,0.5335082125920593,89.15494470095565,1.0
COG3,0.5334669332663748,89.14957586169871,0.0
ACAN,0.5332567460317461,89.14420702244175,0.0
NTMT1,0.5332218477457804,89.1388381831848,0.0
ME3,0.5331993183473731,89.13346934392784,0.0
PGBD1,0.5331736463165379,89.1281005046709,0.0
EDAR,0.5331302317434005,89.12273166541394,0.0
EHBP1L1,0.5330321428571428,89.11736282615699,0.0
PPM1K,0.5329782455311153,89.11199398690003,0.0
UBE2C,0.5328672588274463,89.10662514764309,0.0
SHC1,0.5328264489362668,89.10125630838613,0.0
PIGV,0.5328057215447536,89.09588746912918,0.0
PKN2,0.5327908619034167,89.09051862987222,0.0
IARS,0.5325867585957164,89.08514979061528,0.0
SDR16C5,0.5325838098933164,89.07978095135832,0.0
GLI1,0.5325589305868367,89.07441211210137,0.0
DENND4C,0.5324588540299933,89.06904327284441,0.0
AP3B1,0.5324142312642313,89.06367443358747,0.0
DRGX,0.5324061251468116,89.0583055943305,0.0
PDLIM1,0.5323524693715871,89.05293675507355,0.0
FOXO4,0.5322110762910073,89.0475679158166,0.0
SAMD9L,0.53220625500573,89.04219907655964,0.0
HAUS8,0.5321926320246521,89.0368302373027,0.0
TMEM2,0.5321664364152795,89.03146139804574,0.0
KLHDC2,0.5320004221896047,89.02609255878879,0.0
ATF2,0.5319665625851765,89.02072371953183,0.0
DICER1,0.5318993443754313,89.01535488027488,0.0
LTBP1,0.5318417549555707,89.00998604101792,0.0
DLX2,0.5316468862734488,89.00461720176098,0.0
CAPN7,0.5315875553853175,88.99924836250402,0.0
PNPLA8,0.5315682109907539,88.99387952324707,0.0
PRRC2B,0.5314501012847341,88.98851068399011,0.0
PLK3,0.5313820286137596,88.98314184473317,0.0
RBBP6,0.5312829962008738,88.97777300547621,0.0
CERKL,0.5312353087117375,88.97240416621926,1.0
MT1X,0.531228149329398,88.9670353269623,0.0
EIF2AK3,0.5311352968084577,88.96166648770536,0.0
EAPP,0.5310868878866456,88.9562976484484,0.0
UNC79,0.5310507594127656,88.95092880919145,0.0
OGDHL,0.5309652685224666,88.9455599699345,0.0
APOA4,0.5309190476190475,88.94019113067755,0.0
GTF2H5,0.5308857255432777,88.93482229142059,0.0
KIF19,0.5308725283975285,88.92945345216364,0.0
CEP128,0.5308337626041848,88.92408461290668,0.0
STOML2,0.5307364829308695,88.91871577364974,0.0
SUPT7L,0.530494872997574,88.91334693439279,0.0
PTPRF,0.5304080444351935,88.90797809513583,0.0
SLC16A1,0.5301958499372856,88.90260925587889,0.0
EPO,0.5301880986519981,88.89724041662193,0.0
FOXH1,0.5301695427859812,88.89187157736498,0.0
ACSL4,0.5301573392635042,88.88650273810802,0.0
JMJD1C,0.5300951868307131,88.88113389885108,0.0
DNAH9,0.5300535537831734,88.87576505959412,0.0
NEUROG1,0.5300261904761905,88.87039622033717,0.0
COTL1,0.530026026379435,88.86502738108021,0.0
PRPF8,0.5300238671053049,88.85965854182326,1.0
RGS11,0.5300125288600289,88.8542897025663,0.0
MVP,0.5298569143419805,88.84892086330936,0.0
ANKRD27,0.529797089630421,88.8435520240524,0.0
EIF2B5,0.5297374400044232,88.83818318479545,0.0
H2AFY,0.5297126111206566,88.8328143455385,0.0
CRYGC,0.5295332330701495,88.82744550628155,0.0
RAE1,0.5295223882414788,88.82207666702459,0.0
CKM,0.529444224926307,88.81670782776764,0.0
EXT1,0.5293314449917899,88.81133898851068,0.0
JAK1,0.5292069403714565,88.80597014925374,0.0
SDHD,0.5289666033064812,88.80060130999678,1.0
MYLK,0.5289319702269417,88.79523247073983,0.0
PHB2,0.5288043266907969,88.78986363148287,0.0
PAPSS2,0.5287690188076475,88.78449479222593,0.0
KATNB1,0.5287494109700923,88.77912595296897,0.0
HOOK2,0.5286156631273599,88.77375711371201,0.0
ESPL1,0.5285424997328647,88.76838827445506,0.0
PLXNB1,0.5285102751705572,88.7630194351981,0.0
UFSP2,0.5284598316774213,88.75765059594116,0.0
ROBO2,0.5284169225213595,88.7522817566842,0.0
DNAH8,0.5283801194044051,88.74691291742725,0.0
VCAN,0.528319655244113,88.74154407817029,1.0
PLXNA2,0.528292938865315,88.73617523891335,0.0
MT1G,0.5282177350427351,88.73080639965639,0.0
PSIP1,0.5281777088274783,88.72543756039944,0.0
NR1H4,0.5281729331062375,88.72006872114248,0.0
VAV2,0.5281702186702187,88.71469988188554,0.0
EMC6,0.5281700078828759,88.70933104262858,0.0
MYO18B,0.5281587662337662,88.70396220337163,0.0
FYCO1,0.5280752577118225,88.69859336411467,0.0
AFMID,0.528036258494469,88.69322452485773,0.0
AGA,0.5279930650905253,88.68785568560077,0.0
EPHB3,0.5277886417504064,88.68248684634382,0.0
THRB,0.5276682427900738,88.67711800708686,0.0
HPN,0.5275891599703086,88.67174916782992,0.0
CCDC14,0.5274679066895024,88.66638032857296,0.0
CTNNA2,0.5274544913419914,88.66101148931601,0.0
HIRA,0.5274424555020143,88.65564265005905,0.0
SSX2IP,0.5274413734023713,88.6502738108021,0.0
ANKRD17,0.5272956724718872,88.64490497154515,0.0
GLYCTK,0.5272866082585278,88.6395361322882,0.0
HNF4A,0.5272762484737485,88.63416729303125,0.0
FOXK2,0.5272132819794584,88.6287984537743,0.0
ATL2,0.5271475238346494,88.62342961451735,0.0
TMEM126B,0.5270495444907476,88.61806077526039,0.0
MMACHC,0.5269708816890629,88.61269193600344,1.0
BEX1,0.5269225012143511,88.60732309674648,0.0
MPP4,0.5268715935225937,88.60195425748954,0.0
SLC19A1,0.5267530954862002,88.59658541823258,0.0
SLC27A1,0.526578964005661,88.59121657897563,0.0
DNAJC17,0.5265311904761905,88.58584773971867,0.0
PRPF18,0.5265138315650744,88.58047890046173,0.0
AIRE,0.5265053216011645,88.57511006120477,1.0
STIM1,0.5264735456228834,88.56974122194782,0.0
TRAF6,0.5264290282335484,88.56437238269086,0.0
COQ9,0.5264160522964645,88.55900354343392,0.0
CFL1,0.526364915675759,88.55363470417696,0.0
HOMER2,0.5263620768200326,88.54826586492001,0.0
COL16A1,0.526299428691364,88.54289702566305,0.0
POSTN,0.5262408383044981,88.5375281864061,0.0
TSKU,0.5260206307352835,88.53215934714915,0.0
ROR1,0.5260061594202898,88.5267905078922,0.0
MTAP,0.5259818315928141,88.52142166863524,0.0
TGM1,0.5259297771382749,88.51605282937828,0.0
CASP9,0.5258021302430866,88.51068399012134,0.0
SORBS2,0.5257680654451299,88.50531515086438,0.0
NR2F2,0.5257367169364999,88.49994631160743,0.0
DGAT1,0.5257254346092504,88.49457747235047,0.0
DUSP6,0.525678379028379,88.48920863309353,0.0
GJD2,0.5256478763016699,88.48383979383657,0.0
NOL3,0.5255163877528086,88.47847095457962,0.0
EGR1,0.5254868862080472,88.47310211532266,0.0
AKAP13,0.5252849206349206,88.46773327606572,0.0
ABCA12,0.5252789563339676,88.46236443680876,0.0
PYGL,0.525188469172703,88.45699559755181,0.0
RB1,0.5251433352410608,88.45162675829485,1.0
CRY2,0.5250824978428534,88.4462579190379,0.0
CHSY3,0.525054130043124,88.44088907978094,0.0
EIF4ENIF1,0.5250532549322023,88.435520240524,0.0
CDC45,0.5250010836876782,88.43015140126704,0.0
HM13,0.5249697839596957,88.4247825620101,0.0
PIAS3,0.5248740197424723,88.41941372275313,0.0
TBCD,0.5247819689062839,88.41404488349619,0.0
TREX1,0.5246642020358276,88.40867604423923,1.0
SERPINH1,0.524625098113597,88.40330720498228,0.0
C21orf2,0.5246221590815547,88.39793836572532,0.0
RGN,0.5246040330359295,88.39256952646838,0.0
WNK1,0.5244928571428572,88.38720068721142,0.0
KRT13,0.5244251434676435,88.38183184795447,0.0
CABIN1,0.524357052851175,88.37646300869751,0.0
NCAPG2,0.524267041803226,88.37109416944057,0.0
HYOU1,0.5242367209609714,88.36572533018361,0.0
MYH3,0.5241571130504002,88.36035649092666,0.0
USP16,0.524099603139909,88.35498765166972,0.0
SCARB1,0.5240879166666667,88.34961881241276,0.0
IFNAR2,0.5240827685586065,88.34424997315581,0.0
SMARCC1,0.5240328755245605,88.33888113389885,0.0
MATN2,0.523994370021304,88.3335122946419,0.0
ANO1,0.5239909391534392,88.32814345538495,0.0
RMI1,0.5239720762661332,88.322774616128,0.0
WDR83,0.5239407639450218,88.31740577687104,0.0
LLGL1,0.5239198953823954,88.3120369376141,0.0
NDUFA3,0.5238656999862882,88.30666809835714,0.0
MMP13,0.5238492481203008,88.30129925910019,0.0
IFNG,0.5238476282546138,88.29593041984323,0.0
UCHL1,0.5238401027094236,88.29056158058629,0.0
MARS,0.5237452711255199,88.28519274132933,0.0
TNPO3,0.5237279209452591,88.27982390207238,0.0
AARS,0.5237232427052374,88.27445506281542,0.0
PSTPIP2,0.5236022365798165,88.26908622355847,0.0
LHX3,0.5235663823347798,88.26371738430151,0.0
CDK5RAP3,0.5234580921235461,88.25834854504457,0.0
HAPLN2,0.5234529590605618,88.25297970578761,0.0
DNAJA3,0.5232837574369708,88.24761086653066,0.0
MRPL22,0.5232157074407076,88.2422420272737,0.0
ACTR10,0.523200496142946,88.23687318801674,0.0
ABHD12,0.5231916952412023,88.2315043487598,0.0
PCDH12,0.5231247679613021,88.22613550950284,0.0
PRNP,0.5229469582569382,88.2207666702459,0.0
NCAPD2,0.5229135832881255,88.21539783098893,0.0
COG7,0.5228509172073321,88.21002899173199,0.0
MPP3,0.5228424015703428,88.20466015247503,0.0
GPIHBP1,0.5226891774335493,88.19929131321808,1.0
NFKBIA,0.5226767499263189,88.19392247396112,0.0
DDR2,0.5225837006577605,88.18855363470418,0.0
EREG,0.5225030490708122,88.18318479544722,0.0
RALA,0.5224513529142252,88.17781595619027,0.0
PCGF2,0.5224451436117912,88.17244711693331,0.0
UBR3,0.522432905982906,88.16707827767637,0.0
LAPTM4A,0.5223266711753299,88.16170943841941,0.0
ANAPC5,0.5222916939453118,88.15634059916246,0.0
DLD,0.5221392757611946,88.1509717599055,0.0
UGGT1,0.522132099686073,88.14560292064856,0.0
EXTL3,0.5221003971673089,88.1402340813916,0.0
EPB41L3,0.5220953363062059,88.13486524213465,0.0
MYO1E,0.5220653294049579,88.12949640287769,0.0
MAN2B1,0.521873355015103,88.12412756362075,1.0
KIF24,0.5216028730407348,88.11875872436379,0.0
ID2,0.5215477039428951,88.11338988510684,0.0
ABCB1,0.5212647165484687,88.10802104584988,0.0
TIMP3,0.5212283178358076,88.10265220659294,1.0
ACOX3,0.5211959938535702,88.09728336733598,0.0
RSPO2,0.5210791936259679,88.09191452807903,0.0
CSK,0.5210301784074511,88.08654568882208,0.0
MYCN,0.5209701458567784,88.08117684956513,0.0
FANCL,0.5207976975934653,88.07580801030818,0.0
EFNB1,0.5207767192507035,88.07043917105122,0.0
ATF6B,0.5206823190326573,88.06507033179427,0.0
NDFIP2,0.5204423372406828,88.05970149253731,0.0
CADPS,0.5204116611402425,88.05433265328037,0.0
FDXR,0.5201875750307786,88.04896381402341,0.0
DNAH2,0.5201771645021644,88.04359497476646,0.0
F2RL1,0.5201593787893188,88.0382261355095,0.0
TBC1D32,0.5200272983498504,88.03285729625256,0.0
TRIM59,0.5199539428716444,88.0274884569956,0.0
CA12,0.5199441401618551,88.02211961773865,0.0
ALG10B,0.519931290274564,88.0167507784817,0.0
PEPD,0.5199030194558552,88.01138193922475,1.0
PEX2,0.5198593184588137,88.00601309996779,1.0
B2M,0.5198499106826409,88.00064426071084,0.0
WDFY3,0.5197889322369936,87.99527542145388,0.0
CPS1,0.5197452016995061,87.98990658219694,0.0
DHCR7,0.5196980105502735,87.98453774293998,0.0
ITM2B,0.5196616079876548,87.97916890368302,1.0
DAB1,0.5195780366692132,87.97380006442607,0.0
PDLIM5,0.5195621811223355,87.96843122516911,0.0
SGCD,0.5195574522280242,87.96306238591217,0.0
DNAJC14,0.519553237600497,87.95769354665521,0.0
JAM3,0.5194519831764179,87.95232470739826,0.0
IFITM3,0.5192102344419817,87.9469558681413,0.0
POLD1,0.5191996610523917,87.94158702888436,0.0
RXFP2,0.519105703935678,87.9362181896274,0.0
GALC,0.5191009651127088,87.93084935037045,0.0
GNL3,0.5189257628400172,87.92548051111349,0.0
NDUFA11,0.5189191398915499,87.92011167185655,0.0
COL5A3,0.5188335726101855,87.91474283259959,0.0
F3,0.5187686938617413,87.90937399334264,0.0
MCTP1,0.5187185840391252,87.90400515408568,0.0
NEUROG2,0.5186274663117746,87.89863631482874,0.0
TMEM63A,0.5184949845772984,87.89326747557178,0.0
TBX15,0.5184394600198694,87.88789863631483,0.0
SORD,0.5184138207147662,87.88252979705787,0.0
INTS10,0.5183545491123327,87.87716095780092,0.0
H2AFX,0.5182678672209875,87.87179211854396,0.0
TRIM21,0.5182644061676946,87.86642327928702,0.0
NCOA4,0.5182527551457857,87.86105444003006,0.0
OTX2,0.5182328930891803,87.85568560077311,1.0
B4GALNT1,0.5181293232005595,87.85031676151615,0.0
GLRX,0.5177283782750516,87.84494792225921,0.0
SLC6A9,0.5177141387288988,87.83957908300225,0.0
BRD4,0.5177033714642585,87.8342102437453,0.0
IKBKAP,0.5176488235187787,87.82884140448834,0.0
WARS2,0.5175827238868929,87.8234725652314,0.0
ATP6V1F,0.5173258812183122,87.81810372597444,0.0
GOT1,0.5170606445148945,87.8127348867175,0.0
TRPV2,0.5169448009999282,87.80736604746055,0.0
GARS,0.5169232718126656,87.80199720820359,0.0
RAD9B,0.516902337029498,87.79662836894664,0.0
CCDC88A,0.5168036672140122,87.79125952968968,0.0
EDIL3,0.5167829476666201,87.78589069043274,0.0
PPM1B,0.5166982706173436,87.78052185117578,0.0
CAV2,0.5166302705776495,87.77515301191883,0.0
LRRK1,0.5166195563274057,87.76978417266187,0.0
PI4KA,0.5166060797263737,87.76441533340493,0.0
SKIV2L,0.5165592134207878,87.75904649414797,0.0
WDR91,0.5164888824646205,87.75367765489102,0.0
SNIP1,0.5164703102148942,87.74830881563406,0.0
LRPAP1,0.5162775026719189,87.74293997637712,0.0
L3MBTL1,0.5160161316630176,87.73757113712016,0.0
NEDD4L,0.5160000529994272,87.73220229786321,0.0
KMT2D,0.5159928571428571,87.72683345860625,0.0
ERBB4,0.5159619447897325,87.7214646193493,0.0
CHTOP,0.5159171833871428,87.71609578009235,0.0
CHD1,0.5158578774848186,87.7107269408354,0.0
WNT2B,0.5157922363660894,87.70535810157844,0.0
PAX5,0.51573706591611,87.69998926232148,0.0
ANKRD26,0.5156492146902469,87.69462042306453,0.0
ANO6,0.5156265536786317,87.68925158380758,0.0
PLXNB3,0.5156019132375645,87.68388274455063,0.0
KMT2A,0.5155863354037267,87.67851390529367,0.0
ATG4B,0.5155644815910791,87.67314506603671,0.0
RYR2,0.515429365079365,87.66777622677976,0.0
EMC8,0.5154052697455523,87.66240738752282,0.0
INSR,0.5151973203637448,87.65703854826586,0.0
TRPM6,0.5149218511408271,87.65166970900891,0.0
SLC7A7,0.5148179458030355,87.64630086975195,0.0
SCN1A,0.5146346031746031,87.64093203049501,0.0
SUCLG1,0.5145577331294549,87.63556319123805,0.0
GGA3,0.5145433259059594,87.6301943519811,0.0
PHC2,0.5145075471959372,87.62482551272414,0.0
CHIC2,0.514465569471913,87.6194566734672,0.0
ALG5,0.5143499761371929,87.61408783421024,0.0
EPS8,0.5143494810274472,87.60871899495329,0.0
IL20RB,0.5141513945274563,87.60335015569633,0.0
HPS6,0.5141414407870837,87.59798131643939,0.0
RPS19,0.5141345841402122,87.59261247718243,0.0
PISD,0.5140520845137713,87.58724363792548,0.0
MAN2A2,0.5140399348467799,87.58187479866852,0.0
LEPR,0.5139898656898657,87.57650595941158,0.0
LAMP2,0.5139739965656023,87.57113712015462,0.0
MED23,0.513891436632858,87.56576828089767,0.0
MBP,0.5135336699698009,87.56039944164071,0.0
PLEC,0.5135194444444444,87.55503060238377,0.0
RGS5,0.5133776508364865,87.5496617631268,0.0
CRTAP,0.5133741621326307,87.54429292386986,0.0
ABCB7,0.5133703153381071,87.5389240846129,0.0
IRF6,0.5133444206895853,87.53355524535596,0.0
MYOF,0.5133364841289199,87.52818640609901,0.0
NUCB1,0.513281312500556,87.52281756684205,0.0
N4BP2,0.5132317460317459,87.5174487275851,0.0
BMI1,0.513190195509098,87.51207988832815,0.0
XRCC2,0.5131494963799478,87.5067110490712,0.0
TM7SF2,0.5130851931386917,87.50134220981424,0.0
ZNRF3,0.5130103318236021,87.4959733705573,0.0
PYGO1,0.512847091982092,87.49060453130033,0.0
DZIP3,0.5128033938734349,87.48523569204339,0.0
PMP22,0.5127777777777778,87.47986685278643,0.0
PITPNB,0.5127066806240184,87.47449801352948,0.0
MYH7,0.51269014163158,87.46912917427252,0.0
JAK2,0.5126152960368824,87.46376033501558,0.0
ANK3,0.512351948905795,87.45839149575862,0.0
PLAC8,0.5123295912457615,87.45302265650167,0.0
HAUS4,0.5122916422588519,87.44765381724471,0.0
S1PR1,0.5122840112133851,87.44228497798775,0.0
PLK2,0.5122146251044277,87.43691613873081,0.0
ESRRB,0.5120127917568542,87.43154729947385,0.0
MYSM1,0.5120029278759517,87.4261784602169,0.0
DOCK7,0.5119369047619049,87.42080962095994,0.0
SPRY1,0.51192368595963,87.415440781703,0.0
GAD2,0.5118122249754602,87.41007194244604,0.0
CLDN14,0.5117271570926962,87.40470310318909,0.0
AKR1C3,0.5117066738788012,87.39933426393213,0.0
NACA,0.5117024216524216,87.39396542467519,0.0
SPRY4,0.5117015715607305,87.38859658541823,0.0
MYOZ2,0.5116961912511504,87.38322774616128,0.0
RAD9A,0.5116393274198271,87.37785890690432,0.0
PSD2,0.5115751133557256,87.37249006764738,0.0
CPT2,0.5114764880553357,87.36712122839042,0.0
FLOT1,0.5114711733889187,87.36175238913347,0.0
DNM3,0.5114432428387214,87.35638354987651,0.0
GFRA2,0.5113461707488575,87.35101471061957,0.0
LGALS1,0.5113458196355594,87.3456458713626,0.0
ABCC1,0.5112732401656315,87.34027703210566,0.0
CALD1,0.511173017265924,87.3349081928487,0.0
ZNF226,0.5111675211731224,87.32953935359176,0.0
GSS,0.5111123092098504,87.3241705143348,1.0
BRMS1,0.5109790389388611,87.31880167507785,0.0
ADCY9,0.5108541252876844,87.31343283582089,0.0
RBFOX1,0.5107944444444444,87.30806399656394,0.0
NKD1,0.510776657846011,87.30269515730699,0.0
EIF2B4,0.5107283038997471,87.29732631805004,0.0
ACSL1,0.5106509982232307,87.29195747879308,0.0
ZIC3,0.5105722481021393,87.28658863953613,0.0
ANXA5,0.5105310359615443,87.28121980027917,0.0
SLC44A3,0.5104765771469,87.27585096102223,0.0
ICA1L,0.5104090033532533,87.27048212176527,0.0
DNMT3A,0.5104075091575091,87.26511328250832,0.0
UCN,0.5103402183021865,87.25974444325136,0.0
SCN8A,0.510336580255155,87.25437560399442,0.0
NOTCH3,0.5103003617109387,87.24900676473747,1.0
MAP2K7,0.510282955525155,87.24363792548051,0.0
ORC1,0.5102550901493307,87.23826908622357,1.0
URI1,0.5100560948360009,87.23290024696661,0.0
TBCK,0.5100520511135384,87.22753140770966,0.0
CD82,0.5100133777466784,87.2221625684527,0.0
HAX1,0.5098242469925804,87.21679372919576,0.0
DSCAML1,0.5096391981792718,87.2114248899388,0.0
NXN,0.5095825646151624,87.20605605068185,0.0
EGR3,0.5092821612822054,87.20068721142489,0.0
MCM2,0.5091670920301923,87.19531837216795,0.0
AQP5,0.5091198454801903,87.18994953291099,0.0
NRG1,0.5090512987012986,87.18458069365404,0.0
HMOX2,0.5089878708197823,87.17921185439708,0.0
ANKRD6,0.5089190835344721,87.17384301514014,0.0
TIMM8B,0.5088940541722013,87.16847417588318,0.0
DHX9,0.5088786098718134,87.16310533662622,0.0
GPR89A,0.5088128464128465,87.15773649736927,0.0
YARS,0.5087497694186734,87.15236765811231,0.0
IMMP2L,0.5085270061152911,87.14699881885537,0.0
PGM1,0.5083415686911091,87.1416299795984,0.0
MYLK3,0.508338964916733,87.13626114034145,0.0
MYO18A,0.5081262044207776,87.1308923010845,0.0
GUCY2C,0.5080638266572138,87.12552346182754,0.0
PXDN,0.5080116402116402,87.1201546225706,0.0
APLP2,0.5079979653656715,87.11478578331365,0.0
ATE1,0.5079517041415537,87.10941694405669,0.0
CLCN3,0.5079011038389715,87.10404810479974,0.0
REC8,0.5078356474175856,87.09867926554278,0.0
THBS2,0.5077928116619128,87.09331042628584,0.0
CTNNA1,0.507788596491228,87.08794158702888,0.0
POU3F4,0.5077879512213894,87.08257274777193,1.0
HK1,0.5077680473829501,87.07720390851497,0.0
EXOC1,0.5077664287466919,87.07183506925803,0.0
HNRNPK,0.5077637361751532,87.06646623000107,0.0
ZNF462,0.5077555849560417,87.06109739074412,0.0
RECK,0.5077246552171469,87.05572855148716,0.0
NELFE,0.5076425617535938,87.05035971223022,0.0
M6PR,0.5076178529774357,87.04499087297326,0.0
TGFBR1,0.5075638606096587,87.03962203371631,0.0
LRRC8A,0.5075618936618937,87.03425319445935,0.0
SEMA6A,0.507491569704805,87.02888435520241,0.0
CRHR1,0.5073114108114108,87.02351551594545,0.0
PPA1,0.5072422623272392,87.0181466766885,0.0
BRCA1,0.5072368493202705,87.01277783743154,0.0
GTF3C1,0.5070744825090079,87.0074089981746,0.0
PCM1,0.5068948412698413,87.00204015891764,0.0
ATP5G1,0.5068018961109209,86.99667131966069,0.0
SREBF1,0.5067687384933075,86.99130248040373,0.0
SETD7,0.5067485567814655,86.98593364114679,0.0
SPATA5,0.5067411341944404,86.98056480188984,0.0
TJP1,0.5067235221260221,86.97519596263288,0.0
TAX1BP3,0.506432755927374,86.96982712337594,0.0
NYX,0.5063535082972583,86.96445828411898,0.0
SLC19A3,0.5062442977937317,86.95908944486203,1.0
RNF157,0.5061865129916632,86.95372060560507,0.0
NOL8,0.5061542345694234,86.94835176634813,0.0
BLOC1S6,0.5061234846229401,86.94298292709117,0.0
FANCI,0.5060957289356225,86.93761408783422,0.0
SIX2,0.5060955712403538,86.93224524857726,0.0
VPS53,0.506054231606166,86.92687640932031,0.0
SPRTN,0.5059978170060516,86.92150757006335,0.0
F8,0.505994246205471,86.91613873080641,0.0
SCN1B,0.5059540545564067,86.91076989154945,0.0
CEP57,0.5058698498046595,86.90540105229249,0.0
PAK2,0.5057568114175514,86.90003221303554,0.0
SYNGAP1,0.5057563470359885,86.89466337377858,0.0
GLCE,0.5057478134284016,86.88929453452164,0.0
SH3GL1,0.5057208268020061,86.88392569526468,0.0
TTC27,0.5056940492839829,86.87855685600773,0.0
SENP6,0.5056742597841707,86.87318801675077,0.0
KREMEN1,0.5056421717171716,86.86781917749383,0.0
BPTF,0.5055860336693659,86.86245033823687,0.0
CDIPT,0.5055454813427269,86.85708149897991,0.0
ABHD11,0.5054669960358408,86.85171265972296,0.0
DDX41,0.5054061725025611,86.846343820466,0.0
CENPE,0.5053574678000029,86.84097498120906,0.0
ATOX1,0.5053025523143837,86.83560614195211,0.0
FZD2,0.5051734126984128,86.83023730269515,0.0
ATP6V0E1,0.5051503925859356,86.82486846343821,0.0
MT2A,0.5050722943722944,86.81949962418125,0.0
TINF2,0.5050426551132553,86.8141307849243,1.0
VEGFB,0.5049094402673351,86.80876194566734,0.0
NISCH,0.5048824516728541,86.8033931064104,0.0
CHRNA4,0.5048683939366867,86.79802426715344,0.0
SLC26A3,0.5046484878009175,86.79265542789649,0.0
NID2,0.5045635384835753,86.78728658863953,0.0
CD46,0.5044931230647347,86.78191774938259,0.0
GGA2,0.5044309402754297,86.77654891012563,0.0
MCCC1,0.5044209146168315,86.77118007086868,0.0
LEMD2,0.5043051845774933,86.76581123161172,0.0
CHCHD4,0.5042264699433687,86.76044239235478,0.0
RAB35,0.5042183020971692,86.75507355309782,0.0
AMFR,0.5042037426572676,86.74970471384087,0.0
EDA,0.5041827887025255,86.74433587458391,0.0
DYNLL2,0.5041630607003189,86.73896703532697,0.0
TLN2,0.50416131155469,86.73359819607,0.0
CLEC16A,0.5041361628353632,86.72822935681306,0.0
SNRNP27,0.5040693568292567,86.7228605175561,0.0
ACAT1,0.5040550647458863,86.71749167829915,0.0
HSP90AA1,0.5040411290778939,86.7121228390422,0.0
NDST3,0.5040315839190839,86.70675399978525,0.0
SLC6A6,0.5039343774613559,86.7013851605283,0.0
TRPC6,0.5039227430053499,86.69601632127134,0.0
P4HTM,0.5039030982721358,86.6906474820144,0.0
TNC,0.5038919773908965,86.68527864275744,0.0
ADAM19,0.5036331005855196,86.6799098035005,0.0
TBC1D1,0.5033374652892719,86.67454096424353,0.0
CASQ2,0.5032970640832064,86.66917212498659,0.0
HLA-C,0.5032808852345091,86.66380328572963,0.0
CSE1L,0.5032785714285714,86.65843444647268,0.0
CDCA5,0.5032779770899244,86.65306560721572,0.0
DEPDC1,0.5030574333340275,86.64769676795878,0.0
TDG,0.502965209307644,86.64232792870182,0.0
RAD54L,0.5028951847538444,86.63695908944487,0.0
LRP1B,0.5028900321746119,86.63159025018791,0.0
RAB11A,0.5028544158077695,86.62622141093095,0.0
LAMP1,0.5028330928914583,86.620852571674,0.0
ERI3,0.5028324017569783,86.61548373241705,0.0
TAB1,0.502621910875952,86.6101148931601,0.0
GABRB2,0.5024032913431873,86.60474605390314,0.0
ORC3,0.5023825735123105,86.59937721464618,0.0
CDK1,0.5023214145641023,86.59400837538924,0.0
LSM1,0.5022828145776379,86.58863953613228,0.0
TRPM3,0.5022727748510643,86.58327069687533,0.0
SLC5A1,0.5022546281007031,86.57790185761837,0.0
BACE2,0.5020599179182372,86.57253301836143,0.0
NCDN,0.502034374008814,86.56716417910447,0.0
SFTPC,0.5020297320223636,86.56179533984752,0.0
PCMTD2,0.5019784438423118,86.55642650059058,0.0
SH3PXD2A,0.5019667281908807,86.55105766133362,0.0
GRM7,0.5018879384187026,86.54568882207667,0.0
CXCR2,0.5018838043932503,86.54031998281971,0.0
AGGF1,0.5018836163994497,86.53495114356276,0.0
FBXW9,0.5018786600743403,86.5295823043058,0.0
GOPC,0.5018731376928893,86.52421346504886,0.0
SNX29,0.5018654849860382,86.5188446257919,0.0
TUBGCP2,0.5018202044443401,86.51347578653495,0.0
KIF2A,0.5017156317990017,86.508106947278,0.0
RGS13,0.5016866245723881,86.50273810802105,0.0
GALK2,0.501534500834326,86.49736926876409,0.0
SHBG,0.5014344128182808,86.49200042950714,0.0
CCDC114,0.5012986491814166,86.48663159025018,0.0
CEP70,0.5012916334059753,86.48126275099324,0.0
NT5DC1,0.5012377117010203,86.47589391173628,0.0
GEMIN2,0.5012294473856973,86.47052507247933,0.0
CRYL1,0.5011744294362017,86.46515623322237,0.0
FZD1,0.5011628564793815,86.45978739396543,0.0
ANAPC2,0.501142461999483,86.45441855470847,0.0
ALDH1L1,0.5010491159078937,86.44904971545152,0.0
TECR,0.5010162167889247,86.44368087619456,0.0
OSTM1,0.5008808220095412,86.43831203693762,0.0
ZNF335,0.5008677084679346,86.43294319768066,0.0
VPS13A,0.500800534057529,86.42757435842371,0.0
DOCK2,0.5006805916305916,86.42220551916677,0.0
CEBPE,0.5006671880969722,86.4168366799098,0.0
IQGAP3,0.500633585858586,86.41146784065286,0.0
GABARAP,0.5005381974162867,86.4060990013959,0.0
MCU,0.5004693332349397,86.40073016213896,0.0
DMXL2,0.5004473448964829,86.395361322882,0.0
DHX29,0.5004357224347443,86.38999248362505,0.0
THRA,0.5004184084914837,86.38462364436809,0.0
CLSPN,0.5002924478024765,86.37925480511115,0.0
MUC5B,0.5001583166833168,86.37388596585419,0.0
WDR90,0.5000452562745134,86.36851712659723,0.0
TMEM216,0.4999830762892054,86.36314828734028,1.0
PCCB,0.49983231937366257,86.35777944808332,0.0
LYAR,0.4998234588385735,86.35241060882637,0.0
NEMF,0.499748799667372,86.34704176956942,0.0
DSG2,0.4995211462413492,86.34167293031247,0.0
LPAR1,0.49950039413481323,86.33630409105551,0.0
CRELD1,0.49947675004421166,86.33093525179856,0.0
GALK1,0.49938955567526816,86.3255664125416,0.0
GSTA1,0.4993763573417344,86.32019757328464,0.0
POFUT2,0.499286464954409,86.3148287340277,0.0
MEGF10,0.49925029588942255,86.30945989477074,0.0
SCN10A,0.4991375180375181,86.3040910555138,0.0
BRAP,0.49910605861162105,86.29872221625683,0.0
ANGPTL3,0.4990444096241922,86.29335337699989,0.0
ADH4,0.4988853306521167,86.28798453774294,0.0
PTPDC1,0.4987914648423251,86.28261569848598,0.0
PDCD11,0.49877610424984553,86.27724685922904,0.0
MYH14,0.4987133087898014,86.27187801997208,0.0
MYO9A,0.49869317942369173,86.26650918071513,0.0
RPAP3,0.4985716898225173,86.26114034145817,0.0
SETD2,0.4985702447236601,86.25577150220123,0.0
PITPNM1,0.498556977431171,86.25040266294427,0.0
KRT17,0.4984858436634531,86.24503382368732,0.0
CCL2,0.49835606352012113,86.23966498443036,0.0
BDNF,0.4983189906584643,86.23429614517342,0.0
FOXA2,0.4982958791208791,86.22892730591646,0.0
FARSA,0.49816862385068134,86.22355846665951,0.0
SSBP2,0.4981192794315283,86.21818962740255,0.0
PHYKPL,0.498110112676036,86.2128207881456,0.0
USP4,0.49806777649512046,86.20745194888865,0.0
VCP,0.4980143220839418,86.2020831096317,0.0
GFAP,0.4979993155679036,86.19671427037474,0.0
PDCD10,0.49798250585954323,86.1913454311178,0.0
CNP,0.4979583207062396,86.18597659186084,0.0
PRDM4,0.49795568994630807,86.18060775260389,0.0
NODAL,0.49793611265219984,86.17523891334693,0.0
IL10RA,0.49792830782583974,86.16987007408999,0.0
CYP19A1,0.497920524252661,86.16450123483303,0.0
PLEKHH2,0.49776405035565424,86.15913239557608,0.0
SORT1,0.4975875606158815,86.15376355631912,0.0
BUB3,0.4975284748352554,86.14839471706217,0.0
ATP6V1H,0.4974961248628017,86.14302587780523,0.0
SLC25A30,0.49743955521248245,86.13765703854827,0.0
MAPK9,0.4972475227051819,86.13228819929132,0.0
HMGA2,0.4971981990231991,86.12691936003436,0.0
C2orf47,0.49717753626591793,86.12155052077742,0.0
HNF1A,0.49707078499567414,86.11618168152046,0.0
AP3D1,0.4970597354057902,86.11081284226351,0.0
HSP90AB1,0.4970316083983607,86.10544400300655,0.0
CASP8,0.49698506385252594,86.10007516374961,0.0
ATP5J,0.4969793839111162,86.09470632449265,0.0
NCAPH2,0.4968921707615023,86.08933748523569,0.0
CORO7,0.4968565519828639,86.08396864597874,0.0
THAP1,0.49683499432877654,86.07859980672178,0.0
LIG3,0.49683184199651026,86.07323096746484,0.0
CWC27,0.49650328322401605,86.06786212820788,0.0
ACADS,0.4964838127041765,86.06249328895092,0.0
DMBT1,0.4964493518302029,86.05712444969397,0.0
FXR1,0.4964338748127387,86.05175561043701,0.0
CDK13,0.49627499999999997,86.04638677118007,0.0
SLK,0.49626575744643836,86.04101793192311,0.0
INS,0.4962598881962447,86.03564909266616,1.0
CIT,0.4961305153707052,86.0302802534092,0.0
WNT8A,0.49610485300900387,86.02491141415226,0.0
DCLRE1A,0.49608783661627676,86.0195425748953,0.0
TET1,0.4960380790508901,86.01417373563835,0.0
TRIM28,0.4959592194072891,86.0088048963814,0.0
BCKDK,0.4958745681245486,86.00343605712445,0.0
LGR4,0.4958536597839843,85.9980672178675,0.0
CLN5,0.4958114458445673,85.99269837861054,1.0
KRT18,0.4956871027143605,85.9873295393536,0.0
MAGED1,0.49561259383666717,85.98196070009664,0.0
ARID3A,0.4954389801131181,85.97659186083969,0.0
ALX1,0.4952838746776361,85.97122302158273,0.0
BYSL,0.49527359744233906,85.96585418232578,0.0
RHOBTB3,0.4952540540883047,85.96048534306883,0.0
KRAS,0.49518361881034817,85.95511650381188,1.0
RBM19,0.4950706825853885,85.94974766455492,0.0
PRKACA,0.4950456016310733,85.94437882529797,0.0
MDK,0.49503034647432215,85.93900998604101,0.0
SLC25A19,0.49498642813140015,85.93364114678407,0.0
TMSB4X,0.49494905527945693,85.92827230752711,0.0
TCP11L1,0.4949481709280123,85.92290346827016,0.0
PPP1R12B,0.49493860764178,85.9175346290132,0.0
INPP5B,0.49492958124815506,85.91216578975626,0.0
ARID4B,0.494874812761679,85.9067969504993,0.0
IQCA1,0.4948093979263419,85.90142811124235,0.0
DNAJC19,0.49480813447376953,85.8960592719854,0.0
REM2,0.49478048340548336,85.89069043272845,0.0
OGG1,0.49477236830758253,85.88532159347149,0.0
E2F1,0.49476974539386936,85.87995275421454,0.0
CCDC57,0.49476671990324056,85.87458391495758,0.0
DGKD,0.49476406926406924,85.86921507570064,0.0
ACADM,0.4947540448755281,85.86384623644369,0.0
ANK1,0.49465886270059156,85.85847739718673,0.0
MTRR,0.4946135354313886,85.85310855792979,0.0
TXK,0.4946120338200434,85.84773971867283,0.0
SPTAN1,0.49454945540570544,85.84237087941588,0.0
CCL21,0.49448341098888804,85.83700204015892,0.0
DPP4,0.4944606711702629,85.83163320090196,0.0
OCRL,0.4944381433978208,85.82626436164502,0.0
PTMA,0.494415888788127,85.82089552238806,0.0
UPF3A,0.49437249874144945,85.81552668313111,0.0
NFIX,0.49434678049848324,85.81015784387415,0.0
ACSS1,0.49428204442637425,85.8047890046172,0.0
EXOC6,0.4942620788753489,85.79942016536025,0.0
AMN,0.49425186835582996,85.7940513261033,0.0
LCMT1,0.4942421451790736,85.78868248684634,0.0
TMEM218,0.4940531437712643,85.78331364758938,0.0
SCN11A,0.4940109304872231,85.77794480833244,0.0
LIMK2,0.49399173516771944,85.77257596907548,0.0
CLSTN1,0.4938967904941844,85.76720712981853,0.0
SRI,0.4938359385190655,85.76183829056157,0.0
STAM,0.49382950575915174,85.75646945130462,0.0
DHX33,0.49381301311193837,85.75110061204767,0.0
ANXA2,0.49379095937614526,85.74573177279072,0.0
MAP7D1,0.4936826005764624,85.74036293353376,0.0
PRDX5,0.49355128964908423,85.73499409427681,0.0
CEP63,0.49351122884382803,85.72962525501987,0.0
ACVR1,0.49338062916467873,85.72425641576291,0.0
SNX33,0.4931159520528043,85.71888757650596,0.0
SETX,0.49306983085496725,85.713518737249,0.0
CHD4,0.4930025333895466,85.70814989799206,0.0
TOMM7,0.4929834368610827,85.7027810587351,0.0
PANK1,0.49297735204155757,85.69741221947815,0.0
ITGA10,0.492952585812786,85.6920433802212,0.0
RGL2,0.4929455245031125,85.68667454096425,0.0
USP50,0.492938562196206,85.68130570170729,0.0
UST,0.4929115190056367,85.67593686245034,0.0
GALNT11,0.4927976174926042,85.67056802319338,0.0
CHST5,0.49279329741917655,85.66519918393644,0.0
GINS1,0.49278880179193224,85.65983034467948,0.0
ZSCAN2,0.4927828597104167,85.65446150542253,0.0
TDGF1,0.49277839105339105,85.64909266616557,0.0
CHMP3,0.4927709768705279,85.64372382690863,0.0
DLG2,0.4927708481646089,85.63835498765167,0.0
IFI27L2,0.49273784762955647,85.63298614839472,0.0
MLYCD,0.4926601250601251,85.62761730913776,0.0
AK1,0.4925426269683129,85.62224846988082,0.0
GSTM3,0.4924442076873888,85.61687963062386,0.0
MOCS1,0.4923977006006293,85.61151079136691,0.0
SERPINC1,0.49239318451651737,85.60614195210995,0.0
ZNF385A,0.4923350705532841,85.600773112853,0.0
ATP5G2,0.4922393181408409,85.59540427359606,0.0
CAMP,0.4921560739516117,85.5900354343391,0.0
IPO11,0.4920757790039782,85.58466659508215,0.0
NCOR2,0.49200807131465024,85.5792977558252,0.0
TTC30A,0.49200488596362374,85.57392891656825,0.0
BAMBI,0.49196859357611517,85.56856007731129,0.0
SRSF1,0.49192882783882785,85.56319123805434,0.0
GJC2,0.4918909110871935,85.55782239879738,0.0
FHIT,0.49186804490730013,85.55245355954042,0.0
NGF,0.4917966337238043,85.54708472028348,0.0
PLN,0.4915389997204415,85.54171588102652,0.0
PODXL,0.49153726128445474,85.53634704176957,0.0
PCDHB15,0.4914254598375837,85.53097820251261,0.0
FHL2,0.49142296143432607,85.52560936325565,0.0
CRTC2,0.491418697219174,85.52024052399871,0.0
CACNG2,0.49141517961190706,85.51487168474175,0.0
RAI1,0.49136737928576,85.5095028454848,0.0
FST,0.49131248412320394,85.50413400622784,0.0
CSNK1A1,0.49129189595520356,85.4987651669709,0.0
TBC1D7,0.491288735228702,85.49339632771394,0.0
CDHR2,0.49126473142874866,85.48802748845699,0.0
IL1R2,0.4912391959349517,85.48265864920003,0.0
B3GALT6,0.4911888555888556,85.47728980994309,0.0
PEX5L,0.49110221040803764,85.47192097068613,0.0
ARSF,0.49100198412698415,85.46655213142918,0.0
TUBB,0.4909682063054455,85.46118329217222,0.0
CSAD,0.49093325816309186,85.45581445291528,0.0
COL19A1,0.4908743086755961,85.45044561365833,0.0
NDUFA2,0.4908048161419435,85.44507677440137,1.0
EYS,0.4907541683176055,85.43970793514443,1.0
HPSE2,0.4905690490510558,85.43433909588747,0.0
SLC25A3,0.49047760987673705,85.42897025663052,0.0
EHD3,0.49040182761281015,85.42360141737356,0.0
CASZ1,0.4903739856397752,85.41823257811662,0.0
FUS,0.4903686580153133,85.41286373885966,0.0
FKRP,0.4902791383785977,85.40749489960271,1.0
EXD2,0.49025188424903493,85.40212606034575,0.0
MRFAP1,0.48998557351100375,85.3967572210888,0.0
WDR55,0.4899680491932582,85.39138838183185,0.0
MAPK8,0.4899633959613371,85.3860195425749,0.0
NAT10,0.489894971261708,85.38065070331794,0.0
TCF7,0.4898342298970871,85.375281864061,0.0
AQP3,0.4897669761812112,85.36991302480403,0.0
DNA2,0.4896818381865697,85.36454418554709,0.0
ALG10,0.4896307707634543,85.35917534629013,0.0
ESYT2,0.48959672523682707,85.35380650703318,0.0
TUT1,0.4894657324379376,85.34843766777622,0.0
TPR,0.4894549220997078,85.34306882851928,0.0
FOXF2,0.4894492857142857,85.33769998926232,0.0
CR2,0.48927918177987584,85.33233115000537,0.0
CYBA,0.4892217948717949,85.32696231074841,0.0
RAB14,0.48911832125618326,85.32159347149147,0.0
WT1,0.4890761904761905,85.31622463223452,0.0
FADS3,0.48890232812912027,85.31085579297756,0.0
EGR2,0.48887733525581883,85.30548695372062,0.0
CREBBP,0.4888638999044336,85.30011811446366,1.0
PAX7,0.48885996924222724,85.2947492752067,0.0
MKRN2,0.48883475098052226,85.28938043594975,0.0
IREB2,0.48882170329670327,85.28401159669279,0.0
EPN3,0.4887878509911183,85.27864275743585,0.0
FAH,0.48872809392273897,85.27327391817889,0.0
MED10,0.4886774813966799,85.26790507892194,0.0
KRI1,0.4886417879751693,85.26253623966498,0.0
C12orf4,0.48860118496608085,85.25716740040804,0.0
QDPR,0.4885166046376794,85.25179856115108,0.0
DCT,0.4882700365260423,85.24642972189412,0.0
SMN1,0.4882683232889115,85.24106088263717,0.0
SMC6,0.4882437138170804,85.23569204338021,0.0
PTPRJ,0.48813978613525233,85.23032320412327,0.0
LPIN2,0.48813748806276064,85.2249543648663,0.0
CELSR3,0.48811678187404006,85.21958552560936,0.0
KDM4C,0.4880474737074711,85.2142166863524,0.0
NPM1,0.488041210366357,85.20884784709546,0.0
AMPD3,0.4880222603918699,85.2034790078385,0.0
UPF2,0.4879965021865904,85.19811016858155,0.0
XIRP2,0.4879619060276955,85.19274132932459,0.0
CEP152,0.48792643001112757,85.18737249006765,0.0
PITX1,0.4878947796010296,85.18200365081069,0.0
TOM1L2,0.4878487482846789,85.17663481155374,0.0
FCHSD1,0.4878453869047619,85.1712659722968,0.0
PLXNA4,0.4877740894633469,85.16589713303983,0.0
S100A8,0.48771285454968866,85.16052829378289,0.0
OPLAH,0.48768701914439516,85.15515945452593,0.0
MTMR2,0.4876748049022678,85.14979061526898,0.0
YWHAE,0.4875739705416534,85.14442177601202,0.0
CAPZB,0.48722723321906153,85.13905293675508,0.0
SLC3A2,0.48720907826367305,85.13368409749812,0.0
STAT2,0.48718545114779593,85.12831525824117,0.0
BRD1,0.48703093726798496,85.12294641898421,0.0
GNAO1,0.4869764176211964,85.11757757972727,0.0
DNAH3,0.48694962606837605,85.11220874047031,0.0
DCDC2,0.48693977902210656,85.10683990121336,0.0
NUTF2,0.4869270815232398,85.1014710619564,0.0
MT1M,0.48681150793650785,85.09610222269946,0.0
NPTX2,0.48667536839835607,85.0907333834425,0.0
ATF3,0.4865558799403008,85.08536454418555,0.0
SOBP,0.48654246031746035,85.07999570492859,0.0
ATAD5,0.4865255687295161,85.07462686567165,0.0
TYRO3,0.486505336252468,85.06925802641469,0.0
PRPF40A,0.4863179015099138,85.06388918715774,0.0
STAM2,0.48628764146865083,85.05852034790078,0.0
EMX2,0.48627600195503423,85.05315150864384,0.0
GLG1,0.4862186774724916,85.04778266938688,0.0
RAD52,0.48620480219030915,85.04241383012993,0.0
MASP1,0.4861985208728001,85.03704499087299,0.0
B3GALNT2,0.4861156076150552,85.03167615161603,1.0
PNLIP,0.48608196370541296,85.02630731235908,0.0
KALRN,0.48599761904761907,85.02093847310212,0.0
IL6ST,0.48588687396580255,85.01556963384516,0.0
C5,0.48580057117220105,85.01020079458821,0.0
DENND3,0.48576692192323534,85.00483195533126,0.0
MYL12A,0.48570111121138737,84.99946311607431,0.0
EBF3,0.48569755215490573,84.99409427681735,0.0
NRXN1,0.4856906035725269,84.98872543756039,0.0
A1CF,0.4856691354170337,84.98335659830344,0.0
CNBP,0.4856254315271806,84.97798775904648,0.0
RMDN3,0.4855313174062973,84.97261891978954,0.0
PDZK1,0.485483054490315,84.96725008053258,0.0
TOPBP1,0.48547183317436,84.96188124127563,0.0
POU4F1,0.48538095238095247,84.95651240201867,0.0
DHX16,0.48535937615182434,84.95114356276173,0.0
POLR3B,0.48524392725219806,84.94577472350477,0.0
GRB10,0.4852334859584859,84.94040588424782,0.0
MME,0.4851430773624606,84.93503704499086,0.0
SEPT4,0.48511015432895876,84.92966820573392,0.0
GJA5,0.4850261179970288,84.92429936647696,0.0
GRTP1,0.48500415673329667,84.91893052722001,0.0
UBL5,0.48497075136204754,84.91356168796305,0.0
PNKP,0.48494564452195316,84.90819284870611,0.0
INHBB,0.48483353886858715,84.90282400944916,0.0
NTF3,0.4847914546555342,84.8974551701922,0.0
ATXN7L3,0.4847751938836845,84.89208633093526,0.0
OGT,0.4847653828387923,84.8867174916783,0.0
RUFY3,0.484538912505937,84.88134865242135,0.0
GAPDH,0.48450152151769804,84.87597981316439,0.0
SLC12A6,0.48449087750484815,84.87061097390745,0.0
TAP1,0.48448949250267537,84.86524213465049,0.0
CXCL12,0.48444911654916034,84.85987329539354,0.0
PLD6,0.48434723644270694,84.85450445613658,0.0
ANXA4,0.48433046724712747,84.84913561687964,0.0
CRABP2,0.4842656780536655,84.84376677762268,0.0
SOCS7,0.4841660729236998,84.83839793836573,0.0
TAF13,0.4841414209373299,84.83302909910877,0.0
ARHGEF11,0.4840923037735537,84.82766025985183,0.0
TNFRSF1A,0.4840515820147286,84.82229142059487,0.0
TELO2,0.484028532682183,84.81692258133792,0.0
PRPF6,0.48397963249167236,84.81155374208096,1.0
AIMP2,0.48395587495928255,84.80618490282401,0.0
MORC2,0.4839304399661045,84.80081606356705,0.0
XBP1,0.4839071208601696,84.79544722431011,0.0
KRT5,0.48387077408415957,84.79007838505315,0.0
RTEL1,0.4837514930059047,84.7847095457962,0.0
MYCBP2,0.4837475051264525,84.77934070653924,0.0
AKR1B1,0.4836956819162249,84.7739718672823,0.0
FANCM,0.4836888676055837,84.76860302802534,0.0
HSPB6,0.4835514812279552,84.7632341887684,0.0
SGIP1,0.4834739500751436,84.75786534951143,0.0
OPTC,0.4834586040015136,84.75249651025449,0.0
AKR1D1,0.48337429157621276,84.74712767099753,0.0
VAT1,0.4832926518250309,84.74175883174058,0.0
SEC24D,0.4832507845072115,84.73638999248362,0.0
PRDM10,0.48325012811815105,84.73102115322668,0.0
SLU7,0.48324287210628347,84.72565231396972,0.0
PTH1R,0.4832174807867375,84.72028347471277,0.0
L3MBTL2,0.4830910626406032,84.71491463545581,0.0
VPS72,0.48294716269486776,84.70954579619885,0.0
AMPD2,0.4829059692858825,84.70417695694191,0.0
ACSM5,0.4828676316603603,84.69880811768495,0.0
FRZB,0.4828377943684793,84.693439278428,0.0
FOXP3,0.4828089978357701,84.68807043917104,0.0
CRYM,0.4828074401218263,84.6827015999141,0.0
ADIPOR1,0.4828051252754569,84.67733276065714,0.0
LDHB,0.4825683583315429,84.67196392140019,0.0
COL12A1,0.4825112955832579,84.66659508214323,0.0
RNF14,0.48247988658488533,84.66122624288629,0.0
CSGALNACT1,0.48245702936058954,84.65585740362933,0.0
AVPI1,0.4824497051943696,84.65048856437238,0.0
APOC1,0.4824435703365314,84.64511972511542,0.0
SLC12A7,0.48241404528055787,84.63975088585848,0.0
PCBP1,0.48234880715199707,84.63438204660152,0.0
ELK4,0.4823243975841753,84.62901320734457,0.0
MSRB3,0.48230890945344107,84.62364436808762,0.0
PLXNA1,0.48224338515435106,84.61827552883067,0.0
DOCK6,0.4821997001594637,84.61290668957372,0.0
PLP1,0.48217391833167766,84.60753785031676,0.0
PTCD3,0.4821717350397335,84.60216901105981,0.0
PROC,0.4821372287350979,84.59680017180285,0.0
SPTLC1,0.4821357011633892,84.59143133254591,0.0
IFI27,0.4820508014561076,84.58606249328895,0.0
TRAPPC6A,0.482010596589865,84.580693654032,0.0
TWF2,0.4819872375672702,84.57532481477504,0.0
RAB28,0.48189702036135657,84.5699559755181,1.0
TBX2,0.4818068713450291,84.56458713626114,0.0
SRBD1,0.4817526466279071,84.5592182970042,0.0
PTPN2,0.4817287468278848,84.55384945774723,0.0
PIGH,0.4816643918526995,84.54848061849029,0.0
GTSE1,0.48161948661553505,84.54311177923333,0.0
IMPAD1,0.4816022965155402,84.53774293997638,0.0
MYO3B,0.48159186755811045,84.53237410071942,0.0
HSPA9,0.4815663966392235,84.52700526146248,0.0
CHRNB4,0.48155753968253984,84.52163642220552,0.0
EXOC2,0.4814242457344042,84.51626758294857,0.0
MAP3K7,0.4814122804900528,84.51089874369161,0.0
SGSM3,0.4813475768192649,84.50552990443467,0.0
FASN,0.4813327871937993,84.5001610651777,0.0
TCF15,0.481303270854441,84.49479222592076,0.0
PGM3,0.48129002454354186,84.4894233866638,0.0
WWOX,0.48126944444444436,84.48405454740686,0.0
PYGB,0.4812437230280934,84.4786857081499,0.0
CDSN,0.4812198046398047,84.47331686889295,0.0
COX5A,0.481205081176753,84.46794802963599,0.0
HLA-B,0.4811422679898425,84.46257919037905,0.0
MECR,0.4810844152101856,84.45721035112209,0.0
CDKN2A,0.481064924506388,84.45184151186513,0.0
VIPR1,0.4810525894343751,84.44647267260818,0.0
TAX1BP1,0.48103945695843764,84.44110383335122,0.0
DNAH11,0.4808976190476191,84.43573499409428,0.0
MYL6B,0.4808578347040637,84.43036615483732,0.0
PTHLH,0.48085610898812126,84.42499731558037,0.0
LTBP4,0.4808348461398927,84.41962847632341,0.0
GORAB,0.4808238161197478,84.41425963706646,0.0
PRRX2,0.48067657096120725,84.4088907978095,0.0
WDYHV1,0.48066780368512985,84.40352195855256,0.0
INO80E,0.4806587260241567,84.3981531192956,0.0
MLIP,0.480654126984127,84.39278428003865,0.0
SPI1,0.48062928068499006,84.3874154407817,0.0
NCS1,0.48056015817619546,84.38204660152475,0.0
AKAP6,0.4805515993656163,84.37667776226779,0.0
TMBIM6,0.48053182617317336,84.37130892301084,0.0
RPL27A,0.48051805555555555,84.36594008375388,0.0
NRIP1,0.4804051996249365,84.36057124449694,0.0
COQ7,0.48039159135721177,84.35520240523998,0.0
LMNA,0.4802252025539001,84.34983356598303,1.0
PEX14,0.48020028015015537,84.34446472672609,1.0
IGFBP7,0.4800923521267935,84.33909588746913,1.0
UBE4B,0.48007914769788335,84.33372704821218,0.0
PSPH,0.48006663733897004,84.32835820895522,0.0
SPAG5,0.4799239622556512,84.32298936969828,0.0
COPS8,0.47986336203411223,84.31762053044132,0.0
PNPLA6,0.47983360518309465,84.31225169118437,1.0
SGPL1,0.47970658463449906,84.30688285192741,0.0
INPP5K,0.47965179880670494,84.30151401267047,0.0
PTPN21,0.4796499347451711,84.2961451734135,0.0
BCOR,0.4795206840461092,84.29077633415656,1.0
FAM134B,0.4794828438900196,84.2854074948996,0.0
FOXN3,0.47943777820523137,84.28003865564266,0.0
MFSD8,0.47942068936964444,84.2746698163857,1.0
ABCB6,0.4794092506842708,84.26930097712875,0.0
MROH1,0.4793664285714286,84.26393213787179,0.0
AMACR,0.4793647276524025,84.25856329861485,1.0
NEK4,0.4791502696213029,84.25319445935789,0.0
POLR1C,0.4791478219679778,84.24782562010094,0.0
RFWD3,0.4790670369331028,84.24245678084398,0.0
TNKS2,0.4790442023255497,84.23708794158703,0.0
PIP,0.4790396469275021,84.23171910233008,0.0
KPNA2,0.47903814954174073,84.22635026307313,0.0
DNAH6,0.478890208559913,84.22098142381617,0.0
DDX23,0.4788824165531337,84.21561258455922,0.0
ATP6V0D1,0.4788580401093535,84.21024374530226,0.0
GTPBP3,0.4787529502437423,84.20487490604532,0.0
COG2,0.47866966770105834,84.19950606678836,0.0
PYGM,0.4786578275660437,84.19413722753141,0.0
GABRA6,0.478644301110842,84.18876838827445,0.0
SFI1,0.47864053538051216,84.18339954901751,0.0
NUPR1,0.4786174003532505,84.17803070976055,0.0
KPTN,0.47860836593495104,84.17266187050359,0.0
UBA3,0.47855935130950894,84.16729303124664,0.0
MDC1,0.4785505067921966,84.16192419198968,0.0
CYP24A1,0.4785482513021987,84.15655535273274,0.0
LMX1B,0.47841538634321656,84.15118651347578,0.0
UBE2A,0.4783380018674136,84.14581767421883,0.0
DACH1,0.47832516610396036,84.14044883496187,0.0
RING1,0.478294093454991,84.13507999570493,0.0
PIEZO1,0.4782889049004913,84.12971115644797,0.0
CDC42,0.47821896269472697,84.12434231719102,0.0
NDE1,0.47810543109322345,84.11897347793406,0.0
SHMT2,0.47806712601090257,84.11360463867712,0.0
TTR,0.4780642777900203,84.10823579942016,0.0
HMCES,0.4780307655775452,84.10286696016321,0.0
PLEKHA7,0.4779340456732394,84.09749812090625,0.0
SUPT4H1,0.4779224689530346,84.0921292816493,0.0
RGS14,0.4779073331785299,84.08676044239235,0.0
SLIT1,0.47789256303171007,84.0813916031354,0.0
DYSF,0.4778642229014361,84.07602276387844,0.0
PFDN2,0.4777855608719139,84.0706539246215,0.0
COX6A1,0.47774507067452754,84.06528508536455,0.0
BAG6,0.47774331876452597,84.05991624610759,0.0
NLRC5,0.47765827281271356,84.05454740685065,0.0
TNNT3,0.4775785715415804,84.04917856759369,0.0
CLUH,0.4775613992949127,84.04380972833674,0.0
SBF1,0.47754593062714823,84.03844088907978,0.0
TAGLN,0.4774985109047026,84.03307204982283,0.0
POU2F3,0.4774957018828195,84.02770321056587,0.0
PEX12,0.47737385272624305,84.02233437130893,1.0
BCO2,0.47735217636490923,84.01696553205197,0.0
LIPC,0.47730024584706693,84.01159669279502,0.0
CAV1,0.4772826111672113,84.00622785353806,1.0
CREBZF,0.4772235778868851,84.00085901428112,0.0
PPEF1,0.47715349146970587,83.99549017502416,0.0
MYH2,0.4771363488700165,83.99012133576721,0.0
BLOC1S2,0.4769232042368171,83.98475249651025,0.0
KCNA10,0.47689146551232753,83.97938365725331,0.0
TRAK1,0.4767384659885323,83.97401481799635,0.0
METTL3,0.4766156477182255,83.9686459787394,0.0
KIF17,0.47658644970660174,83.96327713948244,0.0
AADAT,0.4765597465131176,83.9579083002255,0.0
SPIN1,0.4765013736317633,83.95253946096854,0.0
HCLS1,0.47648930731818523,83.94717062171159,0.0
MAFB,0.47646218487394953,83.94180178245463,0.0
FAM162A,0.476436501659554,83.93643294319769,0.0
PARP3,0.476422442897662,83.93106410394073,0.0
SLC31A1,0.47639983366161653,83.92569526468378,0.0
MOB1B,0.47639654714137636,83.92032642542682,0.0
FERMT2,0.4763564021111524,83.91495758616986,0.0
MBD5,0.476222061087061,83.90958874691292,0.0
EXO1,0.47619311827442984,83.90421990765596,0.0
PTPRC,0.4761691057744938,83.89885106839901,0.0
PDGFC,0.47616218540280186,83.89348222914205,0.0
ZMYND11,0.4761376188427969,83.8881133898851,0.0
SOX6,0.4758701171704113,83.88274455062815,0.0
DUSP11,0.4758603424724045,83.8773757113712,0.0
WNT4,0.47586022137508754,83.87200687211424,0.0
AKR1A1,0.47582962976999754,83.8666380328573,0.0
TNFRSF10B,0.47574910615863286,83.86126919360034,0.0
DPT,0.47564926653558776,83.85590035434339,0.0
DOLK,0.4755646199147626,83.85053151508643,0.0
OXA1L,0.47545225520072487,83.84516267582949,0.0
FKBP10,0.47541616463192443,83.83979383657253,0.0
MYRF,0.47540092617409685,83.83442499731558,0.0
TTLL3,0.47539710984379296,83.82905615805862,0.0
PHIP,0.4753663509487526,83.82368731880167,0.0
KPNB1,0.4753653063131004,83.81831847954471,0.0
PHEX,0.47535552303447204,83.81294964028777,0.0
CTBP2,0.47517929974814405,83.80758080103081,0.0
GLUD1,0.4750555103172647,83.80221196177386,0.0
UBR1,0.4748996932924324,83.7968431225169,0.0
RFX6,0.4748732807363383,83.79147428325996,0.0
KRT9,0.4748339832584222,83.78610544400301,0.0
SLC2A5,0.4748333193769879,83.78073660474605,0.0
CCT3,0.47482773803035216,83.77536776548911,0.0
TWIST1,0.47481458244447844,83.76999892623215,0.0
RAD17,0.4747828035360978,83.7646300869752,0.0
OS9,0.4746927130364627,83.75926124771824,0.0
CEP72,0.47455231915782986,83.7538924084613,0.0
KCNIP1,0.47453251035987787,83.74852356920434,0.0
CYP51A1,0.4745289323569124,83.74315472994739,0.0
TNFRSF10A,0.47434376574541376,83.73778589069043,0.0
NXF1,0.47432959901429506,83.73241705143349,0.0
HOXD13,0.47413483308040477,83.72704821217653,0.0
TENM2,0.4741202107279694,83.72167937291958,0.0
ITGA4,0.4740638743769267,83.71631053366262,0.0
GAS1,0.47393852281598187,83.71094169440568,0.0
FMN1,0.4739377674449544,83.70557285514872,0.0
MX1,0.4739332115615129,83.70020401589177,0.0
PTP4A1,0.473933021839082,83.69483517663481,0.0
SLC17A9,0.473747371967655,83.68946633737787,0.0
BLVRB,0.4737293949664701,83.6840974981209,0.0
SLC12A1,0.47372862719170605,83.67872865886396,0.0
CYB5D2,0.473701213343663,83.673359819607,0.0
SIRT2,0.4735135763352004,83.66799098035005,0.0
GPC4,0.4733740090335955,83.6626221410931,0.0
MKL1,0.47334657895335586,83.65725330183615,0.0
DAD1,0.4733427087479341,83.65188446257919,0.0
PRKCH,0.47326283068783076,83.64651562332224,0.0
SHANK1,0.47315865893365894,83.64114678406528,0.0
SECISBP2,0.47315829666133924,83.63577794480832,0.0
IL6,0.47315788130430175,83.63040910555138,0.0
POU2F1,0.47314631939150387,83.62504026629442,0.0
CDK5,0.473035927841342,83.61967142703747,0.0
TIMELESS,0.4730258180106155,83.61430258778051,0.0
MAN1B1,0.47289000068476783,83.60893374852357,0.0
ARHGAP33,0.4728393142818733,83.60356490926661,0.0
RAC1,0.4727389255022346,83.59819607000966,0.0
PIN1,0.47266056032692916,83.5928272307527,0.0
FOXJ1,0.47265525766363814,83.58745839149576,0.0
FGL2,0.47257931153754074,83.5820895522388,0.0
ANKS3,0.4724421994868283,83.57672071298185,0.0
RNF111,0.4723561217720425,83.5713518737249,0.0
PLXNA3,0.4722918521663521,83.56598303446795,0.0
ZFPM2,0.4722337978542256,83.56061419521099,0.0
HOXB7,0.47219932098713757,83.55524535595404,0.0
GFI1,0.47218597582533517,83.54987651669708,0.0
VBP1,0.47207743313717276,83.54450767744014,0.0
CEP76,0.47204849129567883,83.53913883818318,0.0
ARF4,0.47201228328860684,83.53376999892623,0.0
ELAVL1,0.4719030787133171,83.52840115966927,0.0
SATB1,0.47177128427128434,83.52303232041233,0.0
CHUK,0.4717244204991274,83.51766348115538,0.0
UQCRC1,0.47166224251130895,83.51229464189842,0.0
EHMT2,0.4716528501851164,83.50692580264148,0.0
ARPP21,0.47161873447718927,83.50155696338452,0.0
MPP5,0.4715293542405995,83.49618812412757,0.0
PKD2L1,0.4714943270210815,83.49081928487061,0.0
DBI,0.47135746954610347,83.48545044561367,0.0
LRRC49,0.4713336154688953,83.4800816063567,0.0
TIMM13,0.47128319897018417,83.47471276709976,0.0
DEPDC5,0.4712630518127302,83.4693439278428,0.0
ZFHX3,0.47118145570072106,83.46397508858585,0.0
STT3A,0.4711595855580624,83.4586062493289,0.0
ARHGAP29,0.4711091453312539,83.45323741007195,0.0
GCM2,0.4710959018553657,83.44786857081499,0.0
AIF1,0.47106787514947995,83.44249973155804,0.0
SLC26A6,0.4710435934287508,83.43713089230108,0.0
ZFAT,0.47099853479853476,83.43176205304414,0.0
EZR,0.47095059005832746,83.42639321378718,0.0
BIN3,0.47094017353908174,83.42102437453023,0.0
SCN2A,0.4709333574320416,83.41565553527327,0.0
TRIP12,0.47090289558737536,83.41028669601633,0.0
FKBP14,0.4708758416519842,83.40491785675937,0.0
CHRD,0.4708456715798821,83.39954901750242,0.0
TMEM63B,0.4706654459241323,83.39418017824546,0.0
EFTUD2,0.4704839232194794,83.38881133898852,0.0
ATG9B,0.470427338789027,83.38344249973156,0.0
CPNE1,0.4704196659661662,83.3780736604746,0.0
STXBP3,0.4703930554511806,83.37270482121765,0.0
DNMT1,0.4703689733784001,83.3673359819607,0.0
SERINC1,0.4703248860701154,83.36196714270375,0.0
GRIA4,0.47030081985594663,83.35659830344679,0.0
FGF3,0.4701548289115064,83.35122946418984,0.0
CDK11B,0.47014285580666043,83.34586062493288,0.0
ASXL2,0.47011442159990546,83.34049178567594,0.0
RAB7A,0.4701090769077564,83.33512294641898,0.0
PAX9,0.4699850911172273,83.32975410716203,0.0
AOC1,0.46996296956870565,83.32438526790507,0.0
FTO,0.46992576545824055,83.31901642864813,0.0
SPEN,0.46992194304273677,83.31364758939117,0.0
REG1B,0.46987931382735926,83.30827875013422,0.0
NRTN,0.4698259326851244,83.30290991087726,0.0
PIP5K1C,0.4697677330581357,83.29754107162032,0.0
PRKD1,0.46973344285456714,83.29217223236336,0.0
FKTN,0.4696879816394469,83.28680339310641,1.0
MKL2,0.4696504302536827,83.28143455384945,0.0
TERF2IP,0.4695800927404294,83.2760657145925,0.0
ADAMTS7,0.46948333333333336,83.27069687533555,0.0
INTS9,0.4693769282994736,83.2653280360786,0.0
PRPS1,0.4693327931212553,83.25995919682164,0.0
USP42,0.46931432455390854,83.2545903575647,0.0
NCAPH,0.46928647879250035,83.24922151830773,0.0
PEG3,0.46916410497494143,83.24385267905079,0.0
ARG1,0.4690245078191082,83.23848383979384,0.0
CHST6,0.4689538386982063,83.23311500053688,0.0
ELF5,0.4689152247129975,83.22774616127994,0.0
NUS1,0.4688416952223403,83.22237732202298,0.0
FOXJ3,0.46883680054531024,83.21700848276603,0.0
CISD2,0.46883545010545014,83.21163964350907,0.0
CHD8,0.4687304700991176,83.20627080425213,0.0
TFEB,0.46872974580110566,83.20090196499517,0.0
FREM1,0.4686207282913165,83.19553312573822,0.0
SRSF7,0.46858111242600253,83.19016428648126,0.0
TGS1,0.4685786954646926,83.18479544722432,0.0
KDM1B,0.46854086321807403,83.17942660796736,0.0
PFN1,0.4684734854860215,83.17405776871041,0.0
USP28,0.4684364736444124,83.16868892945345,0.0
RALGAPA2,0.468419345029581,83.1633200901965,0.0
HADH,0.46834562564088716,83.15795125093955,0.0
SAMHD1,0.4683298536658823,83.1525824116826,0.0
ALDH18A1,0.4682577232539475,83.14721357242564,0.0
SLC22A5,0.4682325629113434,83.1418447331687,0.0
SAMM50,0.4681897501194242,83.13647589391174,0.0
SNF8,0.4681608566655496,83.13110705465479,0.0
UCP1,0.46808893314635797,83.12573821539783,0.0
RAD51B,0.46802559259334287,83.12036937614089,0.0
PTPRB,0.46801905764219187,83.11500053688393,0.0
IL12B,0.46801381069132075,83.10963169762698,0.0
SLC2A2,0.4679763823576658,83.10426285837002,0.0
MPHOSPH9,0.46791623088913087,83.09889401911306,0.0
ACTA2,0.46784322842870807,83.09352517985612,1.0
ARNTL,0.4677433167023525,83.08815634059916,0.0
CCNA2,0.467691538809072,83.08278750134221,0.0
CRYBB1,0.46768148893267,83.07741866208525,0.0
WNT7A,0.4675931802629508,83.0720498228283,0.0
ALG9,0.4675893589022916,83.06668098357135,0.0
TUFM,0.46742863786717503,83.0613121443144,0.0
ARF3,0.4674110232091103,83.05594330505744,0.0
C8orf37,0.46732148048042293,83.0505744658005,0.0
L3MBTL3,0.4672907739162017,83.04520562654353,0.0
NPY2R,0.4672646484406336,83.03983678728659,0.0
ATP5H,0.4671978948568891,83.03446794802963,0.0
DOCK1,0.467132268548445,83.02909910877268,0.0
AFF4,0.4671269372606105,83.02373026951572,0.0
MED12,0.467115327322216,83.01836143025878,0.0
GPD1L,0.46709364702625844,83.01299259100182,0.0
ATP1A1,0.46704596260491626,83.00762375174487,0.0
ATN1,0.4670327393268405,83.00225491248791,0.0
MORF4L2,0.46699113138865644,82.99688607323097,0.0
UBE3D,0.4669415964675216,82.99151723397401,0.0
ITGAV,0.46690768011135664,82.98614839471706,0.0
MTBP,0.4668491156432501,82.9807795554601,0.0
POU1F1,0.4667706195890517,82.97541071620316,0.0
KIAA0100,0.4667235810807108,82.9700418769462,0.0
LTB,0.46661060983024755,82.96467303768925,0.0
ACTN2,0.4665609032855936,82.9593041984323,0.0
PDK2,0.4665599170862588,82.95393535917535,0.0
SETDB1,0.46649730465612826,82.9485665199184,0.0
NRDE2,0.46649094626888205,82.94319768066144,0.0
ADH5,0.4664700299752512,82.9378288414045,0.0
DCAF7,0.46635622871953225,82.93246000214754,0.0
NHP2,0.4663165280667655,82.92709116289059,0.0
LMO4,0.46630337301587305,82.92172232363363,0.0
EFNB2,0.46629849624060143,82.91635348437669,0.0
TACC2,0.46622048358527224,82.91098464511973,0.0
RPS7,0.46615440359397775,82.90561580586278,0.0
EPG5,0.4661364323502204,82.90024696660582,1.0
TMPRSS6,0.4661321076649802,82.89487812734887,0.0
CCT5,0.4660988157727788,82.88950928809192,0.0
TECTB,0.46604155092076127,82.88414044883497,0.0
LCP2,0.46603302855361034,82.87877160957801,0.0
CCR5,0.46597447081111126,82.87340277032106,0.0
ARFRP1,0.46594909744643476,82.8680339310641,0.0
DAPK3,0.46594774327451455,82.86266509180716,0.0
TUBGCP6,0.4659186365207789,82.8572962525502,1.0
AGPS,0.4658723584448442,82.85192741329325,0.0
MFN1,0.465871482157974,82.8465585740363,0.0
CASP10,0.4658359396238489,82.84118973477933,0.0
GTF3C5,0.46583037981619946,82.83582089552239,0.0
VPS39,0.4658162691633219,82.83045205626543,0.0
ENTPD1,0.4658159395350035,82.82508321700848,0.0
PHLDB2,0.4657708977607718,82.81971437775152,0.0
DPM1,0.46571416338668276,82.81434553849458,1.0
CYBB,0.4656291861387764,82.80897669923762,0.0
BARD1,0.46561642777512346,82.80360785998067,0.0
EPHB4,0.465570372733146,82.79823902072371,0.0
COPS7A,0.46548594760815876,82.79287018146677,0.0
GJB1,0.46548288294300655,82.78750134220981,0.0
CHRDL1,0.465479912487451,82.78213250295286,0.0
GRIN2B,0.4654498480243161,82.7767636636959,0.0
BOD1,0.4654232804232804,82.77139482443896,0.0
PPARGC1A,0.46529515599343185,82.766025985182,0.0
RND3,0.4651991671956875,82.76065714592505,0.0
EVC2,0.465191455026455,82.75528830666809,0.0
PLEKHM1,0.4651633130437734,82.74991946741115,0.0
HBS1L,0.46511434564816917,82.74455062815419,0.0
MAP2K2,0.46511247052404975,82.73918178889724,0.0
NEK5,0.4650946928936711,82.73381294964028,0.0
DNALI1,0.4650855370294124,82.72844411038334,0.0
USP13,0.4650229876586985,82.72307527112638,0.0
SRPRB,0.46500604942965895,82.71770643186943,0.0
PALB2,0.4649335558441951,82.71233759261247,0.0
DPM3,0.46491519129227826,82.70696875335553,0.0
KDM6B,0.46489190313491136,82.70159991409857,0.0
MZT2A,0.464890579744855,82.69623107484162,0.0
VPS52,0.46471874961870646,82.69086223558466,0.0
ARMC4,0.4646017578923461,82.68549339632771,0.0
RASGRP4,0.4644051650311562,82.68012455707077,0.0
SERP1,0.46422888885709207,82.67475571781381,0.0
UCHL3,0.46415936164192956,82.66938687855686,0.0
RELA,0.46412716844249113,82.6640180392999,0.0
AMT,0.4641249340978721,82.65864920004296,0.0
AGPAT1,0.4640391110453329,82.653280360786,0.0
CYP4F12,0.4640360716205052,82.64791152152905,0.0
KCNMA1,0.464029522454143,82.6425426822721,0.0
FRYL,0.46402556001541895,82.63717384301515,0.0
TTLL12,0.4640188662081909,82.63180500375819,0.0
RNF213,0.46398423404552436,82.62643616450124,0.0
BANK1,0.46381482969952537,82.62106732524428,0.0
PIFO,0.4637742625217178,82.61569848598734,0.0
SRA1,0.46374258731664836,82.61032964673038,0.0
STK11,0.4637312400151933,82.60496080747343,0.0
NT5DC2,0.46370391252385934,82.59959196821647,0.0
APBA3,0.4636836065969385,82.59422312895953,0.0
EYA3,0.4636770983587656,82.58885428970257,0.0
IKZF2,0.46367103353097605,82.58348545044562,0.0
UXS1,0.463656314937796,82.57811661118866,0.0
TNFAIP3,0.4636098072917026,82.57274777193172,0.0
LARGE,0.4635925388337153,82.56737893267476,0.0
DHCR24,0.4634742767089139,82.5620100934178,0.0
ZDHHC23,0.46344280910958535,82.55664125416085,0.0
TBC1D15,0.4633152700205696,82.55127241490389,0.0
FAT3,0.4632474025974026,82.54590357564695,0.0
CRLF1,0.4631112612425075,82.54053473638999,0.0
E2F2,0.46308824353736966,82.53516589713304,0.0
TET2,0.4630732081309846,82.52979705787608,0.0
P2RX7,0.46301555674946676,82.52442821861914,0.0
SLC4A10,0.4629961009112595,82.51905937936218,0.0
CSF1R,0.46299310418368034,82.51369054010523,0.0
TAF10,0.4629831863087137,82.50832170084827,0.0
FBXW4,0.462977701712299,82.50295286159133,0.0
BLOC1S5,0.46272979403577896,82.49758402233437,0.0
HMOX1,0.4626605280405848,82.49221518307742,0.0
PPFIBP1,0.4626282350624605,82.48684634382046,0.0
ALAS2,0.46255242813699715,82.48147750456351,0.0
EXOC7,0.4625288004805269,82.47610866530655,0.0
TP63,0.4625057538007229,82.47073982604961,0.0
COL6A2,0.46235679853699657,82.46537098679265,0.0
TXN2,0.4623262873675814,82.4600021475357,1.0
SLC39A13,0.46231160448968095,82.45463330827874,0.0
ATP2A2,0.46226638615216203,82.4492644690218,0.0
CST3,0.46226319966583124,82.44389562976484,0.0
ACTR6,0.46224953515620165,82.4385267905079,0.0
SNX13,0.46217159904423066,82.43315795125093,0.0
ZNF106,0.4621166852727218,82.42778911199399,0.0
TIAM2,0.4620434395989827,82.42242027273703,0.0
GTF2B,0.46201980088488004,82.41705143348008,0.0
SLC5A7,0.4620052452864324,82.41168259422312,0.0
MAPK7,0.4619575551205652,82.40631375496618,0.0
GNG5,0.461914396182197,82.40094491570923,0.0
DPPA4,0.4618518440344855,82.39557607645227,0.0
TTC7A,0.4617234686599966,82.39020723719533,0.0
ATP6V1C1,0.4616920222989642,82.38483839793837,0.0
ERLEC1,0.46166550369994797,82.37946955868142,0.0
RFC1,0.46163317597591913,82.37410071942446,0.0
GLIS3,0.4615581709956709,82.36873188016752,0.0
CACNB1,0.4615285107026124,82.36336304091056,0.0
CDH9,0.46147577066580575,82.35799420165361,0.0
CDC20,0.4613910558694494,82.35262536239665,0.0
LARP7,0.46138000307523636,82.3472565231397,0.0
CA5A,0.4613017274538208,82.34188768388275,0.0
MCM6,0.46130172442730355,82.3365188446258,0.0
TFIP11,0.4612089006234685,82.33115000536884,0.0
BCCIP,0.4611564651723092,82.3257811661119,0.0
UVSSA,0.46112962077988273,82.32041232685494,0.0
DDIT4,0.4611057810888385,82.31504348759799,0.0
ADH1B,0.461081031671566,82.30967464834103,0.0
KLHL41,0.4610648080547648,82.30430580908407,0.0
CEP104,0.4610633493159062,82.29893696982712,0.0
DOCK4,0.4609664174956395,82.29356813057016,0.0
DIAPH1,0.460757245786158,82.28819929131322,1.0
F13B,0.46070749355037144,82.28283045205626,0.0
PHKG2,0.4606164663387234,82.27746161279931,0.0
UBR2,0.46054865247931465,82.27209277354235,0.0
MAU2,0.4605354134419142,82.26672393428541,0.0
PITRM1,0.4605228584758302,82.26135509502845,0.0
TFEC,0.4603228077929892,82.2559862557715,0.0
NPEPPS,0.46031900719762175,82.25061741651454,0.0
NAA16,0.46027703172504975,82.2452485772576,0.0
COX5B,0.4602059198386691,82.23987973800064,0.0
ATAD1,0.4600975726476356,82.2345108987437,0.0
ALG11,0.4600150225260583,82.22914205948673,0.0
WDR70,0.45983916950075016,82.22377322022979,0.0
TIMP1,0.4597279605602573,82.21840438097283,0.0
SPINK5,0.4597223876923576,82.21303554171588,0.0
RUNDC1,0.4596994423022471,82.20766670245892,0.0
CLCN7,0.4596511966770224,82.20229786320198,0.0
RPS6,0.459469041396123,82.19692902394502,0.0
ZDHHC11,0.45943302651576057,82.19156018468807,0.0
CCDC180,0.45929674949789945,82.18619134543111,0.0
BLOC1S1,0.4592407774096303,82.18082250617417,0.0
OTUD7B,0.4591859256109146,82.1754536669172,0.0
SIL1,0.4591032342416976,82.17008482766026,0.0
TSGA10,0.45909777498617094,82.1647159884033,0.0
DDOST,0.45906899184708305,82.15934714914636,0.0
ALDH5A1,0.4589844563427904,82.1539783098894,0.0
PTGIR,0.45888278181719944,82.14860947063245,0.0
BRD7,0.4587110446413993,82.14324063137549,0.0
KRT6A,0.4586906429573149,82.13787179211855,0.0
CYLD,0.45868166226791746,82.1325029528616,0.0
CGNL1,0.458592122120839,82.12713411360464,0.0
LMX1A,0.45858948521576604,82.1217652743477,0.0
GATS,0.4584760889582785,82.11639643509073,0.0
RRM2B,0.45839837445101655,82.11102759583379,1.0
GPNMB,0.4583797885845292,82.10565875657683,0.0
SYF2,0.45835368701954876,82.10028991731988,0.0
TPRN,0.4583442889317889,82.09492107806292,0.0
TRIP10,0.4582453760697887,82.08955223880598,0.0
TEX14,0.45820891196246294,82.08418339954902,0.0
GRM8,0.4581434781381951,82.07881456029207,0.0
FTSJ1,0.45812384845888354,82.07344572103511,0.0
PRPSAP2,0.457915972583628,82.06807688177817,0.0
FEM1C,0.4579096451641,82.06270804252121,0.0
GAS2L2,0.4578039550599574,82.05733920326426,0.0
MASTL,0.4577891978699576,82.0519703640073,0.0
PQBP1,0.4576270515401334,82.04660152475036,0.0
FKBP15,0.45757588947414735,82.0412326854934,0.0
KEAP1,0.45755908473347595,82.03586384623645,0.0
USP36,0.4575531098591724,82.03049500697949,0.0
AP1G1,0.4574214240392296,82.02512616772253,0.0
HERC2,0.45738151518998754,82.01975732846559,0.0
SIRT6,0.4572963771665651,82.01438848920863,0.0
MTHFD1L,0.45729329794722495,82.00901964995168,0.0
XDH,0.45724943175875216,82.00365081069472,0.0
CNTN5,0.45723656177706024,81.99828197143776,0.0
RSPH9,0.4572106416105811,81.99291313218082,0.0
NELL1,0.4571826814868092,81.98754429292387,0.0
TADA3,0.45702586821881475,81.98217545366691,0.0
SLC9A3R2,0.45701226179721,81.97680661440997,0.0
MSX2,0.45700779645191414,81.971437775153,0.0
PRR4,0.4570001749882174,81.96606893589606,0.0
FRY,0.45682306302980163,81.9607000966391,0.0
USP39,0.45678318480428076,81.95533125738216,0.0
PIGO,0.45677674285043735,81.9499624181252,0.0
MLST8,0.4567150185599028,81.94459357886825,0.0
TRAP1,0.4566940653717627,81.93922473961129,0.0
NFAT5,0.4566753447187425,81.93385590035435,0.0
SOSTDC1,0.4566348771320719,81.92848706109739,0.0
VAMP3,0.45662130978987836,81.92311822184044,0.0
AMHR2,0.4566127892006332,81.91774938258348,0.0
MTHFS,0.45651938723914326,81.91238054332653,0.0
ADCYAP1R1,0.4565081087625808,81.90701170406957,0.0
PDIA3,0.4564613025581563,81.90164286481263,0.0
SPINT1,0.45645195888298645,81.89627402555567,0.0
TPX2,0.45644347090152093,81.89090518629872,0.0
RFX1,0.45642859315632284,81.88553634704176,0.0
MET,0.4563816080977846,81.88016750778482,0.0
SPAG6,0.4563674536087796,81.87479866852786,0.0
MAP3K4,0.45635057994801365,81.86942982927091,0.0
TRMT10A,0.45634114434696516,81.86406099001395,0.0
MGMT,0.45633607232557083,81.85869215075701,0.0
UNC13D,0.45631803626816686,81.85332331150006,0.0
TSLP,0.45631008791350214,81.8479544722431,0.0
CEBPG,0.4562577902494949,81.84258563298616,0.0
EPC2,0.45625390781854175,81.8372167937292,0.0
APOD,0.4560707183420292,81.83184795447225,0.0
ANGPTL6,0.4560668916051268,81.82647911521529,0.0
PIK3CG,0.4560668161763776,81.82111027595835,0.0
JARID2,0.45586775938563867,81.81574143670139,0.0
KANK2,0.45584578425781264,81.81037259744444,0.0
HMGCR,0.45579444783387046,81.80500375818748,0.0
PSMB10,0.45574558452450303,81.79963491893054,0.0
KCNJ8,0.4557011159676286,81.79426607967358,0.0
SNX3,0.45565282579658756,81.78889724041663,0.0
PRKCSH,0.4555870687559936,81.78352840115967,0.0
MIOS,0.4555152041212386,81.77815956190273,0.0
CRIPT,0.4554129854020335,81.77279072264577,0.0
ADAMTS4,0.45538556364691535,81.7674218833888,0.0
NTHL1,0.4552140026162209,81.76205304413186,0.0
AIP,0.45512614488623876,81.7566842048749,0.0
PTGIS,0.4551007448420289,81.75131536561796,0.0
EPS15,0.45504732813500876,81.745946526361,0.0
PLCE1,0.4549766957132421,81.74057768710405,0.0
GABRR1,0.4549404572836802,81.73520884784709,0.0
FZR1,0.4549104575249313,81.72984000859014,0.0
DHX32,0.4548884194351174,81.72447116933319,0.0
ELAC2,0.4547797130172514,81.71910233007623,0.0
DCTN5,0.4547307120328363,81.71373349081928,0.0
COQ2,0.4546686501356211,81.70836465156233,0.0
PLXNB2,0.45466083419211845,81.70299581230537,0.0
TLR9,0.4546425245806825,81.69762697304843,0.0
MDH2,0.45459251403262224,81.69225813379147,1.0
HGD,0.4545693890302241,81.68688929453452,0.0
STK4,0.4545489130090801,81.68152045527756,0.0
GPX7,0.4545447405274725,81.67615161602062,0.0
ISL2,0.4545163594412124,81.67078277676366,0.0
ROS1,0.45450585317460324,81.66541393750671,0.0
TMF1,0.4544734798236642,81.66004509824975,0.0
ZNF134,0.45440923742058603,81.65467625899281,0.0
GMNN,0.45439431404209135,81.64930741973585,0.0
HHEX,0.454343830393637,81.6439385804789,0.0
PILRA,0.45428393957208435,81.63856974122194,0.0
TPT1,0.4542688910491626,81.633200901965,0.0
DARS,0.454157635510587,81.62783206270804,0.0
AGBL5,0.4539951902259281,81.62246322345109,1.0
ST6GALNAC3,0.4539613269869644,81.61709438419413,0.0
GCGR,0.45388766937453007,81.61172554493719,0.0
TFB2M,0.45386689259643376,81.60635670568023,0.0
HIBADH,0.4537824400726678,81.60098786642328,0.0
C20orf194,0.4537068030784391,81.59561902716632,0.0
SFXN4,0.45357100250981625,81.59025018790938,0.0
TIMM44,0.4534661141352454,81.58488134865242,0.0
DDX58,0.4534126415407137,81.57951250939547,0.0
SCD5,0.4533928786409776,81.57414367013853,0.0
PTK2B,0.4533682741822448,81.56877483088157,0.0
REEP2,0.4533198413397657,81.56340599162462,0.0
SSR2,0.45327938548000174,81.55803715236766,0.0
ALB,0.4532613671929392,81.55266831311071,0.0
ARHGAP1,0.4532081092617767,81.54729947385376,0.0
SYNE4,0.45317735717840446,81.54193063459681,0.0
FNIP2,0.45312856047722117,81.53656179533985,0.0
EVA1C,0.4531063600834365,81.5311929560829,0.0
LEFTY2,0.45303426926715823,81.52582411682594,0.0
KCNE3,0.4529874693748412,81.520455277569,0.0
IL6R,0.45292382993189184,81.51508643831204,0.0
DNAAF2,0.45286538363927054,81.5097175990551,0.0
GNAL,0.45284151883232066,81.50434875979813,0.0
RICTOR,0.4527911151856275,81.49897992054119,0.0
ENAM,0.4527546069402673,81.49361108128423,0.0
MAP2K5,0.4526720570365308,81.48824224202727,0.0
CAPN5,0.45262437373864856,81.48287340277032,1.0
PFDN1,0.4525873976104092,81.47750456351336,0.0
RABEP2,0.4524951014257207,81.47213572425642,0.0
SYNRG,0.4524760067362701,81.46676688499946,0.0
GNE,0.45241737108421526,81.4613980457425,0.0
MYC,0.4523621947496948,81.45602920648555,0.0
RPN2,0.45231970474734134,81.4506603672286,0.0
ASAP1,0.45224113977766117,81.44529152797165,0.0
THBS4,0.45218239993556325,81.4399226887147,0.0
ALOX5,0.4521028302414377,81.43455384945774,0.0
WDR45,0.4520718058257532,81.4291850102008,0.0
RMND1,0.4520147103080519,81.42381617094384,0.0
ADHFE1,0.451995909671168,81.41844733168689,0.0
CAMSAP3,0.4519523074157597,81.41307849242993,0.0
ZMIZ1,0.4519101182453955,81.40770965317299,0.0
C1orf112,0.45190153305729924,81.40234081391603,0.0
SPEG,0.4518935982696853,81.39697197465908,0.0
NCF2,0.4518514990525902,81.39160313540212,0.0
SLPI,0.4518046982303673,81.38623429614518,0.0
PCDH18,0.45169115853816744,81.38086545688822,0.0
HYI,0.4515775887795416,81.37549661763127,0.0
ITSN1,0.4515418208678817,81.37012777837431,0.0
UBN1,0.45153755208404417,81.36475893911737,0.0
KCTD15,0.4515225990469521,81.3593900998604,0.0
LRCH3,0.45144232207149926,81.35402126060346,0.0
T,0.4513804346657393,81.3486524213465,0.0
MAST2,0.451342603817323,81.34328358208955,0.0
GBE1,0.4513069050638904,81.3379147428326,0.0
RNF146,0.4512376155563896,81.33254590357565,0.0
DAO,0.451091609562227,81.32717706431869,0.0
GOSR2,0.45107571172019423,81.32180822506174,0.0
HSPA5,0.4510699266011765,81.31643938580478,0.0
RAB3A,0.45101820292234834,81.31107054654784,0.0
RPS27L,0.45099663815362784,81.30570170729088,0.0
IL17RD,0.45095249880858457,81.30033286803393,0.0
CDCP1,0.45089827356333706,81.29496402877699,0.0
CNOT3,0.45067513337542664,81.28959518952003,0.0
UNC13A,0.4506634157355694,81.28422635026308,0.0
SPTSSB,0.4505788748889434,81.27885751100612,0.0
PKIG,0.45051508451823175,81.27348867174918,0.0
LRRC4,0.450430450785879,81.26811983249222,0.0
PALLD,0.45040748063387176,81.26275099323527,0.0
RAB8B,0.45026589640401415,81.25738215397831,0.0
TLR5,0.4501362493957483,81.25201331472137,0.0
NRP2,0.45001923141540434,81.24664447546441,0.0
USP9Y,0.4499829207311031,81.24127563620746,0.0
CA3,0.44997189857551045,81.2359067969505,0.0
CHPF,0.4499629933119372,81.23053795769354,0.0
ALX3,0.44989755284445837,81.2251691184366,0.0
SLC20A2,0.4498885502153655,81.21980027917964,0.0
ABLIM3,0.4498624107179835,81.21443143992269,0.0
IL5RA,0.44976991555664386,81.20906260066573,0.0
SNAI1,0.44972747397382307,81.20369376140879,0.0
CCBE1,0.44964480364389436,81.19832492215183,0.0
UROD,0.4496025074416374,81.19295608289488,0.0
GEMIN4,0.4495465755389689,81.18758724363792,0.0
ALPK3,0.4495229352980852,81.18221840438096,0.0
GTF2H4,0.4495066021579069,81.17684956512402,0.0
CHCHD3,0.44944390310957105,81.17148072586706,0.0
PPP4C,0.4493837546197194,81.16611188661011,0.0
MTNR1B,0.44938139930064425,81.16074304735317,0.0
SMYD3,0.4492808204504518,81.1553742080962,0.0
NAV3,0.4492335556469529,81.15000536883926,0.0
RHBDD3,0.4492131720664633,81.1446365295823,0.0
CHST8,0.44916660459576574,81.13926769032535,0.0
GSX1,0.4491070372663171,81.1338988510684,0.0
RFTN1,0.44909206332096374,81.12853001181145,0.0
PFKL,0.4490886656593391,81.12316117255449,0.0
NAP1L4,0.44904530681507654,81.11779233329754,0.0
CCDC50,0.44904225585936847,81.11242349404058,0.0
SHROOM2,0.44901713786306663,81.10705465478364,0.0
TTC5,0.4489911608067099,81.10168581552668,0.0
EXOSC10,0.44898137036355984,81.09631697626973,0.0
DCTN3,0.44897547101416446,81.09094813701277,0.0
ITSN2,0.44889261947425857,81.08557929775583,0.0
VDAC3,0.4488864155943878,81.08021045849887,0.0
PTS,0.44887189469539496,81.07484161924192,0.0
UBASH3A,0.44885611396238423,81.06947277998496,0.0
CDH10,0.44881257481793924,81.06410394072802,0.0
PIK3C2A,0.4486238310898564,81.05873510147106,0.0
DNAJC21,0.4485130519714283,81.05336626221411,0.0
S100A6,0.4484560070002968,81.04799742295715,0.0
CNN1,0.44840630304015,81.0426285837002,0.0
TRIM25,0.44840267094823644,81.03725974444325,0.0
DNAH10,0.44832483486868346,81.0318909051863,0.0
PDE1B,0.44826747256312494,81.02652206592934,0.0
FABP5,0.4482557159311843,81.0211532266724,0.0
TRIB1,0.4482425723766075,81.01578438741545,0.0
BAD,0.44817258595945264,81.01041554815849,0.0
TNXB,0.4481421244639554,81.00504670890155,0.0
RSRC1,0.44797414109794065,80.99967786964459,0.0
FOSL1,0.4478948331004804,80.99430903038764,0.0
EPB41L4B,0.4477936203189062,80.98894019113068,0.0
IL10RB,0.44778479526288056,80.98357135187374,0.0
ASCL2,0.4477741005038993,80.97820251261678,0.0
AKR7A2,0.4477686139698175,80.97283367335983,0.0
BRAF,0.4476288577740224,80.96746483410287,0.0
RAB3D,0.4475985621198926,80.96209599484592,0.0
MARC2,0.44758068972176,80.95672715558896,0.0
MIS18BP1,0.44749552265248765,80.951358316332,0.0
MYOG,0.4474150977290683,80.94598947707506,0.0
GUK1,0.4473602817484628,80.9406206378181,0.0
CHCHD1,0.44727938494010155,80.93525179856115,0.0
GNB1L,0.4472277553891052,80.9298829593042,0.0
STRAP,0.44720972770144024,80.92451412004723,0.0
CEP350,0.4471824582902514,80.91914528079029,0.0
STIL,0.44713913161940083,80.91377644153333,0.0
THG1L,0.4471208414824893,80.90840760227638,0.0
CACNA1B,0.44710959778171233,80.90303876301942,0.0
PPIF,0.44705117740363143,80.89766992376248,0.0
SETD6,0.4469630054816885,80.89230108450552,0.0
KRT6C,0.4469397706765948,80.88693224524857,0.0
TRO,0.44683109664572773,80.88156340599163,0.0
GZMB,0.4466881267766822,80.87619456673467,0.0
ITPK1,0.4466648948322294,80.87082572747772,0.0
TRANK1,0.44663064447065415,80.86545688822076,0.0
TRAPPC10,0.4465369683198525,80.86008804896382,0.0
SUCLA2,0.44647582018352516,80.85471920970686,1.0
NOTUM,0.44642397730141276,80.84935037044991,0.0
PAK4,0.4464224554546966,80.84398153119295,0.0
IL22,0.4464024671801079,80.838612691936,0.0
TAF15,0.44636254587102686,80.83324385267905,0.0
NPR1,0.4462495269547754,80.8278750134221,0.0
HAUS1,0.44617383524723453,80.82250617416514,0.0
PCID2,0.44614799405051786,80.8171373349082,0.0
HEATR5B,0.4461115907638682,80.81176849565124,0.0
TRPS1,0.44608809523809523,80.80639965639429,0.0
NAT2,0.4460754607933537,80.80103081713733,0.0
EDEM2,0.44605822665595907,80.79566197788039,0.0
WDR4,0.44603935554147434,80.79029313862343,0.0
GRK6,0.44600534724523133,80.78492429936648,0.0
ASCC3,0.4458674413483269,80.77955546010952,0.0
CHRM2,0.4457570235436464,80.77418662085257,0.0
NRBP1,0.44570702210619373,80.76881778159562,0.0
ZNF24,0.4456493352004687,80.76344894233867,0.0
NCF4,0.44556221039495664,80.75808010308171,0.0
HPRT1,0.44551420140697306,80.75271126382476,0.0
HRC,0.4454826259987856,80.74734242456782,0.0
CBX3,0.4454316873257552,80.74197358531086,0.0
LTF,0.4454299008405574,80.73660474605391,0.0
QARS,0.44540846660512334,80.73123590679695,0.0
STK3,0.4452651775309608,80.72586706754001,0.0
SOCS1,0.4452589077317019,80.72049822828305,0.0
POLRMT,0.4452373559068442,80.7151293890261,0.0
IL12RB1,0.44511580281266,80.70976054976914,0.0
ALOX12B,0.4450814503019907,80.7043917105122,0.0
ZBTB33,0.44504126914713027,80.69902287125524,0.0
SEMA3E,0.445037411881377,80.69365403199828,1.0
LACTB,0.4450249681071547,80.68828519274133,0.0
GPR37L1,0.44501785324818915,80.68291635348437,0.0
DKK3,0.44498424377228724,80.67754751422743,0.0
MRPL12,0.44495727066547214,80.67217867497047,0.0
SEC24C,0.4448649196557879,80.66680983571352,0.0
FOXO1,0.4448361425768755,80.66144099645656,0.0
PER1,0.4448168686927147,80.65607215719962,0.0
GIPC3,0.44479718445809563,80.65070331794266,0.0
MAP3K1,0.4447968294863032,80.6453344786857,0.0
STAC3,0.4446394633084694,80.63996563942875,0.0
KCNK2,0.44463340848514826,80.63459680017179,0.0
TLL1,0.44453055280394016,80.62922796091485,0.0
AGTR2,0.4443979278722339,80.62385912165789,0.0
TTC37,0.44435564585131593,80.61849028240094,0.0
STX4,0.44434359576828236,80.61312144314398,0.0
IFI16,0.444304153015202,80.60775260388704,0.0
MAL,0.44428159314394494,80.60238376463009,0.0
BORA,0.4441843775942352,80.59701492537313,0.0
FNTB,0.44413809718442643,80.59164608611619,0.0
HEG1,0.44413733766233754,80.58627724685923,0.0
RHEB,0.44411412461891436,80.58090840760228,0.0
EIF6,0.4440827850304613,80.57553956834532,0.0
CERCAM,0.444004802361451,80.57017072908837,0.0
RNASEH2B,0.4440042290474822,80.56480188983141,0.0
OXT,0.44399437222141974,80.55943305057447,0.0
SLC25A1,0.4439937070671136,80.55406421131751,0.0
FA2H,0.44396947375979395,80.54869537206056,0.0
MARK4,0.443878663003663,80.5433265328036,0.0
COL6A3,0.4438686431548164,80.53795769354666,0.0
ATG3,0.44369152474832046,80.5325888542897,0.0
TBC1D13,0.4436582959348053,80.52722001503275,0.0
ALG13,0.44359793498929345,80.5218511757758,0.0
RHOC,0.44351549404514046,80.51648233651885,0.0
PLAG1,0.4434827654722392,80.51111349726189,0.0
PPIA,0.4434160140481982,80.50574465800494,0.0
SPTBN2,0.4433648441652188,80.50037581874798,0.0
CDK7,0.4433604340543539,80.49500697949104,0.0
MTA1,0.4433077482603337,80.48963814023408,0.0
PANK3,0.44326738594876647,80.48426930097713,0.0
PLS3,0.44323082702410793,80.47890046172017,0.0
ZGPAT,0.44312727537681385,80.47353162246323,0.0
F2,0.44311373677545945,80.46816278320628,0.0
AHRR,0.44310730529823417,80.46279394394932,0.0
CAST,0.4430581567581332,80.45742510469238,0.0
MANBA,0.4429695132318896,80.45205626543542,0.0
STAMBPL1,0.44286062053094766,80.44668742617847,0.0
CUX1,0.44280853437955753,80.44131858692151,0.0
CYCS,0.442772579344492,80.43594974766457,0.0
PLD3,0.44272035839246004,80.4305809084076,0.0
LMBR1L,0.44270532316211214,80.42521206915066,0.0
PDXDC1,0.4426898882253735,80.4198432298937,0.0
DDIT3,0.44263208567267026,80.41447439063674,0.0
IDNK,0.4425989796481483,80.4091055513798,0.0
DLGAP5,0.4425934685835543,80.40373671212284,0.0
MED21,0.4425881600079154,80.39836787286589,0.0
ZNF189,0.4425341213031787,80.39299903360893,0.0
DAAM1,0.442474057073195,80.38763019435197,0.0
NR4A1,0.44244966683279685,80.38226135509503,0.0
POLD4,0.4424463676105537,80.37689251583807,0.0
FAM214A,0.442417442940117,80.37152367658112,0.0
GDAP2,0.442407607522468,80.36615483732416,0.0
TANC2,0.44236679674523655,80.36078599806721,0.0
CNN2,0.44234338697059555,80.35541715881025,0.0
PLD2,0.4423387359417932,80.35004831955331,0.0
NCAM1,0.4422869047619048,80.34467948029635,0.0
SMAD6,0.4422679677327336,80.3393106410394,0.0
TTC1,0.4422253016123559,80.33394180178244,0.0
UROS,0.4422122297096517,80.3285729625255,0.0
ARID1B,0.44219493688776773,80.32320412326855,0.0
HAP1,0.44217053109929216,80.3178352840116,0.0
NINL,0.4421651452190626,80.31246644475465,0.0
ESRRG,0.4420842206981851,80.30709760549769,0.0
CKAP5,0.44206991129785245,80.30172876624074,0.0
ENPP2,0.44202797699799434,80.29635992698378,0.0
EDC4,0.4420020930853755,80.29099108772684,0.0
RHOA,0.4419233163477331,80.28562224846988,0.0
PRKCQ,0.4419197790211114,80.28025340921293,0.0
IKBIP,0.4419119094448318,80.27488456995597,0.0
HNF1B,0.44182449348303016,80.26951573069903,0.0
MTDH,0.4418019503030675,80.26414689144207,0.0
SNX19,0.4417169959190227,80.25877805218512,0.0
UBE2B,0.44162327830867065,80.25340921292816,0.0
TMCO1,0.4415668592515173,80.24804037367122,0.0
PARP2,0.4415635941891887,80.24267153441426,0.0
TEP1,0.441554335986594,80.23730269515731,0.0
ENO3,0.44154725151047847,80.23193385590035,0.0
MMP3,0.44150562138319865,80.2265650166434,0.0
UXT,0.44146605166163777,80.22119617738645,0.0
CHRNE,0.441304293091809,80.2158273381295,0.0
CSF3R,0.44125827891162944,80.21045849887254,0.0
SMURF1,0.4412437242366889,80.2050896596156,0.0
CDH2,0.4412405528007802,80.19972082035864,0.0
GDF6,0.44120798814127654,80.19435198110169,1.0
RIMS1,0.4411991582260755,80.18898314184474,1.0
FOXP1,0.4411423973246297,80.18361430258778,0.0
COL25A1,0.44114134421142737,80.17824546333084,0.0
COL4A3BP,0.44111979671469453,80.17287662407388,0.0
SHOX2,0.44100870785346286,80.16750778481693,0.0
SLC25A12,0.44099488746752896,80.16213894555997,0.0
NINJ1,0.4409905310217173,80.15677010630301,0.0
C2CD5,0.440927119262157,80.15140126704607,0.0
PSMD7,0.4408406723168703,80.14603242778911,0.0
PCBP2,0.4407794627542742,80.14066358853216,0.0
IGFBP3,0.44073418038714446,80.1352947492752,0.0
NEO1,0.44066448412698406,80.12992591001826,0.0
UQCR10,0.44060234758272987,80.1245570707613,0.0
CCDC115,0.4405612568163805,80.11918823150435,0.0
PPP1R10,0.44052219632830003,80.1138193922474,0.0
ORAI1,0.44047362851654537,80.10845055299043,0.0
PDK4,0.4404596907569255,80.10308171373349,0.0
UTP20,0.44041429563276335,80.09771287447653,0.0
VPS25,0.44031671230594166,80.09234403521958,0.0
IMMT,0.44024972087713915,80.08697519596262,0.0
SLC39A14,0.44024914442467666,80.08160635670568,0.0
ADNP,0.44024829857945014,80.07623751744872,0.0
CACNA1A,0.44024166666666675,80.07086867819177,0.0
TNFRSF9,0.4401991408254232,80.06549983893481,0.0
CNR1,0.4401774473866579,80.06013099967787,0.0
POLR2A,0.4401755643760251,80.05476216042092,0.0
MAP2K1,0.4401299887476357,80.04939332116396,0.0
NFATC2,0.4401216786310663,80.04402448190702,0.0
TRAIP,0.44006758054439643,80.03865564265006,0.0
SNAP25,0.44005257113912866,80.03328680339311,0.0
NAT1,0.4399700054268994,80.02791796413615,0.0
PGS1,0.43990557351715853,80.0225491248792,0.0
ATP8B2,0.43984039823384985,80.01718028562225,0.0
IRF7,0.43966744156328136,80.0118114463653,0.0
SLC5A6,0.4396572501839248,80.00644260710834,0.0
METTL25,0.43960751776526974,80.0010737678514,0.0
SNX5,0.4394728867243442,79.99570492859444,0.0
TNKS,0.4394491576886349,79.99033608933749,0.0
OVOL2,0.4393855935127674,79.98496725008053,0.0
MBNL1,0.43938307431667967,79.97959841082358,0.0
ADORA3,0.4393820699073309,79.97422957156662,0.0
MAML2,0.4393525461605831,79.96886073230968,0.0
AAK1,0.4393129121742737,79.96349189305272,0.0
BAIAP2L2,0.4392795703700534,79.95812305379577,0.0
RASSF9,0.43908549940907343,79.95275421453881,0.0
AMPD1,0.439015772511757,79.94738537528187,0.0
SLC5A5,0.4389717995974781,79.94201653602491,0.0
PIH1D1,0.4388946850550311,79.93664769676796,0.0
HTR2B,0.43879899594740035,79.931278857511,0.0
NEDD4,0.4387223172628654,79.92591001825406,0.0
RXRB,0.43868753247908765,79.9205411789971,0.0
NOC2L,0.4385525405025083,79.91517233974015,0.0
NCOA1,0.4384917765994187,79.9098035004832,0.0
AKR1C1,0.4383113506924685,79.90443466122625,0.0
EFNA4,0.43821400185906995,79.8990658219693,0.0
CX3CR1,0.4381435124400369,79.89369698271234,0.0
CACHD1,0.43808394243472265,79.8883281434554,0.0
AHCYL1,0.43808024746174945,79.88295930419844,0.0
SLC4A1,0.4380785087719299,79.87759046494148,0.0
RAB19,0.4379789935842819,79.87222162568453,0.0
TMEM55A,0.43796354221650874,79.86685278642757,0.0
HPX,0.4379467195379993,79.86148394717063,0.0
TFPT,0.437942002607375,79.85611510791367,0.0
WIF1,0.4379409838404812,79.8507462686567,0.0
CHEK1,0.4379311492956986,79.84537742939976,0.0
PDE8A,0.43786631939718357,79.8400085901428,0.0
FRMD6,0.43776290696294123,79.83463975088586,0.0
THOC6,0.43771596350717,79.8292709116289,0.0
LTV1,0.43766359584201275,79.82390207237195,0.0
HOXB3,0.43762943664438236,79.81853323311499,0.0
ULK3,0.4376022153024291,79.81316439385805,0.0
UNC5C,0.4375898152935898,79.80779555460109,0.0
DCN,0.4375832474361207,79.80242671534414,0.0
ARAF,0.4375057086155058,79.79705787608718,0.0
KRT19,0.4374825433864985,79.79168903683023,0.0
EIF3M,0.43730626352695234,79.78632019757327,0.0
NETO1,0.43728105567804987,79.78095135831633,0.0
BTF3,0.4372708148714032,79.77558251905938,0.0
PDF,0.43721192913366835,79.77021367980242,0.0
SLC25A6,0.43707440821484844,79.76484484054548,0.0
MTIF3,0.4370621430557643,79.75947600128852,0.0
ZBTB20,0.43703722509083953,79.75410716203157,0.0
ERBB2,0.4370368781556605,79.74873832277461,0.0
METAP2,0.4370366588127741,79.74336948351767,0.0
CALCR,0.4369846675037019,79.73800064426071,0.0
LIAS,0.4369611121454673,79.73263180500376,0.0
CROT,0.4369262641352926,79.7272629657468,0.0
PNPT1,0.43689775098111944,79.72189412648986,0.0
CFB,0.4368267024323,79.7165252872329,0.0
FIG4,0.4367707853400885,79.71115644797595,0.0
LRP2BP,0.43676559289718286,79.70578760871899,0.0
EML3,0.4367212603177874,79.70041876946205,0.0
NRXN3,0.43671422853712044,79.69504993020509,0.0
GLRX2,0.4366783520279765,79.68968109094814,0.0
VTI1A,0.4366416231472705,79.68431225169118,0.0
SPAG16,0.43649575133185226,79.67894341243424,0.0
ANKH,0.4363340758687645,79.67357457317728,0.0
SHROOM3,0.4363049469898825,79.66820573392033,0.0
MPL,0.43625511927891025,79.66283689466337,0.0
MCM5,0.4362512572301645,79.65746805540643,0.0
GRB14,0.43610116628873685,79.65209921614947,0.0
GLB1,0.43608576168214164,79.64673037689252,0.0
YAP1,0.435998790146862,79.64136153763556,1.0
MACROD2,0.43599862884218277,79.63599269837862,0.0
GRIN3A,0.4359883173702765,79.63062385912167,0.0
RGS7,0.4359479182668419,79.62525501986471,0.0
MSRA,0.4359471445210956,79.61988618060775,0.0
MSH3,0.43590135105788075,79.6145173413508,0.0
CSTB,0.4358903050203688,79.60914850209384,0.0
MPI,0.4358743149528295,79.6037796628369,0.0
ZBTB4,0.43585965330428034,79.59841082357994,0.0
KCNJ2,0.43582330847085854,79.593041984323,0.0
ALDH3A2,0.4357358992631731,79.58767314506603,1.0
HSD17B2,0.4357240735974953,79.58230430580909,0.0
TOP1,0.4356910781566632,79.57693546655213,0.0
EGLN3,0.4356197317045333,79.57156662729517,0.0
TP53BP1,0.43561463754250906,79.56619778803822,0.0
RPTOR,0.43553705407593285,79.56082894878126,0.0
NUBP2,0.43549611127176924,79.55546010952432,0.0
TMEM51,0.4353755339546804,79.55009127026736,0.0
SLCO2A1,0.43533301076130926,79.54472243101041,0.0
CD151,0.43519608888071215,79.53935359175345,0.0
CCDC61,0.43518541616447415,79.53398475249651,0.0
TUBB3,0.43505060609825835,79.52861591323955,0.0
RBPJ,0.4350216529392661,79.5232470739826,0.0
ALG6,0.435004429369081,79.51787823472564,0.0
ERGIC3,0.4349519638255976,79.5125093954687,0.0
AEBP1,0.43492177333370774,79.50714055621174,0.0
ETV1,0.4348782463350946,79.50177171695479,0.0
DGCR8,0.43485632447989897,79.49640287769785,1.0
MMP14,0.43477639756269076,79.49103403844089,0.0
PAPPA2,0.4347507341007376,79.48566519918394,0.0
YBEY,0.43475046082397195,79.48029635992698,0.0
PTDSS1,0.4346676631732428,79.47492752067004,0.0
KRT6B,0.4346207307998819,79.46955868141308,0.0
MOCS2,0.43460826690694676,79.46418984215613,0.0
MRPS5,0.4345196935802932,79.45882100289917,0.0
MPZL1,0.434476100932179,79.45345216364223,0.0
GBA,0.43442813133621866,79.44808332438527,0.0
PC,0.434309504797885,79.44271448512832,0.0
SUPT6H,0.43429559716086785,79.43734564587136,0.0
ABCA2,0.434266600326048,79.43197680661441,0.0
GRM3,0.43425509745874935,79.42660796735746,0.0
COL10A1,0.4341681053412758,79.42123912810051,0.0
TPM1,0.43415652922256187,79.41587028884355,0.0
USHBP1,0.4341349636145604,79.4105014495866,0.0
ACAP2,0.43403707509120526,79.40513261032964,0.0
RABGAP1,0.433943377638016,79.3997637710727,0.0
MDM2,0.4338519103665977,79.39439493181574,0.0
RSPO1,0.4338101411280236,79.3890260925588,0.0
COL9A3,0.4337432651503264,79.38365725330183,1.0
NLE1,0.43373737582800614,79.37828841404489,0.0
SOX17,0.43368121847280633,79.37291957478793,0.0
NPY1R,0.4335686567362731,79.36755073553098,0.0
ATP5O,0.43353007895305923,79.36218189627404,0.0
RALGAPB,0.4334915534232242,79.35681305701708,0.0
FCHO2,0.4334854087683846,79.35144421776013,0.0
PLOD2,0.43337612317080854,79.34607537850317,0.0
ZNF318,0.43332401953403626,79.34070653924621,0.0
MYO5C,0.43330935146015453,79.33533769998927,0.0
SMURF2,0.43330044351073765,79.32996886073231,0.0
RCN2,0.43326648603801843,79.32460002147536,0.0
ATP5F1,0.43319132328284093,79.3192311822184,0.0
TM6SF1,0.43319014325435556,79.31386234296144,0.0
TM2D3,0.4330131594467696,79.3084935037045,0.0
TRAK2,0.4329978731213762,79.30312466444754,0.0
TAF1C,0.4329702011152672,79.29775582519059,0.0
MYT1,0.4329034092441944,79.29238698593363,0.0
CHGA,0.432870498439254,79.28701814667669,0.0
ZWILCH,0.43287019392077497,79.28164930741973,0.0
B4GALT1,0.4328694409106818,79.27628046816278,0.0
LGALS3BP,0.4328544356305838,79.27091162890582,0.0
TAF1D,0.4327745417435551,79.26554278964888,0.0
GTF2F1,0.43275750917881195,79.26017395039192,0.0
DTNA,0.4327551138119265,79.25480511113497,0.0
MTMR3,0.4327255708301119,79.24943627187801,0.0
RCC2,0.4325988813062742,79.24406743262107,0.0
COLQ,0.4325851449046728,79.2386985933641,0.0
EPM2A,0.43253050087205924,79.23332975410716,0.0
NLRP3,0.4324713017622185,79.2279609148502,0.0
PRDM2,0.43243044355659566,79.22259207559325,0.0
TMEM132A,0.43240176345306097,79.21722323633631,0.0
MX2,0.4323940198555977,79.21185439707935,0.0
SNAP23,0.43232818846818377,79.2064855578224,0.0
ZNF366,0.43226796635632925,79.20111671856544,0.0
SLC25A26,0.4322301115395324,79.1957478793085,0.0
DDX51,0.4321976669006503,79.19037904005154,0.0
CORO1C,0.4321789360113817,79.1850102007946,0.0
KCND2,0.4321312170115002,79.17964136153763,0.0
NUAK1,0.43210478943865577,79.17427252228069,0.0
UQCRH,0.43207755807298814,79.16890368302373,0.0
SMC4,0.43203573397383604,79.16353484376678,0.0
RRAS2,0.43195061248906963,79.15816600450982,0.0
MPDZ,0.4319309523809524,79.15279716525288,0.0
FHOD3,0.431927150717277,79.14742832599592,0.0
CYP1A2,0.43190418275418274,79.14205948673897,0.0
C9orf72,0.43183436795223307,79.13669064748201,0.0
DHX8,0.4317993235930736,79.13132180822507,0.0
MYL12B,0.4317334938608511,79.12595296896811,0.0
SCAP,0.4316079657353341,79.12058412971116,0.0
MLXIPL,0.4315121078643179,79.1152152904542,0.0
CELF4,0.43147799422799427,79.10984645119726,0.0
HLA-A,0.43145555375624317,79.1044776119403,1.0
CDK6,0.4314553708805665,79.09910877268335,0.0
SMC3,0.43145215894903177,79.09373993342639,0.0
PLVAP,0.43141202462557005,79.08837109416945,0.0
METTL14,0.431408107922201,79.08300225491249,0.0
JPH1,0.4313348162436979,79.07763341565554,0.0
CECR2,0.4312587301587302,79.07226457639858,0.0
TUBB4A,0.43124928358069414,79.06689573714164,0.0
SCAPER,0.4311068697501654,79.06152689788468,1.0
LMTK2,0.43105090567456594,79.05615805862773,0.0
SEC16A,0.4309979385667462,79.05078921937077,0.0
SCN7A,0.43097580051832673,79.04542038011382,0.0
GADD45G,0.43087224151902975,79.04005154085687,0.0
NABP2,0.43086959433002947,79.0346827015999,0.0
NCALD,0.4308481586129574,79.02931386234296,0.0
FAM120A,0.43082651711427344,79.023945023086,0.0
USP7,0.43076685721685726,79.01857618382905,0.0
PTPRO,0.4307486080586081,79.0132073445721,0.0
STXBP2,0.4307360700733936,79.00783850531515,0.0
GTF2H3,0.4307273444579323,79.00246966605819,0.0
ITGB8,0.4307211228238315,78.99710082680124,0.0
PSMB4,0.4306719843503527,78.99173198754428,0.0
RAB38,0.430587177466247,78.98636314828734,0.0
CAPN2,0.43053002732781465,78.98099430903038,0.0
AURKA,0.43044493095908976,78.97562546977343,0.0
DYNC1I2,0.4304062145360952,78.97025663051647,0.0
NUP133,0.43023573548205746,78.96488779125953,0.0
VIL1,0.4302113305815357,78.95951895200257,0.0
MLH3,0.43016552071299136,78.95415011274562,0.0
INSC,0.43014744226364804,78.94878127348866,0.0
SALL3,0.43012383497688456,78.94341243423172,0.0
CBFA2T2,0.43001233965832275,78.93804359497477,0.0
SRXN1,0.42994952551908405,78.93267475571781,0.0
CD74,0.42994099603432473,78.92730591646087,0.0
NPRL3,0.4298674584231928,78.9219370772039,0.0
PIWIL1,0.4298537989254531,78.91656823794696,0.0
CYP26A1,0.42984464140958084,78.91119939869,0.0
CCNG1,0.4298255912326486,78.90583055943306,0.0
ACAA2,0.42979307176264553,78.9004617201761,0.0
HAUS2,0.4297842277624054,78.89509288091915,0.0
FAM161B,0.4297083388616215,78.88972404166219,0.0
FAM136A,0.42964873440177903,78.88435520240525,0.0
ADRBK1,0.42963359473953694,78.87898636314829,0.0
ATXN2,0.42962682498387955,78.87361752389134,0.0
USP8,0.42962676751541834,78.86824868463438,0.0
MAP3K13,0.42961981414998596,78.86287984537744,0.0
PTK2,0.42960037920810823,78.85751100612048,0.0
ZNRD1,0.4294898119836681,78.85214216686353,0.0
LAMTOR5,0.42943016691770985,78.84677332760657,0.0
RAP1GAP2,0.42942563039914655,78.84140448834962,0.0
ABCC10,0.4294200105255368,78.83603564909266,0.0
MTIF2,0.42936770664630897,78.83066680983572,0.0
ACLY,0.4293578718653926,78.82529797057876,0.0
RHBDL3,0.42918417175341583,78.81992913132181,0.0
WBP4,0.4290764301335078,78.81456029206485,0.0
HBEGF,0.42903444777385635,78.80919145280791,0.0
DHTKD1,0.4290323905406711,78.80382261355095,0.0
NFIL3,0.4289856438694482,78.798453774294,0.0
NUMBL,0.4289766187913739,78.79308493503704,0.0
COLGALT2,0.42889619761391884,78.7877160957801,0.0
PXDNL,0.42882237097955145,78.78234725652314,0.0
KIF2C,0.4287821748026627,78.77697841726618,0.0
RTKN,0.42872317273292787,78.77160957800923,0.0
RAB6A,0.42867427747574316,78.76624073875227,0.0
CAPN1,0.42866232132584825,78.76087189949533,0.0
C8orf76,0.4286181047263349,78.75550306023837,0.0
RABGGTB,0.4285722704372751,78.75013422098142,0.0
SETD1A,0.42854993836802685,78.74476538172446,0.0
SIDT2,0.4285002895389134,78.73939654246752,0.0
HAGH,0.42844806598154683,78.73402770321056,0.0
SLC25A32,0.42841832266438085,78.72865886395361,0.0
PCYT2,0.42840005494817046,78.72329002469665,0.0
PCBD1,0.428321814053312,78.7179211854397,0.0
ADAM33,0.4283073156429844,78.71255234618275,0.0
CES1,0.42821513602815325,78.7071835069258,0.0
SMC1A,0.4281054683563424,78.70181466766884,0.0
KIAA0141,0.42806846715668423,78.6964458284119,0.0
SLC35D1,0.42804296227497873,78.69107698915494,0.0
HARS2,0.4280274361113852,78.68570814989799,0.0
HOXA7,0.4279685456523025,78.68033931064103,0.0
MT1F,0.4279320362334108,78.67497047138409,0.0
TMX2,0.42780200736776236,78.66960163212714,0.0
H6PD,0.4277569229528865,78.66423279287018,0.0
EWSR1,0.4277527288927995,78.65886395361323,0.0
CHRNA1,0.42770381525460993,78.65349511435628,0.0
BOD1L1,0.42765881493803237,78.64812627509933,0.0
PAWR,0.4275873100115438,78.64275743584237,0.0
GGA1,0.42758362584949544,78.63738859658542,0.0
DSG4,0.4275263639381176,78.63201975732846,0.0
RAB32,0.42726894524236625,78.62665091807152,0.0
SNTA1,0.42719027183899055,78.62128207881456,0.0
DSEL,0.427152559522864,78.61591323955761,0.0
FBXO2,0.42708613259005224,78.61054440030065,0.0
SCNN1G,0.4270860573668977,78.60517556104371,0.0
CD247,0.42700146753340906,78.59980672178675,0.0
GPX3,0.42696407924141394,78.5944378825298,0.0
PIGF,0.42694954878572416,78.58906904327284,0.0
ALPL,0.4268625107710237,78.5837002040159,0.0
COG5,0.4268414813797469,78.57833136475894,0.0
EVI5,0.4267901546693825,78.57296252550199,0.0
BET1L,0.42668099022680206,78.56759368624503,0.0
WRAP53,0.426643152440615,78.56222484698809,0.0
GNAT3,0.4266249439525692,78.55685600773113,0.0
NSRP1,0.4265483845694901,78.55148716847418,0.0
MCM4,0.42652224817144796,78.54611832921722,0.0
MTHFSD,0.426501639515436,78.54074948996028,0.0
NPRL2,0.4264814528143631,78.53538065070332,0.0
NME1,0.42645180071022615,78.53001181144637,0.0
HAUS7,0.42643723142998613,78.52464297218941,0.0
WDR24,0.4264009052058415,78.51927413293247,0.0
MRPS18B,0.42638202042442697,78.5139052936755,0.0
PDE5A,0.42637513257502124,78.50853645441856,0.0
DNASE1L2,0.42636993189810113,78.5031676151616,0.0
PINK1,0.4263619677377263,78.49779877590464,0.0
NFASC,0.4262972942245586,78.4924299366477,0.0
LHX4,0.42628508344928073,78.48706109739074,0.0
PIP5K1A,0.42623298721930036,78.48169225813379,0.0
SDF4,0.4262158016111256,78.47632341887683,0.0
ADCY7,0.42611800306266917,78.47095457961989,0.0
TRIT1,0.42610546168311003,78.46558574036293,0.0
SLC25A20,0.4260468949594355,78.46021690110598,0.0
IMPA1,0.4258568125992923,78.45484806184902,0.0
NKX2-6,0.4258507098271463,78.44947922259207,0.0
PFKFB2,0.42583955557493314,78.44411038333511,0.0
PARK2,0.4257524801502156,78.43874154407817,0.0
TBC1D2B,0.4257473891340742,78.43337270482121,0.0
APOC3,0.42565008469611243,78.42800386556426,0.0
SNAPC3,0.4256439312010434,78.4226350263073,0.0
SP100,0.42557819507176253,78.41726618705036,0.0
XRCC4,0.425559994440886,78.4118973477934,0.0
ARHGAP21,0.4255192637948597,78.40652850853645,0.0
NUFIP1,0.42535115826105396,78.4011596692795,0.0
PLAGL1,0.4252604884192886,78.39579083002255,0.0
ADAMTS2,0.42520861849593194,78.3904219907656,0.0
TNFRSF1B,0.4251982895670882,78.38505315150864,0.0
ARFGEF1,0.4250777135733019,78.3796843122517,0.0
TARSL2,0.4250767694094616,78.37431547299474,0.0
FAIM2,0.42506601567102775,78.36894663373779,0.0
ANKHD1,0.42495072644457466,78.36357779448083,0.0
LIMS2,0.42493921214238695,78.35820895522389,0.0
CBWD2,0.4249388654888514,78.35284011596693,0.0
PPHLN1,0.4249300205137584,78.34747127670998,0.0
ARHGAP25,0.42491776909205975,78.34210243745302,0.0
AKAP4,0.4249078003251315,78.33673359819608,0.0
LY75,0.4248687875363407,78.33136475893912,0.0
AKAP3,0.42479867046307634,78.32599591968217,0.0
RPS6KB2,0.4245946290555042,78.32062708042521,0.0
ATP10D,0.42455073857782455,78.31525824116827,0.0
RNF123,0.42453814025638775,78.3098894019113,0.0
INTS6,0.424535351155951,78.30452056265436,0.0
CREB3L2,0.42453044487980157,78.2991517233974,0.0
RRAGA,0.42452196310341817,78.29378288414046,0.0
KLHL5,0.4245214216367148,78.2884140448835,0.0
TPM2,0.42440954826775357,78.28304520562655,0.0
PIGM,0.4243844550451912,78.27767636636959,0.0
CFL2,0.4243739558120173,78.27230752711264,0.0
SCN5A,0.4243237220117681,78.26693868785568,0.0
MYL7,0.4242655298494033,78.26156984859874,0.0
CSNK1D,0.4242444314279633,78.25620100934178,0.0
RFNG,0.4241629956059853,78.25083217008483,0.0
RPA1,0.4241225342814534,78.24546333082787,0.0
AFAP1,0.4240902460496626,78.24009449157091,0.0
GLRX3,0.4240514761913524,78.23472565231397,0.0
EEF1E1,0.4239995455027009,78.22935681305701,0.0
MRPL47,0.42394599581689707,78.22398797380006,0.0
DHRS4,0.42393362131609597,78.2186191345431,0.0
GBP3,0.42386624872887396,78.21325029528616,0.0
MPP7,0.4238660897299087,78.2078814560292,0.0
CDH1,0.4238541335910705,78.20251261677225,0.0
CDC16,0.4238099910494285,78.1971437775153,0.0
ZBTB40,0.42366201526254643,78.19177493825835,0.0
TRIM63,0.42360774272065643,78.18640609900139,0.0
POLD3,0.4236047338600886,78.18103725974444,0.0
RBM5,0.4235448318031838,78.17566842048748,0.0
PLK1,0.42352854863592154,78.17029958123054,0.0
RABAC1,0.4235284548635674,78.16493074197358,0.0
MRPL3,0.42350768634169017,78.15956190271663,0.0
FABP3,0.42347851037851036,78.15419306345967,0.0
EML1,0.42346514141809244,78.14882422420273,0.0
PCLO,0.42344624961770017,78.14345538494577,0.0
DACT1,0.4234271355015835,78.13808654568882,0.0
INPPL1,0.423424190867277,78.13271770643186,0.0
ARPC3,0.42328837957470594,78.12734886717492,0.0
PHB,0.42320596398094956,78.12198002791796,0.0
RAD23B,0.4232044187222604,78.11661118866101,0.0
XPNPEP3,0.4231906753392062,78.11124234940407,0.0
LHFPL2,0.42311225538173003,78.1058735101471,0.0
CCNB1,0.42309272781476626,78.10050467089016,0.0
MTHFD1,0.42307508213377015,78.0951358316332,0.0
AMER1,0.423040297482959,78.08976699237625,0.0
ZNF48,0.42299153532981465,78.0843981531193,0.0
TTC4,0.4229312605202451,78.07902931386235,0.0
DARS2,0.4229124832611174,78.07366047460539,0.0
SERPIND1,0.42285304259232837,78.06829163534844,0.0
CITED1,0.42284520202020204,78.06292279609148,0.0
VSIG4,0.42277921614528513,78.05755395683454,0.0
SPG11,0.4227640534939172,78.05218511757758,0.0
CFLAR,0.42268100343446563,78.04681627832063,0.0
MGA,0.4226720646555811,78.04144743906367,0.0
GHR,0.42267098659116475,78.03607859980673,0.0
SUPT5H,0.4226444660739455,78.03070976054977,0.0
DCAF13,0.4226178759566753,78.02534092129282,0.0
THPO,0.42260479121577416,78.01997208203586,0.0
AUTS2,0.42256123649436883,78.01460324277892,0.0
RAD51D,0.4225382608368983,78.00923440352196,0.0
CTGF,0.42246443704226166,78.00386556426501,0.0
RLN1,0.42241077738911786,77.99849672500805,0.0
ALDH7A1,0.42227227385423144,77.99312788575111,0.0
TNF,0.42222372639437855,77.98775904649415,0.0
GTF2E2,0.42221540522319134,77.9823902072372,0.0
KLHL21,0.42216804348499987,77.97702136798024,0.0
DIDO1,0.4221018684690875,77.9716525287233,0.0
EPC1,0.4220889435529408,77.96628368946634,0.0
KIF5B,0.42208493650485784,77.96091485020938,0.0
KCTD13,0.4220560251156257,77.95554601095243,0.0
GPR108,0.42201255701325807,77.95017717169547,0.0
FBXL5,0.4220018673348534,77.94480833243853,0.0
HDAC6,0.4219982329598048,77.93943949318157,0.0
CPSF3,0.42195824689723666,77.93407065392462,0.0
S100B,0.42194105855877373,77.92870181466766,0.0
PTEN,0.4218862088461334,77.92333297541072,1.0
IL17RA,0.42186604818201073,77.91796413615376,0.0
GOLGA3,0.42183585480615726,77.91259529689681,0.0
CC2D1B,0.42169774134248506,77.90722645763985,0.0
DNAJC6,0.42169351015058887,77.9018576183829,0.0
BDH1,0.4216894688568337,77.89648877912595,0.0
CUX2,0.4215616953692022,77.891119939869,0.0
LGALS9,0.42149679100520254,77.88575110061204,0.0
NAE1,0.4214587319249704,77.8803822613551,0.0
KATNA1,0.4214417619856713,77.87501342209814,0.0
BICC1,0.4213243433070926,77.86964458284119,0.0
RAD51C,0.4213237708566312,77.86427574358423,0.0
ADAMTS10,0.4213094425257203,77.85890690432728,0.0
PERP,0.42121258648565274,77.85353806507032,0.0
NARS2,0.4211442103586334,77.84816922581338,0.0
PRKAG1,0.42113606036390944,77.84280038655642,0.0
PIGT,0.42111646168126676,77.83743154729947,0.0
CRABP1,0.42102870263677045,77.83206270804253,0.0
SUN2,0.42101520153857164,77.82669386878557,0.0
SERPINA1,0.42098028982598423,77.82132502952862,0.0
ADAR,0.4209703616958172,77.81595619027166,0.0
STAT4,0.42096372496575396,77.81058735101472,0.0
KLF15,0.42096318382326653,77.80521851175776,0.0
BTRC,0.4209250361137954,77.79984967250081,0.0
TBC1D14,0.42092302782071844,77.79448083324385,0.0
RNASEH1,0.42089214181022755,77.78911199398691,0.0
AHNAK,0.42083864416777983,77.78374315472995,0.0
VWA8,0.42081149783468225,77.778374315473,0.0
MAML3,0.4206821349161907,77.77300547621604,0.0
HLA-DRA,0.4206300671849134,77.7676366369591,0.0
PREPL,0.42062293917335064,77.76226779770214,0.0
DDX54,0.4206010839395361,77.75689895844519,0.0
DMBX1,0.4205825430050659,77.75153011918823,0.0
GPR50,0.42057052988408045,77.74616127993129,0.0
PRKAR1B,0.42049658677071716,77.74079244067433,0.0
DPM2,0.4204903039939901,77.73542360141738,0.0
ARNTL2,0.4204860779691244,77.73005476216042,0.0
LYPD6,0.4203870716504576,77.72468592290348,0.0
SSTR1,0.4202999829606813,77.71931708364652,0.0
UBAC1,0.4202823276686118,77.71394824438957,0.0
CIAPIN1,0.4202539305449771,77.70857940513261,0.0
ANAPC13,0.42024263777208004,77.70321056587565,0.0
DNAAF1,0.42016477426428933,77.6978417266187,0.0
ITPA,0.42015231798497765,77.69247288736175,0.0
HGFAC,0.42014730079099644,77.6871040481048,0.0
ETS2,0.42011223368820316,77.68173520884784,0.0
FECH,0.4200980356154539,77.6763663695909,0.0
SMC2,0.4199736456747326,77.67099753033393,0.0
OBSCN,0.41991766347687404,77.66562869107699,0.0
CSNK1G2,0.41990742549685744,77.66025985182003,0.0
VIPR2,0.41987828327789944,77.65489101256308,0.0
ACSL3,0.41980901505743,77.64952217330612,0.0
GOLGB1,0.41970906672837893,77.64415333404918,0.0
SUPT3H,0.4196975174511576,77.63878449479222,0.0
UBC,0.419658941716954,77.63341565553527,0.0
POMGNT2,0.41957610925134275,77.62804681627831,1.0
ACY1,0.41947609718912987,77.62267797702137,0.0
ACTR8,0.4194675525210833,77.61730913776441,0.0
KCNA2,0.4194621456997779,77.61194029850746,0.0
MAP6,0.41939290248959643,77.6065714592505,0.0
TMEM79,0.41936563420521866,77.60120261999356,0.0
UPF1,0.4192956975076977,77.5958337807366,0.0
CCDC86,0.41923098465536146,77.59046494147965,0.0
MEF2D,0.41915079362091434,77.58509610222269,0.0
MMS22L,0.4191073571692902,77.57972726296575,0.0
P2RX4,0.4190403695016521,77.57435842370879,0.0
TRPC7,0.4190371633185057,77.56898958445184,0.0
DYRK1B,0.4190181276035109,77.56362074519488,0.0
PPP1R12A,0.41900968352721274,77.55825190593794,0.0
PDCD4,0.41899654814782183,77.55288306668099,0.0
MYL2,0.4189954754619623,77.54751422742403,0.0
DNAJB6,0.4189834816044565,77.54214538816709,0.0
FBXO4,0.4189753857167787,77.53677654891013,0.0
SELENBP1,0.4189276730718019,77.53140770965318,0.0
IKZF5,0.41892070621149385,77.52603887039622,0.0
ZNF22,0.4189029532535879,77.52067003113928,0.0
NDUFA4L2,0.41884922852867135,77.51530119188232,0.0
SEPT12,0.41876696371261585,77.50993235262537,0.0
DSCC1,0.41872127181305113,77.50456351336841,0.0
PNISR,0.4186589306009756,77.49919467411146,0.0
PAF1,0.4184969062661688,77.4938258348545,0.0
ZNF638,0.41845872613828095,77.48845699559756,0.0
PRKACB,0.41843730623635944,77.4830881563406,0.0
MKI67,0.41834061341583323,77.47771931708365,0.0
TCP11,0.4182879830233922,77.4723504778267,0.0
BCAT2,0.41826711771400493,77.46698163856975,0.0
TMEM108,0.4182572035708926,77.46161279931279,0.0
ATXN2L,0.41822849819142316,77.45624396005584,0.0
PELO,0.4181931662126951,77.45087512079888,0.0
SERPINB5,0.41816508138889297,77.44550628154194,0.0
KCNJ11,0.4181296171070729,77.44013744228498,1.0
ALG8,0.4180837199620589,77.43476860302803,0.0
PTPRG,0.41802641368236426,77.42939976377107,0.0
REN,0.41788715087963346,77.42403092451411,0.0
MED20,0.41780608855135426,77.41866208525717,0.0
HCN2,0.41777245668379115,77.41329324600021,0.0
EZH2,0.4177195425391135,77.40792440674326,0.0
PRMT5,0.41767233282913796,77.4025555674863,0.0
MED16,0.4176396567512947,77.39718672822936,0.0
ACTR1A,0.41761206583129473,77.3918178889724,0.0
RASSF2,0.41760282559768075,77.38644904971545,0.0
ROMO1,0.41759485717152245,77.38108021045849,0.0
ST8SIA4,0.41758092389514934,77.37571137120155,0.0
APOBR,0.41754467672243917,77.37034253194459,0.0
GUCY1A3,0.41751594139370285,77.36497369268764,0.0
CASP1,0.41747431474286206,77.35960485343068,0.0
MFAP3,0.41742669831276424,77.35423601417374,0.0
SRY,0.4174147410967738,77.34886717491678,0.0
DCTPP1,0.4173698946504837,77.34349833565983,0.0
SDHAF2,0.4173220767249797,77.33812949640287,1.0
GFER,0.4172943286013024,77.33276065714593,0.0
NDRG3,0.41726973261653094,77.32739181788897,0.0
CCDC28B,0.4172238616854879,77.32202297863202,0.0
SMAD4,0.4172228539171149,77.31665413937506,0.0
HACE1,0.41719472007894,77.31128530011812,1.0
HOXD10,0.41715319987688637,77.30591646086116,0.0
PAICS,0.41714164739393145,77.30054762160421,0.0
PLCB1,0.4171389732699667,77.29517878234725,0.0
SRCAP,0.41709617150959744,77.2898099430903,0.0
TTYH2,0.4170944655649955,77.28444110383336,0.0
HINFP,0.4170664518035836,77.2790722645764,0.0
HLA-F,0.41704662081784927,77.27370342531945,0.0
PCK2,0.4170445914559694,77.2683345860625,0.0
SEL1L,0.4170055177339191,77.26296574680555,0.0
HSP90B1,0.41698925353398353,77.25759690754859,0.0
USP6NL,0.4169302707020289,77.25222806829164,0.0
SLC39A7,0.4168340779195012,77.24685922903468,0.0
SLC6A4,0.4167545807167003,77.24149038977774,0.0
CACNA2D2,0.4167039777858486,77.23612155052078,0.0
CSRP3,0.41664979098317845,77.23075271126383,0.0
AK9,0.41660710325710326,77.22538387200687,0.0
TMEM8A,0.4164970318934696,77.22001503274993,0.0
FAAH,0.4164755603828584,77.21464619349297,0.0
UBLCP1,0.4163968608618971,77.20927735423602,0.0
IPMK,0.4163832175653807,77.20390851497906,0.0
DRD5,0.41635816718427254,77.19853967572212,0.0
CD4,0.4162453940919441,77.19317083646516,0.0
PIK3AP1,0.4162175791417614,77.18780199720821,0.0
LMNB2,0.4161599517245061,77.18243315795125,0.0
N6AMT1,0.41615123908702023,77.1770643186943,0.0
CARD10,0.4161369730725502,77.17169547943735,0.0
PAPSS1,0.41607401576645,77.16632664018039,0.0
PIEZO2,0.416068923045441,77.16095780092344,1.0
MTM1,0.4160264843286788,77.15558896166648,0.0
CHMP4B,0.41601728535528393,77.15022012240954,0.0
EMC1,0.4158838241348734,77.14485128315258,0.0
GADD45B,0.4158794047225788,77.13948244389563,0.0
RNMT,0.4158768416510907,77.13411360463867,0.0
CITED4,0.41587291695350925,77.12874476538173,0.0
EXOSC2,0.41584965060892715,77.12337592612477,0.0
APCDD1,0.4158140604588825,77.11800708686782,0.0
TBC1D17,0.41577365546793066,77.11263824761086,0.0
SPECC1L,0.41577260503485824,77.10726940835391,0.0
DOCK8,0.4157363003056574,77.10190056909695,0.0
KMT2B,0.41570158730158735,77.09653172984001,0.0
PREX2,0.415628789552372,77.09116289058305,0.0
DDX20,0.4155386469145279,77.0857940513261,0.0
CDH8,0.4155366805968403,77.08042521206914,0.0
GOLGA2,0.4155132438095312,77.0750563728122,0.0
PAH,0.41550229105156006,77.06968753355524,0.0
NOC3L,0.415444557213279,77.0643186942983,0.0
SENP2,0.415412708387412,77.05894985504133,0.0
UGT1A6,0.4153047771273214,77.05358101578439,0.0
SLC6A8,0.41528099513190186,77.04821217652743,0.0
GATA4,0.41521049634198376,77.04284333727048,0.0
ULK2,0.41520986585133957,77.03747449801352,0.0
TMTC1,0.41516619036049673,77.03210565875658,0.0
SMARCC2,0.4150221457510992,77.02673681949962,0.0
TNRC6A,0.41501105411276207,77.02136798024267,0.0
NUDT5,0.4149938111283782,77.01599914098571,0.0
CRAT,0.4149712192097299,77.01063030172877,0.0
ANO3,0.4149405374304994,77.00526146247182,0.0
BCAS2,0.4148698685913755,76.99989262321486,0.0
A2M,0.4148147177990018,76.99452378395792,0.0
ANAPC10,0.41480555805093233,76.98915494470096,0.0
SNX10,0.41478828657427547,76.98378610544401,0.0
BEND3,0.41472776118113713,76.97841726618705,0.0
LIPA,0.41472469731618666,76.9730484269301,0.0
CRADD,0.4147087824770289,76.96767958767315,0.0
GDF2,0.41467012240622525,76.9623107484162,0.0
SERPINB6,0.4146689390381417,76.95694190915924,0.0
ABCD2,0.41463536415550256,76.9515730699023,0.0
FASTKD5,0.4146117066240357,76.94620423064534,0.0
OLIG2,0.4146097781948999,76.94083539138839,0.0
TBX6,0.4145819929373992,76.93546655213143,0.0
JPH2,0.41454838468067834,76.93009771287448,0.0
CHEK2,0.414535406461823,76.92472887361752,1.0
RORA,0.4144673968597391,76.91936003436058,0.0
SCARF1,0.414463787875893,76.91399119510362,0.0
PTGR2,0.41445179767732865,76.90862235584667,0.0
KIAA0391,0.4144267801288722,76.90325351658971,0.0
SMCHD1,0.4144190384580649,76.89788467733277,1.0
ASPG,0.41437498891416613,76.89251583807581,0.0
C1QBP,0.4142992968100153,76.88714699881885,0.0
HOXD4,0.41418083066115646,76.8817781595619,0.0
NOM1,0.4141751359177581,76.87640932030494,0.0
IPO13,0.41416069751810697,76.871040481048,0.0
MTO1,0.41402632303706594,76.86567164179104,0.0
SMAD1,0.41396284932321603,76.8603028025341,0.0
MYL9,0.4139532089916986,76.85493396327713,0.0
WHSC1,0.41393800848706414,76.84956512402019,0.0
ENDOG,0.4139284160642539,76.84419628476323,0.0
ANGPTL1,0.4138971883276114,76.83882744550628,0.0
ACTR1B,0.4138854488905677,76.83345860624932,0.0
PROZ,0.41386912337662335,76.82808976699238,0.0
ADNP2,0.41386851164893973,76.82272092773542,0.0
P4HB,0.41385645588981995,76.81735208847847,0.0
HSPA4L,0.4138104855590954,76.81198324922151,0.0
NTAN1,0.4137796195922413,76.80661440996457,0.0
CPVL,0.41374524762923837,76.80124557070761,0.0
DGKQ,0.41370873926478585,76.79587673145066,0.0
ZNF7,0.41359899252446486,76.7905078921937,0.0
SIRPA,0.4135938265307867,76.78513905293676,0.0
WNT3,0.41356751859251856,76.7797702136798,0.0
ATP2C1,0.4134853841010873,76.77440137442285,0.0
FAM174A,0.4134804944370819,76.76903253516589,0.0
RFX7,0.4134718036575931,76.76366369590895,0.0
ARFGAP2,0.41345966733030454,76.75829485665199,0.0
MTMR12,0.4134107608437875,76.75292601739504,0.0
ATRAID,0.41338773150473634,76.74755717813808,0.0
PKM,0.4133754625517316,76.74218833888114,0.0
HBB,0.4133446622226891,76.73681949962418,1.0
GNS,0.41331091357475,76.73145066036723,0.0
GLIS2,0.413294754239281,76.72608182111028,0.0
CNTN1,0.41324459121441226,76.72071298185332,0.0
RBM15,0.4131810902135499,76.71534414259638,0.0
RRP12,0.41318020483364737,76.70997530333942,0.0
ACTC1,0.4131458505982534,76.70460646408247,0.0
CPNE2,0.4131440399935272,76.69923762482551,0.0
DNAJC3,0.4130683716938246,76.69386878556857,0.0
ADAMTSL1,0.4130666530954546,76.68849994631161,0.0
OTUD7A,0.4130358752981512,76.68313110705466,0.0
SLC52A2,0.41302514851270045,76.6777622677977,1.0
AP3B2,0.41294946827640383,76.67239342854076,0.0
NUP62,0.4129145803480637,76.6670245892838,0.0
NRG2,0.4128522514108847,76.66165575002685,0.0
WNT10B,0.4128432173364652,76.6562869107699,0.0
SUCLG2,0.4127615189569725,76.65091807151295,0.0
THOC5,0.4127029556545381,76.64554923225599,0.0
NAPB,0.41269486773228453,76.64018039299904,0.0
LIN7A,0.41268711206551867,76.63481155374208,0.0
ALS2CR12,0.41264828699263323,76.62944271448512,0.0
FMR1,0.4125588786299931,76.62407387522818,0.0
MAP4K4,0.41254331445765774,76.61870503597122,0.0
GIGYF1,0.4125309279361854,76.61333619671427,0.0
IFIT1,0.41252603603947247,76.60796735745731,0.0
TCIRG1,0.41239949195601444,76.60259851820037,0.0
UNG,0.4123049503371166,76.5972296789434,0.0
PTDSS2,0.41224409352771507,76.59186083968646,0.0
IL27RA,0.41223063030758944,76.5864920004295,0.0
SRRT,0.4122151272514739,76.58112316117256,0.0
TIMM8A,0.4121262590043138,76.5757543219156,1.0
ZFP57,0.41208817580843105,76.57038548265865,0.0
CREB3,0.4120614400860044,76.56501664340169,0.0
KLF7,0.41203247863247866,76.55964780414475,0.0
UBE2M,0.4120062664954422,76.55427896488779,0.0
ATAD2B,0.4119438721821786,76.54891012563084,0.0
FKBPL,0.41190963775969863,76.54354128637388,0.0
HDAC4,0.41190566142041946,76.53817244711693,0.0
WDR41,0.41190359300108453,76.53280360785998,0.0
NTN1,0.411872619047619,76.52743476860303,0.0
AMOT,0.41185817905189614,76.52206592934607,0.0
PPP2R1A,0.4117958148360309,76.51669709008912,0.0
PTCD1,0.41162518124175407,76.51132825083216,0.0
MYCBPAP,0.41161062410221855,76.50595941157522,0.0
CCDC88B,0.4116011572560875,76.50059057231826,0.0
IL33,0.4115837200133544,76.49522173306131,0.0
ATG2B,0.4115763788064076,76.48985289380435,0.0
HSD3B7,0.4115647851669002,76.48448405454741,0.0
NFE2L1,0.4115499301112465,76.47911521529045,0.0
SFSWAP,0.41150264375253237,76.4737463760335,0.0
TLE3,0.4114669327731092,76.46837753677654,0.0
ABCA7,0.41144365079365075,76.4630086975196,0.0
NUP210,0.4114401730460203,76.45763985826264,0.0
RSPH4A,0.4112964458696551,76.45227101900569,0.0
INO80,0.4112594660518473,76.44690217974875,0.0
XPNPEP1,0.41124882365377513,76.44153334049179,0.0
AMD1,0.4112333731564387,76.43616450123484,0.0
EHHADH,0.4112030549314188,76.43079566197788,0.0
ERC2,0.4111994457455113,76.42542682272094,0.0
KAT8,0.4111525217312811,76.42005798346398,0.0
EEF1A2,0.4111202569167626,76.41468914420703,0.0
APOA1,0.4111169180249677,76.40932030495007,0.0
NGDN,0.4110595584385428,76.40395146569313,0.0
INSIG2,0.41094634038354305,76.39858262643617,0.0
NFATC1,0.41093303605359993,76.39321378717922,0.0
TIMM21,0.41090029325929656,76.38784494792226,0.0
NDN,0.4108277924903786,76.38247610866532,0.0
CETP,0.4107708079069596,76.37710726940836,0.0
MRVI1,0.4107368379377984,76.37173843015141,0.0
KRT85,0.4107120760870947,76.36636959089445,0.0
SPR,0.4105904451146256,76.3610007516375,0.0
PRDM14,0.4105890278983189,76.35563191238055,0.0
PRKCZ,0.41057771887381456,76.35026307312359,0.0
SAR1B,0.4105771473170113,76.34489423386664,1.0
SDSL,0.4105475367624269,76.33952539460968,0.0
CBFA2T3,0.410546861206498,76.33415655535273,0.0
DDX24,0.41054342373585495,76.32878771609577,0.0
CHMP5,0.4105109794182492,76.32341887683882,0.0
SNX17,0.410317607280101,76.31805003758187,0.0
ILVBL,0.4103175207418254,76.31268119832492,0.0
HDAC5,0.4103105465611665,76.30731235906796,0.0
RRH,0.4103056615006656,76.30194351981102,0.0
PIWIL2,0.4102986408975604,76.29657468055406,0.0
DDX19B,0.4102148921047618,76.29120584129711,0.0
DMRT2,0.4101876860066519,76.28583700204015,0.0
PCYT1B,0.4101570198570064,76.28046816278321,0.0
RBAK,0.410149785129687,76.27509932352625,0.0
TFDP1,0.41012319699584854,76.2697304842693,0.0
BCL9L,0.41008166771934657,76.26436164501234,0.0
SSRP1,0.4099367545518352,76.2589928057554,0.0
ARHGDIB,0.4099174853354171,76.25362396649844,0.0
GABARAPL2,0.40987103687682447,76.24825512724149,0.0
C1QB,0.4097621858032808,76.24288628798453,0.0
SMARCA5,0.4097332899914273,76.23751744872759,0.0
GPC1,0.40970760052730826,76.23214860947063,0.0
SUSD2,0.40970618122847213,76.22677977021368,0.0
CHST15,0.4096939769334959,76.22141093095672,0.0
HLA-DQA1,0.40965930452209387,76.21604209169978,0.0
CTNNBL1,0.4096366143051606,76.21067325244282,0.0
PLEKHA1,0.40961066352956765,76.20530441318587,0.0
CCNG2,0.40959409440530054,76.19993557392891,0.0
TLE2,0.4095252078856196,76.19456673467197,0.0
NOB1,0.40949340145871316,76.189197895415,0.0
RAB1A,0.4094158149780685,76.18382905615806,0.0
IPO9,0.4093780136089277,76.1784602169011,0.0
SFRP5,0.4093409396660702,76.17309137764416,0.0
PROP1,0.4093174426780538,76.16772253838721,0.0
YBX3,0.4092508373879526,76.16235369913025,0.0
BCL2L11,0.4092340106434401,76.1569848598733,0.0
DUSP1,0.4092104275221124,76.15161602061634,0.0
TMEM173,0.4092030072143304,76.1462471813594,0.0
SMG5,0.4091757935817938,76.14087834210244,0.0
PMS2,0.40904053400460105,76.1355095028455,0.0
ANG,0.4090171851282216,76.13014066358853,0.0
HLCS,0.40896653236539304,76.12477182433159,0.0
DLC1,0.40894812449231155,76.11940298507463,0.0
PRKAR2B,0.40892758998973544,76.11403414581768,0.0
COPA,0.4089148472194205,76.10866530656072,0.0
KIF13B,0.4088513237076333,76.10329646730378,0.0
LEFTY1,0.40883916274114246,76.09792762804682,0.0
SORBS3,0.4088280466583634,76.09255878878986,0.0
CGN,0.40881969314076094,76.08718994953291,0.0
SLC16A8,0.4087805069772936,76.08182111027595,0.0
LIMCH1,0.4086802847350023,76.07645227101901,0.0
HK3,0.40867397948242734,76.07108343176205,0.0
FTL,0.40866551930361966,76.0657145925051,1.0
STK16,0.40864466705190505,76.06034575324814,0.0
BTBD7,0.40863437583025847,76.0549769139912,0.0
HEY2,0.40860475804769275,76.04960807473424,0.0
USP24,0.40858840268843927,76.04423923547728,0.0
ANKFY1,0.4085266142984786,76.03887039622033,0.0
RER1,0.4084774394562662,76.03350155696339,0.0
OTUD5,0.40832271941295184,76.02813271770643,0.0
FGFR4,0.4083078694884291,76.02276387844948,0.0
SLC29A1,0.40826432450694244,76.01739503919252,0.0
ADAMTS20,0.4082603761263449,76.01202619993558,0.0
ASAP3,0.40814950241013337,76.00665736067862,0.0
HSD17B7,0.40810413940129375,76.00128852142167,0.0
NFX1,0.40809542574880203,75.99591968216471,0.0
KLHL18,0.40807053195436493,75.99055084290777,0.0
PBX1,0.40795992292643835,75.9851820036508,0.0
CBX5,0.4078435223098861,75.97981316439386,0.0
NKX6-2,0.40783213241861854,75.9744443251369,0.0
BBX,0.4078304891123503,75.96907548587996,0.0
PINX1,0.4078254781375371,75.963706646623,0.0
APEX1,0.40779663273482586,75.95833780736605,0.0
SF3B1,0.40779631071824896,75.95296896810909,1.0
MEGF6,0.40773087190587187,75.94760012885214,0.0
NHLRC2,0.407678435517432,75.94223128959518,0.0
ENO2,0.40763961939283727,75.93686245033824,0.0
FEN1,0.4075806163956163,75.93149361108128,0.0
ABI2,0.40756405970973286,75.92612477182433,0.0
DDX55,0.40746492096922005,75.92075593256737,0.0
SLC25A21,0.40745291832925296,75.91538709331043,0.0
MRPL51,0.4074336896835099,75.91001825405347,0.0
TBC1D31,0.40741778762587677,75.90464941479652,0.0
ARSD,0.40736352870069403,75.89928057553958,0.0
ILF3,0.4073210900649694,75.89391173628262,0.0
SPO11,0.40730488080553007,75.88854289702567,0.0
PLA2G4B,0.4072743202441177,75.88317405776871,0.0
ELOVL3,0.40727328332548646,75.87780521851177,0.0
PPP1R21,0.4072478317881628,75.87243637925481,0.0
NTN4,0.40716840994123193,75.86706753999786,0.0
HINT1,0.4071252413840628,75.8616987007409,0.0
EIF1AX,0.407074838557263,75.85632986148396,0.0
TAGLN2,0.40702617160979376,75.850961022227,0.0
DOCK11,0.4070016962278504,75.84559218297005,0.0
PSMD13,0.40699830558773104,75.84022334371309,0.0
GPX4,0.40699192417882524,75.83485450445615,0.0
SYNPO2,0.4069882542603267,75.82948566519919,0.0
YIF1A,0.40690328840629747,75.82411682594224,0.0
TCF12,0.4068751791579264,75.81874798668528,0.0
DPP9,0.40687020973850174,75.81337914742832,0.0
CEP19,0.40679965663259426,75.80801030817138,0.0
KCNJ1,0.40675918617018214,75.80264146891442,0.0
NOLC1,0.4067395620153368,75.79727262965747,0.0
DONSON,0.40670782173106035,75.79190379040051,0.0
NCKAP5L,0.40665189179679667,75.78653495114355,0.0
CLEC1B,0.4066248529582149,75.7811661118866,0.0
USP9X,0.4066121017982893,75.77579727262965,0.0
SH3BGRL3,0.40656387463827726,75.7704284333727,0.0
TFCP2,0.40653084188339206,75.76505959411574,0.0
TONSL,0.4064187077720011,75.7596907548588,0.0
TOP2B,0.4064084527498434,75.75432191560185,0.0
ZNF148,0.40619148090317747,75.74895307634489,0.0
EXOSC9,0.40613893140903273,75.74358423708794,0.0
G6PC3,0.4060839248801781,75.73821539783098,0.0
MAGEL2,0.40604037592582215,75.73284655857404,0.0
GALNTL6,0.4060103950691726,75.72747771931708,0.0
POLK,0.4060025610955019,75.72210888006013,0.0
BAHD1,0.4059900674586078,75.71674004080317,0.0
ODF3L2,0.4059458016004454,75.71137120154623,0.0
DKK2,0.4059366494039477,75.70600236228927,0.0
SEPT9,0.40592198561070686,75.70063352303232,0.0
ECEL1,0.40588532736905786,75.69526468377536,0.0
COL27A1,0.40584533248586113,75.68989584451842,0.0
SCAMP3,0.40584477047970846,75.68452700526146,0.0
KIF18A,0.4057847473985786,75.67915816600451,0.0
MUTYH,0.40577049605220294,75.67378932674755,0.0
NUP50,0.4057372995127978,75.66842048749061,0.0
PIK3CB,0.4057112710958596,75.66305164823365,0.0
SEMA3F,0.40566830899218476,75.6576828089767,0.0
ZNF3,0.4056524455341407,75.65231396971974,0.0
GAK,0.4056284127447566,75.6469451304628,0.0
SLC9A1,0.40549693874227166,75.64157629120584,0.0
DEGS1,0.4054816652471234,75.63620745194889,0.0
HTR4,0.4054751249765324,75.63083861269193,0.0
TRIM55,0.40547479487665566,75.62546977343499,0.0
TMEM14C,0.4054689002359929,75.62010093417804,0.0
UBE2G1,0.4054625184612868,75.61473209492108,0.0
PTTG1IP,0.40546168484028106,75.60936325566414,0.0
BCAS3,0.40544867729930434,75.60399441640718,0.0
ETHE1,0.40543516922837236,75.59862557715023,1.0
BCL9,0.40537368281962705,75.59325673789327,0.0
MRPL33,0.40520816275254845,75.58788789863632,0.0
TNNI3K,0.40515224469471667,75.58251905937936,0.0
ACTR5,0.40511025669853273,75.57715022012242,0.0
TRAPPC11,0.4051064393677753,75.57178138086546,0.0
NOS1AP,0.40505384898664804,75.56641254160851,0.0
CPSF2,0.4050099378820396,75.56104370235155,0.0
CHRM3,0.4049573528939045,75.5556748630946,0.0
SEC61B,0.4049408224066272,75.55030602383765,0.0
TXNIP,0.4049238177035094,75.54493718458069,0.0
FUT8,0.40491376112418836,75.53956834532374,0.0
ZYX,0.40490030356647855,75.53419950606678,0.0
PDCD1,0.40485223415012106,75.52883066680984,0.0
SEPP1,0.40480772605617893,75.52346182755288,0.0
RASGRP1,0.40478069107258063,75.51809298829593,0.0
NCKAP1,0.40476470658874575,75.51272414903897,0.0
DDX59,0.4047511932712272,75.50735530978201,0.0
ABCC8,0.40474368176970227,75.50198647052507,1.0
RILPL1,0.40466568871830033,75.49661763126811,0.0
EPHA7,0.4045397390661451,75.49124879201116,0.0
AGTR1,0.4045121527521142,75.4858799527542,0.0
LPA,0.4045023522229405,75.48051111349726,0.0
LATS1,0.4044930097958427,75.47514227424031,0.0
CYB561A3,0.4044574844945664,75.46977343498335,0.0
NUDCD3,0.40444746272083537,75.4644045957264,0.0
PREP,0.404444148904858,75.45903575646945,0.0
GAD1,0.40443694922857587,75.4536669172125,0.0
HACL1,0.40439804571569243,75.44829807795554,0.0
UFC1,0.40439165485786777,75.4429292386986,0.0
CCDC102A,0.40419627520922263,75.43756039944164,0.0
ATG9A,0.4041871327367065,75.43219156018469,0.0
CCDC13,0.40417240934134757,75.42682272092773,0.0
CHAF1A,0.40409224155726103,75.42145388167079,0.0
ZNF260,0.40408344113989625,75.41608504241383,0.0
CD2BP2,0.4040591054400567,75.41071620315688,0.0
HOXB4,0.40404572472313205,75.40534736389992,0.0
DCBLD2,0.40403754338601344,75.39997852464298,0.0
CEBPB,0.4039984848484849,75.39460968538602,0.0
COL6A1,0.40397511697608995,75.38924084612907,0.0
COPB2,0.40396022375773477,75.38387200687211,0.0
P4HA2,0.4039504225559224,75.37850316761516,0.0
ETV5,0.4039383115058432,75.3731343283582,0.0
VEPH1,0.40391509905442213,75.36776548910126,0.0
MAG,0.4039148874693573,75.3623966498443,0.0
RIPPLY3,0.4039016488346725,75.35702781058735,0.0
ZNF182,0.40388494924708046,75.3516589713304,0.0
TARS2,0.4038711739262695,75.34629013207345,0.0
PAOX,0.4038079349520549,75.3409212928165,0.0
SEC23IP,0.40380217587143497,75.33555245355954,0.0
HILPDA,0.40375586814778625,75.3301836143026,0.0
SLC30A6,0.403724979761009,75.32481477504564,0.0
CCHCR1,0.40370238790374763,75.31944593578869,0.0
COQ10A,0.4037006422198939,75.31407709653173,0.0
TSG101,0.4036795671845326,75.30870825727479,0.0
TTLL6,0.4036576267301107,75.30333941801783,0.0
KYNU,0.40363594540889525,75.29797057876088,0.0
KLHL1,0.40361264312367195,75.29260173950392,0.0
DNAL4,0.403473336158073,75.28723290024698,0.0
UQCC1,0.40344827507201114,75.28186406099002,0.0
GIT1,0.4034277745954912,75.27649522173306,0.0
SLC2A12,0.4034205298304257,75.27112638247611,0.0
ARID2,0.40341846148245664,75.26575754321915,0.0
TRAF3,0.40325566441758376,75.2603887039622,0.0
CRELD2,0.40320630482651987,75.25501986470525,0.0
CLTC,0.4031802649839736,75.24965102544829,0.0
HSPA8,0.4031443871143444,75.24428218619134,0.0
BMF,0.4030815700607183,75.23891334693438,0.0
UBE2L3,0.40306417985890597,75.23354450767744,0.0
USP22,0.4030566829798885,75.22817566842048,0.0
MYOM2,0.4030061168300299,75.22280682916353,0.0
PPP1R15A,0.40298352194725584,75.21743798990657,0.0
PANX3,0.40297652103689396,75.21206915064963,0.0
TAOK2,0.4029367244253611,75.20670031139268,0.0
EPB42,0.402926133579775,75.20133147213572,0.0
HDLBP,0.4029236486011408,75.19596263287877,0.0
RAB10,0.40289052133503345,75.19059379362182,0.0
CDK10,0.4028357634455431,75.18522495436487,0.0
NAV1,0.40283496691762444,75.17985611510791,0.0
MDM4,0.4027216393827378,75.17448727585096,0.0
STAP2,0.4027033769574701,75.169118436594,0.0
NNT,0.40267005819499574,75.16374959733706,0.0
TARBP1,0.4026653438791657,75.1583807580801,0.0
FASTKD3,0.40263854946195465,75.15301191882315,0.0
MIF4GD,0.40253395987851304,75.1476430795662,0.0
DIP2B,0.4025074022184091,75.14227424030925,0.0
VPS13B,0.4024038150624923,75.13690540105229,1.0
TOE1,0.4023113873776272,75.13153656179534,0.0
CFC1,0.4022943703018636,75.12616772253838,0.0
CD63,0.4022613993970765,75.12079888328144,0.0
ALDH16A1,0.4022533553124671,75.11543004402448,0.0
HNRNPH2,0.40217919950654035,75.11006120476753,0.0
CA13,0.4021659473716651,75.10469236551057,0.0
AKAP2,0.40212415433186816,75.09932352625363,0.0
NKX2-5,0.4020496327028555,75.09395468699667,0.0
HRNR,0.40201680130077255,75.08858584773972,0.0
COL14A1,0.40199977964024525,75.08321700848276,0.0
SPIRE2,0.40196142178929406,75.07784816922582,0.0
NMNAT2,0.40193561285053925,75.07247932996886,0.0
HFE,0.40191110640798644,75.06711049071191,0.0
RABGAP1L,0.40190827835426823,75.06174165145497,0.0
RASGRP3,0.40179131240164684,75.056372812198,0.0
RACGAP1,0.40178156140852356,75.05100397294106,0.0
ASPN,0.4015829990606587,75.0456351336841,0.0
NEK9,0.4015448620803442,75.04026629442716,0.0
EMD,0.40153695723948635,75.0348974551702,0.0
TENM3,0.40152964800295887,75.02952861591325,1.0
RIPK3,0.4014204775642233,75.02415977665629,0.0
TWIST2,0.40139349078341013,75.01879093739933,0.0
KIAA1211,0.4013321556204669,75.01342209814239,0.0
TRPM4,0.4012702624316013,75.00805325888543,0.0
FRS3,0.40121001292720165,75.00268441962848,0.0
WNK2,0.401190720926618,74.99731558037152,0.0
SNRPN,0.4011548800694486,74.99194674111457,0.0
ADORA1,0.40111869466413824,74.98657790185761,0.0
CHST11,0.40105930788982247,74.98120906260067,0.0
MYBL2,0.4010088149238015,74.97584022334371,0.0
PAGR1,0.4010045653503676,74.97047138408675,0.0
NLGN2,0.4008919436845367,74.9651025448298,0.0
ANKS1B,0.4008857142857143,74.95973370557284,0.0
DOPEY2,0.4006988003951812,74.9543648663159,0.0
BCAN,0.40064038742284014,74.94899602705894,0.0
C19orf12,0.4006295699577128,74.943627187802,0.0
RALB,0.400578642947235,74.93825834854503,0.0
TEKT2,0.40052178591723575,74.93288950928809,0.0
GOLM1,0.40049215756215634,74.92752067003114,0.0
IFIH1,0.4004799363756238,74.92215183077418,0.0
EMX1,0.40046514666781013,74.91678299151724,0.0
ARRB2,0.40045814016144404,74.91141415226028,0.0
PNMAL1,0.40034541082717034,74.90604531300333,0.0
KLHL17,0.4003109316697514,74.90067647374637,0.0
FZD7,0.4002997657473988,74.89530763448943,0.0
CLDN11,0.400178427829234,74.88993879523247,0.0
ARHGEF18,0.40013947653629733,74.88456995597552,1.0
TMOD3,0.40010786722135777,74.87920111671856,0.0
SLC34A1,0.4000856279755808,74.87383227746162,0.0
IL11RA,0.40007003420322695,74.86846343820466,0.0
SFTPB,0.3999941699454149,74.86309459894771,0.0
KCNQ2,0.39998922860293834,74.85772575969075,0.0
SLC30A5,0.39995744707358954,74.8523569204338,0.0
AQP11,0.39982409430519406,74.84698808117685,0.0
CELSR2,0.3996451177963598,74.8416192419199,0.0
RGS3,0.3996230779424506,74.83625040266294,0.0
SLC6A5,0.3996000164555504,74.830881563406,0.0
DERL1,0.3995853576259208,74.82551272414904,0.0
OTUD4,0.399571334955301,74.82014388489209,0.0
COX7B,0.39953631521333866,74.81477504563513,1.0
CRYBA4,0.399475773081976,74.80940620637818,0.0
OGDH,0.3994635639585433,74.80403736712123,0.0
CCDC77,0.399384772256514,74.79866852786428,0.0
POLD2,0.3993569600458529,74.79329968860732,0.0
CCDC59,0.3992804743374113,74.78793084935037,0.0
KCNG4,0.3992790519095515,74.78256201009343,0.0
EIF3C,0.39926883823489495,74.77719317083647,0.0
NNMT,0.39921994972149044,74.77182433157952,0.0
CHST14,0.39919427244808053,74.76645549232256,1.0
HLA-E,0.3990767645326939,74.76108665306562,0.0
XCL1,0.39907339274252884,74.75571781380866,0.0
RBPMS2,0.39900625367601206,74.75034897455171,0.0
ARMC2,0.3989616951736388,74.74498013529475,0.0
PTP4A3,0.39894719728216355,74.7396112960378,0.0
PRKAR2A,0.398942333745698,74.73424245678085,0.0
EIF2B2,0.3989277409574804,74.72887361752389,0.0
SNAPC4,0.39891204369074823,74.72350477826694,0.0
SAMD7,0.39890142949451135,74.71813593900998,0.0
MAP2,0.3988952671051979,74.71276709975302,0.0
P2RX2,0.3988905430039448,74.70739826049608,0.0
AP4B1,0.398864891990149,74.70202942123912,0.0
MNAT1,0.39882820524968365,74.69666058198217,0.0
ZNF706,0.39882638844822643,74.69129174272521,0.0
NFE2,0.39879922292505443,74.68592290346827,0.0
COPS6,0.398618183271819,74.68055406421131,0.0
PDPN,0.3985924685729406,74.67518522495436,0.0
USP10,0.3985836195721392,74.6698163856974,0.0
CSPP1,0.3985817268406296,74.66444754644046,1.0
TRIM16,0.39844513725617714,74.6590787071835,0.0
TBP,0.39840786507358006,74.65370986792655,0.0
CLDN9,0.39840273938584286,74.6483410286696,0.0
MYH4,0.3983625683396206,74.64297218941265,0.0
GAA,0.3981966626748635,74.6376033501557,0.0
USP2,0.39818998465893285,74.63223451089874,0.0
PSMG1,0.39817881859544946,74.6268656716418,0.0
PDX1,0.39813804751873927,74.62149683238484,1.0
USE1,0.3980451649111514,74.61612799312789,0.0
FBXW8,0.39796496971745976,74.61075915387093,0.0
N4BP3,0.39796075992313007,74.60539031461398,0.0
IDH1,0.3979457038510487,74.60002147535702,0.0
CAMTA1,0.3979037242839587,74.59465263610008,0.0
HYAL1,0.39786957952198915,74.58928379684312,0.0
ODC1,0.3977839894055004,74.58391495758617,0.0
KTN1,0.397775286029176,74.57854611832921,0.0
GPR89B,0.3977597480100135,74.57317727907227,0.0
LONP2,0.39773308043713684,74.56780843981531,0.0
MT1H,0.39772896890691006,74.56243960055836,0.0
NPAS3,0.39771978354978355,74.5570707613014,0.0
SEPT10,0.3976940363766445,74.55170192204446,0.0
DMWD,0.397579141610004,74.5463330827875,0.0
VPS33B,0.39755288983268955,74.54096424353055,0.0
EMC3,0.39752415920421996,74.5355954042736,0.0
DOPEY1,0.3975071231710826,74.53022656501665,0.0
VARS,0.39737012952275,74.52485772575969,0.0
MARK2,0.39732011035441595,74.51948888650274,0.0
FLCN,0.39731240415361896,74.5141200472458,1.0
HBG2,0.39722312128231246,74.50875120798884,0.0
DCX,0.3972174346477165,74.50338236873189,0.0
EIF3K,0.3971716797386458,74.49801352947493,0.0
SYVN1,0.3971606467780251,74.49264469021799,0.0
OSGEP,0.39714588961573144,74.48727585096103,0.0
NOD2,0.3971439744246104,74.48190701170407,0.0
B3GALNT1,0.39713415587888584,74.47653817244712,0.0
NDRG2,0.397113498409249,74.47116933319016,0.0
APOH,0.39704141223223216,74.46580049393322,0.0
TMEM115,0.3970277937580905,74.46043165467626,0.0
FDPS,0.3969823428994543,74.45506281541931,0.0
ZFPM1,0.39695299228463315,74.44969397616235,0.0
MIA3,0.3969346398302916,74.4443251369054,0.0
BCL11A,0.39689169937205654,74.43895629764845,0.0
BDKRB2,0.39686468837328037,74.43358745839149,0.0
DAW1,0.39675111464394514,74.42821861913454,0.0
LARP1B,0.39674785085527725,74.42284977987758,0.0
RPS6KA1,0.3967376477894523,74.41748094062064,0.0
FURIN,0.3967284850383534,74.41211210136368,0.0
FIGNL1,0.39663563381508476,74.40674326210673,0.0
VPS54,0.3966179218827096,74.40137442284977,0.0
ABHD5,0.39660140698440316,74.39600558359282,0.0
ABCB10,0.39646753572226273,74.39063674433586,0.0
TEX2,0.39645890477939605,74.38526790507892,0.0
SBNO1,0.3964589027160964,74.37989906582196,0.0
FAM91A1,0.3964340009435297,74.37453022656501,0.0
DHX58,0.39642495857399745,74.36916138730807,0.0
DDX43,0.3963789175613871,74.36379254805111,0.0
ARHGEF12,0.3963554516581523,74.35842370879416,0.0
GRPEL1,0.396217824191919,74.3530548695372,0.0
MYBPC3,0.39621739740611683,74.34768603028026,0.0
SYCP2L,0.39619105104477714,74.3423171910233,0.0
NDUFAF6,0.3961442533852452,74.33694835176635,1.0
MTCH2,0.3961421276166592,74.33157951250939,0.0
TDRD9,0.39613563974237215,74.32621067325245,0.0
CCNE2,0.39610822779338734,74.32084183399549,0.0
GTF2IRD1,0.39607544991240645,74.31547299473854,0.0
EAF1,0.3960597529700837,74.31010415548158,0.0
TCP1,0.39602261689862883,74.30473531622464,0.0
MYL5,0.3959710451186633,74.29936647696768,0.0
HNRNPH1,0.39593214351375805,74.29399763771073,0.0
NLRP1,0.3959098391895462,74.28862879845377,0.0
GPT2,0.39588153262820347,74.28325995919683,0.0
AR,0.3958594704477118,74.27789111993987,0.0
EIF5A,0.3957658602910885,74.27252228068292,0.0
PDHA1,0.3957260940530339,74.26715344142596,1.0
ATP9B,0.39570521929902036,74.26178460216902,0.0
KCNJ16,0.3956970442766516,74.25641576291206,0.0
ZNF609,0.3955821004679422,74.25104692365511,0.0
BTBD9,0.39555739606991114,74.24567808439815,0.0
PPP2R3B,0.39551979244850644,74.2403092451412,0.0
BCL2L1,0.3955004839993134,74.23494040588426,0.0
RCE1,0.3954393283528513,74.2295715666273,0.0
CSRP1,0.39540300259119593,74.22420272737035,0.0
ZFR,0.3953869364916612,74.2188338881134,0.0
FAR1,0.3953614416548522,74.21346504885645,0.0
TENM4,0.3952806617394914,74.20809620959949,0.0
CTSK,0.39527836281641215,74.20272737034253,0.0
RPA3,0.39525686287432577,74.19735853108558,0.0
KCTD1,0.3952334434399546,74.19198969182862,0.0
PGBD5,0.3951496223673435,74.18662085257168,0.0
TRIM2,0.3950928571428572,74.18125201331472,0.0
SYK,0.3950896634112706,74.17588317405776,0.0
ALDH1L2,0.39506416520098564,74.17051433480081,0.0
PPARA,0.3950076359521043,74.16514549554385,0.0
CYP11B1,0.39500420561038696,74.15977665628691,0.0
UBA1,0.39497442454275133,74.15440781702995,0.0
NCOA2,0.39490629574129577,74.149038977773,0.0
NOL11,0.3948763659547404,74.14367013851604,0.0
TBC1D4,0.3948745839520448,74.1383012992591,0.0
PSMC4,0.3947947330513917,74.13293246000214,0.0
BCHE,0.3946924690580614,74.12756362074519,0.0
CEP57L1,0.39469028187136157,74.12219478148823,0.0
CCDC174,0.39467646633245124,74.11682594223129,0.0
IL18,0.39459696182666737,74.11145710297433,0.0
DHRS7B,0.39458232244603375,74.10608826371738,0.0
BZW1,0.39456020701507355,74.10071942446042,0.0
CYP2E1,0.3944614867221767,74.09535058520348,0.0
ZMYM1,0.3944142128005961,74.08998174594653,0.0
CWC22,0.3943589844111287,74.08461290668957,0.0
DAB2,0.3943086724609294,74.07924406743263,0.0
C5AR1,0.3941537827093779,74.07387522817567,0.0
SOST,0.39414005815226477,74.06850638891872,0.0
XPOT,0.3941265592411298,74.06313754966176,0.0
TAF8,0.39407713909628567,74.05776871040482,0.0
TGM3,0.3940152070321252,74.05239987114786,0.0
TERF1,0.3939798713190964,74.04703103189091,0.0
RSPO3,0.3937707825744588,74.04166219263395,0.0
SEPT7,0.3936531024531025,74.036293353377,0.0
POLR1A,0.39362543015558754,74.03092451412004,0.0
DRG2,0.39362095478842174,74.0255556748631,0.0
INSRR,0.39359794174262525,74.02018683560614,0.0
GATM,0.3935651810669435,74.0148179963492,0.0
XAB2,0.39348593054357867,74.00944915709223,0.0
SDC2,0.3934675410587773,74.00408031783529,0.0
BNC1,0.3934520624900023,73.99871147857833,0.0
DEK,0.39344634597342315,73.99334263932138,0.0
UGCG,0.39339835950569685,73.98797380006442,0.0
HSCB,0.39335948458463066,73.98260496080748,0.0
TPMT,0.3933460658468756,73.97723612155052,0.0
OC90,0.39326919483067824,73.97186728229357,0.0
DHX38,0.39326081331845636,73.96649844303661,0.0
DNAJC11,0.39324748788462793,73.96112960377967,0.0
PPP1R9A,0.3931551751714462,73.95576076452272,0.0
MMP15,0.3930612760100627,73.95039192526576,0.0
PARVA,0.3930114376874162,73.9450230860088,0.0
SLC23A2,0.3929776367543657,73.93965424675186,0.0
HDAC11,0.39290541883287033,73.9342854074949,0.0
KLB,0.3928058138029068,73.92891656823795,0.0
PPP1R2,0.3927716525735076,73.92354772898099,0.0
RAB17,0.39276472265476275,73.91817888972405,0.0
KRT16,0.39272329764417113,73.91281005046709,0.0
RAPSN,0.39271555027225746,73.90744121121014,0.0
CHRDL2,0.3926900191781806,73.90207237195318,0.0
TAF1B,0.3925516602613811,73.89670353269622,0.0
STRN,0.3925353446039418,73.89133469343928,0.0
VGF,0.3925262281487153,73.88596585418232,0.0
PTPRD,0.3925191855497157,73.88059701492537,0.0
CD7,0.3924597961533048,73.87522817566841,0.0
MAP3K5,0.3924508296143485,73.86985933641147,0.0
QRICH2,0.3922763382488861,73.8644904971545,0.0
STRIP1,0.39222845800308315,73.85912165789756,0.0
PPARGC1B,0.39221325516251815,73.8537528186406,0.0
MRPS25,0.3922117543099499,73.84838397938366,0.0
HBG1,0.39221080498996486,73.8430151401267,0.0
GPC5,0.39202842761160794,73.83764630086975,0.0
TCF4,0.39195624109461313,73.83227746161279,0.0
FSTL1,0.3919405308107232,73.82690862235584,0.0
LEMD3,0.39188927353404057,73.8215397830989,0.0
MRPS28,0.3918180186259527,73.81617094384194,0.0
C3AR1,0.39178268872630834,73.810802104585,0.0
RAPGEF4,0.39176393470590265,73.80543326532803,0.0
SMG6,0.3916856054926407,73.80006442607109,0.0
ACTR3,0.39168381262793794,73.79469558681413,0.0
KIAA1161,0.3916459481524709,73.78932674755718,0.0
AKT1,0.39163059587471355,73.78395790830022,0.0
POLR2L,0.39161728779595173,73.77858906904328,0.0
SF3A1,0.39146355243945286,73.77322022978632,0.0
GFPT1,0.39134093718363644,73.76785139052937,0.0
STIP1,0.3913341327897513,73.76248255127241,0.0
VCL,0.3913166227730764,73.75711371201547,0.0
TYK2,0.3912878880191865,73.75174487275851,0.0
NGLY1,0.39121316630518127,73.74637603350156,0.0
STK38,0.3912096963703847,73.7410071942446,0.0
TRIM13,0.3911645310240804,73.73563835498766,0.0
EEF1D,0.3911418281355916,73.7302695157307,0.0
ACO2,0.3910727986288915,73.72490067647375,1.0
PRKAB2,0.3909299248281788,73.71953183721679,0.0
NARS,0.3909265851723364,73.71416299795985,0.0
CLMP,0.3908886147031876,73.70879415870289,0.0
RAB3C,0.39082515403804546,73.70342531944594,0.0
HPR,0.39081979520188576,73.69805648018898,0.0
JUND,0.3907925055325553,73.69268764093204,0.0
HNRNPU,0.3907870454808108,73.68731880167508,0.0
GPR132,0.3907865919709137,73.68194996241813,0.0
LMBR1,0.3907702982079223,73.67658112316118,0.0
GREB1,0.39067330295416164,73.67121228390423,0.0
GNB2,0.3906619311536417,73.66584344464727,0.0
HSDL2,0.39064097867346836,73.66047460539032,0.0
JUNB,0.3906276919481494,73.65510576613336,0.0
TBL1X,0.39058667394860924,73.64973692687641,0.0
ABCD3,0.390581558113554,73.64436808761945,0.0
GK,0.3905330049616122,73.6389992483625,0.0
GCC1,0.3905324028596456,73.63363040910555,0.0
CXXC1,0.39052393800143403,73.62826156984859,0.0
SLC6A3,0.3905164578578426,73.62289273059164,0.0
ATP7A,0.3904837931189074,73.61752389133468,0.0
NFYB,0.39037790634629865,73.61215505207774,0.0
TNFRSF10D,0.3903575224104039,73.60678621282078,0.0
IL4R,0.39030941982801776,73.60141737356383,0.0
CAD,0.39021546179291056,73.59604853430687,0.0
TNIP1,0.3902101709512379,73.59067969504993,0.0
REEP6,0.3901970577133068,73.58531085579297,1.0
FBXO5,0.39017739930544143,73.57994201653602,0.0
RFK,0.3901535907023331,73.57457317727906,0.0
FAM210B,0.3901317321688239,73.56920433802212,0.0
CHD9,0.3900837974255594,73.56383549876516,0.0
CD109,0.390071234772979,73.55846665950821,0.0
MED4,0.39005000003965645,73.55309782025125,0.0
CUL1,0.39001678141168056,73.54772898099431,0.0
CCNF,0.389956202367633,73.54236014173736,0.0
CLIC1,0.38993227826466925,73.5369913024804,0.0
BSCL2,0.3899121272405989,73.53162246322346,0.0
MB,0.3899079041410015,73.5262536239665,0.0
WNT16,0.3898895934421599,73.52088478470955,0.0
UBB,0.38987021119560455,73.51551594545259,0.0
GSTM4,0.3898686257350553,73.51014710619565,0.0
NME3,0.3898536105566842,73.50477826693869,0.0
GAS2L3,0.389797976997062,73.49940942768174,0.0
AK7,0.3897260699218773,73.49404058842478,0.0
SSTR2,0.38972585757759065,73.48867174916784,0.0
SEMA3C,0.38972517752695435,73.48330290991088,0.0
FLRT3,0.38970194223551863,73.47793407065393,0.0
FBXL16,0.3896761674679575,73.47256523139697,0.0
NFE2L3,0.38964232728555376,73.46719639214002,0.0
FAN1,0.3896360550043633,73.46182755288307,0.0
SCPEP1,0.38961416945833677,73.45645871362612,0.0
DLG5,0.38961337225858833,73.45108987436916,0.0
ZNF354A,0.38954870395188224,73.44572103511221,0.0
KIAA1217,0.38951353211057543,73.44035219585525,0.0
NFRKB,0.3895044127266901,73.43498335659831,0.0
SYT10,0.3894945205157162,73.42961451734135,0.0
CCDC151,0.3894934872088468,73.4242456780844,0.0
IL2,0.38942486219784356,73.41887683882744,0.0
ALG1,0.3894241069173744,73.4135079995705,0.0
SPTLC2,0.38941603155191873,73.40813916031354,0.0
EIF1AD,0.38938674663601,73.4027703210566,0.0
SPIB,0.3893125334245216,73.39740148179963,0.0
WDR53,0.389258902461671,73.39203264254269,0.0
PROKR2,0.3892481990118056,73.38666380328573,0.0
CXCL14,0.38920224800808834,73.38129496402878,0.0
ABI3BP,0.38917527737721597,73.37592612477182,0.0
DPP7,0.38917490282714035,73.37055728551488,0.0
DAND5,0.38914572104611456,73.36518844625792,0.0
MED12L,0.3890805854176142,73.35981960700096,0.0
TRIM54,0.38906389945397385,73.35445076774401,0.0
SLC39A8,0.3890538771300476,73.34908192848705,0.0
ZHX2,0.38903915012380713,73.3437130892301,0.0
PIGU,0.3889749348229042,73.33834424997315,0.0
NCKIPSD,0.38893930729075316,73.3329754107162,0.0
RSG1,0.3889384313542976,73.32760657145924,0.0
PGAM4,0.38893528691129886,73.3222377322023,0.0
TBC1D19,0.38879588283812466,73.31686889294534,0.0
SKA2,0.38873933104717817,73.31150005368839,0.0
FAM83H,0.38870207304825743,73.30613121443143,0.0
CENPO,0.38866834429733793,73.30076237517449,0.0
IL17F,0.38862160311806465,73.29539353591753,0.0
PPIH,0.38860074180329035,73.29002469666058,0.0
ACOT8,0.3885703169052418,73.28465585740362,0.0
MRPS18C,0.38855925450788503,73.27928701814668,0.0
EPYC,0.38853381020567973,73.27391817888972,0.0
FARS2,0.38853184346886976,73.26854933963277,0.0
MAPKBP1,0.38846468833605063,73.26318050037582,0.0
CADPS2,0.3883763579682549,73.25781166111886,0.0
RTN3,0.38837631403018186,73.25244282186192,0.0
TXNDC5,0.3883693664050223,73.24707398260496,0.0
TAF4,0.3883525252525253,73.24170514334801,0.0
PPME1,0.3883385012549825,73.23633630409105,0.0
DTL,0.38832507514818665,73.23096746483411,0.0
B4GALT7,0.38831084494494644,73.22559862557715,0.0
SVIL,0.3882907723540183,73.2202297863202,0.0
NEFM,0.3882662588725313,73.21486094706324,0.0
FNDC3B,0.3882446199365276,73.2094921078063,0.0
WFS1,0.38824068595393507,73.20412326854934,1.0
C12orf57,0.38821661341202623,73.19875442929239,0.0
NR4A2,0.38821254453392495,73.19338559003543,0.0
CD320,0.3881933510791315,73.18801675077849,0.0
SFRP4,0.3880512167276805,73.18264791152153,0.0
RAB2A,0.3879192321215592,73.17727907226458,0.0
RAPGEF2,0.3878646757007413,73.17191023300762,0.0
IFIT1B,0.3878184857050736,73.16654139375068,0.0
ZNF772,0.38779548326514074,73.16117255449372,0.0
POLE4,0.3877887779217081,73.15580371523677,0.0
IL17RE,0.38778107693526953,73.15043487597981,0.0
TTLL4,0.3877764187842794,73.14506603672287,0.0
SSB,0.3877758603631695,73.1396971974659,0.0
GSTT1,0.38776411214796136,73.13432835820896,0.0
DCUN1D3,0.3877169027979915,73.128959518952,0.0
BAAT,0.3876802896279939,73.12359067969506,0.0
MCL1,0.3876358180756744,73.1182218404381,0.0
PCDH10,0.38757045126205886,73.11285300118115,0.0
AURKB,0.3875324986977462,73.10748416192419,0.0
CHST12,0.3875288383205865,73.10211532266723,0.0
CDX2,0.3875259336089113,73.09674648341029,0.0
VDAC1,0.3874880339362745,73.09137764415333,0.0
NARF,0.38747234002262715,73.08600880489638,0.0
KCNH3,0.3874567911255412,73.08063996563942,0.0
SPATA6,0.38744410512689925,73.07527112638248,0.0
FGF7,0.387421080123367,73.06990228712552,0.0
PLCB3,0.3873904076562136,73.06453344786857,0.0
POLR3H,0.38736001034263656,73.05916460861161,0.0
KIR3DL2,0.3873544693227794,73.05379576935466,0.0
SEMA4C,0.38732420314872207,73.0484269300977,0.0
RPS27,0.3872849051946254,73.04305809084076,0.0
HIRIP3,0.3872433047428186,73.0376892515838,0.0
SARS,0.38722169933516837,73.03232041232685,0.0
LRRC2,0.38714408399082484,73.0269515730699,0.0
ELL2,0.3871397907462904,73.02158273381295,0.0
KLF8,0.3870480362284024,73.01621389455599,0.0
TRNT1,0.38699240841749344,73.01084505529904,1.0
SACM1L,0.38698417575155486,73.00547621604208,0.0
BCAR1,0.3868732070528548,73.00010737678514,0.0
GAB2,0.38681275192567044,72.99473853752818,0.0
DCLK1,0.3867674943392127,72.98936969827123,0.0
CCDC60,0.3867664683214231,72.98400085901429,0.0
KRT78,0.38676472332049466,72.97863201975733,0.0
HLA-DQB1,0.38676190374933406,72.97326318050038,0.0
ZFP36L2,0.3867455646170293,72.96789434124342,0.0
FKBP1A,0.38672359531535017,72.96252550198648,0.0
DISP2,0.38672094251515343,72.95715666272952,0.0
TMPRSS2,0.3867146512394138,72.95178782347257,0.0
RNF2,0.3866900620917557,72.94641898421561,0.0
CABLES2,0.38668897626093524,72.94105014495867,0.0
FAM117B,0.3866861216575491,72.9356813057017,0.0
APPL2,0.3865915704158466,72.93031246644476,0.0
ENTPD5,0.38658096544015014,72.9249436271878,0.0
YME1L1,0.38656846474418993,72.91957478793086,0.0
KIF26B,0.38650435408376616,72.9142059486739,0.0
NFS1,0.38649494353756914,72.90883710941695,0.0
ATP6V0A1,0.38647742756150644,72.90346827015999,0.0
ACBD6,0.38635819531164217,72.89809943090305,0.0
GSTK1,0.3863567345670662,72.89273059164609,0.0
IHH,0.3863423845743761,72.88736175238914,0.0
MSH2,0.3863056667438893,72.88199291313218,0.0
STAG1,0.3862908539257063,72.87662407387523,0.0
VPS8,0.3862602828852829,72.87125523461827,0.0
MED30,0.38622406568096335,72.86588639536133,0.0
SCN4A,0.38618494893319627,72.86051755610437,0.0
ALAD,0.38615928530715654,72.85514871684742,0.0
SAT1,0.3861494052585946,72.84977987759046,0.0
CIITA,0.3861111673137482,72.84441103833352,0.0
PACRG,0.38602733499314784,72.83904219907656,0.0
CYFIP1,0.3860158255573884,72.83367335981961,0.0
HLA-DRB1,0.38593563881242304,72.82830452056265,0.0
FAM151B,0.38590256934875034,72.8229356813057,0.0
MOB1A,0.38585084276623827,72.81756684204875,0.0
RAB5C,0.38583082529434226,72.81219800279179,0.0
DLX1,0.38582879424497074,72.80682916353484,0.0
XPO1,0.3857549338472635,72.80146032427788,0.0
COA3,0.3857379521446826,72.79609148502094,0.0
TSPAN7,0.385705011004985,72.79072264576398,0.0
PML,0.3856495398425964,72.78535380650703,0.0
FBXO43,0.3856416941296648,72.77998496725007,0.0
WRB,0.38563917938355147,72.77461612799313,0.0
HIVEP1,0.38559682123361017,72.76924728873617,0.0
SLC11A1,0.38558436843400534,72.76387844947922,0.0
EIF4EBP3,0.3855493581888191,72.75850961022226,0.0
ZBTB43,0.3855379734355044,72.75314077096532,0.0
HAL,0.38551427598641075,72.74777193170836,0.0
PGM5,0.38548679784778483,72.74240309245141,0.0
ME2,0.3853865095324306,72.73703425319445,0.0
AHSA1,0.3853101373344939,72.7316654139375,0.0
IRX6,0.38528001777944476,72.72629657468055,0.0
RPS12,0.3852486986080801,72.7209277354236,0.0
TUBB4B,0.38524302890834294,72.71555889616664,1.0
DAXX,0.38524070784761133,72.7101900569097,0.0
TANGO2,0.3852393409411672,72.70482121765275,0.0
RPS15A,0.3851732630195203,72.69945237839579,0.0
TAF7,0.3851409686221964,72.69408353913884,0.0
SLC14A1,0.38511094244903604,72.68871469988188,0.0
CRYBB3,0.38511079136813614,72.68334586062494,0.0
RASSF5,0.38510081667596413,72.67797702136798,0.0
ING4,0.3850868283184088,72.67260818211103,0.0
GLMN,0.38494683381073774,72.66723934285407,0.0
PFKP,0.3849008733123863,72.66187050359713,0.0
LAT,0.38481601218961503,72.65650166434017,0.0
MGAT1,0.3846929117081748,72.65113282508322,0.0
SRP72,0.38465343452017847,72.64576398582626,0.0
CPNE3,0.3845913240791426,72.64039514656932,0.0
SCUBE2,0.38458543562109,72.63502630731236,0.0
CIDEA,0.3845672749679069,72.62965746805541,0.0
EDN3,0.3844424874296578,72.62428862879845,0.0
CPA3,0.3844404103768601,72.61891978954151,0.0
PEX19,0.38439842938957164,72.61355095028455,1.0
FBXO33,0.38432936882620455,72.6081821110276,0.0
SERPINB1,0.3842524073581582,72.60281327177064,0.0
CCNA1,0.38424408891865836,72.5974444325137,0.0
GFRA3,0.3842337436619926,72.59207559325674,0.0
RPIA,0.38421992574568414,72.58670675399979,0.0
CUL4B,0.38421314483012853,72.58133791474283,0.0
DNAJC8,0.3842120358480178,72.57596907548589,0.0
PHF20,0.38419466455911727,72.57060023622893,0.0
FAM53B,0.38412168025396154,72.56523139697197,0.0
NPC2,0.3841055123420257,72.55986255771502,0.0
IPO7,0.38382197671444934,72.55449371845806,0.0
HOMEZ,0.38379222815469866,72.54912487920112,0.0
MIXL1,0.38373814952238916,72.54375603994416,0.0
G3BP1,0.3837338832110628,72.53838720068721,0.0
PPRC1,0.3837155377847603,72.53301836143025,0.0
TUBA1A,0.3836563432497838,72.5276495221733,0.0
DNAJA2,0.383634365586362,72.52228068291635,0.0
SLC11A2,0.3836183820921885,72.5169118436594,0.0
HDAC8,0.38361586566251155,72.51154300440244,0.0
PARK7,0.3835822225375033,72.5061741651455,0.0
CDK12,0.38347452835105267,72.50080532588854,0.0
TRAF5,0.3834742555508694,72.49543648663159,0.0
SMARCD2,0.3834558663257982,72.49006764737463,0.0
CTR9,0.383419979283324,72.48469880811768,0.0
LYN,0.38339918008483126,72.47932996886072,0.0
PCK1,0.383323084559713,72.47396112960378,0.0
TGFA,0.3832191473960961,72.46859229034682,0.0
CDCA8,0.38321679221464566,72.46322345108987,0.0
GRIN2A,0.3831732486354225,72.45785461183291,0.0
IGHMBP2,0.38316609728163803,72.45248577257597,0.0
GSTM2,0.3830940787394728,72.44711693331901,0.0
MED29,0.3830938449612219,72.44174809406206,0.0
COMMD1,0.3830797337552526,72.43637925480512,0.0
TAS2R46,0.3830549177911737,72.43101041554816,0.0
OLA1,0.38298210001744337,72.42564157629121,0.0
COX7A2,0.38297633792846525,72.42027273703425,0.0
RTN1,0.38292579926401765,72.41490389777731,0.0
SLC9A9,0.38288439166639615,72.40953505852035,0.0
ONECUT1,0.38286093977550484,72.4041662192634,0.0
SH3GL3,0.38280677161569365,72.39879738000644,0.0
SMPD1,0.3828058570294582,72.3934285407495,0.0
STARD7,0.38279504864266933,72.38805970149254,0.0
ARHGAP24,0.38278092189476143,72.38269086223559,0.0
MTA2,0.3827807986058235,72.37732202297863,0.0
CHD6,0.3827667982729582,72.37195318372169,0.0
GAN,0.38275599119986253,72.36658434446473,0.0
RNF208,0.38275328684624155,72.36121550520778,0.0
MTNR1A,0.3827438740080857,72.35584666595082,0.0
FSHR,0.38271518221081957,72.35047782669388,0.0
NUP88,0.3826931078657043,72.34510898743692,0.0
GINM1,0.382661489676588,72.33974014817997,0.0
EIF2S3,0.38263214390394173,72.33437130892301,0.0
TOP2A,0.382599769794664,72.32900246966607,0.0
SSFA2,0.3825399268626252,72.3236336304091,0.0
PDPK1,0.3824883691768469,72.31826479115216,0.0
CD226,0.3823668203119852,72.3128959518952,0.0
PADI4,0.38233065746045874,72.30752711263825,0.0
FOXD3,0.38224285714285716,72.3021582733813,0.0
ANKAR,0.3822241341578584,72.29678943412435,0.0
FGFRL1,0.3821390443840325,72.29142059486739,0.0
RPS9,0.38203107803914205,72.28605175561043,0.0
FGA,0.38199588346459123,72.28068291635348,0.0
PPP2R5D,0.3819841984071823,72.27531407709652,0.0
LACTB2,0.3819786419584331,72.26994523783958,0.0
DCPS,0.38192024273917347,72.26457639858262,0.0
DRAP1,0.3819004013074997,72.25920755932567,0.0
PAK1IP1,0.38189628190253705,72.25383872006871,0.0
PLA2G4A,0.38188213524260944,72.24846988081177,0.0
SUCO,0.38185223868705415,72.24310104155481,0.0
ATG12,0.3818218026573628,72.23773220229786,0.0
PHACTR2,0.38181620576032377,72.2323633630409,0.0
EDEM3,0.3818145818870548,72.22699452378396,0.0
NAB1,0.3817840370163753,72.221625684527,0.0
PTPN3,0.3817460036936041,72.21625684527005,0.0
UBTF,0.381733821902686,72.21088800601309,0.0
TIMP4,0.38164142194191963,72.20551916675615,0.0
EEF1B2,0.38158968064460524,72.20015032749919,0.0
KCNIP2,0.38158087631294957,72.19478148824224,0.0
VGLL2,0.3815610205018524,72.18941264898528,0.0
IL17A,0.38153472158239976,72.18404380972834,0.0
DUS4L,0.3814877362220123,72.17867497047138,0.0
KIFC3,0.3814629956119204,72.17330613121443,0.0
ZIC1,0.38146239801952353,72.16793729195747,0.0
NRK,0.381437151728314,72.16256845270053,0.0
STRBP,0.38142913497244024,72.15719961344358,0.0
TPH2,0.38142510202156776,72.15183077418662,0.0
GGPS1,0.3813821383289672,72.14646193492968,0.0
DECR1,0.3813622048294564,72.14109309567272,0.0
MAVS,0.3813493775160789,72.13572425641577,0.0
AP2B1,0.3813392147170508,72.13035541715881,0.0
CA2,0.3811742759555362,72.12498657790186,0.0
POLR3E,0.381171763927372,72.1196177386449,0.0
NECAB3,0.38110928600501065,72.11424889938796,0.0
LYSMD3,0.38109989974686065,72.108880060131,0.0
COMMD10,0.38107466903395315,72.10351122087405,0.0
CANX,0.3810340069361077,72.0981423816171,0.0
MRE11A,0.3809599764629878,72.09277354236015,0.0
VAV1,0.38095658209292804,72.08740470310319,0.0
TLK2,0.3809349565660514,72.08203586384624,0.0
HOXD11,0.3808842212405502,72.07666702458928,0.0
KLC2,0.38079404871583167,72.07129818533234,0.0
HOXB13,0.38075028976066694,72.06592934607538,0.0
TOP1MT,0.38069766655745163,72.06056050681843,0.0
CETN1,0.38068836293418906,72.05519166756147,0.0
MUC2,0.38062489177489167,72.04982282830453,0.0
ZCCHC14,0.38060705429976843,72.04445398904757,0.0
DNMT3L,0.38058630869515064,72.03908514979062,0.0
TRNAU1AP,0.3805431999399837,72.03371631053366,0.0
RFX4,0.38049532831455124,72.0283474712767,0.0
PUM1,0.3804744133885438,72.02297863201976,0.0
COG4,0.38044908916315306,72.0176097927628,0.0
AHSG,0.380423046375291,72.01224095350585,0.0
ATP13A2,0.3803558787285432,72.00687211424889,0.0
MNT,0.38012018920194546,72.00150327499195,0.0
ITK,0.38010251276491064,71.99613443573499,0.0
ADH1A,0.3800620676882539,71.99076559647804,0.0
CDK9,0.38003277851188544,71.98539675722108,0.0
PRPH,0.3799959903898552,71.98002791796414,0.0
CECR1,0.3799443845938056,71.97465907870718,0.0
SGCZ,0.3799321331151118,71.96929023945023,0.0
LGI4,0.3798594673691194,71.96392140019327,0.0
AOX1,0.37980588276778277,71.95855256093633,0.0
PRUNE2,0.37978360955117996,71.95318372167937,0.0
FAM65B,0.37977442131287076,71.94781488242242,0.0
AVP,0.37975973360136667,71.94244604316546,0.0
ZNF536,0.3796247546510923,71.93707720390852,0.0
SAP18,0.3795623042514257,71.93170836465156,0.0
ATAD3A,0.3795354108387493,71.92633952539461,0.0
MLKL,0.37953483491319784,71.92097068613765,0.0
MEOX1,0.3794299125511527,71.9156018468807,0.0
SNAP47,0.3794244050340666,71.91023300762375,0.0
TAB2,0.3793838623833954,71.9048641683668,0.0
CST4,0.37936327122025043,71.89949532910984,0.0
LCP1,0.37934636083405865,71.8941264898529,0.0
WDR12,0.3793398885348972,71.88875765059593,0.0
CDKL5,0.3793381886218304,71.88338881133899,0.0
NTNG2,0.3792379295896807,71.87801997208204,0.0
PIK3R1,0.37921571016013345,71.87265113282508,0.0
PHOX2A,0.3792050421518899,71.86728229356814,0.0
KIF18B,0.37916735324462125,71.86191345431118,0.0
LRRFIP2,0.37915827090550536,71.85654461505423,0.0
DLL3,0.3791577608988488,71.85117577579727,0.0
KDM2A,0.3791515149593065,71.84580693654033,0.0
RBP7,0.37905248309769757,71.84043809728337,0.0
TRIAP1,0.37903988575259606,71.83506925802642,0.0
TNFRSF11A,0.3790062060126849,71.82970041876946,1.0
GALNT16,0.37894042665461736,71.82433157951252,0.0
ADAMTSL2,0.37888340501533063,71.81896274025556,0.0
SUOX,0.37885566400050424,71.81359390099861,0.0
N4BP2L2,0.37872608715829637,71.80822506174165,0.0
KIAA0430,0.3787162283810231,71.8028562224847,0.0
COPS3,0.37863557559613786,71.79748738322775,0.0
WDFY2,0.37861156741280577,71.7921185439708,0.0
ILF2,0.37857902943349586,71.78674970471384,0.0
KNSTRN,0.3785659110847903,71.7813808654569,0.0
SIRT7,0.3784603362054014,71.77601202619994,0.0
CD2AP,0.3783881486526527,71.77064318694299,0.0
TCAP,0.37838342255576896,71.76527434768603,0.0
MYCL,0.3783782521755066,71.75990550842909,0.0
EEF2,0.3783752868003768,71.75453666917213,0.0
C5orf24,0.3783574374586042,71.74916782991517,0.0
H2AFY2,0.378338531063564,71.74379899065822,0.0
STARD13,0.37833594569704804,71.73843015140126,0.0
HOXA3,0.3782755986359255,71.73306131214432,0.0
CELF6,0.378152544768,71.72769247288736,0.0
DOCK9,0.3781495697484981,71.72232363363041,0.0
CCDC150,0.37814075036589295,71.71695479437345,0.0
TMEM43,0.3781388365956101,71.7115859551165,0.0
COX20,0.3780773467566364,71.70621711585954,1.0
SPOP,0.3780362316454947,71.7008482766026,0.0
PPP3R1,0.3779985524420718,71.69547943734564,0.0
RSBN1,0.37798498088267984,71.6901105980887,0.0
TM9SF1,0.3779370613351315,71.68474175883173,0.0
UGP2,0.3778218918134423,71.67937291957479,0.0
RSF1,0.37774719409627266,71.67400408031783,0.0
DOK3,0.3777005996155356,71.66863524106088,0.0
TSTA3,0.3776824273981785,71.66326640180392,0.0
MYH8,0.37763626784095505,71.65789756254698,0.0
FLT4,0.3776322176936539,71.65252872329002,0.0
IL2RG,0.37763027540057104,71.64715988403307,0.0
ATL3,0.37760732087486765,71.64179104477611,0.0
XPO5,0.37756879588736336,71.63642220551917,0.0
OXR1,0.3775422434967029,71.63105336626221,0.0
ING1,0.37734667747458,71.62568452700526,0.0
ANO10,0.37728689065211996,71.6203156877483,0.0
CHD1L,0.37727045405542564,71.61494684849136,0.0
TMEM214,0.377243791135483,71.6095780092344,0.0
CTU2,0.3771017594100546,71.60420916997745,0.0
STX5,0.37708482798346676,71.5988403307205,0.0
TMEM70,0.3770767951635647,71.59347149146355,0.0
XIAP,0.37699126199410465,71.5881026522066,0.0
ELMO2,0.3769884248657919,71.58273381294964,1.0
RPLP2,0.37694600394368244,71.5773649736927,0.0
MRPL16,0.3769394288107211,71.57199613443574,0.0
PGBD3,0.3769327773600546,71.56662729517879,0.0
TERF2,0.3769327033938562,71.56125845592183,0.0
GMIP,0.37688807695944215,71.55588961666489,0.0
GSTM1,0.3767878607035794,71.55052077740793,0.0
NDOR1,0.3767222531552777,71.54515193815098,0.0
B3GALT2,0.37671457974660155,71.53978309889402,0.0
RAD54L2,0.37670911431070747,71.53441425963707,0.0
MYO19,0.37666013291150746,71.52904542038011,0.0
LZIC,0.3765969121778425,71.52367658112317,0.0
ZFC3H1,0.37654094327047344,71.51830774186621,0.0
UBE3A,0.3765164202551099,71.51293890260926,0.0
GLIPR2,0.3765085750338223,71.5075700633523,0.0
RXRG,0.3764778842741044,71.50220122409536,0.0
TNS3,0.3764573463107788,71.4968323848384,0.0
GLP2R,0.3764475713066187,71.49146354558144,0.0
MRPL18,0.376425611575437,71.4860947063245,0.0
ARFGAP1,0.37632162012317927,71.48072586706753,0.0
GATAD2A,0.3763039405647213,71.47535702781059,0.0
CD97,0.37623793696929775,71.46998818855363,0.0
FLVCR1,0.3762000470670006,71.46461934929668,1.0
PSME4,0.3761585524932921,71.45925051003972,0.0
PGRMC1,0.37611955959982357,71.45388167078278,0.0
SIK1,0.3761178121247971,71.44851283152582,0.0
ALOX12,0.3759976600874727,71.44314399226887,0.0
UQCRQ,0.37599593863075914,71.43777515301191,0.0
YEATS2,0.37598461167663755,71.43240631375497,0.0
DROSHA,0.3759808889015571,71.42703747449801,0.0
GPR107,0.3757723419480141,71.42166863524106,0.0
DDX3X,0.37573683203774805,71.4162997959841,0.0
DHX57,0.3757248835589772,71.41093095672716,0.0
DGKG,0.37571405116535084,71.4055621174702,0.0
ANO2,0.37570530544005487,71.40019327821325,0.0
CATSPERB,0.3756993387116371,71.39482443895629,0.0
GABBR1,0.375680213483331,71.38945559969935,0.0
HECW2,0.3756514753996287,71.38408676044239,0.0
ALAS1,0.3756354065050158,71.37871792118544,0.0
SVEP1,0.3756316574003845,71.37334908192848,0.0
MTMR10,0.37562402997695593,71.36798024267154,0.0
MYH7B,0.37561154305220945,71.36261140341458,0.0
TTI2,0.3755394310964594,71.35724256415763,0.0
CD28,0.37553181193780966,71.35187372490067,0.0
CRIP2,0.37550571964263246,71.34650488564372,0.0
FTSJ3,0.3754950268640587,71.34113604638677,0.0
INPP5A,0.3754525092826818,71.33576720712982,0.0
RWDD3,0.375444226552826,71.33039836787286,0.0
NME4,0.37536374697403224,71.32502952861591,0.0
VRTN,0.37532000590977094,71.31966068935897,0.0
GSTP1,0.3752963765639672,71.31429185010201,0.0
DGKZ,0.3752317901876437,71.30892301084506,0.0
GOT2,0.3752161828048858,71.3035541715881,0.0
CAMTA2,0.37514478955157976,71.29818533233116,0.0
DNASE2,0.3751090317663506,71.2928164930742,0.0
EMG1,0.37509534277415474,71.28744765381725,0.0
CDC26,0.375050241829547,71.2820788145603,0.0
ELMOD1,0.37504177480175177,71.27670997530335,0.0
NEK7,0.37500135157639825,71.27134113604639,0.0
LCN1,0.37498757871964045,71.26597229678944,0.0
ARL8B,0.37496447792089543,71.26060345753248,0.0
HPD,0.3749580857658369,71.25523461827554,0.0
MEI1,0.3749450181281531,71.24986577901858,0.0
BAG3,0.3749401145111923,71.24449693976163,0.0
YIPF2,0.37487757333843313,71.23912810050467,0.0
MBD6,0.3748564141525829,71.23375926124773,0.0
TAPT1,0.3748172923907268,71.22839042199077,0.0
TRIB2,0.37479085950212604,71.22302158273382,0.0
CCNT2,0.3747881218109276,71.21765274347686,0.0
DDX28,0.3747603925441833,71.2122839042199,0.0
FOXG1,0.3746578144078144,71.20691506496296,0.0
IDH3G,0.3745919010411859,71.201546225706,0.0
DNAJC5G,0.37457620110637235,71.19617738644905,0.0
SV2A,0.374545433240431,71.19080854719209,0.0
CCNB2,0.3745444210228544,71.18543970793515,0.0
FPGT,0.3745317100910041,71.18007086867819,0.0
TMEM160,0.3744839670021365,71.17470202942124,0.0
PAXIP1,0.37444202360627776,71.16933319016428,0.0
STX18,0.37444129977168006,71.16396435090734,0.0
RBP5,0.374424124724111,71.15859551165038,0.0
NOV,0.37439872107422245,71.15322667239343,0.0
TRPV1,0.37439844928963806,71.14785783313647,0.0
RPAP2,0.37438666726359127,71.14248899387952,0.0
GPLD1,0.3743843587237281,71.13712015462256,0.0
SETD9,0.37428220568644804,71.13175131536562,0.0
SERPINE1,0.37424026045965003,71.12638247610866,0.0
HNRNPA2B1,0.374207990014701,71.12101363685171,0.0
UQCC2,0.3741849391190515,71.11564479759475,0.0
RBMS2,0.3741402831370383,71.11027595833781,0.0
GRID1,0.3741072750959563,71.10490711908085,0.0
SCARA5,0.37402103913150186,71.0995382798239,0.0
CABP1,0.3739799844427125,71.09416944056694,0.0
WASL,0.37397162441350273,71.08880060131,0.0
TAF1A,0.37389776306968187,71.08343176205304,0.0
UHRF1BP1,0.37387622021459366,71.0780629227961,0.0
VGLL4,0.3738632545217276,71.07269408353913,0.0
GHITM,0.37386272111428426,71.06732524428219,0.0
ADRA1A,0.37385391399848245,71.06195640502523,0.0
BMP10,0.37384229853289097,71.05658756576828,0.0
ZBTB17,0.37384094175219496,71.05121872651134,0.0
THADA,0.3738283463184067,71.04584988725438,0.0
CLDN1,0.3738232070688471,71.04048104799743,0.0
CLEC12A,0.37378321215705695,71.03511220874047,0.0
PPM1D,0.3737406750264447,71.02974336948353,0.0
SLC6A19,0.373712397583584,71.02437453022657,0.0
ABHD10,0.3737093258454849,71.01900569096962,0.0
UBA5,0.3736996745206174,71.01363685171266,0.0
ABCA6,0.37362875321818234,71.00826801245572,0.0
PILRB,0.37359392428591215,71.00289917319876,0.0
ATP6AP2,0.3735790974292602,70.99753033394181,0.0
TIA1,0.37354259868202505,70.99216149468485,0.0
SLC18A2,0.37349783576813056,70.9867926554279,0.0
TMEM5,0.3734494056643173,70.98142381617095,0.0
EXOG,0.37337700287510556,70.976054976914,0.0
LMF1,0.3733527164762541,70.97068613765704,1.0
TFAM,0.3732696651710031,70.9653172984001,0.0
EARS2,0.3732457292723179,70.95994845914313,0.0
C10orf76,0.37320722836421966,70.95457961988618,0.0
TEAD1,0.3731584514517239,70.94921078062923,1.0
NFIB,0.3731346910759995,70.94384194137227,0.0
TRAM2,0.3731321503332195,70.93847310211532,0.0
AP2M1,0.3730267395210157,70.93310426285836,0.0
ST3GAL5,0.37302513121431147,70.92773542360142,0.0
TOP3B,0.3730176125877366,70.92236658434446,0.0
WFDC1,0.3729950193177675,70.91699774508751,0.0
FSIP2,0.3729757145752494,70.91162890583055,0.0
USP47,0.37296812666987494,70.90626006657361,0.0
SLC34A2,0.37296465028862963,70.90089122731665,0.0
MORC3,0.3729015393888042,70.8955223880597,0.0
AGPAT2,0.37285863764783544,70.89015354880274,0.0
TAS2R43,0.3728555043443401,70.8847847095458,0.0
NCKAP5,0.3728012980644128,70.87941587028884,0.0
SCGB1A1,0.37279865757912567,70.87404703103189,0.0
GLT8D2,0.37277393072075815,70.86867819177493,0.0
UCHL5,0.37276143006384344,70.86330935251799,0.0
PTPN9,0.37272801346037515,70.85794051326103,0.0
ZKSCAN8,0.37270658909909615,70.85257167400408,0.0
CHN2,0.37267911414219623,70.84720283474712,0.0
RYK,0.37266768882943047,70.84183399549018,0.0
ATPIF1,0.37263593556775587,70.83646515623322,0.0
RPS4X,0.37257690246670616,70.83109631697627,0.0
ASIC2,0.37256878278806493,70.82572747771931,0.0
NT5C2,0.37256744151903864,70.82035863846237,0.0
CABP2,0.37248988863017835,70.8149897992054,0.0
TNPO1,0.3724896328831809,70.80962095994846,0.0
USP19,0.3724842059539545,70.8042521206915,0.0
LIMS1,0.3724401364434472,70.79888328143456,0.0
MCRS1,0.3723949605500122,70.7935144421776,0.0
ZC3HAV1L,0.3722998296671808,70.78814560292065,0.0
EPB41,0.3722823939550336,70.78277676366369,0.0
ZNF540,0.3721371076330552,70.77740792440675,0.0
ANAPC15,0.3721118061366944,70.7720390851498,0.0
PTK6,0.37207929013119384,70.76667024589284,0.0
KRT23,0.37204955142862467,70.7613014066359,0.0
NMT1,0.37204302996283356,70.75593256737893,0.0
SARS2,0.37202954676974137,70.75056372812199,0.0
DDO,0.37199918055587117,70.74519488886503,0.0
ATP2A3,0.3719955730273883,70.73982604960808,0.0
TAC1,0.3719574131988481,70.73445721035112,0.0
ZBTB7A,0.37190384517443337,70.72908837109418,0.0
SNCA,0.3718195087604041,70.72371953183722,0.0
KXD1,0.3718058895569031,70.71835069258027,0.0
AGK,0.3717863185497488,70.71298185332331,0.0
RAD51,0.3717664380930491,70.70761301406637,0.0
KDM6A,0.37175582101684956,70.70224417480941,0.0
PALD1,0.37166298476141585,70.69687533555246,0.0
GBAS,0.37165648823765274,70.6915064962955,0.0
SARNP,0.3716388690824185,70.68613765703856,0.0
SCUBE3,0.37155932708993344,70.6807688177816,0.0
RNASEL,0.3715274943847453,70.67539997852464,0.0
FGF21,0.37148077917186445,70.67003113926769,0.0
ACP1,0.3714304832238519,70.66466230001073,0.0
ZMYND10,0.37142958333307374,70.65929346075379,0.0
UBE2J1,0.37140626265568294,70.65392462149683,0.0
EBF2,0.37135676919335414,70.64855578223987,0.0
CCNB1IP1,0.3712739192779697,70.64318694298292,0.0
LANCL2,0.3712301668337907,70.63781810372596,0.0
USP5,0.3712286210031793,70.63244926446902,0.0
SSR1,0.37121301350284697,70.62708042521207,0.0
DDRGK1,0.37114583749289853,70.62171158595511,0.0
FOXL1,0.3711418116347209,70.61634274669817,0.0
DIMT1,0.3711061008765787,70.6109739074412,0.0
RLN2,0.37108720203471185,70.60560506818426,0.0
WDR47,0.3708988454241205,70.6002362289273,0.0
PASK,0.3708640391292441,70.59486738967036,0.0
NUDT7,0.37084333024213206,70.5894985504134,0.0
RTN4,0.3708418524446631,70.58412971115645,0.0
BNIP2,0.3708090537177343,70.57876087189949,0.0
SLC7A14,0.3707899257266391,70.57339203264254,1.0
SLC7A1,0.37074626784245795,70.56802319338559,0.0
WDR92,0.3707439904547658,70.56265435412864,0.0
RNF4,0.3707435841104908,70.55728551487168,0.0
PRKCG,0.3706795567425405,70.55191667561473,0.0
NBEAL1,0.3706756998269411,70.54654783635777,0.0
CHD3,0.3705917590288125,70.54117899710083,0.0
TCF3,0.3705907914161996,70.53581015784387,0.0
SLC17A6,0.37058151451166915,70.53044131858692,0.0
ARNT,0.3705445788261336,70.52507247932996,0.0
KLC3,0.37053467176736765,70.51970364007302,0.0
MC5R,0.37053247445752496,70.51433480081606,0.0
AGO1,0.37050870334023156,70.50896596155911,0.0
SHKBP1,0.3704717788768393,70.50359712230215,0.0
CEACAM1,0.37045826722670405,70.49822828304521,0.0
TPCN1,0.37045807192496305,70.49285944378826,0.0
ADM,0.3703973863835742,70.4874906045313,0.0
FKBP7,0.3702424407425505,70.48212176527436,0.0
ARL6IP5,0.370230893507305,70.4767529260174,0.0
RFXANK,0.37021957685864393,70.47138408676045,0.0
CLCN6,0.3702133317768095,70.46601524750349,0.0
LATS2,0.3702026017958807,70.46064640824655,0.0
USP54,0.3701337856766177,70.45527756898959,0.0
PPFIA1,0.37013052727956997,70.44990872973264,0.0
TXNL4A,0.37011482956229025,70.44453989047568,0.0
OPRM1,0.370087477744879,70.43917105121874,0.0
ARID5B,0.370070332927099,70.43380221196178,0.0
RUVBL2,0.3699941459737659,70.42843337270483,0.0
SNW1,0.3699401573966169,70.42306453344787,0.0
XCL2,0.36989742915201396,70.41769569419091,0.0
SAP130,0.36984510881787863,70.41232685493397,0.0
PWP1,0.3698369613808261,70.406958015677,0.0
GPM6B,0.36982797014806457,70.40158917642006,0.0
PAK1,0.3698138226188725,70.3962203371631,0.0
GPRC5B,0.3696912868976813,70.39085149790616,0.0
RABGEF1,0.36966666689069416,70.3854826586492,0.0
IVNS1ABP,0.36964880821123025,70.38011381939225,0.0
RIPK1,0.36963780913853916,70.37474498013529,0.0
SLC3A1,0.36960629978728843,70.36937614087833,0.0
PTPN22,0.3695780698306935,70.36400730162138,1.0
DUSP12,0.36957683893129684,70.35863846236444,0.0
NLK,0.3695682483274193,70.35326962310748,0.0
GOLIM4,0.3695624445213624,70.34790078385053,0.0
ATP1A4,0.3695393870806938,70.34253194459357,0.0
SC5D,0.369529170031406,70.33716310533663,0.0
NRGN,0.36951260447081163,70.33179426607967,0.0
USP18,0.36948652505029267,70.32642542682272,0.0
DHX36,0.3694295380729537,70.32105658756576,0.0
FPGS,0.3693517581271829,70.31568774830882,0.0
PRKACG,0.3693414037377491,70.31031890905186,0.0
PHPT1,0.36927247630729476,70.30495006979491,0.0
EPCAM,0.36923146878331303,70.29958123053795,0.0
ITGAL,0.3692042176499451,70.29421239128101,0.0
MRC1,0.3691945502513059,70.28884355202405,0.0
WTIP,0.36918619382735923,70.2834747127671,0.0
SLC7A5,0.36907790281401925,70.27810587351014,0.0
SDPR,0.36905542873843666,70.2727370342532,0.0
MORN1,0.3690485450765125,70.26736819499624,0.0
ARHGEF40,0.36903769183591206,70.26199935573929,0.0
GOLGA5,0.36901378148091146,70.25663051648233,0.0
SORL1,0.3690115733630468,70.25126167722539,0.0
GPC2,0.36898712265566597,70.24589283796843,0.0
FAM83B,0.3689839980519336,70.24052399871148,0.0
EVX1,0.3689616968315907,70.23515515945452,0.0
MAPRE1,0.36891664864572693,70.22978632019758,0.0
REV1,0.36888755549330743,70.22441748094062,0.0
MPC1,0.3688599516426382,70.21904864168367,0.0
E4F1,0.3688323741259264,70.21367980242673,0.0
HSBP1,0.368827394495464,70.20831096316977,0.0
NUP107,0.3687823173259307,70.20294212391282,0.0
SMAD5,0.36877481496018044,70.19757328465586,0.0
DCAF8,0.36875476039556976,70.19220444539891,0.0
TRIM68,0.3687530373423919,70.18683560614195,0.0
ZNF451,0.36874981802201856,70.18146676688501,0.0
PRLR,0.36872580183921483,70.17609792762805,0.0
ZNF266,0.3687170078309673,70.1707290883711,0.0
ATP6V0B,0.368716637081176,70.16536024911414,0.0
APLN,0.36864088053307564,70.1599914098572,0.0
EPHB6,0.3686393287597373,70.15462257060024,0.0
CAMK2D,0.36858737630664423,70.1492537313433,0.0
DNAJC24,0.36851235926511644,70.14388489208633,0.0
ZFAND5,0.36849960810145516,70.13851605282937,0.0
SETD1B,0.3684948402861329,70.13314721357243,0.0
LRCH4,0.3684696496896221,70.12777837431547,0.0
PNPLA2,0.3683655164746157,70.12240953505852,0.0
OAS1,0.36831240267716475,70.11704069580156,0.0
APOA2,0.3682766351237793,70.1116718565446,0.0
ARL16,0.36820515466004017,70.10630301728766,0.0
FMNL3,0.3681869355596118,70.1009341780307,0.0
HOXC4,0.36812331065717585,70.09556533877375,0.0
ACTR2,0.3681212908932809,70.0901964995168,0.0
ARSJ,0.36808061079993876,70.08482766025985,0.0
PXMP4,0.36806105517529863,70.0794588210029,0.0
ABHD14B,0.36791527672124913,70.07408998174594,0.0
TNRC6B,0.3679146779802036,70.068721142489,0.0
SPDEF,0.36788020459623094,70.06335230323204,0.0
NGRN,0.3678789966739567,70.05798346397509,0.0
LTA,0.36785768075279257,70.05261462471813,0.0
KIF5C,0.36772517183786346,70.04724578546119,0.0
ARID4A,0.3676877531478415,70.04187694620423,0.0
RPL27,0.36767913129513957,70.03650810694728,0.0
POFUT1,0.36765329180623896,70.03113926769032,0.0
GNG8,0.3676527375688971,70.02577042843338,0.0
NSMCE4A,0.36764774326751315,70.02040158917642,0.0
HBZ,0.36764563418451196,70.01503274991947,0.0
COX19,0.3675728443243998,70.00966391066251,0.0
HNRNPC,0.3675329537963285,70.00429507140556,0.0
PA2G4,0.36750540182423175,69.9989262321486,0.0
ADCY6,0.3674978119200391,69.99355739289166,0.0
PNP,0.36746072106515515,69.9881885536347,0.0
NUP85,0.3674525314173466,69.98281971437775,0.0
RGL1,0.3674436526563666,69.9774508751208,0.0
IRAK2,0.36733679179220674,69.97208203586385,0.0
CASP7,0.3672420285791503,69.96671319660689,0.0
COX6A2,0.3672192886806561,69.96134435734994,0.0
CASC5,0.367202206886786,69.95597551809298,0.0
AIFM2,0.36713491922890745,69.95060667883604,0.0
NBEAL2,0.3671082711849225,69.94523783957908,0.0
TTYH1,0.3670929060698591,69.93986900032213,0.0
CDC25C,0.36699446021758314,69.93450016106519,0.0
RASIP1,0.3669837662337662,69.92913132180823,0.0
CUL4A,0.3669818813249933,69.92376248255128,0.0
TMEM256,0.36694056711537804,69.91839364329432,0.0
ZNF423,0.3667991356328361,69.91302480403738,1.0
NASP,0.36673921408876536,69.90765596478042,0.0
COLEC12,0.3666873264654388,69.90228712552347,0.0
ABCF3,0.36665273455547764,69.89691828626651,0.0
MRPL23,0.3665405325193899,69.89154944700957,0.0
KIAA0196,0.3664825669344145,69.8861806077526,0.0
NFYA,0.36646866480642426,69.88081176849565,0.0
TMEM205,0.3664324891956831,69.8754429292387,0.0
FABP4,0.36637148641675144,69.87007408998174,0.0
MAP10,0.3663592507098304,69.8647052507248,0.0
GATA1,0.36635155474154224,69.85933641146784,0.0
STRN3,0.3663446779222377,69.85396757221089,0.0
MUT,0.36633728166010876,69.84859873295393,0.0
PSAT1,0.36625780117187684,69.84322989369699,0.0
AAAS,0.3661554591596985,69.83786105444003,0.0
PPP1R15B,0.36614568184580054,69.83249221518307,0.0
NOP10,0.36613778588472023,69.82712337592612,0.0
WDR46,0.36611929013000094,69.82175453666916,0.0
ESR1,0.36611340891590294,69.81638569741222,0.0
FUT2,0.36607816091954026,69.81101685815526,0.0
HMGA1,0.36607045607220956,69.80564801889831,0.0
INTS2,0.3660560106698387,69.80027917964136,0.0
UGT8,0.36603067972231623,69.7949103403844,0.0
CHMP7,0.3660112924756519,69.78954150112746,0.0
TRUB2,0.3659891989167991,69.7841726618705,0.0
HOOK1,0.36598505193250447,69.77880382261355,0.0
CBWD1,0.3659649282391035,69.7734349833566,0.0
BASP1,0.36589217812902713,69.76806614409965,0.0
GSTA4,0.36580646337272665,69.76269730484269,0.0
RHPN2,0.3657765244992717,69.75732846558574,0.0
MFSD10,0.36574448068575116,69.75195962632878,0.0
MGRN1,0.3656741611695883,69.74659078707184,0.0
INADL,0.36560406666976436,69.74122194781488,0.0
XRN1,0.36555945681836893,69.73585310855793,0.0
CPAMD8,0.36552792169441256,69.73048426930097,0.0
CAMK1,0.3655057813104217,69.72511543004403,0.0
HLA-DMA,0.3654546588096791,69.71974659078707,0.0
WASF1,0.3654210624818131,69.71437775153012,0.0
LYRM1,0.36538480565622067,69.70900891227316,0.0
NAGPA,0.365280470028297,69.70364007301622,0.0
BRF1,0.3652624007813742,69.69827123375926,0.0
PCSK1N,0.3652618407325679,69.69290239450231,0.0
PRDX2,0.36525683846184387,69.68753355524535,0.0
SOX5,0.3652272661304759,69.6821647159884,0.0
PIGA,0.3652269914829889,69.67679587673145,0.0
RASA2,0.3651970061113693,69.6714270374745,0.0
TARS,0.3651820235093103,69.66605819821756,0.0
AK8,0.36517361191216524,69.6606893589606,0.0
BIRC5,0.3651721481509487,69.65532051970365,0.0
ARL15,0.36515857260507,69.64995168044669,0.0
SHPRH,0.3650446542789113,69.64458284118975,0.0
TYW3,0.36500597123329837,69.63921400193279,0.0
WIPI2,0.3650008745557807,69.63384516267584,0.0
FBXW5,0.36496024321334114,69.62847632341888,0.0
KDELR2,0.36495416159452365,69.62310748416193,0.0
PRMT7,0.36493198397297216,69.61773864490497,0.0
CENPC,0.3649038235002746,69.61236980564803,0.0
DHX30,0.3648643217454147,69.60700096639107,0.0
MAGED2,0.3647996195254224,69.60163212713411,0.0
CTAGE5,0.3647634207220948,69.59626328787716,0.0
INSIG1,0.36473489331040526,69.5908944486202,0.0
ATAD3B,0.3647343810136264,69.58552560936326,0.0
CARM1,0.3646948480209851,69.5801567701063,0.0
NPTN,0.3646237802012485,69.57478793084934,0.0
CAPRIN1,0.3645142745756245,69.5694190915924,0.0
SMARCAD1,0.36450369047619047,69.56405025233543,0.0
MAP4K2,0.3644891025812941,69.55868141307849,0.0
ADAMTS12,0.36446680785699304,69.55331257382153,0.0
RFC5,0.36441886052909206,69.54794373456458,0.0
TACSTD2,0.36440428944280256,69.54257489530762,0.0
PKD1L2,0.36436304938123476,69.53720605605068,0.0
HSPE1,0.3642635010332511,69.53183721679372,0.0
STAT5B,0.3642555157342657,69.52646837753677,0.0
TAF11,0.36413929040156867,69.52109953827983,0.0
SATB2,0.36411089979017397,69.51573069902287,0.0
CALM1,0.3640831791622144,69.51036185976592,0.0
DDX27,0.3640071832326333,69.50499302050896,0.0
GCKR,0.36399663954101047,69.49962418125202,0.0
RPS19BP1,0.36394961554669397,69.49425534199506,0.0
MFSD12,0.36389212009117966,69.48888650273811,0.0
GFI1B,0.3638507747125899,69.48351766348115,0.0
LGALS3,0.3638358841763629,69.4781488242242,0.0
KRT71,0.3638119191762261,69.47277998496725,0.0
MCUR1,0.36379727705573794,69.4674111457103,0.0
BCS1L,0.3637581219484932,69.46204230645334,1.0
FOXB1,0.363675362360206,69.4566734671964,0.0
HDDC2,0.3636604925731718,69.45130462793944,0.0
RNF144B,0.3635728499232191,69.44593578868249,0.0
CCDC97,0.36353786596505344,69.44056694942553,0.0
ARHGAP27,0.3635201009991509,69.43519811016859,0.0
ANKRD2,0.36346612267804296,69.42982927091163,0.0
ADAMTSL3,0.3633947207890559,69.42446043165468,0.0
STX10,0.3633563052962684,69.41909159239772,0.0
BRE,0.36334114580856897,69.41372275314077,0.0
MDFI,0.36331053323452067,69.40835391388381,0.0
DNASE2B,0.36320783383788485,69.40298507462687,0.0
USO1,0.3630882539435938,69.39761623536991,0.0
ZMYM2,0.3630186110454293,69.39224739611296,0.0
YTHDC2,0.3629679896457507,69.38687855685602,0.0
IMPG1,0.3628689781635538,69.38150971759906,0.0
NCF1,0.36286331913613645,69.37614087834211,0.0
IK,0.3628603965632592,69.37077203908515,0.0
NBR1,0.3627930402615004,69.36540319982821,0.0
LGR6,0.36279126842651105,69.36003436057125,0.0
STK35,0.3627696198688682,69.3546655213143,0.0
TRA2A,0.3627637623587439,69.34929668205734,0.0
ABTB1,0.36268218366461913,69.34392784280038,0.0
TM7SF3,0.36261066608082115,69.33855900354344,0.0
FGF23,0.3626104587297314,69.33319016428648,0.0
TMX1,0.3625632896117984,69.32782132502953,0.0
DKC1,0.36254576703872315,69.32245248577257,0.0
GALNT1,0.36252923857564506,69.31708364651563,0.0
ISOC2,0.3625049370831052,69.31171480725867,0.0
TTK,0.3624655491729989,69.30634596800172,0.0
PDE4D,0.3624638767248728,69.30097712874476,0.0
HP,0.36245070342799784,69.2956082894878,0.0
CGGBP1,0.3624483687643534,69.29023945023086,0.0
MPST,0.36242242653190504,69.2848706109739,0.0
DCTD,0.3623544019108143,69.27950177171695,0.0
MYO1B,0.3622984448830475,69.27413293245999,0.0
SLC8A1,0.3621836277329444,69.26876409320305,0.0
SETDB2,0.36215420258976283,69.26339525394609,0.0
ATP5J2,0.3621519607533492,69.25802641468914,0.0
CCDC108,0.3621503187419971,69.25265757543218,0.0
VIPAS39,0.36214770713281935,69.24728873617524,0.0
C16orf58,0.3621476845677688,69.24191989691829,0.0
MPP2,0.3621290983680825,69.23655105766133,0.0
TMEM30B,0.3621180894137054,69.23118221840438,0.0
DYRK1A,0.36211416185168754,69.22581337914743,0.0
EGLN1,0.3620576726778632,69.22044453989048,0.0
MEFV,0.36197891171191254,69.21507570063352,0.0
PSMC3,0.36197327409564906,69.20970686137657,0.0
DFNA5,0.3619723562523691,69.20433802211961,0.0
ZFYVE16,0.36196098976717184,69.19896918286267,0.0
CATSPERG,0.36195404621811395,69.19360034360571,0.0
CACNA1H,0.3618870317544124,69.18823150434876,0.0
ADRA2B,0.3618863665775633,69.1828626650918,0.0
MEOX2,0.3618699970752923,69.17749382583486,0.0
OLR1,0.36182225960804526,69.1721249865779,0.0
FAM13A,0.36180833881315594,69.16675614732095,0.0
PLCL1,0.36172384968825333,69.161387308064,0.0
METTL1,0.3616957793278376,69.15601846880705,0.0
GADD45GIP1,0.3616833275062116,69.15064962955009,0.0
ADRA2C,0.3616501816901123,69.14528079029314,0.0
SUMO1,0.3615833611329723,69.13991195103618,0.0
IGFBP2,0.3615388897373123,69.13454311177924,0.0
AASS,0.36152695372610544,69.12917427252228,0.0
PXN,0.36150376376818605,69.12380543326533,0.0
TMPO,0.3614983779481644,69.11843659400837,0.0
CPSF1,0.3614924429132812,69.11306775475143,0.0
AFF3,0.3614863620552574,69.10769891549448,0.0
YWHAQ,0.36139725023173186,69.10233007623752,0.0
WRAP73,0.36138874584982567,69.09696123698058,0.0
BTAF1,0.36136146390996027,69.09159239772362,0.0
KIAA1524,0.36131437815830997,69.08622355846667,0.0
CYP27B1,0.36124757232877625,69.08085471920971,0.0
FAM179B,0.36120976370923275,69.07548587995277,0.0
RHBDD2,0.3611468134381855,69.0701170406958,0.0
DPH3,0.3610978811480723,69.06474820143885,0.0
SF3B2,0.36108645667211503,69.0593793621819,0.0
MESP2,0.3610771309924421,69.05401052292494,0.0
EIF2B3,0.3610639307008626,69.048641683668,0.0
RAB39B,0.361063637616979,69.04327284441104,0.0
SRSF2,0.3610554956052682,69.03790400515408,0.0
MZF1,0.36102717719597444,69.03253516589713,0.0
B3GNT2,0.36102125276073277,69.02716632664017,0.0
SENP1,0.3609495717488282,69.02179748738322,0.0
RNF13,0.36094302437327924,69.01642864812626,0.0
NACC1,0.36085469263940767,69.01105980886932,0.0
C9orf64,0.3608379982246972,69.00569096961236,0.0
CEP78,0.3608305949124271,69.00032213035541,1.0
COPS2,0.36071929466463065,68.99495329109845,0.0
XIRP1,0.3607120950750597,68.98958445184151,0.0
MIF,0.360704306041452,68.98421561258455,0.0
ARL6IP4,0.36066711832412,68.9788467733276,0.0
SMARCA2,0.36062632448277476,68.97347793407066,0.0
CYP20A1,0.3605773974571801,68.9681090948137,0.0
IMPACT,0.3605574946911584,68.96274025555675,0.0
SLC6A2,0.36050820912162884,68.9573714162998,0.0
EPOR,0.36047724986819657,68.95200257704285,0.0
KRT31,0.3604693525053226,68.94663373778589,0.0
ARNT2,0.3604659090909091,68.94126489852894,0.0
RANBP6,0.36044642245764336,68.93589605927198,0.0
RFT1,0.36043457275664176,68.93052722001504,0.0
HGS,0.360411779536739,68.92515838075808,0.0
WDR6,0.36039172346754106,68.91978954150113,0.0
GSPT2,0.3603894168607632,68.91442070224417,0.0
CD3EAP,0.36038221068847953,68.90905186298723,0.0
S1PR4,0.36037367196333475,68.90368302373027,0.0
ABCG1,0.3603547081234947,68.89831418447332,0.0
RANBP3L,0.36032836643150146,68.89294534521636,0.0
NRG4,0.3603255827430184,68.88757650595942,0.0
HBA1,0.3603252378213163,68.88220766670246,0.0
MRPS17,0.3602943905094864,68.87683882744551,0.0
DNAL1,0.36020812657788515,68.87146998818855,0.0
HEBP1,0.3602030064420441,68.8661011489316,0.0
RAI14,0.36017086605095405,68.86073230967465,0.0
TMEM30A,0.36014385162445517,68.8553634704177,0.0
TMEM192,0.36011749341294574,68.84999463116074,0.0
RTL1,0.3600816338511743,68.8446257919038,0.0
VOPP1,0.36008053290952013,68.83925695264683,0.0
ALKBH6,0.35986899061118965,68.83388811338989,0.0
MCAT,0.3598280092557572,68.82851927413294,0.0
ITPKC,0.3598256067176592,68.82315043487598,0.0
EML5,0.3598116562035162,68.81778159561904,0.0
STXBP1,0.35972348088022876,68.81241275636208,0.0
ZC3H4,0.359695817573536,68.80704391710512,0.0
YY1,0.35969504534479674,68.80167507784817,0.0
NR2F1,0.3596750360750361,68.79630623859121,0.0
SFTPD,0.35965560218445125,68.79093739933427,0.0
RNASEH2A,0.3596472037607474,68.78556856007731,0.0
ETFA,0.3596429969880043,68.78019972082036,0.0
DES,0.3596024980711082,68.7748308815634,0.0
COMT,0.35958769225952925,68.76946204230646,0.0
ATG14,0.3595765927371992,68.7640932030495,0.0
PSME1,0.3595682461270252,68.75872436379254,0.0
IL23R,0.3595570107397788,68.75335552453559,0.0
TTC17,0.3595542613049131,68.74798668527863,0.0
EMC4,0.3594466335431886,68.74261784602169,0.0
CHL1,0.35942307477694546,68.73724900676473,0.0
TNFRSF13B,0.3593913327208036,68.73188016750778,0.0
CCR7,0.3593810132966882,68.72651132825082,0.0
KAT2B,0.35935632424360614,68.72114248899388,0.0
CTSO,0.3593408341057843,68.71577364973692,0.0
TXNDC11,0.35930613882385704,68.71040481047997,0.0
TRIP6,0.35919842083635584,68.70503597122301,0.0
GPS2,0.35919311849983504,68.69966713196607,0.0
UMOD,0.35918279425682853,68.69429829270912,0.0
ZMIZ2,0.359175627005594,68.68892945345216,0.0
XPO7,0.3591293135246587,68.68356061419522,0.0
TTC3,0.3590925189491297,68.67819177493826,0.0
SLIT3,0.35895027832888204,68.67282293568131,0.0
CHST3,0.3589191558798347,68.66745409642435,0.0
SEC61A2,0.3588964280429116,68.6620852571674,0.0
GRIA2,0.358894332408572,68.65671641791045,0.0
ZSCAN4,0.35886875519194295,68.6513475786535,0.0
PKN3,0.358855505680342,68.64597873939654,0.0
ZNF135,0.35882944324356125,68.6406099001396,0.0
GNG3,0.35877132868007117,68.63524106088263,0.0
ARFGAP3,0.3586908618110872,68.62987222162569,0.0
APBA2,0.3586685000948207,68.62450338236873,0.0
CREB3L3,0.35864232837897575,68.61913454311178,0.0
RBM28,0.35864231066055124,68.61376570385482,0.0
MGP,0.35858910702316715,68.60839686459788,0.0
TULP2,0.35855024331935037,68.60302802534092,0.0
CES3,0.35852258604694415,68.59765918608397,0.0
MOCS3,0.3585190852995001,68.59229034682701,0.0
RGCC,0.3585174335370365,68.58692150757007,0.0
SERPINB7,0.3585072451792206,68.58155266831311,0.0
VARS2,0.3584958012161679,68.57618382905616,0.0
LASP1,0.358463668670021,68.5708149897992,0.0
PTPN12,0.35844675117585995,68.56544615054226,0.0
SPECC1,0.3584253267599566,68.5600773112853,0.0
GSKIP,0.3583511628298341,68.55470847202835,0.0
ADD1,0.3583227767349202,68.5493396327714,0.0
FBN3,0.358270614101468,68.54397079351445,0.0
IST1,0.358216895666442,68.5386019542575,0.0
ACSM3,0.35819879374908015,68.53323311500054,0.0
C16orf74,0.35817476425407946,68.52786427574358,0.0
SLC47A1,0.35814681847199,68.52249543648664,0.0
RIMS2,0.35813098608854765,68.51712659722968,0.0
SPINT2,0.35812446631626604,68.51175775797273,0.0
RGS16,0.3581146037897041,68.50638891871577,0.0
BTN2A1,0.35810495516038604,68.50102007945881,0.0
CCNH,0.35809134669658144,68.49565124020187,0.0
ARID3B,0.35808458941063537,68.4902824009449,0.0
CLDN10,0.35806838926814993,68.48491356168796,0.0
C5orf30,0.35802853235043797,68.479544722431,0.0
PIGB,0.35802460636626005,68.47417588317406,0.0
VAPA,0.35801893405225604,68.4688070439171,0.0
TP53INP1,0.35801434344253164,68.46343820466015,0.0
SH3TC1,0.35798420114551915,68.45806936540319,0.0
TERT,0.3579465613706326,68.45270052614624,0.0
SBF2,0.3579285544195322,68.44733168688929,0.0
ADRM1,0.3579224148626201,68.44196284763234,0.0
NUP210L,0.3579072547140655,68.43659400837538,0.0
DPY19L3,0.357857729457033,68.43122516911843,0.0
GCC2,0.3578209209873612,68.42585632986147,0.0
GFRA1,0.3577189396876853,68.42048749060453,0.0
ARHGEF25,0.3576369444799251,68.41511865134758,0.0
MAGEE1,0.35755526702211926,68.40974981209062,0.0
CASP4,0.3575501041446565,68.40438097283368,0.0
SLC6A11,0.35754235405823387,68.39901213357672,0.0
SPATA20,0.3574725544821209,68.39364329431977,0.0
PTPRT,0.3574103264790765,68.38827445506281,0.0
PRKAA2,0.3574082571742748,68.38290561580587,0.0
RYBP,0.3573428571428571,68.37753677654891,0.0
EXOC8,0.35732299525438455,68.37216793729196,0.0
PDE4B,0.35729512805227365,68.366799098035,0.0
BRPF1,0.35727084786378793,68.36143025877806,0.0
ATP6V1G2,0.35721286128630103,68.3560614195211,0.0
SAYSD1,0.35716798414043904,68.35069258026415,0.0
OSBPL3,0.35706286848356517,68.34532374100719,0.0
CDC42BPB,0.3570332501740216,68.33995490175025,0.0
BTN3A2,0.3570190200658748,68.33458606249329,0.0
NEK2,0.35701116599078886,68.32921722323634,1.0
DPP3,0.3569507638858883,68.32384838397938,0.0
INTS12,0.3569025178378755,68.31847954472244,0.0
SAT2,0.35689672997461286,68.31311070546548,0.0
ING5,0.3567734732656585,68.30774186620853,0.0
STOML3,0.35674291360347576,68.30237302695157,0.0
PITPNA,0.35672814330834557,68.29700418769463,0.0
RPL4,0.3566663959997366,68.29163534843767,0.0
BECN1,0.3566275653428517,68.28626650918072,0.0
ANKRD53,0.35662038732443263,68.28089766992377,0.0
PLEKHB1,0.35659567055909885,68.27552883066681,0.0
MEPCE,0.3564415594244061,68.27015999140986,0.0
GCM1,0.35635465148736833,68.26479115215291,0.0
SCN3B,0.35633815702008514,68.25942231289595,0.0
PSMF1,0.3563074198070625,68.254053473639,0.0
VAC14,0.3562982380248664,68.24868463438204,0.0
MARCO,0.35628440992234206,68.2433157951251,0.0
ZNF407,0.3562119609286804,68.23794695586814,0.0
MICU2,0.3562059360387758,68.2325781166112,0.0
MTX1,0.3561531857020268,68.22720927735423,0.0
ULK1,0.3560005177010689,68.22184043809727,0.0
CNIH1,0.35599130771539633,68.21647159884033,0.0
EAF2,0.35596666302944435,68.21110275958337,0.0
LGALS4,0.3559551379511374,68.20573392032642,0.0
SLC35B4,0.35593938987508544,68.20036508106946,0.0
BPIFB1,0.35593697922760137,68.19499624181252,0.0
RASGRF1,0.3559170615246155,68.18962740255556,0.0
LRIF1,0.35591162300711693,68.18425856329861,0.0
STAU1,0.3558857407380383,68.17888972404165,0.0
SFXN3,0.35586622643732835,68.17352088478471,0.0
C15orf41,0.3558554051942714,68.16815204552775,0.0
SHPK,0.35584671796349565,68.1627832062708,0.0
JMJD7,0.35584377575854564,68.15741436701384,0.0
ZCCHC6,0.35575554159173656,68.1520455277569,0.0
COQ4,0.3557386266170167,68.14667668849994,0.0
TINAGL1,0.355693172000294,68.14130784924299,0.0
IFFO1,0.35565434787912176,68.13593900998605,0.0
KIF15,0.35563575003115344,68.13057017072909,0.0
MAP3K6,0.3556354409873911,68.12520133147214,0.0
TLL2,0.3556289225282444,68.11983249221518,0.0
PYROXD1,0.35560562919028726,68.11446365295824,0.0
PPM1G,0.3555911761475406,68.10909481370128,0.0
TXNDC2,0.3555877580936472,68.10372597444433,0.0
MED31,0.3555336619310175,68.09835713518737,0.0
CLIP1,0.3554517859027877,68.09298829593043,0.0
POT1,0.3554483115746071,68.08761945667347,0.0
ACTN1,0.35544719040078687,68.08225061741652,0.0
RUNX1,0.3554119448861402,68.07688177815956,0.0
YWHAG,0.3553981384698658,68.07151293890261,0.0
TEAD4,0.3553915945165945,68.06614409964565,0.0
LOX,0.3553524935439799,68.06077526038871,0.0
TRIM32,0.35531748701524346,68.05540642113175,1.0
HELZ2,0.35527904358094065,68.0500375818748,0.0
MLF2,0.3552654511053611,68.04466874261784,0.0
ARSG,0.35523580175906744,68.0392999033609,0.0
MRPS22,0.35521970911979,68.03393106410394,0.0
ETV3,0.35516930983083,68.028562224847,0.0
CYP4X1,0.35516462741753757,68.02319338559003,0.0
SH3GL2,0.3551627154156722,68.01782454633309,0.0
ESYT3,0.35511796015005953,68.01245570707613,0.0
PACSIN1,0.3550692583985383,68.00708686781918,0.0
TNFRSF14,0.3550347678374947,68.00171802856224,0.0
SHISA2,0.35499668927428935,67.99634918930528,0.0
NUP35,0.3549757146017261,67.99098035004832,0.0
CEP85,0.3548833891436696,67.98561151079137,0.0
ITGA2B,0.3548612067524656,67.98024267153441,0.0
CXCL10,0.3548568705052267,67.97487383227747,0.0
NCBP1,0.35475952939143485,67.96950499302051,0.0
SNAPIN,0.3547554430713226,67.96413615376355,0.0
SP4,0.3547413727337029,67.9587673145066,0.0
PGRMC2,0.3546924414145224,67.95339847524964,0.0
PGK1,0.35462314928107486,67.9480296359927,0.0
ZNF350,0.35460759865727687,67.94266079673574,0.0
C6orf106,0.3545766548598385,67.93729195747879,0.0
PLA2G12A,0.3545316038495484,67.93192311822183,0.0
TBRG1,0.3545157128571429,67.92655427896489,0.0
SPA17,0.35437589381124773,67.92118543970793,0.0
ANAPC4,0.3542645779020436,67.91581660045098,0.0
D2HGDH,0.35419133477641546,67.91044776119402,0.0
LSM3,0.3541785910315119,67.90507892193708,0.0
CCT8,0.3541434967024467,67.89971008268012,0.0
KIAA0319L,0.3541343121962914,67.89434124342317,0.0
TTPA,0.3541097763951053,67.88897240416621,0.0
TRMT2A,0.35409700469388966,67.88360356490927,0.0
P2RY4,0.3540760037542156,67.8782347256523,0.0
RAP1B,0.3540455965162414,67.87286588639536,0.0
THAP7,0.35400378814175004,67.8674970471384,0.0
FAAH2,0.353984626702934,67.86212820788145,0.0
PRDX3,0.3539783642925937,67.85675936862451,0.0
NKX6-1,0.35396886797744154,67.85139052936755,0.0
TAF4B,0.3539556231024042,67.8460216901106,0.0
GLUL,0.35395325776810926,67.84065285085364,0.0
U2AF1,0.35394158272996845,67.8352840115967,0.0
MTMR14,0.3539346718121143,67.82991517233974,0.0
BAZ2A,0.35388899347356406,67.8245463330828,0.0
ZNF827,0.3538848674403583,67.81917749382583,0.0
ZNF281,0.3538772074558534,67.81380865456889,0.0
RAB9B,0.35384208052504,67.80843981531193,0.0
IPO4,0.3538367370654772,67.80307097605498,0.0
TMEM100,0.353806078919657,67.79770213679802,0.0
MOG,0.3537966136920836,67.79233329754108,0.0
PDE12,0.35378517983512847,67.78696445828412,0.0
PTPN4,0.35376195728805576,67.78159561902717,0.0
ACSM1,0.35372751899915167,67.77622677977021,0.0
CSGALNACT2,0.3537207752929577,67.77085794051327,0.0
SLC18A3,0.3537167445064924,67.7654891012563,0.0
ADAM22,0.35365796752395673,67.76012026199936,0.0
ERGIC1,0.3536564711964353,67.7547514227424,0.0
TNS1,0.3536137812159802,67.74938258348546,0.0
OCM2,0.3535515532347745,67.7440137442285,0.0
ZNF142,0.3535322206921684,67.73864490497155,0.0
CLDN12,0.35350666854761725,67.73327606571459,0.0
KCNQ5,0.353449224319468,67.72790722645765,0.0
PGF,0.3534324871634526,67.72253838720069,0.0
CEBPZ,0.35341460052444573,67.71716954794374,0.0
ELK1,0.35337939073775565,67.71180070868678,0.0
PDCD6,0.3533592337712267,67.70643186942984,0.0
CCIN,0.35328680840268245,67.70106303017288,0.0
CYSLTR1,0.353243206571796,67.69569419091593,0.0
GZMA,0.35322753643021426,67.69032535165897,0.0
UCP2,0.35321452541222464,67.68495651240201,0.0
CCAR1,0.35318962285770567,67.67958767314506,0.0
DEF8,0.35318395257157564,67.6742188338881,0.0
LARS2,0.3531366892803812,67.66884999463116,0.0
RFC4,0.35308285014523844,67.6634811553742,0.0
EHD4,0.35306058023922743,67.65811231611725,0.0
SFXN5,0.3528535853310262,67.6527434768603,0.0
WDR25,0.352770744836413,67.64737463760335,0.0
CREM,0.3527591808625725,67.64200579834639,0.0
AUP1,0.352728292048225,67.63663695908944,0.0
POLR2G,0.3527235932223836,67.63126811983248,0.0
CHRNG,0.3527154214395871,67.62589928057554,0.0
ANXA13,0.3527116911572794,67.62053044131858,0.0
ALG2,0.35267934082361957,67.61516160206163,0.0
H2AFV,0.352662073546964,67.60979276280467,0.0
PTGDS,0.3526125707486697,67.60442392354773,0.0
FLT3,0.3525929291407228,67.59905508429077,0.0
SLITRK1,0.35255310971760734,67.59368624503382,0.0
TBC1D16,0.3524965687698614,67.58831740577688,0.0
GLIPR1L1,0.3524663100860657,67.58294856651992,0.0
MYO1F,0.35234485998055776,67.57757972726297,0.0
FOXO3,0.3523252506265665,67.57221088800601,0.0
MKRN3,0.35227729536765173,67.56684204874907,0.0
CUTA,0.35223285869060206,67.5614732094921,0.0
NADK2,0.3521459260746093,67.55610437023516,0.0
ENG,0.35213182338031446,67.5507355309782,0.0
SERPINA5,0.3521311429225285,67.54536669172126,0.0
TMED10,0.3520841222691721,67.5399978524643,0.0
EIF4G1,0.35203346252144996,67.53462901320735,0.0
ZBTB3,0.3520283222819839,67.52926017395039,0.0
ENPP3,0.351983513372958,67.52389133469345,0.0
EIF2B1,0.35194990332817294,67.51852249543649,0.0
TRAF4,0.3519472799715838,67.51315365617954,0.0
RAD54B,0.3519231564665565,67.50778481692258,0.0
ASXL3,0.3518435261757121,67.50241597766563,0.0
IBTK,0.3517661760940318,67.49704713840867,0.0
PRDX6,0.35174154821125647,67.49167829915173,0.0
NOP14,0.35171033257985657,67.48630945989477,0.0
PPP1CB,0.35170700735446464,67.48094062063782,0.0
EN2,0.3516645317963214,67.47557178138086,0.0
ELL,0.35163363766742217,67.47020294212392,0.0
DNAI2,0.35155646356698145,67.46483410286696,0.0
UBXN7,0.35150978872752586,67.45946526361001,0.0
RPS6KA3,0.35136862459155616,67.45409642435305,0.0
AVPR2,0.35128170832881345,67.44872758509611,0.0
ADCY10,0.3512520602774573,67.44335874583915,0.0
SLC22A3,0.3512000633966302,67.4379899065822,0.0
SEC31A,0.35119470274386533,67.43262106732524,0.0
EEA1,0.35114735941648545,67.42725222806828,0.0
MRPL41,0.3511097367892372,67.42188338881134,0.0
SLC22A12,0.3510489413318004,67.41651454955438,0.0
MED22,0.35093598955665084,67.41114571029743,0.0
GNPTG,0.3509314366273715,67.40577687104047,0.0
TNFRSF4,0.3509110845221765,67.40040803178353,0.0
GCSH,0.350892866696064,67.39503919252657,0.0
MYOCD,0.35088128167887184,67.38967035326962,0.0
RCN3,0.3508654129918136,67.38430151401266,0.0
CSF2,0.3508133709076307,67.37893267475572,0.0
KCNK3,0.3508059523809524,67.37356383549876,0.0
ADAT3,0.35076933731565685,67.36819499624181,0.0
TNK2,0.35075109049212616,67.36282615698485,0.0
CTPS2,0.3507259169579639,67.3574573177279,0.0
DDAH1,0.3507036088267437,67.35208847847095,0.0
LCAT,0.3506308763996946,67.346719639214,0.0
FBXO25,0.35057687685874867,67.34135079995704,0.0
NEGR1,0.35054920788669597,67.3359819607001,0.0
HIST1H4G,0.35050615796004175,67.33061312144314,0.0
SYT5,0.3504800138510709,67.32524428218619,0.0
SPAG9,0.3504520710740927,67.31987544292923,0.0
POGLUT1,0.35038176937845034,67.31450660367229,0.0
TP53I3,0.3503269850206322,67.30913776441534,0.0
NIPSNAP1,0.35030255674719624,67.30376892515838,0.0
ARAP2,0.3502114697951013,67.29840008590143,0.0
MN1,0.35018333333333335,67.29303124664447,0.0
ESRP2,0.3501589151908314,67.28766240738753,0.0
HCN4,0.35015327008550035,67.28229356813057,0.0
PLCG2,0.34997957690396697,67.27692472887362,0.0
ITIH2,0.349972696216239,67.27155588961666,0.0
GTPBP2,0.34990012721337865,67.26618705035972,0.0
PLB1,0.349864814556824,67.26081821110276,0.0
PKP4,0.3498181380935386,67.25544937184581,0.0
HLA-DRB5,0.3496724819476368,67.25008053258885,0.0
SIRT4,0.3496526288900945,67.24471169333191,0.0
ATP6V1G1,0.3496479308363988,67.23934285407495,0.0
LRRC17,0.3495982484030632,67.233974014818,0.0
TFAP2C,0.34956998914071846,67.22860517556104,0.0
TNR,0.3495331261662738,67.2232363363041,0.0
DUSP26,0.3495163837384265,67.21786749704714,0.0
CD1D,0.349345962882348,67.21249865779019,0.0
MSH6,0.3493143518518519,67.20712981853323,0.0
KREMEN2,0.34913201608228717,67.20176097927629,0.0
ITCH,0.3490964104198384,67.19639214001933,0.0
NOXO1,0.3490220156179183,67.19102330076238,0.0
C1GALT1C1,0.34894753653255484,67.18565446150542,0.0
GGN,0.34892478495966134,67.18028562224848,0.0
RAD21,0.34891194426983313,67.17491678299152,0.0
MUC5AC,0.34886539754266277,67.16954794373457,0.0
STYXL1,0.34880044437007046,67.16417910447761,0.0
RPS6KA5,0.34879380290687184,67.15881026522067,0.0
IRAK3,0.34878976349097557,67.1534414259637,0.0
RBM8A,0.348766802919631,67.14807258670675,0.0
IDE,0.3487543502975813,67.1427037474498,0.0
CCDC124,0.34869430193645057,67.13733490819284,0.0
NUSAP1,0.3486850350316093,67.1319660689359,0.0
PLEKHG6,0.34865718689738845,67.12659722967894,0.0
MBD2,0.3486285505123917,67.12122839042199,0.0
SLCO1B1,0.34861592910363515,67.11585955116503,0.0
SYT1,0.34846937835787345,67.11049071190808,0.0
PDIA5,0.34843194287702095,67.10512187265113,0.0
PLBD1,0.3484295259335596,67.09975303339418,0.0
CD68,0.34838433239817873,67.09438419413722,0.0
FADS2,0.3483067793433862,67.08901535488027,0.0
LPCAT3,0.34826479949201516,67.08364651562331,0.0
NEIL2,0.3482487304865395,67.07827767636637,0.0
TBL3,0.3482250716954544,67.07290883710941,0.0
LXN,0.34822409885789124,67.06753999785246,0.0
STOM,0.3482028578688787,67.0621711585955,0.0
GDAP1,0.34817430053437814,67.05680231933856,0.0
ETV6,0.3481608661876437,67.0514334800816,0.0
CCAR2,0.34816014883153906,67.04606464082465,0.0
HECTD3,0.3481394515103545,67.0406958015677,0.0
HMG20A,0.3480971593766188,67.03532696231075,0.0
TMEM161A,0.3480814848127791,67.0299581230538,0.0
CYHR1,0.347905557153082,67.02458928379684,0.0
PPP1R3C,0.3478776589622751,67.0192204445399,0.0
WISP2,0.3478367858494037,67.01385160528294,0.0
THNSL2,0.34780754533973307,67.00848276602599,0.0
GPC6,0.3477978785082733,67.00311392676903,0.0
ACSBG1,0.3477845950163502,66.99774508751209,0.0
TRIM33,0.34777916295911726,66.99237624825513,0.0
EMCN,0.34777446719334065,66.98700740899818,0.0
GLT1D1,0.3477202624876051,66.98163856974122,0.0
KRT86,0.34768571192682646,66.97626973048428,0.0
NRM,0.34765015206601957,66.97090089122732,0.0
B3GNT7,0.347643057709985,66.96553205197037,0.0
GPATCH11,0.3476132132000538,66.96016321271341,0.0
MRM1,0.34758611057042776,66.95479437345647,0.0
ZSWIM5,0.3475418012712293,66.9494255341995,0.0
AQP2,0.3475278011716227,66.94405669494256,0.0
DENND6B,0.3474170467674482,66.9386878556856,0.0
ADH7,0.3473452733197126,66.93331901642865,0.0
VDAC2,0.34733902138916806,66.9279501771717,0.0
ZBTB2,0.34731820172994343,66.92258133791475,0.0
SLC38A2,0.34730028931060464,66.91721249865779,0.0
LRRC7,0.3472819103415473,66.91184365940084,0.0
CNTD1,0.3472817500396913,66.90647482014388,0.0
LIN7C,0.3472562717620161,66.90110598088694,0.0
RNPC3,0.34720961163371655,66.89573714162998,0.0
ZNF276,0.3472063475198337,66.89036830237302,0.0
TNFRSF10C,0.34718727494444807,66.88499946311607,0.0
TRAF2,0.34718378581840936,66.87963062385911,0.0
TAF2,0.3471822620542323,66.87426178460217,0.0
DAPK1,0.3471718696100604,66.86889294534521,0.0
SS18,0.34714990871513096,66.86352410608826,0.0
CERK,0.34714826010183364,66.8581552668313,0.0
CORO1A,0.34704374316477055,66.85278642757436,0.0
OTUD3,0.34698693214062154,66.8474175883174,0.0
LMBRD1,0.34683020889156346,66.84204874906045,0.0
EPB41L2,0.34680345072553675,66.8366799098035,0.0
HAMP,0.3467981755062141,66.83131107054655,0.0
STOX1,0.34679261763604613,66.82594223128959,0.0
ANKRD1,0.34676379499448057,66.82057339203264,0.0
ZNF239,0.3467024678950886,66.81520455277568,0.0
CLEC4C,0.3466878259730606,66.80983571351874,0.0
CAPZA2,0.34660285928612894,66.80446687426178,0.0
NAB2,0.34654345527804015,66.79909803500483,0.0
SCUBE1,0.3465233321416897,66.79372919574787,0.0
AREG,0.34651703757243507,66.78836035649093,0.0
FAM20C,0.346511983118528,66.78299151723397,0.0
GSK3B,0.3464719120195966,66.77762267797702,0.0
DPH2,0.3464681008594002,66.77225383872006,0.0
ATXN1,0.34646446149839477,66.76688499946312,0.0
CYP11B2,0.34641710741353593,66.76151616020616,0.0
LONP1,0.34639836476419894,66.75614732094921,0.0
ZG16B,0.34627869978465997,66.75077848169227,0.0
HSPBP1,0.34621739025287557,66.7454096424353,0.0
FAT2,0.3461303857346817,66.74004080317836,0.0
MPRIP,0.3460771719791721,66.7346719639214,0.0
SIM1,0.3460186745782845,66.72930312466445,0.0
ZNHIT2,0.34601394280713293,66.7239342854075,0.0
NUP93,0.3459707857094231,66.71856544615055,0.0
CREB5,0.3459244654531092,66.71319660689359,0.0
FIP1L1,0.34590172440943734,66.70782776763664,0.0
ZNF655,0.3458832988426255,66.70245892837968,0.0
SYT2,0.3458744174915844,66.69709008912274,0.0
EDDM3B,0.34586712852394336,66.69172124986578,0.0
SLC20A1,0.34584742484654707,66.68635241060883,0.0
CD3E,0.34584552093477255,66.68098357135187,0.0
C4orf27,0.3457912351025763,66.67561473209493,0.0
KIF26A,0.3457815310217225,66.67024589283797,0.0
TMEM38A,0.34575536400795437,66.66487705358102,0.0
CLPTM1L,0.34569576923611395,66.65950821432406,0.0
CDH16,0.3456873738491409,66.65413937506712,0.0
CCDC7,0.3456592243252878,66.64877053581016,0.0
SNUPN,0.34564018435646143,66.64340169655321,0.0
FER,0.3456269955478891,66.63803285729625,0.0
SUV39H1,0.34561414263675416,66.6326640180393,0.0
F9,0.3456055065314223,66.62729517878235,0.0
HAS1,0.34558664797268507,66.6219263395254,0.0
PATZ1,0.34550425508525906,66.61655750026844,0.0
LYZL6,0.34543121154722883,66.61118866101148,0.0
MLLT4,0.34543101939243387,66.60581982175454,0.0
ZNF16,0.3453712095566407,66.60045098249758,0.0
NPHS2,0.3453166112369877,66.59508214324063,0.0
MPHOSPH6,0.3453012338102713,66.58971330398367,0.0
HLTF,0.3452186205121814,66.58434446472673,0.0
RCHY1,0.34520455027073343,66.57897562546977,0.0
MZT2B,0.3451982375696259,66.57360678621282,0.0
RPL41,0.34517068842337373,66.56823794695586,0.0
HMMR,0.34504328951623836,66.56286910769892,0.0
CNTROB,0.3450048442381714,66.55750026844196,0.0
CEP85L,0.3449778334268106,66.55213142918501,0.0
GPC3,0.3449699163415061,66.54676258992805,0.0
UTP6,0.34495890484667213,66.5413937506711,0.0
HERC5,0.34494605046945626,66.53602491141415,0.0
EMC7,0.34493414299449404,66.5306560721572,0.0
VMA21,0.34480751865128956,66.52528723290024,0.0
STUB1,0.344769092795122,66.5199183936433,0.0
C20orf24,0.3447460834798736,66.51454955438633,0.0
LGI1,0.3447160686921598,66.50918071512939,0.0
AQP6,0.34463931526914415,66.50381187587243,0.0
GNA12,0.3444903863885661,66.49844303661548,0.0
LY6G5B,0.3444282399482124,66.49307419735852,0.0
SSTR3,0.34442705595230894,66.48770535810158,0.0
VAMP2,0.3444183010510601,66.48233651884462,0.0
PTBP1,0.34441528345560746,66.47696767958767,0.0
MLLT3,0.344403885003885,66.47159884033073,0.0
PTPMT1,0.34438729776968613,66.46623000107377,0.0
SEPT5,0.3443345159812881,66.46086116181682,0.0
HDAC3,0.3442972654893118,66.45549232255986,0.0
ZDHHC13,0.344289790593479,66.45012348330292,0.0
MGST2,0.3442397935130013,66.44475464404596,0.0
ZNF337,0.34423832923317615,66.43938580478901,0.0
RPSA,0.34422562513765687,66.43401696553205,0.0
CLNS1A,0.34421958902080924,66.4286481262751,0.0
MAGEA1,0.3442066043043569,66.42327928701815,0.0
CDKL1,0.34420176452894796,66.4179104477612,0.0
RIPK4,0.3441826088155312,66.41254160850424,0.0
IRF2,0.34415690420981687,66.4071727692473,0.0
SLC37A4,0.34415570282362024,66.40180392999034,1.0
NMU,0.3441264549210295,66.39643509073339,0.0
KIF21B,0.3440847020919604,66.39106625147643,0.0
EPDR1,0.3440535937125574,66.38569741221949,0.0
RPH3AL,0.34403237830750605,66.38032857296253,0.0
ABAT,0.343991695119029,66.37495973370558,0.0
CAND2,0.34393439839115203,66.36959089444862,0.0
HCFC1,0.34392539768882713,66.36422205519168,0.0
EIF4H,0.3438409444873335,66.35885321593472,0.0
CSNK1G3,0.34383098217255625,66.35348437667776,0.0
ZCCHC11,0.34381877457526855,66.34811553742081,0.0
HSPD1,0.3438040064315101,66.34274669816385,0.0
VAMP8,0.3437241034383756,66.3373778589069,0.0
CMC2,0.34367404685235714,66.33200901964995,0.0
SLN,0.3436213515934309,66.326640180393,0.0
PFN2,0.34360273673495645,66.32127134113604,0.0
NR1D2,0.3435461302680818,66.3159025018791,0.0
HELLS,0.3435410280366777,66.31053366262213,0.0
PPP1R26,0.3434788197904785,66.30516482336519,0.0
ABI1,0.3434645842736315,66.29979598410823,0.0
CCL3,0.34346235627533134,66.29442714485128,0.0
DCLRE1B,0.3434228188790961,66.28905830559432,0.0
BCL6,0.34333975380296844,66.28368946633738,0.0
SLC39A6,0.3433039679367226,66.27832062708042,0.0
ELP3,0.3431368456437652,66.27295178782347,0.0
GPX2,0.3431359906719858,66.26758294856651,0.0
MOB2,0.3430798789599502,66.26221410930957,0.0
SH3RF1,0.343062988336336,66.25684527005261,0.0
HPGD,0.34305075602644886,66.25147643079566,0.0
RPL10,0.34300840298736485,66.2461075915387,0.0
EXOSC8,0.34292379813358254,66.24073875228176,0.0
DMAP1,0.34286731535917236,66.2353699130248,0.0
PENK,0.342837148562106,66.23000107376785,0.0
INTS3,0.34283584514504234,66.22463223451089,0.0
HABP2,0.34278743721100746,66.21926339525395,0.0
MKNK1,0.34278103884443756,66.21389455599699,0.0
COL6A6,0.3427318982661957,66.20852571674004,0.0
ARHGAP32,0.3427195387310264,66.2031568774831,0.0
DBNL,0.3426926521760246,66.19778803822614,0.0
CYP3A7,0.342684672023768,66.19241919896919,0.0
JTB,0.34261396290584123,66.18705035971223,0.0
SULT1A1,0.34261308559697023,66.18168152045529,0.0
CACNA1G,0.34261271862770704,66.17631268119833,0.0
RLIM,0.3425751323109848,66.17094384194138,0.0
PADI2,0.34255499265901507,66.16557500268442,0.0
ZFR2,0.3425460959383754,66.16020616342747,0.0
SERTAD2,0.34253164489221893,66.15483732417051,0.0
PUM2,0.3424931409039284,66.14946848491357,0.0
VAMP5,0.34247183048398544,66.14409964565661,0.0
CKMT1A,0.34242097616592415,66.13873080639966,0.0
APOBEC3F,0.34241730182457447,66.1333619671427,0.0
MICA,0.34235608415381213,66.12799312788576,0.0
AP1M2,0.3423559524917047,66.1226242886288,0.0
KDM5C,0.3423523442200291,66.11725544937185,0.0
DNAJC5B,0.34225990030782916,66.1118866101149,0.0
HIST1H2AC,0.3422579936219736,66.10651777085795,0.0
PTGES3,0.3422420577230472,66.10114893160099,0.0
RUNX3,0.34223889134835633,66.09578009234404,0.0
TMEM109,0.3422189654089016,66.09041125308708,0.0
MAEA,0.34215034407117006,66.08504241383014,0.0
MAP1S,0.3421428194075412,66.07967357457318,0.0
CLIP4,0.34214064016665346,66.07430473531622,0.0
SLC9A6,0.34212596634541204,66.06893589605927,0.0
RSPH1,0.34203896265716816,66.06356705680231,0.0
GSTA3,0.34200809052607983,66.05819821754537,0.0
STAR,0.34194055166802745,66.05282937828841,0.0
DRD3,0.34191697687133277,66.04746053903146,0.0
RNASEH2C,0.34183647965422603,66.0420916997745,0.0
GPD1,0.3418017861250595,66.03672286051756,0.0
PROK2,0.3417173128177343,66.0313540212606,0.0
TNRC18,0.34167545123348086,66.02598518200365,0.0
PPP1R35,0.341669157577348,66.02061634274669,0.0
PFN4,0.34162491873096545,66.01524750348975,0.0
SPCS1,0.34160310347909795,66.00987866423279,0.0
ZNF35,0.3415544806540285,66.00450982497584,0.0
RPS6KA2,0.3415540577977957,65.99914098571888,0.0
SLC7A10,0.34148500817328337,65.99377214646194,0.0
HLX,0.3414759798711467,65.98840330720498,0.0
MEN1,0.34145001238443373,65.98303446794803,0.0
TPBG,0.34144498983497346,65.97766562869107,0.0
KLF1,0.3414090018086124,65.97229678943413,0.0
ACE2,0.34136152252153246,65.96692795017717,0.0
SH2B3,0.34135078651212136,65.96155911092022,0.0
SYAP1,0.34131011402971434,65.95619027166326,0.0
CCDC138,0.3413079087027319,65.95082143240631,0.0
SLC2A3,0.3412995040928757,65.94545259314935,0.0
ZNF780A,0.3411572281457399,65.94008375389241,0.0
TYSND1,0.34113139585434504,65.93471491463545,0.0
SLC5A3,0.34112152314898214,65.9293460753785,0.0
SLC16A3,0.3411002624791817,65.92397723612156,0.0
WNT11,0.3410689132684225,65.9186083968646,0.0
GRPEL2,0.3409445874740094,65.91323955760765,0.0
TLR2,0.34094021294153165,65.9078707183507,0.0
RNF31,0.34087662962567494,65.90250187909375,0.0
TAP2,0.34076801026321174,65.89713303983679,0.0
CLCN1,0.3407337769846442,65.89176420057984,0.0
GARNL3,0.3406714244731942,65.88639536132288,0.0
PDE4A,0.3406592071020949,65.88102652206594,0.0
MARS2,0.3406460079368294,65.87565768280898,0.0
HOXB9,0.34063683057506516,65.87028884355203,0.0
CLASP1,0.340573981762918,65.86492000429507,0.0
ATP5I,0.3405513603570069,65.85955116503813,0.0
HEATR1,0.3405510427071046,65.85418232578117,0.0
MYEF2,0.34054905624921594,65.84881348652422,0.0
CFDP1,0.3405353819989435,65.84344464726726,0.0
ASCC1,0.34051909852798606,65.83807580801032,0.0
RBM6,0.3404923420119069,65.83270696875336,0.0
NAPSA,0.3404904642981835,65.82733812949641,0.0
HEXIM1,0.3404179563148107,65.82196929023945,0.0
ZBTB48,0.34039205774331904,65.81660045098249,0.0
MCAM,0.3403855564469826,65.81123161172555,0.0
GYG1,0.3403783919352961,65.80586277246859,0.0
NAPA,0.3403470702978973,65.80049393321164,0.0
SEMA3A,0.3403219267829185,65.79512509395468,0.0
NUP153,0.34031056000627996,65.78975625469774,0.0
ABCB9,0.3402963059070211,65.78438741544078,0.0
TMEM62,0.3402958112283541,65.77901857618383,0.0
POU5F1,0.34025721971249456,65.77364973692687,0.0
TAS2R4,0.3401729667661756,65.76828089766992,0.0
THSD7B,0.3401708049287283,65.76291205841297,0.0
SLC35A1,0.3401661716255594,65.75754321915602,0.0
DOK2,0.34009560989022714,65.75217437989906,0.0
TRMU,0.3400197767103127,65.74680554064211,1.0
SSH2,0.33997474456261084,65.74143670138515,0.0
PIGC,0.33996318188430064,65.73606786212821,0.0
FBXO27,0.33995660232484093,65.73069902287125,0.0
C2orf40,0.33994177125170605,65.7253301836143,0.0
NOX4,0.33988836467336425,65.71996134435734,0.0
GTF2I,0.33984440738510535,65.7145925051004,0.0
C1GALT1,0.3398396730437263,65.70922366584344,0.0
RAD23A,0.3398363838494475,65.7038548265865,0.0
UGT2B4,0.33982543652369596,65.69848598732953,0.0
MON2,0.33980144777014687,65.69311714807259,0.0
SUPT16H,0.3397675974497093,65.68774830881563,0.0
OBSL1,0.3397537928590099,65.68237946955868,0.0
SP5,0.3396668777617165,65.67701063030172,0.0
CBWD3,0.33965513365087097,65.67164179104478,0.0
BCL7A,0.33964579851554844,65.66627295178782,0.0
MSH4,0.3396217379330119,65.66090411253087,0.0
XPO4,0.33961521611867557,65.65553527327391,0.0
NR2C2,0.33959225640208945,65.65016643401697,0.0
GDI2,0.3395921885603211,65.64479759476002,0.0
YIPF5,0.3395083406948383,65.63942875550306,0.0
PTPRZ1,0.3394738420568152,65.63405991624612,0.0
CIAO1,0.3394534473674618,65.62869107698916,0.0
POLR1B,0.33944353841281705,65.62332223773221,0.0
LGALS8,0.3394344655720039,65.61795339847525,0.0
HDHD2,0.3394195729197264,65.6125845592183,0.0
RASAL2,0.33939848967554226,65.60721571996135,0.0
ABCC5,0.3393706838386784,65.6018468807044,0.0
YBX1,0.3393290888580374,65.59647804144744,0.0
CD59,0.3393179669446253,65.5911092021905,0.0
UGGT2,0.339298774151294,65.58574036293354,0.0
HLA-DPA1,0.33926528003640466,65.58037152367659,0.0
RBM3,0.3392619769821521,65.57500268441963,0.0
DDX5,0.3392011733975392,65.56963384516268,0.0
CCDC8,0.3391837597313059,65.56426500590572,0.0
ARX,0.3391299231616337,65.55889616664878,0.0
CMTR2,0.33909415492134015,65.55352732739182,0.0
TMEM161B,0.3390826439314356,65.54815848813487,0.0
WDR77,0.33908231295225677,65.54278964887791,0.0
NR1H3,0.33895932845271604,65.53742080962095,0.0
PZP,0.3387615390664519,65.53205197036401,0.0
RGS12,0.3387571636761978,65.52668313110705,0.0
APOL1,0.33865726611306834,65.5213142918501,0.0
MYH13,0.3386572532833547,65.51594545259314,0.0
RANBP17,0.33855836916915505,65.5105766133362,0.0
NT5DC3,0.33854668944345506,65.50520777407924,0.0
FICD,0.3384504080726735,65.4998389348223,0.0
CHIC1,0.33844506886060144,65.49447009556533,0.0
CNPY2,0.3384167153671232,65.48910125630839,0.0
CRTC3,0.338338416556317,65.48373241705143,0.0
DLX3,0.3382837839976628,65.47836357779448,0.0
HRAS,0.3382706064028398,65.47299473853752,0.0
MED9,0.33825460252201367,65.46762589928058,0.0
RAN,0.33825039905460164,65.46225706002362,0.0
IRF3,0.33824813211970284,65.45688822076667,0.0
NSMCE2,0.3382223140840584,65.45151938150971,1.0
ALDH3B1,0.3382195044432229,65.44615054225277,0.0
C3orf62,0.33821406114168784,65.4407817029958,0.0
IRF1,0.3381620913414113,65.43541286373886,0.0
CXCR4,0.3381600453260484,65.4300440244819,0.0
SLC2A6,0.3381163604553318,65.42467518522496,0.0
MPC2,0.3380576882040788,65.419306345968,0.0
SNRPD2,0.3380318511337689,65.41393750671105,0.0
PIGQ,0.3380244543327676,65.40856866745409,0.0
SPAG1,0.33802101619112623,65.40319982819715,0.0
GPR126,0.33800690293903574,65.39783098894019,0.0
CCDC82,0.3379759053884792,65.39246214968324,0.0
KRT15,0.33791107898580847,65.38709331042628,0.0
CEBPD,0.3378865910550305,65.38172447116933,0.0
SPHK1,0.3378445157259399,65.37635563191238,0.0
SMAD7,0.3377960867894574,65.37098679265543,0.0
C18orf32,0.337723760518141,65.36561795339848,0.0
CYP2U1,0.33771528106727616,65.36024911414152,0.0
FKBP11,0.33770762089390477,65.35488027488458,0.0
CCDC43,0.3376303588775321,65.34951143562762,0.0
ZBTB7C,0.3375924622545927,65.34414259637067,0.0
DBF4B,0.3375141483001047,65.33877375711371,0.0
PON2,0.33746385599663464,65.33340491785677,0.0
ESCO2,0.3374194178510177,65.32803607859981,0.0
CCNO,0.33741803497713646,65.32266723934286,0.0
IL13RA2,0.33740972082807463,65.3172984000859,0.0
TUBA3C,0.33738612153680975,65.31192956082896,0.0
CTBP1,0.3373750584834768,65.306560721572,0.0
COX7B2,0.33734973154154735,65.30119188231505,0.0
ARHGAP5,0.33733283895457,65.29582304305809,0.0
SRR,0.3373288283186704,65.29045420380115,0.0
RPS26,0.3373125279227526,65.28508536454419,0.0
RPS25,0.33730953957277476,65.27971652528723,0.0
VIP,0.3373034318842055,65.27434768603028,0.0
MRC2,0.3372749313163462,65.26897884677332,0.0
SUMO3,0.3372524809289141,65.26361000751638,0.0
NUP188,0.3372403030240935,65.25824116825942,0.0
STS,0.33723255881717495,65.25287232900247,0.0
CTCF,0.3371896318258657,65.24750348974551,0.0
ALDH8A1,0.33718872998749433,65.24213465048857,0.0
RECQL4,0.33717579365079364,65.2367658112316,0.0
GLS,0.33714303174542437,65.23139697197466,0.0
TWISTNB,0.3370506898982918,65.2260281327177,0.0
CHPT1,0.33694626518994275,65.22065929346076,0.0
B4GALT5,0.33686262637383424,65.2152904542038,0.0
KTI12,0.33684444538951597,65.20992161494685,0.0
LDHAL6A,0.3367870792060924,65.20455277568989,0.0
ZC3H18,0.3367668090705319,65.19918393643295,0.0
PTRF,0.33671826961890294,65.19381509717599,0.0
SNRPC,0.3366945348546432,65.18844625791904,0.0
SNX14,0.336654939411891,65.18307741866208,0.0
POU6F2,0.336583297992674,65.17770857940513,0.0
SYPL1,0.33647778406840434,65.17233974014817,0.0
MIDN,0.3364541165349931,65.16697090089123,0.0
TCEA1,0.33639015439102365,65.16160206163427,0.0
NUP160,0.33631458802892217,65.15623322237732,0.0
PMAIP1,0.33629977507077113,65.15086438312036,0.0
MINK1,0.3362967728924849,65.14549554386342,0.0
UGT1A1,0.336264100166089,65.14012670460646,0.0
KCNC4,0.3362266530325769,65.13475786534951,0.0
PRRC2A,0.33618236578713634,65.12938902609255,0.0
GTF2H2,0.3361711004196811,65.12402018683561,0.0
MAP3K8,0.336161024718379,65.11865134757865,0.0
NFE2L2,0.3361521677527046,65.1132825083217,0.0
FDFT1,0.336124060150376,65.10791366906474,0.0
RGP1,0.3361233566008708,65.1025448298078,0.0
GUCY1B3,0.3360931563123977,65.09717599055084,0.0
SLC24A2,0.3360756020224206,65.09180715129389,0.0
GTF3C3,0.336067072446245,65.08643831203695,0.0
TMEM68,0.33606324816889915,65.08106947277999,0.0
CHP1,0.33603838410571346,65.07570063352304,0.0
CFD,0.3360291654929332,65.07033179426608,0.0
NUP43,0.3360060971337246,65.06496295500914,0.0
MIEF1,0.33600590468124586,65.05959411575218,0.0
CTNND2,0.3359801434433013,65.05422527649523,0.0
TBX3,0.3359763802951116,65.04885643723827,0.0
BRDT,0.3359552693465402,65.04348759798133,0.0
CCT4,0.3358910343520765,65.03811875872437,0.0
APOA5,0.3358153773456876,65.03274991946742,0.0
GPKOW,0.3357903592171616,65.02738108021046,0.0
ZIC4,0.3357315204878059,65.02201224095352,0.0
ANKS4B,0.3356332390338273,65.01664340169656,0.0
PRSS1,0.3356012404146155,65.01127456243961,0.0
CTF1,0.3355316091271559,65.00590572318265,0.0
BTC,0.3355102189530969,65.00053688392569,0.0
ASH2L,0.3354983650124394,64.99516804466874,0.0
TBX18,0.33547312435087345,64.98979920541179,0.0
H3F3A,0.3354603712572955,64.98443036615484,0.0
NUDT8,0.3354567589959102,64.97906152689788,0.0
HSPH1,0.33543127690303515,64.97369268764092,0.0
CXorf56,0.3354068016381605,64.96832384838397,0.0
GKN1,0.33539911793156674,64.96295500912701,0.0
PHKA1,0.33530539686723365,64.95758616987007,0.0
OLFML3,0.3352831915690513,64.95221733061312,0.0
OTC,0.3351853113666315,64.94684849135616,0.0
ACAA1,0.33511844886457015,64.94147965209922,0.0
TNNI3,0.33511567190014635,64.93611081284226,0.0
GSDMD,0.33506131673393635,64.93074197358531,0.0
EIF2AK1,0.335060886921434,64.92537313432835,0.0
KIF11,0.3350154511392082,64.92000429507141,1.0
IDI1,0.334999487818095,64.91463545581445,0.0
P2RX5,0.334995669701736,64.9092666165575,0.0
SPOPL,0.3349475436218495,64.90389777730054,0.0
CHORDC1,0.33490143145249485,64.8985289380436,0.0
UTY,0.3348562316368961,64.89316009878664,0.0
GAPVD1,0.3347662855986907,64.88779125952969,0.0
ITGB1BP2,0.3347603894126351,64.88242242027273,0.0
PPP1R12C,0.334739307180872,64.87705358101579,0.0
RC3H2,0.3347054200390563,64.87168474175883,0.0
SLC35F2,0.3346907195619687,64.86631590250188,0.0
SBNO2,0.33465731239631896,64.86094706324492,0.0
MBD3,0.334600225613349,64.85557822398798,0.0
NIP7,0.3345797953424611,64.85020938473102,0.0
PPOX,0.33456439491032913,64.84484054547407,0.0
CDK2AP1,0.3345596521191253,64.83947170621711,0.0
NSMAF,0.33452291968385844,64.83410286696017,0.0
CD55,0.3344625787484467,64.8287340277032,0.0
SPRED2,0.3344453711793984,64.82336518844626,0.0
CACNG3,0.33444179913525984,64.81799634918931,0.0
TMEM98,0.33442124428235565,64.81262750993235,0.0
RASGRF2,0.3344028081153665,64.80725867067541,0.0
IL12RB2,0.33439823378750055,64.80188983141845,0.0
RAX2,0.33436769983411946,64.7965209921615,1.0
C21orf33,0.3343609295226865,64.79115215290454,0.0
RBFOX2,0.3343606196598764,64.7857833136476,0.0
TNIP2,0.3343485548102903,64.78041447439064,0.0
DOK1,0.334316101090938,64.7750456351337,0.0
RTCA,0.33428699034728976,64.76967679587673,0.0
EIF3B,0.33428178793597146,64.76430795661979,0.0
CACNB3,0.3342727661622614,64.75893911736283,0.0
DYNC1I1,0.3342672502376809,64.75357027810588,0.0
MAP3K11,0.33419236553611065,64.74820143884892,0.0
S100A1,0.3341072988750389,64.74283259959196,0.0
FASTKD1,0.3340378622462634,64.73746376033502,0.0
MYL1,0.3340179794057276,64.73209492107806,0.0
LMNB1,0.3339725545233282,64.72672608182111,0.0
WWP2,0.33396076903995997,64.72135724256415,0.0
CYB561,0.3339302555772454,64.71598840330721,0.0
RHEBL1,0.33381312784905537,64.71061956405025,0.0
HSPB3,0.3337787175779102,64.7052507247933,0.0
KAT5,0.33377650165399153,64.69988188553634,0.0
C19orf53,0.3337634341080512,64.69451304627938,0.0
CDH17,0.3337375769255097,64.68914420702244,0.0
HSF2BP,0.33372586745815613,64.68377536776548,0.0
CYSTM1,0.33369909795978864,64.67840652850853,0.0
CDC73,0.3336901930920186,64.67303768925159,0.0
LYPLA1,0.33364060245098415,64.66766884999463,0.0
FPR1,0.33363135576525743,64.66230001073768,0.0
CDRT15,0.33360086077094364,64.65693117148072,0.0
NT5C1A,0.33345541973153436,64.65156233222378,0.0
DNAJC18,0.33332929924125365,64.64619349296682,0.0
GPBP1,0.3333151919729015,64.64082465370987,0.0
ANXA11,0.33323886044060735,64.63545581445291,0.0
DLST,0.3331027698854714,64.63008697519597,0.0
POLR3C,0.3330533611791363,64.624718135939,0.0
TFPI,0.3330150871931656,64.61934929668206,0.0
QRFPR,0.33298758254698885,64.6139804574251,0.0
HTR2A,0.3329857084520999,64.60861161816815,0.0
LIN54,0.3329625619340968,64.6032427789112,0.0
TPST2,0.33295482271138255,64.59787393965425,0.0
BAIAP3,0.3329404731577934,64.59250510039729,0.0
CHCHD10,0.3329049535511094,64.58713626114034,0.0
LRP8,0.3328940111241722,64.58176742188338,0.0
SGPP1,0.3328584426264748,64.57639858262644,0.0
EZH1,0.3328209576662035,64.57102974336948,0.0
ABCB4,0.3328204103710627,64.56566090411253,0.0
CCDC103,0.33270035903378053,64.56029206485557,0.0
LSM7,0.3326975216084657,64.55492322559863,0.0
HELZ,0.33260475341331286,64.54955438634167,0.0
SRL,0.33252943874605895,64.54418554708472,0.0
RUNX1T1,0.33251903080778444,64.53881670782778,0.0
PLA2G7,0.3325010571431359,64.53344786857082,0.0
LMCD1,0.3324760611074011,64.52807902931387,0.0
PGPEP1,0.3324400755547354,64.52271019005691,0.0
ZNF512,0.33234566617881545,64.51734135079997,0.0
HNRNPM,0.33234278011380314,64.51197251154301,0.0
HOPX,0.33224000538203546,64.50660367228606,0.0
VPS35,0.33218774421247477,64.5012348330291,0.0
NANOG,0.332151680585441,64.49586599377216,0.0
PRRT2,0.33214669887933546,64.4904971545152,0.0
ABCA13,0.3321141396961395,64.48512831525825,0.0
EIF3H,0.3320639976152634,64.47975947600129,0.0
NR3C2,0.3320015612644497,64.47439063674435,0.0
GOLPH3,0.33183432640200283,64.46902179748739,0.0
CWF19L2,0.33181172168776246,64.46365295823043,0.0
CNIH4,0.33173876108811784,64.45828411897348,0.0
RAMP2,0.33172490335919547,64.45291527971652,0.0
RABEP1,0.3317101016156857,64.44754644045958,0.0
GDNF,0.3317090258280751,64.44217760120262,0.0
SND1,0.33166592163476216,64.43680876194566,0.0
MICALL2,0.3316470271958406,64.43143992268871,0.0
EIF2AK2,0.33159781989646936,64.42607108343175,0.0
ZSCAN21,0.33149993898915747,64.4207022441748,0.0
RPL36AL,0.33149125469953367,64.41533340491785,0.0
CCDC91,0.33147696624194933,64.4099645656609,0.0
DMXL1,0.3314728039586686,64.40459572640394,0.0
CRLF3,0.3314041120788337,64.399226887147,0.0
SARM1,0.3313704150851929,64.39385804789005,0.0
NKRF,0.33135271555536205,64.38848920863309,0.0
POLR3G,0.3312643453604071,64.38312036937614,0.0
GNGT2,0.33124709566256927,64.37775153011918,0.0
SUMF2,0.3312446654192966,64.37238269086224,0.0
KCNH2,0.33124153173785553,64.36701385160528,0.0
CTNNAL1,0.33117390867644697,64.36164501234833,0.0
RPL29,0.33107850432152797,64.35627617309137,0.0
ITGB7,0.33095634781290295,64.35090733383443,0.0
ZFX,0.3309474434051659,64.34553849457747,0.0
TEC,0.33090332169747255,64.34016965532052,0.0
GNL2,0.330883094296628,64.33480081606356,0.0
DYM,0.33087340154109735,64.32943197680662,0.0
C22orf39,0.3308589838130377,64.32406313754966,0.0
DDX19A,0.33082668237824053,64.31869429829271,0.0
PSMD4,0.3308234284734969,64.31332545903575,0.0
COPS5,0.33082019597688045,64.3079566197788,0.0
RILPL2,0.3307952144512557,64.30258778052185,0.0
SUZ12,0.3307055166473938,64.2972189412649,0.0
LRRC39,0.3306995028641928,64.29185010200794,0.0
NUP205,0.3306156868789866,64.286481262751,0.0
TTLL7,0.33060753187575004,64.28111242349404,0.0
ENAH,0.33058796904217863,64.27574358423709,0.0
VPS16,0.33046284537238735,64.27037474498013,0.0
BRD9,0.3304616530934549,64.26500590572319,0.0
TMEM131,0.330453656759095,64.25963706646624,0.0
PEF1,0.3303971604685302,64.25426822720928,0.0
TNFSF10,0.33036214795407814,64.24889938795233,0.0
TRERF1,0.3302979655065535,64.24353054869538,0.0
PDE1C,0.3302521740208888,64.23816170943843,0.0
PGK2,0.3301742050882928,64.23279287018147,0.0
BACH1,0.3301717801029401,64.22742403092452,0.0
GNPNAT1,0.33016720630249086,64.22205519166756,0.0
FBXO45,0.33013081967752206,64.21668635241062,0.0
COG1,0.33008285721249847,64.21131751315366,0.0
NR1H2,0.33008155179182036,64.2059486738967,0.0
CD300A,0.3300791459545299,64.20057983463975,0.0
REPS2,0.33007570388185326,64.1952109953828,0.0
RDH14,0.33002899153831616,64.18984215612585,0.0
GAS2L1,0.3300064632188606,64.18447331686889,0.0
PTRH2,0.3299657567379725,64.17910447761194,0.0
TICRR,0.32993124186817746,64.17373563835498,0.0
ZNF467,0.3299069132177568,64.16836679909804,0.0
NR5A1,0.32990555667545857,64.16299795984108,0.0
C6orf226,0.3298488305381889,64.15762912058412,0.0
ALKBH4,0.32980326825151784,64.15226028132717,0.0
CNTN4,0.3297757990534683,64.14689144207021,0.0
YY2,0.32976907655948695,64.14152260281327,0.0
IL20RA,0.3297493208481829,64.13615376355631,0.0
DPY19L1,0.3297301867726369,64.13078492429936,0.0
HERC3,0.3297255408785588,64.12541608504242,0.0
ATP6V0A2,0.3296867635709824,64.12004724578546,1.0
GALNT18,0.32968511858816796,64.11467840652851,0.0
ALDH6A1,0.32967260607875426,64.10930956727155,0.0
TXN,0.32966524775698336,64.1039407280146,0.0
MSH5,0.32964952216656174,64.09857188875765,0.0
VAMP1,0.3296481504179063,64.0932030495007,0.0
TADA2A,0.32964402720835945,64.08783421024374,0.0
AKAP8,0.32961696079547376,64.0824653709868,0.0
PIWIL4,0.3296103260223738,64.07709653172984,0.0
MAGI1,0.32957488756465797,64.07172769247289,0.0
CREB1,0.32955488044714204,64.06635885321593,0.0
AKNA,0.32952281354151247,64.06099001395899,0.0
RABIF,0.3294464574750401,64.05562117470203,0.0
CEP170B,0.3293987241825488,64.05025233544508,0.0
FANCF,0.3293443477023659,64.04488349618812,0.0
CPB2,0.3292995210581303,64.03951465693117,0.0
PCGF1,0.3292492157949745,64.03414581767422,0.0
IL13RA1,0.3292345394391495,64.02877697841727,0.0
GPS1,0.32923436067132156,64.02340813916031,0.0
RPL3,0.3292222758233125,64.01803929990336,0.0
C1QTNF1,0.3292170728357436,64.0126704606464,0.0
MRPL44,0.32914337357917434,64.00730162138946,0.0
TAF1,0.3290767604321194,64.0019327821325,0.0
MATK,0.3290045204330369,63.996563942875554,0.0
RPN1,0.328923627271492,63.991195103618594,0.0
AMER3,0.32888826493003737,63.98582626436165,0.0
CAP1,0.32886736061174116,63.980457425104696,0.0
SKIDA1,0.32883174603174603,63.975088585847736,0.0
PDIA4,0.32881526967311464,63.96971974659079,0.0
FMNL1,0.32878559036917665,63.96435090733383,0.0
SEC24A,0.3287713723881737,63.958982068076885,0.0
G6PD,0.328768527884017,63.953613228819925,0.0
MAPK6,0.3287641996493639,63.94824438956298,0.0
NAP1L1,0.3287340822570204,63.94287555030602,0.0
GSTO2,0.32870398827445724,63.937506711049075,0.0
ABCG2,0.32863459263153094,63.932137871792115,0.0
BIRC2,0.3286203774619341,63.92676903253517,0.0
TOX4,0.3286034863645251,63.92140019327821,0.0
PRSS3,0.32856518027868065,63.916031354021264,0.0
HECW1,0.3285243719295146,63.910662514764304,0.0
GLOD4,0.3284695829386056,63.90529367550736,0.0
PIGL,0.3284502423540075,63.8999248362504,1.0
GPR4,0.3284325855190096,63.894555996993454,0.0
STX8,0.3284305196713829,63.889187157736494,0.0
PABPC1,0.32841378973726787,63.88381831847955,0.0
HELT,0.32834434497792364,63.87844947922259,0.0
SHB,0.3282698048649938,63.87308063996564,0.0
ZMYND8,0.3282361827283812,63.86771180070868,0.0
TNFAIP1,0.32823206457814313,63.86234296145174,0.0
JAGN1,0.32817663357567717,63.85697412219478,0.0
CLGN,0.32817208860968367,63.851605282937825,0.0
MICAL2,0.3281626956098468,63.84623644368088,0.0
TMEM184B,0.3281124150680402,63.84086760442392,0.0
ATIC,0.3280877620138257,63.835498765166975,0.0
EDC3,0.32805729281627016,63.830129925910015,0.0
KRT76,0.3280448814200129,63.82476108665307,0.0
CRYZ,0.32804395840658135,63.81939224739611,0.0
CTSB,0.32799502875405573,63.814023408139164,0.0
KPNA5,0.3279849538415552,63.808654568882204,0.0
FBXO30,0.32793970252288723,63.80328572962526,0.0
NTF4,0.3278916130204663,63.7979168903683,0.0
CYB5R1,0.327883222507934,63.79254805111135,0.0
PRMT2,0.3278062600334647,63.787179211854394,0.0
NSMCE1,0.32772531851329423,63.78181037259745,0.0
DPF2,0.32764962692488675,63.77644153334049,0.0
CHMP2B,0.32761257792827764,63.77107269408354,0.0
TAT,0.3275873363583222,63.76570385482658,0.0
TRIP4,0.32754428687328013,63.76033501556964,0.0
MAGT1,0.3273713835844619,63.75496617631268,0.0
TXNDC17,0.3273395282707291,63.74959733705573,0.0
GPATCH3,0.3273087490181411,63.74422849779877,0.0
AREL1,0.327234417013148,63.73885965854183,0.0
MSN,0.32722275786278293,63.73349081928487,0.0
RRP8,0.32718202691784126,63.72812198002792,0.0
BAG1,0.32712586852351,63.72275314077096,0.0
COBLL1,0.3271237574320664,63.717384301514016,0.0
TMOD2,0.32709745758413106,63.71201546225706,0.0
SCNN1D,0.3270934545056871,63.706646623000104,0.0
NPTX1,0.32704605532657516,63.70127778374316,0.0
MGLL,0.32698101179986566,63.6959089444862,0.0
ATOH8,0.32697495537086285,63.69054010522925,0.0
WIPF3,0.3269536051458152,63.68517126597229,0.0
ABHD16A,0.3269521444594578,63.67980242671535,0.0
PEMT,0.32687527373891545,63.67443358745839,0.0
TNNI1,0.326851577435029,63.66906474820144,0.0
CERS3,0.32684955480343414,63.66369590894448,0.0
MGAT4B,0.3268277876172928,63.65832706968754,0.0
EIF4G3,0.32677182816104666,63.65295823043058,0.0
RAVER1,0.3267076301345465,63.64758939117363,0.0
MAST4,0.3266736895897858,63.64222055191667,0.0
CLPP,0.32666009358199344,63.63685171265973,0.0
UBE2W,0.32661650587832686,63.63148287340277,0.0
HOXB8,0.3265427748168822,63.62611403414582,0.0
GRHPR,0.32650200203359614,63.62074519488886,0.0
EBP,0.3263957234182511,63.615376355631916,0.0
ATF5,0.32637666084328854,63.61000751637496,0.0
AMZ2,0.32633616461598186,63.60463867711801,0.0
RARS,0.3263308315572701,63.59926983786105,0.0
MYOM3,0.32626204508543977,63.593900998604106,0.0
IDH2,0.3262586268229562,63.588532159347146,0.0
VPS11,0.3262383519660118,63.58316332009019,0.0
DOCK10,0.32623553513632897,63.57779448083324,0.0
HSD17B11,0.32622789325945917,63.57242564157629,0.0
RAPGEF1,0.3262232959757828,63.56705680231934,0.0
XKR8,0.3260293529416743,63.56168796306238,0.0
SCG2,0.3260225244739504,63.55631912380544,0.0
POLR2E,0.3260043931445969,63.55095028454848,0.0
CYP26C1,0.32595129845845816,63.54558144529153,0.0
NPPC,0.325950121489283,63.54021260603457,0.0
CCDC93,0.3258889309265889,63.53484376677763,0.0
MYL6,0.32584440504223494,63.52947492752067,0.0
CD99,0.3258242109574333,63.52410608826372,0.0
NCOA5,0.32582293232368914,63.51873724900676,0.0
ANKRD50,0.32579107874651847,63.513368409749816,0.0
PHF5A,0.3257789482848389,63.507999570492856,0.0
MYZAP,0.3257679145885877,63.50263073123591,0.0
PRMT6,0.3257593586038454,63.49726189197895,0.0
ARHGEF28,0.32574846350400594,63.491893052722006,0.0
PPARD,0.3257260834346333,63.486524213465046,0.0
CCT7,0.32570077071902515,63.4811553742081,0.0
MZT1,0.3256974863794426,63.47578653495114,0.0
DECR2,0.325684353645182,63.470417695694195,0.0
C1QC,0.32565675603009936,63.465048856437235,0.0
APEH,0.3256520234435284,63.45968001718029,0.0
EEF1A1,0.3256431702560041,63.45431117792333,0.0
UNK,0.32559624102923684,63.448942338666384,0.0
UNC50,0.3255821404959945,63.443573499409425,0.0
NSUN4,0.3255442611252427,63.43820466015247,0.0
ANKRD13A,0.3254462561525927,63.43283582089553,0.0
PPP3CA,0.32539154485092037,63.42746698163857,0.0
TMTC3,0.32538898369105707,63.42209814238162,0.0
RBM26,0.3253562473696189,63.41672930312466,0.0
AGPAT3,0.32529965677240263,63.411360463867716,0.0
CENPA,0.32529667557702097,63.405991624610756,0.0
G6PC,0.32526775070382846,63.40062278535381,1.0
PNPLA1,0.32526571257879155,63.39525394609685,0.0
PTPRR,0.32524244462618573,63.389885106839905,0.0
TOX,0.32517108235524156,63.384516267582946,0.0
RPL12,0.3251573926606423,63.379147428326,0.0
ODF3,0.3251377797320334,63.37377858906904,0.0
CLDN5,0.32509586815392666,63.368409749812095,0.0
DCTN6,0.3250905816277072,63.363040910555135,0.0
SSBP1,0.3250727930836105,63.35767207129819,0.0
ATP5A1,0.32505917840484094,63.35230323204123,0.0
RHOT2,0.3250463194228128,63.346934392784284,0.0
BIN2,0.32502129697598536,63.341565553527325,0.0
PSMB6,0.3250160708991457,63.33619671427038,0.0
RANBP9,0.32499567339662805,63.33082787501342,0.0
BRWD1,0.3248622194869756,63.325459035756474,0.0
USP30,0.324748035763469,63.320090196499514,0.0
DNAJA1,0.32470713764051723,63.31472135724256,0.0
KLHL22,0.3246406759730718,63.30935251798561,0.0
KCTD17,0.32461876007558466,63.303983678728656,0.0
IQUB,0.3245701292546055,63.2986148394717,0.0
PRELP,0.3244281121183236,63.29324600021475,0.0
HCN3,0.3243849623408979,63.287877160957805,0.0
MED19,0.32435366355329687,63.282508321700845,0.0
DGCR14,0.32434449465693166,63.2771394824439,0.0
CHCHD2,0.32432367196077705,63.27177064318694,0.0
TIMM23,0.32431421639255126,63.266401803929995,0.0
CTSL,0.32430711844405724,63.261032964673035,0.0
C1QTNF5,0.32429026291093505,63.25566412541609,1.0
GLTSCR2,0.32428106684636365,63.25029528615913,0.0
CCM2L,0.3242543813947869,63.244926446902184,0.0
NKX3-1,0.32424827117704197,63.239557607645224,0.0
SPG7,0.324247358612918,63.23418876838828,0.0
SIPA1,0.3241966293940471,63.22881992913132,0.0
POLR3F,0.324184846109334,63.223451089874374,0.0
LCN2,0.32412055837211406,63.218082250617414,0.0
MFAP5,0.3240796083552948,63.21271341136047,0.0
DDHD2,0.3240787808700152,63.20734457210351,0.0
EXOSC3,0.3240767062063365,63.20197573284656,0.0
SMDT1,0.3240627755751529,63.1966068935896,0.0
SIN3B,0.3240262484515052,63.19123805433266,0.0
ZFP36L1,0.3239975214149505,63.1858692150757,0.0
HPGDS,0.3239617066054471,63.18050037581875,0.0
ABCF2,0.32395093482312654,63.17513153656179,0.0
ZWINT,0.3239503447471578,63.16976269730484,0.0
TSHZ3,0.32388656395756155,63.16439385804789,0.0
CLDN16,0.32381474260556603,63.159025018790935,0.0
TAF6L,0.32377652483584307,63.15365617953399,0.0
SPCS3,0.3237401575557687,63.14828734027703,0.0
CYFIP2,0.3237142166498531,63.142918501020084,0.0
CALU,0.32369964435192833,63.137549661763124,0.0
RBM39,0.3236805448500916,63.13218082250618,0.0
LTA4H,0.3236298677909898,63.12681198324922,0.0
F11,0.3236019849073074,63.12144314399227,0.0
ARHGAP8,0.3235928571428572,63.116074304735314,0.0
PBXIP1,0.3235755796285126,63.11070546547837,0.0
CYB561D2,0.32355393918166164,63.10533662622141,0.0
ACMSD,0.3235274723979599,63.09996778696446,0.0
MSTO1,0.3235210987574214,63.0945989477075,1.0
NUBPL,0.3235068540631008,63.08923010845056,0.0
HIST1H2BH,0.32346203355195036,63.0838612691936,0.0
R3HDM1,0.32345814980879745,63.07849242993665,0.0
SESN1,0.32341038297297053,63.07312359067969,0.0
GNPDA1,0.3233988548628026,63.06775475142275,0.0
ZNF174,0.3233934911349686,63.06238591216579,0.0
S100A9,0.32336301425016895,63.05701707290884,0.0
SNRNP25,0.32334266194492667,63.05164823365188,0.0
MATN1,0.3232672134668412,63.04627939439493,0.0
COBL,0.3232504169932987,63.04091055513798,0.0
CRB3,0.32323637072090544,63.035541715881024,0.0
ZNF790,0.323207593945698,63.03017287662407,0.0
FAM173A,0.3232023908993837,63.02480403736712,0.0
IL16,0.32316766380969586,63.019435198110166,0.0
SLC26A9,0.32315865884594486,63.01406635885321,0.0
ARG2,0.32312095894633625,63.00869751959627,0.0
ZFP42,0.32312054630377085,63.00332868033931,0.0
ACTL6B,0.32308621839235874,62.99795984108236,0.0
BRMS1L,0.32308333558870295,62.9925910018254,0.0
ATG13,0.3230533971969321,62.98722216256846,0.0
PPIL2,0.3230294382909523,62.9818533233115,0.0
VPS51,0.32302653838851564,62.97648448405455,0.0
BAZ2B,0.3230027736183361,62.97111564479759,0.0
H1F0,0.3228931817127355,62.96574680554065,0.0
ZBTB18,0.3228548970064026,62.96037796628369,0.0
MAP2K4,0.3228344372654493,62.95500912702674,0.0
LRRCC1,0.32280585073243817,62.94964028776978,0.0
IFI35,0.32279296246281686,62.944271448512836,0.0
KIF23,0.32270484762406926,62.93890260925588,0.0
NHEJ1,0.32268749785819,62.93353376999893,0.0
UFD1L,0.3226396018220995,62.92816493074197,0.0
UBE2O,0.32249935966513954,62.922796091485026,0.0
CLOCK,0.32245010476606756,62.917427252228066,0.0
MIS18A,0.32241613289779847,62.91205841297112,0.0
SUB1,0.32240714341053495,62.90668957371416,0.0
ATP9A,0.32239520720386367,62.90132073445721,0.0
HELQ,0.32238765351365284,62.895951895200255,0.0
PTPN6,0.3223216046052608,62.8905830559433,0.0
UGT3A2,0.32231027530238154,62.88521421668635,0.0
BHMT,0.3222430983273917,62.8798453774294,0.0
FAM83D,0.32218944260469107,62.87447653817245,0.0
NPY5R,0.32216740403570876,62.86910769891549,0.0
GCG,0.32211281105663775,62.86373885965855,0.0
HSD17B10,0.3221090180657161,62.85837002040159,1.0
HIVEP2,0.3220496124205136,62.85300118114464,0.0
MATR3,0.3219653083939359,62.84763234188768,0.0
NYNRIN,0.32196111119662646,62.842263502630736,0.0
PPP4R4,0.32180094198347353,62.836894663373776,0.0
FAM57B,0.32176461254624295,62.83152582411683,0.0
ST8SIA2,0.3217455004843915,62.82615698485987,0.0
SLC25A24,0.3216627805245217,62.820788145602926,0.0
CCDC12,0.32164340797759755,62.815419306345966,0.0
ABHD14A,0.3216283245028159,62.81005046708902,0.0
ARTN,0.3216148402369846,62.80468162783206,0.0
SMYD2,0.3215495293667286,62.799312788575115,0.0
CERS2,0.3215174829555,62.793943949318155,0.0
KLK6,0.3215062309282599,62.78857511006121,0.0
MAD2L2,0.32148020667242677,62.78320627080425,0.0
NKX2-1,0.3214566516457912,62.7778374315473,0.0
TLCD1,0.3214339225866903,62.772468592290345,0.0
RAB21,0.3214325243441965,62.76709975303339,0.0
MAP9,0.3213625185076192,62.76173091377644,0.0
CASD1,0.3213433469944609,62.75636207451949,0.0
PPP1R1A,0.3213158377787385,62.750993235262534,0.0
EIF2S2,0.3213107266698195,62.74562439600558,0.0
INTS4,0.3212786834387399,62.740255556748636,0.0
EBF1,0.32117999765631156,62.734886717491676,0.0
SUGT1,0.32116869714107693,62.72951787823473,0.0
SCG5,0.3211391553395939,62.72414903897777,0.0
CYB5B,0.32109247253261464,62.718780199720825,0.0
DNAJC30,0.32107724719499303,62.713411360463866,0.0
GATA5,0.32106814317159393,62.70804252120692,0.0
DLGAP4,0.3210124763682065,62.70267368194996,0.0
LRR1,0.320986412931885,62.697304842693015,0.0
CSRNP1,0.3209808692569395,62.691936003436055,0.0
TXNDC9,0.32096771754009606,62.68656716417911,0.0
VASN,0.320962144602052,62.68119832492215,0.0
UBE2D3,0.32094591389066585,62.675829485665204,0.0
TMEM57,0.3209171321809943,62.670460646408245,0.0
EPPK1,0.32088777302179383,62.6650918071513,0.0
CTTNBP2,0.32086100829498987,62.65972296789434,0.0
RFC3,0.320799626025457,62.654354128637394,0.0
EPHA5,0.32078830701881683,62.648985289380434,0.0
MCTS1,0.3207635408068218,62.64361645012349,0.0
CELF1,0.3207588177405898,62.63824761086653,0.0
TAF9B,0.3207557321202542,62.632878771609576,0.0
GABPB1,0.3207196760818326,62.62750993235262,0.0
TUBA1B,0.32071415532946834,62.62214109309567,0.0
SEC11A,0.3207032454755614,62.61677225383872,0.0
BNIP3L,0.3206122401731544,62.611403414581766,0.0
CCDC149,0.3206121289800695,62.60603457532481,0.0
FUBP1,0.3206077281882851,62.60066573606786,0.0
HS3ST2,0.32060232490107404,62.595296896810915,0.0
CHMP1B,0.3205911975272017,62.589928057553955,0.0
AGFG1,0.32053248828849323,62.58455921829701,0.0
KCNK4,0.32050928236348464,62.57919037904005,0.0
VGLL1,0.32042777549414453,62.573821539783104,0.0
ST3GAL3,0.32041803958395565,62.568452700526144,0.0
PTPRN2,0.32040487764185277,62.5630838612692,0.0
CRHR2,0.3203969568513577,62.55771502201224,0.0
ADAM10,0.3202392736848926,62.552346182755294,0.0
MBOAT7,0.32021971519109216,62.546977343498334,0.0
MAPK8IP1,0.3201571316973101,62.54160850424139,0.0
ATP6V0E2,0.32011333801723796,62.53623966498443,0.0
HSF2,0.3200911195183018,62.53087082572748,0.0
ANKLE2,0.320023074032352,62.52550198647052,0.0
KRT25,0.3200130100777451,62.52013314721358,0.0
DDX47,0.3198700523713965,62.51476430795662,0.0
GREM2,0.3198317941904933,62.509395468699665,0.0
EML6,0.31983105440618104,62.50402662944271,0.0
ADAMTSL5,0.3198239155717194,62.49865779018576,0.0
FEZ1,0.3198216054353996,62.49328895092881,0.0
SAP30BP,0.3197392698286604,62.487920111671855,0.0
DHX40,0.3197329727387882,62.4825512724149,0.0
TRIM27,0.31968966605202365,62.47718243315795,0.0
PICALM,0.31967042859329986,62.47181359390099,0.0
PNPLA3,0.31965181852386576,62.466444754644044,0.0
ARHGEF39,0.31960967304328636,62.4610759153871,0.0
CTSF,0.3196045315126945,62.45570707613014,0.0
CRNKL1,0.3194674609417082,62.45033823687319,0.0
PHF3,0.31942179933297254,62.444969397616234,0.0
FRMD4A,0.3193969616829664,62.43960055835929,0.0
THOC1,0.31936551576095484,62.43423171910233,0.0
CHTF18,0.31936215511955857,62.42886287984538,0.0
COPG1,0.3192810460734345,62.42349404058842,0.0
MRPS12,0.31919282635576457,62.41812520133148,0.0
BBC3,0.31917691007047166,62.41275636207452,0.0
CATSPER4,0.3191696104328788,62.40738752281757,0.0
MXI1,0.31914926571466823,62.40201868356061,0.0
ADARB2,0.3191321900909262,62.39664984430367,0.0
COX16,0.3190840621275526,62.39128100504671,0.0
SLMAP,0.3190774316931414,62.38591216578976,0.0
CXCR3,0.3190554033576657,62.3805433265328,0.0
IRAK1,0.3189914219586045,62.37517448727586,0.0
ARHGEF4,0.3189760897852339,62.3698056480189,0.0
REXO2,0.31893784352409243,62.364436808761944,0.0
ADCY5,0.3189065640237353,62.35906796950499,0.0
RELL1,0.31885883879241683,62.35369913024804,0.0
MMGT1,0.31881647942536395,62.348330290991086,0.0
C2,0.3187279010013321,62.34296145173413,0.0
TANC1,0.31871815136663517,62.33759261247718,0.0
SCYL2,0.318667571367994,62.33222377322023,0.0
ATP6V0C,0.31849636311346746,62.32685493396328,0.0
CFP,0.3184684845930339,62.32148609470632,0.0
SLC26A2,0.31846081452700303,62.31611725544938,0.0
HLA-G,0.3184584275307584,62.31074841619242,0.0
SH3BGRL2,0.3184462831282945,62.30537957693547,0.0
ZBTB7B,0.3183667755544293,62.30001073767851,0.0
CHST7,0.3183481199988736,62.29464189842157,0.0
OR4X1,0.31830764784000376,62.28927305916461,0.0
HSPB7,0.31829340844141585,62.28390421990766,0.0
RSL1D1,0.31826620613872886,62.2785353806507,0.0
FOXRED1,0.3182322041105318,62.273166541393756,1.0
IFRD1,0.3182304663902949,62.2677977021368,0.0
NAMPT,0.31818038878767013,62.26242886287985,0.0
MEP1B,0.3181657958182939,62.25706002362289,0.0
SLC30A1,0.3181657060116191,62.251691184365946,0.0
ECHS1,0.31815310704867966,62.246322345108986,1.0
BCL7C,0.3181444174293788,62.24095350585203,0.0
FOXK1,0.3181391321637185,62.23558466659508,0.0
TSTD2,0.3181348547501435,62.23021582733813,0.0
MPP1,0.31812746479595666,62.224846988081175,0.0
SPTLC3,0.3180825404608648,62.21947814882422,0.0
LPAR4,0.3180627484450109,62.21410930956727,0.0
CRLS1,0.3180306909069537,62.20874047031032,0.0
KCNJ6,0.31803048472262463,62.20337163105336,0.0
CKAP4,0.3180045890014173,62.19800279179641,0.0
RABL3,0.3179961349735775,62.19263395253945,0.0
ARC,0.31794562349129646,62.18726511328251,0.0
IFI30,0.3178840728749462,62.18189627402556,0.0
RTCB,0.3178525546637162,62.1765274347686,0.0
RAB22A,0.3178524486509604,62.171158595511656,0.0
NADK,0.317793518567717,62.165789756254696,0.0
SFRP1,0.31771210243811077,62.16042091699775,0.0
STIM2,0.3176845238095238,62.15505207774079,0.0
MSC,0.31768292794398956,62.149683238483846,0.0
KLHL4,0.3176749102488337,62.144314399226886,0.0
VRK2,0.3176402610200471,62.13894555996994,0.0
KLHL40,0.31763709923138617,62.13357672071298,0.0
RPL7L1,0.317626183274673,62.128207881456035,0.0
PDPR,0.31761584591161485,62.122839042199075,0.0
FAIM,0.3176098050441688,62.11747020294213,0.0
TRMT13,0.3175962830882293,62.11210136368517,0.0
EMB,0.3175417283215653,62.106732524428224,0.0
CD274,0.31751383726890736,62.101363685171265,0.0
P2RY2,0.317440917653958,62.09599484591431,0.0
CDH18,0.31738819805418694,62.09062600665736,0.0
EIF4G2,0.31730495224285377,62.08525716740041,0.0
DENND2D,0.31723733910889507,62.079888328143454,0.0
MCM8,0.3172285674735268,62.0745194888865,0.0
USP34,0.3171169642368186,62.06915064962955,0.0
FADS1,0.31710264633254,62.063781810372596,0.0
BTK,0.317078174612331,62.05841297111564,0.0
SSR4,0.31707037836323176,62.05304413185869,0.0
NCL,0.31703770107075735,62.047675292601745,0.0
GH1,0.3170279960885384,62.042306453344786,0.0
C11orf74,0.3169988896783554,62.03693761408784,0.0
MYO9B,0.3169588749201921,62.03156877483088,0.0
SCMH1,0.3169369911190506,62.026199935573935,0.0
ALPK2,0.31689050858762774,62.020831096316975,0.0
HLA-DOA,0.3168757717151711,62.01546225706003,0.0
RAPGEF6,0.31686726501555984,62.01009341780307,0.0
CACNG1,0.3168610972596074,62.004724578546124,0.0
GREM1,0.31679901750173933,61.999355739289165,0.0
SDCCAG3,0.3167829679726962,61.99398690003222,0.0
MED13,0.3167651571437049,61.98861806077526,0.0
WBSCR22,0.3167196502722748,61.983249221518314,0.0
CD14,0.3167073026041593,61.977880382261354,0.0
SF3B3,0.3166181848998343,61.9725115430044,0.0
DPYSL4,0.31661768145378827,61.96714270374745,0.0
URB2,0.3165331568675093,61.961773864490496,0.0
GYLTL1B,0.31653073897930767,61.95640502523354,0.0
KRT3,0.3164558983674257,61.95103618597659,0.0
DIRAS3,0.3164412190927755,61.94566734671964,0.0
NEBL,0.316412330912273,61.940298507462686,0.0
KLF3,0.31635111186283105,61.934929668205726,0.0
KCNN3,0.31634162801099375,61.92956082894878,0.0
RPL32,0.31629386135161675,61.92419198969182,0.0
YY1AP1,0.3162067098432606,61.918823150434875,0.0
ACPP,0.31617032940213113,61.913454311177915,0.0
CYR61,0.31615986412723013,61.90808547192097,0.0
ST6GALNAC4,0.3161466398620008,61.902716632664024,0.0
PTBP3,0.3160830723154949,61.897347793407064,0.0
ARHGAP44,0.31605670748653963,61.89197895415012,0.0
NMD3,0.31604898711156804,61.88661011489316,0.0
NAA35,0.31600649968259015,61.881241275636214,0.0
ATP13A1,0.3159697728774161,61.875872436379254,0.0
RGMA,0.3158984508822281,61.87050359712231,0.0
MTPN,0.3158892756854633,61.86513475786535,0.0
CER1,0.3157782590482757,61.8597659186084,0.0
CPA2,0.31570320112040445,61.85439707935144,0.0
ABCG4,0.3156884908035947,61.8490282400945,0.0
DNHD1,0.3156319232794032,61.84365940083754,0.0
ZNF341,0.3155145113946201,61.83829056158059,0.0
ARHGDIA,0.3154625315423595,61.83292172232363,0.0
KHDRBS1,0.3154096682090951,61.82755288306668,0.0
TOX3,0.31540236223044965,61.82218404380973,0.0
RRM2,0.31538724813667934,61.816815204552775,0.0
SPRED3,0.31528767326914264,61.81144636529582,0.0
AGO2,0.31528416653638536,61.80607752603887,0.0
FGG,0.3152251728585761,61.80070868678192,0.0
IFITM2,0.3152056006563089,61.795339847524964,0.0
MRPL14,0.31517572289942136,61.789971008268004,0.0
PPA2,0.31515925029486536,61.78460216901106,0.0
MESDC2,0.3150462965428787,61.7792333297541,0.0
MYO1A,0.3150423591550691,61.773864490497154,0.0
CD200R1,0.3149912739301053,61.76849565124021,0.0
SEPHS1,0.3149778443577674,61.76312681198325,0.0
RETSAT,0.31493486776685314,61.7577579727263,0.0
BRK1,0.3148801943774052,61.75238913346934,0.0
EXPH5,0.31486642483741195,61.7470202942124,0.0
BTBD3,0.3148246807483181,61.74165145495544,0.0
HIST1H2BO,0.31479819310930585,61.73628261569849,0.0
ADAM11,0.3147435629567291,61.73091377644153,0.0
SPRYD3,0.3147001094753244,61.72554493718459,0.0
FCN1,0.3146266205325955,61.72017609792763,0.0
FEZF1,0.31454191482447397,61.71480725867068,0.0
BNIP1,0.31451904759587596,61.70943841941372,0.0
ST3GAL6,0.31450725290077786,61.70406958015677,0.0
CALCOCO2,0.3144828274545115,61.69870074089982,0.0
FKBP3,0.3144140682371383,61.693331901642864,0.0
UBE2I,0.3144134123448365,61.68796306238591,0.0
GSTZ1,0.3143945382881112,61.68259422312896,0.0
INCENP,0.3143893881439276,61.677225383872006,0.0
PRRC2C,0.3143481345323658,61.67185654461505,0.0
DCLRE1C,0.31431966593993127,61.666487705358094,0.0
CETN3,0.3143081373701989,61.66111886610115,0.0
KIF1C,0.31429164870378556,61.65575002684419,0.0
ZC3H14,0.314273523287891,61.65038118758724,0.0
PRSS23,0.3142453093534608,61.64501234833028,0.0
RCBTB1,0.31423672569656835,61.63964350907334,1.0
PIP4K2B,0.31421114331376565,61.63427466981639,0.0
ATP6V1E1,0.31420578496252216,61.62890583055943,1.0
SAA2,0.31419179217390103,61.62353699130249,0.0
DIP2C,0.3141582814279129,61.61816815204553,0.0
RBBP9,0.3140633899131805,61.61279931278858,0.0
FAM49B,0.31403530817986247,61.60743047353162,0.0
CBLB,0.3140302868518128,61.602061634274676,0.0
KLF2,0.3140077830301743,61.59669279501772,0.0
LANCL1,0.3139378787977609,61.59132395576077,0.0
ITIH3,0.3138916741833895,61.58595511650381,0.0
NEK3,0.3138582172737461,61.580586277246866,0.0
SLC39A10,0.31385622199100127,61.575217437989906,0.0
C10orf90,0.31385252488599524,61.56984859873296,0.0
PYCRL,0.31384702376014817,61.564479759476,0.0
PHF21A,0.3138406777536457,61.55911092021905,0.0
TP53AIP1,0.31383440754266306,61.553742080962095,0.0
CHPF2,0.3138267133664084,61.54837324170514,0.0
PRAF2,0.31382608666231854,61.54300440244819,0.0
NLRP2,0.3137892016664515,61.53763556319124,0.0
FANCE,0.31376462271567956,61.532266723934285,0.0
ASF1A,0.3137363213842391,61.52689788467733,0.0
AIM2,0.3137309455456697,61.52152904542037,0.0
AP2A2,0.3136547051853126,61.51616020616343,0.0
CALY,0.31365322968324405,61.51079136690647,0.0
METTL16,0.3136107868957396,61.50542252764952,0.0
TASP1,0.31358478084961156,61.50005368839256,0.0
KRT75,0.31349322902206805,61.494684849135616,0.0
ITIH5,0.31349237377569444,61.48931600987867,0.0
STAG2,0.31348275481575205,61.48394717062171,0.0
DDX21,0.3134507042111506,61.478578331364766,0.0
CLTCL1,0.31340191370201376,61.473209492107806,0.0
EIF4A2,0.3133991932818225,61.46784065285086,0.0
OCIAD1,0.3133920777579874,61.4624718135939,0.0
G3BP2,0.31338685350347933,61.457102974336955,0.0
ELOVL1,0.3133472692613698,61.451734135079995,0.0
ORC4,0.3133185847123585,61.44636529582305,0.0
PLEK,0.3132645717623587,61.44099645656609,0.0
ADCK3,0.3132593979109592,61.43562761730914,0.0
VKORC1,0.313220833583065,61.430258778052185,0.0
FANCG,0.31321553899330234,61.42488993879523,0.0
GADL1,0.3132018083837536,61.41952109953828,0.0
PSRC1,0.3131230384251965,61.41415226028133,0.0
PCSK7,0.3130809152667387,61.408783421024374,0.0
B4GALNT3,0.31307110276675765,61.40341458176742,0.0
RAB27B,0.3130322144466791,61.39804574251046,0.0
CYTIP,0.3130105249920532,61.392676903253516,0.0
ORC5,0.3129762045229338,61.38730806399656,0.0
INO80D,0.312960710453486,61.38193922473961,0.0
CYYR1,0.3129346137148476,61.37657038548265,0.0
DNAJC13,0.3128928859396705,61.371201546225706,0.0
ZBED1,0.3128592869527211,61.365832706968746,0.0
ETFB,0.31281759839532963,61.3604638677118,0.0
ST8SIA1,0.31279994290443575,61.355095028454855,0.0
HKDC1,0.3127736211414746,61.349726189197895,0.0
UBE2Q2,0.3127673631064316,61.34435734994095,0.0
HIC1,0.31276550920311535,61.33898851068399,0.0
EPHA4,0.31274218364061107,61.333619671427044,0.0
GJA4,0.31268204573865177,61.328250832170085,0.0
GIPC1,0.3125096771464425,61.32288199291314,0.0
HEY1,0.31249257141390946,61.31751315365618,0.0
MFSD1,0.31248502236027137,61.312144314399234,0.0
SLC30A9,0.3123963796134671,61.306775475142274,0.0
GRIK1,0.3123825554501187,61.30140663588533,0.0
SON,0.3123782394108731,61.29603779662837,0.0
CCKBR,0.3123705850241234,61.290668957371416,0.0
GNAZ,0.3123370662534097,61.28530011811446,0.0
CLIP2,0.312294599881874,61.27993127885751,0.0
MORF4L1,0.3122878225080691,61.27456243960056,0.0
HIST1H2BD,0.3122752150809418,61.269193600343606,0.0
HOXD9,0.31225325995264835,61.26382476108665,0.0
PAPOLA,0.31223493688667203,61.2584559218297,0.0
SSR3,0.3122333214756243,61.25308708257274,0.0
DEFB1,0.3122047541302294,61.247718243315795,0.0
ETS1,0.3121792206269992,61.242349404058835,0.0
LIX1L,0.31207308316946447,61.23698056480189,0.0
RIPPLY2,0.3119902873926935,61.23161172554493,0.0
C11orf63,0.31198753600197576,61.226242886287984,0.0
SLC36A1,0.31185380337243795,61.220874047031025,0.0
SPAG4,0.3118268068865357,61.21550520777408,0.0
IFI6,0.3118109606665703,61.210136368517134,0.0
INO80C,0.31180556047783076,61.204767529260174,0.0
CHFR,0.31178714056436563,61.19939869000323,0.0
P2RY1,0.31176144330606304,61.19402985074627,0.0
RAD18,0.31174020524874246,61.18866101148932,0.0
NCAPG,0.3117191546651497,61.18329217223236,0.0
TBX21,0.3117152798168991,61.17792333297542,0.0
CPNE7,0.31171199124669124,61.17255449371846,0.0
TRPM2,0.31162933232204726,61.167185654461505,0.0
AP4M1,0.3116035897486421,61.16181681520455,0.0
RGS21,0.31156527721709043,61.1564479759476,0.0
TMX3,0.31156023192488264,61.15107913669065,0.0
BAP1,0.31154989209951855,61.145710297433695,1.0
MOV10,0.31153676865979074,61.14034145817674,0.0
POLR2B,0.3114457009455364,61.13497261891979,0.0
MAPK11,0.31135122028675666,61.12960377966283,0.0
TNRC6C,0.31134797031678146,61.124234940405884,0.0
TMED8,0.31132638923635375,61.118866101148924,0.0
EXOC3L4,0.3113241322988209,61.11349726189198,0.0
CPT1C,0.3112735127115521,61.10812842263502,0.0
COIL,0.3112503610197286,61.102759583378074,0.0
FAM219B,0.3111657411278518,61.097390744121114,0.0
SHC3,0.3111221155281709,61.09202190486417,0.0
WDR5,0.3111169087100017,61.08665306560721,0.0
DNAJB9,0.31111624291971063,61.08128422635026,0.0
MICAL3,0.31105390422341006,61.07591538709332,0.0
EBNA1BP2,0.31104019802061333,61.07054654783636,0.0
H2AFZ,0.3109096606814199,61.06517770857941,0.0
TECPR1,0.3108933247457445,61.05980886932245,0.0
GLRX5,0.31088151713704887,61.05444003006551,0.0
CPM,0.31084751874385047,61.04907119080855,0.0
FABP1,0.3108066752981179,61.0437023515516,0.0
GIT2,0.3107766953227904,61.03833351229464,0.0
OBP2A,0.31077000137160016,61.0329646730377,0.0
DOHH,0.3107461444987495,61.02759583378074,0.0
PFDN4,0.31070710809132074,61.022226994523784,0.0
EFHD2,0.3106566624098105,61.01685815526683,0.0
SEPSECS,0.310628987232779,61.01148931600988,0.0
RGMB,0.3106140294990742,61.006120476752926,0.0
PCBP3,0.3105597253918025,61.00075163749597,0.0
ZNF592,0.31055238109582883,60.99538279823902,0.0
GSTO1,0.31054113660452576,60.99001395898207,0.0
PLEKHB2,0.31051335541140296,60.98464511972511,0.0
OSBPL11,0.31048152845440863,60.97927628046816,0.0
TMEM177,0.31046280283207817,60.9739074412112,0.0
ZNF236,0.31045174308218537,60.96853860195426,0.0
GADD45A,0.31045041507681265,60.9631697626973,0.0
ZNF557,0.3104301546501825,60.95780092344035,0.0
ESF1,0.3104150107668378,60.95243208418339,0.0
SPARCL1,0.310365897970161,60.94706324492645,0.0
TTI1,0.3103174428472447,60.9416944056695,0.0
ABCE1,0.3103097657430349,60.93632556641254,0.0
EIF2D,0.31029329597598976,60.930956727155596,0.0
TTLL11,0.31028329435041235,60.92558788789864,0.0
RPL8,0.31027632562599605,60.92021904864169,0.0
ANKDD1A,0.3102720277494714,60.91485020938473,0.0
ALG12,0.3101819189504499,60.909481370127786,0.0
P4HA1,0.3101439525537576,60.904112530870826,0.0
DUSP16,0.310119820708228,60.89874369161387,0.0
INHBE,0.3101135463445744,60.89337485235692,0.0
NUCB2,0.31010257945276737,60.88800601309997,0.0
ENY2,0.3100948968539381,60.882637173843015,0.0
MAGOH,0.3100655097112647,60.87726833458606,0.0
PRKG1,0.31005746843947457,60.87189949532911,0.0
HAVCR2,0.310024255490219,60.86653065607216,0.0
DCTN2,0.3099585896571422,60.8611618168152,0.0
ZNF33B,0.30994998174690624,60.85579297755825,0.0
ACOT13,0.3099435939638481,60.85042413830129,0.0
RPLP1,0.30992484941798654,60.84505529904435,0.0
NEURL4,0.3098978454099829,60.83968645978739,0.0
ARF1,0.309852838686282,60.83431762053044,0.0
PNO1,0.3098216277878513,60.82894878127348,0.0
SPG20,0.3098144772177367,60.823579942016536,0.0
TRIP13,0.3097684578552121,60.81821110275958,0.0
YWHAZ,0.30964180068946734,60.81284226350263,0.0
MTFMT,0.30962987955313853,60.80747342424567,1.0
CSNK2B,0.3096011653521147,60.802104584988726,0.0
MRRF,0.3095889179226606,60.79673574573178,0.0
KRT35,0.30953747810981863,60.79136690647482,0.0
SRP9,0.30948970634580636,60.785998067217875,0.0
COPB1,0.3094886240684821,60.780629227960915,0.0
BIRC3,0.30942741467075274,60.77526038870397,0.0
A4GALT,0.30942277221590875,60.76989154944701,0.0
CDHR5,0.30933159464589866,60.764522710190064,0.0
TMPRSS15,0.3092758145569687,60.759153870933105,0.0
SPATA31D1,0.3092526373532044,60.75378503167615,0.0
PDE3A,0.3092461592404516,60.7484161924192,0.0
TUBGCP3,0.3091419179405839,60.74304735316225,0.0
CHMP2A,0.3091399342208961,60.737678513905294,0.0
PARP4,0.3090736641641202,60.73230967464834,0.0
SLC26A11,0.3090063801523085,60.72694083539139,0.0
GRIA1,0.30899668148482134,60.721571996134436,0.0
PYCR1,0.3089806992278875,60.71620315687748,0.0
NELFB,0.3089434125642191,60.71083431762053,0.0
LAMTOR2,0.3088485583975158,60.70546547836357,0.0
METTL13,0.30884591236359804,60.700096639106626,0.0
CPD,0.3088111787256079,60.694727799849666,0.0
SLC25A11,0.30876823834200806,60.68935896059272,0.0
NDFIP1,0.30875274164698635,60.68399012133576,0.0
RAG2,0.3086598171429149,60.678621282078815,0.0
HGF,0.30861727688362733,60.673252442821855,0.0
XRCC6,0.3085958429691028,60.66788360356491,0.0
SART3,0.3085765583846192,60.662514764307964,0.0
SGSM1,0.30856770856351745,60.657145925051005,0.0
ACAD11,0.30845426593246705,60.65177708579406,0.0
SOD3,0.30841105794457013,60.6464082465371,0.0
FOXA1,0.30833095238095237,60.641039407280154,0.0
ACSM4,0.3082706789196884,60.635670568023194,0.0
TBC1D2,0.3082029472602813,60.63030172876624,0.0
WSB2,0.3081931650700085,60.62493288950929,0.0
ACKR3,0.3081770337540089,60.619564050252336,0.0
RAB15,0.3081684628348603,60.61419521099538,0.0
ZC3H11A,0.30812092624822074,60.60882637173843,0.0
GCK,0.30807812079963093,60.60345753248148,1.0
CACNA2D1,0.30806623324594995,60.598088693224526,0.0
HRH1,0.30798177044101394,60.592719853967566,0.0
RYR3,0.30797325620783983,60.58735101471062,0.0
ATP6V1C2,0.30795804613904476,60.58198217545366,0.0
LYZL1,0.3079411524220217,60.576613336196715,0.0
DNAJC9,0.3079193155913802,60.571244496939755,0.0
SQLE,0.3079037320742921,60.56587565768281,0.0
ARHGAP36,0.3077982509341366,60.56050681842585,0.0
VPS26A,0.3077810750136383,60.555137979168904,0.0
ACOT4,0.307779456089495,60.549769139911945,0.0
TEFM,0.3077390275439342,60.544400300655,0.0
HIGD1A,0.30771853370316904,60.53903146139804,0.0
CLK3,0.30768218730611596,60.533662622141094,0.0
PGLYRP2,0.3076809633027151,60.528293782884134,0.0
KAT7,0.30767261289522485,60.52292494362719,0.0
CACNG4,0.30766408718724547,60.51755610437024,0.0
LYZL4,0.30756694297449577,60.51218726511328,0.0
GDI1,0.3075563416450286,60.50681842585634,0.0
PCDHA7,0.3075516589306403,60.50144958659938,0.0
CLEC7A,0.3075118593395822,60.49608074734243,0.0
SCAF8,0.307493196579107,60.49071190808547,0.0
FGD6,0.3074893910802672,60.48534306882852,0.0
PADI1,0.3074754242007682,60.47997422957157,0.0
NPAS2,0.30744773941237624,60.474605390314615,0.0
TULP4,0.30742124229598977,60.46923655105766,0.0
PFDN6,0.3074104471180355,60.46386771180071,0.0
GAMT,0.3073868738875484,60.45849887254376,0.0
GIMAP5,0.3073467455437254,60.453130033286804,0.0
CCDC110,0.30734028616643744,60.447761194029844,0.0
VCAM1,0.3073164982601774,60.4423923547729,0.0
IGF2BP1,0.3073028603344036,60.43702351551594,0.0
KPNA1,0.30728208738765417,60.431654676258994,0.0
TARDBP,0.30728062782067156,60.426285837002034,0.0
SVOPL,0.3072739582996598,60.42091699774509,0.0
LYPLAL1,0.3072654906194019,60.41554815848813,0.0
MVB12A,0.3072650580630433,60.41017931923118,0.0
FGF4,0.3072127004450579,60.40481047997422,0.0
PWP2,0.3072000589753258,60.39944164071728,0.0
ZFAND2A,0.3071282360418349,60.39407280146032,0.0
IL1RN,0.3070127122690704,60.38870396220337,0.0
OBP2B,0.3069595838089555,60.38333512294643,0.0
M1AP,0.306954648835659,60.37796628368947,0.0
OLIG3,0.30693291250916765,60.37259744443252,0.0
RAB40C,0.30687127752319204,60.36722860517556,0.0
PLA2G10,0.3068573993184308,60.36185976591861,0.0
SPATA18,0.30683795522271295,60.35649092666166,0.0
TIPARP,0.3067950934423242,60.351122087404704,0.0
OPN3,0.3067857706340313,60.34575324814775,0.0
ING2,0.3067845238057543,60.3403844088908,0.0
RPL37A,0.30675910694018615,60.335015569633846,0.0
POLA1,0.30675462151456706,60.32964673037689,0.0
RBX1,0.30672044535620246,60.324277891119934,0.0
SLC25A4,0.3065915218119831,60.31890905186299,0.0
ZNF302,0.3065359561434088,60.31354021260603,0.0
ZDHHC6,0.3065341257273209,60.30817137334908,0.0
GPN1,0.3065103991693653,60.30280253409212,0.0
BLMH,0.306501809433423,60.29743369483518,0.0
ARSH,0.3064939749968803,60.29206485557822,0.0
ANKRD52,0.3064500633537607,60.28669601632127,0.0
DLG3,0.30642206367202246,60.28132717706431,0.0
ATP8B4,0.30635955946072746,60.27595833780737,0.0
DRP2,0.30631760592386176,60.27058949855041,0.0
CPEB2,0.30626420776844226,60.26522065929346,0.0
DRG1,0.3061733358804218,60.2598518200365,0.0
IKZF1,0.3061669235790361,60.25448298077956,0.0
COX14,0.306094016250915,60.24911414152261,1.0
DNAJB7,0.30607095889219577,60.24374530226565,0.0
UPK2,0.30604903340225004,60.238376463008706,0.0
PLEKHG2,0.3060354135183255,60.233007623751746,0.0
BMP8B,0.3060309187126726,60.2276387844948,0.0
HMGB2,0.30598486309517386,60.22226994523784,0.0
FILIP1,0.30586246775408377,60.21690110598089,0.0
FBXO38,0.30584035998335585,60.211532266723935,0.0
SLC22A17,0.30582182570254435,60.20616342746698,0.0
SLC25A37,0.30576036744349333,60.20079458821003,0.0
RAP1GDS1,0.3057403542935929,60.19542574895308,0.0
NKX2-3,0.30573045976170976,60.190056909696125,0.0
TMEM120B,0.30572803131953713,60.18468807043917,0.0
MCC,0.3057054115924139,60.17931923118221,0.0
POLR3K,0.30567059536765406,60.17395039192527,0.0
LOXL1,0.3056477414330218,60.16858155266831,0.0
STX3,0.3056384966709221,60.16321271341136,0.0
CACNG5,0.3056081296901429,60.1578438741544,0.0
HIST1H2BK,0.305582916884801,60.152475034897456,0.0
PRUNE,0.30551976678851067,60.1471061956405,0.0
SUMO2,0.3054900178622342,60.14173735638355,0.0
PDE9A,0.3054712297603212,60.13636851712659,0.0
CDC42BPG,0.30546882235726425,60.130999677869646,0.0
CCNB3,0.30545093607162455,60.125630838612686,0.0
CSDE1,0.30544335586882104,60.12026199935574,0.0
WRNIP1,0.3054028181447789,60.11489316009878,0.0
MFF,0.3053352665047176,60.109524320841835,0.0
PTGER4,0.3053054795283091,60.10415548158489,0.0
RPL23A,0.3052876585787014,60.09878664232793,0.0
MITD1,0.30528397929242873,60.09341780307098,0.0
OR2H1,0.3052606300052288,60.088048963814025,0.0
SPICE1,0.30525309795269456,60.08268012455707,0.0
SSBP4,0.3052355896716123,60.07731128530012,0.0
CNTNAP3,0.3052202515405587,60.07194244604317,0.0
RPS27A,0.30516449638288345,60.066573606786214,0.0
MBNL2,0.30515311837447506,60.06120476752926,0.0
CHKB,0.3051224442417808,60.0558359282723,0.0
BANF1,0.3050829444921582,60.050467089015356,0.0
LDLRAP1,0.3050822297838732,60.0450982497584,0.0
RPS28,0.30507923038925205,60.03972941050145,0.0
SULT1C2,0.3049948942178498,60.03436057124449,0.0
C1QA,0.30485762092859103,60.028991731987546,0.0
UBE2H,0.30482407600974637,60.023622892730586,0.0
FOCAD,0.30481794003762064,60.01825405347364,0.0
MED8,0.3047604740112829,60.01288521421668,0.0
HTR2C,0.30470763041449034,60.007516374959735,0.0
EMC10,0.3046845124344758,60.002147535702775,0.0
IMP4,0.3046077622134199,59.99677869644583,0.0
PLEKHJ1,0.304580070039726,59.99140985718887,0.0
PRPF4B,0.3045500925099984,59.986041017931925,0.0
SAFB,0.30451563378195595,59.980672178674965,0.0
TRIM22,0.30446723700468437,59.97530333941802,0.0
ID4,0.3044316947551402,59.969934500161074,0.0
RBM25,0.3044168429692771,59.964565660904114,0.0
SFPQ,0.3044029942052924,59.95919682164717,0.0
DDX10,0.3043259248380067,59.95382798239021,0.0
ZW10,0.30428047228040456,59.948459143133256,0.0
TCERG1,0.30423441769056214,59.9430903038763,0.0
SYMPK,0.30421252040085683,59.93772146461935,0.0
RANGAP1,0.3041688438821054,59.9323526253624,0.0
GLT8D1,0.30414245243387183,59.926983786105446,0.0
HMGN2,0.3041148846296014,59.92161494684849,0.0
ATP4A,0.30410143281552054,59.91624610759154,0.0
AKR7A3,0.3040582974142205,59.91087726833458,0.0
MEST,0.30397756803073905,59.905508429077635,0.0
RNLS,0.3039481842325166,59.900139589820675,0.0
SUGP1,0.3038828603594931,59.89477075056373,0.0
MOV10L1,0.30384214991770425,59.88940191130677,0.0
CHAD,0.30383781936382126,59.884033072049824,0.0
CPNE4,0.3038086305153158,59.878664232792865,0.0
CNN3,0.30377631613100575,59.87329539353592,0.0
CUTC,0.303717034749979,59.86792655427896,0.0
TMEM189,0.30355199778882597,59.862557715022014,0.0
BIN1,0.3035102620670055,59.857188875765054,0.0
NUDT19,0.303479213595162,59.85182003650811,0.0
LYPD3,0.30343464158987954,59.84645119725115,0.0
PYCR2,0.30332363526946626,59.8410823579942,0.0
GPX6,0.30328008832775155,59.83571351873724,0.0
PRKCA,0.30326354126902694,59.8303446794803,0.0
CIC,0.3031381219038253,59.824975840223345,0.0
PSMD2,0.3031236540593909,59.81960700096639,0.0
RPL21,0.3031035370594175,59.81423816170944,0.0
SPIC,0.3030941824616328,59.80886932245249,0.0
TCTEX1D4,0.30308844805604995,59.803500483195535,0.0
ANKRD13B,0.3030490391298464,59.79813164393858,0.0
HIC2,0.30300586587411027,59.79276280468163,0.0
KIAA1551,0.30300232383443637,59.78739396542467,0.0
TMEM258,0.3029873105024447,59.782025126167724,0.0
CSRP2BP,0.3029790998405727,59.776656286910764,0.0
C7orf25,0.3028772629948108,59.77128744765382,0.0
MBTPS2,0.3028553708683559,59.76591860839686,0.0
ZBTB11,0.3027924299685759,59.760549769139914,0.0
XAF1,0.3027090559093227,59.755180929882954,0.0
SAE1,0.3026744055937428,59.74981209062601,0.0
TEX10,0.30265668453476496,59.74444325136905,0.0
ATP5E,0.3026524031900981,59.7390744121121,0.0
EVPL,0.30264709338531076,59.73370557285514,0.0
METTL15,0.3026266108378578,59.7283367335982,0.0
DDX1,0.30258463678456937,59.72296789434124,0.0
MYPN,0.30257642716878175,59.71759905508429,0.0
ZMYM4,0.3025565155873896,59.71223021582733,0.0
TALDO1,0.30251990423825736,59.70686137657039,0.0
WDTC1,0.30248844047252,59.70149253731343,0.0
KLK8,0.3024850057076774,59.69612369805648,0.0
EIF3A,0.30245103590477396,59.69075485879954,0.0
BTBD1,0.30238991877170623,59.68538601954258,0.0
RPL34,0.30237931176843913,59.680017180285624,0.0
XPO6,0.3023690371800764,59.67464834102867,0.0
MYB,0.3023354225789542,59.66927950177172,0.0
SLC1A2,0.30231678027883413,59.663910662514766,0.0
PDYN,0.30230672847289475,59.65854182325781,0.0
MPHOSPH8,0.30228742365306704,59.65317298400086,0.0
INTS7,0.30226734363652463,59.64780414474391,0.0
FLRT2,0.30224570815567225,59.64243530548695,0.0
USP37,0.30224475588668687,59.63706646623,0.0
KNCN,0.3022388391365328,59.63169762697304,0.0
TBX22,0.3022199990041463,59.6263287877161,1.0
EIF5A2,0.30207355573824834,59.62095994845914,0.0
CECR5,0.30206667865877884,59.61559110920219,0.0
WDR7,0.30198716138070575,59.61022226994523,0.0
TMEM138,0.3018625526502524,59.60485343068829,1.0
SRGAP3,0.30183061290361246,59.59948459143133,0.0
PSMC1,0.3017938325055075,59.59411575217438,0.0
NKX2-2,0.30174793941313444,59.58874691291742,0.0
APBB3,0.30169900817431045,59.58337807366048,0.0
HIST1H2BB,0.3016758431349854,59.57800923440352,0.0
KRT72,0.3015989204461551,59.57264039514657,0.0
ZZEF1,0.30156081991585604,59.56727155588961,0.0
COLEC11,0.3014726734780235,59.561902716632666,0.0
SETBP1,0.3014081262190225,59.55653387737571,0.0
VAPB,0.30139178568464553,59.55116503811876,0.0
EHBP1,0.30137571537610214,59.54579619886181,0.0
GNG12,0.3012163542843711,59.540427359604855,0.0
KRT83,0.30121377719104014,59.5350585203479,0.0
SNAPC2,0.3011944384262731,59.52968968109095,0.0
CX3CL1,0.3010960266127671,59.524320841834,0.0
SNRPF,0.3010771725305215,59.51895200257704,0.0
FANCC,0.30105515968500585,59.51358316332009,0.0
RAVER2,0.3009431035030762,59.50821432406313,0.0
ZDHHC14,0.30093308579507505,59.50284548480619,0.0
PLCD3,0.3009312105034917,59.49747664554923,0.0
CINP,0.3009100006904825,59.49210780629228,0.0
XYLT2,0.3008817414284471,59.48673896703532,1.0
LEO1,0.3008545457634635,59.481370127778376,0.0
MED6,0.3008485375475133,59.47600128852142,0.0
CELA2B,0.3008308982528005,59.47063244926447,0.0
ADO,0.3007374979857408,59.46526361000751,0.0
GRIN2D,0.3007348297031436,59.459894770750566,0.0
GALNT7,0.3006929176335432,59.454525931493606,0.0
FCN2,0.30067004527774316,59.44915709223666,0.0
ITGAM,0.30066518473940196,59.4437882529797,0.0
CABYR,0.3006333432944085,59.438419413722755,0.0
NRF1,0.30056496269258426,59.433050574465796,0.0
YTHDF2,0.3005625098261624,59.42768173520885,0.0
GLUD2,0.3005572939953851,59.42231289595189,0.0
TTL,0.3005346615893876,59.416944056694945,0.0
TBX4,0.30052772192831545,59.41157521743799,0.0
SHC2,0.30052120576159763,59.40620637818104,0.0
MEMO1,0.30049258118117633,59.40083753892409,0.0
RBPMS,0.3004732346756817,59.395468699667134,0.0
CXCL6,0.30045088319088137,59.39009986041018,0.0
COASY,0.3004359387319143,59.38473102115323,0.0
GSDMA,0.3004321768397022,59.379362181896276,0.0
RUFY1,0.3003785164705549,59.37399334263932,0.0
SF1,0.3003181637998811,59.36862450338237,0.0
AKR1C2,0.3002994890845264,59.36325566412541,0.0
MLXIP,0.3002896124461724,59.357886824868466,0.0
ZNF644,0.300225928322682,59.352517985611506,0.0
EEF2K,0.3002238177775025,59.34714914635456,0.0
ZC3H12D,0.30018316185972754,59.3417803070976,0.0
KIAA1549L,0.30010277990762163,59.336411467840655,0.0
NSF,0.30002974668996985,59.331042628583695,0.0
FAM177A1,0.29997630466910374,59.32567378932675,0.0
DNAJC10,0.2999560979303476,59.32030495006979,0.0
ZBTB21,0.2998263871137274,59.314936110812845,0.0
RORC,0.29970210424517235,59.309567271555885,0.0
PELI3,0.2996999462700971,59.30419843229894,0.0
PLEKHF1,0.29969578576634104,59.29882959304198,0.0
COL4A6,0.29967884444891557,59.293460753785034,1.0
CHST9,0.29967599204283496,59.288091914528074,0.0
HSPB2,0.2996416154503591,59.28272307527113,0.0
SLC43A2,0.29963644271825385,59.277354236014176,0.0
PRND,0.2995471749637024,59.27198539675722,0.0
DHRS11,0.2995428090920248,59.26661655750027,0.0
TTF2,0.29953761732494744,59.26124771824332,0.0
UBE2Q1,0.299528837851876,59.255878878986366,0.0
TP53RK,0.2995179363782925,59.250510039729406,0.0
MRPS23,0.29950973198667924,59.24514120047246,0.0
FNBP1L,0.2994491275848022,59.2397723612155,0.0
TBC1D22B,0.2994353056625569,59.234403521958555,0.0
PES1,0.2994178285971765,59.229034682701595,0.0
CNOT10,0.29939832548352674,59.22366584344465,0.0
AGR3,0.2993916850108767,59.21829700418769,0.0
KRTCAP2,0.29937335354379874,59.212928164930744,0.0
PAM16,0.2993360480204564,59.207559325673785,0.0
RNF39,0.299302391037225,59.20219048641684,0.0
TOMM34,0.2992672061971155,59.19682164715988,0.0
AAGAB,0.2992361210574302,59.191452807902934,0.0
PAN2,0.29923347751180573,59.186083968645974,0.0
TRMT5,0.29922213529229863,59.18071512938903,0.0
FCGRT,0.2992040363949957,59.17534629013207,0.0
RPL35,0.29918213152793205,59.16997745087512,0.0
RALY,0.2991681676603406,59.16460861161816,0.0
RBBP7,0.2991681421811319,59.15923977236122,0.0
MUC1,0.299165478154197,59.15387093310426,0.0
SLC4A8,0.299162473757514,59.14850209384731,0.0
PARP16,0.29915348938494,59.14313325459035,0.0
IP6K2,0.2991484633732511,59.13776441533341,0.0
LENG1,0.299139307450794,59.132395576076455,0.0
RPS3A,0.29913787430600847,59.1270267368195,0.0
TUBA3E,0.2990958225654396,59.12165789756255,0.0
CLDN18,0.299016031273298,59.1162890583056,0.0
MIER1,0.29894706413377026,59.110920219048644,0.0
TMEM246,0.2989420171797529,59.105551379791684,0.0
ENOX2,0.2989104162992295,59.10018254053474,0.0
SRRM2,0.2988846925949867,59.09481370127778,0.0
FNTA,0.29880646700107716,59.089444862020834,0.0
RASL10B,0.29877848327725426,59.084076022763874,0.0
BLVRA,0.29875886357071585,59.07870718350693,0.0
IQGAP1,0.2986961576047693,59.07333834424997,0.0
GTF3C2,0.2986869108002571,59.06796950499302,0.0
FAM192A,0.29866498366021543,59.06260066573606,0.0
RBM4B,0.29860877586555057,59.05723182647912,0.0
MPG,0.2986027272546846,59.05186298722216,0.0
FGD1,0.2985654087333976,59.04649414796521,0.0
DDX18,0.29856379296229457,59.04112530870825,0.0
TRIM71,0.2984322379857125,59.03575646945131,0.0
CLCNKA,0.29840753586519325,59.03038763019435,0.0
SLC43A1,0.298395156327816,59.0250187909374,0.0
PPFIA4,0.29835864470813206,59.01964995168044,0.0
LARP1,0.2983322041469688,59.0142811124235,0.0
PACS1,0.298298910072312,59.00891227316654,0.0
GSAP,0.2982678265931777,59.00354343390959,0.0
CRBN,0.298221917500641,58.99817459465264,0.0
UGT1A7,0.29815437205120554,58.992805755395686,0.0
CSTF3,0.29815364086971535,58.98743691613873,0.0
MTF2,0.29812714770438525,58.982068076881774,0.0
ITGAX,0.298086947338267,58.97669923762483,0.0
PMVK,0.29807041139911067,58.97133039836787,0.0
ICMT,0.2980666797501839,58.96596155911092,0.0
ELP2,0.2979745795127468,58.96059271985396,0.0
TNFRSF25,0.297954407562088,58.95522388059702,0.0
PHF23,0.29793493779109526,58.94985504134006,0.0
TRIM24,0.29791187112526096,58.94448620208311,0.0
CCL18,0.29788477523113355,58.93911736282615,0.0
PPL,0.297856712382878,58.93374852356921,0.0
ODF4,0.29783763065621927,58.92837968431225,0.0
RGL3,0.297836627971678,58.9230108450553,0.0
ADAMTS1,0.2977595764999218,58.91764200579834,0.0
RALGAPA1,0.2977429083486384,58.9122731665414,0.0
BRAT1,0.2977137633313106,58.90690432728444,0.0
PRKD3,0.2976858406291356,58.90153548802749,0.0
LSM4,0.2976301256932711,58.89616664877053,0.0
YEATS4,0.2975910113781724,58.890797809513586,0.0
TSHZ2,0.2975906433181686,58.885428970256626,0.0
SP2,0.29758341295223756,58.88006013099968,0.0
AFF2,0.2975499914914769,58.87469129174272,0.0
C9orf16,0.2975355557446994,58.869322452485775,0.0
CATSPER1,0.29752851572069516,58.86395361322882,0.0
PEAK1,0.29750696728623427,58.85858477397187,0.0
AGXT,0.29747459303773216,58.85321593471492,1.0
SMG7,0.2974653214968213,58.847847095457965,0.0
KLHL14,0.29745339678209726,58.84247825620101,0.0
CNST,0.29741076321670584,58.83710941694405,0.0
FAM168B,0.2974081324358663,58.83174057768711,0.0
GPATCH8,0.29738416330252065,58.82637173843015,0.0
RPL17,0.297376924840427,58.8210028991732,0.0
RPL10A,0.2973593541457,58.81563405991624,0.0
OR2A1,0.29729600696708525,58.810265220659296,0.0
LDHC,0.2972704643715716,58.80489638140234,0.0
FGF14,0.29726510316817356,58.79952754214539,0.0
FAM160A2,0.29720502155009776,58.79415870288843,0.0
RNF219,0.29706842410360046,58.788789863631486,0.0
ARHGEF10,0.2970331922756094,58.783421024374526,0.0
NAA50,0.2969872673558692,58.77805218511758,0.0
CLPS,0.29696207734324237,58.77268334586062,0.0
FGF12,0.29692691132858845,58.767314506603675,0.0
RSPRY1,0.29679317860508453,58.761945667346716,0.0
LIN28A,0.29674685388397354,58.75657682808977,0.0
NIPAL4,0.2967304127423402,58.75120798883281,0.0
DTWD2,0.2967087134523584,58.745839149575865,0.0
ICAM3,0.29670715128583136,58.740470310318905,0.0
CD99L2,0.2966999776268714,58.73510147106196,0.0
EDN2,0.29668823390448673,58.729732631805,0.0
DOC2A,0.2965663362363301,58.724363792548054,0.0
AHSP,0.2965397429298292,58.7189949532911,0.0
ZNFX1,0.2965163775797852,58.71362611403414,0.0
CDC27,0.29649883101808416,58.708257274777196,0.0
NME2,0.2964809891591496,58.70288843552024,0.0
PRKAG2,0.29647277116095994,58.69751959626329,0.0
PTAFR,0.29646102086740866,58.69215075700633,0.0
PPP2CA,0.29642863563346694,58.686781917749386,0.0
CNOT6,0.2964083874947633,58.681413078492426,0.0
KCNQ3,0.29635592358074525,58.67604423923548,0.0
HN1,0.29633506468468507,58.67067539997852,0.0
SLC2A9,0.2963329776503689,58.665306560721575,0.0
NCAN,0.29630945445541645,58.659937721464615,0.0
TRMT11,0.29629954696922695,58.65456888220767,0.0
SEC16B,0.2962841494436379,58.64920004295071,0.0
SERTAD3,0.2962827898166126,58.643831203693765,0.0
SCRN2,0.296280294713069,58.638462364436805,0.0
TBC1D21,0.29627916535357,58.63309352517986,0.0
PEBP1,0.2962336277687193,58.6277246859229,0.0
SGSM2,0.296223512211562,58.622355846665954,0.0
TAZ,0.29621912871875355,58.616987007408994,0.0
UGT1A10,0.2961697741963353,58.61161816815205,0.0
PDCD1LG2,0.29615809418726025,58.60624932889509,0.0
FAM83G,0.2960975440437711,58.60088048963814,0.0
C16orf13,0.2960831161338793,58.595511650381184,0.0
USF2,0.29604450079361433,58.59014281112424,0.0
PLEKHH1,0.29603134997845026,58.584773971867286,0.0
HCCS,0.29601714716636085,58.57940513261033,1.0
FAM127A,0.29599069209220763,58.57403629335338,0.0
HS3ST1,0.29589597151066205,58.56866745409642,0.0
VSNL1,0.29588153262556716,58.563298614839475,0.0
RAB40B,0.2958784052503954,58.557929775582515,0.0
GCNT2,0.2958719750772728,58.55256093632557,0.0
ANTXR2,0.2958578200318956,58.54719209706861,0.0
GDF5,0.29584198837860654,58.541823257811664,0.0
SIPA1L2,0.2958227269158194,58.536454418554705,0.0
CSF2RB,0.2958200007582669,58.53108557929776,0.0
RNF216,0.29580509475022637,58.5257167400408,1.0
PDE3B,0.2957424656339725,58.520347900783854,0.0
TMC5,0.2957402100649526,58.514979061526894,0.0
PABPC1L,0.2957251654117993,58.50961022226995,0.0
ALOX15,0.29569737213470537,58.50424138301299,0.0
ARHGAP12,0.2956962361899388,58.49887254375604,0.0
POLG2,0.29565522581437875,58.49350370449908,0.0
SLC27A2,0.2956116161329925,58.48813486524214,0.0
SNAP91,0.29548035194263095,58.48276602598518,0.0
CDK8,0.2954346024667869,58.47739718672823,0.0
RBMS1,0.295375355377149,58.47202834747127,0.0
BTF3L4,0.2953294538695155,58.46665950821433,0.0
MRPL20,0.2953142173702769,58.46129066895737,0.0
TACR1,0.29528127485854994,58.45592182970042,0.0
OGFOD3,0.2952701825469902,58.45055299044346,0.0
CUL3,0.2952494255514416,58.44518415118651,0.0
ISOC1,0.2952352047646329,58.439815311929564,0.0
RRBP1,0.295204835533402,58.434446472672605,0.0
ZSWIM6,0.29520049229378154,58.42907763341566,0.0
SNX11,0.29519948562724946,58.4237087941587,0.0
SNRPD3,0.29517219681647444,58.418339954901754,0.0
STRN4,0.29515587948521393,58.412971115644794,0.0
ARPC2,0.29510226588329885,58.40760227638785,0.0
SH3RF3,0.29502713234096883,58.40223343713089,0.0
SERPINA3,0.29500184127505913,58.39686459787394,0.0
PEAR1,0.29494829062446015,58.39149575861698,0.0
TWF1,0.2947707401503822,58.38612691936004,0.0
RHOBTB1,0.29476016730310006,58.38075808010308,0.0
PIK3R3,0.29475308344060247,58.37538924084613,0.0
TBX20,0.2946990054027755,58.37002040158917,0.0
C16orf62,0.2946691734164805,58.36465156233223,0.0
KLHL24,0.29461185938628187,58.35928272307527,0.0
ZC3H13,0.2945973215932485,58.35391388381832,0.0
HSPA6,0.2945916554265518,58.34854504456136,0.0
B3GAT3,0.29458905275863706,58.34317620530442,0.0
DCBLD1,0.29457406255965096,58.33780736604746,0.0
CSN1S1,0.294558068132113,58.33243852679051,0.0
WNT10A,0.2944844279400086,58.32706968753355,0.0
PPP4R2,0.2944821530285514,58.321700848276606,0.0
SLC6A15,0.2944413078351559,58.316332009019646,0.0
RNF17,0.2944210530431966,58.3109631697627,0.0
POC5,0.2944123228450194,58.30559433050575,0.0
POLR3GL,0.2943917315658874,58.30022549124879,0.0
POU3F2,0.29438851402220967,58.29485665199184,0.0
INPP4A,0.29437107029907006,58.28948781273488,0.0
EIF3D,0.2942847022011968,58.28411897347794,0.0
YKT6,0.2942658910363939,58.27875013422098,0.0
RASEF,0.29426259926238474,58.27338129496403,0.0
MSTN,0.29421422959006743,58.26801245570707,0.0
HECTD4,0.29421341418542984,58.26264361645013,0.0
UNKL,0.29419249041788775,58.25727477719317,0.0
NR3C1,0.29412908682054234,58.25190593793622,0.0
MAST1,0.2940567226290936,58.24653709867926,0.0
PDSS1,0.2939706082629433,58.24116825942232,0.0
OPHN1,0.29387559542133923,58.23579942016536,0.0
HIST1H2BN,0.2938118383289839,58.23043058090841,0.0
PRPS2,0.2938076841453555,58.22506174165145,0.0
KRT27,0.2937923391984314,58.219692902394506,0.0
SORCS3,0.2937447482284944,58.214324063137546,0.0
INPP5F,0.2937387395632059,58.2089552238806,0.0
KCNIP3,0.29371188393607783,58.20358638462364,0.0
RIOK3,0.2936820586663147,58.198217545366695,0.0
PGM2,0.2936295727939715,58.192848706109736,0.0
PCMTD1,0.2935584702332882,58.18747986685279,0.0
ERAP2,0.29352806729188013,58.18211102759583,0.0
PSKH1,0.293503267712636,58.17674218833888,0.0
CACNA1E,0.2934665480328534,58.17137334908193,0.0
CCDC134,0.29346578833846415,58.16600450982497,0.0
CDCA3,0.2934517276437088,58.16063567056803,0.0
ORC2,0.29337982586985817,58.15526683131107,0.0
GABRA1,0.29329522449484335,58.14989799205412,0.0
CDC25B,0.2932782302668539,58.14452915279716,0.0
GNG4,0.29327445910129646,58.139160313540216,0.0
DCXR,0.293198655025067,58.13379147428326,0.0
NUPL2,0.29318089144143067,58.12842263502631,0.0
PCIF1,0.2930287225556163,58.12305379576935,0.0
PCOLCE,0.2929651465748665,58.117684956512406,0.0
CABLES1,0.29293284115539153,58.112316117255446,0.0
FAM46C,0.2929110547205067,58.1069472779985,0.0
POP4,0.2929035343829255,58.10157843874154,0.0
MIIP,0.2928803046269494,58.096209599484595,0.0
RAB9A,0.29287286686192476,58.090840760227636,0.0
MAPK14,0.29280628862308494,58.08547192097069,0.0
GC,0.2927194583613437,58.08010308171373,0.0
PCP4L1,0.29269503980144645,58.074734242456785,0.0
ATF1,0.2926932379964923,58.069365403199825,0.0
ZNF573,0.2926928501875242,58.06399656394288,0.0
SP7,0.2926914651983134,58.05862772468592,0.0
ACBD4,0.2926290524036732,58.053258885428974,0.0
MAD2L1,0.2925593500047447,58.047890046172014,0.0
PPID,0.29248816304714437,58.04252120691507,0.0
RPS6KB1,0.2924258023071636,58.03715236765811,0.0
MRPL42,0.29242368967863497,58.03178352840116,0.0
AJUBA,0.29242104991880125,58.02641468914421,0.0
TM9SF2,0.2924133186207113,58.02104584988725,0.0
TMEM65,0.29240726978405374,58.015677010630306,0.0
TSPAN10,0.292395358824672,58.010308171373346,0.0
MC2R,0.2923451292357321,58.0049393321164,0.0
TG,0.2923379906277179,57.99957049285944,0.0
RCBTB2,0.2923324695658255,57.994201653602495,0.0
AATK,0.2922690348466781,57.988832814345535,0.0
BAZ1A,0.2922679440167113,57.98346397508859,0.0
PRX,0.29225739099419795,57.97809513583163,0.0
MYOD1,0.2922192520060432,57.972726296574685,0.0
VEGFC,0.2921706615885728,57.967357457317725,0.0
RPL22L1,0.2921676118597181,57.96198861806078,0.0
CNDP1,0.29210058183235244,57.95661977880382,0.0
ARSE,0.2920726543691013,57.951250939546874,0.0
SASS6,0.29204851995828573,57.945882100289914,0.0
MTRF1L,0.2919897096813884,57.94051326103297,0.0
DDX46,0.29198397978793494,57.93514442177601,0.0
PRSS21,0.2919616108467218,57.92977558251906,0.0
TRPC4,0.29190641459325095,57.924406743262104,0.0
VCPIP1,0.29184867304978057,57.91903790400516,0.0
FOXF1,0.29176593213891744,57.9136690647482,0.0
ZNF197,0.2917451581864868,57.908300225491246,0.0
FBLIM1,0.29173706205171146,57.90293138623429,0.0
POP1,0.29172881964453956,57.89756254697734,0.0
PURB,0.29167877029552136,57.892193707720395,0.0
SAMD4A,0.29162434563010686,57.886824868463435,0.0
SERAC1,0.29159382348657764,57.88145602920649,0.0
ZNF639,0.29158991733100886,57.87608718994953,0.0
MLLT1,0.2915777677818823,57.870718350692584,0.0
PRCP,0.2915531954167118,57.865349511435625,0.0
ANKRD24,0.29153523267475645,57.85998067217868,0.0
SF3B5,0.29138000444333595,57.85461183292172,0.0
SPATA13,0.2913028921426992,57.849242993664774,0.0
DCAF6,0.2912617259979301,57.843874154407814,0.0
CNOT4,0.2912314074392882,57.83850531515087,0.0
CLDN7,0.2912257926481843,57.83313647589391,0.0
BLOC1S4,0.2912231753822535,57.82776763663696,0.0
PEG10,0.29112846962880273,57.82239879738,0.0
DLG4,0.29105669798195927,57.81702995812306,0.0
RTF1,0.2909841917286336,57.8116611188661,0.0
MAN1A2,0.2909580376175197,57.80629227960915,0.0
KRT77,0.2909467958983978,57.80092344035219,0.0
TCEA3,0.290943929487392,57.79555460109525,0.0
PPP2CB,0.2909188641420065,57.79018576183829,0.0
ABCG5,0.29090908603911597,57.78481692258134,0.0
CCDC85A,0.29085705016252594,57.77944808332438,0.0
TBL2,0.29082239421215567,57.77407924406744,0.0
STXBP5,0.29081780212956515,57.76871040481048,0.0
IL2RB,0.29080047214193894,57.763341565553525,0.0
YPEL5,0.29079889291830235,57.75797272629657,0.0
IER5,0.29076864182945733,57.75260388703962,0.0
PUS7,0.2907575151245983,57.747235047782674,0.0
AP1M1,0.29068084491574464,57.741866208525714,0.0
GNG7,0.29067887999386666,57.73649736926877,0.0
MAPKAPK3,0.2906745039090837,57.73112853001181,0.0
HDAC9,0.29064310877353006,57.72575969075486,0.0
FAM13B,0.29063450883873604,57.7203908514979,0.0
LGMN,0.2906254737467697,57.71502201224096,0.0
MID2,0.290543703531836,57.709653172984,0.0
SYNM,0.29049031914273904,57.70428433372705,0.0
SIGMAR1,0.2904350916462542,57.69891549447009,0.0
SP110,0.2904180369892131,57.69354665521315,0.0
PPP1R14C,0.29041304493536196,57.68817781595619,0.0
PROSC,0.2903782406515215,57.68280897669924,0.0
FAU,0.29034951402924614,57.67744013744228,0.0
STAT5A,0.29025944802108306,57.67207129818534,0.0
GNG10,0.2902263534224311,57.66670245892838,0.0
CAPN3,0.2901273004192501,57.66133361967143,0.0
RAB4B,0.2901144610662538,57.65596478041447,0.0
NLRX1,0.2900804303819063,57.650595941157526,0.0
PGAP3,0.29002448636340594,57.645227101900566,0.0
PSMD14,0.2900116744942528,57.639858262643614,0.0
TEX15,0.2899883890120221,57.63448942338666,0.0
MAN2C1,0.2899356492286023,57.62912058412971,0.0
MED11,0.28993479339241884,57.623751744872756,0.0
COMMD7,0.2899000950375381,57.6183829056158,0.0
GLO1,0.28968943758394133,57.61301406635886,0.0
CMYA5,0.28960915328928705,57.6076452271019,0.0
PAQR7,0.28957355746901114,57.60227638784495,0.0
NME6,0.28955609623825573,57.59690754858799,0.0
CMTM7,0.28954711768654623,57.59153870933105,0.0
ATP5L,0.28951381654936437,57.58616987007409,0.0
TFAP2D,0.28950017873675804,57.58080103081714,0.0
SLCO1B3,0.2894761672915517,57.57543219156018,0.0
CCNL2,0.28945606632721,57.57006335230324,0.0
BTBD10,0.2894436831570336,57.56469451304628,0.0
PRDX4,0.2893984135183695,57.55932567378933,0.0
SLC25A15,0.289349602423027,57.55395683453237,0.0
AMPH,0.28933795110224525,57.548587995275426,0.0
KRT24,0.2893195419099175,57.543219156018466,0.0
TECRL,0.2892819922599065,57.53785031676152,0.0
UTP14C,0.28921673662728564,57.53248147750456,0.0
SLC25A40,0.2892128802763052,57.527112638247615,0.0
SPPL2A,0.28913620022258085,57.521743798990656,0.0
VWA5B2,0.2891302387994056,57.51637495973371,0.0
ENOX1,0.28911746827044843,57.51100612047675,0.0
BUD13,0.28911007068286626,57.505637281219805,0.0
FCN3,0.289070163869338,57.500268441962845,0.0
PDCD7,0.2890444533060283,57.49489960270589,0.0
KIAA0355,0.28902496887714635,57.48953076344894,0.0
CSNK1E,0.2889338463568719,57.48416192419199,0.0
SOX10,0.2889232480676188,57.47879308493504,0.0
IL17C,0.28890844964986645,57.47342424567808,0.0
ZNF521,0.28888793830065823,57.468055406421136,0.0
C7,0.28885039041259797,57.46268656716418,0.0
IPO5,0.28884482177291126,57.45731772790723,0.0
PTCD2,0.2887769381975066,57.45194888865027,0.0
TBC1D10A,0.2887463575512725,57.446580049393326,0.0
TCEB3,0.28873364928916,57.441211210136366,0.0
TMC6,0.28865616509376785,57.43584237087942,0.0
MAGEF1,0.2886548726551278,57.43047353162246,0.0
PARP10,0.2886241907372546,57.425104692365515,0.0
ARHGEF6,0.288618135629,57.419735853108556,0.0
SOCS3,0.28861106069026965,57.41436701385161,0.0
FXYD6,0.2886097062648623,57.40899817459465,0.0
WDR66,0.28858491761426125,57.403629335337705,0.0
PBDC1,0.28858154166333183,57.398260496080745,0.0
SCCPDH,0.2885760092406027,57.3928916568238,0.0
RREB1,0.2885582206215965,57.38752281756684,0.0
TOM1,0.28851810300874703,57.382153978309894,0.0
NEK10,0.28847993698580476,57.376785139052934,0.0
AKAP14,0.2884050729018398,57.37141629979598,0.0
AZIN1,0.2883853292167113,57.36604746053903,0.0
PDRG1,0.2883782937322278,57.36067862128208,0.0
PNOC,0.2883547655600299,57.355309782025124,0.0
KCTD20,0.2882749705734375,57.34994094276817,0.0
ARAP1,0.2882422134310964,57.34457210351122,0.0
RP9,0.2882286060902217,57.339203264254266,1.0
SSSCA1,0.2881521447724601,57.33383442499732,0.0
FEM1B,0.2881277007521439,57.32846558574036,0.0
CBX1,0.2880777494579947,57.323096746483415,0.0
EXOC3,0.2880343864205916,57.317727907226455,0.0
HIST1H1C,0.2879993743318999,57.31235906796951,0.0
FAM120B,0.2879094350691373,57.30699022871255,0.0
ISYNA1,0.2879005960993771,57.301621389455605,0.0
PLIN3,0.28788964368130243,57.296252550198645,0.0
KRT73,0.2878631050156709,57.2908837109417,0.0
NXF5,0.28786102625320503,57.28551487168474,0.0
PABPC4L,0.28781597498402367,57.280146032427794,0.0
TRMT6,0.2878024007091159,57.274777193170834,0.0
PHYHD1,0.28771932762993335,57.26940835391389,0.0
SLC32A1,0.28771098579782783,57.26403951465693,0.0
RLF,0.2877102003548058,57.25867067539998,0.0
SNX2,0.2877012664618028,57.253301836143024,0.0
MMS19,0.28766422032711303,57.24793299688608,0.0
OPRD1,0.2876611855918107,57.24256415762912,0.0
OAZ1,0.28765449015643363,57.23719531837217,0.0
WDR75,0.2876362069882881,57.23182647911521,0.0
TRHDE,0.28760051143904086,57.22645763985826,0.0
CA1,0.2875972721197973,57.22108880060131,0.0
MYLPF,0.2875884201268019,57.215719961344355,0.0
DIP2A,0.2875571217018254,57.2103511220874,0.0
GABRR2,0.2875196109997365,57.20498228283045,0.0
CNTFR,0.2875169294234259,57.199613443573504,0.0
ARPP19,0.287516821308383,57.194244604316545,0.0
FKBP2,0.2874488647346162,57.1888757650596,0.0
ADAP2,0.2874025944597846,57.18350692580264,0.0
ADARB1,0.2873843492999776,57.178138086545694,0.0
STX1A,0.28737108405091627,57.172769247288734,0.0
NLRP12,0.2873493968455684,57.16740040803179,0.0
HLA-DPB1,0.28733521704054954,57.16203156877483,0.0
DBF4,0.2873095711515855,57.15666272951788,0.0
TBR1,0.2873019334389665,57.15129389026092,0.0
DCAF11,0.287220095088077,57.14592505100398,0.0
HNRNPAB,0.2871924571239824,57.14055621174702,0.0
GABRA2,0.28716962800209134,57.13518737249007,0.0
FADD,0.2871616535711131,57.12981853323311,0.0
CCS,0.28714651060533514,57.12444969397617,0.0
GATC,0.287135132268885,57.11908085471921,0.0
SPTY2D1,0.2870630182943349,57.11371201546226,0.0
GNA13,0.28704138040433114,57.1083431762053,0.0
LNX1,0.28699793633311155,57.10297433694835,0.0
CACNG6,0.28695640764098973,57.0976054976914,0.0
TMSB10,0.2869436245973147,57.092236658434445,0.0
CENPT,0.28690212230079243,57.08686781917749,0.0
GALNT10,0.28688060514358654,57.08149897992054,0.0
FAM169A,0.2868321348654511,57.07613014066359,0.0
ATP5B,0.2867939223011041,57.070761301406634,0.0
SRPK1,0.2867909821934435,57.065392462149674,0.0
GCFC2,0.2867853652994107,57.06002362289273,0.0
BPGM,0.2867372069837417,57.05465478363578,0.0
COMTD1,0.2866983612434819,57.04928594437882,0.0
TFAP4,0.2866983010309553,57.04391710512188,0.0
RAPH1,0.2866939194436925,57.03854826586492,0.0
EDEM1,0.2866688712328532,57.03317942660797,0.0
NR5A2,0.28662199658108,57.02781058735101,0.0
UGT1A9,0.2866191544219012,57.02244174809407,0.0
YDJC,0.28661335039015284,57.01707290883711,0.0
PPP2R1B,0.2865787231361242,57.01170406958016,0.0
CUL5,0.28655855360904114,57.0063352303232,0.0
PJA2,0.2865335888748143,57.00096639106626,0.0
EGLN2,0.2864101245271576,56.9955975518093,0.0
TEKT4,0.28636876783229065,56.99022871255235,0.0
UBE2E3,0.28633446348818653,56.98485987329539,0.0
YWHAB,0.28628945782405096,56.979491034038446,0.0
WIPF1,0.2862501225687685,56.974122194781486,0.0
ZNHIT1,0.28624205644758505,56.96875335552454,0.0
ARMC5,0.28624031211529527,56.96338451626758,0.0
LAT2,0.28623858406161334,56.95801567701063,0.0
AEBP2,0.28619512232960936,56.952646837753676,0.0
NPPA,0.28618208213656954,56.94727799849672,0.0
DHRS7,0.2861798952170424,56.94190915923977,0.0
RPS13,0.2861077619714042,56.93654031998282,0.0
GATA6,0.2860919841269841,56.931171480725865,0.0
EEF1G,0.2860914559433693,56.92580264146891,0.0
CCNT1,0.2860830804102424,56.92043380221197,0.0
ENKD1,0.286069395506211,56.91506496295501,0.0
PEX11G,0.2860627615493966,56.90969612369806,0.0
MGAM,0.28600806879732543,56.9043272844411,0.0
DAGLB,0.28598858886887496,56.89895844518416,0.0
PGAM1,0.2859788595326257,56.8935896059272,0.0
TMEM55B,0.28591917202353995,56.88822076667025,0.0
SOX13,0.28591669458026037,56.88285192741329,0.0
OMP,0.2859135461344665,56.877483088156346,0.0
DDT,0.2858546969118852,56.872114248899386,0.0
B3GNT5,0.28583254650915724,56.86674540964244,0.0
GGT6,0.28582949050550377,56.86137657038548,0.0
SIM2,0.2858064585303307,56.856007731128535,0.0
MICALL1,0.28577640316091935,56.850638891871576,0.0
HIBCH,0.2857719476771786,56.84527005261463,0.0
YTHDC1,0.2857593294634472,56.83990121335767,0.0
U2AF1L4,0.2857519881861069,56.83453237410072,0.0
ELOF1,0.28574776082648806,56.829163534843765,0.0
CDH7,0.2857029358248743,56.82379469558681,0.0
CEP95,0.28567606553863956,56.81842585632986,0.0
UFM1,0.285555952444275,56.81305701707291,0.0
SFXN2,0.28553426383453984,56.807688177815955,0.0
DDX56,0.28552965389561213,56.802319338559,0.0
HOXD1,0.2855012488054696,56.79695049930204,0.0
VIMP,0.28549148490484766,56.7915816600451,0.0
PECR,0.2854517686214075,56.78621282078815,0.0
RGS7BP,0.2854035918181014,56.78084398153119,0.0
TPST1,0.28535987824711995,56.775475142274246,0.0
APOC2,0.2853339441074393,56.770106303017286,1.0
C5AR2,0.2853279655697277,56.76473746376034,0.0
GRSF1,0.28531915813602876,56.75936862450338,0.0
NLGN1,0.2852974102508413,56.753999785246435,0.0
SLC7A6,0.28525928186823607,56.748630945989476,0.0
PARP14,0.28520302297740996,56.74326210673253,0.0
SPIRE1,0.2851782790337163,56.73789326747557,0.0
KRT33A,0.2851697343334216,56.732524428218625,0.0
CCK,0.2850930855504848,56.727155588961665,0.0
MRPS10,0.28506823065210335,56.72178674970472,0.0
COA5,0.28503584725678166,56.71641791044776,0.0
PXMP2,0.28496420313621496,56.711049071190814,0.0
ELANE,0.28493476228233,56.705680231933854,0.0
TSPYL4,0.2849275182901351,56.70031139267691,0.0
MFGE8,0.2848982696417034,56.69494255341995,0.0
PCNA,0.28486557735868623,56.689573714163,0.0
CNPY3,0.28485781763474805,56.684204874906044,0.0
RC3H1,0.2848391498091189,56.67883603564909,0.0
MOAP1,0.28482780382691175,56.67346719639214,0.0
C20orf96,0.2848092718058605,56.668098357135186,0.0
OTUD6B,0.2847989872505151,56.66272951787823,0.0
CTDP1,0.28479670292539194,56.65736067862128,0.0
DEGS2,0.2847946111977181,56.65199183936432,0.0
TAS1R1,0.2847785576950171,56.646623000107375,0.0
HTR1A,0.28467652445985053,56.64125416085043,0.0
CDR2,0.2846682979324181,56.63588532159347,0.0
DNAJA4,0.2846485871134671,56.630516482336525,0.0
HTR7,0.28461073889923943,56.625147643079565,0.0
PSMD5,0.2845961923959675,56.61977880382262,0.0
AP1S2,0.2845607752666449,56.61440996456566,0.0
PRKCD,0.28455324438118057,56.609041125308714,0.0
WASF2,0.28453170060643895,56.603672286051754,0.0
CNTN2,0.2845072097335709,56.59830344679481,0.0
JPH4,0.2844582727993198,56.59293460753785,0.0
ZNF346,0.28443982896168324,56.5875657682809,0.0
PSMD8,0.2844307600548935,56.582196929023944,0.0
NAA25,0.28443005845842484,56.576828089767,0.0
ASGR1,0.2844189301510687,56.57145925051004,0.0
NOL7,0.2844073066625877,56.566090411253086,0.0
FNDC1,0.284380019830618,56.56072157199613,0.0
MTG2,0.28435815967556105,56.55535273273918,0.0
RPS2,0.28432222162009674,56.54998389348223,0.0
WEE1,0.2842708337683637,56.544615054225275,0.0
DEPDC1B,0.2842122723001895,56.53924621496832,0.0
PRDM15,0.28419935551607856,56.53387737571137,0.0
PITPNM2,0.2841687217422816,56.52850853645441,0.0
AGO4,0.2841671943444759,56.523139697197465,0.0
KIAA1468,0.28416354918777126,56.517770857940505,0.0
GAPDHS,0.28413983324520087,56.51240201868356,0.0
LBX1,0.2840548850452486,56.507033179426614,0.0
CDH15,0.2840242569122832,56.501664340169654,0.0
ANGPT4,0.2840045255325458,56.49629550091271,0.0
SLC25A31,0.28395626785058864,56.49092666165575,0.0
SEC31B,0.28394709630417775,56.4855578223988,0.0
MICAL1,0.2839425514090362,56.48018898314184,0.0
ANKRD13D,0.2839327566687483,56.4748201438849,0.0
SEZ6L2,0.28391711102377715,56.46945130462794,0.0
ZNF76,0.2839073974730729,56.46408246537099,0.0
KCNN2,0.2838880776591356,56.45871362611403,0.0
HAT1,0.2838830933440608,56.45334478685709,0.0
AFAP1L2,0.28382678368090397,56.44797594760013,0.0
S100A14,0.2838261301907661,56.44260710834318,0.0
ARHGAP18,0.2838020231099962,56.43723826908622,0.0
IKBKB,0.2838008550933381,56.43186942982928,0.0
NCBP2,0.2837740400758232,56.42650059057232,0.0
AAR2,0.2837708777632151,56.421131751315365,0.0
ODF2L,0.2837586265247253,56.41576291205841,0.0
RRAS,0.283669113725323,56.41039407280146,0.0
OBFC1,0.28366112951011374,56.40502523354451,0.0
TPM4,0.2836555225099395,56.399656394287554,0.0
B4GALT3,0.28361273607214277,56.3942875550306,0.0
ZCRB1,0.2835735708328508,56.38891871577365,0.0
GUF1,0.2835318343354869,56.38354987651669,0.0
HNRNPL,0.2835127227764991,56.37818103725974,0.0
CPO,0.2834972841452762,56.372812198002784,0.0
PSMD11,0.2834878296363266,56.36744335874584,0.0
ZIC5,0.28342182539682537,56.36207451948889,0.0
PLAA,0.28341794864148406,56.35670568023193,0.0
MELK,0.28340257277937186,56.35133684097499,0.0
PIGP,0.28335084518910475,56.34596800171803,0.0
BAIAP2L1,0.2833407344291922,56.34059916246108,0.0
BACE1,0.2832973272312837,56.33523032320412,0.0
TFCP2L1,0.2832813760400703,56.32986148394718,0.0
PTGFRN,0.2831964781112907,56.32449264469022,0.0
CILP2,0.283150197238063,56.31912380543327,0.0
NVL,0.28314675501347747,56.31375496617631,0.0
ERAL1,0.2830837070279145,56.308386126919366,0.0
DUSP9,0.2830686095205645,56.303017287662406,0.0
TMEFF2,0.28305669178605375,56.297648448405454,0.0
STRADB,0.2830447683786782,56.2922796091485,0.0
EYA2,0.28303773641276414,56.28691076989155,0.0
PPP1CC,0.2830022424059234,56.281541930634596,0.0
ATP1B1,0.2829617381573561,56.27617309137764,0.0
FAF1,0.2827868494505568,56.27080425212069,0.0
SLC38A6,0.2826918072534819,56.26543541286374,0.0
GRIA3,0.2826907422647475,56.26006657360678,0.0
HMGN3,0.2826310059273387,56.25469773434983,0.0
IRX1,0.2825894552253383,56.24932889509287,0.0
NOL6,0.28258910552800665,56.24396005583593,0.0
PCMT1,0.2825792684127878,56.23859121657897,0.0
HAS2,0.28255509071956436,56.23322237732202,0.0
DHRS1,0.2825512503952555,56.22785353806508,0.0
CRK,0.2825471010309978,56.22248469880812,0.0
NRAP,0.2825326861246798,56.21711585955117,0.0
ELP4,0.282521577163812,56.21174702029421,0.0
PBK,0.28240321995204853,56.206378181037266,0.0
VPS36,0.28240071722074767,56.201009341780306,0.0
KRT84,0.28239584059078177,56.19564050252336,0.0
ALDH1B1,0.2823029964985188,56.1902716632664,0.0
FLAD1,0.28229882569243714,56.184902824009455,0.0
AMBP,0.2822740211886867,56.179533984752496,0.0
MEF2A,0.2822704587969367,56.17416514549555,0.0
HIF1AN,0.2822698187429332,56.16879630623859,0.0
CCDC155,0.28221219769939254,56.163427466981645,0.0
KRT34,0.2822052134103131,56.158058627724685,0.0
TNFRSF19,0.28218185232120885,56.15268978846773,0.0
SSH1,0.2821606474796495,56.14732094921078,0.0
SGK3,0.2821584958432467,56.14195210995383,0.0
RNF141,0.2821065051665944,56.136583270696875,0.0
WWC1,0.28207666322265085,56.13121443143992,0.0
CXXC5,0.2820457547893946,56.12584559218297,0.0
TROVE2,0.282021144468931,56.12047675292602,0.0
NQO2,0.2819843207208713,56.11510791366906,0.0
SYNPO2L,0.2819444402384496,56.10973907441211,0.0
ARHGAP6,0.28191640666045903,56.10437023515515,0.0
AMOTL1,0.2818782822550456,56.099001395898206,0.0
FOXP4,0.2818692234611569,56.09363255664126,0.0
FAM160B2,0.2818620114173498,56.0882637173843,0.0
TNPO2,0.28176816161113777,56.082894878127355,0.0
GATAD2B,0.2817501745705798,56.077526038870396,0.0
APOBEC3B,0.2817207449869763,56.07215719961345,0.0
LMOD3,0.28169969028832165,56.06678836035649,0.0
PRPF38B,0.2816722596049137,56.061419521099545,0.0
ASGR2,0.2816610690236357,56.056050681842585,0.0
KIAA1033,0.2816184834305523,56.05068184258564,0.0
ERG,0.2815931514606192,56.04531300332868,0.0
MOGAT2,0.2815711198319077,56.039944164071734,0.0
HIST1H2AB,0.28151399121746906,56.034575324814774,0.0
PURA,0.2815137912744011,56.02920648555782,0.0
ERAP1,0.28143425317528553,56.02383764630087,0.0
UBE2N,0.2814129118865332,56.01846880704392,0.0
VKORC1L1,0.28135499016584276,56.013099967786964,0.0
UMPS,0.2813305983478474,56.00773112853001,0.0
ITIH4,0.2812846130971019,56.00236228927306,0.0
GEN1,0.2812805256874137,55.996993450016106,0.0
CDC34,0.2812547000379161,55.991624610759146,0.0
CEP44,0.2812480822756134,55.9862557715022,0.0
ANKRD16,0.2812111185002413,55.98088693224524,0.0
RASD1,0.2811716326330608,55.975518092988295,0.0
ADCY8,0.2810507553980431,55.970149253731336,0.0
FBL,0.28102780021489815,55.96478041447439,0.0
KCTD10,0.28101459118401917,55.95941157521743,0.0
ZHX3,0.2809671457856953,55.954042735960485,0.0
OAS2,0.2809522484520882,55.94867389670354,0.0
SKAP2,0.28093254392737277,55.94330505744658,0.0
ATP12A,0.2808918792857661,55.937936218189634,0.0
TPD52L2,0.28075037000970443,55.932567378932674,0.0
MEDAG,0.2807189875733701,55.92719853967573,0.0
GPATCH4,0.2806446525540062,55.92182970041877,0.0
LY6E,0.28062242469337373,55.91646086116182,0.0
EIF5B,0.28061883620464845,55.911092021904864,0.0
ZNF420,0.28061589180833557,55.90572318264792,0.0
DCLK2,0.28056039641850755,55.90035434339096,0.0
ZNF598,0.28055388049449653,55.89498550413401,0.0
OASL,0.2805082714968944,55.88961666487705,0.0
OR4F17,0.2805067627889454,55.8842478256201,0.0
EFR3A,0.2804800416577511,55.87887898636315,0.0
PPP1R3B,0.28039597994486126,55.873510147106195,0.0
KIF9,0.2803515251771431,55.86814130784924,0.0
TXLNB,0.28023178885233635,55.86277246859229,0.0
HIST1H2BM,0.28019355693554077,55.85740362933534,0.0
OSGIN1,0.2801299696975443,55.852034790078385,0.0
RFX5,0.2801065606419044,55.846665950821425,0.0
FCER1G,0.27991936227188924,55.84129711156448,0.0
TAPBPL,0.2798995719434611,55.83592827230752,0.0
PCDHB5,0.2798614957747746,55.830559433050574,0.0
SNCB,0.2798113942247688,55.825190593793614,0.0
RANBP3,0.2797793441069793,55.81982175453667,0.0
RRS1,0.27976409229290444,55.81445291527972,0.0
TUSC2,0.27974977959671704,55.809084076022764,0.0
RAC2,0.2797436007572658,55.80371523676582,0.0
FBXO42,0.2797412931533224,55.79834639750886,0.0
KRT74,0.27969177856418964,55.79297755825191,0.0
CEP112,0.27968159356183087,55.78760871899495,0.0
RANBP1,0.27965689230775415,55.78223987973801,0.0
KANK1,0.2796152805301225,55.77687104048105,0.0
OR2T5,0.2796065350432584,55.7715022012241,0.0
DCHS2,0.27953553017804555,55.76613336196714,0.0
KCNE2,0.2795055437477296,55.76076452271019,0.0
PSD,0.2794991144236372,55.75539568345324,0.0
USP21,0.27946130554179127,55.750026844196285,0.0
PTPN1,0.2794566578474815,55.74465800493933,0.0
ANAPC7,0.27943195179332875,55.73928916568238,0.0
OSBPL8,0.2793950530764965,55.73392032642543,0.0
FAP,0.27937755403862896,55.728551487168474,0.0
MVD,0.27936573661633235,55.723182647911514,0.0
NR2C1,0.2793540642803839,55.71781380865457,0.0
PGAP2,0.27930214105271944,55.71244496939761,0.0
DNAJB2,0.2792721608577392,55.70707613014066,0.0
LMO2,0.2792696536350292,55.701707290883704,0.0
GPRC5A,0.2792619518393196,55.69633845162676,0.0
SET,0.2792196068723506,55.6909696123698,0.0
CBR4,0.2792156171629762,55.68560077311285,0.0
CD19,0.2791993117122331,55.68023193385589,0.0
ITPKB,0.2791729650434005,55.67486309459895,0.0
ARMC7,0.27913691210580194,55.669494255342,0.0
CDC42BPA,0.2791108488625301,55.66412541608504,0.0
HOXA4,0.279097822885409,55.6587565768281,0.0
IL9,0.278952352267623,55.65338773757114,0.0
ZFHX4,0.27886865532945576,55.64801889831419,0.0
AZI2,0.2788612580655089,55.64265005905723,0.0
MYL3,0.27881923562268185,55.637281219800286,0.0
CHD5,0.2787570653721855,55.631912380543326,0.0
TRIM56,0.2787401635426337,55.62654354128638,0.0
TNIK,0.2787018685613004,55.62117470202942,0.0
PHKA2,0.2786929139175661,55.61580586277247,0.0
CALCRL,0.278672899022883,55.610437023515516,0.0
TBC1D24,0.27857268163927223,55.60506818425856,0.0
TESK2,0.27857140387118984,55.59969934500161,0.0
LAMTOR1,0.2785522912806703,55.59433050574466,0.0
GCDH,0.27842344644596,55.588961666487705,0.0
PPP2R5C,0.278419024790841,55.58359282723075,0.0
CCDC22,0.27838805913652126,55.57822398797379,0.0
EPN2,0.2782913363850053,55.57285514871685,0.0
ADRBK2,0.27828850948003453,55.56748630945989,0.0
SPINK1,0.2782796523272397,55.56211747020294,0.0
HIST1H2BL,0.27823826110373234,55.55674863094598,0.0
ARIH2,0.27821223427519015,55.55137979168904,0.0
PPTC7,0.27820962693527507,55.54601095243208,0.0
USP1,0.2781368990141579,55.54064211317513,0.0
BRCC3,0.27811697216100023,55.535273273918186,0.0
RAD51AP1,0.27799712271767796,55.529904434661226,0.0
CDH6,0.27793885269026064,55.52453559540428,0.0
MAFK,0.27793811158838955,55.51916675614732,0.0
PNMA3,0.2778621798784336,55.513797916890375,0.0
RAB11FIP2,0.2778621565921767,55.508429077633416,0.0
NR0B2,0.27778786197071487,55.50306023837647,0.0
DHRS13,0.2777840403114113,55.49769139911951,0.0
ABHD2,0.27770446018053946,55.49232255986256,0.0
TIAL1,0.27767001738645786,55.486953720605605,0.0
RABL2A,0.2776579737715048,55.48158488134865,0.0
FAR2,0.27764863811299456,55.4762160420917,0.0
GNB4,0.27754847667342586,55.47084720283475,0.0
NEK11,0.2774811451862396,55.465478363577795,0.0
NUCKS1,0.2774569538627013,55.46010952432084,0.0
RAB11FIP5,0.27745190813700704,55.45474068506388,0.0
DCTN4,0.27743432345437696,55.44937184580694,0.0
BCL2L2,0.2773349626730342,55.44400300654998,0.0
PCDHGA12,0.2772776793396325,55.43863416729303,0.0
COQ5,0.2772773060182431,55.43326532803607,0.0
RIBC1,0.2772717858295695,55.427896488779126,0.0
C4orf22,0.27726417702321,55.422527649522166,0.0
SLC22A18,0.27720914127847385,55.41715881026522,0.0
ANGPTL2,0.2771270872419917,55.41178997100826,0.0
CCDC137,0.27710933733347665,55.406421131751316,0.0
TMC7,0.27710035327243615,55.40105229249437,0.0
SLCO2B1,0.2770957460391214,55.39568345323741,0.0
NQO1,0.27708426617029575,55.390314613980465,0.0
ZZZ3,0.2770815604752312,55.384945774723505,0.0
CCNC,0.27706912199093237,55.37957693546656,0.0
SPP1,0.2770103475078465,55.3742080962096,0.0
ODAM,0.2769551806755276,55.368839256952654,0.0
TNFAIP2,0.27694753078432244,55.363470417695694,0.0
TTC9C,0.2769269894675653,55.35810157843875,0.0
ARSI,0.2769143516328074,55.35273273918179,0.0
TXLNG,0.2768993619774469,55.34736389992484,0.0
FBXO18,0.2768619297864395,55.341995060667884,0.0
AGAP2,0.2768498554655906,55.33662622141093,0.0
LSM6,0.2768088178947259,55.33125738215398,0.0
FOSL2,0.2767218918725389,55.325888542897026,0.0
PPP1R18,0.27667050831621176,55.32051970364007,0.0
CAB39L,0.27661864701544453,55.31515086438312,0.0
STK40,0.2766147318866541,55.30978202512616,0.0
ACSM2B,0.2765670752237354,55.304413185869215,0.0
LIPH,0.27655334615230975,55.299044346612256,0.0
SLC4A1AP,0.2765138424501449,55.29367550735531,0.0
FNDC3A,0.2765107065969018,55.28830666809835,0.0
ABRACL,0.2763980424995707,55.282937828841405,0.0
DSE,0.27638514338712084,55.277568989584445,0.0
GUCD1,0.2763165208018944,55.2722001503275,0.0
TMPRSS13,0.27625253321107696,55.26683131107054,0.0
CLASP2,0.27619876872869725,55.261462471813594,0.0
PSMD3,0.276186750286748,55.25609363255665,0.0
BAALC,0.2761716848515069,55.25072479329969,0.0
ATP11B,0.2761496248394465,55.24535595404274,0.0
IL23A,0.2761365884111401,55.239987114785784,0.0
MRPL40,0.2760408544515628,55.23461827552884,0.0
GOLGA7B,0.27602773255252566,55.22924943627188,0.0
DOCK3,0.27600258557948043,55.223880597014926,0.0
STMN1,0.2760003048780774,55.21851175775797,0.0
TNFSF13,0.27592746069772434,55.21314291850102,0.0
CRCP,0.27588582023994956,55.20777407924407,0.0
RAP1A,0.2758049472452421,55.202405239987115,0.0
PDE11A,0.27571039057200425,55.19703640073016,0.0
POMC,0.27568245461665886,55.19166756147321,0.0
ZSWIM8,0.27568071788022674,55.18629872221625,0.0
PLA2G15,0.27564499842793766,55.180929882959305,0.0
PAPOLG,0.275626135555917,55.175561043702345,0.0
XYLT1,0.27558087171939344,55.1701922044454,0.0
ATHL1,0.2755652833650136,55.16482336518844,0.0
CASKIN1,0.2755361480733799,55.159454525931494,0.0
ZDHHC18,0.2754623223103674,55.154085686674534,0.0
RAB11FIP1,0.2754495733888967,55.14871684741759,0.0
PDCL2,0.27540435044720935,55.14334800816063,0.0
PSMA4,0.2754034946342677,55.137979168903684,0.0
CEP55,0.2753910773943976,55.132610329646724,1.0
SCAMP5,0.27538808529761427,55.12724149038978,0.0
GPR15,0.27532956171694756,55.12187265113283,0.0
CENPB,0.27525700249258406,55.11650381187587,0.0
PIAS1,0.2752120472426452,55.11113497261893,0.0
GTF2F2,0.27520778583990946,55.10576613336197,0.0
AIM1L,0.27519756777218146,55.10039729410502,0.0
SDCBP,0.2751876709227322,55.09502845484806,0.0
TLE4,0.2751274899004286,55.08965961559112,0.0
RASSF1,0.2750842358487031,55.08429077633416,0.0
CPEB4,0.2750778817469602,55.078921937077205,0.0
SEPN1,0.27505321721202397,55.07355309782025,0.0
PTPRE,0.27499284689940223,55.0681842585633,0.0
DPY19L2,0.2749367525697681,55.06281541930635,0.0
RPL18,0.27492113963281467,55.057446580049394,0.0
IL27,0.2749152428311893,55.05207774079244,0.0
CAPSL,0.2749105125538955,55.04670890153549,0.0
DDX17,0.27484655219653925,55.04134006227853,0.0
PKIA,0.27484276857556955,55.03597122302158,0.0
BCL3,0.27484240655034303,55.030602383764624,0.0
GDF1,0.27476668332975407,55.02523354450768,0.0
IKBKG,0.2747562863501353,55.01986470525072,1.0
PLEKHG5,0.27472708378054805,55.01449586599377,0.0
GTF2H1,0.27464506265888416,55.00912702673681,0.0
FEZ2,0.27460805792082216,55.00375818747987,0.0
PSMD10,0.2745959547022908,54.99838934822291,0.0
AP1B1,0.27457913914037013,54.99302050896596,0.0
THAP11,0.2745654072300581,54.987651669709,0.0
OR2T35,0.27456368987944696,54.98228283045206,0.0
CERS6,0.27456234871705004,54.97691399119511,0.0
PIP5K1B,0.2745270372268145,54.97154515193815,0.0
MGAT5,0.27446912238413274,54.966176312681206,0.0
CCDC88C,0.27443720157699814,54.960807473424246,0.0
RBMX,0.2743447006807746,54.955438634167294,0.0
PTCH2,0.2742909210091183,54.95006979491034,0.0
ADAMTS17,0.2742617842500049,54.94470095565339,0.0
SIPA1L1,0.2742258134833665,54.939332116396436,0.0
AGAP3,0.27414445401843945,54.93396327713948,0.0
ZSCAN22,0.27412821280300004,54.92859443788253,0.0
HES6,0.2741123214611869,54.92322559862558,0.0
EFCAB7,0.27409734545763226,54.91785675936862,0.0
DHRS9,0.2740768752590739,54.91248792011167,0.0
SDF2,0.2740743836920937,54.90711908085471,0.0
EPN1,0.2740446863043781,54.90175024159777,0.0
KIFC2,0.2740376013942978,54.89638140234081,0.0
RASA4,0.27401155718792947,54.89101256308386,0.0
HIST1H2AD,0.27379024575329236,54.8856437238269,0.0
HTR1B,0.27378819857048864,54.88027488456996,0.0
UGT1A4,0.27378173422051877,54.874906045313,0.0
MFSD5,0.2737754033097134,54.86953720605605,0.0
ZC3H12A,0.2737295223313389,54.86416836679909,0.0
UBE2D4,0.273721540822019,54.858799527542146,0.0
CHMP1A,0.27368127533645376,54.85343068828519,0.0
NAF1,0.27368085485049026,54.84806184902824,0.0
KIAA1429,0.2736761044111297,54.842693009771295,0.0
PTPRN,0.2736513722558716,54.837324170514336,0.0
TM2D1,0.27364469867083063,54.83195533125739,0.0
KDM3A,0.27363175062639544,54.82658649200043,0.0
DPYSL2,0.27362249740968103,54.821217652743485,0.0
UGT2B7,0.27359879978697,54.815848813486525,0.0
UTP3,0.2735769272944032,54.81047997422957,0.0
IGFBP4,0.2735562674144963,54.80511113497262,0.0
BCAT1,0.2735313085532053,54.79974229571567,0.0
ZNF544,0.2734999921134095,54.794373456458715,0.0
FAM210A,0.27345156530844317,54.78900461720176,0.0
CELF2,0.27344007944065085,54.78363577794481,0.0
ABCA9,0.2733824455058873,54.77826693868786,0.0
PDLIM7,0.27335752540965796,54.7728980994309,0.0
MFSD11,0.27331301154591653,54.76752926017395,0.0
PRSS35,0.27330222494082307,54.76216042091699,0.0
GABARAPL1,0.2732910475604306,54.756791581660046,0.0
SUSD1,0.2732494799714943,54.751422742403086,0.0
ZBTB38,0.273211111851435,54.74605390314614,0.0
SPHK2,0.2731757167030736,54.74068506388918,0.0
POLL,0.27314735519518873,54.735316224632236,0.0
PCBP4,0.27314085750313843,54.729947385375276,0.0
STK25,0.27309023157094586,54.72457854611833,0.0
KRT33B,0.27303455921525,54.71920970686137,0.0
TAS1R3,0.272914417989418,54.713840867604425,0.0
PLEKHA5,0.2729017453842181,54.70847202834748,0.0
PSMC5,0.27287637817796995,54.70310318909052,0.0
RPS18,0.27286197173718535,54.697734349833574,0.0
EVI5L,0.27283139017655433,54.692365510576614,0.0
IRX3,0.2728281333745619,54.68699667131966,0.0
FARSB,0.27281630173864513,54.68162783206271,0.0
ERCC6L2,0.27281370637927416,54.67625899280576,0.0
SSBP3,0.2728130270619727,54.670890153548804,0.0
PRRG2,0.27277928144420527,54.66552131429185,0.0
ATF7,0.27276569278511753,54.6601524750349,0.0
APLF,0.2727549948951581,54.654783635777946,0.0
SFR1,0.2727128069053484,54.649414796520986,0.0
FBXO10,0.27250088575859027,54.64404595726404,0.0
SCYL3,0.2724747686786414,54.63867711800708,0.0
RECQL5,0.2724642515138114,54.633308278750135,0.0
PABPN1,0.2724220244678252,54.627939439493176,0.0
MPO,0.2724131521575128,54.62257060023623,0.0
PSMB2,0.2724111265623652,54.61720176097927,0.0
SLC12A9,0.27236535350301116,54.611832921722325,0.0
SELT,0.27218672154247825,54.606464082465365,0.0
RPL13,0.27216161512310694,54.60109524320842,0.0
AOC2,0.2721032657788184,54.59572640395146,0.0
NFATC4,0.27207861176027764,54.590357564694514,0.0
ANKLE1,0.2720697779837977,54.584988725437555,0.0
MRPS14,0.27205863265246,54.57961988618061,0.0
PCED1A,0.27203494033043146,54.57425104692365,0.0
HLA-DQA2,0.27200749459016277,54.568882207666704,0.0
HDAC7,0.2719031538984045,54.56351336840976,0.0
RFX2,0.2718942212830438,54.5581445291528,0.0
CATSPER2,0.2718587461356855,54.55277568989585,0.0
BCAM,0.27183355728960323,54.54740685063889,0.0
MED13L,0.2718083500566549,54.54203801138194,0.0
NOVA1,0.2717757472093698,54.53666917212499,0.0
ARHGAP11A,0.27177302078755794,54.531300332868035,0.0
HOXC8,0.27174275224995476,54.52593149361108,0.0
PRKG2,0.27169085348642347,54.52056265435413,0.0
NKD2,0.27168618160837193,54.51519381509718,0.0
PDCD6IP,0.27165371721016757,54.509824975840225,0.0
HSD11B2,0.2715938302074243,54.504456136583265,1.0
MAF1,0.27157397640252656,54.49908729732632,0.0
CDT1,0.2715557982796229,54.49371845806936,0.0
TCP10L,0.2715556982380188,54.488349618812414,0.0
RPAP1,0.2715530774349324,54.482980779555454,0.0
RNF7,0.27151527647198676,54.47761194029851,0.0
SMC1B,0.2714770678535197,54.47224310104155,0.0
LIN28B,0.2714557850272784,54.466874261784604,0.0
ASNA1,0.27143600834520487,54.461505422527644,0.0
BIRC8,0.2713498030628559,54.4561365832707,0.0
NIT1,0.271285226624027,54.45076774401374,0.0
GSX2,0.2712743484141336,54.44539890475679,0.0
NAALADL2,0.27127305228962084,54.44003006549983,0.0
KSR1,0.2712592838140614,54.43466122624289,0.0
IGFN1,0.27125004059234487,54.42929238698594,0.0
NAGS,0.2712347338932427,54.42392354772898,0.0
HINT3,0.2712329448239674,54.41855470847203,0.0
RNF180,0.27121920986096465,54.41318586921508,0.0
CLK2,0.2712132862488308,54.407817029958125,0.0
NADSYN1,0.27116472927163493,54.40244819070117,0.0
TARBP2,0.27114572558395283,54.39707935144422,0.0
TBRG4,0.2711083274063774,54.39171051218727,0.0
UNC13C,0.27110424060416616,54.386341672930314,0.0
ERN1,0.27108996478300645,54.380972833673354,0.0
MBOAT2,0.27108727434678176,54.37560399441641,0.0
KDM3B,0.27107883223950024,54.37023515515945,0.0
THOP1,0.2710625478121657,54.3648663159025,0.0
CCDC68,0.27105098301501823,54.359497476645544,0.0
DCD,0.2710476122333621,54.3541286373886,0.0
CDC6,0.2710410318153339,54.34875979813164,0.0
ARF5,0.2710129022543154,54.34339095887469,0.0
SHCBP1,0.2709997020962963,54.33802211961773,0.0
IL12A,0.2709949420930325,54.33265328036079,0.0
EIF2S1,0.2709939787233961,54.32728444110383,0.0
SLC35B2,0.2709653512513853,54.32191560184688,0.0
PSD3,0.27091724591868294,54.31654676258992,0.0
TSC22D1,0.27081864028918284,54.31117792333298,0.0
MBTD1,0.2707977997568882,54.30580908407602,0.0
SPRR2A,0.27079664707703155,54.30044024481907,0.0
TRAPPC9,0.27076412296419405,54.29507140556211,0.0
RPL18A,0.27072785798361404,54.289702566305166,0.0
RPLP0,0.27070442943937795,54.28433372704822,0.0
MRPS26,0.27068150451680706,54.27896488779126,0.0
TAF12,0.27061700762034974,54.27359604853431,0.0
UNC93B1,0.2705336141630428,54.268227209277356,0.0
LRRC16A,0.27042862205255064,54.2628583700204,0.0
TFR2,0.2703889495803705,54.25748953076345,0.0
GPATCH2L,0.27036237303810917,54.2521206915065,0.0
DZANK1,0.27035097425839183,54.246751852249545,0.0
CHRAC1,0.27033830348894056,54.24138301299259,0.0
TBK1,0.2701824283461217,54.23601417373563,0.0
REEP5,0.2701159146243691,54.23064533447869,0.0
AKT3,0.2701081450039456,54.22527649522173,0.0
PREX1,0.27008170184906966,54.21990765596478,0.0
MMP8,0.2700809084701383,54.21453881670782,0.0
PPP6C,0.2700785092410699,54.20916997745088,0.0
CNR2,0.27005554689938327,54.20380113819392,0.0
LYZL2,0.27005167250917694,54.19843229893697,0.0
PRTG,0.2699844486601162,54.19306345968001,0.0
PAXBP1,0.26996219903216523,54.187694620423066,0.0
DNTTIP1,0.2699453144316359,54.18232578116611,0.0
FAM69A,0.2699315067911198,54.17695694190916,0.0
RPS16,0.2699254347899684,54.1715881026522,0.0
UBE2E2,0.26990968917463504,54.166219263395256,0.0
TBC1D23,0.2698844481723083,54.160850424138296,0.0
WDFY1,0.269874513492717,54.15548158488135,0.0
STXBP4,0.26986521918482903,54.1501127456244,0.0
CD209,0.26983995332621846,54.144743906367445,0.0
ZDHHC9,0.26982841249703465,54.13937506711049,0.0
TMEM129,0.2698209773670911,54.13400622785354,0.0
CAMK2G,0.26979955872593436,54.12863738859659,0.0
FNIP1,0.2697988565755134,54.123268549339635,0.0
SART1,0.26975544337363655,54.11789971008268,0.0
CAMK1G,0.26974172842781363,54.11253087082572,0.0
SPTSSA,0.26968498545359104,54.10716203156878,0.0
LY86,0.2696619597579126,54.10179319231182,0.0
HOXA6,0.2696395640726532,54.09642435305487,0.0
DOK4,0.2696393806498606,54.09105551379791,0.0
KCNH4,0.26961971053845324,54.085686674540966,0.0
HES7,0.2694474758028166,54.080317835284006,0.0
CHKA,0.2694412131968653,54.07494899602706,0.0
NFATC2IP,0.2694402279995482,54.0695801567701,0.0
RPS14,0.26937728875391953,54.064211317513156,0.0
FBLN5,0.269368030386042,54.058842478256196,0.0
STK31,0.2693584252727469,54.05347363899925,0.0
MATN3,0.26932262092107473,54.04810479974229,0.0
MICU3,0.26931778153110353,54.042735960485345,0.0
EIF4B,0.26928434300975745,54.037367121228385,0.0
HRH3,0.269234635297939,54.03199828197144,0.0
SNX4,0.2691538079109508,54.02662944271448,0.0
ANO5,0.26914114955107293,54.021260603457534,0.0
CCT6A,0.26912402460009044,54.01589176420059,0.0
CHST10,0.2690874631549586,54.01052292494363,0.0
ELMOD3,0.26904585233846834,54.00515408568668,0.0
GPAM,0.2690303129636188,53.999785246429724,0.0
UBP1,0.2690262694954371,53.99441640717277,0.0
E2F5,0.26902225531662416,53.98904756791582,0.0
NOXA1,0.26901669804646183,53.983678728658866,0.0
TMEM126A,0.26900742593573046,53.97830988940191,0.0
DEFA5,0.26898649860256846,53.97294105014496,0.0
RPL23,0.2689601642052585,53.967572210888,0.0
HFM1,0.2689225394182718,53.962203371631055,0.0
NELFA,0.2688011908919191,53.956834532374096,0.0
USP25,0.26879450087192536,53.95146569311715,0.0
COPZ2,0.2687464563946439,53.94609685386019,0.0
COMMD3,0.26873956383812064,53.940728014603245,0.0
THYN1,0.2687384122270599,53.935359175346285,0.0
KIFC1,0.2687376933935093,53.92999033608934,0.0
DENND4A,0.26869125414264167,53.92462149683238,0.0
SULT1E1,0.26866491880610005,53.919252657575434,0.0
RBM27,0.26865007921760864,53.913883818318475,0.0
PKLR,0.26853662191523914,53.90851497906153,0.0
SNX15,0.2685342345662729,53.90314613980457,0.0
HIVEP3,0.26852871159028147,53.897777300547624,0.0
CLEC4E,0.268486230330662,53.892408461290664,0.0
FGD5,0.26847435890307353,53.88703962203372,0.0
CLU,0.2684067951848366,53.88167078277676,0.0
AGO3,0.26835931521957834,53.87630194351981,0.0
APH1A,0.26835588686437234,53.87093310426286,0.0
MYL4,0.26835270739056644,53.86556426500591,0.0
TMEM230,0.2683242493919011,53.860195425748955,0.0
MAP3K9,0.2683152525883373,53.854826586492,0.0
NONO,0.26820841810902796,53.84945774723505,0.0
CAMK4,0.26820589495218294,53.84408890797809,0.0
LIPT1,0.2681439874376489,53.838720068721145,1.0
SPIDR,0.26813918567726247,53.833351229464185,0.0
MAFG,0.26811175650981595,53.82798239020724,0.0
COMMD4,0.2680977866041867,53.82261355095028,0.0
PIPOX,0.2680917166992579,53.817244711693334,0.0
STXBP5L,0.26808374945847624,53.811875872436374,0.0
OR4F4,0.26804572443335095,53.80650703317943,0.0
GTPBP4,0.26802309131884594,53.80113819392247,0.0
ACIN1,0.26797572844932827,53.795769354665524,0.0
LGALSL,0.26795873346877663,53.790400515408564,0.0
CYP2S1,0.26794488192282595,53.78503167615162,0.0
CMSS1,0.26794040459772905,53.77966283689466,0.0
HBP1,0.2679338286361581,53.77429399763771,0.0
SYNGR3,0.2679165319303831,53.76892515838075,0.0
SP140,0.26788955370673656,53.76355631912381,0.0
GMPPB,0.26787624022622963,53.75818747986685,0.0
PRPF19,0.26786388143539747,53.7528186406099,0.0
APBA1,0.2678637323446484,53.74744980135294,0.0
PDCD2L,0.2678142082131596,53.742080962096,0.0
CHAF1B,0.26779143837834546,53.736712122839045,0.0
UBE2L6,0.2677899013474618,53.73134328358209,0.0
KCNK5,0.2677412193643735,53.72597444432514,0.0
KIAA0922,0.26769072921498316,53.72060560506819,0.0
HNRNPR,0.26766526110803873,53.715236765811234,0.0
MCF2L,0.26757020686935024,53.70986792655428,0.0
TAL1,0.2675206772903879,53.70449908729733,0.0
PPP1R13B,0.2675195611407419,53.69913024804037,0.0
CCNE1,0.2675120014981321,53.69376140878342,0.0
SRSF3,0.2674944814920249,53.688392569526464,0.0
EIF3E,0.26747252018482276,53.68302373026952,0.0
LHX8,0.2673857514490957,53.67765489101256,0.0
TYMS,0.26736929312477253,53.67228605175561,0.0
ARHGEF1,0.2673473594402736,53.66691721249865,0.0
POU6F1,0.26732872070624747,53.66154837324171,0.0
TBX10,0.26725217332711565,53.65617953398475,0.0
PGD,0.2671698813826823,53.6508106947278,0.0
AK3,0.26715087938408205,53.64544185547084,0.0
TRAF1,0.26715029831591885,53.6400730162139,0.0
VPS18,0.26706645417628183,53.63470417695694,0.0
SNED1,0.26706414921915506,53.62933533769999,0.0
AGR2,0.2670325944127515,53.62396649844303,0.0
OR6J1,0.2669911204815122,53.618597659186086,0.0
ZNF641,0.26697717746116945,53.61322881992913,0.0
ALKBH2,0.26695249595342285,53.60785998067218,0.0
ZSCAN31,0.2669419433249554,53.60249114141522,0.0
EMILIN3,0.26688227416731447,53.597122302158276,0.0
ALS2CR11,0.2667780504740853,53.59175346290132,0.0
RNF41,0.266758624471194,53.58638462364437,0.0
HIST1H1D,0.26672240205094916,53.58101578438742,0.0
LRRC6,0.2667190116098534,53.57564694513046,0.0
NTSR1,0.26665830543170965,53.57027810587351,0.0
C12orf49,0.26664051138834743,53.56490926661655,0.0
APC2,0.2665975731835627,53.55954042735961,0.0
ARRB1,0.2665842454763429,53.55417158810265,0.0
WAC,0.26651640862818,53.5488027488457,0.0
PELP1,0.26647074956952416,53.54343390958874,0.0
INMT,0.2664573521608432,53.5380650703318,0.0
ACTL7B,0.26634378358773575,53.53269623107484,0.0
ARHGAP26,0.26630414344356634,53.52732739181789,0.0
DDX39A,0.26629087031564386,53.52195855256093,0.0
DERL2,0.2662742459699488,53.516589713303986,0.0
GNL1,0.2662673849335278,53.51122087404703,0.0
GSTA2,0.2662170923689917,53.50585203479008,0.0
TBC1D10B,0.2661506292702537,53.50048319553312,0.0
MMP20,0.2661205569132147,53.495114356276176,0.0
DUS2,0.2661162844806138,53.489745517019216,0.0
GEM,0.26610350882398154,53.48437667776227,0.0
CCSER2,0.26609311115265455,53.47900783850531,0.0
NELL2,0.2660831141459046,53.473638999248365,0.0
IRF2BP2,0.26603957152407565,53.468270159991405,0.0
TMEM199,0.2660209253059682,53.46290132073446,0.0
PPCDC,0.26601990585437474,53.45753248147751,0.0
RPL13A,0.26597782558725036,53.452163642220555,0.0
CFI,0.26586198158781105,53.4467948029636,0.0
CAMKV,0.2658001228467662,53.44142596370665,0.0
SRPK2,0.2657868257723397,53.4360571244497,0.0
FAM129B,0.26577837768735657,53.43068828519274,0.0
BET1,0.265768643177895,53.42531944593579,0.0
TCF25,0.26575432716177,53.41995060667883,0.0
LIN9,0.26575100570933124,53.414581767421886,0.0
RNFT1,0.26572826565364255,53.409212928164926,0.0
HTR3A,0.2657157945800531,53.40384408890798,0.0
EIF1B,0.2657121102218252,53.39847524965102,0.0
NCKAP1L,0.26570752131690123,53.393106410394076,0.0
LDB1,0.2657006109431063,53.387737571137116,0.0
CAMK2B,0.26567966433309487,53.38236873188017,0.0
RPS29,0.2656361305189609,53.37699989262321,0.0
DUSP7,0.26561977092578665,53.371631053366265,0.0
TCAIM,0.2654798401075297,53.366262214109305,0.0
ENTPD7,0.26541474556810735,53.36089337485236,0.0
MYT1L,0.2654139797141978,53.3555245355954,0.0
LRSAM1,0.2654106716173857,53.350155696338454,0.0
SGCA,0.26540235522904854,53.344786857081495,0.0
KLHL2,0.2653980802119141,53.33941801782455,0.0
PDZD2,0.2653755439630626,53.33404917856759,0.0
GNAI2,0.26531549997220644,53.328680339310644,0.0
SCAF11,0.26527846620043405,53.32331150005369,0.0
GALNT15,0.26523461253555897,53.31794266079674,0.0
LOXL4,0.2652180086784096,53.312573821539786,0.0
PIAS4,0.26501020183263496,53.307204982282826,0.0
ZNF219,0.2649864863272775,53.30183614302588,0.0
DBX1,0.26495627000627,53.29646730376892,0.0
SERINC2,0.2648718483189919,53.291098464511975,0.0
ACVR1C,0.2648694673559012,53.285729625255016,0.0
USP35,0.2648632014770199,53.28036078599807,0.0
DCP1B,0.26484220682740933,53.27499194674111,0.0
ZNF292,0.2648092340578142,53.269623107484165,0.0
FAM114A1,0.2647854556690297,53.264254268227205,0.0
LUC7L,0.2647235399697528,53.25888542897026,0.0
OVOL1,0.2647053793806445,53.2535165897133,0.0
NUB1,0.26463684420511346,53.248147750456354,0.0
AKT2,0.2645929019072645,53.242778911199395,0.0
DGKH,0.2645370113839902,53.23741007194245,0.0
COX11,0.2645338399486811,53.23204123268549,0.0
POGZ,0.2645289426273583,53.226672393428544,1.0
MRPS16,0.2645156313114647,53.221303554171584,0.0
GIPC2,0.26448875990530524,53.21593471491464,0.0
FUK,0.2644855694268883,53.21056587565768,0.0
RNF113A,0.2644649739308314,53.20519703640073,1.0
MRPS7,0.26439412599253453,53.19982819714377,0.0
PNPLA4,0.26438879262994097,53.19445935788683,0.0
PRKCB,0.26434827392432503,53.18909051862987,0.0
BLK,0.26426635462292947,53.18372167937292,0.0
INO80B,0.26422509903279423,53.17835284011597,0.0
ZNF862,0.2642192029470134,53.17298400085902,0.0
WWC2,0.2642175661721506,53.167615161602065,0.0
PPP1R3A,0.264216810725219,53.162246322345105,0.0
POPDC2,0.2642094302532424,53.15687748308816,0.0
EPX,0.2642043856756554,53.1515086438312,0.0
PPFIA3,0.264152337606881,53.146139804574254,0.0
NTSR2,0.2641290320634674,53.140770965317294,0.0
SLC16A14,0.2641205881727068,53.13540212606035,0.0
RHPN1,0.2641091013319502,53.13003328680339,0.0
ORAI2,0.2640883434391517,53.124664447546444,0.0
MESP1,0.26407002801120444,53.119295608289484,0.0
SOS2,0.26405057335197696,53.11392676903254,0.0
TMEM106C,0.26404203456119035,53.10855792977558,0.0
VMP1,0.26398618224840276,53.10318909051863,0.0
KRT20,0.2639841164709269,53.09782025126167,0.0
TSPAN17,0.26397983969123623,53.09245141200473,0.0
SRGN,0.2639552225566507,53.08708257274777,0.0
C1orf131,0.2639542841709325,53.08171373349082,0.0
UBXN6,0.26395188122355084,53.07634489423386,0.0
ZNF646,0.2638971226294126,53.07097605497692,0.0
GLDN,0.2638326553495992,53.06560721571996,0.0
PRICKLE2,0.2638123874840283,53.06023837646301,0.0
RBM45,0.2638121537007247,53.05486953720605,0.0
LMAN2,0.2637540194768283,53.04950069794911,0.0
PIGW,0.2637446757280329,53.044131858692154,0.0
BTN2A2,0.2637262486000479,53.038763019435194,0.0
ARF6,0.2636517991563974,53.03339418017825,0.0
C10orf55,0.2636149645921835,53.02802534092129,0.0
RNF135,0.2635231035452199,53.02265650166434,0.0
IL18R1,0.26345742167041314,53.017287662407384,0.0
SEMA6C,0.2634527984906675,53.01191882315044,0.0
TRIM38,0.2633864147361845,53.00654998389348,0.0
BBOX1,0.2633491764306047,53.00118114463653,0.0
SNX7,0.26331525928115074,52.99581230537957,0.0
TMEM245,0.26325062034752544,52.99044346612263,0.0
PHYHIP,0.263249909969314,52.98507462686567,0.0
FAM35A,0.2631311387566103,52.97970578760872,0.0
NHLRC3,0.2630765799085997,52.97433694835176,0.0
PCGF5,0.2630682319723615,52.96896810909482,0.0
ADSSL1,0.26306377103365414,52.96359926983786,0.0
TRIM47,0.2630226292579,52.95823043058091,0.0
MAST3,0.2629582668552189,52.95286159132395,0.0
CSRP2,0.2629404517292574,52.94749275206701,0.0
PDE2A,0.26293323228900245,52.94212391281005,0.0
RPL7,0.26290282055029196,52.9367550735531,0.0
LAMB4,0.262891198420281,52.93138623429614,0.0
ZBTB49,0.2628680365513152,52.926017395039196,0.0
SUDS3,0.2628550374251632,52.920648555782236,0.0
SSPN,0.2628547941454563,52.91527971652529,0.0
SDF2L1,0.26281457256939794,52.90991087726833,0.0
TMED1,0.26279986536784855,52.904542038011385,0.0
AGER,0.26279621008637366,52.89917319875443,0.0
UBL7,0.26276569678076744,52.89380435949747,0.0
MAP3K15,0.26275435768200517,52.88843552024053,0.0
ACSS3,0.2627251072009857,52.88306668098357,0.0
OPRK1,0.2626913590236674,52.87769784172662,0.0
CYP3A5,0.2626648367218244,52.87232900246966,0.0
RPS24,0.2626156660864208,52.86696016321272,0.0
DAZAP1,0.26257181154891857,52.86159132395576,0.0
ACOT9,0.2625678287724016,52.85622248469881,0.0
FIZ1,0.2625634651052051,52.85085364544185,0.0
RPL7A,0.2625269205813921,52.845484806184906,0.0
CREBL2,0.26243665146571976,52.84011596692795,0.0
IPPK,0.26242421835918983,52.834747127671,0.0
SH3TC2,0.26242290043290045,52.82937828841404,0.0
GPRASP2,0.26239620347972686,52.824009449157096,0.0
TMBIM1,0.26234887844690064,52.818640609900136,0.0
G2E3,0.26227474247494964,52.81327177064319,0.0
WDR26,0.26226168859196053,52.80790293138623,0.0
SMPD3,0.2621900443292203,52.802534092129285,0.0
THUMPD3,0.26218972487952097,52.797165252872325,0.0
WDR63,0.2621896000216316,52.79179641361538,0.0
NSUN6,0.262119608586884,52.78642757435842,0.0
C17orf82,0.2621177751852604,52.781058735101475,0.0
MAP7D3,0.26202995361075115,52.775689895844515,0.0
APH1B,0.26199874548004526,52.77032105658756,0.0
LMBRD2,0.2619763693641441,52.76495221733062,0.0
TANK,0.2619538556232337,52.75958337807366,0.0
ACOX1,0.26193048453753665,52.75421453881671,1.0
SYCP2,0.2618702405022613,52.74884569955975,0.0
LTBR,0.26185141848884985,52.743476860302806,0.0
SP6,0.2618140919898597,52.738108021045846,0.0
MED14,0.26179579815296294,52.7327391817889,0.0
ME1,0.261774057825538,52.72737034253194,0.0
PRR13,0.2617666930704605,52.722001503274996,0.0
ZBTB8OS,0.26171268140324555,52.716632664018036,0.0
BRINP1,0.2616166985615009,52.71126382476109,0.0
VAMP7,0.26161292505942974,52.70589498550413,0.0
KRT32,0.2615902301086296,52.700526146247185,0.0
SFMBT1,0.26158457987378547,52.695157306990225,0.0
SPINK7,0.26157152316618804,52.68978846773328,0.0
ABT1,0.26155882319265367,52.68441962847632,0.0
SLC23A1,0.26153333996626527,52.679050789219374,0.0
CD38,0.26149380907496494,52.673681949962415,0.0
LBH,0.26148549262451404,52.66831311070547,0.0
CDKN2B,0.2614502781522082,52.66294427144851,0.0
PTOV1,0.26144874590109846,52.657575432191564,0.0
OSMR,0.2614280388452126,52.652206592934604,0.0
PARP9,0.26140121857677573,52.64683775367766,0.0
IRS2,0.2612944444444444,52.6414689144207,0.0
TMUB2,0.26126453597755506,52.63610007516375,0.0
IGSF10,0.2612210462125034,52.6307312359068,0.0
FARP1,0.2612046170082405,52.62536239664984,0.0
JAKMIP2,0.26114853120584003,52.619993557392895,0.0
SYP,0.261145847663416,52.614624718135936,0.0
TEAD3,0.2611061705855874,52.60925587887899,0.0
HBD,0.26102422916734713,52.60388703962203,0.0
HSPA4,0.26101318507011023,52.598518200365085,0.0
THSD1,0.26100736165499056,52.593149361108125,0.0
RPL9,0.26099441184181704,52.58778052185118,0.0
ARHGEF17,0.2609448883436059,52.58241168259422,0.0
FAM208B,0.26093618610227914,52.577042843337274,0.0
MTA3,0.26092394682335324,52.571674004080315,0.0
ELMO1,0.2609101374858392,52.56630516482337,0.0
SRM,0.26088062130328765,52.56093632556641,0.0
GABRD,0.26088000081038887,52.555567486309464,0.0
WFIKKN2,0.260845974297418,52.550198647052504,0.0
CTDSP2,0.2608369965155614,52.54482980779556,0.0
RPF2,0.26070074771258334,52.5394609685386,0.0
NDC80,0.2606836680670465,52.53409212928165,0.0
THRAP3,0.26065651549502394,52.52872329002469,0.0
LSG1,0.260643285013951,52.52335445076775,0.0
KLF13,0.26061190739656526,52.51798561151079,0.0
C12orf60,0.2606069135253387,52.51261677225384,0.0
MGAT4A,0.2605867639906527,52.50724793299688,0.0
KDM4B,0.2605820689167999,52.50187909373993,0.0
TRMT10C,0.2605771545909996,52.49651025448298,0.0
PTGES2,0.2605175091387076,52.491141415226025,0.0
PCDHGC5,0.2604941705541459,52.48577257596908,0.0
SS18L1,0.260492078348044,52.48040373671212,0.0
TECTA,0.2603467227589539,52.475034897455174,0.0
MANEAL,0.2603115301017951,52.469666058198214,0.0
NEIL1,0.26030741444045946,52.46429721894127,0.0
USP11,0.2602756476404305,52.45892837968431,0.0
ASAP2,0.26025754809475116,52.453559540427364,0.0
BTN3A3,0.26023866085442393,52.448190701170404,0.0
JPH3,0.2602229402052535,52.44282186191346,0.0
PPP6R2,0.26022092789112944,52.4374530226565,0.0
ARHGEF7,0.26021596275894354,52.43208418339955,0.0
KRR1,0.2602008507840196,52.42671534414259,0.0
UBA2,0.26017808981941387,52.42134650488565,0.0
FASTKD2,0.26006408137798476,52.41597766562869,1.0
STK38L,0.26004656909435325,52.41060882637174,0.0
PPWD1,0.2600301555609893,52.40523998711478,0.0
MAT2A,0.25998222981338104,52.39987114785784,0.0
PKN1,0.2599783662273275,52.39450230860088,0.0
DGKE,0.25996670679970935,52.38913346934393,0.0
TBC1D3,0.2599490654037035,52.38376463008697,0.0
CACNA1I,0.2599192630791844,52.37839579083003,0.0
ENPP6,0.25987852335933315,52.37302695157307,0.0
GABRB1,0.25987345787544147,52.36765811231612,0.0
USP29,0.25984483405533704,52.36228927305916,0.0
AIDA,0.25974207840149216,52.35692043380221,0.0
GID8,0.25969978880429423,52.35155159454526,0.0
CRYBG3,0.2596692662332677,52.346182755288304,0.0
CHID1,0.2596421729211401,52.34081391603136,0.0
TSNARE1,0.25964083828066786,52.3354450767744,0.0
KRT28,0.25962592227109815,52.33007623751745,0.0
ZKSCAN7,0.25960006056098206,52.32470739826049,0.0
SAR1A,0.25957326517776586,52.31933855900355,0.0
AMOTL2,0.2595466468521673,52.31396971974659,0.0
UBE2D1,0.25952697924210666,52.30860088048964,0.0
GGT7,0.259515273260987,52.30323204123268,0.0
SLC9A5,0.2594643267560379,52.29786320197574,0.0
MRPS27,0.2594631003415728,52.29249436271878,0.0
CDCA7L,0.25946111617016737,52.28712552346183,0.0
ANP32A,0.25945607740716575,52.28175668420487,0.0
ZNF280C,0.2594077282497869,52.27638784494793,0.0
MLC1,0.25938575271484715,52.27101900569097,0.0
C17orf75,0.25937039310454885,52.26565016643402,0.0
C4BPA,0.25936089520430067,52.26028132717706,0.0
LSM2,0.25935798776495594,52.254912487920116,0.0
ZC3H12B,0.2593135944841406,52.249543648663156,0.0
FAM172A,0.2592865226211131,52.24417480940621,0.0
NKIRAS2,0.25920699654368884,52.23880597014925,0.0
AP2A1,0.25919641620306255,52.2334371308923,0.0
PPP2R5E,0.2591632838497462,52.228068291635346,0.0
TRMT1L,0.2591013235468095,52.22269945237839,0.0
RAB11B,0.2590512477868044,52.21733061312144,0.0
COMP,0.25886969696969697,52.21196177386449,0.0
SCHIP1,0.2588270239390567,52.20659293460754,0.0
HHATL,0.2588206934885722,52.20122409535058,0.0
ADCY4,0.2588166431001568,52.19585525609364,0.0
CDK5RAP1,0.25872833701240905,52.19048641683668,0.0
ENSA,0.25872404517494607,52.18511757757973,0.0
C6,0.2586841582977299,52.17974873832277,0.0
ZNF569,0.258670181451983,52.174379899065826,0.0
GPT,0.258593431386225,52.16901105980887,0.0
SFTPA2,0.25859311339746,52.16364222055192,0.0
STATH,0.2585125573820327,52.15827338129496,0.0
HIST1H2AJ,0.25847197280324274,52.152904542038016,0.0
RBM23,0.25843438627626303,52.147535702781056,0.0
MXRA5,0.2584318017298153,52.14216686352411,0.0
MCMBP,0.25841732740164286,52.13679802426715,0.0
CDKN2C,0.2584016517282583,52.131429185010205,0.0
ADIPOR2,0.258390521379641,52.126060345753245,0.0
CHURC1,0.258374924283573,52.1206915064963,0.0
PDLIM2,0.25833363620923794,52.11532266723934,0.0
HNMT,0.25833342707561896,52.109953827982395,0.0
PTP4A2,0.2583290825209496,52.104584988725435,0.0
SYCP3,0.2583046766712596,52.09921614946849,0.0
SYPL2,0.25828938707908616,52.09384731021153,0.0
PACSIN3,0.2582554267594261,52.08847847095458,0.0
KNOP1,0.2582505596874777,52.083109631697624,0.0
LNPEP,0.25822429725422213,52.07774079244067,0.0
ADRB1,0.25818936202686205,52.072371953183726,0.0
UBE2D2,0.258181564585619,52.067003113926766,0.0
ANGEL2,0.2581108093894206,52.06163427466982,0.0
SMNDC1,0.2580512164124237,52.05626543541286,0.0
PTPN18,0.2580161484085938,52.050896596155916,0.0
GRAMD1A,0.2579647952280593,52.045527756898956,0.0
DPY30,0.2579466670687978,52.04015891764201,0.0
ALPK1,0.2578288372140279,52.03479007838505,0.0
SLC10A3,0.2578023364168715,52.029421239128105,0.0
DGKI,0.2578007623344356,52.024052399871145,0.0
NUTM1,0.2577557219781855,52.0186835606142,0.0
BCAP31,0.25773733132912513,52.01331472135724,0.0
CCT2,0.25773213500553716,52.007945882100294,0.0
PMF1,0.25764376308801984,52.002577042843335,0.0
ST3GAL4,0.2576237109185404,51.99720820358639,0.0
PLSCR2,0.25756036778796026,51.99183936432943,0.0
DDX6,0.25750452114099326,51.986470525072484,0.0
NMB,0.2574819558433336,51.981101685815524,0.0
BICD1,0.2574775372537381,51.97573284655858,0.0
ALS2CL,0.2574749949430129,51.97036400730162,0.0
NEDD8,0.25744373426768413,51.964995168044666,0.0
AWAT2,0.25737063667761595,51.959626328787714,0.0
TTF1,0.25730715586360225,51.95425748953076,0.0
TLX2,0.25730624144369235,51.94888865027381,0.0
GPR83,0.2571701971299895,51.943519811016856,0.0
ARHGEF3,0.2571213298832205,51.93815097175991,0.0
PCDH9,0.2571086568282484,51.93278213250295,0.0
HOXD12,0.2570995229207186,51.927413293246005,0.0
S100A10,0.2570542139265658,51.922044453989045,0.0
SEMA3D,0.25704634341630933,51.9166756147321,0.0
DDX50,0.25704343333215096,51.91130677547514,0.0
TUBB6,0.2570318787267223,51.905937936218194,0.0
TMEM9,0.25694820704705645,51.900569096961235,0.0
PLAUR,0.2568816311752461,51.89520025770429,0.0
FAM188B,0.2568739350611319,51.88983141844733,0.0
NMRK2,0.256873618403801,51.884462579190384,0.0
SH3YL1,0.2568481180206573,51.879093739933424,0.0
SIGLEC10,0.25684696718383215,51.87372490067648,0.0
AKAP1,0.2568177381376945,51.86835606141952,0.0
CR1L,0.2567789682539682,51.86298722216257,0.0
LMLN,0.2567783987113269,51.85761838290561,0.0
USP3,0.2566898556767601,51.85224954364867,0.0
KISS1R,0.2566627861754611,51.84688070439171,0.0
RAB31,0.2566602790252192,51.84151186513476,0.0
HABP4,0.25661241120086487,51.8361430258778,0.0
PCP2,0.25660909705664714,51.83077418662086,0.0
PTTG1,0.2565576947283689,51.8254053473639,0.0
OTUB1,0.256538023169456,51.820036508106945,0.0
CYP4B1,0.2565329232031136,51.81466766884999,0.0
USP40,0.2565154969269588,51.80929882959304,0.0
GJB5,0.25651273258211693,51.80392999033609,0.0
NR2F6,0.25643055457499836,51.798561151079134,0.0
PRMT1,0.2564245973160607,51.79319231182219,0.0
TSPAN8,0.2564218519256519,51.78782347256523,0.0
SELPLG,0.2563814382601083,51.782454633308284,0.0
PDP1,0.2562773400347178,51.777085794051324,0.0
AJAP1,0.2562265096170232,51.77171695479438,0.0
MEAF6,0.2561768371368588,51.76634811553742,0.0
VTN,0.25613736810346016,51.76097927628047,0.0
CMTR1,0.2561204914213659,51.75561043702351,0.0
FZD8,0.2560940663372267,51.75024159776657,0.0
ZNF608,0.2560416525523955,51.74487275850961,0.0
XRCC3,0.2560225004624352,51.73950391925266,0.0
SLFN11,0.25601189125521656,51.7341350799957,0.0
FBXL12,0.2559680755735957,51.72876624073876,0.0
C2orf88,0.25593023919431834,51.7233974014818,0.0
MTMR9,0.2558245581590878,51.71802856222485,0.0
PKHD1L1,0.2557935999467026,51.71265972296789,0.0
PIGG,0.25573751387339505,51.70729088371095,0.0
MR1,0.2557206199257342,51.70192204445399,0.0
RHOT1,0.2557193050796502,51.696553205197034,0.0
EI24,0.25562418838245204,51.69118436594008,0.0
SYNC,0.2554887739640214,51.68581552668313,0.0
RNF212,0.2554847920224993,51.680446687426176,0.0
HIST1H1E,0.2554241491116994,51.675077848169224,0.0
COPG2,0.255400537892222,51.66970900891227,0.0
SCARA3,0.2553339292240766,51.66434016965532,0.0
PGLYRP3,0.2553194888153029,51.65897133039837,0.0
COL13A1,0.25528758566744814,51.65360249114141,0.0
ADORA2B,0.2552584823420439,51.64823365188447,0.0
SLTM,0.2552427646830022,51.64286481262751,0.0
ADAM23,0.25518371404623497,51.63749597337056,0.0
SEPW1,0.2551702353859459,51.6321271341136,0.0
MISP,0.25516189223732877,51.62675829485666,0.0
CASP12,0.25514910022172155,51.6213894555997,0.0
CA6,0.2550672999925627,51.61602061634275,0.0
SERPINE2,0.2550474307431997,51.61065177708579,0.0
THOC2,0.25500016097709477,51.60528293782885,0.0
HCST,0.2549591244731847,51.59991409857189,0.0
QTRT1,0.25494970486124624,51.59454525931494,0.0
MAPKAPK5,0.25494433554768675,51.58917642005798,0.0
B4GALNT4,0.25492335768878893,51.583807580801036,0.0
GMCL1,0.2549112914555673,51.578438741544076,0.0
PHF14,0.25489229696335386,51.57306990228713,0.0
EXOSC1,0.2548687525963327,51.56770106303017,0.0
SMG8,0.25484885562193094,51.562332223773225,0.0
DOLPP1,0.2548301642983829,51.556963384516266,0.0
EIF3I,0.25478508128774663,51.55159454525931,0.0
CREG1,0.25478270374914747,51.54622570600236,0.0
FBXO40,0.2547766044044736,51.54085686674541,0.0
CDC25A,0.2547618402383306,51.535488027488455,0.0
FGF19,0.2547375913860024,51.5301191882315,0.0
APOC4,0.2547175305391163,51.52475034897455,0.0
ATG4D,0.2547076127468508,51.5193815097176,0.0
CCDC15,0.25467820655096,51.51401267046065,0.0
LRFN2,0.2546646164690377,51.50864383120369,0.0
CORO2A,0.25465896327815674,51.503274991946746,0.0
BMX,0.25458837761994146,51.49790615268979,0.0
OTP,0.2545699394985047,51.49253731343284,0.0
KIAA1586,0.25451746283636206,51.48716847417588,0.0
ZFPL1,0.2544215483392212,51.481799634918936,0.0
MLLT10,0.25441157113334606,51.476430795661976,0.0
PIP4K2C,0.254406954005968,51.47106195640503,0.0
CLMN,0.2543433424754489,51.46569311714807,0.0
CAPG,0.2543336921850644,51.460324277891125,0.0
NEDD9,0.2543326151873795,51.454955438634165,0.0
MYBPC2,0.25433019986931765,51.44958659937722,0.0
CLK4,0.25430839201147293,51.44421776012026,0.0
HNRNPD,0.25430415360020686,51.438848920863315,0.0
F12,0.2542942171238444,51.433480081606355,0.0
GALNT3,0.25427076488883193,51.4281112423494,0.0
COL6A5,0.2542016017246666,51.42274240309245,0.0
DUOX1,0.25418171324106376,51.4173735638355,0.0
SLC25A17,0.2541442964306261,51.412004724578544,0.0
ZRSR2,0.2541279250448099,51.40663588532159,0.0
LIPI,0.25411157796451916,51.40126704606464,0.0
TSR1,0.2541097538694321,51.395898206807686,0.0
ZNF207,0.25405341583786517,51.39052936755073,0.0
IL17RC,0.25401558134744195,51.38516052829378,0.0
EVL,0.25398837205680247,51.379791689036836,0.0
TSPAN33,0.2539628518058166,51.374422849779876,0.0
RRAGB,0.25387793520941465,51.36905401052293,0.0
NUP54,0.2538607088310368,51.36368517126597,0.0
HOXD3,0.2538052237003029,51.358316332009025,0.0
UBE2NL,0.2537749191174047,51.352947492752065,0.0
SLC29A2,0.253762177337945,51.34757865349512,0.0
PTPRCAP,0.2537612995186732,51.34220981423816,0.0
DIS3L,0.25375801706231715,51.336840974981214,0.0
EPB41L1,0.2537277185788903,51.331472135724255,0.0
PHF10,0.25371504647795873,51.32610329646731,0.0
ATAD3C,0.25371319283750876,51.32073445721035,0.0
LRRC14,0.25369764550391494,51.315365617953404,0.0
SOX14,0.25367241096416504,51.309996778696444,0.0
MAP1LC3B2,0.2536330888160626,51.3046279394395,0.0
DMPK,0.25360788115972677,51.29925910018254,0.0
CMIP,0.25359279771479926,51.29389026092559,0.0
PPDPF,0.25354812918028774,51.288521421668634,0.0
AQR,0.25354718970049006,51.28315258241168,0.0
SHISA5,0.25348830287490065,51.27778374315473,0.0
ARFIP1,0.2534792432446973,51.272414903897776,0.0
MSI2,0.25344310422975097,51.26704606464082,0.0
RCOR1,0.2533821773183772,51.26167722538387,0.0
MRPS21,0.25335151037414133,51.25630838612692,0.0
SMUG1,0.2533374605155364,51.250939546869965,0.0
PPFIBP2,0.2532174933119974,51.24557070761302,0.0
ZNF215,0.25321740241450796,51.24020186835606,0.0
TAOK3,0.25318044764151715,51.234833029099114,0.0
FAM46A,0.2531653219670169,51.229464189842155,0.0
RPRD2,0.25315881771071386,51.22409535058521,0.0
GPSM1,0.2531535145796411,51.21872651132825,0.0
TUBA8,0.2531235870700853,51.213357672071304,0.0
IFI44,0.2531067355513023,51.207988832814344,0.0
LPGAT1,0.25310204220546606,51.2026199935574,0.0
ZDBF2,0.2530955619168179,51.19725115430044,0.0
USP12,0.253088964831682,51.19188231504349,0.0
FMNL2,0.25304030622850054,51.18651347578653,0.0
USP20,0.25302044989329386,51.18114463652959,0.0
MINOS1,0.2529439579351306,51.17577579727263,0.0
ADAD1,0.25293619489153,51.17040695801568,0.0
DUSP3,0.2528888760880105,51.16503811875872,0.0
ITGAE,0.2528549900566621,51.15966927950177,0.0
HMGCS1,0.25284111400767434,51.15430044024482,0.0
ARMCX3,0.25282503727024125,51.148931600987865,0.0
GYPC,0.25279301544082067,51.14356276173091,0.0
VPRBP,0.2527761904761905,51.13819392247396,0.0
MCM9,0.25277557736283773,51.13282508321701,0.0
PARP12,0.25276413459306923,51.127456243960054,0.0
TOMM40,0.2527175501860736,51.122087404703095,0.0
CUL2,0.2526702399465431,51.11671856544615,0.0
IL3,0.25264942779689964,51.11134972618919,0.0
ZDHHC3,0.2526110412824472,51.105980886932244,0.0
ITGB3BP,0.2525821615279628,51.1006120476753,0.0
GTF2A1,0.2525654324649804,51.09524320841834,0.0
TBCA,0.2524860577874557,51.08987436916139,0.0
LIN7B,0.25248060062459654,51.08450552990443,0.0
CLCNKB,0.25247861554771006,51.07913669064749,1.0
EPS8L3,0.252443928750237,51.07376785139053,0.0
USP32,0.25240411543208496,51.06839901213358,0.0
TLDC2,0.25238591164232443,51.06303017287662,0.0
HOXA10,0.25238515418116436,51.05766133361968,0.0
PRR14L,0.252346241680009,51.05229249436272,0.0
ACSM2A,0.25234233461838873,51.04692365510577,0.0
KLHL26,0.25230236735709255,51.04155481584881,0.0
POLM,0.2523001343855241,51.03618597659187,0.0
RPS11,0.2522983674706318,51.03081713733491,0.0
STARD3,0.2522737007950732,51.02544829807796,0.0
ANKRD28,0.25225899743868735,51.020079458821,0.0
TEKT3,0.2522430036040051,51.01471061956405,0.0
WDR48,0.2522382928350392,51.009341780307096,0.0
JMY,0.2522038052569534,51.003972941050144,0.0
ZNF268,0.2521742853369279,50.99860410179319,0.0
GMDS,0.25214849268240735,50.99323526253624,0.0
HGSNAT,0.25212521331325677,50.987866423279286,0.0
YPEL3,0.25211559411719187,50.98249758402233,0.0
EXD3,0.25211480856444246,50.97712874476537,0.0
IPP,0.25207033963540876,50.97175990550843,0.0
CDK11A,0.25206803761174973,50.96639106625148,0.0
POLR2C,0.2520525459246099,50.96102222699452,0.0
CHN1,0.2520089631561623,50.95565338773758,0.0
PRF1,0.251983138776233,50.95028454848062,0.0
MRPL39,0.2519573978011825,50.94491570922367,0.0
PPP2R3C,0.2519515885779131,50.93954686996671,0.0
SPRYD7,0.251848965189417,50.93417803070977,0.0
RRP1B,0.25182456678756093,50.92880919145281,0.0
CACNA2D3,0.2518231742212417,50.92344035219586,0.0
WNT8B,0.251808212520093,50.9180715129389,0.0
UHRF2,0.25180477543191027,50.912702673681956,0.0
ETV2,0.251801453763142,50.907333834424996,0.0
MPZ,0.25174449806033866,50.90196499516805,0.0
ZC3H7B,0.2517079899132457,50.89659615591109,0.0
SERPINB3,0.2516939832792027,50.89122731665414,0.0
TGFB1I1,0.25164977664788335,50.885858477397186,0.0
AP1G2,0.25162519962519775,50.88048963814023,0.0
VPS37C,0.25161364343726705,50.87512079888328,0.0
IQCH,0.2515754084413053,50.86975195962633,0.0
GABRG2,0.25156881123424624,50.864383120369375,0.0
CCR10,0.2515623859728279,50.85901428111242,0.0
NAGK,0.2515623357095376,50.85364544185546,0.0
FRMPD1,0.25151883626116467,50.84827660259852,0.0
APOBEC1,0.2514533095827999,50.84290776334156,0.0
SNRNP35,0.25143735661502065,50.83753892408461,0.0
NSUN5,0.2514365864642836,50.83217008482765,0.0
RPL19,0.2514241994398992,50.82680124557071,0.0
SSC5D,0.25140887609214274,50.82143240631376,0.0
SNX27,0.2513769070136101,50.8160635670568,0.0
TMEM176B,0.25131595435593523,50.810694727799856,0.0
TIMM17B,0.2512500980170236,50.805325888542896,0.0
CYP27A1,0.25124509582329846,50.79995704928595,0.0
LPCAT2,0.2512321543278635,50.79458821002899,0.0
BST2,0.25122292187076656,50.789219370772045,0.0
TSPAN9,0.2512044523328283,50.783850531515085,0.0
LRCH1,0.25120353971473947,50.77848169225814,0.0
ERH,0.251189745532151,50.77311285300118,0.0
FRAT1,0.2511480671628943,50.767744013744235,0.0
OSBPL5,0.2511276289419287,50.762375174487275,0.0
CCL8,0.25112525756756887,50.75700633523033,0.0
ATG2A,0.2511185456011901,50.75163749597337,0.0
FGFR1OP2,0.25110225897010147,50.74626865671642,0.0
POF1B,0.2510873355040152,50.740899817459464,0.0
CARF,0.251055287003774,50.73553097820251,0.0
VRK3,0.2509824116667973,50.73016213894556,0.0
MOXD1,0.2509667749178525,50.724793299688606,0.0
VPS9D1,0.2509633053208583,50.719424460431654,0.0
EXOC6B,0.25091060055748765,50.7140556211747,0.0
LUC7L2,0.25089206074965076,50.70868678191774,0.0
PPP6R3,0.25088346114757387,50.703317942660796,0.0
TMEM14B,0.2507470486933506,50.697949103403836,0.0
PI4KB,0.2507322921763321,50.69258026414689,0.0
TMEM260,0.25066391241831937,50.687211424889945,0.0
MRPS34,0.250545617508293,50.681842585632985,0.0
MANEA,0.25054179593448955,50.67647374637604,0.0
TRAPPC12,0.25050487238433816,50.67110490711908,0.0
TEKT1,0.2505028462166916,50.665736067862134,0.0
TK1,0.25048485752119437,50.660367228605175,0.0
SEC61A1,0.25044505675542067,50.65499838934823,0.0
DCAF12,0.2504386113816376,50.64962955009127,0.0
SWI5,0.2504051740909908,50.644260710834324,0.0
CHMP6,0.2503654836377383,50.638891871577364,0.0
POLDIP3,0.25033588624164155,50.63352303232042,0.0
TLR7,0.2502994372410422,50.62815419306346,0.0
ABCC3,0.250286278025293,50.622785353806506,0.0
CWC25,0.25027686161351237,50.617416514549554,0.0
SLC35E1,0.2501884502121624,50.6120476752926,0.0
SGMS1,0.25017647224038464,50.60667883603565,0.0
MRGPRX1,0.2501700409464867,50.601309996778696,0.0
TMEM87B,0.25013582779893034,50.59594115752174,0.0
ENOSF1,0.25013352928617427,50.59057231826479,0.0
WDR82,0.25011612950390333,50.58520347900783,0.0
MAPK8IP2,0.2500727389914176,50.579834639750885,0.0
LMAN1L,0.2500467872902132,50.574465800493925,0.0
TMED2,0.2500209668417352,50.56909696123698,0.0
SULT2A1,0.2500042996969035,50.56372812198002,0.0
MID1,0.25000233393396176,50.558359282723075,0.0
KANSL3,0.2499855998633813,50.55299044346613,0.0
SLC27A3,0.24993223632926606,50.54762160420917,0.0
MID1IP1,0.24992563882141208,50.542252764952224,0.0
CORIN,0.24991812608701264,50.536883925695264,0.0
NSA2,0.24986508946687694,50.53151508643832,0.0
CCNY,0.2498525274568712,50.52614624718136,0.0
BFAR,0.2497947011872391,50.52077740792441,0.0
SNX1,0.24973387368514827,50.51540856866745,0.0
SNRNP70,0.24963950273383667,50.51003972941051,0.0
PHYH,0.2496320250535604,50.50467089015355,1.0
DNAJC4,0.24963117962218667,50.4993020508966,0.0
YAF2,0.24954620620741905,50.49393321163964,0.0
KCNK9,0.24953011246184395,50.4885643723827,0.0
AKAP11,0.24951138188156402,50.48319553312574,0.0
TPRKB,0.249490474097876,50.477826693868785,0.0
MBOAT1,0.2494507967458916,50.47245785461183,0.0
TMEM18,0.24942982295453886,50.46708901535488,0.0
BRPF3,0.24942604142074165,50.46172017609793,0.0
SNX8,0.249414490537284,50.456351336840974,0.0
C14orf166,0.24939620047971656,50.45098249758402,0.0
SEMA7A,0.24939201256691587,50.44561365832707,0.0
CCDC94,0.24926764132812393,50.44024481907011,0.0
DPPA2,0.24926240783997428,50.434875979813164,0.0
RPL36A,0.24922786826796067,50.429507140556204,0.0
RPL14,0.24921267178609066,50.42413830129926,0.0
SHOC2,0.24916344754228933,50.4187694620423,0.0
ST5,0.2491414335868749,50.41340062278535,0.0
DHH,0.2491204523877472,50.40803178352841,0.0
DENND2A,0.24911602128282245,50.40266294427145,0.0
PABPC4,0.249093277244125,50.3972941050145,0.0
PRG4,0.24906518099139324,50.39192526575754,0.0
SLC12A3,0.24905072577909354,50.3865564265006,0.0
CHDH,0.2490386249342856,50.38118758724364,0.0
APOL2,0.24895776980241163,50.37581874798669,0.0
CACNG7,0.2489503747143973,50.37044990872973,0.0
FCGR2B,0.24881451067669932,50.36508106947279,0.0
PLEKHG4B,0.24874104423919047,50.35971223021583,0.0
PPP1R3D,0.2487174701702893,50.354343390958874,0.0
SNX18,0.2487046439136245,50.34897455170192,0.0
MOSPD3,0.24867357174988752,50.34360571244497,0.0
HIST2H2BE,0.24866549075412778,50.338236873188016,0.0
WSB1,0.24864945484511192,50.332868033931064,0.0
USP48,0.248621533094103,50.32749919467411,0.0
CD164,0.24860218154174452,50.32213035541716,0.0
HOXB6,0.24858463947435197,50.3167615161602,0.0
DNAJB12,0.24856886517527385,50.31139267690325,0.0
RBM10,0.24856262772046298,50.30602383764629,0.0
CBWD5,0.2484987518167209,50.30065499838935,0.0
SDAD1,0.24847268477740161,50.29528615913239,0.0
MROH2B,0.24845277249979209,50.28991731987544,0.0
REL,0.24843291303033171,50.28454848061848,0.0
HIST1H2AG,0.24835086228590178,50.27917964136154,0.0
TIRAP,0.24834996416743732,50.27381080210459,0.0
CNTNAP4,0.24831113896043525,50.26844196284763,0.0
MTG1,0.24829892714030585,50.26307312359069,0.0
GALNT2,0.24829204148448553,50.25770428433373,0.0
ROPN1L,0.2482770933139844,50.25233544507678,0.0
CLPX,0.2482626788322885,50.24696660581982,0.0
GIMAP6,0.2482363236403363,50.241597766562876,0.0
TOMM20,0.2482015110593248,50.236228927305916,0.0
AHSA2,0.24815677665838337,50.23086008804897,0.0
NCR1,0.24813913513415944,50.22549124879201,0.0
TSPAN18,0.24813603886529675,50.220122409535065,0.0
SNRPD1,0.24810056317571805,50.214753570278106,0.0
PALMD,0.24809234280839715,50.20938473102115,0.0
FBXW11,0.24807193680191975,50.2040158917642,0.0
PDLIM4,0.24802660320107103,50.19864705250725,0.0
AKIRIN2,0.24798386463148744,50.193278213250295,0.0
SIGLEC1,0.24798236186067765,50.18790937399334,0.0
RAPGEF3,0.24792723817465592,50.18254053473639,0.0
MGST3,0.24789409472826712,50.17717169547944,0.0
UGT2B15,0.247855920206784,50.17180285622248,0.0
IL15,0.24784647261475112,50.16643401696553,0.0
HTR6,0.24782863700822233,50.16106517770857,0.0
ZNF92,0.2477589670338792,50.15569633845163,0.0
KIAA1324,0.24767925284591957,50.15032749919467,0.0
TXNL4B,0.24766911510157957,50.14495865993772,0.0
C17orf89,0.24765594383284212,50.13958982068076,0.0
JAKMIP1,0.2476381066141148,50.134220981423816,0.0
UBA7,0.2476050086417183,50.12885214216687,0.0
MAP1LC3A,0.24756053763543284,50.12348330290991,0.0
KLHDC8B,0.24755607991929343,50.118114463652965,0.0
MORC1,0.24750748386165666,50.112745624396005,0.0
ITGB6,0.24747841476231763,50.10737678513906,0.0
GPBP1L1,0.24743094238070934,50.1020079458821,0.0
LRFN3,0.24733584103692863,50.096639106625155,0.0
CD33,0.24728545688680956,50.091270267368195,0.0
MDGA2,0.24725965045062098,50.08590142811124,0.0
CORO6,0.24723617544599313,50.08053258885429,0.0
ADCK4,0.24719078295818925,50.07516374959734,0.0
KIAA0319,0.24708767970760598,50.069794910340384,0.0
CD200R1L,0.24703688191586753,50.06442607108343,0.0
RNF220,0.24701346268496888,50.05905723182648,0.0
SEMA3G,0.246944523180749,50.053688392569526,0.0
BIVM,0.24693967686666846,50.04831955331257,0.0
VPS4A,0.24693284610067961,50.04295071405562,0.0
PPP5C,0.24670802619706636,50.03758187479866,0.0
UACA,0.24669998112170868,50.032213035541716,0.0
IKZF3,0.24669295114525852,50.026844196284756,0.0
FKBP1B,0.2466925726775143,50.02147535702781,0.0
PEA15,0.24667920994041967,50.01610651777085,0.0
ASMTL,0.2466741185770333,50.010737678513905,0.0
TRIM4,0.24664666754831677,50.005368839256946,0.0
ATP1B4,0.24661953554396027,50.0,0.0
SAMD9,0.2466047418361101,49.99463116074305,0.0
TAPBP,0.2465858324114245,49.989262321486095,0.0
TMEM147,0.24657769651255923,49.98389348222914,0.0
FPR2,0.2465762299222892,49.97852464297219,0.0
KCNAB1,0.24652490171221805,49.97315580371524,0.0
CYP2J2,0.24648436645435004,49.967786964458284,0.0
SEH1L,0.2464084546909083,49.96241812520133,0.0
RNF34,0.24639787593223056,49.95704928594438,0.0
RAB1B,0.2463525982152615,49.951680446687426,0.0
RELB,0.24629630674027517,49.946311607430474,0.0
TUBA4A,0.24625886993487023,49.94094276817352,0.0
EIF4E2,0.24619904498313372,49.93557392891657,0.0
AICDA,0.24614445985572636,49.930205089659616,0.0
DTNB,0.2460802315949083,49.92483625040266,0.0
FAM50B,0.2460309888366376,49.91946741114571,0.0
HCK,0.24598622692150554,49.91409857188876,0.0
OR4C5,0.24595137130963143,49.908729732631805,0.0
SREK1IP1,0.24594296685596198,49.90336089337485,0.0
TET3,0.24592163666335023,49.8979920541179,0.0
MB21D2,0.24591589446710746,49.89262321486095,0.0
AES,0.24588844720738678,49.887254375603995,0.0
STK33,0.24587150680233508,49.88188553634704,0.0
HAVCR1,0.2458552285864312,49.87651669709009,0.0
ADIPOQ,0.24577624517495597,49.87114785783314,0.0
SPOCK1,0.24568131244567587,49.865779018576184,0.0
RBM33,0.2456186152609312,49.86041017931923,0.0
ZNF829,0.24560777601125877,49.85504134006228,0.0
MDP1,0.24549769019519813,49.849672500805326,0.0
CRTC1,0.24545480493285537,49.84430366154837,0.0
TRPC4AP,0.245420508206514,49.83893482229142,0.0
SERPINI2,0.24541373202008226,49.83356598303447,0.0
CRTAC1,0.24539240878802873,49.828197143777516,0.0
CTDNEP1,0.24535217780152618,49.82282830452056,0.0
F2RL3,0.24530859674269018,49.81745946526361,0.0
KRT81,0.24527890855897963,49.81209062600666,0.0
ZNF518B,0.2452421897315998,49.806721786749705,0.0
RPS5,0.2452221874560398,49.80135294749275,0.0
ACOT1,0.2452171448190581,49.7959841082358,0.0
HNRNPA1L2,0.24521010594957376,49.79061526897885,0.0
EIF1,0.24519179446075062,49.785246429721894,0.0
C1S,0.24512566348960893,49.77987759046494,0.0
SDC3,0.2450735730828673,49.77450875120799,0.0
TSSK4,0.24503892538461827,49.76913991195104,0.0
SNRK,0.24502650853308308,49.763771072694084,0.0
LHCGR,0.24499200501570811,49.75840223343713,0.0
TMEM176A,0.24498461434810664,49.75303339418018,0.0
ESD,0.2449824408291046,49.747664554923226,0.0
CERS4,0.24495854808141954,49.74229571566627,0.0
TPO,0.24494797879221486,49.73692687640932,0.0
GDPD5,0.24493899116406054,49.73155803715237,0.0
KCNA5,0.24491567999247152,49.726189197895415,0.0
TPCN2,0.24489912755172946,49.72082035863846,0.0
RBBP5,0.24486690030838082,49.71545151938151,0.0
CDC23,0.24486258919059983,49.71008268012456,0.0
TLDC1,0.24483326164198266,49.704713840867605,0.0
RHOBTB2,0.24482672519109566,49.69934500161065,0.0
ANKS1A,0.24482113608290706,49.6939761623537,0.0
PARD6A,0.2448193614100335,49.68860732309675,0.0
CD276,0.24481560945682487,49.683238483839794,0.0
NCK2,0.24480235292663552,49.67786964458284,0.0
GTF3C6,0.24479848061369963,49.67250080532589,0.0
TES,0.24478952624862327,49.667131966068936,0.0
ZMYM6,0.24477605599161162,49.661763126811984,0.0
CSMD1,0.24472619047619046,49.65639428755503,0.0
TBC1D10C,0.2446640370893615,49.65102544829808,0.0
ADRA1B,0.24464978358626138,49.645656609041126,0.0
ZRANB2,0.24456519900673718,49.64028776978417,0.0
TMX4,0.2445420497557477,49.63491893052722,0.0
OXSR1,0.24452746196623804,49.62955009127027,0.0
ACAP3,0.24451937418635789,49.624181252013315,0.0
KLK4,0.24450438259289284,49.61881241275636,0.0
CST2,0.24449573522809942,49.61344357349941,0.0
TMA7,0.2444520839755527,49.60807473424246,0.0
NEUROG3,0.24445075097426122,49.602705894985505,0.0
PPFIA2,0.24442176447792083,49.59733705572855,0.0
EIF4A1,0.2443372400002477,49.5919682164716,0.0
HNRNPF,0.24429041179033514,49.58659937721465,0.0
RTP3,0.24421050441047143,49.581230537957694,0.0
ACVR1B,0.2441929228330228,49.57586169870074,0.0
SLC6A12,0.2441853232370667,49.57049285944379,0.0
MXD3,0.24414867693930056,49.565124020186836,0.0
FLI1,0.24413288561050792,49.55975518092988,0.0
SNX12,0.24404388687698103,49.55438634167293,0.0
TIAM1,0.24403903778331645,49.54901750241598,0.0
PHF2,0.2440329439541165,49.543648663159026,0.0
AMIGO1,0.24396969770125582,49.53827982390207,0.0
KBTBD4,0.24394799969295455,49.53291098464512,0.0
SH3BP4,0.24392878763214337,49.52754214538817,0.0
DUS1L,0.24390110900485187,49.522173306131215,0.0
ERLIN2,0.24389776303631824,49.51680446687426,0.0
SCLY,0.24388846214045637,49.51143562761731,0.0
NAT14,0.24386588099655732,49.50606678836036,0.0
GNG2,0.24384729033490146,49.500697949103404,0.0
QRICH1,0.24383578720327193,49.49532910984645,0.0
NPPB,0.24380919965411518,49.4899602705895,0.0
UBE4A,0.2437367311693388,49.48459143133255,0.0
MAGI3,0.24373335501388144,49.479222592075594,0.0
ENTPD6,0.24367839513990056,49.47385375281864,0.0
HDAC10,0.24366476084001548,49.46848491356169,0.0
CYTH4,0.24365538498053754,49.463116074304736,0.0
RNF167,0.24365438311085721,49.45774723504778,0.0
LNX2,0.2436509055854096,49.45237839579083,0.0
SCN4B,0.2435310277273975,49.44700955653388,0.0
MAP3K3,0.24352811585819908,49.441640717276925,0.0
PGR,0.2435211739812999,49.43627187801997,0.0
GOLPH3L,0.24350450040244925,49.43090303876302,0.0
TOR1AIP2,0.2434505529286163,49.42553419950607,0.0
FUT11,0.24344445031232684,49.420165360249115,0.0
ENGASE,0.24344402961826678,49.41479652099216,0.0
KPNA3,0.24339777473176313,49.40942768173521,0.0
DDX60L,0.24338222581661184,49.40405884247826,0.0
NLRP6,0.24338108967106628,49.398690003221304,0.0
GINS2,0.24336419386480745,49.39332116396435,0.0
BNIP3,0.24335985281675815,49.3879523247074,0.0
NT5C3A,0.24330017711922114,49.382583485450446,0.0
FBXO7,0.24329717907775864,49.377214646193494,0.0
FOXR1,0.243274998317471,49.37184580693654,0.0
VASP,0.24319868031797584,49.36647696767959,0.0
SNRNP48,0.2431484444007374,49.361108128422636,0.0
ZNF225,0.242987110013725,49.35573928916568,0.0
CCDC158,0.2429497836527227,49.35037044990873,0.0
MAPKAP1,0.24291100531674786,49.34500161065178,0.0
IAPP,0.24288774284366213,49.339632771394825,0.0
SCGN,0.24286226832363536,49.33426393213787,0.0
CPSF3L,0.2428390067902874,49.32889509288092,0.0
CCDC90B,0.24280789749388756,49.32352625362397,0.0
CH25H,0.24278972936906523,49.318157414367015,0.0
NUDC,0.2427599758076724,49.31278857511006,0.0
LOR,0.24274672178860005,49.30741973585311,0.0
PACS2,0.24273273546952892,49.30205089659616,0.0
C2orf69,0.24270855502719155,49.296682057339204,0.0
OR4F5,0.24267645039253405,49.29131321808225,0.0
RASAL3,0.2426167901165984,49.2859443788253,0.0
ANKRD35,0.24259437513818347,49.280575539568346,0.0
ADRA2A,0.24252539682539678,49.275206700311394,0.0
LYL1,0.24252037577504879,49.26983786105444,0.0
ACP2,0.24245569435484998,49.26446902179749,0.0
ANLN,0.24245118988912093,49.259100182540536,0.0
CSMD3,0.24234082794326323,49.25373134328358,0.0
ZBP1,0.24233475654154651,49.24836250402663,0.0
ZNF593,0.24226441123573678,49.24299366476967,0.0
HIST1H2BJ,0.24224613523690058,49.237624825512725,0.0
ANKRD55,0.24223747301495235,49.23225598625577,0.0
CDK5R1,0.24221284713344957,49.22688714699882,0.0
CXCL2,0.24219066039387444,49.22151830774187,0.0
ZNF85,0.24214452818436533,49.216149468484915,0.0
POLQ,0.2421068377229853,49.21078062922796,0.0
SMCO1,0.2420946434678129,49.20541178997101,0.0
BIK,0.24205868325952734,49.20004295071406,0.0
PARN,0.2420079922602878,49.194674111457104,0.0
TLX3,0.24200431024559674,49.18930527220015,0.0
HOXA11,0.24199703779111686,49.1839364329432,0.0
CA5B,0.24198016489995805,49.178567593686246,0.0
COMMD9,0.24197432748112435,49.17319875442929,0.0
FBXL20,0.2419645189669494,49.16782991517234,0.0
SLCO1B7,0.24195088183421518,49.16246107591539,0.0
ZDHHC7,0.24190149472838388,49.157092236658436,0.0
IL1B,0.2418363049501359,49.15172339740148,0.0
GIMAP4,0.24181361132508128,49.14635455814453,0.0
ZNF227,0.24177882360397698,49.14098571888758,0.0
UBXN10,0.241749349018528,49.135616879630625,0.0
TFDP3,0.24174683233676894,49.13024804037367,0.0
DHDDS,0.24171592530688157,49.12487920111672,1.0
ARHGEF10L,0.2417094013951715,49.11951036185977,0.0
LCT,0.24170329670369917,49.114141522602814,0.0
SEC13,0.24170289297618885,49.10877268334586,0.0
IL1RL1,0.24155721036183037,49.1034038440889,0.0
NIT2,0.2415137520802026,49.09803500483196,0.0
ART3,0.24150356810451762,49.092666165575004,0.0
PDCD5,0.24149528136941228,49.08729732631805,0.0
UBXN4,0.24143498485836493,49.0819284870611,0.0
POU2F2,0.24139756177591817,49.076559647804146,0.0
TXNDC16,0.24139310815790282,49.07119080854719,0.0
GOLT1B,0.24137587373369054,49.06582196929024,0.0
ZRANB1,0.24128971775361072,49.06045313003329,0.0
SRPX,0.24126757164576454,49.055084290776335,0.0
ANKRD40,0.2412598992590736,49.04971545151938,0.0
MRPL37,0.2412276248868066,49.04434661226243,0.0
C17orf102,0.24121697640401824,49.03897777300548,0.0
PAK6,0.2411757521601834,49.033608933748525,0.0
PGP,0.24113993944366857,49.02824009449157,0.0
PRTFDC1,0.24106705644902227,49.02287125523462,0.0
PLEKHH3,0.2410492778256204,49.01750241597767,0.0
GPR155,0.24104128622113524,49.012133576720714,0.0
RNF19A,0.2410168775409049,49.00676473746376,0.0
SRP19,0.24100227809271021,49.00139589820681,0.0
PLIN4,0.24098399997167044,48.996027058949856,0.0
ZNF664,0.2409381528805731,48.990658219692904,0.0
EML4,0.240893784534308,48.98528938043595,0.0
DOK5,0.2408589835933574,48.979920541179,0.0
PALM,0.24083720316081497,48.97455170192204,0.0
APOLD1,0.24081555823284764,48.969182862665086,0.0
CYP2A6,0.24080815518646337,48.96381402340813,0.0
DAGLA,0.24079852785033334,48.95844518415119,0.0
RPL5,0.2407745558697659,48.953076344894235,0.0
RNF115,0.240742033373819,48.94770750563728,0.0
GMPR,0.24073845432998614,48.94233866638033,0.0
KLK3,0.24072708689185243,48.93696982712338,0.0
LITAF,0.24068163384360314,48.931600987866425,0.0
E2F8,0.24065969287624517,48.92623214860947,0.0
IGBP1,0.24064498861300582,48.92086330935252,0.0
TMEM187,0.24063854876287052,48.91549447009557,0.0
DHX15,0.24061453645746972,48.910125630838614,0.0
GPALPP1,0.24055692190280392,48.90475679158166,0.0
PCP4,0.24052105851544478,48.89938795232471,0.0
IGDCC4,0.2404875336622593,48.894019113067756,0.0
XPR1,0.24047759605687827,48.8886502738108,0.0
ADPGK,0.2404359735224424,48.88328143455385,0.0
CDC37,0.24043426676302984,48.8779125952969,0.0
CAAP1,0.24042692738642873,48.872543756039946,0.0
BTN3A1,0.24039353432391092,48.86717491678299,0.0
SLCO4C1,0.2403599968179339,48.86180607752604,0.0
CTSC,0.240347433276479,48.85643723826909,0.0
ZNF668,0.24034429862778253,48.851068399012135,0.0
SASH1,0.2401660870305622,48.84569955975518,0.0
DYX1C1,0.24016421491640844,48.84033072049823,0.0
JOSD2,0.24012804079628441,48.83496188124127,0.0
SLC35G2,0.24010936694007565,48.82959304198432,0.0
ECHDC1,0.24010903233551906,48.824224202727365,0.0
GON4L,0.2400812369603947,48.81885536347042,0.0
PPP2R2A,0.24007886941941678,48.81348652421347,0.0
SPG21,0.2400724361152793,48.808117684956514,0.0
LMF2,0.240004243188544,48.80274884569956,0.0
ZNF232,0.23990523582426837,48.79738000644261,0.0
RBM12,0.23989907590292603,48.792011167185656,0.0
RANGRF,0.23970757502755538,48.7866423279287,0.0
PFKFB1,0.2396922288825109,48.78127348867175,0.0
PTH2R,0.23968148647681717,48.7759046494148,0.0
MLEC,0.23965504926282533,48.770535810157845,0.0
BLNK,0.23958215842207284,48.76516697090089,0.0
MED27,0.23954740640541314,48.75979813164394,0.0
PLD4,0.2395448419006568,48.75442929238699,0.0
PID1,0.239541840092435,48.749060453130035,0.0
ZDHHC8,0.23949445969283198,48.74369161387308,0.0
SARDH,0.2394921945075111,48.73832277461613,0.0
WHSC1L1,0.23943497456035404,48.73295393535918,0.0
FBXL2,0.23941405321690437,48.727585096102224,0.0
NFKBIE,0.2394034481464587,48.72221625684527,0.0
IDO1,0.23939615564155417,48.71684741758832,0.0
TAS1R2,0.2393072584148146,48.711478578331366,0.0
MAP3K19,0.23926726724188674,48.70610973907441,0.0
DPY19L4,0.23925888014665989,48.700740899817454,0.0
TOMM22,0.23924573885115427,48.6953720605605,0.0
GRHL1,0.2392406238437812,48.69000322130355,0.0
HYPK,0.2391929722536934,48.684634382046596,0.0
C11orf49,0.23915435791302278,48.67926554278965,0.0
STARD3NL,0.2391195368612918,48.6738967035327,0.0
NCEH1,0.23907044526535642,48.668527864275745,0.0
ATXN3,0.23906067255498709,48.66315902501879,0.0
RPS15,0.23901273205337387,48.65779018576184,0.0
FBXO16,0.23899729522814933,48.65242134650489,0.0
HEBP2,0.2389678430598486,48.647052507247935,0.0
PDIA6,0.23893560338108685,48.64168366799098,0.0
MAZ,0.23890779398835216,48.63631482873403,0.0
MYBPC1,0.23889902988450795,48.63094598947708,0.0
TMEM92,0.2388601653849392,48.625577150220124,0.0
ATL1,0.23885560195102826,48.62020831096317,0.0
SRD5A1,0.2388517055389559,48.61483947170622,0.0
IL3RA,0.2388163602290901,48.609470632449266,0.0
CASC3,0.23872743139046043,48.604101793192314,0.0
EMC2,0.2387009496840525,48.59873295393536,0.0
SLC15A4,0.2386894146424572,48.59336411467841,0.0
SERHL2,0.23864034260536582,48.587995275421456,0.0
CDH4,0.2385966707199092,48.5826264361645,0.0
COPZ1,0.23856686989780398,48.57725759690755,0.0
CCDC113,0.23856093592927566,48.5718887576506,0.0
ORMDL1,0.23854935595326476,48.56651991839364,0.0
FAM69C,0.23847584463313126,48.561151079136685,0.0
GRK5,0.23846731267875154,48.55578223987973,0.0
NUDCD2,0.23846401170125092,48.55041340062278,0.0
KCNC3,0.23846238952996024,48.545044561365835,0.0
GNG11,0.2384189615381606,48.53967572210888,0.0
UHRF1BP1L,0.23830456156517504,48.53430688285193,0.0
DPCR1,0.23827916140207842,48.52893804359498,0.0
EDF1,0.23824705255348705,48.523569204338024,0.0
TDRD3,0.2382008089773553,48.51820036508107,0.0
RAP1GAP,0.23818120561892736,48.51283152582412,0.0
HIST1H2BC,0.23817972161745832,48.507462686567166,0.0
SNRPA,0.23809800995931765,48.50209384731021,0.0
NANP,0.23808897789077538,48.49672500805326,0.0
ROPN1B,0.2380841874796829,48.49135616879631,0.0
SIAH2,0.2380618417113312,48.485987329539356,0.0
TRA2B,0.23801950668983482,48.4806184902824,0.0
TMEM56,0.23801156195781834,48.47524965102545,0.0
BDKRB1,0.23799055688588636,48.4698808117685,0.0
ISY1,0.23797704625024538,48.464511972511545,0.0
DPP6,0.23794687870201875,48.45914313325459,1.0
KLF11,0.2379441192035741,48.45377429399764,0.0
WDR33,0.2379070434180422,48.44840545474069,0.0
ITIH1,0.23789734322866002,48.443036615483734,0.0
MRPL11,0.2378804478223228,48.437667776226775,0.0
SIK2,0.23787905103521326,48.43229893696982,0.0
C1orf109,0.23781248291144377,48.42693009771287,0.0
PPIL3,0.23780654177356925,48.42156125845592,0.0
UBL3,0.2377841858273301,48.416192419198964,0.0
RALGDS,0.2377826182926528,48.41082357994201,0.0
LSM11,0.23773691628678847,48.405454740685066,0.0
KDSR,0.23772587802232586,48.40008590142811,0.0
KDM1A,0.2377170870519149,48.39471706217116,0.0
SCAI,0.23764569289839016,48.38934822291421,0.0
SERPINA10,0.23762016478819606,48.383979383657255,0.0
AKR1B15,0.23754097464626883,48.3786105444003,0.0
FAM65A,0.23752667050773052,48.37324170514335,0.0
RNPEPL1,0.23749507760472377,48.3678728658864,0.0
RBM38,0.2374832701896143,48.362504026629445,0.0
SPHKAP,0.23735462700922622,48.35713518737249,0.0
PLAC1,0.23732398770229973,48.35176634811554,0.0
NPFF,0.23716674803360432,48.34639750885859,0.0
IFIT2,0.23715247413656865,48.341028669601634,0.0
PSTPIP1,0.23712833740968983,48.33565983034468,0.0
AGRP,0.23706785977882885,48.33029099108773,0.0
MACC1,0.2370365733829456,48.324922151830776,0.0
TMEM59L,0.23701592282921427,48.319553312573824,0.0
TSEN54,0.23701146469739887,48.31418447331687,0.0
NME5,0.23700452065094982,48.30881563405992,0.0
PCNXL2,0.23696333943833942,48.303446794802966,0.0
USP15,0.23694673467384372,48.298077955546006,0.0
RGS10,0.2369218724510224,48.29270911628905,0.0
SRSF5,0.23689954729747967,48.2873402770321,0.0
NXF3,0.23687673943637297,48.28197143777515,0.0
KCMF1,0.23686235374722142,48.276602598518195,0.0
FFAR2,0.23680402969452669,48.27123375926124,0.0
ELF1,0.23674340295850144,48.2658649200043,0.0
ACBD7,0.23673875162332564,48.260496080747345,0.0
POLDIP2,0.23671876954502497,48.25512724149039,0.0
ALPI,0.2367183156755434,48.24975840223344,0.0
TCEAL4,0.23670483385501942,48.24438956297649,0.0
LTK,0.23663062337982024,48.239020723719534,0.0
KIAA1841,0.2365805071648634,48.23365188446258,0.0
GPCPD1,0.23650854234506155,48.22828304520563,0.0
MAPRE2,0.23647573127898874,48.222914205948676,0.0
GLYR1,0.23645345155232117,48.21754536669172,0.0
ASPSCR1,0.23640773018605152,48.21217652743477,0.0
COL21A1,0.23639729184158892,48.20680768817782,0.0
MARCH3,0.23634809977255658,48.201438848920866,0.0
ZADH2,0.23624428684925944,48.19607000966391,0.0
FOLH1,0.23621466848156572,48.19070117040696,0.0
KLK9,0.23619105436978716,48.18533233115001,0.0
SMU1,0.23613168231179188,48.179963491893055,0.0
BRWD3,0.23611284461320406,48.1745946526361,0.0
IRF8,0.23608781620571762,48.16922581337914,0.0
KLRK1,0.2360866764893063,48.16385697412219,0.0
EXOC5,0.23608169849734564,48.15848813486524,0.0
TMEM87A,0.23605543728724027,48.153119295608285,0.0
CLEC4M,0.2360453693105728,48.14775045635133,0.0
ITFG1,0.23604184645599835,48.14238161709438,0.0
ACTL7A,0.2360200847092851,48.13701277783743,0.0
STT3B,0.23599849085796554,48.131643938580474,0.0
C19orf52,0.23598628921697298,48.12627509932353,0.0
TBC1D22A,0.23597954459051723,48.120906260066576,0.0
TRAPPC2L,0.2359586127581399,48.11553742080962,0.0
LDOC1,0.23594483873626312,48.11016858155267,0.0
CSPG5,0.23593254341424091,48.10479974229572,0.0
PIAS2,0.2359244192655403,48.099430903038765,0.0
EBAG9,0.2358633045059008,48.09406206378181,0.0
DHFRL1,0.23584466686835434,48.08869322452486,0.0
ZNF496,0.23582912758839525,48.08332438526791,0.0
LUC7L3,0.23575028164139344,48.077955546010955,0.0
IGFBP5,0.23565980320738283,48.072586706754,0.0
CASP14,0.23565560880319544,48.06721786749705,0.0
ATP13A3,0.23564971630668058,48.0618490282401,0.0
TADA2B,0.23550986426595677,48.056480188983144,0.0
ELF3,0.23550973959952337,48.05111134972619,0.0
SIAH1,0.23550911427780993,48.04574251046924,0.0
HID1,0.2354668907099231,48.040373671212286,0.0
COL22A1,0.23543917433623843,48.035004831955334,0.0
EPHX1,0.2354166016620058,48.029635992698374,0.0
TENM1,0.23541053825977545,48.02426715344142,0.0
CD1B,0.2353885429275185,48.01889831418447,0.0
ECI1,0.23535512542691062,48.013529474927516,0.0
CERS1,0.23533390014644393,48.00816063567056,0.0
UBE2G2,0.23529104758216918,48.00279179641361,0.0
LRRIQ1,0.23520505101668268,47.99742295715666,0.0
ZNF514,0.23519817043421973,47.992054117899706,0.0
ATP5D,0.23517125855544077,47.98668527864276,0.0
NBPF12,0.2351547126976607,47.98131643938581,0.0
PCDHB7,0.23515223416248685,47.975947600128855,0.0
FAM107A,0.23510097742606492,47.9705787608719,0.0
NUDT15,0.2349998359479719,47.96520992161495,0.0
HTR3C,0.23489373404601896,47.959841082358,0.0
EVX2,0.23488453478068916,47.954472243101044,0.0
LHX6,0.23482341708445326,47.94910340384409,0.0
B3GNT6,0.2348224589453689,47.94373456458714,0.0
MEP1A,0.23475180340189924,47.938365725330186,0.0
SIAE,0.23473258999641433,47.932996886073234,0.0
HNRNPUL1,0.23471786558299174,47.92762804681628,0.0
FAM63B,0.2346825063762698,47.92225920755933,0.0
OSTF1,0.23465583139654922,47.916890368302376,0.0
OR2T29,0.2346366198877396,47.91152152904542,0.0
RPP25L,0.23461129445224818,47.90615268978847,0.0
CATSPER3,0.23459905411209148,47.90078385053151,0.0
FXR2,0.23457183069640636,47.89541501127456,0.0
SEMA4B,0.23455369391085457,47.890046172017605,0.0
KIAA0232,0.23449444264154068,47.88467733276065,0.0
CLEC4D,0.23447905200522148,47.8793084935037,0.0
RPS10,0.23443102535772828,47.87393965424675,0.0
PAK7,0.23440005078410353,47.868570814989795,0.0
CD9,0.23439803823279542,47.86320197573284,0.0
KIRREL,0.23438847581868108,47.85783313647589,0.0
GRIN2C,0.23438645869471247,47.852464297218944,0.0
MALSU1,0.2343456156747703,47.84709545796199,0.0
WIZ,0.23431289798964508,47.84172661870504,0.0
CACYBP,0.23430520491862375,47.836357779448086,0.0
POMP,0.23429779488730956,47.83098894019113,0.0
ZNF585A,0.23424432599263004,47.82562010093418,0.0
TEF,0.2341980063572076,47.82025126167723,0.0
TPH1,0.23417016653855746,47.814882422420276,0.0
PELI1,0.23409133581307356,47.80951358316332,0.0
PSMC2,0.23404689413563778,47.80414474390637,0.0
EMP2,0.2340244528832029,47.79877590464942,0.0
KLC4,0.23402141664130438,47.793407065392465,0.0
SRSF11,0.23401783173175766,47.78803822613551,0.0
APLP1,0.23400606005648097,47.78266938687856,0.0
TBC1D12,0.23399041571233498,47.77730054762161,0.0
PTGES,0.23396885373486823,47.771931708364654,0.0
WFDC2,0.23394473876165206,47.7665628691077,0.0
MRPS9,0.23387836371661658,47.76119402985074,0.0
TSEN2,0.2337967095366753,47.75582519059379,0.0
GIP,0.23373654253427162,47.75045635133684,0.0
BRF2,0.23367964762421645,47.745087512079884,0.0
MFSD3,0.23367659854286454,47.73971867282293,0.0
TLR6,0.2335894651300173,47.73434983356598,0.0
TCN2,0.23352389624779604,47.728980994309026,0.0
TMEM182,0.23346335186288267,47.72361215505207,0.0
OSER1,0.23345335252140503,47.71824331579512,0.0
TTC13,0.23335529140532438,47.712874476538175,0.0
CYP2R1,0.23334829624385955,47.70750563728122,0.0
BARX1,0.23331539647433752,47.70213679802427,0.0
TAS2R7,0.233294766635185,47.69676795876732,0.0
WIPF2,0.233214614096129,47.691399119510365,0.0
PLEKHA4,0.23318755222279403,47.68603028025341,0.0
STK10,0.23307316438037323,47.68066144099646,0.0
VEZF1,0.23306800612336187,47.67529260173951,0.0
CIB1,0.23305965236480022,47.669923762482554,0.0
CYBRD1,0.23305111100376572,47.6645549232256,0.0
ATF7IP,0.23303135383791665,47.65918608396865,0.0
BLCAP,0.23291625716579462,47.653817244711696,0.0
C15orf59,0.23289325817202436,47.648448405454744,0.0
MANF,0.23288149745116593,47.64307956619779,0.0
IFRD2,0.23285222836292202,47.63771072694084,0.0
PDAP1,0.2328416983159395,47.63234188768388,0.0
CORO1B,0.23282147076684084,47.626973048426926,0.0
KRBA1,0.2328055903959818,47.62160420916997,0.0
SNRNP40,0.23275385304785842,47.61623536991302,0.0
GLTSCR1L,0.23271301027486646,47.61086653065607,0.0
OSBPL9,0.23267353086873918,47.605497691399115,0.0
CARNS1,0.2326058572544262,47.60012885214216,0.0
HFE2,0.23251444906912652,47.59476001288521,0.0
MLLT6,0.23250127156022446,47.58939117362826,0.0
CTSZ,0.23245927008436382,47.584022334371305,0.0
MFHAS1,0.23244750511694767,47.57865349511435,0.0
FKBP9,0.23244567450533676,47.57328465585741,0.0
RNF181,0.23244375573272008,47.567915816600454,0.0
ZNF471,0.23243610226614334,47.5625469773435,0.0
SLC13A3,0.23237418203326957,47.55717813808655,0.0
RASGRP2,0.23237171591768888,47.551809298829596,0.0
TAOK1,0.23234911076094306,47.54644045957264,0.0
IQCK,0.23227297542661418,47.54107162031569,0.0
E2F7,0.23226910754430957,47.53570278105874,0.0
NUDT21,0.23225598057927072,47.530333941801786,0.0
PBX2,0.23222328138843204,47.52496510254483,0.0
DNAJB1,0.2322148089518687,47.51959626328788,0.0
KCNIP4,0.23220013819521754,47.51422742403093,0.0
PHTF1,0.23218569823992558,47.508858584773975,0.0
ZNF354B,0.2321834919228606,47.50348974551702,0.0
FAHD1,0.2321632472353219,47.49812090626007,0.0
RBM12B,0.23213962394596588,47.49275206700311,0.0
CLDN4,0.2321343632549771,47.48738322774616,0.0
DENND5A,0.23210716270253468,47.482014388489205,0.0
CSTF2,0.232071482021956,47.47664554923225,0.0
HNRNPA1,0.23206512391131748,47.4712767099753,0.0
CAND1,0.23205510741975727,47.46590787071835,0.0
METTL2B,0.2319608139769565,47.460539031461394,0.0
PRDM13,0.23184708563210613,47.45517019220444,0.0
RBFA,0.23176194277939555,47.44980135294749,0.0
HIST3H3,0.23172414037604527,47.444432513690536,0.0
NKG7,0.23172254258957525,47.439063674433584,0.0
MAPK12,0.2316829956294877,47.43369483517664,0.0
PTGDR,0.23167436461627053,47.428325995919685,0.0
CMPK1,0.23164524820851606,47.42295715666273,0.0
C16orf45,0.23162421501172537,47.41758831740578,0.0
TUBD1,0.2315545976264079,47.41221947814883,0.0
HNRNPLL,0.23152642873509227,47.406850638891875,0.0
SERPINI1,0.23149398153752862,47.40148179963492,0.0
FBXO32,0.23140921145264032,47.39611296037797,0.0
GMPS,0.23135994102390933,47.39074412112102,0.0
SIKE1,0.2313557635768401,47.385375281864064,0.0
LENG8,0.23126683079311566,47.38000644260711,0.0
CARD8,0.23126194546699583,47.37463760335016,0.0
PHACTR1,0.2312480943768827,47.369268764093206,0.0
LIPF,0.23121263738798245,47.36389992483625,0.0
IMP3,0.23119278718831565,47.358531085579294,0.0
FBXL19,0.23117387895296243,47.35316224632234,0.0
ERP44,0.23116409908572572,47.34779340706539,0.0
PDE7A,0.23114970920188097,47.342424567808436,0.0
CLEC11A,0.23113618074765832,47.33705572855148,0.0
ISG15,0.23110242722624927,47.33168688929453,0.0
FAM122B,0.23110200575759987,47.32631805003758,0.0
DNAJC7,0.23110183119047298,47.320949210780626,0.0
ZNF532,0.2310905265130089,47.31558037152367,0.0
WDR61,0.2310823060352872,47.31021153226672,0.0
AASDH,0.23105182980900102,47.30484269300977,0.0
SBK1,0.23104160234718146,47.299473853752815,0.0
FGFBP1,0.2310402064040117,47.29410501449587,0.0
PCYOX1,0.23103248479744706,47.28873617523892,0.0
INPP5D,0.23093059441229177,47.283367335981964,0.0
ZNF33A,0.2309113570506928,47.27799849672501,0.0
MIPEP,0.23090614801914328,47.27262965746806,0.0
MGME1,0.23086586801323916,47.267260818211106,0.0
MSMB,0.23084762922485216,47.261891978954154,0.0
TRDN,0.2308111447252324,47.2565231396972,0.0
RADIL,0.23077786025484417,47.25115430044025,0.0
SFRP2,0.23077569214032576,47.245785461183296,0.0
TOM1L1,0.23075452345476152,47.24041662192634,0.0
LMAN2L,0.23072572839112185,47.23504778266939,0.0
TTC33,0.23072191160232086,47.22967894341244,0.0
MURC,0.23068291939080235,47.22431010415548,0.0
USP14,0.2306459515587916,47.218941264898525,0.0
NDST4,0.23064477759859084,47.21357242564157,0.0
RAC3,0.23063926044942856,47.20820358638462,0.0
IL22RA1,0.23062483541871984,47.20283474712767,0.0
PDGFD,0.23059394834997843,47.197465907870715,0.0
AIM1,0.23054194360588123,47.19209706861376,0.0
CNOT8,0.23050817791001119,47.18672822935681,0.0
GTF2H2C,0.23046790461738076,47.18135939009986,0.0
MYBL1,0.23037383932468458,47.175990550842904,0.0
KRT79,0.2303730700798526,47.17062171158595,0.0
TM4SF1,0.23036975143242122,47.165252872329,0.0
OR8G1,0.2303656766163705,47.15988403307205,0.0
TTC31,0.23035986593101138,47.1545151938151,0.0
CLYBL,0.23030855105347064,47.14914635455815,0.0
NOP2,0.23029894062444747,47.143777515301196,0.0
DUT,0.23024894562097117,47.13840867604424,0.0
ARHGAP22,0.23022850716302307,47.13303983678729,0.0
KHSRP,0.23018222138982983,47.12767099753034,0.0
SNTB1,0.23010950996543217,47.122302158273385,0.0
IPO8,0.23005892051267063,47.11693331901643,0.0
STRA8,0.23005113392482351,47.11156447975948,0.0
WDR17,0.23001660905363153,47.10619564050253,0.0
WTAP,0.2299856026054273,47.100826801245574,0.0
IL34,0.2299778221656803,47.095457961988615,0.0
TDRD1,0.22994729015318036,47.09008912273166,0.0
CTCFL,0.22994325385791575,47.08472028347471,0.0
SLC43A3,0.2298880048875799,47.07935144421776,0.0
TRIM8,0.22987631514910406,47.073982604960804,0.0
ZDHHC20,0.22986509957517431,47.06861376570385,0.0
TBC1D9,0.22982849592052626,47.0632449264469,0.0
LPIN3,0.22981872221591176,47.057876087189946,0.0
STEAP2,0.22974655843734007,47.05250724793299,0.0
S100A13,0.2297150726583977,47.04713840867604,0.0
DPPA3,0.22967627395959736,47.04176956941909,0.0
TMEM181,0.22966683038716512,47.036400730162136,0.0
TPTE2,0.2296448171471567,47.03103189090518,0.0
TAL2,0.2295474121863487,47.02566305164823,0.0
GFM2,0.22949436477399748,47.020294212391285,0.0
CAPN11,0.22947219111774833,47.01492537313433,0.0
TMEM167B,0.22942958721388873,47.00955653387738,0.0
SLC25A10,0.22941973712394254,47.00418769462043,0.0
SYS1,0.229375012063361,46.998818855363474,0.0
NFYC,0.22937072717474788,46.99345001610652,0.0
LARP4,0.2293670175593924,46.98808117684957,0.0
FGF18,0.22930116736175649,46.982712337592616,0.0
C3orf33,0.22925961795446873,46.977343498335664,0.0
GAR1,0.22918254406996721,46.97197465907871,0.0
RNF43,0.22917445879031498,46.96660581982176,0.0
MRPL45,0.2291593992033079,46.961236980564806,0.0
SMPD2,0.2291050713509947,46.955868141307846,0.0
NLGN3,0.22910480322564225,46.95049930205089,0.0
MFSD6,0.22907279652452694,46.94513046279394,0.0
C6orf203,0.22905660048362927,46.93976162353699,0.0
SLC37A3,0.22903891424480496,46.934392784280035,0.0
KLHL3,0.22903353944661498,46.92902394502308,0.0
KDM4A,0.22901964685953882,46.92365510576613,0.0
PRR12,0.2290056869688594,46.91828626650918,0.0
EFCAB14,0.2289874759703876,46.912917427252225,0.0
PNPLA7,0.2289711265155408,46.90754858799527,0.0
CCDC30,0.22895744086363026,46.90217974873832,0.0
RNF5,0.22892124095520386,46.89681090948137,0.0
DTD1,0.2289104783771526,46.891442070224414,0.0
COPS7B,0.22890793226324205,46.88607323096746,0.0
ZNF408,0.22888078755047467,46.880704391710516,1.0
SAMD11,0.22874446708000237,46.87533555245356,0.0
MGST1,0.2286469522303552,46.86996671319661,0.0
CYTH2,0.22862429954848063,46.86459787393966,0.0
SGTA,0.22862019561686697,46.859229034682706,0.0
PHLPP1,0.22855914867664412,46.85386019542575,0.0
OR11H1,0.22847860545073728,46.8484913561688,0.0
RPH3A,0.22836788988825713,46.84312251691185,0.0
FAM135A,0.228329739194362,46.837753677654895,0.0
APBB1,0.22828670866114864,46.83238483839794,0.0
RPL6,0.2282826844509461,46.82701599914098,0.0
MTMR11,0.22825064922897398,46.82164715988403,0.0
DENND2C,0.228220856360304,46.81627832062708,0.0
DENND6A,0.22822075832147984,46.810909481370125,0.0
RRAGD,0.2281899699295634,46.80554064211317,0.0
LSP1,0.22812536367422895,46.80017180285622,0.0
CCL5,0.22806885437590893,46.79480296359927,0.0
BICD2,0.22803557049494944,46.789434124342314,0.0
RPS8,0.22801164911911642,46.78406528508536,0.0
RPS3,0.22797694616398861,46.77869644582841,0.0
STK11IP,0.22796266177701424,46.773327606571456,0.0
ZNF143,0.22796096852426712,46.767958767314504,0.0
P2RX6,0.22795028623228536,46.76258992805755,0.0
DGCR6L,0.22792394894590937,46.7572210888006,0.0
HSDL1,0.2278737024125605,46.751852249543646,0.0
SLC27A5,0.22787207965327078,46.74648341028669,0.0
AKR1E2,0.2278088810697303,46.74111457102975,0.0
CD8A,0.22780840136051803,46.735745731772795,0.0
DESI1,0.2277742724264243,46.73037689251584,0.0
GABBR2,0.22768305604593658,46.72500805325889,0.0
CYTH3,0.227677243083044,46.71963921400194,0.0
ARHGAP17,0.22756286474106296,46.714270374744984,0.0
PCGF3,0.22755486832892138,46.70890153548803,0.0
RSL24D1,0.2275235363159663,46.70353269623108,0.0
ZNF511,0.2275200475684092,46.698163856974126,0.0
FAM19A4,0.22751085748466776,46.692795017717174,0.0
C8orf33,0.22747718281023807,46.687426178460214,0.0
RMI2,0.2274506696329272,46.68205733920326,0.0
WDR44,0.22738016385182586,46.67668849994631,0.0
POLR3D,0.22735214119200645,46.671319660689356,0.0
CCDC136,0.2273449956945433,46.6659508214324,0.0
DMRT3,0.22733801043771468,46.66058198217545,0.0
PIGS,0.2272938032914625,46.6552131429185,0.0
NLRP5,0.22726268967252553,46.649844303661546,0.0
CR1,0.227248246431271,46.64447546440459,0.0
CLP1,0.2272153940874186,46.63910662514764,0.0
FGF2,0.2271873304030248,46.63373778589069,0.0
SLC2A1,0.22713849420089288,46.628368946633735,0.0
IFITM1,0.2271250976033293,46.62300010737678,0.0
RAB5B,0.22710028481972255,46.61763126811983,0.0
KCNJ12,0.22709883457103075,46.61226242886288,0.0
SFTPA1,0.22706502643501358,46.606893589605924,0.0
CCNK,0.22698006197625414,46.60152475034898,0.0
RIT1,0.22696072612444743,46.596155911092026,0.0
SVIP,0.22693109106136133,46.590787071835074,0.0
DLGAP1,0.22693053194704596,46.58541823257812,0.0
ASNS,0.2268915308751726,46.58004939332117,0.0
PDZD8,0.2268558542320514,46.574680554064216,0.0
CDK14,0.22679561850211982,46.56931171480726,0.0
EIF4EBP1,0.22677663029427314,46.56394287555031,0.0
TSPAN31,0.22677201992488247,46.55857403629335,0.0
PLRG1,0.22675774355085787,46.5532051970364,0.0
NAA15,0.22675680438686485,46.547836357779445,0.0
ACCS,0.22675161440940875,46.54246751852249,0.0
SULT1C4,0.22671736683363458,46.53709867926554,0.0
HS6ST2,0.22670538702035362,46.53172984000859,0.0
SPAST,0.22667620328097007,46.526361000751635,0.0
MRPS30,0.226672913195544,46.52099216149468,0.0
JRKL,0.22664120254290773,46.51562332223773,0.0
BLID,0.22657963970420192,46.51025448298078,0.0
HIST1H2AH,0.22657137928439988,46.504885643723824,0.0
KNG1,0.22656398848588077,46.49951680446687,0.0
TBC1D8B,0.2265187496278318,46.49414796520992,0.0
CLDN19,0.22650416648369692,46.488779125952966,1.0
ZNF768,0.22649638110736942,46.483410286696014,0.0
TOMM5,0.22646162153068033,46.47804144743906,0.0
MS4A3,0.22640269580930852,46.47267260818211,0.0
TRPV6,0.22639427079479346,46.46730376892516,0.0
YARS2,0.22639073717027042,46.46193492966821,0.0
STOML1,0.2263838770472714,46.45656609041126,0.0
UTP14A,0.22638008996969922,46.451197251154305,0.0
SCML2,0.2263339534186164,46.44582841189735,0.0
MRPL2,0.22632549346702122,46.4404595726404,0.0
HIST1H2AA,0.2262932671479804,46.43509073338345,0.0
TGOLN2,0.2262657605249871,46.429721894126494,0.0
CXCR5,0.2261862241416765,46.42435305486954,0.0
NMRAL1,0.22617702675371243,46.41898421561258,0.0
PCDHA4,0.2261524579784952,46.41361537635563,0.0
ANKRA2,0.22612603398337966,46.40824653709868,0.0
CPSF4,0.22611983080476303,46.402877697841724,0.0
PIP4K2A,0.22608098185170075,46.39750885858477,0.0
ESX1,0.22603623941668421,46.39214001932782,0.0
SUMO4,0.2260291316299187,46.386771180070866,0.0
SLBP,0.22599011950550435,46.381402340813914,0.0
GPRASP1,0.2259744118425119,46.37603350155696,0.0
CKS2,0.22596542250464516,46.37066466230001,0.0
LY9,0.2259649054216562,46.365295823043056,0.0
DHFR,0.22595609712999334,46.3599269837861,0.0
ALDH4A1,0.22593181150860636,46.35455814452915,0.0
TMSB4Y,0.2259213027254409,46.3491893052722,0.0
HYLS1,0.2258524616152134,46.343820466015245,0.0
POLR2M,0.22585082017410896,46.33845162675829,0.0
KLHL8,0.22583976139236533,46.33308278750134,0.0
CAMKK1,0.22581950594504,46.327713948244394,0.0
CXCL1,0.2258147680668487,46.32234510898744,0.0
PTPRH,0.22577079072128056,46.31697626973049,0.0
FCER1A,0.22573113145050988,46.311607430473536,0.0
TMEM132E,0.2257046037280704,46.306238591216584,0.0
EPS15L1,0.22563730907156326,46.30086975195963,0.0
WDR13,0.22559423752131944,46.29550091270268,0.0
ASTN1,0.2255643540549639,46.29013207344572,0.0
UGT1A8,0.22554732567361957,46.284763234188766,0.0
PLCZ1,0.22553882812408857,46.27939439493181,0.0
KLHDC4,0.22544539084320608,46.27402555567486,0.0
CLPTM1,0.22543369730571308,46.26865671641791,0.0
ALKBH7,0.22542004469961108,46.263287877160955,0.0
DCP1A,0.22540324325227382,46.257919037904,0.0
SMOC2,0.22537465779645668,46.25255019864705,0.0
ZNF74,0.2253333712979372,46.2471813593901,0.0
ETF1,0.22528139863203758,46.241812520133145,0.0
MKRN1,0.22524205263831082,46.23644368087619,0.0
BAIAP2,0.2252023496882707,46.23107484161924,0.0
ANAPC11,0.2251768890549503,46.22570600236229,0.0
RAMP3,0.22517589829804824,46.220337163105334,0.0
SLC25A38,0.22513314624714575,46.21496832384838,0.0
NARFL,0.22512856133904108,46.20959948459143,0.0
OR2W3,0.2250957537422674,46.204230645334476,0.0
PLCH2,0.22506969887089917,46.198861806077524,0.0
ADAM28,0.2250222634776505,46.19349296682057,0.0
SERTAD1,0.22497110669688758,46.188124127563626,0.0
TUBE1,0.2249559125399901,46.18275528830667,0.0
SEC11C,0.22494581491184307,46.17738644904972,0.0
SYNPO,0.2249101532939025,46.17201760979277,0.0
FAM131B,0.22487433349206828,46.166648770535815,0.0
LRWD1,0.22483004489697964,46.16127993127886,0.0
TIPRL,0.2248140331578882,46.15591109202191,0.0
MRPL17,0.2247691164117438,46.15054225276495,0.0
ZNF25,0.22471972030000925,46.145173413508,0.0
MMRN2,0.22469257790825456,46.139804574251045,0.0
HBE1,0.22464971902924055,46.13443573499409,0.0
KIRREL2,0.22462900800635416,46.12906689573714,0.0
PDIA2,0.2246237944623906,46.12369805648019,0.0
BCL2L14,0.22459668526217355,46.118329217223234,0.0
PFKFB4,0.2245757733953529,46.11296037796628,0.0
COL24A1,0.22456632496217796,46.10759153870933,0.0
PSMB3,0.2245187596925652,46.102222699452376,0.0
ACTR3B,0.22446766839707336,46.096853860195424,0.0
FGD4,0.22441370458217266,46.09148502093847,0.0
SP140L,0.22439480525852135,46.08611618168152,0.0
FGF1,0.22439394606909552,46.080747342424566,0.0
PTBP2,0.2243754984484741,46.07537850316761,0.0
CHCHD6,0.22436000508645776,46.07000966391066,0.0
CSRNP2,0.2243416650415469,46.06464082465371,0.0
LSM12,0.22431908887992535,46.059271985396755,0.0
ADAM8,0.22423421626645473,46.0539031461398,0.0
TMED5,0.2241717425546601,46.04853430688286,0.0
RAB37,0.22415483036430994,46.043165467625904,0.0
PNKD,0.22414987128476388,46.03779662836895,0.0
PDE10A,0.2240671457161425,46.032427789112,0.0
GRAMD1C,0.22402063901506636,46.027058949855046,0.0
C20orf27,0.2240203606103571,46.02169011059809,0.0
ACAP1,0.22401590487541578,46.016321271341134,0.0
LZTS2,0.22400444504480932,46.01095243208418,0.0
TTC19,0.22394814571235538,46.00558359282723,0.0
LDLRAD4,0.22393119457305954,46.000214753570276,0.0
APEX2,0.22391567136273358,45.99484591431332,0.0
CCPG1,0.22390890809838188,45.98947707505637,0.0
SLC14A2,0.2239027692925985,45.98410823579942,0.0
MYO1G,0.22384489676672184,45.978739396542466,0.0
FAM60A,0.22379992207146623,45.97337055728551,0.0
FABP2,0.22379484984349762,45.96800171802856,0.0
ENC1,0.22373346392186205,45.96263287877161,0.0
CST6,0.22372889003261437,45.957264039514655,0.0
ERF,0.22371501576454372,45.9518952002577,0.0
CCDC87,0.2237079932799086,45.94652636100075,0.0
ACBD5,0.22366756996316006,45.9411575217438,0.0
TMEM39B,0.22366623597447619,45.935788682486844,0.0
PAPD7,0.2236618231701824,45.93041984322989,0.0
POLI,0.2236472847914086,45.92505100397294,0.0
THUMPD2,0.22363267199117445,45.91968216471599,0.0
VPS29,0.2235963009541592,45.914313325459034,0.0
NLRP9,0.22358089858072455,45.90894448620209,0.0
AMER2,0.22352002801120446,45.903575646945136,0.0
AKAP17A,0.2234953268749802,45.89820680768818,0.0
MRPL13,0.22346228849240837,45.89283796843123,0.0
IGLL1,0.2234542028231939,45.88746912917428,0.0
NMI,0.22341910654846,45.88210028991732,0.0
CUEDC2,0.22339828478380697,45.876731450660365,0.0
KBTBD7,0.2233875809916394,45.87136261140341,0.0
SPCS2,0.22336780622629263,45.86599377214646,0.0
ZNF112,0.22332021969583365,45.86062493288951,0.0
CBX4,0.223319182006817,45.855256093632555,0.0
CAMSAP1,0.22329840428065845,45.8498872543756,0.0
KRT7,0.22329692876344445,45.84451841511865,0.0
TMEM167A,0.22329312599022416,45.8391495758617,0.0
SNX9,0.22327514706852872,45.833780736604744,0.0
HIST3H2BB,0.22323089490678782,45.82841189734779,0.0
SLC38A11,0.22323087810177106,45.82304305809084,0.0
KLKB1,0.2231899665120686,45.817674218833886,0.0
RIN3,0.2231197899025999,45.812305379576934,0.0
C14orf159,0.22311842420675848,45.80693654031998,0.0
SLC1A4,0.2230407266326792,45.80156770106303,0.0
LILRB1,0.22301326132637905,45.796198861806076,0.0
HIST2H2AC,0.22298406132352389,45.79083002254912,0.0
RPRD1B,0.22294507368558564,45.78546118329217,0.0
TP53INP2,0.22291456151524364,45.78009234403522,0.0
SAP30,0.22287686006646368,45.77472350477827,0.0
APOBEC3G,0.2228619664071317,45.76935466552132,0.0
PDHB,0.22283129075609814,45.76398582626437,0.0
TMPRSS5,0.2227885476342088,45.758616987007414,0.0
MXD4,0.22278120921974737,45.753248147750455,0.0
ANKHD1-EIF4EBP3,0.22277392290249431,45.7478793084935,0.0
PPAN,0.22274463932877048,45.74251046923655,0.0
ST13,0.22273059299995265,45.7371416299796,0.0
EBI3,0.22272371672178867,45.731772790722644,0.0
DSN1,0.2227179095600142,45.72640395146569,0.0
TPP2,0.22268219935368722,45.72103511220874,0.0
RECQL,0.2226547044126998,45.715666272951786,0.0
SHMT1,0.2226484593488883,45.710297433694834,0.0
UGT1A3,0.22262402973182258,45.70492859443788,0.0
TEX29,0.22262281115686408,45.69955975518093,0.0
AP3M2,0.22258193763172235,45.694190915923976,0.0
LRP3,0.22257888346169197,45.68882207666702,0.0
KLHL25,0.22257426393599652,45.68345323741007,0.0
FAM109A,0.2225691422583349,45.67808439815312,0.0
BCL2A1,0.22250306585983437,45.672715558896165,0.0
PCSK9,0.22245801874540078,45.66734671963921,0.0
PAX1,0.22240786359706047,45.66197788038226,0.0
TSPAN32,0.22237873745785378,45.65660904112531,0.0
RPL35A,0.22234134956306004,45.651240201868355,0.0
MCF2,0.22232375139389743,45.6458713626114,0.0
MUC6,0.22225684449571323,45.64050252335445,0.0
GDPD1,0.22221462726346547,45.635133684097504,0.0
PLA2G2A,0.22217617219784222,45.62976484484055,0.0
MEX3C,0.22216390247230738,45.6243960055836,0.0
MRPL24,0.22210868413809362,45.619027166326646,0.0
BVES,0.22210081761989864,45.613658327069686,0.0
IL32,0.22208029875790297,45.60828948781273,0.0
ATG10,0.2220197229403858,45.60292064855578,0.0
SLC41A3,0.22200286868082766,45.59755180929883,0.0
KLHL31,0.22198291494955663,45.592182970041875,0.0
FOXJ2,0.22195304542269073,45.58681413078492,0.0
SERINC5,0.22191180634950056,45.58144529152797,0.0
DPEP1,0.2219061321526819,45.57607645227102,0.0
MAP2K6,0.22185108200865625,45.570707613014065,0.0
CDR2L,0.2218491626142589,45.56533877375711,0.0
RCL1,0.22174316066119068,45.55996993450016,0.0
ZC3HAV1,0.22163177019541463,45.55460109524321,0.0
DNAH14,0.22155850966615417,45.549232255986254,0.0
PPP1R8,0.22155411831568922,45.5438634167293,0.0
IL24,0.22153571038282882,45.53849457747235,0.0
FER1L6,0.22148122028901124,45.533125738215396,0.0
KHNYN,0.2214407893984797,45.527756898958444,0.0
CAMK2A,0.22141005922988438,45.52238805970149,0.0
RWDD1,0.2213556184972731,45.51701922044454,0.0
TAS2R13,0.22135043822420214,45.511650381187586,0.0
TMBIM4,0.221318883559934,45.50628154193063,0.0
MARCH5,0.22130888402281662,45.50091270267368,0.0
IER2,0.221296823304011,45.495543863416735,0.0
PMPCA,0.22127093687022975,45.49017502415978,1.0
PTCRA,0.22126144216613727,45.48480618490282,0.0
NIF3L1,0.2212034027458522,45.47943734564587,0.0
HOOK3,0.22117614108738373,45.47406850638892,0.0
FSCN1,0.22116659802186933,45.468699667131965,0.0
MSANTD2,0.22116565976446928,45.46333082787501,0.0
GNL3L,0.22116264519197518,45.45796198861806,0.0
CTRC,0.22113438687689196,45.45259314936111,0.0
CNTN3,0.2210893864951411,45.447224310104154,0.0
ZNF426,0.22107945065605844,45.4418554708472,0.0
APPL1,0.22104494925391474,45.43648663159025,0.0
CCDC25,0.22100838642963333,45.431117792333296,0.0
HCFC2,0.2209421127493541,45.425748953076344,0.0
STARD4,0.22093988337463558,45.42038011381939,0.0
CTSG,0.22079058756470588,45.41501127456244,0.0
SKIV2L2,0.22078267799135123,45.409642435305486,0.0
INIP,0.22073450270426237,45.40427359604853,0.0
HMGN4,0.22072966482277137,45.39890475679158,0.0
SLC30A7,0.22071724126486675,45.39353591753463,0.0
MRPS15,0.22070904288529974,45.388167078277675,0.0
DNAJB11,0.22070418307217476,45.38279823902072,0.0
FLG2,0.22061697890749238,45.37742939976377,0.0
RPL39,0.22058482221010972,45.37206056050682,0.0
SPAG7,0.220457584592359,45.366691721249865,0.0
TRIM72,0.22045366548271147,45.36132288199291,0.0
DCST1,0.22043619687464852,45.355954042735966,0.0
TRPC1,0.22042111126476982,45.350585203479014,0.0
SS18L2,0.22040778473168698,45.345216364222054,0.0
GCAT,0.22040488740610464,45.3398475249651,0.0
AVL9,0.22038647391896812,45.33447868570815,0.0
ALG14,0.22029221588572417,45.329109846451196,0.0
CCDC141,0.22028146316509906,45.32374100719424,0.0
GDF7,0.22028081897211899,45.31837216793729,0.0
PVALB,0.22027030025155753,45.31300332868034,0.0
HEMGN,0.22024974791334265,45.307634489423386,0.0
LIPG,0.22022375001397024,45.30226565016643,0.0
ACSL6,0.22018263409552233,45.29689681090948,0.0
MAOA,0.2201727071861317,45.29152797165253,0.0
ABCA10,0.220148110336105,45.286159132395575,0.0
ADH6,0.22004204761724827,45.28079029313862,0.0
UBE2T,0.2199097479295557,45.27542145388167,0.0
CLCN4,0.21990577801800795,45.27005261462472,0.0
PCSK2,0.21989657856621364,45.264683775367764,0.0
PIK3R5,0.21987084401511248,45.25931493611081,0.0
HCRTR1,0.21985801849995906,45.25394609685386,0.0
DPH6,0.2198166371645371,45.24857725759691,0.0
MAOB,0.21980522581956508,45.243208418339954,0.0
FBXL4,0.21980359407318956,45.237839579083,0.0
MRPL28,0.21980302946086133,45.23247073982605,0.0
KPNA6,0.21975348789757004,45.227101900569096,0.0
RGS1,0.21968296178359678,45.22173306131214,0.0
PRKAA1,0.21965774579725003,45.21636422205519,0.0
OR2AJ1,0.2196382342269056,45.21099538279824,0.0
BTG2,0.21962444404596065,45.205626543541285,0.0
TREH,0.21962381499425937,45.20025770428433,0.0
GSTM5,0.2195338844742493,45.19488886502738,0.0
PDE6H,0.21951886779583774,45.18952002577043,1.0
UNC80,0.21951177563403257,45.184151186513475,0.0
SLC39A1,0.2195111624296624,45.17878234725652,0.0
KSR2,0.21943776110230928,45.17341350799957,0.0
SLC45A4,0.21938192077031698,45.16804466874262,0.0
ERGIC2,0.21936911105386744,45.162675829485664,0.0
TMEM25,0.21936865929018548,45.15730699022871,0.0
UBASH3B,0.21917101866971253,45.15193815097176,0.0
DLGAP2,0.21916404546063867,45.146569311714806,0.0
LRRC4C,0.21914390799573388,45.141200472457854,0.0
CCDC71L,0.2191368774541301,45.1358316332009,0.0
ALG3,0.21913590927936288,45.13046279394395,1.0
MRPS31,0.2191092733400543,45.125093954686996,0.0
TAS2R50,0.21910828100341934,45.11972511543004,0.0
CD81,0.2190733651764328,45.11435627617309,0.0
CHAMP1,0.2190596880250042,45.10898743691614,0.0
IRAK4,0.219043929617104,45.103618597659185,0.0
WWC3,0.21902895413864928,45.09824975840223,0.0
ZFAND6,0.2190213119633214,45.09288091914528,0.0
MTUS2,0.21898950352265198,45.08751207988833,0.0
CREB3L4,0.21896020923152526,45.08214324063138,0.0
HAO1,0.21893766167860168,45.07677440137442,0.0
MRPL19,0.21893021832116433,45.07140556211747,0.0
CISD1,0.21892466747807524,45.06603672286052,0.0
ENOPH1,0.21884606607132281,45.060667883603564,0.0
TRIM44,0.21883870253513807,45.05529904434661,0.0
FXYD1,0.21879080432831705,45.04993020508966,0.0
TCF21,0.21876806781567723,45.044561365832706,0.0
C1R,0.2187053872307853,45.039192526575754,0.0
TMEM164,0.21866386098615914,45.0338236873188,0.0
RNF114,0.21861227443413717,45.02845484806185,0.0
IRF4,0.21860640777514745,45.023086008804896,0.0
NEU2,0.2185745397266879,45.01771716954794,0.0
HEATR6,0.2185067340650003,45.01234833029099,0.0
PRKAG3,0.2185059110483337,45.00697949103404,0.0
XK,0.21848262122262013,45.001610651777085,0.0
PHLDA3,0.2184400223530017,44.99624181252013,0.0
TM9SF3,0.21843729073073584,44.99087297326318,0.0
KCTD12,0.21843505528714383,44.98550413400623,0.0
PWWP2B,0.2183830404414293,44.980135294749275,0.0
VWA9,0.21835949954186443,44.97476645549232,0.0
GINS4,0.21831190103831116,44.96939761623537,0.0
ROGDI,0.21826685420849956,44.96402877697842,0.0
STAC,0.2182486836223942,44.958659937721464,0.0
RNF139,0.21823754697104994,44.95329109846451,0.0
BAI1,0.21813385394019882,44.94792225920756,0.0
NSMF,0.2181315916255751,44.942553419950606,0.0
KDELC1,0.21813106300531165,44.93718458069365,0.0
DBP,0.2181164434472893,44.9318157414367,0.0
ZFYVE9,0.21811577928670714,44.92644690217975,0.0
B3GALT4,0.21811196869843535,44.921078062922795,0.0
CENPP,0.2180452395491316,44.91570922366584,0.0
MTMR6,0.21802963321673124,44.91034038440889,0.0
RUVBL1,0.21800336315809674,44.90497154515194,0.0
LRRC45,0.21800126967472444,44.899602705894985,0.0
STX7,0.21798369993513428,44.89423386663803,0.0
AKTIP,0.21797322839493996,44.88886502738108,0.0
NOL12,0.21796518168315737,44.88349618812413,0.0
MSRB1,0.21793345884684207,44.878127348867174,0.0
OSBPL7,0.2179008997001815,44.87275850961022,0.0
SPDL1,0.2178987685872576,44.86738967035327,0.0
VPS45,0.21788032469576754,44.862020831096316,0.0
VPS37A,0.21775992103334657,44.856651991839364,0.0
UBL4A,0.21770991203363935,44.85128315258241,0.0
TNS4,0.21770736875025132,44.84591431332546,0.0
DCAF4,0.2177041000954846,44.840545474068506,0.0
CDK18,0.21768898192791478,44.83517663481155,0.0
MMP11,0.21767679173170446,44.8298077955546,0.0
ASTN2,0.21763715181844687,44.82443895629765,0.0
ACOT11,0.21763286104474125,44.819070117040695,0.0
CARS,0.21759665961700808,44.81370127778374,0.0
RPL31,0.21756911540289203,44.80833243852679,0.0
WDHD1,0.21751880567006993,44.80296359926984,0.0
BCAS1,0.21751761622408497,44.797594760012885,0.0
UBAP2L,0.21749072269057038,44.79222592075593,0.0
PSMC6,0.21746552535167255,44.78685708149898,0.0
SMCR8,0.2174474214797016,44.78148824224203,0.0
DUSP27,0.21741008599966283,44.776119402985074,0.0
UBAC2,0.21738598272749207,44.77075056372812,0.0
SEC14L1,0.21736285347515577,44.76538172447117,0.0
CLCA1,0.2173323853232972,44.760012885214216,0.0
TCEB2,0.2173194858234615,44.754644045957264,0.0
PRPF39,0.21731169666463965,44.74927520670031,0.0
TEKT5,0.21723920326557344,44.74390636744336,0.0
KCTD14,0.21723207073116493,44.738537528186406,0.0
POLR2F,0.21722904550931496,44.73316868892945,0.0
ARCN1,0.2172022549432405,44.7277998496725,0.0
PTAR1,0.21719502019452328,44.72243101041555,0.0
KLHDC3,0.21719066677029342,44.717062171158595,0.0
ASB13,0.21717410992392266,44.71169333190164,0.0
RBCK1,0.21708977844413768,44.70632449264469,0.0
SMARCE1,0.2170785516208369,44.70095565338774,0.0
FRAT2,0.2170561977593402,44.695586814130785,0.0
MSL2,0.21703393751099473,44.69021797487383,0.0
FRMPD2,0.21703033881616918,44.68484913561688,0.0
ANKRD23,0.21702261121654978,44.67948029635993,0.0
RHOD,0.21701696237544107,44.674111457102974,0.0
NUDT6,0.2169595090630077,44.66874261784602,0.0
TCF20,0.21691688109279234,44.66337377858907,0.0
IFI44L,0.21686631509955343,44.658004939332116,0.0
APOBEC2,0.21685022669667156,44.65263610007516,0.0
EIF3J,0.21682968860561264,44.64726726081821,0.0
GYG2,0.21680991286277956,44.64189842156126,0.0
TNKS1BP1,0.2167806407217992,44.636529582304306,0.0
GPR137B,0.21677000177428857,44.63116074304735,0.0
STX1B,0.2167070224297342,44.6257919037904,0.0
UTF1,0.21669539725910275,44.62042306453345,0.0
ACOX2,0.21668126997657403,44.615054225276495,0.0
PRAME,0.2166755132306891,44.60968538601954,0.0
EFNA2,0.21667335227806625,44.60431654676259,0.0
PORCN,0.21659320585969008,44.59894770750564,1.0
TMEM71,0.2165642480119995,44.593578868248684,0.0
SLC23A3,0.21654553408099292,44.58821002899173,0.0
SP8,0.21648217893217891,44.58284118973478,0.0
LRRC16B,0.21647864309603443,44.57747235047783,0.0
KLHL12,0.21647015147359458,44.572103511220874,0.0
HOXC12,0.2164600996570783,44.56673467196392,0.0
SI,0.21639033189033188,44.56136583270697,0.0
SLC24A4,0.21637179103790943,44.555996993450016,0.0
FAM50A,0.21634963854129358,44.55062815419306,0.0
CAMKK2,0.21634461054311002,44.54525931493611,0.0
CAMK1D,0.21631007931741006,44.53989047567916,0.0
ZNF83,0.21628242956227903,44.534521636422205,0.0
SH3RF2,0.21627252653952897,44.52915279716525,0.0
TMEM135,0.21620224583549147,44.5237839579083,0.0
LHX5,0.21616015652190684,44.51841511865135,0.0
PSMB9,0.2161595422049573,44.513046279394395,0.0
NMNAT3,0.21614819728090082,44.50767744013744,0.0
SULT1A2,0.2161382495342093,44.50230860088049,0.0
IWS1,0.21612117528442637,44.49693976162354,0.0
PIK3R2,0.21611477733197618,44.491570922366584,0.0
HINT2,0.21608480353095455,44.48620208310963,0.0
TACC1,0.2160756098145949,44.48083324385268,0.0
APOOL,0.21605307155389405,44.475464404595726,0.0
RAB26,0.21602512215369626,44.470095565338774,0.0
ONECUT2,0.2159874604900948,44.46472672608182,0.0
CDK2AP2,0.2159211406028955,44.45935788682487,0.0
FCER2,0.21588587579787463,44.453989047567916,0.0
TDRD6,0.21586070703632515,44.44862020831096,0.0
ZNF263,0.21581667713545422,44.44325136905401,0.0
CD34,0.21580209327413527,44.43788252979706,0.0
SRP54,0.2157392752060232,44.432513690540105,0.0
ASB1,0.21572322410648165,44.42714485128315,0.0
TMED9,0.21572315399473513,44.4217760120262,0.0
ZMAT5,0.21570259767215902,44.41640717276925,0.0
BCL10,0.21567485286625096,44.411038333512295,0.0
OR51E2,0.21565798506665929,44.40566949425534,0.0
EFHC2,0.21561614088013759,44.40030065499839,0.0
FIGF,0.21560259897844886,44.39493181574144,0.0
CTSW,0.21558895599358738,44.389562976484484,0.0
IMMP1L,0.21553734295650182,44.38419413722753,0.0
RASSF4,0.21551716925762357,44.37882529797058,0.0
RPS4Y1,0.21551359533056663,44.373456458713626,0.0
CNNM2,0.21549649496009904,44.368087619456674,0.0
NFKBIB,0.2154878523899008,44.36271878019972,0.0
ZSCAN12,0.2154478272730347,44.35734994094277,0.0
TRIM23,0.21541712398805418,44.351981101685816,0.0
COL23A1,0.21541496937568816,44.34661226242886,0.0
MTMR4,0.21541250912946092,44.34124342317191,0.0
RP11-407N17.3,0.2153274854819977,44.33587458391496,0.0
IRF9,0.21532510076489508,44.330505744658005,0.0
TYMP,0.21531104857327704,44.32513690540105,0.0
ELAVL2,0.215262411947365,44.3197680661441,0.0
RPL15,0.2151957776593414,44.31439922688715,0.0
HSD17B6,0.21516160413072005,44.309030387630195,0.0
PPM1E,0.21515358836489334,44.30366154837324,0.0
SYTL2,0.2151452373605116,44.29829270911629,0.0
BRSK1,0.215122870990272,44.29292386985934,0.0
KIAA1958,0.21510937157265797,44.287555030602384,0.0
CD53,0.2150977740525731,44.28218619134543,0.0
ABRA,0.21505166072345583,44.27681735208848,0.0
ARHGAP15,0.21497128161656248,44.271448512831526,0.0
SETD4,0.21490739953748098,44.26607967357457,0.0
ETNPPL,0.2148331776609699,44.26071083431762,0.0
MRPL1,0.21482734981272517,44.25534199506067,0.0
CDK15,0.21482561891239382,44.249973155803715,0.0
KCND3,0.21480181317999678,44.24460431654676,0.0
ARHGEF9,0.21477958883922083,44.23923547728981,0.0
SRP68,0.21476054388005136,44.23386663803286,0.0
MSGN1,0.2147069593661642,44.228497798775905,0.0
PAPOLB,0.21464278071883172,44.22312895951895,0.0
QPRT,0.21462175310138676,44.217760120262,0.0
CPNE5,0.2145828026555212,44.21239128100505,0.0
FGD2,0.2145702256033654,44.207022441748094,0.0
DAZL,0.2145634955755708,44.20165360249114,0.0
YIPF6,0.21454646239044095,44.19628476323419,0.0
PEBP4,0.2144881461374164,44.190915923977236,0.0
ARPC4,0.2144848603596671,44.185547084720284,0.0
MCHR1,0.21446898271812528,44.18017824546333,0.0
SRSF4,0.2144245870902013,44.17480940620638,0.0
DDX39B,0.2144161894139082,44.169440566949426,0.0
SH3BGR,0.2143850454949776,44.16407172769247,0.0
DNAJB4,0.21437699480690675,44.15870288843552,0.0
KLRF1,0.21437156526229462,44.15333404917857,0.0
TUBA1C,0.21436899173848847,44.147965209921615,0.0
PLEKHG4,0.21436322689162052,44.14259637066466,0.0
FRA10AC1,0.214347081652919,44.13722753140771,0.0
GLB1L2,0.2143434364122078,44.13185869215076,0.0
BHLHA15,0.21420713099099445,44.126489852893805,0.0
SLC29A3,0.2141674603174603,44.12112101363685,0.0
DUSP19,0.21415110028764417,44.1157521743799,0.0
ABCD4,0.2140930743326145,44.11038333512295,0.0
DMRTC2,0.21409002868297372,44.105014495865994,0.0
SLCO5A1,0.21408484668874714,44.09964565660904,0.0
PM20D2,0.21408151909100331,44.09427681735209,0.0
ZNF700,0.21407310340406807,44.088907978095136,0.0
HIST1H3A,0.21406481830566718,44.083539138838184,0.0
CCDC33,0.2140524242964012,44.07817029958123,0.0
FAM114A2,0.21404129256721616,44.07280146032428,0.0
TCHH,0.21400653529014874,44.067432621067326,0.0
EFCAB6,0.21399979218743076,44.06206378181037,0.0
AUH,0.21397928678262979,44.05669494255342,0.0
CD47,0.21397350477861082,44.05132610329647,0.0
PCGF6,0.21391522959371928,44.045957264039515,0.0
ADPRHL1,0.21386711514185186,44.04058842478256,0.0
UBE2K,0.21383859282764678,44.03521958552561,0.0
APBB1IP,0.21380567865694494,44.02985074626866,0.0
MIER2,0.21377866389362446,44.024481907011705,0.0
GIPR,0.2137734693463736,44.01911306775475,0.0
RGS2,0.2137640375365637,44.0137442284978,0.0
ARIH1,0.21375334751507663,44.00837538924085,0.0
NACAD,0.21374553787421938,44.003006549983894,0.0
MOSPD2,0.21372543668835747,43.99763771072694,0.0
G0S2,0.21368612431363498,43.99226887146999,0.0
ZKSCAN5,0.2136627454398136,43.986900032213036,0.0
SRP14,0.21365789028070442,43.98153119295608,0.0
MUSTN1,0.21355071776316265,43.97616235369913,0.0
UBE2F,0.21347727627459756,43.97079351444218,0.0
TRIM5,0.21343856712515027,43.965424675185226,0.0
SRMS,0.21339963388202737,43.96005583592827,0.0
C1QTNF2,0.21339481649709074,43.95468699667132,0.0
HOXA9,0.2133808993144568,43.94931815741437,0.0
DDIT4L,0.21337993400417385,43.943949318157415,0.0
C9orf114,0.21335964290682127,43.93858047890046,0.0
CDX4,0.21331734337621752,43.93321163964351,0.0
OAZ2,0.21321904733247338,43.92784280038656,0.0
PSMA7,0.2131973417505854,43.922473961129604,0.0
POLR2J,0.21316886396830373,43.91710512187265,0.0
HPCAL1,0.21313158869189514,43.9117362826157,0.0
HIST1H1A,0.21312157809621532,43.90636744335875,0.0
DFFA,0.21310348706333357,43.900998604101794,0.0
SEZ6,0.21309700532641512,43.89562976484484,0.0
RAB3B,0.2130738645874884,43.89026092558789,0.0
RNF130,0.2130628688360796,43.884892086330936,0.0
SAPCD1,0.21304813659721172,43.87952324707398,0.0
PCNP,0.21304392650507156,43.87415440781703,0.0
RAP2B,0.2130265955842107,43.86878556856008,0.0
PSME2,0.2130227973853413,43.863416729303125,0.0
RRAGC,0.21301726836763538,43.85804789004617,0.0
RPL36,0.21300058851229084,43.85267905078922,0.0
PDXK,0.2129929159626581,43.84731021153227,0.0
SPC24,0.2129659578573973,43.841941372275315,0.0
PPP3CC,0.21293016715158677,43.836572533018355,0.0
AMY2B,0.21288966397970163,43.83120369376141,0.0
TRAPPC8,0.21285923051244926,43.82583485450446,0.0
TMEM255B,0.21285840768052436,43.820466015247504,0.0
RNF168,0.21282646782159603,43.81509717599055,0.0
NFXL1,0.21278871317489895,43.8097283367336,0.0
POMK,0.21272674861188626,43.804359497476646,1.0
EIF4A3,0.2127185616686711,43.798990658219694,0.0
SFXN1,0.21263835684368487,43.79362181896274,0.0
OR5L1,0.21263115383517645,43.78825297970579,0.0
COQ3,0.212604636667482,43.782884140448836,0.0
SLC35C2,0.2125609923188007,43.77751530119188,0.0
OR2L13,0.21249477561645147,43.77214646193493,0.0
PHRF1,0.21247567710261733,43.76677762267798,0.0
HLA-DQB2,0.21245844985782497,43.761408783421025,0.0
NRSN2,0.21242720243211455,43.75603994416407,0.0
KLC1,0.21241835551028082,43.75067110490712,0.0
GOSR1,0.21231393441662272,43.74530226565017,0.0
SIRT5,0.212292589730521,43.739933426393215,0.0
WDR27,0.21229080373756407,43.73456458713626,0.0
TIMP2,0.2122557869402665,43.72919574787931,0.0
DTX3L,0.21225140663153982,43.72382690862236,0.0
SESN2,0.21222308352014346,43.718458069365404,0.0
FAM13C,0.2121904843411852,43.71308923010845,0.0
METTL17,0.21219047050345363,43.7077203908515,0.0
PSMA6,0.2121263344971948,43.702351551594546,0.0
SLAMF6,0.2121053403696839,43.696982712337594,0.0
RPS6KC1,0.2121052149387422,43.69161387308064,0.0
CARS2,0.21207799859203896,43.68624503382369,0.0
LAP3,0.2119958693533775,43.680876194566736,0.0
P2RY14,0.21192381706910965,43.67550735530978,0.0
SERPING1,0.21188789749079945,43.67013851605283,0.0
FAM150B,0.21188305967732166,43.66476967679588,0.0
CD72,0.2118706453017281,43.659400837538925,0.0
NICN1,0.21186168798854718,43.65403199828197,0.0
POLR1D,0.21179995998267365,43.64866315902502,0.0
RHNO1,0.21174531323405632,43.64329431976807,0.0
HOXC6,0.2117306166442529,43.637925480511115,0.0
WDR74,0.2117167153065421,43.63255664125416,0.0
TAS2R1,0.2117075725172092,43.62718780199721,0.0
SERPINB9,0.21168498893162074,43.62181896274026,0.0
PPCS,0.21167826318269273,43.616450123483304,0.0
NOVA2,0.21165606060606063,43.61108128422635,0.0
IQSEC1,0.21164837640730677,43.6057124449694,0.0
RNF149,0.21161601452037263,43.600343605712446,0.0
AIMP1,0.21156480029004893,43.59497476645549,0.0
MUM1,0.2115559087494666,43.58960592719854,0.0
C11orf65,0.21154203913437003,43.58423708794159,0.0
CLEC6A,0.21153772120018166,43.578868248684635,0.0
TSSK1B,0.21151620514509495,43.57349940942768,0.0
CARD11,0.21151439179689718,43.56813057017072,0.0
FCGR2A,0.21145215223516406,43.56276173091377,0.0
VILL,0.21142762483698826,43.557392891656825,0.0
C14orf80,0.2114095002587387,43.55202405239987,0.0
TBL1XR1,0.21139878488142036,43.54665521314292,0.0
NR2C2AP,0.211367317764594,43.54128637388597,0.0
CRLF2,0.21135498943057796,43.535917534629014,0.0
ZBTB6,0.21133106618016648,43.53054869537206,0.0
SESTD1,0.21127633634244192,43.52517985611511,0.0
ZAN,0.21126689937867296,43.51981101685816,0.0
STX17,0.21124834483765623,43.514442177601204,0.0
LACE1,0.21123516673922196,43.50907333834425,0.0
OR51E1,0.21121427658457703,43.5037044990873,0.0
PHAX,0.21121385787188043,43.498335659830346,0.0
ZP2,0.21115105537699524,43.49296682057339,0.0
PLAGL2,0.21112985349491886,43.48759798131644,0.0
AARSD1,0.21111805802505806,43.48222914205949,0.0
DUOXA2,0.21110948381353065,43.476860302802535,0.0
NUDT1,0.21106685057690142,43.47149146354558,0.0
MEX3B,0.21106441708907164,43.46612262428863,0.0
FAM193A,0.211014521807189,43.46075378503168,0.0
TXLNA,0.21098602530152263,43.455384945774725,0.0
PNCK,0.21098139926152867,43.45001610651777,0.0
RPA2,0.2109560012001872,43.44464726726082,0.0
SH3BP5L,0.21094175762953776,43.43927842800387,0.0
CSDC2,0.21090371888576667,43.433909588746914,0.0
KLF6,0.21087637027287495,43.428540749489954,0.0
DDX49,0.21078678012680716,43.423171910233,0.0
RBM34,0.21075827514911777,43.417803070976056,0.0
FAM189A2,0.21073330706818222,43.412434231719104,0.0
CABS1,0.21071598517041434,43.40706539246215,0.0
OR1C1,0.210692743215029,43.4016965532052,0.0
PAPPA,0.2106746402404891,43.396327713948246,0.0
RPL3L,0.21056319152664837,43.39095887469129,0.0
DIO3,0.21056230698556488,43.38559003543434,0.0
CSTF2T,0.21054971833887176,43.38022119617739,0.0
CWF19L1,0.21054287587858783,43.374852356920435,0.0
MARCH6,0.21044064657223496,43.36948351766348,0.0
TAS2R14,0.21043675981365748,43.36411467840653,0.0
ZNF75D,0.21043237403062526,43.35874583914958,0.0
FSTL5,0.21041039737065342,43.353376999892625,0.0
ARMCX1,0.210379289026113,43.34800816063567,0.0
BIVM-ERCC5,0.21036605944831757,43.34263932137872,0.0
C9orf116,0.21024861583078053,43.33727048212177,0.0
ACSF2,0.21022585017758927,43.331901642864814,0.0
BACH2,0.21021083435047377,43.32653280360786,0.0
ZMYM5,0.21018301882755894,43.32116396435091,0.0
NAT8L,0.2101698375180301,43.315795125093956,0.0
MAPK4,0.21016548739499524,43.310426285837,0.0
DHRS2,0.21016180091748646,43.30505744658005,0.0
TUBB1,0.21013725845247594,43.29968860732309,0.0
PMM1,0.2101176685138692,43.29431976806614,0.0
PLGRKT,0.21010184243398317,43.288950928809186,0.0
KIAA1462,0.21010141319428652,43.28358208955223,0.0
ST7,0.21007132922097216,43.27821325029529,0.0
EPSTI1,0.2100530722473298,43.272844411038335,0.0
IL36RN,0.2100476665939294,43.26747557178138,0.0
ANP32E,0.21004086728520907,43.26210673252443,0.0
HSD17B14,0.2100080361364253,43.25673789326748,0.0
R3HDM2,0.20998987820774778,43.251369054010524,0.0
METTL22,0.20998796142529014,43.24600021475357,0.0
DOK6,0.20998311841787456,43.24063137549662,0.0
KRT36,0.20997954691623213,43.23526253623967,0.0
PSMA5,0.2099719024470618,43.229893696982714,0.0
BRI3BP,0.2099583528659137,43.22452485772576,0.0
THBD,0.20992817460317462,43.21915601846881,0.0
KLHL7,0.20992495435340613,43.213787179211856,1.0
CD40,0.20989539268451685,43.2084183399549,0.0
PRODH,0.20988344343288348,43.20304950069795,0.0
CAPNS2,0.20981995116352806,43.197680661441,0.0
IGSF9,0.209798594491867,43.192311822184045,0.0
TRAPPC13,0.20974235167429547,43.18694298292709,0.0
PUS10,0.20974082521040938,43.18157414367014,0.0
EME1,0.20973713851369585,43.17620530441319,0.0
POLR2D,0.20969574508279015,43.170836465156235,0.0
NOTCH2NL,0.20969057678631958,43.16546762589928,0.0
AGMAT,0.20961351775490455,43.16009878664232,0.0
C1QL1,0.20956976471804056,43.15472994738537,0.0
CST1,0.20953540332521334,43.14936110812842,0.0
DPP10,0.20941007285677005,43.14399226887147,0.0
CERS5,0.20938251367089297,43.13862342961452,0.0
AIFM3,0.2093215610184182,43.133254590357566,0.0
RBM15B,0.2092685388060332,43.127885751100614,0.0
GRIK4,0.20924530924694013,43.12251691184366,0.0
PRKRIP1,0.20924119878494535,43.11714807258671,0.0
UBTD1,0.20922648972010943,43.111779233329756,0.0
RPP38,0.20920985782092377,43.1064103940728,0.0
MORC4,0.20914923307135314,43.10104155481585,0.0
PPP6R1,0.20913792498352693,43.0956727155589,0.0
SLC26A7,0.20912940106082406,43.090303876301945,0.0
RUSC2,0.20907972636816652,43.08493503704499,0.0
PHF12,0.20902852955887305,43.07956619778804,0.0
PSMD9,0.2090036835988986,43.07419735853109,0.0
GDPD3,0.2089365596848416,43.068828519274135,0.0
PUS1,0.20891835457353705,43.06345968001718,0.0
LDHD,0.20876706148055288,43.05809084076023,0.0
ZSCAN29,0.20874754628403633,43.05272200150328,0.0
TRIM65,0.20873058093608393,43.047353162246324,0.0
SLC18A1,0.20868022687043145,43.04198432298937,0.0
TMTC2,0.20863183889932962,43.03661548373242,0.0
APOO,0.20862544508885242,43.03124664447546,0.0
HSD17B3,0.20862493544573296,43.02587780521851,0.0
SNRPB,0.20861727035914188,43.020508965961554,0.0
RPUSD4,0.20851267143898874,43.0151401267046,0.0
FGR,0.20848955969615846,43.00977128744765,0.0
PCDHB10,0.2084766258832651,43.0044024481907,0.0
OAS3,0.20845884411634308,42.99903360893375,0.0
RNASE4,0.20845305544783047,42.9936647696768,0.0
SLC7A2,0.20837855255577428,42.988295930419845,0.0
CD69,0.2083007552870138,42.98292709116289,0.0
NPLOC4,0.2082642499724574,42.97755825190594,0.0
TTC14,0.20825458557622872,42.97218941264899,0.0
EIF3L,0.2082300963019959,42.966820573392035,0.0
RASGEF1A,0.20821428373862635,42.96145173413508,0.0
GPSM3,0.20820168946768386,42.95608289487813,0.0
MAPK10,0.20809700235123701,42.95071405562118,0.0
HERPUD1,0.20809023627513729,42.945345216364224,0.0
PRKCE,0.20805550187363217,42.93997637710727,0.0
LRRC59,0.2080251634754567,42.93460753785032,0.0
KDELC2,0.20801136903543876,42.929238698593366,0.0
PRPSAP1,0.20800255104193194,42.92386985933641,0.0
PHF20L1,0.20798441996727973,42.91850102007946,0.0
PPIE,0.2079841112791229,42.91313218082251,0.0
SERPINB11,0.2079797796983081,42.907763341565555,0.0
DPH5,0.20797764613795952,42.9023945023086,0.0
CPXM2,0.2079600290430869,42.89702566305165,0.0
EIF1AY,0.20795249010455413,42.89165682379469,0.0
DIEXF,0.20792024091661943,42.88628798453774,0.0
CHP2,0.20788584198306975,42.880919145280785,0.0
C16orf70,0.20782716577777616,42.87555030602383,0.0
LIMD1,0.20778809782097776,42.87018146676688,0.0
EPHA8,0.20777298202211023,42.864812627509934,0.0
SERBP1,0.20775893744285073,42.85944378825298,0.0
CAMK2N1,0.2077288536997469,42.85407494899603,0.0
EPB41L4A,0.2077194681422394,42.84870610973908,0.0
CHML,0.20767909796182452,42.843337270482124,0.0
GEMIN6,0.20767812213108675,42.83796843122517,0.0
INF2,0.20766358856813266,42.83259959196822,0.0
ELP5,0.2075404171497724,42.827230752711266,0.0
NELFCD,0.20753418427387285,42.82186191345431,0.0
CDCA2,0.2074778818085607,42.81649307419736,0.0
MMAB,0.2074716707488346,42.81112423494041,0.0
SENP7,0.2074586567303121,42.805755395683455,0.0
TMPPE,0.20743670822091045,42.8003865564265,0.0
FMO2,0.20742471263775167,42.79501771716955,0.0
WBSCR16,0.20736248147051875,42.7896488779126,0.0
NOX5,0.20727888908909847,42.784280038655645,0.0
PTPRA,0.2072785613552371,42.77891119939869,0.0
PCF11,0.20723856260850523,42.77354236014174,0.0
MOB4,0.20723470124226356,42.76817352088479,0.0
SLC35F6,0.20722977980654492,42.76280468162783,0.0
LRRC23,0.20719895425607185,42.757435842370874,0.0
GANC,0.20717897206392757,42.75206700311392,0.0
SF3B4,0.2071598217123986,42.74669816385697,0.0
ZSCAN25,0.20715686978480813,42.74132932460002,0.0
SLC18B1,0.20714717255622178,42.735960485343064,0.0
ATP10A,0.2071266616105584,42.73059164608611,0.0
GLIPR1,0.20704804747497435,42.725222806829166,0.0
PMFBP1,0.2070212548311313,42.71985396757221,0.0
FAM20A,0.20688949066552736,42.71448512831526,0.0
BRSK2,0.20682443907373083,42.70911628905831,0.0
ASTL,0.2067995967847815,42.703747449801355,0.0
VWA1,0.20678137790150503,42.6983786105444,0.0
MBD1,0.2067748181369547,42.69300977128745,0.0
RAP2C,0.20675516254543233,42.6876409320305,0.0
ANKRD39,0.20674068268601525,42.682272092773545,0.0
SST,0.20672740074115764,42.67690325351659,0.0
SLC30A8,0.20672547698013646,42.67153441425964,0.0
TNFAIP8L2,0.20671623533601124,42.66616557500269,0.0
GPRC5C,0.20669330650043571,42.660796735745734,0.0
TMEM54,0.2066005738652663,42.65542789648878,0.0
ANKFN1,0.2065813830291873,42.65005905723183,0.0
UBAP1,0.2065356163860827,42.644690217974876,0.0
ATP2C2,0.20652705627705625,42.63932137871792,0.0
FAM96B,0.2064725659394878,42.63395253946097,0.0
CNOT2,0.20641787469048012,42.62858370020402,0.0
ATP6V1G3,0.20641382025279548,42.62321486094706,0.0
APPBP2,0.20638676887243773,42.617846021690106,0.0
AKR1B10,0.2063125617555936,42.61247718243315,0.0
CSTF1,0.20630765261824363,42.6071083431762,0.0
PLA2G4C,0.2062199598383568,42.60173950391925,0.0
APOBEC3C,0.2061603004386993,42.596370664662295,0.0
SLC52A3,0.20615368014656998,42.59100182540534,0.0
SEMA4G,0.20607600999671088,42.5856329861484,0.0
FAM58A,0.20606839293075127,42.580264146891444,0.0
SH3GLB2,0.20606308640305815,42.57489530763449,0.0
RGS6,0.20601040391148948,42.56952646837754,0.0
KIAA1731,0.20599631749251426,42.56415762912059,0.0
PHTF2,0.20597485059776668,42.558788789863634,0.0
FAM118B,0.20596710976484248,42.55341995060668,0.0
FBXO24,0.20596562030517304,42.54805111134973,0.0
OMD,0.20596464927857688,42.542682272092776,0.0
HSPA2,0.2059422573179091,42.53731343283582,0.0
GRIK2,0.2057869941535253,42.53194459357887,0.0
MLK4,0.205773146343099,42.52657575432192,0.0
ST18,0.20575530489131336,42.521206915064965,0.0
DNAJC15,0.20572053088313352,42.51583807580801,0.0
MST1,0.20571378694737721,42.51046923655106,0.0
UBE2V1,0.2057086026859801,42.50510039729411,0.0
ANKZF1,0.2055690627922818,42.499731558037155,0.0
FAM175B,0.20556441402517028,42.494362718780195,0.0
OGFOD1,0.2055169656460003,42.48899387952324,0.0
SLC9B2,0.2054920218414365,42.48362504026629,0.0
C2orf80,0.20547575848436392,42.47825620100934,0.0
ZNF432,0.20545771533674437,42.472887361752385,0.0
RBM47,0.20545703087867925,42.46751852249543,0.0
NFIA,0.20538986072061372,42.46214968323848,0.0
MAGEE2,0.20537611161927205,42.45678084398153,0.0
USP45,0.2053701231860637,42.45141200472458,0.0
CD302,0.20534659495964774,42.44604316546763,0.0
MRPL4,0.20533403664381225,42.440674326210676,0.0
TSR2,0.20531931839771306,42.43530548695372,0.0
ANO9,0.2053122305955711,42.42993664769677,0.0
MAGEB18,0.20531115797933702,42.42456780843982,0.0
UGT2A1,0.2053034336756902,42.419198969182865,0.0
RBMX2,0.20529781036749434,42.41383012992591,0.0
PPP1R16A,0.20520401663525503,42.40846129066896,0.0
NUP37,0.2051980179705239,42.40309245141201,0.0
C15orf40,0.20518146528944076,42.397723612155055,0.0
RPA4,0.20517817165741592,42.3923547728981,0.0
STEAP3,0.2051681254036278,42.38698593364115,0.0
PHLDA1,0.2051632642252778,42.3816170943842,0.0
NEU3,0.20515167510215743,42.376248255127244,0.0
NAP1L5,0.20504847874597862,42.37087941587029,0.0
TMEM184C,0.20502850344593243,42.36551057661334,0.0
CD37,0.20501764161417024,42.360141737356386,0.0
RMDN2,0.20494026060040635,42.35477289809943,0.0
CASKIN2,0.2048985018682427,42.349404058842474,0.0
PGGT1B,0.2048080954202191,42.34403521958552,0.0
CENPK,0.2048057226781038,42.33866638032857,0.0
ASB15,0.2047876206906402,42.333297541071616,0.0
SCIN,0.20478379820618958,42.32792870181466,0.0
FARP2,0.20473967011017086,42.32255986255771,0.0
CCDC9,0.20472505765721222,42.31719102330076,0.0
CHGB,0.20471893366629218,42.31182218404381,0.0
TXNDC15,0.2045936324972922,42.30645334478686,0.0
ZNF786,0.20457467655057288,42.30108450552991,0.0
FAM193B,0.20455342357652975,42.295715666272955,0.0
CDH11,0.20450657974671294,42.290346827016,0.0
NOD1,0.20449348542390386,42.28497798775905,0.0
CRMP1,0.20449246450051778,42.2796091485021,0.0
ZBTB16,0.20435938370072299,42.274240309245144,0.0
MINPP1,0.20434774869943056,42.26887146998819,0.0
FCAMR,0.20431462999148226,42.26350263073124,0.0
PLEKHA8,0.20428473888773474,42.258133791474286,0.0
ZNF596,0.2042126335353322,42.25276495221733,0.0
RBM22,0.20420245938683296,42.24739611296038,0.0
POLR2I,0.20416187680945005,42.24202727370343,0.0
BCL6B,0.20411617407572225,42.236658434446475,0.0
TRIM9,0.20409457991037394,42.23128959518952,0.0
C10orf88,0.20408599942058592,42.22592075593256,0.0
MEA1,0.203905903311477,42.22055191667561,0.0
PAIP2,0.20389209125097496,42.21518307741866,0.0
FBXO41,0.20388414212540776,42.209814238161705,0.0
IL13,0.2038790634407642,42.20444539890475,0.0
GK5,0.2038663932013438,42.1990765596478,0.0
MTSS1,0.20386551884634949,42.19370772039085,0.0
RWDD4,0.2038415681293273,42.188338881133895,0.0
LRRC28,0.20383441780106232,42.18297004187694,0.0
ITFG2,0.20377530339532596,42.17760120261999,0.0
LARP4B,0.20376779594766292,42.172232363363044,0.0
PMS1,0.2037552394695173,42.16686352410609,0.0
PIGK,0.2037087428155014,42.16149468484914,0.0
OR2T7,0.2036835273201504,42.156125845592186,0.0
GTF2A1L,0.20366422458975103,42.15075700633523,0.0
ATP5S,0.20365780260670424,42.14538816707828,0.0
TUBAL3,0.203653500547229,42.14001932782133,0.0
METRNL,0.20365309893198105,42.134650488564375,0.0
PAPD4,0.2036522504491705,42.12928164930742,0.0
ZDHHC4,0.20363841687990664,42.12391281005047,0.0
GLTP,0.20363391906899034,42.11854397079352,0.0
DGUOK,0.20362991342699358,42.113175131536565,0.0
NFKB2,0.2036077474954526,42.10780629227961,0.0
ZNF385B,0.2035847097617242,42.10243745302266,0.0
CCDC58,0.2035518183177472,42.09706861376571,0.0
DDAH2,0.2035056059133657,42.091699774508754,0.0
A2ML1,0.2035046305180098,42.086330935251794,0.0
KLHL32,0.20348958176913126,42.08096209599484,0.0
NEURL1B,0.2034420940347667,42.07559325673789,0.0
WAS,0.20342584037220263,42.07022441748094,0.0
MYO1H,0.20342491062404341,42.064855578223984,0.0
MARCH7,0.20338039240944578,42.05948673896703,0.0
ADD3,0.20335028474095748,42.05411789971008,0.0
SKAP1,0.20334495472445271,42.048749060453126,0.0
SCGB3A1,0.20331433125515264,42.04338022119617,0.0
REEP4,0.20329391421601734,42.03801138193922,0.0
CYP2B6,0.20328207571592394,42.032642542682275,0.0
WHAMM,0.20323107118007416,42.02727370342532,0.0
RAB5A,0.2032265763918784,42.02190486416837,0.0
LIPN,0.20319720840665556,42.01653602491142,0.0
GLS2,0.20318385176568676,42.011167185654465,0.0
MUCL1,0.2031581310971667,42.00579834639751,0.0
STRIP2,0.20311083228127166,42.00042950714056,0.0
RNF40,0.2031062792154243,41.99506066788361,0.0
SF3A3,0.20310516534709463,41.989691828626654,0.0
TAS2R39,0.20310357969593773,41.9843229893697,0.0
SDR9C7,0.20309613787399247,41.97895415011275,0.0
LCN12,0.20308958689588974,41.973585310855796,0.0
GRINA,0.20301585552853024,41.96821647159884,0.0
EFNB3,0.2030018433243578,41.96284763234189,0.0
LECT2,0.2029964793623507,41.95747879308493,0.0
PGLYRP1,0.2029866695657347,41.95210995382798,0.0
PLCD1,0.2029656639425978,41.946741114571026,0.0
TMEM63C,0.202948978422197,41.94137227531407,0.0
RHCG,0.20293874739583825,41.93600343605712,0.0
SURF6,0.20291626409568328,41.93063459680017,0.0
ROBO4,0.2029002635573609,41.925265757543215,0.0
PACSIN2,0.20283273234299154,41.91989691828626,0.0
CDC5L,0.20283271303061282,41.91452807902931,0.0
FGD3,0.20281667562048375,41.90915923977236,0.0
MICB,0.20281247058914714,41.903790400515405,0.0
UBN2,0.20281158300682595,41.89842156125845,0.0
FUNDC2,0.20281092982702406,41.89305272200151,0.0
SLC44A1,0.20280401983057378,41.887683882744554,0.0
ANKEF1,0.2027951973447984,41.8823150434876,0.0
NOL9,0.20278583661147617,41.87694620423065,0.0
ELAVL4,0.20278088910079411,41.871577364973696,0.0
ISCU,0.20277951617833892,41.86620852571674,0.0
C14orf1,0.2027779881209034,41.86083968645979,0.0
KIAA1244,0.20274107142857142,41.85547084720284,0.0
TTC12,0.20273358560300134,41.850102007945885,0.0
MMAA,0.20264672115208734,41.84473316868893,0.0
OR56A4,0.20260045144612362,41.83936432943198,0.0
DMC1,0.2025233763169445,41.83399549017503,0.0
THSD7A,0.20251680472504266,41.828626650918075,0.0
FOXA3,0.20251392857199804,41.82325781166112,0.0
TMEM208,0.20249896233904624,41.81788897240416,0.0
GIN1,0.20248670496137772,41.81252013314721,0.0
PRPF40B,0.2024145957279751,41.80715129389026,0.0
TUBB8,0.20238617074143486,41.801782454633305,0.0
CLDND1,0.20237753643058257,41.79641361537635,0.0
NRD1,0.20235977591036414,41.7910447761194,0.0
CCR1,0.20233811220687134,41.78567593686245,0.0
PRR5,0.2023233491639485,41.780307097605494,0.0
PQLC1,0.20228105423893958,41.77493825834854,0.0
CLEC17A,0.20227720959199033,41.76956941909159,0.0
TESC,0.20227679374479463,41.764200579834636,0.0
EPHA1,0.20227545615168246,41.75883174057769,0.0
LIME1,0.2022475423644897,41.75346290132074,0.0
GPR124,0.2022404761904762,41.748094062063785,0.0
WBP1,0.20222185794170922,41.74272522280683,0.0
PATL1,0.20219884544671882,41.73735638354988,0.0
SERPINA6,0.20214150664932964,41.73198754429293,0.0
RPL11,0.2021052249151837,41.726618705035975,0.0
PHC3,0.20209667288273675,41.72124986577902,0.0
DBNDD2,0.202075841068377,41.71588102652207,0.0
CBLL1,0.20207165353094442,41.71051218726512,0.0
CPNE9,0.20203706081054357,41.705143348008164,0.0
KCNH5,0.20201646657881386,41.69977450875121,0.0
YWHAH,0.2020078772091491,41.69440566949426,0.0
SLC27A6,0.2019762986145528,41.6890368302373,0.0
SMARCD1,0.2019623421526641,41.68366799098035,0.0
DHX34,0.20196184617825255,41.678299151723394,0.0
QSOX2,0.20183210220954945,41.67293031246644,0.0
KCNA4,0.20179625121795458,41.66756147320949,0.0
MAP4K3,0.20174432383745056,41.662192633952536,0.0
ISG20L2,0.20173229417581756,41.65682379469558,0.0
ASB3,0.20169345434633684,41.65145495543863,0.0
MRPS35,0.2016854614340208,41.64608611618168,0.0
ZBED6CL,0.20168459371554243,41.640717276924725,0.0
FGF13,0.20149091775560693,41.63534843766777,0.0
C15orf52,0.20143723111571332,41.62997959841082,0.0
RIMBP2,0.20141837991238504,41.62461075915387,0.0
GCN1L1,0.20136197891837487,41.61924191989692,0.0
SAMD8,0.20134876203379645,41.61387308063997,0.0
TSPAN3,0.20133891744378798,41.60850424138302,0.0
CPB1,0.20130273304948149,41.603135402126064,0.0
NAALADL1,0.20128902919451366,41.59776656286911,0.0
COMMD2,0.20122183699281954,41.59239772361216,0.0
MAP4K5,0.20116068211640387,41.587028884355206,0.0
C19orf43,0.20105016875621176,41.58166004509825,0.0
LY75-CD302,0.2010271374966497,41.5762912058413,0.0
EMILIN1,0.2010252235058469,41.57092236658435,0.0
ELOVL6,0.20101555064233864,41.565553527327395,0.0
C19orf60,0.20101366244767999,41.56018468807044,0.0
IER3,0.2009686640345703,41.55481584881349,0.0
ARMC10,0.20093297072578725,41.54944700955653,0.0
NLRC3,0.20092914815591198,41.54407817029958,0.0
SGCE,0.20087272455213862,41.538709331042625,0.0
ANKRD12,0.20087250634142992,41.53334049178567,0.0
ALDH9A1,0.20086372977660855,41.52797165252872,0.0
FNBP4,0.20085575574659137,41.52260281327177,0.0
ALPP,0.20085447083516733,41.517233974014815,0.0
SLC25A39,0.20084210199987923,41.51186513475786,0.0
RALBP1,0.20080235779395875,41.50649629550091,0.0
SLC35C1,0.20077832284985142,41.50112745624396,0.0
DALRD3,0.20077635225419335,41.495758616987004,0.0
CCL20,0.20075393660635807,41.49038977773005,0.0
ZNF347,0.2006790993648561,41.4850209384731,0.0
FAM73B,0.2006012932680446,41.47965209921615,0.0
PSMB8,0.20059221008382117,41.4742832599592,0.0
PLEKHA6,0.20057359073506636,41.46891442070225,0.0
AHCYL2,0.2005648313424626,41.463545581445295,0.0
AHDC1,0.2005357473944888,41.45817674218834,0.0
SUGP2,0.20051544133165397,41.45280790293139,0.0
SYNJ2BP,0.20048888649035276,41.44743906367444,0.0
OMG,0.2004071482795625,41.442070224417485,0.0
CBLC,0.20037896678726685,41.43670138516053,0.0
PIGZ,0.20035858081246422,41.43133254590358,0.0
TTC38,0.20031471345750265,41.42596370664663,0.0
JAZF1,0.20029893807347196,41.42059486738967,0.0
H3F3C,0.2002349839795281,41.415226028132714,0.0
NXT1,0.20023298267248762,41.40985718887576,0.0
BTBD6,0.20023112600789822,41.40448834961881,0.0
PPP1R16B,0.20014860029306694,41.39911951036186,0.0
FAF2,0.20013680462967548,41.393750671104904,0.0
ACSF3,0.20012959890925047,41.38838183184795,0.0
CD101,0.20009861881977448,41.383012992591,0.0
AEN,0.20006073853714254,41.377644153334046,0.0
OXLD1,0.20005848631127976,41.37227531407709,0.0
GYS2,0.2000397979044418,41.36690647482014,0.0
MRPL43,0.2000261534890262,41.36153763556319,0.0
PGLYRP4,0.19998432292345333,41.356168796306235,0.0
PARVB,0.1999607617648961,41.35079995704928,0.0
ARRDC3,0.19995485444908717,41.34543111779233,0.0
OR5D13,0.19988902189053043,41.340062278535385,0.0
PYROXD2,0.19988532923546193,41.33469343927843,0.0
FAM84B,0.19988522248887083,41.32932460002148,0.0
RASSF7,0.19987143469808039,41.32395576076453,0.0
PLCD4,0.19987005263164584,41.318586921507574,0.0
TPSAB1,0.199827857903261,41.31321808225062,0.0
CA7,0.19978513090116415,41.30784924299367,0.0
CMTM6,0.1997604243153803,41.302480403736716,0.0
REEP3,0.19974867108636962,41.29711156447976,0.0
ZC3H12C,0.19972143251155136,41.29174272522281,0.0
ZNF160,0.1997038551980293,41.28637388596586,0.0
OR8G5,0.19966388389853798,41.2810050467089,0.0
TCEA2,0.19965431241701417,41.275636207451946,0.0
FAM69B,0.19964872754219792,41.27026736819499,0.0
OR10C1,0.1995578436159286,41.26489852893804,0.0
ANTXR1,0.1995373148676959,41.25952968968109,0.0
ZNF600,0.19951659547700065,41.254160850424135,0.0
ASNSD1,0.1995049090134428,41.24879201116718,0.0
TNNC1,0.19949439528461257,41.24342317191023,0.0
ANKRD36,0.19946817246346465,41.23805433265328,0.0
NOP56,0.1994270375743247,41.232685493396325,0.0
DDX3Y,0.19941066883046396,41.22731665413937,0.0
SYCP1,0.1994075899813706,41.22194781488242,0.0
KCNS3,0.1993988290238807,41.21657897562547,0.0
TSPO,0.19938790260694256,41.211210136368514,0.0
CKS1B,0.19938455849208223,41.20584129711156,0.0
DUSP13,0.19938173035747525,41.200472457854616,0.0
CTLA4,0.19934641394485939,41.19510361859766,0.0
FAM127B,0.19934542616536963,41.18973477934071,0.0
PRSS8,0.19934031224788437,41.18436594008376,0.0
DPEP3,0.19934027698978912,41.178997100826805,0.0
MED15,0.19933464815317678,41.17362826156985,0.0
USP33,0.19932414380240013,41.1682594223129,0.0
SOCS6,0.19929804916310206,41.16289058305595,0.0
TMEM140,0.19921038466823132,41.157521743798995,0.0
HHLA3,0.1991728834901077,41.152152904542035,0.0
ZSWIM4,0.19912332627057847,41.14678406528508,0.0
AP3S2,0.19906673874174097,41.14141522602813,0.0
TSPYL2,0.19903681430083464,41.13604638677118,0.0
CILP,0.1989158096169002,41.130677547514225,0.0
PLXNC1,0.19887600378353767,41.12530870825727,0.0
GGCT,0.198869527064696,41.11993986900032,0.0
RTP4,0.19885298977475077,41.11457102974337,0.0
MKNK2,0.1988510658794033,41.109202190486414,0.0
TAF1L,0.1988283626135407,41.10383335122946,0.0
TMEM19,0.19877626710117455,41.09846451197251,0.0
ARHGAP20,0.19875762625959348,41.093095672715556,0.0
ANAPC16,0.19867007410356124,41.0877268334586,0.0
LDOC1L,0.19861146582211786,41.08235799420165,0.0
PIK3CD,0.1985937672702808,41.0769891549447,0.0
AAMDC,0.1985890908010881,41.071620315687746,0.0
ATP1B3,0.19858459266105155,41.0662514764308,0.0
IFNA6,0.1985521052178449,41.06088263717385,0.0
FAM208A,0.19848646019902721,41.055513797916895,0.0
MRFAP1L1,0.19846463278972631,41.05014495865994,0.0
CYP2C18,0.19833959792708616,41.04477611940299,0.0
TIMM10B,0.19830186256688442,41.03940728014604,0.0
CLPB,0.19821569665084343,41.034038440889084,0.0
PAPLN,0.19819730536649033,41.02866960163213,0.0
SH2D4A,0.1981872884937121,41.02330076237518,0.0
FHDC1,0.1981559577880087,41.017931923118226,0.0
CYB5R4,0.19814883836006408,41.01256308386127,0.0
KCNH8,0.1981486958591992,41.007194244604314,0.0
RBM18,0.1981245985431928,41.00182540534736,0.0
AFAP1L1,0.19808979982341288,40.99645656609041,0.0
HEXDC,0.19800632316393316,40.991087726833456,0.0
CDRT4,0.19798751034173057,40.9857188875765,0.0
CAV3,0.19795784238541808,40.98035004831955,0.0
WFIKKN1,0.1979065558873327,40.9749812090626,0.0
PKP3,0.1978346767206077,40.969612369805645,0.0
IL18RAP,0.19782613488728523,40.96424353054869,0.0
FBXO22,0.1977717214035457,40.95887469129174,0.0
DDX53,0.19776376808474394,40.95350585203479,0.0
NLRC4,0.1977254178278799,40.948137012777835,0.0
CDK16,0.19764554305420254,40.94276817352088,0.0
PRIM2,0.19763241910768106,40.93739933426393,0.0
SELM,0.19762137157266985,40.93203049500698,0.0
HERC4,0.1975920128558682,40.92666165575003,0.0
PROSER2,0.19754155027023865,40.92129281649308,0.0
RRNAD1,0.1975352342138838,40.915923977236126,0.0
NEUROD2,0.197533802215578,40.91055513797917,0.0
FAM127C,0.19750725258660337,40.90518629872222,0.0
TMEM41B,0.19748241527212212,40.89981745946527,0.0
AAED1,0.19747900963959,40.894448620208316,0.0
ASB16,0.19747641457420353,40.88907978095136,0.0
PBX3,0.19746260059042767,40.8837109416944,0.0
MPV17L2,0.19745550400575415,40.87834210243745,0.0
LAMTOR3,0.19743177807085777,40.8729732631805,0.0
SIGIRR,0.19740656683894414,40.867604423923545,0.0
ENDOV,0.19740195923765516,40.86223558466659,0.0
TFG,0.19740106982016298,40.85686674540964,0.0
GDF15,0.19735091353417117,40.85149790615269,0.0
SPANXN3,0.19734349826131897,40.846129066895735,0.0
TNNI2,0.1972709958619568,40.84076022763878,0.0
METTL18,0.1972568223661116,40.83539138838183,0.0
ZSWIM3,0.19724441844743984,40.83002254912488,0.0
MPZL2,0.19715121724323154,40.824653709867924,0.0
SLC16A5,0.19714447596193285,40.81928487061097,0.0
FAM8A1,0.19713435349552605,40.81391603135402,0.0
BOLA3,0.19708413910452105,40.808547192097066,0.0
ZNF689,0.19705505709443946,40.80317835284011,0.0
MRTO4,0.1970501900723649,40.79780951358316,0.0
TSC22D3,0.1969875665616174,40.79244067432621,0.0
EP400NL,0.19697737424327175,40.78707183506926,0.0
MRPS11,0.19696889520349725,40.78170299581231,0.0
ADCY2,0.19695173834328902,40.77633415655536,0.0
ZBTB46,0.19693486894247725,40.770965317298405,0.0
GABRE,0.19692532608800387,40.76559647804145,0.0
LRRC32,0.19692433574771365,40.7602276387845,0.0
HTATSF1,0.1968422583563682,40.75485879952755,0.0
RARRES3,0.19678794599906366,40.749489960270594,0.0
MRAS,0.19655763974417165,40.744121121013634,0.0
USPL1,0.1965485330140894,40.73875228175668,0.0
FAM189B,0.1965466057451576,40.73338344249973,0.0
CNNM1,0.19654161293507438,40.72801460324278,0.0
FRMD8,0.19652878055798723,40.722645763985824,0.0
STX16,0.1965129071764246,40.71727692472887,0.0
CENPQ,0.19645285350799285,40.71190808547192,0.0
RBM24,0.19645167887257806,40.706539246214966,0.0
CAMKMT,0.19642236580717415,40.70117040695801,0.0
ZNF484,0.19638017038282482,40.69580156770106,0.0
ZNF585B,0.1963786341686313,40.69043272844411,0.0
MGAT3,0.19637249052333383,40.685063889187155,0.0
OR10P1,0.19634833971503468,40.6796950499302,0.0
KLHL6,0.1963475820186536,40.67432621067325,0.0
MYOT,0.19634564997495124,40.6689573714163,0.0
MYOZ1,0.19633119748985856,40.663588532159345,0.0
APCS,0.1963057395876546,40.65821969290239,0.0
ULBP1,0.19625018829217905,40.65285085364544,0.0
ZC3H7A,0.19620849665509338,40.647482014388494,0.0
CMC1,0.19619800227128542,40.64211317513154,0.0
MRPL46,0.19618637765521743,40.63674433587459,0.0
CXorf57,0.1961633699630622,40.631375496617636,0.0
RABL2B,0.19609664657586362,40.62600665736068,0.0
SLCO3A1,0.19597500817286087,40.62063781810373,0.0
A1BG,0.1959281497939937,40.61526897884677,0.0
SSH3,0.1959157410975631,40.60990013958982,0.0
C7orf55,0.19587728200280016,40.604531300332866,0.0
ECSCR,0.19583197278911565,40.59916246107591,0.0
GAS7,0.1958284128497297,40.59379362181896,0.0
CYP4F22,0.19578172233582264,40.58842478256201,0.0
ZCCHC4,0.1957268623195471,40.583055943305055,0.0
TLE1,0.19570506970673424,40.5776871040481,0.0
OR5D16,0.1956422750373512,40.57231826479115,0.0
FIBP,0.1956366537737256,40.5669494255342,0.0
ZKSCAN2,0.19563462880679544,40.561580586277245,0.0
MLTK,0.19561996947496949,40.55621174702029,0.0
NXT2,0.19561206246227308,40.55084290776334,0.0
KPNA4,0.195597230115724,40.54547406850639,0.0
RCAN1,0.19559578273888287,40.540105229249434,0.0
SPATA5L1,0.19558751926198234,40.53473638999248,0.0
ATP5G3,0.19548729928797842,40.52936755073553,0.0
TP53I11,0.19548425712442605,40.523998711478576,0.0
ZNF622,0.1954363015316763,40.518629872221624,0.0
TAS2R3,0.19539716306376936,40.51326103296467,0.0
TRAPPC4,0.19538690073592263,40.507892193707725,0.0
EXOSC7,0.1953790155545169,40.50252335445077,0.0
CCDC85B,0.19533628945070386,40.49715451519382,0.0
TM4SF20,0.19530441811300006,40.49178567593687,0.0
DUS3L,0.1953019242276943,40.486416836679915,0.0
AACS,0.19529193601832434,40.48104799742296,0.0
IMPA2,0.1952757203374369,40.475679158166,0.0
KIR2DL4,0.19526159475848534,40.47031031890905,0.0
RPS23,0.19524874296394018,40.4649414796521,0.0
FAM131C,0.1952471170011703,40.459572640395145,0.0
CAMSAP2,0.19519158524590133,40.45420380113819,0.0
PRKD2,0.19518336556792173,40.44883496188124,0.0
NECAP2,0.19517118863941502,40.44346612262429,0.0
STARD5,0.19515767048289212,40.438097283367334,0.0
IGFBP6,0.1951295315975155,40.43272844411038,0.0
NDRG4,0.19498288327567653,40.42735960485343,0.0
HNRNPA0,0.19495365917786583,40.421990765596476,0.0
PKDREJ,0.19494293042526042,40.41662192633952,0.0
KCNAB3,0.19494134739442504,40.41125308708257,0.0
PRR3,0.19493475942502164,40.40588424782562,0.0
AP4S1,0.1949127861530517,40.400515408568666,0.0
DXO,0.19490617454173292,40.39514656931171,0.0
MASP2,0.19490258862191173,40.38977773005476,0.0
C12orf10,0.1948969360038238,40.38440889079781,0.0
RNGTT,0.19485897628232302,40.379040051540855,0.0
NOP9,0.1948562856031007,40.37367121228391,0.0
COPRS,0.1948528327219424,40.36830237302696,0.0
RHBDL1,0.19481743693146775,40.362933533770004,0.0
LRRC57,0.19480225774177906,40.35756469451305,0.0
RNF25,0.19478744160889108,40.3521958552561,0.0
FAM184A,0.194786856349012,40.34682701599914,0.0
TVP23C,0.19472809923081752,40.34145817674219,0.0
MYO16,0.19472670918305313,40.336089337485234,0.0
MRPL27,0.19470523650952187,40.33072049822828,0.0
LST1,0.19469250650685044,40.32535165897133,0.0
RASSF8,0.19463787525014128,40.319982819714376,0.0
TBCB,0.19462011309816354,40.31461398045742,0.0
SNCG,0.19458381990208634,40.30924514120047,0.0
EHF,0.19457701985545187,40.30387630194352,0.0
MPEG1,0.19456291282486504,40.298507462686565,0.0
RMND5A,0.19454382979128465,40.29313862342961,0.0
STON2,0.1945431446132641,40.28776978417266,0.0
CYP4F2,0.1944875505894619,40.28240094491571,0.0
KIF13A,0.1944785204961212,40.277032105658755,0.0
HOXB5,0.19441339557942677,40.2716632664018,0.0
IRX4,0.19439110241247418,40.26629442714485,0.0
FRMD4B,0.19437131781233305,40.2609255878879,0.0
HMX1,0.19436803503010402,40.255556748630944,0.0
DUSP23,0.19436041736774318,40.25018790937399,0.0
PSMA3,0.19434351886882653,40.24481907011704,0.0
RPL26,0.1943432336061301,40.239450230860086,0.0
NUDT12,0.19432268595912192,40.23408139160314,0.0
WIPI1,0.19429201229841522,40.22871255234619,0.0
TAF9,0.19424284646884668,40.223343713089236,0.0
KLHDC1,0.19420538902902973,40.21797487383228,0.0
ATP8B3,0.19412154784782493,40.21260603457533,0.0
RNASE13,0.1941195500040383,40.20723719531837,0.0
ATG16L2,0.19403046789100276,40.20186835606142,0.0
TRIM58,0.19400900907917784,40.196499516804465,0.0
ACKR2,0.1940054805903128,40.19113067754751,0.0
UAP1L1,0.19399089671497466,40.18576183829056,0.0
DAAM2,0.19397689227544995,40.18039299903361,0.0
ZNF365,0.19393871474710797,40.175024159776655,0.0
C18orf8,0.1938482130972859,40.1696553205197,0.0
NLRP4,0.19383845370463354,40.16428648126275,0.0
MRPL34,0.19380517682218856,40.1589176420058,0.0
KLHL9,0.19369329620581682,40.153548802748844,0.0
VENTX,0.1936699866330019,40.14817996349189,0.0
ERCC6L,0.19364386864017988,40.14281112423494,0.0
CTPS1,0.19360642800644418,40.137442284977986,0.0
SNTB2,0.19359512694198563,40.13207344572103,0.0
MPP6,0.19356258368671292,40.12670460646408,0.0
KDM4D,0.1935542281485983,40.12133576720713,0.0
C9orf43,0.19352831212097427,40.115966927950176,0.0
HIGD1B,0.19352292134166538,40.11059808869322,0.0
CNTF,0.19351994830497482,40.10522924943627,0.0
EMP3,0.19348683744630804,40.09986041017932,0.0
PSME3,0.19347091956761678,40.09449157092237,0.0
OR2AP1,0.1934371790374962,40.08912273166542,0.0
BAG5,0.19341245383175446,40.08375389240847,0.0
CHRNB1,0.19335986085751689,40.07838505315151,0.0
CHRNA5,0.1933514604696175,40.073016213894554,0.0
NOC4L,0.1933450574927744,40.0676473746376,0.0
FAHD2B,0.1933052401766033,40.06227853538065,0.0
ZNF486,0.19329203137060375,40.0569096961237,0.0
KRTAP10-7,0.1932754199661521,40.051540856866744,0.0
EPHA6,0.193253149013565,40.04617201760979,0.0
ZNF394,0.19323574015770179,40.04080317835284,0.0
OR56A3,0.1932330609766582,40.035434339095886,0.0
DCAKD,0.1931682544492593,40.03006549983893,0.0
CD40LG,0.19312553206674596,40.02469666058198,0.0
TPD52,0.19312029662497726,40.01932782132503,0.0
RPL28,0.1930702291665191,40.013958982068075,0.0
OLIG1,0.19305869981736223,40.00859014281112,0.0
KIAA1549,0.19305078024822966,40.00322130355417,0.0
CKAP2,0.19304611407246863,39.99785246429722,0.0
RPS21,0.19301270128401532,39.992483625040265,0.0
RHOU,0.192987923121257,39.98711478578331,0.0
U2AF2,0.19293982417911573,39.98174594652636,0.0
BSDC1,0.19286355885148287,39.97637710726941,0.0
CEP170,0.19285310638228892,39.971008268012454,0.0
RNF8,0.19283806975090725,39.9656394287555,0.0
TRIM52,0.1928056389691582,39.96027058949855,0.0
CNTNAP5,0.19278778038339936,39.9549017502416,0.0
PCDHGA6,0.19278288038321245,39.94953291098465,0.0
HDGF,0.1927508484987625,39.9441640717277,0.0
PXDC1,0.19272521571763243,39.93879523247074,0.0
MUC21,0.19271164034576335,39.933426393213786,0.0
SLC25A46,0.19269198382054714,39.92805755395683,0.0
NUFIP2,0.19267599385928774,39.92268871469988,0.0
SH3KBP1,0.19262400515370212,39.91731987544293,0.0
XRN2,0.19259192129596914,39.911951036185975,0.0
ZNF331,0.1925754761832604,39.90658219692902,0.0
SYNGR2,0.19256123481788934,39.90121335767207,0.0
TRIM36,0.19255625047584637,39.89584451841512,0.0
FAM90A1,0.1925325390807199,39.890475679158165,0.0
COMMD6,0.19250091868150399,39.88510683990121,0.0
SLC25A22,0.1924389488704527,39.87973800064426,0.0
SULT2B1,0.19242523558767285,39.87436916138731,0.0
CCNI,0.19242171936683086,39.869000322130354,0.0
ST8SIA5,0.19241914749686354,39.8636314828734,0.0
KIAA0408,0.1924185034316686,39.85826264361645,0.0
IP6K1,0.19240434153169642,39.852893804359496,0.0
LLPH,0.19240213056331584,39.847524965102544,0.0
COA1,0.1923945532475893,39.84215612584559,0.0
AFP,0.1923917672764604,39.83678728658864,0.0
CBR3,0.19237680196308396,39.831418447331686,0.0
STOX2,0.1923506384637355,39.82604960807473,0.0
OSBP,0.19234498779934173,39.82068076881778,0.0
FAM104B,0.19234422605480078,39.815311929560835,0.0
SRRM1,0.1923165500707735,39.809943090303875,0.0
PIWIL3,0.1923062059066627,39.80457425104692,0.0
COL28A1,0.19228636680339958,39.79920541178997,0.0
CD248,0.19222068300939596,39.79383657253302,0.0
CIRBP,0.1922193457698268,39.788467733276065,0.0
ZNF665,0.1921685225874148,39.78309889401911,0.0
ARL6IP1,0.19211434170150848,39.77773005476216,0.0
ZNF317,0.1920897718851033,39.77236121550521,0.0
SLC1A5,0.19207398074736343,39.766992376248254,0.0
RBMXL1,0.19204804943997011,39.7616235369913,0.0
OR2L8,0.19200089466089465,39.75625469773435,0.0
OR5V1,0.1919513245695166,39.750885858477396,0.0
TMEM179B,0.1919281062959056,39.74551701922044,0.0
PHF7,0.19190005501828072,39.74014817996349,0.0
TRIM3,0.19184927061852572,39.73477934070654,0.0
GPR180,0.1918295723443624,39.729410501449586,0.0
PPIL4,0.19179204553300222,39.72404166219263,0.0
POLR2H,0.19178297274876055,39.71867282293568,0.0
ABCB8,0.19176755242743446,39.71330398367873,0.0
ADSS,0.1917666313608001,39.707935144421775,0.0
REPS1,0.19175692555451102,39.70256630516482,0.0
DUSP22,0.19174926908538942,39.69719746590787,0.0
TSEN34,0.19173516284196004,39.69182862665092,0.0
RTP2,0.19169352701599723,39.686459787393964,0.0
PCDHGC3,0.19166696136915917,39.68109094813702,0.0
SIDT1,0.19164602760436095,39.675722108880066,0.0
PRPS1L1,0.19163206367946628,39.67035326962311,0.0
SURF2,0.19162415652261583,39.664984430366154,0.0
PDZD11,0.19162027201643878,39.6596155911092,0.0
FCHSD2,0.19160662943385084,39.65424675185225,0.0
TCTA,0.19160028608995058,39.648877912595296,0.0
MCF2L2,0.19159775122639328,39.64350907333834,0.0
ELF2,0.19155389531638595,39.63814023408139,0.0
RBM17,0.19152487720186187,39.63277139482444,0.0
PABPC5,0.19147346439318486,39.627402555567485,0.0
SNX6,0.19143338977269203,39.62203371631053,0.0
CSRNP3,0.1914061773773894,39.61666487705358,0.0
TRABD,0.1913443432967288,39.61129603779663,0.0
RIC8B,0.19134257469059818,39.605927198539675,0.0
HCRTR2,0.1912818009386405,39.60055835928272,0.0
SLC35B3,0.1912550972990813,39.59518952002577,0.0
TOX2,0.19123335630351707,39.58982068076882,0.0
PPP1R3F,0.19123205216111705,39.584451841511864,0.0
ESRP1,0.19110217464789078,39.57908300225491,0.0
KCTD3,0.19109832161645526,39.57371416299796,0.0
EIF2A,0.19109569049008773,39.568345323741006,0.0
BANP,0.19108960274220368,39.562976484484054,0.0
TIPIN,0.19105610497342862,39.5576076452271,0.0
TPGS2,0.1910490570830897,39.55223880597015,0.0
FOSB,0.1909793197101024,39.546869966713196,0.0
SNAPC5,0.1909636956763458,39.54150112745624,0.0
ITPRIP,0.1909453098228128,39.53613228819929,0.0
LRRC37B,0.19088569149152818,39.53076344894234,0.0
BCL2L13,0.19087413860189947,39.525394609685385,0.0
AMDHD2,0.1908720337827875,39.52002577042843,0.0
NTM,0.19081603762994553,39.51465693117148,0.0
TTC40,0.19078835164835165,39.50928809191453,0.0
THEMIS,0.1907426701354454,39.503919252657575,0.0
ACOT7,0.19069771297091054,39.49855041340062,0.0
SORCS2,0.19069381770964094,39.49318157414367,0.0
RPS6KA4,0.19068251089485824,39.48781273488672,0.0
INPP4B,0.1906778952191625,39.482443895629764,0.0
GPR158,0.1906545624137666,39.47707505637281,0.0
ANKRD10,0.19061459213872997,39.47170621711586,0.0
SMARCA1,0.1906130344754445,39.466337377858906,0.0
SLC22A1,0.19053941963306353,39.46096853860195,0.0
NSFL1C,0.19053551600901927,39.455599699345,0.0
PTGR1,0.1905330610678052,39.45023086008805,0.0
CNPY4,0.19046564469702104,39.444862020831096,0.0
RRP1,0.1904173501881358,39.43949318157414,0.0
PSPC1,0.19040925747209764,39.43412434231719,0.0
KDELR3,0.1904067858395925,39.42875550306024,0.0
ZNF70,0.1904031720709219,39.423386663803285,0.0
SH3D21,0.19039141102654716,39.41801782454633,0.0
CPED1,0.19036645709225036,39.41264898528938,0.0
ISLR,0.19035783402893597,39.40728014603243,0.0
ETNK2,0.1903341984356726,39.401911306775474,0.0
KCNK1,0.19028377987192746,39.39654246751852,0.0
GNAI1,0.19027418984227568,39.39117362826157,0.0
STX6,0.19026769253707349,39.38580478900462,0.0
ICT1,0.19026229403625716,39.380435949747664,0.0
TSSC4,0.19026201510540008,39.37506711049071,0.0
CDC42SE1,0.190257628185491,39.36969827123376,0.0
DPYSL5,0.19023543270820473,39.364329431976806,0.0
CNOT11,0.19015445490212118,39.35896059271985,0.0
SEC14L2,0.1901052565342492,39.3535917534629,0.0
EFCAB5,0.19010317276979244,39.34822291420595,0.0
CYP4F11,0.19009833979720311,39.342854074948995,0.0
C4BPB,0.1900867692371977,39.33748523569204,0.0
DCAF5,0.19008404934486645,39.33211639643509,0.0
FSTL4,0.1900590788764189,39.32674755717814,0.0
SYT11,0.19004725315129395,39.321378717921185,0.0
BTBD16,0.19001311766808743,39.31600987866423,0.0
KLF16,0.19000119086411724,39.31064103940728,0.0
LYRM5,0.18995000273328358,39.30527220015033,0.0
CCDC146,0.18993176527700437,39.299903360893374,0.0
MPDU1,0.1898803252058903,39.29453452163642,0.0
RNF207,0.18987566626017593,39.28916568237947,0.0
ZMAT4,0.18987375765391618,39.283796843122516,0.0
KANK3,0.18986371018929565,39.278428003865564,0.0
AS3MT,0.1896293589425718,39.27305916460861,0.0
GPAA1,0.18955643283393192,39.26769032535166,0.0
FAM3C,0.18950406134220404,39.262321486094706,0.0
MROH7,0.18945622653455957,39.25695264683775,0.0
PRKCDBP,0.18945543664625422,39.2515838075808,0.0
FAM134C,0.18945376750956555,39.24621496832385,0.0
ALKBH8,0.18944671509523248,39.240846129066895,0.0
ATP13A4,0.18944420739551762,39.23547728980994,0.0
CDS1,0.18944133829100657,39.23010845055299,0.0
AGTRAP,0.18943192230259778,39.22473961129604,0.0
VSTM2L,0.18938803279581745,39.219370772039085,0.0
ATP10B,0.18934590806123092,39.21400193278213,0.0
SLCO1C1,0.18926514559900637,39.20863309352518,0.0
TLK1,0.18923627782906433,39.20326425426823,0.0
ZMYM3,0.18920759674981186,39.197895415011274,0.0
NUDT9,0.18911857903328488,39.19252657575432,0.0
ING3,0.18910552401734818,39.18715773649737,0.0
CRYZL1,0.18909378144503014,39.181788897240416,0.0
C19orf57,0.18901127440132376,39.176420057983464,0.0
GBX2,0.18899996997396581,39.17105121872651,0.0
MRPL52,0.18891637465102393,39.16568237946956,0.0
MRPL21,0.1888865393112323,39.160313540212606,0.0
FAM126B,0.18886362929475312,39.15494470095565,0.0
FAM213B,0.18884434054161725,39.1495758616987,0.0
SELO,0.18883286287285492,39.14420702244175,0.0
TMEM201,0.1887693124683767,39.138838183184795,0.0
THAP4,0.18870235609493824,39.13346934392784,0.0
RRAD,0.18869804951693792,39.12810050467089,0.0
GRIN3B,0.1886726462191086,39.12273166541394,0.0
FZD10,0.18866075729825726,39.117362826156985,0.0
DNAJC2,0.1886282022966435,39.11199398690003,0.0
ZNF607,0.18859631548484088,39.10662514764308,0.0
ZNF747,0.1885701743954771,39.10125630838613,0.0
SEMA6B,0.18856446016077827,39.095887469129174,0.0
SV2C,0.18854856974298104,39.09051862987222,0.0
OR52E6,0.18851670545198757,39.08514979061527,0.0
TC2N,0.18851045113181547,39.079780951358316,0.0
RPUSD1,0.1885067164766477,39.07441211210136,0.0
RCC1,0.18848478627036894,39.06904327284441,0.0
TRIM26,0.18848429326586683,39.06367443358746,0.0
YTHDF1,0.18847852128126097,39.058305594330506,0.0
FLYWCH2,0.1884717904750976,39.05293675507355,0.0
ZNF784,0.1884691581669135,39.0475679158166,0.0
TAS2R40,0.18846796545883088,39.04219907655965,0.0
VAT1L,0.18842110059574296,39.036830237302695,0.0
RNASEK,0.188388615376964,39.03146139804574,0.0
IQCG,0.18830830585674355,39.02609255878879,0.0
C12orf55,0.18827195859695858,39.02072371953184,0.0
ZFP41,0.18826554108367305,39.015354880274884,0.0
SAAL1,0.1882276488680761,39.00998604101793,0.0
FAM207A,0.18821031647777064,39.00461720176098,0.0
CD93,0.18820423628793473,38.99924836250403,0.0
PRSS16,0.18818804472893474,38.993879523247074,0.0
CHMP4A,0.18814724553733891,38.98851068399012,0.0
CENPL,0.1881343690430908,38.98314184473317,0.0
NUDT16L1,0.18810930075428595,38.977773005476216,0.0
ABHD3,0.1880785253660729,38.97240416621926,0.0
NPAS4,0.18806483954206393,38.96703532696231,0.0
LONRF2,0.18805583914090035,38.96166648770536,0.0
HP1BP3,0.18794124546290492,38.956297648448405,0.0
EXOSC4,0.18791086416984282,38.95092880919145,0.0
BEX4,0.18790709213038642,38.9455599699345,0.0
NKX1-1,0.18788106300328386,38.94019113067755,0.0
GKAP1,0.18786985290199645,38.934822291420595,0.0
TUSC1,0.18776742943437258,38.92945345216364,0.0
SLC38A7,0.18772044270109914,38.92408461290669,0.0
OR2K2,0.18772029852566233,38.91871577364974,0.0
NOP58,0.1877065362423003,38.913346934392784,0.0
STMN4,0.1876723491662126,38.90797809513583,0.0
ZNHIT3,0.18764222052451965,38.90260925587888,0.0
OVGP1,0.18757884443125333,38.897240416621926,0.0
SPACA4,0.1875557478475349,38.891871577364974,0.0
MTMR7,0.18754972558176244,38.88650273810802,0.0
RABL6,0.18754568693779308,38.88113389885107,0.0
CMC4,0.18753525302471472,38.875765059594116,0.0
NPDC1,0.18751292120409807,38.87039622033716,0.0
IL9R,0.18748047418460648,38.86502738108021,0.0
ESCO1,0.18744910457158293,38.85965854182326,0.0
TMEM8B,0.1873987630349386,38.854289702566305,0.0
HOMER1,0.18734092193350307,38.84892086330935,0.0
SEC61G,0.18733288113563695,38.8435520240524,0.0
RIN2,0.18731559826798283,38.83818318479545,0.0
DDX31,0.18731488391921045,38.832814345538495,0.0
PAFAH2,0.1872824334456288,38.82744550628154,0.0
PCDHB14,0.18726975897686557,38.82207666702459,0.0
C6orf48,0.18725804072834462,38.81670782776764,0.0
SLC36A4,0.18722997503604252,38.811338988510684,0.0
IFNGR2,0.18721657309133452,38.80597014925373,0.0
CRHBP,0.18710374208528038,38.80060130999678,0.0
TDRP,0.18709633434257814,38.795232470739826,0.0
CHERP,0.18698959975646257,38.78986363148287,0.0
TRDMT1,0.18698324310686826,38.78449479222592,0.0
TECPR2,0.18697710108777188,38.77912595296897,0.0
ATAD2,0.18691687725333364,38.773757113712016,0.0
PCDHB8,0.1868944541853615,38.76838827445506,0.0
SCFD2,0.18687470380800758,38.76301943519811,0.0
RMDN1,0.18678376942966607,38.75765059594116,0.0
UBE3C,0.1867740799148694,38.752281756684205,0.0
FRRS1L,0.18675421380943966,38.74691291742725,0.0
RASAL1,0.1867244766804756,38.7415440781703,0.0
SNPH,0.18670958915657426,38.73617523891335,0.0
SEMA4D,0.18664546683850508,38.730806399656394,0.0
TMEM9B,0.18660790717867176,38.72543756039944,0.0
FAM53C,0.1865918798943062,38.72006872114249,0.0
KLF10,0.18657871565894243,38.71469988188554,0.0
PDE1A,0.1864770639666446,38.709331042628584,0.0
MSRB2,0.186476510629159,38.70396220337163,0.0
SNX21,0.18647208612735194,38.69859336411468,0.0
RGS18,0.1863947065303711,38.693224524857726,0.0
PRKX,0.18639343014779303,38.68785568560077,0.0
FBXO44,0.18636473401158277,38.68248684634382,0.0
RSPH3,0.18635414714200935,38.67711800708687,0.0
GZF1,0.18635340181347146,38.671749167829915,0.0
BCAP29,0.18634879907739804,38.66638032857296,0.0
TCP10,0.1863155051892393,38.66101148931601,0.0
NEUROD6,0.1863026275507355,38.65564265005906,0.0
CD6,0.18628357500423456,38.650273810802105,0.0
ARL6IP6,0.1862592700159799,38.64490497154515,1.0
PCOLCE2,0.18623817902922576,38.6395361322882,0.0
ZNF615,0.1861828732767846,38.63416729303125,0.0
NBPF15,0.186134442158215,38.628798453774294,0.0
DENND1A,0.18613160021500683,38.62342961451734,0.0
PUF60,0.18612246527322862,38.61806077526039,0.0
NKTR,0.18605377621780228,38.612691936003436,0.0
TCN1,0.18604384593236228,38.607323096746484,0.0
WWP1,0.18604251244064704,38.60195425748953,0.0
SMIM7,0.18592823980998655,38.59658541823258,0.0
CUZD1,0.18584424815598194,38.591216578975626,0.0
ZPBP2,0.18580851943120838,38.58584773971867,0.0
SFT2D2,0.18580086356128953,38.58047890046172,0.0
VTA1,0.1856599871980618,38.57511006120477,0.0
ADAMTS6,0.185616795798405,38.569741221947815,0.0
CYP2C8,0.1856100262120356,38.56437238269086,0.0
TTC23,0.18560782239296028,38.55900354343391,0.0
CLDN6,0.1855965033727379,38.55363470417696,0.0
TMEM261,0.1855906543881311,38.548265864920005,0.0
KCNJ3,0.18555368918223428,38.54289702566305,0.0
PPIP5K1,0.18555212544177507,38.5375281864061,0.0
QPCTL,0.18554946902380767,38.53215934714915,0.0
SPRYD4,0.18551490056622552,38.526790507892194,0.0
ABTB2,0.18548258337470883,38.52142166863524,0.0
DGKB,0.18547195874359268,38.51605282937829,0.0
RAB36,0.18545815526757983,38.510683990121336,0.0
HSPA12B,0.1853945996157754,38.505315150864384,0.0
C8orf4,0.18536465963033102,38.49994631160743,0.0
RETN,0.18535663913834616,38.49457747235048,0.0
FAM212A,0.18532697557642738,38.489208633093526,0.0
AGPAT5,0.1852868799428809,38.48383979383657,0.0
SLC22A11,0.18518479325293574,38.47847095457962,0.0
GANAB,0.18518375071102486,38.47310211532267,0.0
METTL4,0.18517797112834183,38.467733276065715,0.0
PRAMEF17,0.1851748251122342,38.46236443680876,0.0
OSBPL2,0.1851630583117457,38.45699559755181,0.0
RALGPS2,0.18508712372183073,38.45162675829486,0.0
SNRPA1,0.18507584890164247,38.446257919037905,0.0
OSM,0.18507481875652484,38.44088907978095,0.0
NINJ2,0.18505279176924105,38.435520240524,0.0
TSPAN14,0.18504092441008077,38.43015140126705,0.0
ZNF763,0.18499896477700178,38.424782562010094,0.0
SCAND1,0.18497624287553036,38.41941372275314,0.0
RLTPR,0.18497482461041784,38.41404488349619,0.0
CAPN10,0.18496381824767616,38.408676044239236,0.0
CCNJL,0.1848963538278313,38.40330720498228,0.0
HTRA3,0.1848794984749382,38.39793836572533,0.0
DUSP2,0.18486331245683701,38.39256952646838,0.0
QRSL1,0.18484939431087813,38.387200687211426,0.0
MBIP,0.18483470770988705,38.38183184795447,0.0
RRP9,0.18481418702605262,38.37646300869752,0.0
STRADA,0.18474257463723398,38.37109416944057,0.0
ABCG8,0.18467170549142148,38.365725330183615,0.0
NEURL2,0.18465988393064248,38.36035649092666,0.0
DDX4,0.18459736441067467,38.35498765166971,0.0
ALKBH5,0.1845438663666689,38.34961881241276,0.0
ZNF577,0.18444750182016448,38.344249973155804,0.0
HKR1,0.1843233700252925,38.33888113389885,0.0
DPYSL3,0.1843019075249612,38.3335122946419,0.0
TRMT112,0.1842911167839945,38.32814345538495,0.0
FSD2,0.1842671267439381,38.322774616127994,0.0
OPCML,0.18426117618912613,38.31740577687104,0.0
KCNJ4,0.1842413120493904,38.31203693761409,0.0
MUC13,0.18421956771400558,38.306668098357136,0.0
HIST1H4A,0.18420082967416454,38.30129925910018,0.0
SLC6A13,0.1841978112836756,38.29593041984323,0.0
RASGEF1B,0.18417623734746963,38.29056158058628,0.0
BRICD5,0.18415403310872053,38.285192741329325,0.0
THOC7,0.18413548658895645,38.27982390207237,0.0
KIN,0.18410550424457467,38.27445506281542,0.0
ZNF91,0.18409611606693504,38.26908622355847,0.0
ATP8A1,0.1840003279310174,38.263717384301515,0.0
KLHL23,0.183999181268541,38.25834854504456,0.0
FSCB,0.18396862655513807,38.25297970578761,0.0
ZNF133,0.18396330184489712,38.24761086653066,0.0
NANS,0.18394483466820571,38.242242027273704,0.0
DAB2IP,0.18391514820600013,38.23687318801675,0.0
PLCH1,0.1839109612283354,38.2315043487598,0.0
PLCL2,0.183838594669216,38.226135509502846,0.0
RABEPK,0.18381913865005026,38.220766670245894,0.0
BRIX1,0.18377051373490078,38.21539783098894,0.0
RXFP1,0.18375715583841998,38.21002899173199,0.0
SLC9C1,0.18371730910776243,38.204660152475036,0.0
ZNF512B,0.18369387644070645,38.19929131321808,0.0
CALN1,0.18367248960025234,38.19392247396113,0.0
TRAPPC2,0.18366777127045933,38.18855363470418,0.0
WEE2,0.18365230204893015,38.183184795447225,0.0
RAB6B,0.18363337956679807,38.17781595619027,0.0
MRPL15,0.1836231955423811,38.17244711693332,0.0
ZNF839,0.1835760164338303,38.16707827767637,0.0
TPRA1,0.18357263929454254,38.16170943841941,0.0
STX2,0.18355214918768098,38.15634059916246,0.0
PLD5,0.18351274681408575,38.15097175990551,0.0
WDR52,0.18348333333333336,38.14560292064856,0.0
TFDP2,0.18347283459499536,38.140234081391604,0.0
ERVFRD-1,0.1834503321544933,38.13486524213465,0.0
FZD9,0.18344858155024715,38.1294964028777,0.0
ALDH3A1,0.1834463350041082,38.124127563620746,0.0
RBM14,0.18343195755414207,38.11875872436379,0.0
ARRDC1,0.1834053717440945,38.11338988510684,0.0
RPP30,0.18337167621421852,38.10802104584989,0.0
PHLDB1,0.18337034799416901,38.102652206592936,0.0
IL19,0.18332444946367013,38.09728336733598,0.0
ITM2A,0.1832933838326736,38.09191452807903,0.0
ATRNL1,0.18328822889049814,38.08654568882208,0.0
ERI2,0.18323688061300464,38.081176849565125,0.0
RHBDD1,0.183229753865564,38.07580801030817,0.0
NAAA,0.1832232508848025,38.07043917105122,0.0
IRF5,0.1832147945998572,38.06507033179427,0.0
DPYD,0.18317471856120005,38.059701492537314,0.0
ZNF326,0.18316501532237933,38.05433265328036,0.0
ZNF311,0.18316409428539943,38.04896381402341,0.0
ZCCHC12,0.1831317307174291,38.04359497476646,0.0
CDH24,0.1830692592324718,38.038226135509504,0.0
CENPM,0.1830577976536308,38.03285729625255,0.0
NSL1,0.18302903698473807,38.0274884569956,0.0
E2F6,0.18298137715213025,38.02211961773864,0.0
CYP8B1,0.18297365381235145,38.01675077848169,0.0
AP1AR,0.18297147443864253,38.01138193922474,0.0
PIK3C2B,0.18297025157545727,38.00601309996779,0.0
THSD4,0.18295578382515798,38.000644260710835,0.0
RPL22,0.18290355818098689,37.99527542145388,0.0
KCTD6,0.18288780717386866,37.98990658219693,0.0
WDR37,0.18287916169631266,37.98453774293998,0.0
DNTTIP2,0.1828547701909157,37.979168903683025,0.0
SLC5A10,0.18275220887363336,37.97380006442607,0.0
CLEC2B,0.18274458832488677,37.96843122516912,0.0
REXO4,0.1827142556063067,37.96306238591217,0.0
DENND5B,0.182704603110043,37.957693546655214,0.0
ZNF382,0.18270236490688097,37.95232470739826,0.0
EFCAB2,0.18267023131673324,37.94695586814131,0.0
SLC22A2,0.1826631072287097,37.941587028884356,0.0
FPGT-TNNI3K,0.18262765178379078,37.936218189627404,0.0
SPATA17,0.18259224385746137,37.93084935037045,0.0
IFNA5,0.18255764064830504,37.9254805111135,0.0
SEL1L2,0.18252384556824278,37.920111671856546,0.0
NDC1,0.18251484277648483,37.91474283259959,0.0
POLE2,0.18250982654560716,37.90937399334264,0.0
KIAA0930,0.18249505951917572,37.90400515408569,0.0
HYKK,0.18249027361427111,37.898636314828735,0.0
TRIML2,0.18245212759275437,37.893267475571776,0.0
GRAMD1B,0.18244769073540618,37.88789863631482,0.0
SSU72,0.18237610395572995,37.88252979705787,0.0
DNPEP,0.1823654620554011,37.877160957800925,0.0
NXPE3,0.18229679021405448,37.87179211854397,0.0
AMMECR1L,0.1822954607037116,37.86642327928702,0.0
SGCB,0.18227378828217403,37.86105444003007,0.0
TOB1,0.1822673913464667,37.855685600773114,0.0
SLC35D2,0.18221690451419964,37.85031676151616,0.0
CLPSL1,0.18217571561073267,37.84494792225921,0.0
BZW2,0.18211773384215899,37.839579083002256,0.0
C2orf16,0.18204227783800478,37.834210243745304,0.0
ZNF383,0.18202610210430786,37.82884140448835,0.0
QSER1,0.1820153055433141,37.8234725652314,0.0
WDR96,0.18200458089668617,37.818103725974446,0.0
SNRPG,0.18181876981003048,37.81273488671749,0.0
LZTS3,0.1818039735802246,37.80736604746054,0.0
ASB6,0.18178903333272758,37.80199720820359,0.0
S100A2,0.1817566327053875,37.796628368946635,0.0
STXBP6,0.18172904654364225,37.79125952968968,0.0
PHOSPHO1,0.1817213777918149,37.78589069043273,0.0
NR1I3,0.18169621993948953,37.78052185117578,0.0
MFSD7,0.18166832055663476,37.775153011918825,0.0
NT5E,0.1816329777119549,37.76978417266187,0.0
GNPDA2,0.18163156252875856,37.76441533340492,0.0
MGEA5,0.18162490882365173,37.75904649414797,0.0
SNRPB2,0.18162112621221027,37.75367765489101,0.0
KATNAL2,0.18161528684392653,37.748308815634054,0.0
CTIF,0.18161233962260326,37.7429399763771,0.0
TMEM163,0.1816109486380386,37.737571137120156,0.0
CYP2C9,0.1815421284165139,37.7322022978632,0.0
MON1A,0.1815394223306091,37.72683345860625,0.0
PXK,0.1815014816043834,37.7214646193493,0.0
GIMAP7,0.1814787499258128,37.716095780092346,0.0
SCAF4,0.1814643631085262,37.71072694083539,0.0
CD300C,0.18141015687626488,37.70535810157844,0.0
SLC5A2,0.1813842163258781,37.69998926232149,0.0
CRISPLD1,0.18136848290311022,37.694620423064535,0.0
DR1,0.1813672445665919,37.68925158380758,0.0
PANK4,0.1813558185261853,37.68388274455063,0.0
TRIM16L,0.18134060142718375,37.67851390529368,0.0
OLFML2A,0.18129082352276205,37.673145066036724,0.0
AP3S1,0.18127229646283544,37.66777622677977,0.0
TRIM39,0.18126957203748534,37.66240738752282,0.0
ANGEL1,0.18125903598783805,37.65703854826587,0.0
CPE,0.1812549390744776,37.651669709008914,0.0
SMS,0.18122753660495444,37.64630086975196,0.0
ZFP28,0.1811901488464494,37.64093203049501,0.0
FAM129A,0.18115948940082788,37.635563191238056,0.0
OR2J1,0.1811516129208296,37.6301943519811,0.0
CBR1,0.18114952673757045,37.62482551272414,0.0
CASC4,0.18113494608746436,37.61945667346719,0.0
IGSF22,0.18110242624554068,37.61408783421024,0.0
CCDC65,0.18107795648665878,37.608718994953286,0.0
CPNE8,0.18104468810959434,37.60335015569634,0.0
C5orf22,0.18103823045564932,37.59798131643939,0.0
ETAA1,0.18099319146025447,37.592612477182435,0.0
SHFM1,0.18095484350204583,37.58724363792548,0.0
KIF4B,0.1809166922119263,37.58187479866853,0.0
ZFYVE27,0.18090695591600206,37.57650595941158,0.0
CYP2A13,0.1808724802074576,37.571137120154624,0.0
NKIRAS1,0.18077115326106566,37.56576828089767,0.0
TMEM185A,0.18070130667528653,37.56039944164072,0.0
CAB39,0.18070051571628437,37.555030602383766,0.0
FBXO17,0.18055684617274526,37.549661763126814,0.0
ZNF211,0.1805485136350386,37.54429292386986,0.0
SYN1,0.1805441326772133,37.53892408461291,0.0
TPPP,0.18054273306647597,37.533555245355956,0.0
DCUN1D2,0.18051805719570885,37.528186406099,0.0
MED26,0.18049793376945047,37.52281756684205,0.0
POLR2K,0.180482623972594,37.5174487275851,0.0
RPL39L,0.1804695954136931,37.512079888328145,0.0
ISCA1,0.18046285539918733,37.50671104907119,0.0
PPP3R2,0.18045097841759333,37.50134220981424,0.0
PSMB1,0.1804489276439069,37.49597337055729,0.0
TGDS,0.18040409101667415,37.490604531300335,0.0
RPUSD3,0.18036938347622694,37.485235692043375,0.0
AURKAIP1,0.1803368493335278,37.47986685278642,0.0
ZNF436,0.18030185800330184,37.47449801352947,0.0
SGTB,0.18022011039085667,37.46912917427252,0.0
GTPBP1,0.18013944721385725,37.46376033501557,0.0
LPXN,0.18012570918974694,37.45839149575862,0.0
MAN2B2,0.18012565078260984,37.453022656501666,0.0
ZNF614,0.18000606465210742,37.44765381724471,0.0
ISCA2,0.1799938715785698,37.44228497798776,0.0
ZRANB3,0.1799117463167785,37.43691613873081,0.0
BATF3,0.17976710483453287,37.431547299473856,0.0
C1orf127,0.1797627684407096,37.4261784602169,0.0
ANKRD9,0.1797542356917869,37.42080962095995,0.0
CIZ1,0.17975160492085324,37.415440781703,0.0
OSBPL6,0.17969848597569288,37.410071942446045,0.0
HDC,0.17960683622398238,37.40470310318909,0.0
PSMD1,0.17955567173414338,37.39933426393214,0.0
MIS12,0.1795429969332133,37.39396542467519,0.0
TMEM69,0.17952603330729652,37.388596585418234,0.0
LY96,0.17949890690067075,37.38322774616128,0.0
TDRKH,0.17948044512975844,37.37785890690433,0.0
LENG9,0.17946590599335238,37.37249006764738,0.0
CLIP3,0.1794366837641763,37.367121228390424,0.0
U2SURP,0.17937301997544255,37.36175238913347,0.0
ZDHHC5,0.17935055090026344,37.35638354987651,0.0
OR4S1,0.1793477135603409,37.35101471061956,0.0
NPVF,0.17925454124596568,37.345645871362606,0.0
CLCA4,0.1792434339681914,37.340277032105654,0.0
FLRT1,0.17923569307615106,37.3349081928487,0.0
TCEAL1,0.1792350946501817,37.32953935359175,0.0
C19orf25,0.1792197211272158,37.3241705143348,0.0
MANBAL,0.17913904480404644,37.31880167507785,0.0
BTNL8,0.17911577797661765,37.3134328358209,0.0
TVP23B,0.17905209589469145,37.308063996563945,0.0
CTU1,0.17904655458876312,37.30269515730699,0.0
PCTP,0.1790129143661112,37.29732631805004,0.0
DCAF17,0.17898786369285588,37.29195747879309,0.0
CD27,0.17897964309705286,37.286588639536134,0.0
DNAJC27,0.17896146526079434,37.28121980027918,0.0
FAM98C,0.17896141318351622,37.27585096102223,0.0
NOSIP,0.17886626254903562,37.270482121765276,0.0
FRMPD4,0.17883443621723133,37.265113282508324,0.0
UGT2B17,0.1788129293340073,37.25974444325137,0.0
FAM133B,0.17880699399773775,37.25437560399442,0.0
FAM103A1,0.1787339256029267,37.249006764737466,0.0
STK24,0.1787070652562003,37.24363792548051,0.0
L3HYPDH,0.17870674242878457,37.23826908622356,0.0
TMEM110,0.17869418789579727,37.23290024696661,0.0
OR2J2,0.17868568016136352,37.227531407709655,0.0
ARHGAP28,0.17864273009466752,37.2221625684527,0.0
NOBOX,0.1786059523809524,37.21679372919574,0.0
HEPACAM2,0.1785485505902393,37.21142488993879,0.0
TPGS1,0.1785444361032381,37.20605605068184,0.0
EXOSC5,0.17849305373539975,37.200687211424885,0.0
OR2A12,0.17843440255367993,37.19531837216793,0.0
FAM73A,0.17842529997202958,37.18994953291098,0.0
IGF2BP3,0.17836295007242103,37.184580693654034,0.0
RPAIN,0.17830536779708556,37.17921185439708,0.0
SLC41A1,0.1782867792319871,37.17384301514013,0.0
CDA,0.1782634535771262,37.168474175883176,0.0
ARHGAP39,0.17824574338596735,37.163105336626224,0.0
CD22,0.17822096114644692,37.15773649736927,0.0
WDR20,0.17819497373025772,37.15236765811232,0.0
KLF9,0.17818450822491028,37.146998818855366,0.0
ZACN,0.17817944349929338,37.14162997959841,0.0
TNFRSF21,0.17816898812262255,37.13626114034146,0.0
TMCC2,0.1781681912619394,37.13089230108451,0.0
PPM1L,0.1780560983035771,37.125523461827555,0.0
RPE,0.17800261225700825,37.1201546225706,0.0
AMDHD1,0.17800105631287225,37.11478578331365,0.0
NKAP,0.1779899814884896,37.1094169440567,0.0
KIAA0368,0.1779824675324675,37.104048104799745,0.0
MUL1,0.1779621408151356,37.09867926554279,0.0
RBPJL,0.1779498907596464,37.09331042628584,0.0
TMEM223,0.17793217861423766,37.08794158702888,0.0
MAMDC2,0.17792127110422198,37.08257274777193,0.0
OR8K3,0.17788213443070666,37.077203908514974,0.0
EPM2AIP1,0.17786591907005672,37.07183506925802,0.0
CYP7B1,0.17786074310835015,37.06646623000107,0.0
PRAMEF4,0.1778541489572724,37.061097390744116,0.0
ZNF217,0.17783216862152443,37.055728551487164,0.0
PNMA2,0.17779749108434903,37.05035971223021,0.0
THAP8,0.1777849318712082,37.044990872973266,0.0
INA,0.1777641447594242,37.03962203371631,0.0
PTX3,0.17774796919899039,37.03425319445936,0.0
UNC5A,0.17774360828320807,37.02888435520241,0.0
AGBL4,0.17771747959642697,37.023515515945455,0.0
ATAT1,0.17764371042664118,37.0181466766885,0.0
NLRP11,0.17762302481937148,37.01277783743155,0.0
PHF13,0.1776042741294653,37.0074089981746,0.0
C1RL,0.17757740495100607,37.002040158917644,0.0
NBPF20,0.17757357173682708,36.99667131966069,0.0
LRRN4CL,0.17756199795667602,36.99130248040374,0.0
EIF4E,0.17754584745003305,36.98593364114679,0.0
VPS28,0.17750235702371903,36.980564801889834,0.0
TRIM41,0.17748919511413772,36.97519596263288,0.0
LBP,0.17747733762914786,36.96982712337593,0.0
EMILIN2,0.1774765939003839,36.964458284118976,0.0
FMN2,0.17744050371307324,36.95908944486202,0.0
LSMEM2,0.1774056544620604,36.95372060560507,0.0
AVEN,0.17738458858183886,36.94835176634811,0.0
NPIPB3,0.17733747032352792,36.94298292709116,0.0
ZNF254,0.17732994734192858,36.937614087834206,0.0
RNASE1,0.17730985526337104,36.93224524857725,0.0
GRAP,0.1773032994448856,36.9268764093203,0.0
AOC3,0.1772361672877933,36.92150757006335,0.0
B3GNTL1,0.17723145694063303,36.916138730806395,0.0
ZNF792,0.17720712835997016,36.91076989154945,0.0
PIK3R6,0.17711695764439445,36.9054010522925,0.0
UEVLD,0.1770426762521026,36.900032213035544,0.0
CLSTN3,0.1770416172314784,36.89466337377859,0.0
MOSPD1,0.1770316640192891,36.88929453452164,0.0
C4orf32,0.17699161581042966,36.883925695264686,0.0
MOGAT1,0.17693571994740673,36.878556856007734,0.0
TCEB3B,0.1769187172182262,36.87318801675078,0.0
BST1,0.17688420454824427,36.86781917749383,0.0
DTX2,0.17688408695701302,36.862450338236876,0.0
RPL30,0.17687650048093964,36.85708149897992,0.0
TM4SF19,0.17685207196679203,36.85171265972297,0.0
SCAND3,0.17683126177929545,36.84634382046602,0.0
TSNAXIP1,0.17678605529354022,36.840974981209065,0.0
BAG2,0.17676301552622029,36.83560614195211,0.0
MKLN1,0.17675976814211164,36.83023730269516,0.0
MAGEH1,0.17673422765030994,36.82486846343821,0.0
C14orf93,0.17672549293931722,36.81949962418125,0.0
ERLIN1,0.1766783804694035,36.814130784924295,0.0
NUF2,0.17667818506149188,36.80876194566734,0.0
IGIP,0.17665269458806293,36.80339310641039,0.0
MAT1A,0.176600988281848,36.79802426715344,0.0
BHMT2,0.17659690845155837,36.792655427896484,0.0
FAM204A,0.17659516243137732,36.78728658863953,0.0
C21orf59,0.17649766129140904,36.78191774938258,0.0
ZNF230,0.17649579945457314,36.776548910125626,0.0
PTCHD2,0.17647456709956708,36.77118007086868,0.0
PPP1CA,0.17644432063079823,36.76581123161173,0.0
DERA,0.1763861548199756,36.760442392354776,0.0
UBALD1,0.17635454092274033,36.75507355309782,0.0
NHLH1,0.17629133494099128,36.74970471384087,0.0
ZNF507,0.17618656983482125,36.74433587458392,0.0
OR2B3,0.17607574161302278,36.738967035326965,0.0
TIFAB,0.176049776562028,36.73359819607001,0.0
SELL,0.17598715426952696,36.72822935681306,0.0
SYN3,0.17594995768337832,36.72286051755611,0.0
ERN2,0.17590113509957428,36.717491678299155,0.0
SLC2A10,0.17588235291032764,36.7121228390422,0.0
KCNJ5,0.175863021215019,36.70675399978525,0.0
TOLLIP,0.1758571599857707,36.7013851605283,0.0
TNFSF9,0.17585305756505248,36.696016321271344,0.0
UQCR11,0.17583664082010272,36.69064748201439,0.0
KLHL42,0.17572750541141913,36.68527864275744,0.0
UPB1,0.175726513845944,36.67990980350048,0.0
TEX11,0.17572348870566085,36.674540964243526,0.0
PVR,0.17569710979604963,36.669172124986574,0.0
IGSF3,0.17569581000398207,36.66380328572962,0.0
CTDSPL2,0.1756761105445825,36.65843444647267,0.0
ARL4D,0.17566870572004653,36.653065607215716,0.0
METAP1D,0.17562853412444418,36.64769676795876,0.0
TMEM248,0.17556565909641858,36.64232792870181,0.0
CALR3,0.17552647784919817,36.63695908944486,0.0
UBA52,0.17551361473539742,36.63159025018791,0.0
HES4,0.1755114317384004,36.62622141093096,0.0
GRIPAP1,0.17550492806135465,36.62085257167401,0.0
CCSER1,0.17546874314258878,36.615483732417054,0.0
C9orf84,0.17546746934556243,36.6101148931601,0.0
MLF1,0.17545966693544462,36.60474605390315,0.0
UGT2B11,0.17545690615851242,36.599377214646196,0.0
PGLS,0.17545236611104026,36.594008375389244,0.0
TRIB3,0.17542655351199568,36.58863953613229,0.0
MRPL38,0.17542493066841897,36.58327069687534,0.0
MFSD2A,0.17541431420882642,36.577901857618386,0.0
TEX264,0.17538876023496344,36.57253301836143,0.0
CDC42EP3,0.17537488505242188,36.56716417910448,0.0
CLTA,0.17534617338171182,36.56179533984753,0.0
UBXN1,0.17530400362614426,36.556426500590575,0.0
C8G,0.1753028561513526,36.551057661333616,0.0
OR10J5,0.17529133678889336,36.54568882207666,0.0
FBXL8,0.17527262916219805,36.54031998281971,0.0
GCH1,0.17524147747356517,36.53495114356276,0.0
CPEB1,0.17524034957743911,36.529582304305805,0.0
ARPC5L,0.17518405909408927,36.52421346504885,0.0
ARHGEF26,0.17517485009946726,36.5188446257919,0.0
TROAP,0.17510693088809642,36.51347578653495,0.0
HIST3H2A,0.17508801625380643,36.508106947277994,0.0
HIST2H2BF,0.17497485562179324,36.50273810802104,0.0
BCDIN3D,0.1749222187463832,36.49736926876409,0.0
SPATA31E1,0.17489053507459917,36.492000429507144,0.0
HMHA1,0.1748749564765605,36.48663159025019,0.0
MMP19,0.1748710993512932,36.48126275099324,0.0
KCNV2,0.17483335282338136,36.475893911736286,0.0
H1FNT,0.1747894205256426,36.47052507247933,0.0
TMEM132D,0.17477676117294047,36.46515623322238,0.0
LRRC37A3,0.17471692677456024,36.45978739396543,0.0
KRT82,0.17468800761488942,36.454418554708475,0.0
UPRT,0.17461248340360064,36.44904971545152,0.0
PAGE2,0.17461028648596627,36.44368087619457,0.0
DGCR6,0.17458736357845547,36.43831203693762,1.0
FBXL18,0.17457082452872347,36.432943197680665,0.0
SLC13A5,0.17455292210874318,36.42757435842371,0.0
MSANTD4,0.17455232267672885,36.42220551916676,0.0
SKP1,0.1745368610798976,36.41683667990981,0.0
FASTK,0.17448366126763548,36.41146784065285,0.0
DEDD2,0.17447833137265473,36.406099001395894,0.0
OR2W1,0.17444865664222942,36.40073016213894,0.0
TUBB2A,0.1744416320443166,36.39536132288199,0.0
ABCC2,0.17437468505025522,36.389992483625036,0.0
ELSPBP1,0.17435808611207249,36.384623644368084,0.0
IRGQ,0.17430064584168545,36.37925480511113,0.0
LINGO2,0.17429582774501926,36.37388596585418,0.0
ZNF75A,0.17426140150633054,36.368517126597226,0.0
FBXO28,0.1742595074055644,36.36314828734027,0.0
OR2A4,0.17422060300890224,36.35777944808332,0.0
DCAF15,0.17421618595286692,36.352410608826375,0.0
SKOR2,0.17416957559668042,36.34704176956942,0.0
STON1,0.17415965509023046,36.34167293031247,0.0
ZNF431,0.1741485996774901,36.33630409105552,0.0
ETNK1,0.17413899657880152,36.330935251798564,0.0
CCDC106,0.17402887876829598,36.32556641254161,0.0
FRMD5,0.17399808649142534,36.32019757328466,0.0
ANXA9,0.17399296855178295,36.31482873402771,0.0
FOXS1,0.1739696713880357,36.309459894770754,0.0
NAA10,0.1739166316505351,36.3040910555138,1.0
TSC22D4,0.173890623377143,36.29872221625685,0.0
MCFD2,0.17385626464878268,36.293353376999896,0.0
FEM1A,0.1738540511634177,36.28798453774294,0.0
ARHGAP10,0.17383801730720214,36.282615698485984,0.0
STK19,0.17377188444773534,36.27724685922903,0.0
WBP11,0.17367450395930528,36.27187801997208,0.0
EFNA3,0.17365846498956022,36.266509180715126,0.0
DGAT2L6,0.17365409762688871,36.26114034145817,0.0
PLEKHM3,0.17357737540643833,36.25577150220122,0.0
CCNDBP1,0.1735607061019421,36.25040266294427,0.0
CAPZA1,0.17352072086405734,36.245033823687315,0.0
PF4,0.1734876315088058,36.23966498443036,0.0
LAYN,0.17348737247310622,36.23429614517341,0.0
DGKA,0.17346138932599348,36.22892730591646,0.0
PCSK4,0.1734556123352073,36.223558466659505,0.0
FN3KRP,0.17344253843341167,36.21818962740256,0.0
HDGFRP3,0.17343674695935948,36.212820788145606,0.0
RAP2A,0.17340197823979578,36.207451948888654,0.0
CKAP2L,0.17339656241906193,36.2020831096317,0.0
BDH2,0.17336239015922225,36.19671427037475,0.0
COL20A1,0.17328626764391028,36.191345431117796,0.0
LCORL,0.17328568016810467,36.18597659186084,0.0
CYP39A1,0.1732510990384497,36.18060775260389,0.0
DGCR2,0.1732197037879914,36.17523891334694,1.0
PLIN5,0.17315072488256925,36.169870074089985,0.0
WDR45B,0.1731441059324978,36.16450123483303,0.0
TMEM106B,0.17313169764059244,36.15913239557608,0.0
DUSP14,0.17304351873288393,36.15376355631913,0.0
HSD17B8,0.17297672401845907,36.148394717062175,0.0
ZFP64,0.17296393166253263,36.143025877805215,0.0
ZNF300,0.17295986747107062,36.13765703854826,0.0
GNA14,0.1729308938052418,36.13228819929131,0.0
ELMSAN1,0.17292312407655194,36.12691936003436,0.0
LGALS2,0.17287417217037498,36.121550520777404,0.0
UAP1,0.17285416344614138,36.11618168152045,0.0
COG8,0.17279576475788033,36.1108128422635,0.0
PSMD6,0.17277514168579544,36.105444003006546,0.0
OR1L8,0.17276780276294026,36.100075163749594,0.0
PHF1,0.17270388609927573,36.09470632449264,0.0
TTC18,0.17266742571864052,36.08933748523569,0.0
PRMT8,0.17264313201509218,36.083968645978736,0.0
KDM5D,0.17263080862020122,36.07859980672179,0.0
AWAT1,0.17259829225271223,36.07323096746484,0.0
OR2T8,0.17256439817004837,36.067862128207885,0.0
KLHL15,0.17256398350797242,36.06249328895093,0.0
ANKRD44,0.1725514189577042,36.05712444969398,0.0
IMPG2,0.17248814423628833,36.05175561043703,0.0
ZNF516,0.17248784892903873,36.046386771180075,0.0
ZXDC,0.17242439055772285,36.04101793192312,0.0
KANSL2,0.1724160169547048,36.03564909266617,0.0
IGSF1,0.17239256304866912,36.03028025340922,0.0
CWH43,0.17236347003465552,36.024911414152264,0.0
DTYMK,0.17232205535577555,36.01954257489531,0.0
PLXDC2,0.17231970725576545,36.01417373563835,0.0
SGK1,0.1723163883472028,36.0088048963814,0.0
DTX1,0.1722504206698322,36.003436057124446,0.0
EMR1,0.17223939393939391,35.998067217867494,0.0
C1D,0.17223230245704393,35.99269837861054,0.0
GFOD1,0.17220189198977823,35.98732953935359,0.0
DLGAP3,0.1721622245524858,35.981960700096636,0.0
DNAJB5,0.17211725474610357,35.97659186083968,0.0
EGFL8,0.1720983103284915,35.97122302158273,0.0
SLC30A10,0.17207826617826616,35.96585418232578,0.0
PRIMPOL,0.17204295469383793,35.960485343068825,0.0
OR7D2,0.17204216790298338,35.95511650381187,0.0
ZNF804B,0.17203881759672204,35.94974766455492,0.0
IPCEF1,0.17202863865947027,35.94437882529797,0.0
LYRM4,0.17202680758464567,35.93900998604102,0.0
ZNF559,0.17200899889385196,35.93364114678407,0.0
CSMD2,0.17200072908312344,35.928272307527116,0.0
ARMC12,0.1719882016791045,35.922903468270164,0.0
FEZF2,0.17197002226896654,35.91753462901321,0.0
SLC9A4,0.17193588364516357,35.91216578975626,0.0
EIF5,0.17189527220536277,35.906796950499306,0.0
KHDRBS3,0.1718742880444913,35.90142811124235,0.0
TMEM59,0.17179468919625723,35.8960592719854,0.0
TOB2,0.17170716365433614,35.89069043272845,0.0
HNRNPUL2,0.17169953219878903,35.885321593471495,0.0
THEM6,0.17169027535251638,35.87995275421454,0.0
BRINP3,0.1716574355673826,35.87458391495758,0.0
ZNF280D,0.17160491401171601,35.86921507570063,0.0
SLC8A3,0.17155298553336445,35.86384623644368,0.0
HERC6,0.17154091987464498,35.858477397186725,0.0
GCLM,0.17154008301722412,35.85310855792977,0.0
ABHD4,0.17153620838622463,35.84773971867282,0.0
ITGAD,0.171527160048794,35.84237087941587,0.0
BEND7,0.17149676523005175,35.837002040158914,0.0
SUV420H1,0.17144654638604073,35.83163320090196,0.0
OR2T11,0.17143092618749325,35.82626436164501,0.0
NPM3,0.17141980665041195,35.82089552238806,0.0
MRPS2,0.17137934758604806,35.815526683131104,0.0
RIN1,0.17134665933223464,35.81015784387415,0.0
MSI1,0.17132077287245873,35.8047890046172,0.0
ATXN3L,0.17130094990697248,35.79942016536025,0.0
CFHR4,0.1712582708229866,35.7940513261033,0.0
RNPEP,0.171192849385671,35.78868248684635,0.0
PPP3CB,0.17118428092830096,35.783313647589395,0.0
SAMD4B,0.1711816097649187,35.77794480833244,0.0
HIST2H2AB,0.17114647753992296,35.77257596907549,0.0
BMP8A,0.17109416672004915,35.76720712981854,0.0
SERPINB12,0.171074204890243,35.761838290561585,0.0
ARHGAP4,0.17104363961570979,35.75646945130463,0.0
MLX,0.17098872198109666,35.75110061204768,0.0
ST7L,0.17098607876234123,35.74573177279072,0.0
SCG3,0.17098286437898896,35.74036293353377,0.0
RAB13,0.17097611648044175,35.734994094276814,0.0
DYRK2,0.17095942575110085,35.72962525501986,0.0
LRRC40,0.17095439573522375,35.72425641576291,0.0
MAP7D2,0.17093983277159996,35.718887576505956,0.0
RGL4,0.1709233586497405,35.713518737249004,0.0
PCDHA1,0.1708708161506768,35.70814989799205,0.0
NIPAL3,0.1708665738797838,35.7027810587351,0.0
VPS37B,0.17085831512458494,35.697412219478146,0.0
GNRH1,0.17085079446373844,35.69204338022119,0.0
GZMK,0.17083458283998995,35.68667454096424,0.0
SCRN1,0.1708285120975722,35.68130570170729,0.0
ZNF439,0.1707920606654657,35.675936862450335,0.0
ZNF676,0.1707870961745229,35.67056802319338,0.0
ZNF18,0.17077714853864645,35.66519918393643,0.0
MRPS33,0.17076474169022787,35.659830344679484,0.0
TRPV5,0.17075357812079997,35.65446150542253,0.0
PSMB7,0.17071892869657906,35.64909266616558,0.0
IL25,0.17071222653300425,35.64372382690863,0.0
KIAA1191,0.17062400142414486,35.638354987651674,0.0
SLC6A1,0.17061164478692487,35.63298614839472,0.0
ZNF277,0.17061122325746017,35.62761730913777,0.0
LEPROT,0.1706006287765962,35.622248469880816,0.0
BROX,0.17058153670305665,35.61687963062386,0.0
CCDC171,0.1705581234659546,35.61151079136691,0.0
POP7,0.17052219331143476,35.60614195210995,0.0
MALL,0.17043841090371328,35.600773112853,0.0
SERGEF,0.1704373986904587,35.595404273596046,0.0
TRMT2B,0.17031069923440617,35.59003543433909,0.0
TRIM40,0.17027329562806937,35.58466659508214,0.0
DERL3,0.1702541652597589,35.57929775582519,0.0
ADPRHL2,0.17024409085871073,35.573928916568235,0.0
HSD11B1,0.17022829074671972,35.56856007731128,0.0
NUDT18,0.170217916841567,35.56319123805433,0.0
CCL22,0.1702163969046622,35.55782239879738,0.0
GLCCI1,0.1702136353616282,35.552453559540425,0.0
SEPT8,0.17021352819018662,35.54708472028347,0.0
LMO1,0.1702107345587351,35.54171588102652,0.0
OR4A16,0.17012744335607022,35.53634704176957,0.0
CYP4F3,0.17001805995499678,35.530978202512614,0.0
BABAM1,0.169988600933874,35.52560936325567,0.0
HLA-DMB,0.1699877393618745,35.520240523998716,0.0
GRASP,0.1699528250925469,35.51487168474176,0.0
KBTBD8,0.16990143309627054,35.50950284548481,0.0
RAB3IL1,0.16989689960901538,35.50413400622786,0.0
VWA3A,0.1698425865800866,35.498765166970905,0.0
ZNF251,0.16982748890460128,35.49339632771395,0.0
PLBD2,0.1698241803666883,35.488027488457,0.0
OR13J1,0.16981178545693254,35.48265864920005,0.0
PUS7L,0.16979747584888005,35.47728980994309,0.0
KIF4A,0.16973771894197695,35.471920970686135,0.0
OR8B4,0.16972576170848977,35.46655213142918,0.0
FUOM,0.16972548021827924,35.46118329217223,0.0
MIEF2,0.16969810148024572,35.45581445291528,0.0
MRPL48,0.16969693397806046,35.450445613658324,0.0
TPD52L1,0.16967706398881027,35.44507677440137,0.0
YIPF1,0.16967616565491433,35.43970793514442,0.0
AIF1L,0.1696636156061889,35.434339095887466,0.0
ANKRD34A,0.16965520602264306,35.428970256630514,0.0
FOXN2,0.1696516257806012,35.42360141737356,0.0
BCORL1,0.16960039874315552,35.41823257811661,0.0
NLN,0.16959796765879298,35.412863738859656,0.0
KCNH7,0.169584510254407,35.4074948996027,0.0
SEPT3,0.1695565008479081,35.40212606034575,0.0
LGI3,0.1695047669440465,35.3967572210888,0.0
RNF145,0.1694661715227431,35.391388381831845,0.0
HDHD3,0.16946365309527361,35.3860195425749,0.0
EIF3F,0.16944388717198483,35.38065070331795,0.0
SKP2,0.16942797450308938,35.375281864060995,0.0
PSTK,0.16938439280106093,35.36991302480404,0.0
RNASE6,0.16935316845662923,35.36454418554709,0.0
SPSB1,0.1693111184170375,35.35917534629014,0.0
CCDC71,0.16929631636843573,35.353806507033184,0.0
RMND5B,0.16928860405506424,35.34843766777623,0.0
SRFBP1,0.16928743352924874,35.34306882851928,0.0
GLTSCR1,0.16927425109086683,35.33769998926232,0.0
HSPA14,0.16922766062793237,35.332331150005366,0.0
TAS2R20,0.16915031731458155,35.326962310748414,0.0
TMEM123,0.169101559425506,35.32159347149146,0.0
ZNF259,0.16901607544532965,35.31622463223451,0.0
KCNC1,0.16900741292215163,35.310855792977556,0.0
ADCK1,0.16888455861148235,35.3054869537206,0.0
NT5C3B,0.16885599731697426,35.30011811446365,0.0
GALNT12,0.16884767523015792,35.2947492752067,0.0
SLC8B1,0.16878445952311327,35.289380435949745,0.0
C7orf63,0.16878385547201336,35.28401159669279,0.0
OR2F1,0.16869573391297357,35.27864275743584,0.0
TRMT61A,0.16868674519958674,35.27327391817889,0.0
CARD6,0.16857324432998896,35.267905078921935,0.0
PDK1,0.1685403129180359,35.26253623966498,0.0
BATF2,0.16851536115922214,35.25716740040803,0.0
ZBTB8A,0.1684480715441059,35.25179856115108,0.0
LAMTOR4,0.16844264851461693,35.24642972189413,0.0
CNTN6,0.16837607780233638,35.24106088263718,0.0
TMEM134,0.1683634180771854,35.235692043380226,0.0
L3MBTL4,0.16834172605782816,35.23032320412327,0.0
PLA2G4F,0.16833502024123753,35.22495436486632,0.0
PUSL1,0.1682770152356409,35.21958552560937,0.0
TAS2R19,0.16822105153799244,35.214216686352415,0.0
KIAA0754,0.16815773928005337,35.208847847095456,0.0
RASSF6,0.1681569946691855,35.2034790078385,0.0
CCDC69,0.16811980115257827,35.19811016858155,0.0
AAMP,0.1681066538792262,35.1927413293246,0.0
MARCH8,0.168094079078518,35.187372490067645,0.0
TMPRSS11E,0.1680491491977211,35.18200365081069,0.0
MYADM,0.16803516141163177,35.17663481155374,0.0
PTH,0.1680203281956672,35.17126597229679,0.0
MFAP1,0.16799803594670845,35.165897133039834,0.0
CYP2D6,0.1679740274761976,35.16052829378288,0.0
MRPS24,0.16795023265254877,35.15515945452593,0.0
SH2B2,0.16782003148468122,35.14979061526898,0.0
HAO2,0.16778656933942054,35.144421776012024,0.0
DND1,0.16774017055691795,35.13905293675507,0.0
ZBTB14,0.16772166055399004,35.13368409749812,0.0
HOGA1,0.16771393427089507,35.128315258241166,0.0
RAI2,0.16771323261339127,35.12294641898421,0.0
SLC16A9,0.16769029568377075,35.11757757972726,0.0
BEX5,0.16764500469579383,35.11220874047031,0.0
DPH7,0.16759468876077038,35.10683990121336,0.0
FAXDC2,0.1675936582611364,35.10147106195641,0.0
SMCO4,0.16758628570912615,35.09610222269946,0.0
ANKRD54,0.167523113634998,35.090733383442505,0.0
DCUN1D1,0.1675210018018072,35.08536454418555,0.0
ZNF808,0.16746282550153474,35.0799957049286,0.0
SYT3,0.16746100759203347,35.07462686567165,0.0
PHKG1,0.16743227457050638,35.06925802641469,0.0
TMEM259,0.1673977546652614,35.063889187157734,0.0
MAATS1,0.16739112039549536,35.05852034790078,0.0
ACTBL2,0.1673823340943906,35.05315150864383,0.0
PSMC3IP,0.16731408686958388,35.047782669386876,0.0
GNMT,0.16728859538147733,35.042413830129924,0.0
RPL37,0.16725772115851403,35.03704499087297,0.0
LARP6,0.16721407830293994,35.03167615161602,0.0
TMEM171,0.16712705892272206,35.026307312359066,0.0
UTP18,0.167105486963172,35.02093847310211,0.0
RALGPS1,0.1670889731669381,35.01556963384516,0.0
SECISBP2L,0.1670796246730012,35.01020079458821,0.0
RDM1,0.1670730983672835,35.004831955331255,0.0
TTC22,0.16707068594983573,34.9994631160743,0.0
GSG2,0.16701686484367995,34.99409427681735,0.0
RNF152,0.16700878625238327,34.9887254375604,0.0
DDA1,0.16697325413618386,34.983356598303445,0.0
SLC16A6,0.16695386605064977,34.97798775904649,0.0
ZFAND3,0.16690368298884248,34.97261891978954,0.0
FN3K,0.16685544868882718,34.967250080532594,0.0
TAS2R42,0.1668427221701049,34.96188124127564,0.0
KIAA1683,0.16681664814288305,34.95651240201869,0.0
TMED3,0.16680970418245572,34.951143562761736,0.0
SLC13A4,0.16678589373589373,34.94577472350478,0.0
SENP5,0.166780902554601,34.940405884247824,0.0
HRSP12,0.16677358611319795,34.93503704499087,0.0
ZBTB45,0.16676480896274676,34.92966820573392,0.0
TNFSF15,0.16675581904316078,34.924299366476966,0.0
DUSP5,0.1666953857061761,34.91893052722001,0.0
OR8S1,0.16669497135948064,34.91356168796306,0.0
RPS6KL1,0.1666902846183242,34.90819284870611,0.0
EBPL,0.1666894609933744,34.902824009449155,0.0
ARHGAP30,0.16664548277301733,34.8974551701922,0.0
NREP,0.1666431431418614,34.89208633093525,0.0
PPIL1,0.166636406067447,34.8867174916783,0.0
ATP6V1B2,0.1666008567787556,34.881348652421345,0.0
TMEM101,0.16659659107181082,34.87597981316439,0.0
FPR3,0.16659242865701737,34.87061097390744,0.0
EED,0.16658451433254923,34.86524213465049,0.0
ANKRD32,0.16656240720957521,34.859873295393534,0.0
AP1S1,0.16653874790477524,34.85450445613658,0.0
PMEPA1,0.16651295422316598,34.84913561687963,0.0
FBRS,0.16646937829068204,34.843766777622676,0.0
TMEM175,0.16646591890062973,34.83839793836572,0.0
NETO2,0.16646234741273716,34.83302909910878,0.0
PDP2,0.16644384870779552,34.827660259851825,0.0
ICAM2,0.1664328471688815,34.82229142059487,0.0
PI4K2B,0.16643044483683558,34.81692258133792,0.0
RHOF,0.1664152955597461,34.81155374208097,0.0
ELP6,0.16636990809228577,34.806184902824015,0.0
CORO2B,0.16636563879179725,34.800816063567055,0.0
SLC7A8,0.16634524168457646,34.7954472243101,0.0
PARS2,0.16632124785899138,34.79007838505315,0.0
DCST2,0.16630969827101597,34.7847095457962,0.0
SEMA6D,0.16630345255615234,34.779340706539244,0.0
GNRHR,0.16629326154236193,34.77397186728229,0.0
OR2B6,0.16624712734389663,34.76860302802534,0.0
PSMG2,0.16622211880605942,34.763234188768386,0.0
LAMP3,0.16615468162132116,34.757865349511434,0.0
PHF8,0.166118342642234,34.75249651025448,0.0
REEP1,0.16598888153131405,34.74712767099753,0.0
PRR14,0.16598045559946095,34.741758831740576,0.0
OR51T1,0.16594334826439608,34.73638999248362,0.0
TCEAL8,0.16587553734496402,34.73102115322667,0.0
ABI3,0.16587284054592283,34.72565231396972,0.0
MAPRE3,0.1658454270894904,34.720283474712765,0.0
RBM4,0.16582550357193215,34.71491463545581,0.0
NMT2,0.1658080386920389,34.70954579619886,0.0
KNDC1,0.16580158177043627,34.70417695694191,0.0
AP5B1,0.16573128716638824,34.698808117684955,0.0
KCNAB2,0.16569293053564071,34.69343927842801,0.0
GRWD1,0.16568549303758412,34.68807043917106,0.0
ARMC8,0.16567578228705587,34.682701599914104,0.0
ENTHD2,0.1656727944707645,34.67733276065715,0.0
SERP2,0.16565225333859784,34.67196392140019,0.0
PPP1R9B,0.16564444244843668,34.66659508214324,0.0
HIST1H2BA,0.16560775879418063,34.661226242886286,0.0
GPN3,0.16555635033576482,34.655857403629334,0.0
LAGE3,0.16549586754903317,34.65048856437238,0.0
SUSD4,0.16544526993080663,34.64511972511543,0.0
KLHL38,0.1654283551852383,34.639750885858476,0.0
TKTL1,0.16542351578266928,34.63438204660152,0.0
ATG4A,0.16541742957827782,34.62901320734457,0.0
ZMAT3,0.16541680127003552,34.62364436808762,0.0
UBE2J2,0.1653598440785627,34.618275528830665,0.0
CDK19,0.1653445062514598,34.61290668957371,0.0
CPN1,0.16528718396001324,34.60753785031676,0.0
ZNF770,0.16523630794230176,34.60216901105981,0.0
SKA1,0.1652118955334187,34.596800171802855,0.0
CUEDC1,0.165193231830297,34.5914313325459,0.0
RSU1,0.1651771701987197,34.58606249328895,0.0
PIM2,0.1651566574486824,34.580693654032,0.0
TPPP3,0.16512592237166712,34.575324814775044,0.0
OR5AP2,0.16510727326654456,34.56995597551809,0.0
CDK3,0.1650687216011356,34.56458713626114,0.0
MAPK13,0.1650673303825174,34.559218297004186,0.0
PRR5-ARHGAP8,0.16506619047619048,34.55384945774724,0.0
RNF128,0.16502958115514033,34.54848061849029,0.0
CTTNBP2NL,0.16502234646712638,34.543111779233335,0.0
IER3IP1,0.16497110944223978,34.53774293997638,0.0
PNMA1,0.164923905006047,34.53237410071942,0.0
TMEM186,0.16492126507371052,34.52700526146247,0.0
MTMR1,0.1649004350690257,34.52163642220552,0.0
ZNF19,0.1648871639704411,34.516267582948565,0.0
CSNK2A2,0.16487650482526592,34.51089874369161,0.0
UGT1A5,0.16485850923251472,34.50552990443466,0.0
CNIH3,0.16479036272551456,34.50016106517771,0.0
ITLN1,0.1647804471265858,34.494792225920754,0.0
SUV39H2,0.16475011840817114,34.4894233866638,0.0
PDILT,0.16473004249144166,34.48405454740685,0.0
USP31,0.16472371974963199,34.4786857081499,0.0
RBKS,0.16466483290541878,34.473316868892944,0.0
RUFY2,0.16462837093592056,34.46794802963599,0.0
STRA13,0.16462564551806352,34.46257919037904,0.0
MXRA8,0.1645863463750648,34.457210351122086,0.0
OR5T1,0.16449984686311328,34.45184151186513,0.0
SCFD1,0.16448809230357775,34.44647267260818,0.0
TUBB2B,0.1644874650926631,34.44110383335123,0.0
SPNS3,0.16447775004383514,34.435734994094275,0.0
OR4P4,0.16446861068259785,34.43036615483732,0.0
ARL8A,0.16444477265105953,34.42499731558037,0.0
ARMCX2,0.16442201296551198,34.41962847632342,0.0
MAP1LC3C,0.16441356682846742,34.41425963706647,0.0
PIK3C2G,0.1643364089982997,34.40889079780952,0.0
OGFR,0.1643239941836247,34.40352195855256,0.0
NAIP,0.16424173745328177,34.39815311929561,0.0
OR2V2,0.1642003219873947,34.392784280038654,0.0
SF3A2,0.16419687474154926,34.3874154407817,0.0
PCDHB4,0.16417753616737654,34.38204660152475,0.0
C7orf26,0.16417355470311923,34.376677762267796,0.0
C12orf76,0.16413330086976488,34.371308923010844,0.0
CYP3A43,0.1641200653472137,34.36594008375389,0.0
BPIFA3,0.16409057857043935,34.36057124449694,0.0
MMRN1,0.16401847555504181,34.355202405239986,0.0
SPERT,0.16401348331340682,34.34983356598303,0.0
RNF214,0.1640076418786733,34.34446472672608,0.0
TBXA2R,0.16399277578513424,34.33909588746913,0.0
LRRN3,0.163976527766636,34.333727048212175,0.0
ZNF580,0.16393730484296226,34.32835820895522,0.0
TRIM35,0.16393277954775448,34.32298936969827,0.0
ANKRD18A,0.16392543242747995,34.31762053044132,0.0
SNX24,0.16391676163150287,34.312251691184365,0.0
PARP8,0.16389071421216833,34.30688285192741,0.0
C1orf189,0.16388576989820416,34.30151401267046,0.0
CLHC1,0.16382713682101135,34.29614517341351,0.0
FUCA1,0.16378468957889175,34.290776334156554,0.0
TNFRSF6B,0.1637821871537638,34.2854074948996,0.0
METTL5,0.16375584526432613,34.28003865564265,0.0
PLEKHO2,0.16372298705675636,34.2746698163857,0.0
AP3M1,0.16371310509096312,34.26930097712875,0.0
ZNF184,0.163697860073457,34.26393213787179,0.0
BRD3,0.16366250349795977,34.25856329861484,0.0
ACR,0.16360077836590292,34.253194459357886,0.0
GSG1,0.1635743745244814,34.24782562010093,0.0
TNFRSF12A,0.1635566564870873,34.24245678084398,0.0
FRMPD3,0.16355193230341766,34.23708794158703,0.0
SPATA22,0.16355109301424173,34.231719102330075,0.0
OR10AD1,0.16353067247588168,34.22635026307312,0.0
OR52N4,0.16349528549795306,34.22098142381617,0.0
TTBK1,0.1634888106430691,34.21561258455922,0.0
RCCD1,0.16347401680925344,34.210243745302265,0.0
SHQ1,0.16346092473147011,34.20487490604531,0.0
GTPBP10,0.16345778218674678,34.19950606678836,0.0
TSPYL1,0.16344628142564263,34.19413722753141,0.0
PALM2-AKAP2,0.16336161446964084,34.188768388274454,0.0
AKR1C4,0.1633598080170821,34.1833995490175,0.0
C2CD2,0.1633540861722807,34.17803070976055,0.0
SLC7A9,0.16334744627257808,34.172661870503596,0.0
PJA1,0.16331482575432346,34.16729303124664,0.0
RBM42,0.16325775984155877,34.16192419198969,0.0
OR4F6,0.1631870692547726,34.15655535273274,0.0
LDHAL6B,0.1631796944030618,34.151186513475785,0.0
LYRM2,0.16310477623720848,34.14581767421883,0.0
NPC1L1,0.1630872043955373,34.14044883496189,0.0
PIM3,0.16308595040724122,34.13507999570493,0.0
RAB2B,0.16306469935687007,34.129711156447975,0.0
TAS2R10,0.16306183758456289,34.12434231719102,0.0
SLC25A34,0.16305749600887248,34.11897347793407,0.0
CRIP1,0.1630496117629401,34.11360463867712,0.0
NME8,0.16303142268774756,34.108235799420164,0.0
IGF2BP2,0.1630045739441667,34.10286696016321,0.0
SPC25,0.1629441270631068,34.09749812090626,0.0
STX11,0.16292802529553618,34.09212928164931,0.0
ZNF621,0.1629205095820773,34.086760442392354,0.0
TGFBRAP1,0.16289784558686116,34.0813916031354,0.0
ZNF527,0.16287597472218102,34.07602276387845,0.0
C1QTNF9,0.16287358484701758,34.070653924621496,0.0
UBXN2A,0.16285325346744103,34.06528508536454,0.0
SRPK3,0.16285205856987048,34.05991624610759,0.0
SH3BGRL,0.162805466999362,34.05454740685064,0.0
RRP7A,0.1627781201166915,34.049178567593685,0.0
OR2T34,0.1627296850004043,34.04380972833673,0.0
OR4D6,0.16271388270716558,34.03844088907978,0.0
TAB3,0.1626838203929809,34.03307204982283,0.0
OR12D2,0.16268192112251373,34.027703210565875,0.0
ZNF836,0.16266511600151895,34.02233437130892,0.0
ZNF528,0.1626279067498826,34.01696553205197,0.0
CIRH1A,0.16262108819379156,34.01159669279502,0.0
COPS4,0.16258265155907192,34.006227853538064,0.0
MOGAT3,0.16255686111675194,34.00085901428112,0.0
ZNF613,0.1625527715802102,33.99549017502416,0.0
ST6GAL1,0.16253294967690096,33.990121335767206,0.0
TMEM80,0.16248676532119682,33.984752496510254,0.0
R3HDM4,0.1624357942600982,33.9793836572533,0.0
OR4C46,0.1624191574191397,33.97401481799635,0.0
ULBP2,0.1624067221963184,33.968645978739396,0.0
SLC2A4RG,0.1623527617720511,33.96327713948244,0.0
CIDEC,0.16235234685116007,33.95790830022549,0.0
TATDN1,0.16231890957649392,33.95253946096854,0.0
DIS3L2,0.16223289659233175,33.947170621711585,0.0
CCDC6,0.16221987366395316,33.94180178245463,0.0
PROSER1,0.16220287815692394,33.93643294319768,0.0
PIF1,0.16216779968767953,33.93106410394073,0.0
UBQLN2,0.16215570008856148,33.925695264683775,0.0
LPHN2,0.1621517041206579,33.92032642542682,0.0
OR10A5,0.1621320494107489,33.91495758616987,0.0
TTC39B,0.16210416588758972,33.90958874691292,0.0
PDK3,0.16207720453554736,33.904219907655964,0.0
FAM135B,0.16206364732700443,33.89885106839901,0.0
IKZF4,0.16204098644862502,33.89348222914206,0.0
GMPR2,0.16202981395458554,33.888113389885106,0.0
MACROD1,0.16202418880273153,33.88274455062815,0.0
OR11L1,0.16201059412359056,33.8773757113712,0.0
C5orf45,0.16200422174790458,33.87200687211425,0.0
BAG4,0.16198027466888842,33.866638032857296,0.0
NAA40,0.16196361295532347,33.86126919360034,0.0
SLC25A29,0.16195532552390207,33.85590035434339,0.0
RFWD2,0.1618864659374614,33.85053151508644,0.0
TM2D2,0.16186290732175385,33.845162675829485,0.0
FAM174B,0.16177531882616852,33.83979383657253,0.0
ARHGAP31,0.16175524891265908,33.83442499731558,0.0
PARPBP,0.16174413810901625,33.82905615805863,0.0
C17orf62,0.16173692426081546,33.823687318801674,0.0
BHLHE40,0.16167461862450677,33.81831847954472,0.0
RIC3,0.16167292054025614,33.81294964028777,0.0
RAB25,0.16161160733586294,33.80758080103082,0.0
OR2L5,0.161524990275854,33.802211961773864,0.0
CYTH1,0.1615185662881733,33.79684312251691,0.0
PRR15,0.16151432666857918,33.79147428325996,0.0
CD300LG,0.16150201114345006,33.786105444003006,0.0
SYCE1,0.16148884674441488,33.78073660474605,0.0
LYSMD2,0.16144585938077888,33.7753677654891,0.0
NWD1,0.16139536994093673,33.76999892623215,0.0
KLK13,0.16137952278010836,33.764630086975195,0.0
SH3GLB1,0.1613784494088851,33.75926124771824,0.0
KCNA3,0.1613360623781676,33.75389240846129,0.0
OR14I1,0.1613123326926046,33.74852356920434,0.0
SERINC3,0.16130934890358872,33.743154729947385,0.0
PITHD1,0.1612931465823751,33.73778589069043,0.0
FAM155B,0.1612278991459045,33.73241705143348,0.0
SLC38A1,0.16115583743581124,33.72704821217653,0.0
KIRREL3,0.16115552952994083,33.721679372919574,0.0
ZCCHC24,0.16114043131133748,33.71631053366262,0.0
TIFA,0.16113769242304993,33.71094169440567,0.0
ATP6V1A,0.1610863907570318,33.705572855148716,1.0
SCAMP2,0.16107720104628215,33.700204015891764,0.0
EIF3G,0.16106889037251632,33.69483517663481,0.0
YPEL1,0.16102907683623044,33.68946633737786,0.0
SERF2,0.16098976335250642,33.684097498120906,0.0
ACTG2,0.1609749201841048,33.67872865886395,0.0
LDB2,0.16096762876551732,33.673359819607,0.0
MRPS36,0.16093880474073133,33.66799098035005,0.0
TMEM159,0.16091269491679303,33.662622141093095,0.0
OR2T1,0.16090723288961356,33.65725330183614,0.0
LIPE,0.16083689371740822,33.65188446257919,0.0
TMUB1,0.16083608051022125,33.64651562332224,0.0
SMYD5,0.1608085452631139,33.641146784065285,0.0
IGSF8,0.16077252703623768,33.63577794480833,0.0
CCDC53,0.16071740557864814,33.63040910555138,0.0
CLNK,0.16069738386880236,33.62504026629443,0.0
CCDC67,0.1606844604215963,33.619671427037474,0.0
GPRC6A,0.16068166830324304,33.61430258778052,0.0
SLC51A,0.16067653344473296,33.60893374852357,0.0
ATCAY,0.16064254876491207,33.603564909266616,0.0
AMMECR1,0.1606268863205872,33.598196070009664,0.0
C1orf52,0.1606178534234885,33.59282723075271,0.0
ZNF324B,0.16061270813242629,33.58745839149576,0.0
OVCA2,0.1606118649353121,33.582089552238806,0.0
SEPT6,0.16056877285022508,33.57672071298185,0.0
NET1,0.16055951271110808,33.5713518737249,0.0
SLCO4A1,0.16049613520640676,33.56598303446795,0.0
FOXRED2,0.16048675025374454,33.560614195210995,0.0
IL5,0.160455528361456,33.55524535595404,0.0
DNASE1L1,0.16041608796864995,33.54987651669709,0.0
SRPX2,0.16037020001558447,33.54450767744014,0.0
LRRC42,0.16034462835353402,33.539138838183185,0.0
OR8A1,0.1603444860976012,33.53376999892623,0.0
CLINT1,0.16033994952989894,33.52840115966928,0.0
OR52E8,0.16032276222199168,33.52303232041233,0.0
PCDHGA5,0.16030447145468135,33.517663481155374,0.0
CLEC4G,0.1602862233310279,33.51229464189842,0.0
MAP7,0.16027971479241093,33.50692580264147,0.0
C8B,0.16027893296327983,33.501556963384516,0.0
SPATS2L,0.16017384879847316,33.49618812412756,0.0
DRC1,0.16014280650545737,33.49081928487061,0.0
PPIC,0.16013713337615648,33.48545044561366,0.0
CALHM2,0.16012007553969662,33.480081606356705,0.0
MXRA7,0.16010831912820273,33.47471276709975,0.0
GGH,0.16008551588417644,33.4693439278428,0.0
DEXI,0.16003606503500456,33.46397508858585,0.0
PRPF4,0.160007315781047,33.458606249328895,1.0
MED18,0.1599646032419479,33.45323741007194,0.0
CTDSPL,0.1599567501838857,33.44786857081499,0.0
GCNT4,0.15993555049552305,33.44249973155804,0.0
YTHDF3,0.1598966842695425,33.437130892301084,0.0
BEST4,0.1598926463971178,33.43176205304413,0.0
TSR3,0.15988300827224072,33.42639321378718,0.0
ADTRP,0.15987054570965398,33.42102437453023,0.0
SGK2,0.15985611947609485,33.415655535273274,0.0
OR11A1,0.15985017258376993,33.41028669601632,0.0
RGS22,0.15984534148044466,33.40491785675937,0.0
SWT1,0.15983114059853193,33.399549017502416,0.0
ARPC1B,0.15979093013883094,33.39418017824546,0.0
JMJD8,0.1597626903774712,33.38881133898851,0.0
PAQR3,0.15972212046553524,33.38344249973156,0.0
PAK3,0.15970862404989425,33.378073660474605,0.0
GIMAP8,0.1597007787021612,33.37270482121765,0.0
SCAF1,0.15968717300176907,33.3673359819607,0.0
THTPA,0.15968180453637096,33.36196714270375,0.0
SCARF2,0.15968151703369096,33.356598303446795,0.0
STK32B,0.15965405795372342,33.35122946418984,0.0
BAI3,0.15961670956670954,33.34586062493289,0.0
PYCARD,0.1596024222345797,33.34049178567594,0.0
CADM2,0.1595774882277326,33.335122946418984,0.0
NABP1,0.15954106735925017,33.32975410716203,0.0
CYB5A,0.15953947493893386,33.32438526790508,0.0
OR12D3,0.1595347012689236,33.319016428648126,0.0
RTFDC1,0.15952653581568238,33.313647589391174,0.0
PIM1,0.15952473576257895,33.30827875013422,0.0
ZNF100,0.15949027719295544,33.30290991087727,0.0
PSMB5,0.15947350938389002,33.297541071620316,0.0
SPON2,0.1594154148053086,33.29217223236336,0.0
C11orf68,0.15940539350670274,33.28680339310641,0.0
CCDC154,0.1593314229851961,33.28143455384946,0.0
C1orf168,0.15933124502806115,33.276065714592505,0.0
ZNF500,0.1593052408163812,33.27069687533555,0.0
HNRNPDL,0.15929966692701344,33.2653280360786,0.0
SMTNL2,0.1592531590171847,33.25995919682165,0.0
RAMP1,0.15921018963630323,33.254590357564695,0.0
BPHL,0.15920348664228784,33.24922151830774,0.0
DENR,0.15914435998574916,33.24385267905079,0.0
SCOC,0.15914030276597893,33.23848383979384,0.0
PCDH19,0.1591192919434634,33.233115000536884,0.0
OR2M2,0.15910505813753312,33.22774616127993,0.0
GHRHR,0.1591029738299048,33.22237732202298,0.0
ARMC9,0.15908526008778406,33.217008482766026,0.0
MTRF1,0.15906306898614336,33.21163964350907,0.0
GTF2A2,0.15897439191281873,33.20627080425212,0.0
MMP16,0.15892267684925326,33.20090196499517,0.0
AC004381.6,0.15890432302645668,33.195533125738216,0.0
EVI2A,0.1588866290525653,33.19016428648126,0.0
EIF4E1B,0.1588686456651936,33.18479544722431,0.0
TRAF3IP3,0.15881068585507402,33.17942660796736,0.0
NHLH2,0.1588032237486571,33.174057768710405,0.0
STYK1,0.15878234478482922,33.16868892945345,0.0
HCAR2,0.15877242567824335,33.1633200901965,0.0
GALNT6,0.15874060886467148,33.15795125093955,0.0
AP2S1,0.15872436548037933,33.152582411682594,0.0
IKBKE,0.15871651930035444,33.14721357242564,0.0
TREM2,0.15871168721499532,33.14184473316869,0.0
LRRTM2,0.15869118385614275,33.13647589391174,0.0
NT5C,0.158680526445205,33.131107054654784,0.0
MTPAP,0.1586677708366985,33.12573821539783,0.0
GSDMB,0.1586604860242084,33.12036937614088,0.0
DIABLO,0.15864141030995377,33.115000536883926,0.0
KIAA2013,0.15863024626517275,33.10963169762697,0.0
SLX1A,0.1586109234664433,33.10426285837002,0.0
KCTD19,0.15860355316086228,33.09889401911307,0.0
PCDHGA1,0.1585583204952163,33.093525179856115,0.0
LCMT2,0.1585307255860485,33.08815634059916,0.0
ADAMTS8,0.15849817592821064,33.08278750134221,0.0
FAM111B,0.15849534191428433,33.07741866208526,0.0
OR10H2,0.1584871803894614,33.072049822828305,0.0
IL31RA,0.1584658160560353,33.06668098357135,0.0
NCBP2L,0.1584586854044996,33.0613121443144,0.0
MPND,0.15845770600203302,33.05594330505745,0.0
EID2B,0.1584098511141677,33.050574465800494,0.0
LILRB5,0.15836423958276324,33.04520562654354,0.0
KIAA0195,0.1583384439219175,33.03983678728659,0.0
C6orf10,0.15831029645325578,33.034467948029636,0.0
OR9A2,0.1582999419709547,33.029099108772684,0.0
C4orf3,0.15811498215016567,33.02373026951573,0.0
ZNF256,0.15810729691122594,33.01836143025878,0.0
PQLC3,0.1580835662696636,33.012992591001826,0.0
FANCB,0.1580115533004403,33.00762375174487,0.0
MT1B,0.15799603174603175,33.00225491248792,0.0
ZSWIM7,0.15799040168931264,32.99688607323097,0.0
FXYD5,0.15795259628187092,32.991517233974015,0.0
PPM1A,0.15794623217264592,32.98614839471706,0.0
KRTAP10-5,0.15794274475677977,32.98077955546011,0.0
ZNF587,0.1579404704295087,32.97541071620316,0.0
TNIP3,0.15792970632113254,32.970041876946205,0.0
RALYL,0.1578989796087419,32.96467303768925,0.0
ZBTB1,0.15789311241116882,32.9593041984323,0.0
SEC22A,0.15786841702376728,32.95393535917535,0.0
IFIT5,0.15786583017287525,32.948566519918394,0.0
FBXO3,0.15785913945848634,32.94319768066144,0.0
RAB39A,0.1578540741392534,32.93782884140449,0.0
SLC45A1,0.15782099756068213,32.932460002147536,0.0
TNP1,0.1577958342718013,32.927091162890584,0.0
TMEM33,0.15777091612524635,32.92172232363363,0.0
PCDHGA7,0.15775511187505228,32.91635348437668,0.0
FXYD7,0.1577454735901212,32.910984645119726,0.0
TMA16,0.1577375480480366,32.90561580586277,0.0
CCDC159,0.1577353593761022,32.90024696660582,0.0
ABCC12,0.1576969522146893,32.89487812734887,0.0
TSNAX,0.15766805178047666,32.889509288091915,0.0
CLIC3,0.15761710644588547,32.88414044883496,0.0
GSPT1,0.15760454181684574,32.87877160957801,0.0
IL7R,0.15757628541985058,32.87340277032106,0.0
UCK1,0.1575049353073823,32.868033931064105,0.0
PCDH17,0.15748830385404924,32.86266509180715,0.0
AIG1,0.15748819116431048,32.8572962525502,0.0
ZSWIM1,0.15748735638456962,32.85192741329325,0.0
P2RY6,0.15747900651995303,32.846558574036294,0.0
DMGDH,0.15747385050677007,32.84118973477934,0.0
SRCIN1,0.15745385515516003,32.83582089552239,0.0
GTF2E1,0.15741750457491654,32.830452056265436,0.0
ZNF397,0.15740859090880815,32.82508321700848,0.0
ZFAND4,0.1573979639645789,32.81971437775153,0.0
TAS2R31,0.15738723589612078,32.81434553849458,0.0
VWA7,0.15735150637591364,32.808976699237625,0.0
HMG20B,0.1573504043272064,32.80360785998067,0.0
RASL11B,0.15734653137595925,32.79823902072372,0.0
SEPT14,0.15731325785773648,32.79287018146677,0.0
PSKH2,0.1572526840460503,32.787501342209815,0.0
SLC15A3,0.15724710531170621,32.78213250295286,0.0
COA4,0.1572449815197321,32.77676366369591,0.0
CYP4A11,0.15717412301843703,32.77139482443896,0.0
ATPAF1,0.1571640357518188,32.766025985182004,0.0
SIMC1,0.15711973797050363,32.76065714592505,0.0
OSGEPL1,0.15709027721245195,32.7552883066681,0.0
OR1B1,0.15706799181384654,32.74991946741115,0.0
ZCCHC17,0.15690718124879444,32.744550628154194,0.0
FAM3D,0.15687112829241104,32.73918178889724,0.0
FUT9,0.1568389930782458,32.73381294964029,0.0
C12orf45,0.1568267760699576,32.728444110383336,0.0
CABP5,0.15681968774827404,32.72307527112638,0.0
FAM64A,0.15680967073652557,32.71770643186943,0.0
GPN2,0.15677929744119504,32.71233759261248,0.0
TMEM168,0.1567537725819103,32.706968753355525,0.0
LRRN2,0.15674210542094857,32.70159991409857,0.0
UCKL1,0.1567094373487698,32.69623107484162,0.0
ENTPD4,0.1567077707619114,32.69086223558467,0.0
CCZ1,0.1566597682168948,32.685493396327715,0.0
FBXL3,0.15660044524977626,32.68012455707076,0.0
HJURP,0.15658718666937743,32.67475571781381,0.0
SYNE3,0.15658701109151787,32.66938687855686,0.0
SLC16A2,0.15658504754784128,32.664018039299904,0.0
ARL5B,0.15657347708662178,32.65864920004295,0.0
UGT2B10,0.15655771394735513,32.653280360786,0.0
CLCN5,0.15649221888265225,32.647911521529046,0.0
RRP36,0.15644995796870104,32.642542682272094,0.0
OGFRL1,0.15642547794641093,32.63717384301514,0.0
TRAF7,0.15641573276736495,32.63180500375819,0.0
SLC9A2,0.15640417665610123,32.626436164501236,0.0
NIPAL2,0.15638498199388542,32.62106732524428,0.0
TNN,0.15632787822339161,32.61569848598733,0.0
OR4A5,0.1563229260257562,32.61032964673038,0.0
STARD10,0.15629149322287414,32.604960807473425,0.0
ZFYVE1,0.1562817067440055,32.59959196821647,0.0
TSPEAR,0.15619963624955743,32.59422312895952,0.0
HEATR3,0.15617511676017443,32.58885428970257,0.0
FRG1,0.1561656376465345,32.583485450445615,1.0
OXTR,0.15615944248322497,32.57811661118866,0.0
PDZRN4,0.15615367128196342,32.57274777193171,0.0
OR51L1,0.15614916817984378,32.56737893267476,0.0
FGB,0.15613643214272266,32.562010093417804,0.0
GTF3C4,0.15613091932749282,32.55664125416085,0.0
ASB11,0.1561008219276327,32.5512724149039,0.0
C7orf50,0.15607267485692833,32.545903575646946,0.0
DDX52,0.1560230522156003,32.54053473638999,0.0
SORCS1,0.15601893969271205,32.53516589713304,0.0
SPANXN4,0.15600829657132922,32.52979705787609,0.0
APOL4,0.15595428386060234,32.524428218619136,0.0
ZNF746,0.15595055260093355,32.51905937936218,0.0
RIT2,0.1559394639776785,32.51369054010523,0.0
RND1,0.15593710907085553,32.50832170084828,0.0
SCRN3,0.1558987834319896,32.502952861591325,0.0
FGF22,0.1558849901973785,32.49758402233437,0.0
KCNJ9,0.15582771339449938,32.49221518307742,0.0
PAFAH1B3,0.15582585905116642,32.48684634382046,0.0
LRRC8C,0.15580017820884054,32.48147750456351,0.0
SIGLEC7,0.15578891617019938,32.47610866530656,0.0
ATP5SL,0.15574051741547665,32.47073982604961,0.0
NSG2,0.15573524280948114,32.46537098679266,0.0
PCDHGA9,0.15573413750601253,32.460002147535704,0.0
MRGBP,0.1556632815631251,32.45463330827875,0.0
NIPA2,0.15554130561629936,32.4492644690218,0.0
CLEC3B,0.1555323210522506,32.443895629764846,0.0
RILP,0.15552628987382272,32.43852679050789,0.0
CDC42SE2,0.15547950958573434,32.43315795125094,0.0
KLHL13,0.155478121392244,32.42778911199399,0.0
NECAP1,0.1554661472273624,32.422420272737035,0.0
OR2M4,0.15544939522051937,32.41705143348008,0.0
B3GNT9,0.1554434983043615,32.41168259422313,0.0
SLC35B1,0.15543869897312595,32.40631375496618,0.0
BOLA1,0.1554266670291578,32.400944915709225,0.0
CENPI,0.1553871022410667,32.39557607645227,0.0
NUDCD1,0.15531335107942748,32.39020723719532,0.0
JOSD1,0.1553102635390699,32.38483839793837,0.0
CCR4,0.15530573829514388,32.379469558681414,0.0
NPIPA1,0.15530139545704658,32.37410071942446,0.0
AKAP8L,0.15530061617586072,32.36873188016751,0.0
TMCO3,0.1552599195050197,32.363363040910556,0.0
CDKL3,0.15525625741142618,32.357994201653604,0.0
KIAA1432,0.1552472530726191,32.35262536239665,0.0
PHF11,0.15522036457248042,32.34725652313969,0.0
GJB4,0.1551985585279576,32.34188768388274,0.0
ZNF707,0.15519330897916367,32.33651884462579,0.0
PCDHGA11,0.15516196753110403,32.33115000536884,0.0
TJAP1,0.15509350102922143,32.32578116611189,0.0
GRIK3,0.15506234954053488,32.320412326854935,0.0
ABHD1,0.15504675303378934,32.31504348759798,0.0
EFTUD1,0.15503819134692,32.30967464834103,0.0
LIPJ,0.15500372583793015,32.30430580908408,0.0
LMOD1,0.1549786304002544,32.298936969827125,0.0
KCTD5,0.15497059386245068,32.29356813057017,0.0
COMMD8,0.15496836408168688,32.28819929131322,0.0
OR2T4,0.15496090896831285,32.28283045205627,0.0
ORAI3,0.15495650345688428,32.277461612799314,0.0
C17orf53,0.1549463896144715,32.27209277354236,0.0
NUDT3,0.1549218041334722,32.26672393428541,0.0
SDR39U1,0.15490427158502296,32.261355095028456,0.0
STK39,0.15488404109619228,32.255986255771504,0.0
WNK4,0.15488148480602582,32.25061741651455,0.0
ACP6,0.1548717383812551,32.2452485772576,0.0
SLX4IP,0.15486495384521093,32.239879738000646,0.0
CHCHD7,0.15485640009231835,32.23451089874369,0.0
SULT1A4,0.1548338657922537,32.22914205948674,0.0
ZMAT2,0.15481859618183946,32.22377322022979,0.0
ZNF275,0.15481151037074956,32.21840438097283,0.0
IRX5,0.1547659354928947,32.213035541715875,0.0
APIP,0.15463378905310146,32.20766670245892,0.0
HEATR4,0.1546060004414038,32.20229786320197,0.0
CACTIN,0.1545704962782633,32.196929023945025,0.0
KLHDC10,0.15452454212385255,32.19156018468807,0.0
PPP2R5B,0.15451350667954938,32.18619134543112,0.0
SNCAIP,0.15443597257590577,32.18082250617417,0.0
EMP1,0.15435534887002972,32.175453666917214,0.0
PPP1R32,0.1543160917118999,32.17008482766026,0.0
DDI2,0.15425762640623694,32.16471598840331,0.0
MTCH1,0.1542434240094892,32.159347149146356,0.0
LAIR1,0.15423985818932448,32.1539783098894,0.0
OR52N5,0.15420062051357125,32.14860947063245,0.0
LMOD2,0.15414223857673653,32.1432406313755,0.0
NAALAD2,0.15413809036536405,32.137871792118545,0.0
TMEM185B,0.1541309610286244,32.13250295286159,0.0
ZP4,0.15410584771089048,32.12713411360464,0.0
C1orf50,0.15407748593397766,32.12176527434769,0.0
GCNT1,0.1540175492636784,32.116396435090735,0.0
DENND4B,0.15398770384866095,32.11102759583378,0.0
SLC10A2,0.15398234954541237,32.10565875657683,0.0
METTL9,0.15390523552810972,32.10028991731988,0.0
OR2T33,0.1539032611561994,32.094921078062924,0.0
ATP11C,0.15388505474112063,32.08955223880597,0.0
OXSM,0.15381833482219667,32.08418339954902,0.0
ZBTB22,0.1537916812459894,32.07881456029206,0.0
WNK3,0.15378527416093682,32.07344572103511,0.0
PTRHD1,0.1537595266736061,32.068076881778154,0.0
OCEL1,0.15375648665297492,32.06270804252121,0.0
ARHGAP19,0.15375149320987158,32.057339203264256,0.0
TEX261,0.1537027933258603,32.0519703640073,0.0
ZNF438,0.1536915773343335,32.04660152475035,0.0
CCDC28A,0.15365102720198098,32.0412326854934,0.0
NAT8,0.15364253229447114,32.035863846236445,0.0
FAM195B,0.1536025837030873,32.03049500697949,0.0
DPEP2,0.1534737552298028,32.02512616772254,0.0
OIT3,0.15346572664900135,32.01975732846559,0.0
RPP25,0.15346527466312015,32.014388489208635,0.0
MROH6,0.1534434074188398,32.00901964995168,0.0
BEX2,0.15340304240434222,32.00365081069473,0.0
FAM195A,0.15337175182861484,31.998281971437777,0.0
MGAT5B,0.15336833047883197,31.992913132180824,0.0
SH2D2A,0.1533659356505898,31.987544292923868,0.0
GPR183,0.1533445023292344,31.982175453666915,0.0
APITD1,0.15333812312013004,31.976806614409963,0.0
NR0B1,0.15332031752231043,31.97143777515301,0.0
TEX101,0.1532795580827629,31.966068935896057,0.0
ZC3H3,0.15325487687614972,31.960700096639105,0.0
PCDHB11,0.1532417484900938,31.955331257382152,0.0
SPATC1L,0.15323981295948522,31.9499624181252,0.0
TCEB1,0.15321147889506548,31.944593578868247,0.0
MAGEC2,0.15319619813440505,31.939224739611294,0.0
TRADD,0.15314526573483928,31.93385590035434,0.0
PRDM9,0.15311818120933712,31.92848706109739,0.0
FAM96A,0.15302156961163332,31.92311822184044,0.0
SVOP,0.15300584733893557,31.917749382583487,0.0
ZNF821,0.1529838810443648,31.912380543326535,0.0
NOL10,0.15297287567524298,31.907011704069582,0.0
FAM175A,0.15295074152648463,31.90164286481263,0.0
OR13G1,0.15294754282565293,31.896274025555677,0.0
CENPV,0.15289985555756952,31.890905186298724,0.0
TAF3,0.15286737405745232,31.88553634704177,0.0
PRAMEF12,0.1528638400281528,31.88016750778482,0.0
RGS8,0.1528523496193407,31.874798668527866,0.0
OR4S2,0.15285005028251997,31.869429829270914,0.0
CARD9,0.15279266190328814,31.86406099001396,0.0
OR5AR1,0.152776972533339,31.858692150757008,0.0
HN1L,0.15274542552697587,31.853323311500052,0.0
REPIN1,0.15273270654586596,31.8479544722431,0.0
NRG3,0.1527290617037131,31.842585632986147,0.0
OR5R1,0.15267725792102335,31.837216793729194,0.0
ARRDC4,0.15265571972422276,31.83184795447224,0.0
SOAT2,0.15263954300244892,31.82647911521529,0.0
ZNF841,0.15259607779714757,31.821110275958336,0.0
STARD8,0.15252124534956812,31.815741436701384,0.0
SLC35F5,0.15249416982988545,31.81037259744443,0.0
FNDC4,0.15248834887104665,31.80500375818748,0.0
ECHDC3,0.15248198761533077,31.799634918930526,0.0
WDR83OS,0.1524674697911236,31.794266079673573,0.0
ARID5A,0.1524597507740689,31.78889724041662,0.0
CLCF1,0.15244225645571113,31.78352840115967,0.0
TMEM139,0.1524419347649148,31.77815956190272,0.0
CHRM5,0.1524415835284222,31.772790722645766,0.0
KMO,0.15243781906504833,31.767421883388813,0.0
OR2H2,0.15240886376115664,31.76205304413186,0.0
PRAMEF2,0.15238202928761851,31.756684204874908,0.0
DYNLT3,0.1523715313895859,31.751315365617955,0.0
ZNF205,0.15235942881482806,31.745946526361003,0.0
ADCK2,0.15234088793017134,31.74057768710405,0.0
ATF7IP2,0.15233829165813537,31.735208847847098,0.0
TAF5,0.15231649448982348,31.729840008590145,0.0
MPHOSPH10,0.15231221823253568,31.724471169333192,0.0
ZXDA,0.15229586032824788,31.719102330076236,0.0
KCNRG,0.15228925718754416,31.713733490819283,0.0
TJP3,0.1522554461280227,31.70836465156233,0.0
SSX1,0.152240529930649,31.702995812305378,0.0
FBXL14,0.15222797232103458,31.697626973048425,0.0
TRIM15,0.15219667484243427,31.692258133791473,0.0
AMIGO3,0.15216759637194063,31.68688929453452,0.0
KBTBD3,0.15216367986962714,31.681520455277568,0.0
TMEM203,0.1521619469085692,31.676151616020615,0.0
C10orf32,0.15214885677684992,31.670782776763662,0.0
HMGXB4,0.1521455809614315,31.66541393750671,0.0
DNASE1L3,0.1521324498248017,31.660045098249757,0.0
ATG4C,0.15211519316744765,31.654676258992804,0.0
YPEL2,0.1520309238288406,31.64930741973585,0.0
MYNN,0.1520066146735616,31.643938580478903,0.0
TIGD2,0.15200395296355196,31.63856974122195,0.0
KIAA1614,0.15200208082714445,31.633200901964997,0.0
ZNF442,0.15200123440925528,31.627832062708045,0.0
CREB3L1,0.15197123784008104,31.622463223451092,0.0
GPR125,0.15192499059043396,31.61709438419414,0.0
ZNF572,0.15192086924198317,31.611725544937187,0.0
TRMT61B,0.15192064781557946,31.606356705680234,0.0
ZHX1,0.1519116440036721,31.60098786642328,0.0
DUSP10,0.1519074393163718,31.59561902716633,0.0
PCDH1,0.15183639497037987,31.590250187909376,0.0
ASB10,0.1518346858566296,31.58488134865242,0.0
SOCS5,0.15183079197085997,31.579512509395467,0.0
OR4N4,0.15181019928132988,31.574143670138515,0.0
OR2A2,0.15175959009098636,31.568774830881562,0.0
THEM4,0.15174925793954772,31.56340599162461,0.0
CDIP1,0.15172164449709435,31.558037152367657,0.0
HCAR3,0.15166659150804757,31.552668313110704,0.0
DMTN,0.15164564859509144,31.54729947385375,0.0
PCYOX1L,0.15163912994820222,31.5419306345968,0.0
OR10H3,0.15163760481277175,31.536561795339846,0.0
CYGB,0.15162376781042505,31.531192956082894,0.0
GHRH,0.1516170383548321,31.52582411682594,0.0
SYT6,0.1516048513311142,31.52045527756899,0.0
TACR3,0.15157264471623405,31.515086438312036,0.0
SYCE1L,0.1515251364359997,31.509717599055083,0.0
GSK3A,0.15152265731262343,31.504348759798134,0.0
CHI3L1,0.15151620886640288,31.49897992054118,0.0
RNF125,0.1515039285060964,31.49361108128423,0.0
GABRQ,0.15149241961399978,31.488242242027276,0.0
MS4A7,0.1514807268840495,31.482873402770323,0.0
FOXR2,0.15147326744290532,31.47750456351337,0.0
FAM213A,0.15146204671315094,31.472135724256418,0.0
TMEM241,0.1514487226829184,31.466766884999466,0.0
AFTPH,0.1514220070755209,31.461398045742513,0.0
ZNF682,0.15140036131876342,31.45602920648556,0.0
FLVCR2,0.15139128935223942,31.450660367228604,0.0
LCLAT1,0.15139034555084613,31.44529152797165,0.0
DHX37,0.1512208475936479,31.4399226887147,0.0
ADAM2,0.15121625637199193,31.434553849457746,0.0
REXO1,0.15119146056289598,31.429185010200793,0.0
PAN3,0.15116225578553305,31.42381617094384,0.0
ACOXL,0.15110234271857692,31.418447331686888,0.0
FMO5,0.15109096356359025,31.413078492429936,0.0
OR1J4,0.15108541608522794,31.407709653172983,0.0
CAPN9,0.15107822745582158,31.40234081391603,0.0
RPL26L1,0.15107280547557286,31.396971974659078,0.0
PRADC1,0.15105375377813596,31.391603135402125,0.0
OR2T12,0.15102725908219802,31.386234296145172,0.0
NBPF10,0.15102468262731417,31.38086545688822,0.0
CENPN,0.15102140374923442,31.375496617631267,0.0
GRAMD4,0.15101334473813416,31.370127778374318,0.0
PPM1J,0.15098076450929923,31.364758939117365,0.0
ADI1,0.150938436349463,31.359390099860413,0.0
FGGY,0.15092650488253193,31.35402126060346,0.0
C14orf39,0.15082056179959147,31.348652421346507,0.0
MICU1,0.15080805080515428,31.343283582089555,0.0
HNRNPA3,0.15080528803026017,31.337914742832602,0.0
ABLIM2,0.15078917263539623,31.33254590357565,0.0
COLEC10,0.15078237524314694,31.327177064318697,0.0
FAM227B,0.1507764032289099,31.321808225061744,0.0
ZBTB5,0.15075003666353898,31.316439385804788,0.0
INPP1,0.1507497346920666,31.311070546547835,0.0
ZBTB39,0.15070318239918698,31.305701707290883,0.0
KCTD9,0.15068060406259282,31.30033286803393,0.0
ZNF671,0.15066032948596164,31.294964028776977,0.0
C6orf89,0.15060004366102395,31.289595189520025,0.0
SLC25A23,0.1505807973406959,31.284226350263072,0.0
ICOSLG,0.15056215204757797,31.27885751100612,0.0
KRTAP5-9,0.15053761667497895,31.273488671749167,0.0
SLC38A8,0.1505243952126305,31.268119832492214,0.0
ENPEP,0.15049992410161667,31.26275099323526,0.0
ATXN7L1,0.15046902364467088,31.25738215397831,0.0
DAZAP2,0.15043820108957381,31.252013314721356,0.0
ATP6V0D2,0.15043791368240117,31.246644475464404,0.0
OSBP2,0.15039969323793345,31.24127563620745,0.0
FAM122A,0.15030443969564322,31.235906796950495,0.0
OCIAD2,0.150289704957759,31.23053795769355,0.0
PHF19,0.15025976537155586,31.225169118436597,0.0
FAHD2A,0.15024846795583596,31.219800279179644,0.0
ARHGEF37,0.1502187572404906,31.21443143992269,0.0
ASF1B,0.15014248026894078,31.20906260066574,0.0
NPEPL1,0.15010471911504616,31.203693761408786,0.0
FBP1,0.15008846831347156,31.198324922151834,0.0
CCDC73,0.15008670520203413,31.19295608289488,0.0
ZCWPW1,0.15006713014793163,31.18758724363793,0.0
CYP21A2,0.15005927295394378,31.182218404380972,0.0
ARL1,0.15004215390580725,31.17684956512402,0.0
CD300LF,0.1500056096246917,31.171480725867067,0.0
P2RY11,0.14998748438250312,31.166111886610114,0.0
KPRP,0.14997494299121109,31.16074304735316,0.0
CKLF,0.1499679756297589,31.15537420809621,0.0
PRRC1,0.149949493020818,31.150005368839256,0.0
TMED4,0.14992750668129312,31.144636529582304,0.0
ZNF10,0.14992262285167843,31.13926769032535,0.0
OR10AG1,0.14991648118872564,31.1338988510684,0.0
ALDH3B2,0.14987452268438245,31.128530011811446,0.0
L1TD1,0.14983897149060801,31.123161172554493,0.0
RNF32,0.14983673095199154,31.11779233329754,0.0
CCL4,0.14981762393997733,31.112423494040588,0.0
PCDHA3,0.14978301495128749,31.107054654783635,0.0
ENTPD3,0.1497779743015451,31.10168581552668,0.0
POP5,0.14972716506262293,31.096316976269726,0.0
CASC1,0.1497263217790788,31.09094813701278,0.0
CDH12,0.14972553014968765,31.085579297755828,0.0
PAFAH1B2,0.14970186835254254,31.080210458498875,0.0
MYL10,0.14970050935650164,31.074841619241923,0.0
SRRD,0.14968890629242165,31.06947277998497,0.0
PHF17,0.14967891507379544,31.064103940728018,0.0
ZNF419,0.14965264014874458,31.058735101471065,0.0
GXYLT2,0.14963158068324578,31.053366262214112,0.0
RASD2,0.1495958947763995,31.047997422957156,0.0
C15orf39,0.14951984377848693,31.042628583700203,0.0
PPP1R14B,0.14946157696424578,31.03725974444325,0.0
MAD2L1BP,0.14940506985554647,31.031890905186298,0.0
GPR133,0.1493091807149036,31.026522065929345,0.0
C17orf49,0.14930746444894386,31.021153226672393,0.0
SMIM15,0.1493005318236882,31.01578438741544,0.0
CRIPAK,0.1492926675842668,31.010415548158488,0.0
RBM44,0.1492879629306879,31.005046708901535,0.0
DQX1,0.14928538125530372,30.999677869644582,0.0
MSMO1,0.14923374529553984,30.99430903038763,0.0
SLC25A27,0.14919833781734249,30.988940191130677,0.0
HTATIP2,0.14913725575452624,30.983571351873724,0.0
DENND1C,0.1491354993123996,30.97820251261677,0.0
PNRC1,0.14910899330226834,30.97283367335982,0.0
CCDC127,0.14908479741450392,30.967464834102863,0.0
SELK,0.14908207468200624,30.96209599484591,0.0
CENPW,0.14907262798462795,30.956727155588958,0.0
TNNC2,0.1490426297399871,30.951358316332012,0.0
PCDH11X,0.14902455847125032,30.94598947707506,0.0
ZNF224,0.1489943958425148,30.940620637818107,0.0
ARMC6,0.14898978069818364,30.935251798561154,0.0
OR2A14,0.1489828477311277,30.9298829593042,0.0
FCGR3A,0.14897731025510982,30.92451412004725,0.0
P2RX3,0.14895964436107997,30.919145280790296,0.0
ZDHHC21,0.14893955387336238,30.91377644153334,0.0
COL26A1,0.1489291416502588,30.908407602276387,0.0
ZNF358,0.14891960291378162,30.903038763019435,0.0
C3orf67,0.14890998686240958,30.897669923762482,0.0
PTPN5,0.1489087897773737,30.89230108450553,0.0
RSBN1L,0.1488185497836322,30.886932245248577,0.0
SHC4,0.1488176261324401,30.881563405991624,0.0
OR1G1,0.14878783231139497,30.87619456673467,0.0
SIGLEC14,0.14878285531278487,30.87082572747772,0.0
GALM,0.14877087933752692,30.865456888220766,0.0
BTLA,0.1487425210838928,30.860088048963814,0.0
SETD3,0.14865799419998219,30.85471920970686,0.0
TMEM88,0.14864953849527435,30.84935037044991,0.0
CPSF6,0.1485813283405572,30.843981531192956,0.0
AK5,0.1485354511798614,30.838612691936003,0.0
NXPH3,0.1485242676766224,30.833243852679047,0.0
TEX12,0.14850579623982144,30.827875013422094,0.0
IRS4,0.14844409341139747,30.82250617416514,0.0
KLK7,0.14838310212821243,30.817137334908196,0.0
ZNRF1,0.14835088458054727,30.811768495651243,0.0
SPOCD1,0.1483453956793928,30.80639965639429,0.0
C10orf12,0.14834080437913016,30.801030817137338,0.0
MOB3C,0.1483139111896629,30.795661977880386,0.0
OR51F1,0.14830992346512328,30.790293138623433,0.0
LACC1,0.1483050679924618,30.78492429936648,0.0
CEPT1,0.1482959200964392,30.779555460109524,0.0
SGK223,0.14826699923713518,30.77418662085257,0.0
USP46,0.1482556574543415,30.76881778159562,0.0
LSM5,0.1482346685173324,30.763448942338666,0.0
CALB2,0.14823175666420357,30.758080103081713,0.0
C17orf67,0.14821976429926903,30.75271126382476,0.0
ANKIB1,0.14821947423749166,30.747342424567808,0.0
DTWD1,0.14819711204597127,30.741973585310856,0.0
TMEM104,0.14815318213969547,30.736604746053903,0.0
ZNF510,0.14815060138963992,30.73123590679695,0.0
ALKBH3,0.14812530519138672,30.725867067539998,0.0
TMPRSS11D,0.14805689700650987,30.720498228283045,0.0
VSTM4,0.1480130326014345,30.715129389026092,0.0
ADCY1,0.14800407066593577,30.70976054976914,0.0
NIPSNAP3A,0.14800310316172116,30.704391710512187,0.0
RAB4A,0.14798804770535315,30.69902287125523,0.0
GOLGA8A,0.14797000520481385,30.69365403199828,0.0
METAP1,0.14795788812187083,30.688285192741326,0.0
COPE,0.1479530523961127,30.682916353484373,0.0
SHD,0.1479417355446145,30.677547514227427,0.0
ZMAT1,0.1479305950193604,30.672178674970475,0.0
FILIP1L,0.14792134250967853,30.666809835713522,0.0
SLC25A28,0.14787796992739616,30.66144099645657,0.0
OR8D2,0.1477604395556218,30.656072157199617,0.0
CEACAM6,0.14773186324672993,30.650703317942664,0.0
KIAA1522,0.14772595369119762,30.645334478685708,0.0
FNBP1,0.14772593456507035,30.639965639428755,0.0
TRIM7,0.14771012209890577,30.634596800171803,0.0
PRAMEF10,0.14763653102118202,30.62922796091485,0.0
DCDC1,0.14762349899765967,30.623859121657897,0.0
TENC1,0.14748333333333333,30.618490282400945,0.0
CMTM3,0.14748096421325624,30.613121443143992,0.0
PON3,0.14747184991327858,30.60775260388704,0.0
EBF4,0.14745610211181046,30.602383764630087,0.0
CCDC101,0.1474260714428783,30.597014925373134,0.0
PLA2R1,0.14732824131513647,30.59164608611618,0.0
OR52I1,0.147318963385594,30.58627724685923,0.0
FBXO46,0.14731362472663959,30.580908407602276,0.0
HLF,0.14726086668901878,30.575539568345324,0.0
OMA1,0.14724405350074105,30.57017072908837,0.0
VCPKMT,0.14723941479014796,30.564801889831415,0.0
ZNF560,0.1472388960993008,30.559433050574462,0.0
RUNDC3A,0.1471677052551176,30.55406421131751,0.0
SEC62,0.14707554594604308,30.548695372060557,0.0
POLE3,0.1470404050419679,30.543326532803604,0.0
CEACAM5,0.14703761515422664,30.53795769354666,0.0
PLAC9,0.14703247757942012,30.532588854289706,0.0
ZCCHC8,0.14702941017407647,30.527220015032754,0.0
OR5B21,0.14702836694915256,30.5218511757758,0.0
TSSK2,0.146988779077199,30.51648233651885,0.0
UBE2V2,0.14696102073014353,30.511113497261892,0.0
CPLX2,0.1469397954010143,30.50574465800494,0.0
DAPP1,0.14693187289364823,30.500375818747987,0.0
MXD1,0.14690080751083592,30.495006979491034,0.0
MAMDC4,0.14687859865563987,30.48963814023408,0.0
STAC2,0.14686735541322374,30.48426930097713,0.0
EHD2,0.14686536192470728,30.478900461720176,0.0
KRTAP19-5,0.14685233007787235,30.473531622463224,0.0
ZNRF2,0.14682073490661243,30.46816278320627,0.0
TTC7B,0.1467941112605766,30.46279394394932,0.0
LINGO1,0.1467762988887038,30.457425104692366,0.0
ATP2B3,0.1467719107657621,30.452056265435413,0.0
KCNB2,0.1467303336944449,30.44668742617846,0.0
MPLKIP,0.14667635961323797,30.441318586921508,0.0
OR52A1,0.14666809209552686,30.435949747664555,0.0
CLEC5A,0.14666720558529955,30.4305809084076,0.0
URM1,0.1466612109871507,30.425212069150646,0.0
NRROS,0.1466493420848448,30.419843229893694,0.0
OR51G1,0.1466057380915931,30.41447439063674,0.0
H1FX,0.14658000847489303,30.40910555137979,0.0
SPSB3,0.14656689403086892,30.403736712122836,0.0
APOL6,0.14656028599912677,30.39836787286589,0.0
PCNXL3,0.14655269313786598,30.392999033608938,0.0
EXTL2,0.14652473847160813,30.387630194351985,0.0
ZNF45,0.14649051314103737,30.382261355095032,0.0
TSN,0.14644399601257813,30.376892515838076,0.0
KCTD2,0.1464182257048396,30.371523676581123,0.0
TAS2R5,0.14639667732458136,30.36615483732417,0.0
FAM46B,0.14638955052466734,30.360785998067218,0.0
ZSCAN32,0.14638914264237446,30.355417158810265,0.0
ZNF879,0.14638850436791748,30.350048319553313,0.0
PPAT,0.14633628602834495,30.34467948029636,0.0
SLC39A9,0.14633502394074233,30.339310641039408,0.0
ZSCAN5A,0.14629735431215546,30.333941801782455,0.0
GPR65,0.14627731630395235,30.328572962525502,0.0
URGCP,0.1462663636956521,30.32320412326855,0.0
PIR,0.1462638254476457,30.317835284011597,0.0
ACYP2,0.14626369970436906,30.312466444754644,0.0
ZNF454,0.14625192280570073,30.30709760549769,0.0
C8orf82,0.14625173799255745,30.30172876624074,0.0
FAM109B,0.1462360828892409,30.296359926983783,0.0
ZC2HC1A,0.14622794269209702,30.29099108772683,0.0
ZNF846,0.14617894455996075,30.285622248469878,0.0
CNNM3,0.14614644488734418,30.280253409212925,0.0
ZDHHC2,0.14612861954722023,30.274884569955972,0.0
NCAM2,0.14610728867282272,30.26951573069902,0.0
TRPT1,0.14610270550277668,30.264146891442067,0.0
OR2J3,0.14603886576276442,30.25877805218512,0.0
EEFSEC,0.1460058000268247,30.25340921292817,0.0
SLC46A1,0.1460052907298795,30.248040373671216,0.0
MPPED2,0.14595869675156786,30.24267153441426,0.0
MRPL49,0.1459475691823547,30.237302695157307,0.0
OR6B1,0.14589698209753596,30.231933855900355,0.0
ZNF687,0.1458766583813341,30.226565016643402,0.0
MMP1,0.14586844333740684,30.22119617738645,0.0
BCL7B,0.1458608383834485,30.215827338129497,0.0
OR1S1,0.1458245999295969,30.210458498872544,0.0
FAM57A,0.14581092944891058,30.20508965961559,0.0
BCL2L12,0.14580768273855915,30.19972082035864,0.0
SLC17A4,0.14580249621040478,30.194351981101686,0.0
OTOGL,0.14574053548790392,30.188983141844734,0.0
ZFYVE28,0.14573709475069035,30.18361430258778,0.0
SLC17A1,0.14572778169569722,30.17824546333083,0.0
KATNBL1,0.14571688587936465,30.172876624073876,0.0
DNAJB14,0.1456991160741881,30.167507784816923,0.0
OLFM4,0.14565709244883718,30.162138945559967,0.0
HSPA1L,0.145648640363757,30.156770106303014,0.0
OR52R1,0.14564493079272167,30.15140126704606,0.0
SLCO6A1,0.14562611417302035,30.14603242778911,0.0
NMUR2,0.14559754870698002,30.140663588532156,0.0
AQP9,0.14558850506164628,30.135294749275204,0.0
MTCP1,0.14558036171874825,30.12992591001825,0.0
MRPL53,0.1455115923109546,30.124557070761306,0.0
OR51A2,0.14546118771526512,30.119188231504353,0.0
TMEFF1,0.1454388502645846,30.1138193922474,0.0
PHLDB3,0.14542060978114785,30.108450552990444,0.0
ARL14EP,0.14541816156642992,30.10308171373349,0.0
ABHD12B,0.1454050537865264,30.09771287447654,0.0
SLC35F3,0.14538958763289817,30.092344035219586,0.0
ZNF750,0.14538651436033312,30.086975195962633,0.0
IL15RA,0.14536286490236108,30.08160635670568,0.0
EXOSC6,0.14535935764589863,30.076237517448728,0.0
TCEAL3,0.14535847104091512,30.070868678191776,0.0
SRSF9,0.14535363048336608,30.065499838934823,0.0
USB1,0.14533541121603322,30.06013099967787,0.0
C1orf222,0.1452927669177669,30.054762160420918,0.0
POLN,0.14528179586474438,30.049393321163965,0.0
LTB4R,0.14528152896262087,30.044024481907012,0.0
KBTBD13,0.14527968052098916,30.03865564265006,0.0
CARD18,0.14527285468317092,30.033286803393107,0.0
PQLC2,0.14525353897551088,30.02791796413615,0.0
ZNF136,0.14524851876822178,30.0225491248792,0.0
GBGT1,0.14524711722159772,30.017180285622246,0.0
TRAPPC1,0.14516046170494912,30.011811446365293,0.0
FBXO6,0.1451438548924918,30.00644260710834,0.0
AGFG2,0.14513999655413734,30.001073767851388,0.0
ARHGEF2,0.14505423256518507,29.995704928594435,0.0
PRAM1,0.1450466608563876,29.990336089337482,0.0
CYP46A1,0.14501498764171278,29.984967250080537,0.0
CD300E,0.14491070030575637,29.979598410823584,0.0
ZNF529,0.14490671725376844,29.974229571566628,0.0
NRBP2,0.14490490877392836,29.968860732309675,0.0
SIGLEC6,0.14490166656792125,29.963491893052723,0.0
OR51B2,0.14488495712868119,29.95812305379577,0.0
BOP1,0.14486629845301202,29.952754214538817,0.0
TDP2,0.14482563443776617,29.947385375281865,0.0
OLFM1,0.1447942171117876,29.942016536024912,0.0
DPF3,0.14477759316939615,29.93664769676796,0.0
ZNF425,0.14476878947216565,29.931278857511007,0.0
KCTD7,0.1447263929405032,29.925910018254054,0.0
TAS2R8,0.14467084526501078,29.9205411789971,0.0
LYPD6B,0.1446689930679108,29.91517233974015,0.0
DCAF12L1,0.14462643334574318,29.909803500483196,0.0
MAT2B,0.1446153563822082,29.904434661226244,0.0
SLC15A1,0.14461484545495534,29.89906582196929,0.0
CPLX3,0.14449017838666717,29.893696982712335,0.0
INTS8,0.14448315101206094,29.888328143455382,0.0
RFPL2,0.14447125954468665,29.88295930419843,0.0
CPZ,0.1444547946921101,29.877590464941477,0.0
CTSE,0.14443509301698107,29.872221625684524,0.0
CADM4,0.14442738549051698,29.86685278642757,0.0
SLC48A1,0.14441783839465713,29.86148394717062,0.0
YIF1B,0.1443874138819635,29.856115107913666,0.0
ZNF37A,0.1443421050378946,29.850746268656714,0.0
UPK1B,0.14433730253293225,29.84537742939977,0.0
VNN3,0.14428074846334077,29.840008590142812,0.0
APOM,0.14426151726684594,29.83463975088586,0.0
IQSEC2,0.14422042082604627,29.829270911628907,0.0
OR4X2,0.14420254384368733,29.823902072371954,0.0
GRAP2,0.14420180521152076,29.818533233115,0.0
B3GAT1,0.14418589601337392,29.81316439385805,0.0
TRIM69,0.1441684482849332,29.807795554601096,0.0
GHRL,0.1441503708237953,29.802426715344144,0.0
VSIG8,0.1441382365167175,29.79705787608719,0.0
SGMS2,0.14412656055256215,29.79168903683024,0.0
ZNF180,0.14407454836919492,29.786320197573286,0.0
OR4N2,0.14407317185975171,29.780951358316333,0.0
AZU1,0.14405540617482615,29.77558251905938,0.0
DUSP18,0.14401414285345776,29.770213679802428,0.0
ZNF804A,0.14390410912431034,29.764844840545475,0.0
PPIG,0.14388468935546272,29.75947600128852,0.0
ZNF444,0.1438839285009327,29.754107162031566,0.0
TEX19,0.14384347339210105,29.748738322774614,0.0
OR5W2,0.14383425281043422,29.74336948351766,0.0
C8orf59,0.14380116482510352,29.73800064426071,0.0
FUT3,0.14378824011937033,29.732631805003756,0.0
ZBED4,0.14375638645018304,29.727262965746803,0.0
CLDN15,0.14371843966521744,29.72189412648985,0.0
OR5C1,0.14370682306293342,29.716525287232898,0.0
THUMPD1,0.14366426268150284,29.711156447975945,0.0
C1orf105,0.14366255392902533,29.705787608718996,0.0
OR2AK2,0.1436589212757325,29.700418769462043,0.0
OR4M1,0.14364480661362516,29.69504993020509,0.0
TNFSF14,0.14361960039262464,29.689681090948138,0.0
GBP1,0.1435983782128503,29.684312251691185,0.0
LIPK,0.14358713926302197,29.678943412434233,0.0
RNF133,0.14356630572364526,29.67357457317728,0.0
EME2,0.14355983963254196,29.668205733920328,0.0
ZNF354C,0.14355202698732888,29.662836894663375,0.0
SAA1,0.1435104069165624,29.657468055406422,0.0
TEX9,0.1434898474942938,29.65209921614947,0.0
CNOT7,0.14346921963251622,29.646730376892517,0.0
CEACAM7,0.14346499306247446,29.641361537635564,0.0
RAB33A,0.1433868974633889,29.63599269837861,0.0
KIAA2022,0.1433552929157455,29.63062385912166,0.0
ZNF234,0.14332787843586176,29.625255019864703,0.0
SLC9A3,0.14332523275542125,29.61988618060775,0.0
STEAP1,0.1433020278777425,29.614517341350798,0.0
WDR72,0.14326604235629992,29.609148502093845,0.0
GSTA5,0.14325311460529727,29.603779662836892,0.0
TP53TG5,0.1432420166560368,29.59841082357994,0.0
SLC37A1,0.1431391381011876,29.593041984322987,0.0
C1orf159,0.1431274593949957,29.587673145066034,0.0
DNLZ,0.14300864932106755,29.58230430580908,0.0
ZNF597,0.14294894732420477,29.57693546655213,0.0
ZNF526,0.1429064788012454,29.571566627295176,0.0
ZSCAN20,0.14290598863261378,29.566197788038227,0.0
RGS17,0.14290226936186043,29.560828948781275,0.0
SERPINB4,0.14289654219095604,29.555460109524322,0.0
ZNF568,0.14288150572314173,29.55009127026737,0.0
ASB18,0.14286878132068637,29.544722431010417,0.0
KBTBD2,0.14283162856437367,29.539353591753464,0.0
SYNGR1,0.14281952652774427,29.53398475249651,0.0
DIAPH2,0.14277501899011819,29.52861591323956,0.0
SOCS2,0.14277055630266153,29.523247073982606,0.0
ZNF629,0.14276265245287925,29.517878234725654,0.0
ARL5A,0.14269114978854175,29.5125093954687,0.0
USP6,0.14268970581653648,29.50714055621175,0.0
OR6C1,0.14267944401341806,29.501771716954796,0.0
SMIM14,0.14267329357637942,29.496402877697843,0.0
GATSL3,0.14263749783730534,29.491034038440887,0.0
TBX19,0.14263421376947877,29.485665199183934,0.0
MTFP1,0.14262651746671717,29.48029635992698,0.0
FCRL4,0.14261944414443242,29.47492752067003,0.0
LRRC41,0.14260321373156404,29.469558681413076,0.0
LPAR6,0.1425920281271948,29.464189842156124,0.0
BRI3,0.14251467604774332,29.45882100289917,0.0
FUCA2,0.14251448495814742,29.45345216364222,0.0
HEPHL1,0.1424717008831334,29.448083324385266,0.0
SPATA32,0.14244313883269757,29.442714485128313,0.0
SHISA3,0.14242693833857803,29.43734564587136,0.0
VAMP4,0.14242450795310063,29.43197680661441,0.0
PCDHGA10,0.1424222075737162,29.42660796735746,0.0
PON1,0.14239802007754335,29.421239128100506,0.0
HDDC3,0.14235778680133906,29.415870288843553,0.0
FAM178A,0.1422884435447593,29.4105014495866,0.0
FBXO34,0.1422645282871615,29.405132610329648,0.0
GABPB2,0.14224349131784414,29.399763771072696,0.0
SLC31A2,0.1422428294156582,29.394394931815743,0.0
ZNF418,0.14224107567479488,29.38902609255879,0.0
CLEC4F,0.1422255886147766,29.383657253301838,0.0
ZCCHC7,0.14221589171994464,29.378288414044885,0.0
MRPL36,0.1421954681835277,29.372919574787932,0.0
CDYL2,0.1421808119898061,29.36755073553098,0.0
OR1L1,0.14212857116910108,29.362181896274027,0.0
TLE6,0.14211089442920094,29.35681305701707,0.0
SAFB2,0.14210520333167437,29.35144421776012,0.0
CHMP4C,0.1420712303580794,29.346075378503166,0.0
DDX25,0.14206739941989305,29.340706539246213,0.0
KIF12,0.14202401250659719,29.33533769998926,0.0
PKMYT1,0.1420206056101074,29.329968860732308,0.0
MROH2A,0.1419576260153067,29.324600021475355,0.0
LSM10,0.14190854807362446,29.319231182218402,0.0
CCDC102B,0.14188963081679093,29.31386234296145,0.0
IRF2BP1,0.14187955369880328,29.308493503704497,0.0
SLC6A7,0.14185788293776103,29.303124664447544,0.0
SLC25A44,0.1418578109020383,29.297755825190592,0.0
DYNLT1,0.14182767710878644,29.292386985933643,0.0
LIMK1,0.1418234645603267,29.28701814667669,0.0
PCDHGB1,0.14178712027369406,29.281649307419737,0.0
SAA4,0.14178147190110016,29.276280468162785,0.0
CMTM8,0.14175884314310064,29.270911628905832,0.0
UBE2R2,0.1417449077615033,29.26554278964888,0.0
EVA1B,0.1417251677707333,29.260173950391927,0.0
ELL3,0.14170704591545538,29.254805111134974,0.0
EVA1A,0.14170532497106292,29.24943627187802,0.0
CYP2C19,0.1416911999091723,29.24406743262107,0.0
CEL,0.14167572468528683,29.238698593364116,0.0
UPP1,0.14164946298152065,29.233329754107164,0.0
UBQLN1,0.14162652849994703,29.22796091485021,0.0
SLA2,0.14151595731376015,29.222592075593255,0.0
ZNF213,0.14151543804960148,29.217223236336302,0.0
PABPC3,0.1415025480275022,29.21185439707935,0.0
EXOC3L2,0.1414942402407661,29.206485557822397,0.0
SLAMF7,0.1414663071653997,29.201116718565444,0.0
OR10H1,0.1413546603220342,29.19574787930849,0.0
OR13A1,0.14131403874514117,29.19037904005154,0.0
MC4R,0.14130208977989295,29.185010200794586,0.0
BTNL2,0.1412817907081937,29.179641361537634,0.0
TSPAN4,0.14122139391351146,29.17427252228068,0.0
ZNF764,0.14118736094285578,29.16890368302373,0.0
ZNF624,0.14118560211484046,29.163534843766776,0.0
FAM217B,0.14118113613087796,29.158166004509823,0.0
PCNX,0.14113723357539149,29.152797165252874,0.0
LGI2,0.14110535296216803,29.14742832599592,0.0
PCDHGB3,0.14104733020958193,29.14205948673897,0.0
OR7G1,0.1410028311475049,29.136690647482016,0.0
GAL3ST1,0.14099279737729317,29.131321808225064,0.0
PCDHB16,0.14095465195308537,29.12595296896811,0.0
AKIRIN1,0.140943346941354,29.12058412971116,0.0
SPATA2L,0.1408868594084362,29.115215290454206,0.0
TAS2R30,0.14084183394859753,29.109846451197253,0.0
NNAT,0.14083542789562178,29.1044776119403,0.0
MON1B,0.14083323567215747,29.099108772683348,0.0
ZNF626,0.14083135923680581,29.093739933426395,0.0
SP9,0.1407980712864299,29.08837109416944,0.0
SAMD1,0.14077696351463173,29.083002254912486,0.0
PRRT3,0.1407358467690352,29.077633415655534,0.0
TMEM50B,0.14072401334056575,29.07226457639858,0.0
ZNF574,0.14072334893393648,29.06689573714163,0.0
CDC40,0.1407165048032954,29.061526897884676,0.0
SURF4,0.14071455901991942,29.056158058627723,0.0
ST3GAL1,0.1407097591512073,29.05078921937077,0.0
GEMIN8,0.14069488766025032,29.045420380113818,0.0
VTCN1,0.14067929073628163,29.040051540856865,0.0
OR6V1,0.140598680586034,29.034682701599912,0.0
HOXD8,0.14055619780048584,29.02931386234296,0.0
OR5I1,0.1405413319089471,29.023945023086007,0.0
TRAPPC5,0.14052002440310835,29.018576183829055,0.0
GPR52,0.14051087934963974,29.013207344572105,0.0
EIF4EBP2,0.14051044962523296,29.007838505315153,0.0
SPECC1L-ADORA2A,0.14050623249299718,29.0024696660582,0.0
MRPL50,0.14046441961013106,28.997100826801248,0.0
PLCXD3,0.14044880340841026,28.991731987544295,0.0
OR5P3,0.14044438571686252,28.986363148287342,0.0
LIPM,0.14040735224743922,28.98099430903039,0.0
PCDHGB6,0.14037629475286725,28.975625469773437,0.0
WFDC9,0.14031867740380471,28.970256630516484,0.0
ADCK5,0.14031261250788754,28.96488779125953,0.0
RNF150,0.1402722292377365,28.95951895200258,0.0
WDR76,0.14025050147497228,28.954150112745623,0.0
LYNX1,0.14024895189696926,28.94878127348867,0.0
ZNF404,0.14020157979623624,28.943412434231718,0.0
FCF1,0.14016909483114762,28.938043594974765,0.0
DMP1,0.14015002869570165,28.932674755717812,0.0
FBXO21,0.14010069392396857,28.92730591646086,0.0
HERPUD2,0.14009975223403914,28.921937077203907,0.0
ZNF831,0.14009831412365875,28.916568237946954,0.0
FAM89B,0.1400926991920902,28.91119939869,0.0
NSG1,0.14006877555918548,28.90583055943305,0.0
KBTBD6,0.14005674917072158,28.900461720176096,0.0
CCDC181,0.14005377587323478,28.895092880919144,0.0
UBE2E1,0.14004978397927623,28.88972404166219,0.0
ASB2,0.1399772728670024,28.88435520240524,0.0
KRBA2,0.13995106600348342,28.878986363148286,0.0
ADAMTS16,0.13990960939931527,28.873617523891337,0.0
ZNF677,0.13990871962579968,28.868248684634384,0.0
KCNT2,0.1399019880313742,28.86287984537743,0.0
OR7C2,0.13990063706230754,28.85751100612048,0.0
OR2T3,0.13989425170531802,28.852142166863526,0.0
NXPH2,0.13983715350180598,28.846773327606574,0.0
ZNF716,0.1398314390263074,28.84140448834962,0.0
TNFAIP6,0.13982113869328294,28.83603564909267,0.0
H2AFJ,0.1398035984723198,28.830666809835716,0.0
KRTAP10-3,0.13977196261409858,28.825297970578763,0.0
CCR8,0.13974933079471544,28.819929131321807,0.0
SCAMP1,0.13971073661627129,28.814560292064854,0.0
TAF5L,0.13970529543229498,28.8091914528079,0.0
ZFAND1,0.13970120642485928,28.80382261355095,0.0
TMEM99,0.1396307214799437,28.798453774293996,0.0
ARHGDIG,0.13962721001161338,28.793084935037044,0.0
DAP,0.1396044944566964,28.78771609578009,0.0
FTCD,0.1395511583118161,28.78234725652314,0.0
GIF,0.13943663761677366,28.776978417266186,0.0
EEPD1,0.13943427670645764,28.771609578009233,0.0
RIBC2,0.1394159050470483,28.76624073875228,0.0
TRMT44,0.13940192294540163,28.760871899495328,0.0
NUDT22,0.1393803244254758,28.755503060238375,0.0
FBXW10,0.13937063492063492,28.750134220981423,0.0
SNN,0.1393667060005663,28.74476538172447,0.0
ARPC5,0.13936373316817321,28.73939654246752,0.0
PCDHA5,0.13936101151136024,28.734027703210568,0.0
TIGIT,0.13932962525312345,28.728658863953616,0.0
SGK494,0.1393008919112519,28.723290024696663,0.0
RNF126,0.13926494488994942,28.71792118543971,0.0
EID3,0.13924270200309855,28.712552346182758,0.0
ZNF41,0.13917818420777814,28.707183506925805,0.0
CPQ,0.13916865518759586,28.701814667668852,0.0
NEFH,0.13916456803008984,28.6964458284119,0.0
PICK1,0.1391300253154785,28.691076989154947,0.0
NRBF2,0.13910164788954243,28.68570814989799,0.0
WDR5B,0.1390732981996471,28.68033931064104,0.0
ZBED3,0.13906815316327653,28.674970471384086,0.0
MOK,0.13906691289697254,28.669601632127133,0.0
ANKRD45,0.13892554000698198,28.66423279287018,0.0
OR2T10,0.1388952571152346,28.658863953613228,0.0
ESRRA,0.13883280751220622,28.653495114356275,0.0
RGS19,0.13877437897840322,28.648126275099322,0.0
OR2V1,0.13876153716961448,28.64275743584237,0.0
ZNF524,0.138750239999929,28.637388596585417,0.0
CNTLN,0.13873605866854827,28.632019757328464,0.0
C18orf25,0.13873299983667559,28.626650918071512,0.0
C20orf26,0.13871367008813817,28.62128207881456,0.0
NACA2,0.13867619894833122,28.615913239557607,0.0
ZNF570,0.13867247545159345,28.610544400300654,0.0
RIPK2,0.13867113273209208,28.6051755610437,0.0
TCL1A,0.13864423164524262,28.599806721786752,0.0
MTFR1L,0.13862032911992017,28.5944378825298,0.0
HMGB3,0.1386103203543687,28.589069043272847,0.0
OR9Q2,0.13860799177800026,28.583700204015894,0.0
SRSF6,0.1385715076214058,28.57833136475894,0.0
CMBL,0.1385509883665217,28.57296252550199,0.0
SMR3B,0.13853393804754638,28.567593686245036,0.0
C1orf198,0.13851289507510858,28.562224846988084,0.0
MCEE,0.13847442375132227,28.55685600773113,0.0
GOLGA7,0.13845529126851877,28.551487168474175,0.0
THAP5,0.13844916024099244,28.546118329217222,0.0
ANKRD49,0.1384349598382569,28.54074948996027,0.0
SOHLH2,0.13838172263696977,28.535380650703317,0.0
ZNF780B,0.13837647099342915,28.530011811446364,0.0
ZC3H8,0.13836349330396114,28.52464297218941,0.0
ZBTB10,0.1383628861182045,28.51927413293246,0.0
CNKSR2,0.13835813630488106,28.513905293675506,0.0
CDK5R2,0.13834006500035914,28.508536454418554,0.0
EFCAB13,0.13828294343995565,28.5031676151616,0.0
ST6GALNAC6,0.13827005706683743,28.49779877590465,0.0
TRMT12,0.13825598823121274,28.492429936647696,0.0
OR4C13,0.13824559030345934,28.487061097390743,0.0
CD1C,0.13816911174434107,28.48169225813379,0.0
MC3R,0.1381590777349241,28.476323418876838,0.0
ATXN7L3B,0.1381540768046877,28.470954579619885,0.0
KLHL36,0.13809533755318396,28.465585740362933,0.0
EFCAB12,0.1380456192619276,28.460216901105984,0.0
SSTR4,0.13804000125736884,28.45484806184903,0.0
TSPAN13,0.13798289264506575,28.44947922259208,0.0
FAM212B,0.13795458000041416,28.444110383335126,0.0
SLC35A2,0.13793561139874227,28.438741544078173,0.0
KCTD4,0.13791327768245917,28.43337270482122,0.0
CA10,0.13791264916695048,28.428003865564268,0.0
CHIA,0.13784597087352485,28.422635026307315,0.0
GAB3,0.1378104055344959,28.41726618705036,0.0
GDF10,0.1378014810181329,28.411897347793406,0.0
HIST1H1T,0.13778880173278668,28.406528508536454,0.0
ALYREF,0.1377739413680711,28.4011596692795,0.0
TRIM31,0.13770530366559572,28.39579083002255,0.0
RASGEF1C,0.13767528509795626,28.390421990765596,0.0
CDC42EP1,0.13763784281968286,28.385053151508643,0.0
SULT1C3,0.1376262526830377,28.37968431225169,0.0
ZNF845,0.1375899918308376,28.374315472994738,0.0
MMP27,0.13758939439811713,28.368946633737785,0.0
SEPHS2,0.1375322489891059,28.363577794480832,0.0
SLFN5,0.1375007923914749,28.35820895522388,0.0
HS3ST3B1,0.13747525807004674,28.352840115966927,0.0
PRICKLE3,0.13742877070518486,28.347471276709975,0.0
ZNF616,0.13740663641776552,28.342102437453022,0.0
ZNF304,0.13738655622147727,28.33673359819607,0.0
TOMM20L,0.13738353426460503,28.331364758939117,0.0
FITM1,0.13738085831952201,28.32599591968216,0.0
CARD14,0.13737152029580776,28.320627080425215,0.0
OR5K2,0.1373258062294327,28.315258241168262,0.0
RAB12,0.1373145757815119,28.30988940191131,0.0
IFNL3,0.13731384806023672,28.304520562654357,0.0
NENF,0.13730490408054585,28.299151723397404,0.0
ENPP4,0.1372998988542719,28.29378288414045,0.0
FAM151A,0.1372719731632231,28.2884140448835,0.0
FBLN7,0.13725775603812085,28.283045205626543,0.0
RNF6,0.13724839089547952,28.27767636636959,0.0
C9orf40,0.13723954508977515,28.272307527112638,0.0
C6orf136,0.13723467097057854,28.266938687855685,0.0
KLHL28,0.1371985901622756,28.261569848598732,0.0
FCHO1,0.13716131295355222,28.25620100934178,0.0
ARHGAP9,0.13715597748887182,28.250832170084827,0.0
SHROOM1,0.13714782930138444,28.245463330827874,0.0
SIGLEC8,0.13708962835534588,28.24009449157092,0.0
EIF4E3,0.13708713785850668,28.23472565231397,0.0
SLC5A9,0.13706785714285713,28.229356813057016,0.0
NMRK1,0.13705350292155072,28.223987973800064,0.0
ERV3-1,0.13701996665530947,28.21861913454311,0.0
GPAT2,0.13698996880937725,28.21325029528616,0.0
RASSF3,0.13696206837627506,28.207881456029206,0.0
CLASRP,0.13694638960256145,28.202512616772253,0.0
CCRL2,0.13694391358595637,28.1971437775153,0.0
SOGA1,0.13689859403873011,28.191774938258344,0.0
OR4C3,0.13688183990195268,28.186406099001392,0.0
SLC50A1,0.13686867706519604,28.181037259744446,0.0
SCAMP4,0.13676917741378797,28.175668420487494,0.0
VWA2,0.13676418592621964,28.17029958123054,0.0
METTL7B,0.13675045764828045,28.16493074197359,0.0
WDR88,0.13670526048188517,28.159561902716636,0.0
C2orf42,0.1367031211004317,28.154193063459683,0.0
BTBD8,0.13662309551144364,28.148824224202727,0.0
ZNF273,0.13658836513624611,28.143455384945774,0.0
RP11-724O16.1,0.1365537341313657,28.13808654568882,0.0
TMEM243,0.13653540937297282,28.13271770643187,0.0
WDR73,0.13652138621050505,28.127348867174916,0.0
ADPRM,0.1365152060326662,28.121980027917964,0.0
OR2G6,0.1365048163331377,28.11661118866101,0.0
STK32A,0.13647752821493053,28.11124234940406,0.0
ZNF670,0.13647479881168664,28.105873510147106,0.0
FAM222A,0.13642658171383598,28.100504670890153,0.0
OR13C9,0.13642468225429855,28.0951358316332,0.0
NLRP13,0.13640705532030728,28.089766992376248,0.0
PSG9,0.13639689698003896,28.084398153119295,0.0
UTP15,0.1363965454218525,28.079029313862343,0.0
SGOL2,0.13639265302105924,28.07366047460539,0.0
CXorf40A,0.13639215966077356,28.068291635348437,0.0
OR8B3,0.13637503709838256,28.062922796091485,0.0
GMFB,0.13636006487782062,28.05755395683453,0.0
NAP1L2,0.1362987629098566,28.052185117577576,0.0
NACC2,0.13622290565155107,28.04681627832063,0.0
SEL1L3,0.1361831808335788,28.041447439063678,0.0
GM2A,0.13611159996433234,28.036078599806725,0.0
HCFC1R1,0.13609718580571503,28.030709760549772,0.0
ARPC1A,0.13605382464530505,28.02534092129282,0.0
PGAM2,0.13604252620887544,28.019972082035867,0.0
MMP25,0.13604059406540203,28.01460324277891,0.0
TRUB1,0.13603013329917074,28.00923440352196,0.0
ZKSCAN3,0.1360107170480323,28.003865564265006,0.0
TFF1,0.13600872215513338,27.998496725008053,0.0
FXYD2,0.13594982875918576,27.9931278857511,0.0
DAPK2,0.13593560309321015,27.987759046494148,0.0
CRAMP1L,0.13593551938120124,27.982390207237195,0.0
OR10G2,0.1359028735213545,27.977021367980242,0.0
MESDC1,0.13589300678364977,27.97165252872329,0.0
CXCL3,0.13588143195873276,27.966283689466337,0.0
IP6K3,0.13588093396501383,27.960914850209384,0.0
ZNF440,0.1358481231370017,27.955546010952432,0.0
SCGB1D2,0.13583587965923094,27.95017717169548,0.0
CCDC107,0.13583099859632214,27.944808332438527,0.0
SMIM3,0.13580356472477462,27.939439493181574,0.0
KCNN4,0.13579784234808498,27.93407065392462,0.0
TSPYL5,0.13575397895324343,27.92870181466767,0.0
OR5T2,0.13575211191615974,27.923332975410712,0.0
KCNJ13,0.13572871620467714,27.91796413615376,0.0
FAM9B,0.13571456296313228,27.912595296896807,0.0
AP1S3,0.13569550476666514,27.90722645763986,0.0
ADAL,0.1356718367167107,27.90185761838291,0.0
OSCP1,0.135664279594641,27.896488779125956,0.0
OIP5,0.13566148432419683,27.891119939869004,0.0
AGBL1,0.1356255209021629,27.88575110061205,0.0
OR5F1,0.13558250292028806,27.880382261355095,0.0
STC2,0.135545713492283,27.875013422098142,0.0
AKAP7,0.1355413437412932,27.86964458284119,0.0
CSNK2A3,0.1355397131656187,27.864275743584237,0.0
TSPAN15,0.13550108765301222,27.858906904327284,0.0
METTL10,0.1354726028325279,27.85353806507033,0.0
OR2AG1,0.13545909214002652,27.84816922581338,0.0
ZNF564,0.13544116321727975,27.842800386556426,0.0
C5orf34,0.13542642885894812,27.837431547299474,0.0
CHST1,0.13541919310790823,27.83206270804252,0.0
MALT1,0.13540689672962183,27.82669386878557,0.0
ANKRD46,0.1353786585889778,27.821325029528616,0.0
ZNF414,0.13536068857370345,27.815956190271663,0.0
NTN3,0.13535380045505138,27.81058735101471,0.0
FAM83C,0.13532914472110602,27.805218511757758,0.0
ZFP69,0.13530175719443915,27.799849672500805,0.0
SLC12A8,0.1352942797438505,27.794480833243853,0.0
DNAJC25,0.13515150686863403,27.789111993986896,0.0
SMIM19,0.13510526027918057,27.783743154729944,0.0
OR8D4,0.13509688021974714,27.77837431547299,0.0
ANKRD30A,0.13498688947999096,27.77300547621604,0.0
PTGER3,0.1349754636746686,27.767636636959093,0.0
RIMS4,0.1349695869119249,27.76226779770214,0.0
CD52,0.13487441769568406,27.756898958445188,0.0
FYB,0.13486827063152332,27.751530119188235,0.0
CCL11,0.13483199447706068,27.74616127993128,0.0
ZNF783,0.13482690409101725,27.740792440674326,0.0
ZFP1,0.13480089867616543,27.735423601417374,0.0
FAM98B,0.13479796659767093,27.73005476216042,0.0
HBA2,0.13479302086802086,27.72468592290347,0.0
CCR6,0.13477664761825486,27.719317083646516,0.0
VPS26B,0.1347246454880451,27.713948244389563,0.0
C1orf122,0.13464066441040257,27.70857940513261,0.0
RSRC2,0.13463656986312525,27.703210565875658,0.0
KRT222,0.13463483763368878,27.697841726618705,0.0
GIMAP2,0.13463299034358117,27.692472887361752,0.0
ADAMTS19,0.13459906403866853,27.6871040481048,0.0
CAPN13,0.1345608488090761,27.681735208847847,0.0
MSLN,0.13454570686650905,27.676366369590895,0.0
IRF2BPL,0.13454205636260158,27.670997530333942,0.0
SMYD4,0.13451398972417566,27.66562869107699,0.0
LMO3,0.13446304589256722,27.660259851820037,0.0
TMEM14A,0.13444523525566343,27.65489101256308,0.0
JKAMP,0.13441378235150894,27.649522173306128,0.0
KANSL1L,0.13439983565026892,27.644153334049175,0.0
TBPL1,0.13438927552407312,27.638784494792223,0.0
PPP4R1,0.1343722524541582,27.63341565553527,0.0
S100A16,0.13432432084987514,27.628046816278324,0.0
SLC13A2,0.13431478332083574,27.62267797702137,0.0
CD8B,0.13431332457632375,27.61730913776442,0.0
BLZF1,0.13430517993325172,27.611940298507463,0.0
RSC1A1,0.13425852135259117,27.60657145925051,0.0
INPP5J,0.1342062513365067,27.601202619993558,0.0
RP11-192H23.4,0.13419941514396455,27.595833780736605,0.0
YIPF4,0.13419274697054578,27.590464941479652,0.0
TMEM141,0.13414196546328142,27.5850961022227,0.0
MMD,0.1340629034076646,27.579727262965747,0.0
OXNAD1,0.13404199507416004,27.574358423708794,0.0
B3GAT2,0.13400635570249875,27.568989584451842,0.0
SMN2,0.13393756315687405,27.56362074519489,0.0
ZNF175,0.1339118770962921,27.558251905937936,0.0
KHK,0.13388753713931426,27.552883066680984,0.0
CPPED1,0.13381455507855994,27.54751422742403,0.0
TEX37,0.13381009424563647,27.54214538816708,0.0
TMEM204,0.13372329846990544,27.536776548910126,0.0
CBX8,0.13371533387880064,27.531407709653173,0.0
THEG,0.1337064382957899,27.52603887039622,0.0
CATSPERD,0.13370027161123482,27.520670031139264,0.0
ZNF667,0.13368814129560408,27.515301191882312,0.0
TIGD5,0.13366970960254618,27.50993235262536,0.0
MROH7-TTC4,0.13366388888888892,27.504563513368407,0.0
RPP21,0.1336568291255969,27.499194674111454,0.0
DCUN1D5,0.13363472659132075,27.4938258348545,0.0
INCA1,0.1336277947164255,27.488456995597556,0.0
CCDC117,0.1336179485030522,27.483088156340603,0.0
IAH1,0.13353521695052112,27.477719317083647,0.0
ZFP30,0.1335324582538478,27.472350477826694,0.0
LILRA1,0.13350976124640418,27.46698163856974,0.0
ZNF555,0.13348202550079022,27.46161279931279,0.0
INMT-FAM188B,0.1334805194805195,27.456243960055836,0.0
UPK3A,0.13345611511560698,27.450875120798884,0.0
SAP30L,0.13344684079198027,27.44550628154193,0.0
C11orf73,0.13344610815635655,27.44013744228498,0.0
TOR3A,0.1333520751937663,27.434768603028026,0.0
SLC16A10,0.1332872627856057,27.429399763771073,0.0
TTC39C,0.13328303849805961,27.42403092451412,0.0
GPER1,0.13328253733924098,27.418662085257168,0.0
UBD,0.13327221903942743,27.413293246000215,0.0
SYT17,0.13322953613954663,27.407924406743263,0.0
PIN4,0.13322553331953796,27.40255556748631,0.0
KANK4,0.13321931667476927,27.397186728229357,0.0
MINA,0.13321097319672842,27.391817888972405,0.0
ICOS,0.13320437636325785,27.38644904971545,0.0
PROKR1,0.1331691292990433,27.381080210458496,0.0
OR56A1,0.13315655681676314,27.375711371201543,0.0
OR3A3,0.13314573623615203,27.37034253194459,0.0
CMPK2,0.1331364722470101,27.364973692687638,0.0
SPSB4,0.13312268670155034,27.359604853430685,0.0
AQP10,0.13311102347019205,27.35423601417374,0.0
FAM171B,0.13310593762808237,27.348867174916787,0.0
USP44,0.13310468610564344,27.34349833565983,0.0
GMPPA,0.13306062501155722,27.33812949640288,0.0
TMEM127,0.1329952855402509,27.332760657145926,1.0
MOB3A,0.13299152398619735,27.327391817888973,0.0
MEIG1,0.13292675533892492,27.32202297863202,0.0
AVPR1A,0.1329137065131912,27.316654139375068,0.0
CYP3A4,0.1328821409464838,27.311285300118115,0.0
PGBD2,0.1328724131592383,27.305916460861162,0.0
PARP11,0.1328715363338691,27.30054762160421,0.0
MLN,0.13279386544270647,27.295178782347257,0.0
DLEC1,0.1327934172341524,27.289809943090305,0.0
DCUN1D4,0.13274463303166367,27.284441103833352,0.0
TRIM17,0.1327061524629864,27.2790722645764,0.0
SLC26A8,0.13268821261878355,27.273703425319447,0.0
COMMD5,0.13261323307629524,27.268334586062494,0.0
PRRG4,0.13260049140521488,27.26296574680554,0.0
SYNCRIP,0.13259991568428256,27.25759690754859,0.0
FAM120C,0.13254541726675867,27.252228068291632,0.0
ZNF146,0.1325265011515026,27.24685922903468,0.0
TRAM1,0.13252078779245563,27.241490389777727,0.0
ZNF446,0.132510244017262,27.236121550520775,0.0
OR4D10,0.1325022312146779,27.230752711263822,0.0
TBXAS1,0.13249765227631238,27.22538387200687,0.0
FOXO6,0.1324904062056789,27.220015032749917,0.0
KRTAP10-4,0.1324682679667812,27.21464619349297,0.0
LILRA6,0.13243192190029238,27.209277354236015,0.0
ZNF12,0.13239592565823516,27.203908514979062,0.0
NME9,0.13235295733359598,27.19853967572211,0.0
IQCF1,0.13234889585067933,27.193170836465157,0.0
OR2B2,0.1323295225565288,27.187801997208204,0.0
FBXL17,0.13232061309590776,27.18243315795125,0.0
ADAD2,0.13228523767844463,27.1770643186943,0.0
ASAH2,0.13226629084477654,27.171695479437346,0.0
UVRAG,0.13223820504119405,27.166326640180394,0.0
SNX32,0.1322368208300339,27.16095780092344,0.0
GID4,0.1322262620436928,27.15558896166649,0.0
OR14C36,0.13221164467696084,27.150220122409536,0.0
MOBP,0.13219972057446422,27.144851283152583,0.0
NAPG,0.13218394669436828,27.13948244389563,0.0
C11orf30,0.1321500866644283,27.134113604638678,0.0
ZNF480,0.13214293519750905,27.128744765381725,0.0
ABHD6,0.1321292910673845,27.123375926124773,0.0
C3orf58,0.13212775133840485,27.118007086867816,0.0
GLB1L,0.1321257455749691,27.112638247610864,0.0
PAQR5,0.13212122555153144,27.10726940835391,0.0
GNAI3,0.13211227821736907,27.10190056909696,0.0
ABHD17A,0.13208899938436558,27.096531729840006,0.0
FSTL3,0.13204432444283704,27.091162890583053,0.0
ZNF776,0.13204002938996456,27.0857940513261,0.0
PCDHGB2,0.13200888584868048,27.080425212069148,0.0
SYNDIG1,0.13197888968703456,27.0750563728122,0.0
KRTAP10-1,0.13196920530673978,27.069687533555246,0.0
OR2A25,0.131894907692423,27.064318694298294,0.0
S100A12,0.13188946294671328,27.05894985504134,0.0
GABRG1,0.13185705371801593,27.05358101578439,0.0
BTG1,0.1318409077899378,27.048212176527436,0.0
APOPT1,0.13184055601127692,27.042843337270483,1.0
PCDH7,0.1318153443666904,27.03747449801353,0.0
NBPF3,0.1318026022763697,27.032105658756578,0.0
FAM150A,0.1317716619626276,27.026736819499625,0.0
FXYD4,0.13176970576338046,27.021367980242673,0.0
ECT2L,0.1317628930244831,27.01599914098572,0.0
CYB5D1,0.1316603613746447,27.010630301728767,0.0
HRG,0.13164589723833378,27.005261462471815,0.0
CHST2,0.13160739485672665,26.999892623214862,0.0
GRP,0.13158888329715843,26.99452378395791,0.0
TTC32,0.1315712569632091,26.989154944700957,0.0
SYT16,0.1315655742536806,26.983786105444,0.0
ZFP37,0.13155571590586146,26.978417266187048,0.0
FAM76A,0.1315554146309818,26.973048426930095,0.0
TRIM51,0.13150760628335187,26.967679587673143,0.0
KIAA1199,0.13150431320236072,26.96231074841619,0.0
OR2T2,0.13143372598857977,26.956941909159237,0.0
OR2T6,0.13142180415975402,26.951573069902285,0.0
GRAMD3,0.13138870685075116,26.946204230645332,0.0
FFAR3,0.1313583159441283,26.94083539138838,0.0
RNPS1,0.13134694044853154,26.93546655213143,0.0
MYLIP,0.13133886886779692,26.930097712874478,0.0
CCT6B,0.131335097293617,26.924728873617525,0.0
TCEAL2,0.13133249502291228,26.919360034360572,0.0
MAGOHB,0.13132342222521726,26.91399119510362,0.0
CLEC1A,0.13127762367547263,26.908622355846667,0.0
C11orf54,0.13126736486936447,26.903253516589714,0.0
CST7,0.13125970884732913,26.897884677332762,0.0
PRIM1,0.13118520494770078,26.89251583807581,0.0
MLNR,0.13117741591705256,26.887146998818857,0.0
FBXL6,0.13112667007093015,26.881778159561904,0.0
TNFSF4,0.13112372810794526,26.87640932030495,0.0
ARHGEF35,0.1311232200580155,26.871040481048,0.0
MYLK4,0.1311026259916728,26.865671641791046,0.0
PPP1R36,0.13108839214919357,26.860302802534093,0.0
LRP11,0.1310364104409863,26.85493396327714,0.0
PLSCR1,0.13100346417305841,26.849565124020184,0.0
TAS2R41,0.1309713332211803,26.844196284763232,0.0
RCSD1,0.13096391249064793,26.83882744550628,0.0
ZNF672,0.13096027841479566,26.833458606249327,0.0
TBCCD1,0.13096014009464552,26.828089766992374,0.0
YIPF3,0.13095096439513382,26.82272092773542,0.0
GSE1,0.13093526280480097,26.81735208847847,0.0
RIOK1,0.1309072909908871,26.811983249221516,0.0
SCRG1,0.13089910315558037,26.806614409964563,0.0
CAPZA3,0.13085113560425027,26.80124557070761,0.0
TMEM150A,0.13083197137828187,26.79587673145066,0.0
PITPNC1,0.13081764328494835,26.79050789219371,0.0
CDYL,0.13076104801095695,26.785139052936756,0.0
RHBG,0.13075491942813336,26.779770213679804,0.0
C1orf173,0.1307429292929293,26.77440137442285,0.0
SSTR5,0.13073115697351348,26.7690325351659,0.0
LCK,0.13070024800832153,26.763663695908946,0.0
NUDT14,0.13068756062582967,26.758294856651993,0.0
OARD1,0.13066407710110595,26.75292601739504,0.0
ZNF777,0.13063685436202702,26.747557178138088,0.0
OR2L2,0.13061196898695465,26.742188338881135,0.0
KIF2B,0.1306027338003891,26.736819499624183,0.0
RCAN2,0.130593980709153,26.73145066036723,0.0
ZNF697,0.13058454674209236,26.726081821110277,0.0
FCGR1A,0.13057963013795593,26.720712981853325,0.0
BATF,0.1305671499301646,26.71534414259637,0.0
RQCD1,0.13053609296406699,26.709975303339416,0.0
SCEL,0.130480797956241,26.704606464082463,0.0
ZNF131,0.13046447097118222,26.69923762482551,0.0
IGFALS,0.13046117009497024,26.693868785568558,0.0
NOP16,0.1304428278807306,26.688499946311605,0.0
NGEF,0.13042911886383599,26.683131107054653,0.0
NPSR1,0.1304107307626561,26.6777622677977,0.0
CHAC2,0.13040418568294485,26.672393428540747,0.0
ACTR3C,0.1304039042913379,26.667024589283795,0.0
TRPC5,0.1303921014740304,26.661655750026846,0.0
C3orf20,0.13037269523323708,26.656286910769893,0.0
CTDSP1,0.13035645714938185,26.65091807151294,0.0
CYP27C1,0.13031754986086536,26.645549232255988,0.0
LYRM7,0.13021682207024893,26.640180392999035,0.0
LRP5L,0.13021123432263387,26.634811553742082,0.0
JDP2,0.13014544587020094,26.62944271448513,0.0
TRIM49B,0.13008681267562847,26.624073875228177,0.0
LRRN1,0.13003654583166352,26.618705035971225,0.0
SPATA6L,0.12999401233716032,26.613336196714272,0.0
H3F3B,0.12999082294567565,26.60796735745732,0.0
DIRAS1,0.12997531660071052,26.602598518200367,0.0
UBXN11,0.12996787721812691,26.597229678943414,0.0
WBP2NL,0.12996306183324668,26.59186083968646,0.0
CTD-2207O23.3,0.12993241833835084,26.58649200042951,0.0
CCDC38,0.1299201949240271,26.581123161172552,0.0
LEPROTL1,0.12991998977054067,26.5757543219156,0.0
UCMA,0.1298116188162774,26.570385482658647,0.0
SDE2,0.1297584359838067,26.565016643401695,0.0
ORMDL3,0.12973144452091365,26.559647804144742,0.0
FOLR3,0.12972591302133746,26.55427896488779,0.0
RGAG1,0.1296641688850559,26.548910125630837,0.0
LURAP1,0.12965415260056518,26.543541286373884,0.0
C20orf144,0.1296155727743189,26.53817244711693,0.0
ZNF610,0.12958324445843095,26.53280360785998,0.0
SENP3,0.1295634788116829,26.527434768603026,0.0
RNF182,0.1295612771658487,26.522065929346077,0.0
CDV3,0.12953853822453903,26.516697090089124,0.0
TSACC,0.12945451501166197,26.51132825083217,0.0
ELAVL3,0.1294536741835928,26.50595941157522,0.0
ACYP1,0.12944948499587988,26.500590572318266,0.0
PRAMEF1,0.12942346769597451,26.495221733061314,0.0
FRMD3,0.1294111055367066,26.48985289380436,0.0
SULT6B1,0.1293988141166947,26.48448405454741,0.0
CYB561D1,0.129355820032797,26.479115215290456,0.0
SCGB2A1,0.1293299504686883,26.473746376033503,0.0
OR4K2,0.1293024111211119,26.46837753677655,0.0
METTL7A,0.12927996234582792,26.463008697519598,0.0
KRT80,0.12927500702790398,26.457639858262645,0.0
B3GNT8,0.12925583546380376,26.452271019005693,0.0
ZPBP,0.1292428485170723,26.446902179748736,0.0
ZNF814,0.12923820392097712,26.441533340491784,0.0
UCK2,0.1291527204956854,26.43616450123483,0.0
MYPOP,0.1291073952383229,26.43079566197788,0.0
TRIML1,0.12910001172492697,26.425426822720926,0.0
TICAM2,0.1290859423408098,26.420057983463973,0.0
ZNHIT6,0.12907247975343644,26.41468914420702,0.0
KIAA1407,0.12905627509975334,26.409320304950068,0.0
ZNF398,0.1290447510935862,26.403951465693115,0.0
HBM,0.12902933214186724,26.398582626436163,0.0
TBC1D25,0.12902521284295618,26.39321378717921,0.0
C6orf47,0.12901636176584452,26.387844947922257,0.0
COMMD3-BMI1,0.12901164021164022,26.38247610866531,0.0
C1orf123,0.12900042368909212,26.377107269408356,0.0
APOBEC3H,0.1289913382681959,26.371738430151403,0.0
RNF169,0.1289823522816872,26.36636959089445,0.0
OR7A5,0.1289370575308011,26.361000751637498,0.0
IQSEC3,0.12892944722432448,26.355631912380545,0.0
OR10A7,0.12889768463924747,26.350263073123593,0.0
SCN2B,0.12887453595001863,26.34489423386664,0.0
KCNH1,0.12883002641116642,26.339525394609687,0.0
PSMD12,0.12882578923157467,26.334156555352735,0.0
ZNF791,0.12880453334247133,26.328787716095782,0.0
OR4D1,0.12879850660839803,26.32341887683883,0.0
LPAR2,0.1287946894768709,26.318050037581877,0.0
OR5L2,0.12877797874168814,26.31268119832492,0.0
KCNG1,0.12876941525547428,26.307312359067968,0.0
OR8K5,0.1287348026116403,26.301943519811015,0.0
MIA2,0.12870871578106943,26.296574680554063,0.0
DHDH,0.1287082112502,26.29120584129711,0.0
LAPTM5,0.1286895014886527,26.285837002040157,0.0
HSPA13,0.12864425981503963,26.280468162783205,0.0
RNF103,0.12863340610126558,26.275099323526252,0.0
OR10A2,0.1286319271139478,26.2697304842693,0.0
SLITRK5,0.12860149257794157,26.264361645012347,0.0
CRP,0.1285395448914715,26.258992805755394,0.0
PPBP,0.12853355445845088,26.25362396649844,0.0
OR7G2,0.12850131405100182,26.24825512724149,0.0
CISH,0.12840949768595897,26.24288628798454,0.0
IL17RB,0.12839555836589306,26.237517448727587,0.0
OR52N2,0.1283780171090759,26.232148609470634,0.0
QTRTD1,0.12837460469763778,26.226779770213682,0.0
EID2,0.12836494412620972,26.22141093095673,0.0
ZNF43,0.12833506473985073,26.216042091699777,0.0
GPHA2,0.128322328669014,26.210673252442824,0.0
SLC25A35,0.12827438518450623,26.20530441318587,0.0
CD79B,0.12826155407589593,26.19993557392892,0.0
PPP1R7,0.12825589948412172,26.194566734671966,0.0
PSG4,0.12822954129385483,26.189197895415013,0.0
UBALD2,0.12822708785768072,26.18382905615806,0.0
CPNE6,0.1282233118490276,26.178460216901104,0.0
ZDHHC24,0.12821732380927758,26.173091377644152,0.0
TMC4,0.12815200557184286,26.1677225383872,0.0
ZNF699,0.1281357632519115,26.162353699130247,0.0
MRPL55,0.12811156026097922,26.156984859873294,0.0
NPY4R,0.12806462119123288,26.15161602061634,0.0
CCNYL1,0.12805858099735476,26.14624718135939,0.0
MAFF,0.1280332816934848,26.140878342102436,0.0
GPR84,0.12803227133008202,26.135509502845483,0.0
ZNF384,0.12800405296716336,26.13014066358853,0.0
MAGIX,0.12800121790667934,26.124771824331578,0.0
SLC37A2,0.12791399813176832,26.119402985074625,0.0
ZNF32,0.12791005814091555,26.114034145817673,0.0
CD96,0.1278944121865396,26.10866530656072,0.0
ZNF212,0.12784540836450436,26.10329646730377,0.0
BRINP2,0.12784321587074973,26.09792762804682,0.0
ASB7,0.12783281572493294,26.092558788789866,0.0
TRAPPC6B,0.12781923431703807,26.087189949532913,0.0
ZKSCAN4,0.12781618892105062,26.08182111027596,0.0
SPINK13,0.12780842919005048,26.076452271019008,0.0
FAM160B1,0.12773934613797666,26.071083431762055,0.0
NTS,0.12770519091302712,26.065714592505103,0.0
SWAP70,0.1276965137032984,26.06034575324815,0.0
MARK1,0.1276212190350663,26.054976913991197,0.0
GOLGA8R,0.12759934344815405,26.049608074734245,0.0
WDR18,0.12759279694230474,26.04423923547729,0.0
HEXIM2,0.12758157125464867,26.038870396220336,0.0
NUTM2B,0.12756229355475596,26.033501556963383,0.0
AGXT2,0.12750708982712264,26.02813271770643,0.0
RLN3,0.12746372849624793,26.022763878449478,0.0
HOXC11,0.12744450506689312,26.017395039192525,0.0
SYTL4,0.12739775832941622,26.012026199935573,0.0
MSS51,0.12737606393993428,26.00665736067862,0.0
ELOVL2,0.12737323894992816,26.001288521421667,0.0
OR8D1,0.1273514827486484,25.995919682164715,0.0
MTMR8,0.12734336870767515,25.990550842907762,0.0
OR2M5,0.12733998073386832,25.98518200365081,0.0
VMO1,0.1273372826626925,25.979813164393857,0.0
ASPHD2,0.12733367373494411,25.974444325136904,0.0
OR2C3,0.12730614349585226,25.969075485879955,0.0
SLC17A2,0.1272488251005521,25.963706646623002,0.0
MARCH2,0.12724296840325855,25.95833780736605,0.0
C12orf43,0.12723033752343987,25.952968968109097,0.0
CDC42EP2,0.1272092860548214,25.947600128852145,0.0
BAI2,0.1272061474914739,25.942231289595192,0.0
PAG1,0.12716140573928106,25.93686245033824,0.0
OR10A4,0.12715065210272566,25.931493611081287,0.0
PPP1R11,0.12708265597089013,25.926124771824334,0.0
EMID1,0.1270786761633314,25.92075593256738,0.0
PCDHA9,0.12707674309540315,25.91538709331043,0.0
C1orf106,0.12701912124859144,25.910018254053472,0.0
FGF5,0.12701826308564368,25.90464941479652,0.0
TMC3,0.12699368087410723,25.899280575539567,0.0
UBXN2B,0.1269812922955631,25.893911736282615,0.0
DUSP8,0.12696410940038438,25.888542897025662,0.0
ZDHHC17,0.12694861737488458,25.88317405776871,0.0
YJEFN3,0.12690019703688843,25.877805218511757,0.0
EPPIN,0.12689743603550346,25.872436379254804,0.0
ZNF708,0.12683882533082075,25.86706753999785,0.0
OR7G3,0.12681349949728477,25.8616987007409,0.0
MRS2,0.12680150673349294,25.856329861483946,0.0
ZNF483,0.12679776415707936,25.850961022226993,0.0
OR1D2,0.12674815796829547,25.84559218297004,0.0
TAAR1,0.12668872761918387,25.840223343713088,0.0
ZNF169,0.12660671682481534,25.834854504456136,0.0
OR2M7,0.12654207343038373,25.829485665199186,0.0
BTBD2,0.1264993387414562,25.824116825942234,0.0
CLCA2,0.1264878037879047,25.81874798668528,0.0
CDKN2AIPNL,0.12645745707674888,25.81337914742833,0.0
TMEM11,0.12644747867216422,25.808010308171376,0.0
ZNF517,0.12640994746904413,25.802641468914423,0.0
ZNF34,0.12640842497951155,25.79727262965747,0.0
ZNF618,0.1263889462913567,25.791903790400518,0.0
YRDC,0.12636657927559408,25.786534951143565,0.0
UBR7,0.12635136468403585,25.781166111886613,0.0
PLXDC1,0.12635037759645523,25.775797272629656,0.0
ZNF567,0.12634209031010651,25.770428433372704,0.0
ZNF583,0.12633891309157536,25.76505959411575,0.0
FAM131A,0.12633630206416233,25.7596907548588,0.0
GALE,0.12628906737950601,25.754321915601846,0.0
SLC17A3,0.12625320185558264,25.748953076344893,0.0
C16orf89,0.12624488177864912,25.74358423708794,0.0
LYVE1,0.12622886579713904,25.738215397830988,0.0
TRAT1,0.12621249083868363,25.732846558574035,0.0
ELOVL7,0.12617349158187052,25.727477719317083,0.0
FMO3,0.12615839138805468,25.72210888006013,0.0
OR7E24,0.12614705937227857,25.716740040803177,0.0
LIN37,0.1261352968813567,25.711371201546225,0.0
SMAP2,0.12610989578743864,25.706002362289272,0.0
MBL2,0.12610488199103612,25.70063352303232,0.0
ZNF461,0.1260899423277782,25.695264683775363,0.0
KIAA1715,0.12606804090310636,25.689895844518418,0.0
PYY,0.12604324329241284,25.684527005261465,0.0
TMEM50A,0.1260396205410356,25.679158166004513,0.0
OR4C11,0.12598446395066185,25.67378932674756,0.0
NSUN7,0.12597741821771807,25.668420487490607,0.0
POU5F1B,0.12595978857097517,25.663051648233655,0.0
ITGBL1,0.12593646790271154,25.657682808976702,0.0
SH2D1A,0.1258952188540116,25.65231396971975,0.0
OR2M3,0.1258632631542672,25.646945130462797,0.0
CHCHD5,0.12584507335549858,25.64157629120584,0.0
OR2Y1,0.12583810629538045,25.636207451948888,0.0
FSBP,0.12582830583553878,25.630838612691935,0.0
MIEN1,0.12582722769772423,25.625469773434983,0.0
PAIP1,0.1258224425167334,25.62010093417803,0.0
OR1Q1,0.12581575779252613,25.614732094921077,0.0
CHIT1,0.12580057271324235,25.609363255664125,0.0
OR6C2,0.1257240196922963,25.603994416407172,0.0
NECAB2,0.12571063127880958,25.59862557715022,0.0
SMIM12,0.12570879173107768,25.593256737893267,0.0
ABCC11,0.1256799724785019,25.587887898636314,0.0
DTD2,0.1256646489872409,25.58251905937936,0.0
ZNF688,0.12566227099734983,25.57715022012241,0.0
SLC22A23,0.12563253206543923,25.571781380865456,0.0
TAGAP,0.12560647098812233,25.566412541608504,0.0
SCGB3A2,0.12560426740839137,25.561043702351547,0.0
SMAGP,0.12559908608741296,25.555674863094595,0.0
MRPL9,0.12559852370308192,25.55030602383765,0.0
TNK1,0.12559398017845175,25.544937184580697,0.0
B4GALT4,0.12556400388924532,25.539568345323744,0.0
MARCH1,0.12554834365469272,25.53419950606679,0.0
PRSS12,0.12551135872110025,25.52883066680984,0.0
SEC14L4,0.1255045871233667,25.523461827552886,0.0
UPF3B,0.12545092985049477,25.518092988295933,0.0
FAM188A,0.12544245041544091,25.51272414903898,0.0
PCDH20,0.12541520847890192,25.507355309782024,0.0
ZNF493,0.12539785012616528,25.501986470525072,0.0
OR2L3,0.12536453141432274,25.49661763126812,0.0
MDGA1,0.12535915669723757,25.491248792011167,0.0
GPR101,0.12535361420676033,25.485879952754214,0.0
SYT9,0.12532752634336142,25.48051111349726,0.0
CWC15,0.12531585616378527,25.47514227424031,0.0
SENP8,0.12525855825695004,25.469773434983356,0.0
OR1E1,0.12524087013487253,25.464404595726403,0.0
RP11-287D1.3,0.12523780591715375,25.45903575646945,0.0
CCL16,0.12521909124060557,25.453666917212498,0.0
SYTL5,0.12521826862253466,25.448298077955545,0.0
IGDCC3,0.1252028735132144,25.442929238698593,0.0
FBXW12,0.12517532407156678,25.43756039944164,0.0
MARCH10,0.1251731367570233,25.432191560184688,0.0
ASIC4,0.1251637619064881,25.42682272092773,0.0
C6orf120,0.12514328054357388,25.42145388167078,0.0
OR2F2,0.12514094047246244,25.416085042413826,0.0
NLRP7,0.125107051391322,25.41071620315688,0.0
SEP15,0.12504222788497882,25.405347363899928,0.0
CACFD1,0.1250265669128958,25.399978524642975,0.0
BTBD17,0.12498891988898009,25.394609685386023,0.0
CAPN15,0.12493947815851672,25.38924084612907,0.0
C12orf65,0.12491776398969365,25.383872006872117,0.0
MCTP2,0.12491747820261363,25.378503167615165,0.0
DYRK4,0.12488878157842513,25.37313432835821,0.0
SLC16A7,0.12485600005731567,25.367765489101256,0.0
RELT,0.12483663125936473,25.362396649844303,0.0
PPAP2B,0.12483051438857946,25.35702781058735,0.0
ST3GAL2,0.12481992261651768,25.351658971330398,0.0
RPUSD2,0.12478053987664621,25.346290132073445,0.0
SYBU,0.12474677689854197,25.340921292816493,0.0
CDK17,0.1246802685062981,25.33555245355954,0.0
SLC30A3,0.12465513390457787,25.330183614302587,0.0
FAM63A,0.12461737267671728,25.324814775045635,0.0
PIK3IP1,0.12458310112318147,25.319445935788682,0.0
TMC8,0.1245444765815521,25.31407709653173,0.0
MTX3,0.12453492275050859,25.308708257274777,0.0
OR52N1,0.12451350769495957,25.303339418017824,0.0
GRM4,0.12449942525836326,25.29797057876087,0.0
MLLT11,0.12449914757379335,25.292601739503915,0.0
ATP13A5,0.12447270998249108,25.287232900246963,0.0
GCSAM,0.12445023135511071,25.28186406099001,0.0
ADAT1,0.12444723677405736,25.276495221733065,0.0
OR10A6,0.12442776750972584,25.271126382476112,0.0
GAL3ST2,0.12437558841099398,25.26575754321916,0.0
STK17B,0.12435699181200295,25.260388703962207,0.0
ZNF44,0.12435308000966697,25.255019864705254,0.0
USP51,0.1243426613040064,25.2496510254483,0.0
PSMA1,0.12434084253243798,25.24428218619135,0.0
RASL11A,0.1243311877405406,25.238913346934392,0.0
TRIM14,0.12431799747412482,25.23354450767744,0.0
RENBP,0.12431281929558113,25.228175668420487,0.0
KCNK17,0.12426336390995887,25.222806829163535,0.0
ENDOD1,0.1242492212042331,25.217437989906582,0.0
RP11-385D13.1,0.12423299382861544,25.21206915064963,0.0
TMEM47,0.1242208788719272,25.206700311392677,0.0
ZSCAN9,0.12420645868532612,25.201331472135724,0.0
OR6N2,0.1241751345130914,25.19596263287877,0.0
OR2AG2,0.12415159226082224,25.19059379362182,0.0
ZNF594,0.12410565006637952,25.185224954364866,0.0
LRRN4,0.12401268655071344,25.179856115107913,0.0
FFAR1,0.12398257648506775,25.17448727585096,0.0
FAM111A,0.12397255168011742,25.169118436594008,1.0
ZNF799,0.12393757818996616,25.163749597337056,0.0
MNDA,0.12392091604841027,25.1583807580801,0.0
SPATA31A7,0.12387508568278056,25.153011918823147,0.0
OR4C15,0.12385890149972131,25.147643079566194,0.0
OR2T27,0.1238052246058547,25.14227424030924,0.0
TAS2R60,0.12379964271127493,25.136905401052296,0.0
SPRR2G,0.12374637552746126,25.131536561795343,0.0
CDC42EP4,0.12373293475892193,25.12616772253839,0.0
H2BFWT,0.1236933171443323,25.120798883281438,0.0
RHOQ,0.1236781650414021,25.115430044024485,0.0
NPS,0.1236397580314063,25.110061204767533,0.0
L2HGDH,0.1236252602220476,25.104692365510576,0.0
OCLN,0.1236115069427941,25.099323526253624,0.0
OR4C6,0.12359572300409702,25.09395468699667,0.0
MAMSTR,0.12359224471055948,25.08858584773972,0.0
KDELR1,0.12358737935684987,25.083217008482766,0.0
CSF3,0.12358540964531164,25.077848169225813,0.0
C19orf44,0.1235757705411001,25.07247932996886,0.0
BTBD11,0.12357500048522688,25.067110490711908,0.0
C16orf72,0.12354704225597017,25.061741651454955,0.0
MYCBP,0.12351677214285886,25.056372812198003,0.0
OR10T2,0.12351166010359574,25.05100397294105,0.0
FBXL7,0.12344980739006142,25.045635133684097,0.0
FGL1,0.12340918684524571,25.040266294427145,0.0
CIDEB,0.12340863620551132,25.034897455170192,0.0
HSPBAP1,0.12339555443206998,25.02952861591324,0.0
OR6C75,0.12338295240928661,25.024159776656283,0.0
OR5T3,0.12337475286490122,25.01879093739933,0.0
FAM219A,0.12336882460584428,25.013422098142378,0.0
TMEM97,0.12332365752469099,25.008053258885425,0.0
DSTYK,0.12331562180779969,25.002684419628473,0.0
ADAM30,0.12327181634907873,24.997315580371524,0.0
NAA20,0.12322968391314404,24.99194674111457,0.0
SPATS2,0.12321298592633587,24.98657790185762,0.0
HNF4G,0.1231782537136347,24.981209062600666,0.0
UMODL1,0.12315420230966638,24.975840223343713,0.0
LTC4S,0.12305348685770068,24.97047138408676,0.0
CCL14,0.12302365444384578,24.965102544829808,0.0
OR14J1,0.1230231838493236,24.959733705572855,0.0
EPHA10,0.1229763903039798,24.954364866315903,0.0
CYP4Z1,0.12293996021052209,24.94899602705895,0.0
SERPINF2,0.12291564241151876,24.943627187801997,0.0
LRMP,0.12290070031015113,24.938258348545045,0.0
OR8H1,0.12286300510920764,24.932889509288092,0.0
SNX20,0.12286244606313894,24.92752067003114,0.0
ELF4,0.12282324827048127,24.922151830774187,0.0
N4BP1,0.12282296654761807,24.916782991517234,0.0
LRRC25,0.12281045520504028,24.91141415226028,0.0
MTERFD2,0.1228008711036906,24.90604531300333,0.0
ZER1,0.12279822203126908,24.900676473746376,0.0
RSAD2,0.12278425316213012,24.895307634489424,0.0
ZBTB34,0.12275045841749718,24.88993879523247,0.0
CCDC27,0.12270306310759607,24.88456995597552,0.0
TSPAN1,0.12268659220913618,24.879201116718566,0.0
SLC25A36,0.12265175865747777,24.873832277461613,0.0
P2RY8,0.12264116697225898,24.86846343820466,0.0
CCL26,0.12264111490285727,24.863094598947708,0.0
TRABD2B,0.12258544873022396,24.857725759690755,0.0
HELB,0.12258445190051574,24.852356920433802,0.0
ZCCHC10,0.12256903249620832,24.84698808117685,0.0
FABP9,0.12256273302534322,24.841619241919897,0.0
GTF3A,0.12255890238793465,24.836250402662944,0.0
LILRA4,0.12254345499351812,24.830881563405992,0.0
OR6C65,0.12253622039987189,24.82551272414904,0.0
NUDT11,0.12253230942955862,24.820143884892087,0.0
CBX6,0.12253137629143267,24.814775045635134,0.0
OR4K17,0.12251603696628952,24.80940620637818,0.0
ERBB2IP,0.12250174654145259,24.80403736712123,0.0
C9orf142,0.1224911955838827,24.798668527864276,0.0
SLAMF1,0.12247950129514307,24.793299688607323,0.0
FBXL13,0.1224581712557979,24.78793084935037,0.0
ZNF554,0.12244563336941121,24.782562010093418,0.0
CGRRF1,0.12244171464089622,24.777193170836465,0.0
GP2,0.12243327580526295,24.771824331579513,0.0
HS6ST3,0.12243234103248138,24.76645549232256,0.0
KIAA0947,0.12237877281055036,24.761086653065608,0.0
TATDN3,0.12236353437433037,24.755717813808655,0.0
FUNDC1,0.12234863480495135,24.750348974551702,0.0
ZNF443,0.12232293776013184,24.74498013529475,0.0
FBXL15,0.12227544494463523,24.739611296037797,0.0
PAPD5,0.12225086848046303,24.734242456780844,0.0
CHURC1-FNTB,0.12224895094613145,24.72887361752389,0.0
ZNF679,0.12224137683214467,24.72350477826694,0.0
EMC9,0.1222336814722573,24.718135939009986,0.0
FAM76B,0.12221693094992188,24.712767099753034,0.0
DMKN,0.12220999699542819,24.70739826049608,0.0
ACTL8,0.12220553456015489,24.70202942123913,0.0
ZNF503,0.12220337274074929,24.696660581982176,0.0
SOX15,0.12219885698004425,24.691291742725223,0.0
RNF11,0.12218845730966602,24.68592290346827,0.0
TM9SF4,0.12218660343379151,24.680554064211318,0.0
ZFAND2B,0.12216202151543894,24.675185224954365,0.0
AKR1CL1,0.12215887445887445,24.669816385697413,0.0
GPANK1,0.1221469981631488,24.66444754644046,0.0
SLITRK3,0.12212790482355088,24.659078707183507,0.0
ZNF117,0.1221264861696401,24.653709867926555,0.0
DNAJC12,0.12210183126952823,24.648341028669602,0.0
NANOS1,0.12207503873887289,24.64297218941265,0.0
MFAP3L,0.12204903078799079,24.637603350155697,0.0
IFITM5,0.12202111742112276,24.632234510898744,0.0
LTB4R2,0.12201309255907074,24.62686567164179,0.0
CTC-432M15.3,0.12199908969694304,24.621496832384835,0.0
OR5A2,0.12197225829433085,24.616127993127886,0.0
EXTL1,0.12193595072316425,24.610759153870934,0.0
CCDC144NL,0.12192672491020644,24.60539031461398,0.0
ACER3,0.12192296485079994,24.60002147535703,0.0
NEIL3,0.12188761219390146,24.594652636100076,0.0
ZNF181,0.12186532037208644,24.589283796843123,0.0
MEIS3,0.12186271133011894,24.58391495758617,0.0
MRPS6,0.12185953737505621,24.578546118329218,0.0
HTR1E,0.12185297698402078,24.573177279072265,0.0
PRDM12,0.12183076688147716,24.567808439815312,0.0
FCRLB,0.12179063811648869,24.56243960055836,0.0
TMEM119,0.12177915876262246,24.557070761301407,0.0
OR8J1,0.12171522742660205,24.55170192204445,0.0
OR14K1,0.12171518678276357,24.546333082787502,0.0
SLFN12,0.12170928902748183,24.54096424353055,0.0
MROH8,0.1217090790750875,24.535595404273597,0.0
OR13C2,0.12167725555217576,24.530226565016644,0.0
NUDT2,0.12165343872555842,24.52485772575969,0.0
FUT6,0.12163466779421242,24.51948888650274,0.0
AKAP5,0.12163064914190302,24.514120047245786,0.0
OR4K15,0.12161492006274584,24.508751207988833,0.0
PTER,0.12159781211859762,24.50338236873188,0.0
SPINK2,0.12159740586625736,24.498013529474928,0.0
ZSCAN16,0.1215947288297943,24.492644690217976,0.0
OR5D18,0.12158213027433336,24.48727585096102,0.0
ZBTB12,0.12156052997190873,24.481907011704067,0.0
INTS5,0.12156034433194443,24.476538172447118,0.0
CEP68,0.12155308316514316,24.471169333190165,0.0
C8orf34,0.12149536643184429,24.465800493933212,0.0
XRRA1,0.1214722584061682,24.46043165467626,0.0
ZFP14,0.1214573428584943,24.455062815419307,0.0
ZMYND19,0.12144689826652907,24.449693976162354,0.0
TRPV3,0.12141251095054692,24.4443251369054,0.0
IFFO2,0.1213919979269354,24.43895629764845,0.0
BPIFC,0.12138832868137546,24.433587458391496,0.0
ZNF649,0.12133327917040312,24.428218619134544,0.0
DSCR3,0.12133228976714287,24.42284977987759,0.0
OR1L4,0.12129701344851411,24.417480940620635,0.0
ANO8,0.12121759092716025,24.412112101363682,0.0
GOLGA8H,0.12120222989496962,24.406743262106733,0.0
LRRC20,0.12118090156421797,24.40137442284978,0.0
KCNK10,0.12117042148694215,24.396005583592828,0.0
BCL2L10,0.12113970071962184,24.390636744335875,0.0
OR5J2,0.12112381739612006,24.385267905078923,0.0
GDPGP1,0.12111598377423405,24.37989906582197,0.0
PDGFRL,0.12108901426456933,24.374530226565017,0.0
OR4A47,0.12105775475298622,24.369161387308065,0.0
ENHO,0.12103603187936243,24.363792548051112,0.0
PNMT,0.12097838597072053,24.35842370879416,0.0
RAPGEFL1,0.12097812206056995,24.353054869537203,0.0
FAM53A,0.12096509262149029,24.34768603028025,0.0
SLC9A7,0.12095540499387947,24.342317191023298,0.0
DEPTOR,0.12094684482850308,24.33694835176635,0.0
TMEM86B,0.12092330462258524,24.331579512509396,0.0
TLR1,0.12089858022791333,24.326210673252444,0.0
CALML3,0.12088645048806299,24.32084183399549,0.0
NYAP2,0.12085510265794493,24.31547299473854,0.0
SPIN2B,0.12083941272201844,24.310104155481586,0.0
PRELID1,0.12083150112457182,24.304735316224633,0.0
C1orf115,0.12083047682286027,24.29936647696768,0.0
SOGA2,0.120821955354339,24.293997637710728,0.0
OLFML2B,0.12081788515406162,24.288628798453775,0.0
ZNF740,0.12079674078286633,24.28325995919682,0.0
MARC1,0.12077245915928163,24.277891119939866,0.0
MAP3K2,0.1207709911278038,24.272522280682917,0.0
ARHGAP19-SLIT1,0.12071036304943861,24.267153441425965,0.0
SOCS4,0.12068352912411169,24.261784602169012,0.0
OR4F15,0.12064836898321826,24.25641576291206,0.0
MCHR2,0.12062601938272241,24.251046923655107,0.0
ASB9,0.12061406190516395,24.245678084398154,0.0
MTERFD1,0.12058118902733506,24.2403092451412,0.0
DYNC1LI2,0.1205638033479797,24.23494040588425,0.0
PSPN,0.1205266309909488,24.229571566627296,0.0
LILRB2,0.12051747655722223,24.224202727370344,0.0
NPNT,0.12044931717457216,24.218833888113387,0.0
OVCH1,0.12042734437421956,24.213465048856435,0.0
LRRC8B,0.12042519711925555,24.208096209599482,0.0
C10orf68,0.1203701080489314,24.202727370342533,0.0
FAM45A,0.1203531514910581,24.19735853108558,0.0
SKOR1,0.12034010229649765,24.191989691828628,0.0
CCDC130,0.12032836906128608,24.186620852571675,0.0
TIGD7,0.12031684311356187,24.181252013314722,0.0
HEMK1,0.12028371260049123,24.17588317405777,0.0
ZNF586,0.12027717845287711,24.170514334800817,0.0
DUOXA1,0.12013017001999696,24.165145495543864,0.0
TSPAN2,0.12008656104408108,24.159776656286912,0.0
EGR4,0.11999551686777503,24.15440781702996,0.0
CPSF7,0.11998104871701225,24.149038977773003,0.0
ZUFSP,0.11996502689620199,24.14367013851605,0.0
SLC2A13,0.11996160844268064,24.138301299259098,0.0
CCDC167,0.1199197633390352,24.13293246000215,0.0
PTGES3L-AARSD1,0.11989262257759528,24.127563620745196,0.0
HEATR5A,0.1198753755812089,24.122194781488243,0.0
AMH,0.1198596374519535,24.11682594223129,0.0
KCNU1,0.11976960733129693,24.111457102974338,0.0
TEX30,0.119693625286274,24.106088263717385,0.0
C4orf19,0.1196933326680745,24.100719424460433,0.0
NT5C1B,0.1196738098316342,24.09535058520348,0.0
FFAR4,0.11966343249058667,24.089981745946528,0.0
TMEM242,0.11966034885944428,24.08461290668957,0.0
ADAM21,0.11965458465034476,24.07924406743262,0.0
ANKRD37,0.11963855261022878,24.073875228175666,0.0
IL1RAPL1,0.11962750222478875,24.068506388918713,0.0
KCNS2,0.11961989306794349,24.063137549661764,0.0
RCAN3,0.11959485527506583,24.05776871040481,0.0
B3GNT4,0.11956420551313762,24.05239987114786,0.0
CD58,0.1195140146778293,24.047031031890906,0.0
KCNMB3,0.11950085926927403,24.041662192633954,0.0
THNSL1,0.11948090173528755,24.036293353377,0.0
PPP1R14A,0.11937967652811406,24.03092451412005,0.0
JMJD7-PLA2G4B,0.11937715030367915,24.025555674863096,0.0
CCDC122,0.11933815766964015,24.020186835606143,0.0
ZNF345,0.11932973744365434,24.014817996349187,0.0
RTBDN,0.11930592677230675,24.009449157092234,0.0
LRP12,0.11921796111241392,24.00408031783528,0.0
IFNA8,0.11919492509422606,23.99871147857833,0.0
KISS1,0.11916210997707744,23.99334263932138,0.0
SLC1A6,0.11913080218994399,23.987973800064427,0.0
FBXW2,0.11912825190359252,23.982604960807475,0.0
ZSCAN30,0.11911932009434016,23.977236121550522,0.0
TAS2R38,0.11911313362112023,23.97186728229357,0.0
CLDN2,0.11909836031468617,23.966498443036617,0.0
MRPL35,0.11907751540583902,23.961129603779664,0.0
NAA38,0.1190565253704535,23.95576076452271,0.0
ABHD13,0.11899856646941157,23.950391925265755,0.0
CALML5,0.11899360931535179,23.945023086008803,0.0
RHD,0.11891986773770546,23.93965424675185,0.0
SRGAP1,0.1188805289850317,23.934285407494897,0.0
PKNOX2,0.1187674235638517,23.928916568237945,0.0
CCL7,0.11876592584398833,23.923547728980996,0.0
WDR78,0.11876069476467607,23.918178889724043,0.0
CXCR6,0.11875807537593472,23.91281005046709,0.0
OR10W1,0.11875664241963535,23.907441211210138,0.0
IL7,0.11871171208621867,23.902072371953185,0.0
ZBTB8B,0.11871105690621771,23.896703532696232,0.0
MSANTD3,0.11864474111799808,23.89133469343928,0.0
KLHDC7B,0.11861833583783962,23.885965854182327,0.0
C4orf21,0.1185910052910053,23.88059701492537,0.0
GTPBP8,0.11858591732802179,23.87522817566842,0.0
LPAR3,0.11857024283831608,23.869859336411466,0.0
TMEM143,0.11855072549816037,23.864490497154513,0.0
SLC16A4,0.11852834479193412,23.85912165789756,0.0
TFPI2,0.1184647915362566,23.85375281864061,0.0
STYX,0.11845220970527262,23.84838397938366,0.0
CTXN1,0.11845083505763018,23.843015140126706,0.0
GTDC1,0.11843559615732902,23.837646300869753,0.0
C6orf118,0.11840446474353547,23.8322774616128,0.0
ZNF778,0.11840293155892101,23.826908622355848,0.0
C2orf49,0.11838572675237005,23.821539783098896,0.0
SNRPE,0.11837396560730237,23.81617094384194,0.0
KY,0.11829695178757241,23.810802104584987,0.0
CPXM1,0.11828148134742258,23.805433265328034,0.0
SLC36A3,0.11826281829248608,23.80006442607108,0.0
UFSP1,0.11825268601308973,23.79469558681413,0.0
RAPGEF5,0.11819693163783311,23.789326747557176,0.0
OR10G8,0.11816491517952074,23.783957908300227,0.0
RSPH6A,0.11815164331805716,23.778589069043274,0.0
CD244,0.11805635188960459,23.77322022978632,0.0
LRRIQ3,0.11802454262390179,23.76785139052937,0.0
EFCC1,0.11800943553669448,23.762482551272416,0.0
LRRC36,0.11797642044929638,23.757113712015464,0.0
PAAF1,0.11796420885034267,23.75174487275851,0.0
CYP2F1,0.11792396742180662,23.746376033501555,0.0
ACSBG2,0.11791509737057389,23.741007194244602,0.0
SOWAHB,0.1179141176438911,23.73563835498765,0.0
OR10H5,0.11788963347546635,23.730269515730697,0.0
TSSC1,0.11788398792012492,23.724900676473744,0.0
ADAM20,0.11787158650586156,23.719531837216792,0.0
DHRS12,0.1178694261736521,23.714162997959843,0.0
OR14A16,0.11786619399912297,23.70879415870289,0.0
LRRC8E,0.11785989277253144,23.703425319445937,0.0
MPZL3,0.11785760019891711,23.698056480188985,0.0
SLC25A51,0.11783477533736515,23.692687640932032,0.0
OR6K6,0.11779054295423914,23.68731880167508,0.0
ZNF473,0.11772022325062918,23.681949962418123,0.0
MAP3K7CL,0.11769582203356879,23.67658112316117,0.0
OR6A2,0.11767633631347511,23.671212283904218,0.0
PM20D1,0.11765708100194994,23.665843444647265,0.0
OR56B1,0.11764494747460005,23.660474605390313,0.0
CCDC170,0.11757837407939009,23.65510576613336,0.0
ZNF785,0.1174825406235632,23.649736926876407,0.0
ODF3L1,0.11745671191297509,23.64436808761946,0.0
CHTF8,0.11742718992512328,23.638999248362506,0.0
ASUN,0.1174252018918392,23.633630409105553,0.0
KIAA0101,0.11741856884976735,23.6282615698486,0.0
ICAM5,0.11737245402870403,23.622892730591648,0.0
UBE2S,0.11732479832673745,23.617523891334695,0.0
OR11G2,0.11731883809542029,23.61215505207774,0.0
ALOX5AP,0.1173120570680803,23.606786212820786,0.0
ZNF619,0.11730458841717188,23.601417373563834,0.0
METTL2A,0.11727695156498981,23.59604853430688,0.0
CCDC17,0.11724376903633153,23.59067969504993,0.0
GPR63,0.11723179953421534,23.585310855792976,0.0
LHPP,0.11721399287005382,23.579942016536027,0.0
EXO5,0.11721011711822393,23.574573177279074,0.0
WDR43,0.11720856613155535,23.56920433802212,0.0
OR2G2,0.11719383920815489,23.56383549876517,0.0
HECTD2,0.11716295558254816,23.558466659508216,0.0
P2RY12,0.11714078599636853,23.553097820251264,0.0
HSD11B1L,0.11713623284764874,23.547728980994307,0.0
RNF170,0.11711876700945703,23.542360141737355,0.0
TNFSF12,0.11709991764664532,23.536991302480402,0.0
GHDC,0.11709727864440436,23.53162246322345,0.0
TPSB2,0.11708478607502468,23.526253623966497,0.0
C2orf76,0.11702093605662862,23.520884784709544,0.0
GMFG,0.11701969978069644,23.51551594545259,0.0
RCOR3,0.11700646340083523,23.510147106195642,0.0
ZNF534,0.11696963565605183,23.50477826693869,0.0
VMAC,0.11690873933139664,23.499409427681737,0.0
ORAOV1,0.11687935265225621,23.494040588424784,0.0
PPP2R2B,0.11687152119260018,23.488671749167832,0.0
TOR1B,0.11685139794903102,23.48330290991088,0.0
GSTT2,0.11684181890531235,23.477934070653923,0.0
ART4,0.11679250297173605,23.47256523139697,0.0
TMLHE,0.11675892793924511,23.467196392140018,0.0
KCNK6,0.11674203592330135,23.461827552883065,0.0
SAMSN1,0.11672001003357294,23.456458713626112,0.0
GALR2,0.11665742870600548,23.45108987436916,0.0
NCCRP1,0.11664309129527632,23.445721035112207,0.0
GFRA4,0.11662935584119835,23.440352195855258,0.0
PCDHB2,0.11661016421605001,23.434983356598305,0.0
GRM5,0.11660713247996798,23.429614517341353,0.0
ASZ1,0.11657339492157759,23.4242456780844,0.0
TLR10,0.11657095881876464,23.418876838827448,0.0
BUD31,0.11653463058857452,23.41350799957049,0.0
ABHD17B,0.11649605220672346,23.40813916031354,0.0
ARGLU1,0.11645722994546678,23.402770321056586,0.0
SMOX,0.11644133887615024,23.397401481799633,0.0
AXDND1,0.11643139005210693,23.39203264254268,0.0
HIPK4,0.11642737853597629,23.386663803285728,0.0
NEK6,0.11640910081433778,23.381294964028775,0.0
CNKSR1,0.11639725486667196,23.375926124771823,0.0
ZNF775,0.1163858928930448,23.370557285514874,0.0
TRAM1L1,0.11636679289655175,23.36518844625792,0.0
SETMAR,0.11636116350246668,23.35981960700097,0.0
HMGCLL1,0.11630803668369534,23.354450767744016,0.0
PLEKHN1,0.11624341101420448,23.349081928487063,0.0
TUSC5,0.11622353499836749,23.343713089230107,0.0
TMCC1,0.1161807017326995,23.338344249973154,0.0
ZNF253,0.11616309861721401,23.3329754107162,0.0
TRIM6,0.11612012983720539,23.32760657145925,0.0
MYEOV2,0.11607241069484901,23.322237732202296,0.0
TIMD4,0.11605843574421533,23.316868892945344,0.0
FAM199X,0.11604523726831997,23.31150005368839,0.0
OGFOD2,0.11602452136926196,23.30613121443144,0.0
ZNF140,0.11596876742106281,23.30076237517449,0.0
ADPRH,0.11594565388833844,23.295393535917537,0.0
TRIM48,0.11593634172556996,23.290024696660584,0.0
HES3,0.11592247550313912,23.28465585740363,0.0
PCDHA6,0.11585772463961293,23.279287018146675,0.0
ARRDC2,0.11583625814976614,23.273918178889723,0.0
ZNF717,0.115797458708581,23.26854933963277,0.0
TRHR,0.11574847968350617,23.263180500375817,0.0
ZNF563,0.11574364185474237,23.257811661118865,0.0
SIGLEC5,0.11571142725590644,23.252442821861912,0.0
GALNT5,0.11569868802877514,23.24707398260496,0.0
TCF19,0.11569097745893311,23.241705143348007,0.0
DMRTA1,0.11566592518866821,23.236336304091054,0.0
SLC35A5,0.11564759713192488,23.230967464834105,0.0
CYP2A7,0.1155536930121217,23.225598625577152,0.0
PLA2G1B,0.11552514858403003,23.2202297863202,0.0
MTSS1L,0.11552354107601612,23.214860947063247,0.0
TNNT1,0.11552234583653653,23.20949210780629,0.0
CD3G,0.11549291638193844,23.20412326854934,0.0
SLC25A41,0.11548798322517606,23.198754429292386,0.0
GRM2,0.1154645578929762,23.193385590035433,0.0
NCLN,0.11541260417530179,23.18801675077848,0.0
HDGFRP2,0.11536976660028002,23.182647911521528,0.0
LYG2,0.11536902451850126,23.177279072264575,0.0
CCNL1,0.11536304170999864,23.171910233007623,0.0
SPSB2,0.11536255371597026,23.16654139375067,0.0
OR1J2,0.11535201913576772,23.16117255449372,0.0
SLC5A11,0.11533505241126965,23.155803715236768,0.0
TOR4A,0.11532827353939054,23.150434875979816,0.0
MAPK1IP1L,0.11527884282729546,23.14506603672286,0.0
ZNF800,0.115266669177191,23.139697197465907,0.0
SLC9C2,0.11521328162578164,23.134328358208954,0.0
PITPNM3,0.11510522282361443,23.128959518952,1.0
CHRNA2,0.11508156756540826,23.12359067969505,0.0
NOL4,0.11504878591102204,23.118221840438096,0.0
DTX4,0.11499887514666933,23.112853001181143,0.0
CD300LB,0.11492337156058197,23.10748416192419,0.0
LRRC4B,0.11489973716156528,23.102115322667238,0.0
ZNF835,0.11489198444751954,23.096746483410286,0.0
GULP1,0.11486145187994481,23.091377644153336,0.0
LOH12CR1,0.11484615367243842,23.086008804896384,0.0
OR6C74,0.11484443291321737,23.08063996563943,0.0
ZFYVE21,0.11481669053049223,23.075271126382475,0.0
CSTA,0.11480624786491007,23.069902287125522,0.0
HIST1H1B,0.1147801072608102,23.06453344786857,0.0
FAM120AOS,0.11476790768208589,23.059164608611617,0.0
HMBOX1,0.11475786202768841,23.053795769354664,0.0
JMJD4,0.11475310733662207,23.048426930097712,0.0
CSNK1G1,0.11473947098578416,23.04305809084076,0.0
BTG3,0.11471161343400091,23.037689251583807,0.0
VSIG10,0.11467275729695654,23.032320412326854,0.0
AVPR1B,0.11467238024042822,23.0269515730699,0.0
OR5K1,0.11465865710952183,23.021582733812952,0.0
ASIC5,0.11464494549403992,23.016213894556,0.0
SRSF12,0.11462561093329626,23.010845055299043,0.0
KIAA0907,0.11462139987822054,23.00547621604209,0.0
NUDT4,0.11459400217573398,23.000107376785138,0.0
NBL1,0.11455991843728475,22.994738537528185,0.0
STEAP4,0.11452508204374037,22.989369698271233,0.0
NKAPL,0.11451300152837698,22.98400085901428,0.0
SLC35G1,0.11450950431661552,22.978632019757327,0.0
OR1N2,0.11447271882027388,22.973263180500375,0.0
B4GALNT2,0.11443818317273324,22.967894341243422,0.0
DDN,0.11443667463617939,22.96252550198647,0.0
PRR16,0.11440404562622375,22.957156662729517,0.0
C1orf101,0.11439068446775644,22.951787823472568,0.0
OR5AU1,0.11438647070365648,22.946418984215615,0.0
GPR21,0.1143603874066295,22.94105014495866,0.0
OR5P2,0.11432778599945544,22.935681305701706,0.0
C16orf59,0.11428328713208455,22.930312466444754,0.0
HNRNPH3,0.11427876836159394,22.9249436271878,0.0
ZNF729,0.11423565522328782,22.91957478793085,0.0
FSD1,0.11420948187989914,22.914205948673896,0.0
HTN3,0.1141500852447755,22.908837109416943,0.0
TMEM52B,0.11410480495385929,22.90346827015999,0.0
RUFY4,0.11406520165598677,22.898099430903038,0.0
CSH2,0.11406360026939599,22.892730591646085,0.0
CFHR5,0.1139971145519562,22.887361752389136,0.0
LPHN1,0.11398797215856038,22.881992913132184,0.0
ESAM,0.11394719780570553,22.876624073875227,0.0
OR3A1,0.11391949566706223,22.871255234618275,0.0
HSF5,0.11391123993404784,22.865886395361322,0.0
GIMAP1,0.11390976916878684,22.86051755610437,0.0
P4HA3,0.11390335708134461,22.855148716847417,0.0
RTEL1-TNFRSF6B,0.11388177083333333,22.849779877590464,0.0
ASB14,0.11387366160900185,22.84441103833351,0.0
FAM32A,0.11385894029903254,22.83904219907656,0.0
TMEM44,0.11383138833590063,22.833673359819606,0.0
ZNF410,0.11379304314051883,22.828304520562654,0.0
PRPF38A,0.11379286364985726,22.8229356813057,0.0
ZNF606,0.11378797994391457,22.817566842048752,0.0
FAM134A,0.11378371731529455,22.8121980027918,0.0
KCNH6,0.11377995440411477,22.806829163534843,0.0
NUDT16,0.11377713329261545,22.80146032427789,0.0
PGM2L1,0.11376866275380015,22.796091485020938,0.0
SAPCD2,0.11373054018302342,22.790722645763985,0.0
ANO4,0.11368207172254712,22.785353806507032,0.0
KIAA0226,0.11366649149436125,22.77998496725008,0.0
RNF165,0.11366380537114847,22.774616127993127,0.0
GPR22,0.11365693973051245,22.769247288736175,0.0
PUS3,0.11365324463064286,22.763878449479222,0.0
HAAO,0.1136485886769933,22.75850961022227,0.0
TMCO4,0.11364270974058191,22.753140770965317,0.0
TTC39A,0.11363070949461943,22.747771931708368,0.0
RPF1,0.11359191925443587,22.74240309245141,0.0
UPK3B,0.11357025091076862,22.73703425319446,0.0
ASCL3,0.11354603608416566,22.731665413937506,0.0
COA6,0.11354459730487602,22.726296574680553,0.0
PDE6C,0.11351850463616583,22.7209277354236,0.0
ZNF93,0.11351603288449426,22.715558896166648,0.0
ZBTB25,0.11349565451401089,22.710190056909695,0.0
DNAJC28,0.1134624387514519,22.704821217652743,0.0
KIF6,0.11345307740088988,22.69945237839579,0.0
RP11-468E2.2,0.11345289115646259,22.694083539138838,0.0
SCML1,0.11341976093354081,22.688714699881885,0.0
MEPE,0.11331589955096608,22.683345860624932,0.0
OR52D1,0.11326247335934239,22.677977021367983,0.0
MRPL54,0.11326109442352561,22.672608182111027,0.0
PIH1D3,0.11324449051488814,22.667239342854074,0.0
FAM171A1,0.11319905487720323,22.66187050359712,0.0
OR7C1,0.1131786050728318,22.65650166434017,0.0
CADM1,0.11314722113765577,22.651132825083216,0.0
TNFRSF18,0.1131389879864096,22.645763985826264,0.0
GAS2,0.11311285422054636,22.64039514656931,0.0
AZI1,0.11305898333136884,22.63502630731236,0.0
ZP3,0.11304129682136295,22.629657468055406,0.0
LRCH2,0.11302696219066574,22.624288628798453,0.0
KIAA1324L,0.11302029180300992,22.6189197895415,0.0
OAZ3,0.11300378330641814,22.613550950284548,0.0
RAB6C,0.11297697724066358,22.608182111027595,0.0
HIST1H2BF,0.11297644876932471,22.602813271770643,0.0
GPR35,0.1129708547532053,22.59744443251369,0.0
SPDYE1,0.11294322420634921,22.592075593256737,0.0
ERICH1,0.11292869259604063,22.586706753999785,0.0
PABPC1L2A,0.11288129967872067,22.581337914742832,0.0
PBX4,0.11282955377328921,22.57596907548588,0.0
OR4L1,0.1128272051620846,22.570600236228927,0.0
PARD6B,0.11280049005887534,22.565231396971974,0.0
PARP6,0.11279109584599309,22.55986255771502,0.0
ZNF165,0.11272900240406972,22.55449371845807,0.0
TRIM11,0.11272775823975985,22.549124879201116,0.0
METTL23,0.11271671895233851,22.543756039944164,0.0
EPHX4,0.11259887001299551,22.53838720068721,0.0
B4GALT2,0.11259489236936952,22.53301836143026,0.0
GOLGA8M,0.11256192602585853,22.527649522173306,0.0
NRIP2,0.11253924689037695,22.522280682916353,0.0
FMO4,0.11252848316673854,22.5169118436594,0.0
PARVG,0.11252847815675744,22.511543004402448,0.0
NEU4,0.1125258130185028,22.506174165145495,0.0
PSMA8,0.1125133045312171,22.500805325888543,0.0
ADAMTS15,0.1124998844554586,22.49543648663159,0.0
OR8J3,0.11249841905694931,22.490067647374637,0.0
OR8H3,0.11248378230144736,22.484698808117685,0.0
C14orf37,0.11247020368398512,22.479329968860732,0.0
C8orf44-SGK3,0.1124674920227656,22.47396112960378,0.0
TMEM132C,0.11244583112539344,22.468592290346827,0.0
RNF122,0.11243906151842224,22.463223451089874,0.0
LRRC31,0.11241546837861445,22.45785461183292,0.0
TGM6,0.1123797152194211,22.45248577257597,0.0
SLC1A7,0.11235923477327606,22.447116933319016,0.0
DTX3,0.1123367199714859,22.441748094062064,0.0
PNMA5,0.11232364547519018,22.43637925480511,0.0
APOBEC3A,0.1123090359929674,22.431010415548158,0.0
TYW5,0.11228452970239311,22.425641576291206,0.0
OR2B11,0.11226296481531077,22.420272737034253,0.0
MMEL1,0.11223581891864301,22.4149038977773,0.0
SECTM1,0.11222711488238876,22.409535058520348,0.0
SLCO1A2,0.11217289461765181,22.404166219263395,0.0
LRRC8D,0.11213506888581577,22.398797380006442,0.0
NAT9,0.1121322382711241,22.39342854074949,0.0
CBX7,0.11213037911115623,22.388059701492537,0.0
PSAPL1,0.11212925860743524,22.382690862235584,0.0
CORT,0.11210566496767767,22.377322022978632,0.0
ZNF343,0.11204296003732486,22.37195318372168,0.0
FHL5,0.1120337552544198,22.366584344464727,0.0
CDCA7,0.11202462958363142,22.361215505207774,0.0
OR5M3,0.11202322155807265,22.35584666595082,0.0
ECHDC2,0.11202073422658347,22.35047782669387,0.0
PPP2R4,0.11200223875467959,22.345108987436916,0.0
ORMDL2,0.11196630586194156,22.339740148179963,0.0
RPL10L,0.11188696458911362,22.33437130892301,0.0
TMCC3,0.11186602693197385,22.329002469666058,0.0
API5,0.11182400289252878,22.323633630409105,0.0
ZNF782,0.11181613367801461,22.318264791152153,0.0
DARC,0.11176898099620398,22.3128959518952,0.0
ELTD1,0.1117608348272732,22.307527112638248,0.0
PLA2G16,0.11175539711740143,22.302158273381295,0.0
HTR3B,0.11175437807593602,22.296789434124342,0.0
AGPAT4,0.11175176581952202,22.29142059486739,0.0
TVP23C-CDRT4,0.11175039401852187,22.286051755610437,0.0
CCDC178,0.11174389554893778,22.280682916353484,0.0
ABHD8,0.1117214555336419,22.27531407709653,0.0
MAEL,0.11169384081545013,22.26994523783958,0.0
SLC5A12,0.11169152817449643,22.264576398582626,0.0
UBE2U,0.1116804937624238,22.259207559325674,0.0
OR2S2,0.11164145371589602,22.25383872006872,0.0
ENTPD2,0.11161663655377863,22.24846988081177,0.0
CDC42EP5,0.11160579933231644,22.243101041554816,0.0
SPATA8,0.11157710529398165,22.237732202297863,0.0
PPP2R5A,0.11145669653023885,22.23236336304091,0.0
SPATA2,0.11143954124462266,22.226994523783958,0.0
KRTAP8-1,0.1114009205353054,22.221625684527005,0.0
DYRK3,0.11139531344138527,22.216256845270053,0.0
CD207,0.11137759671957119,22.2108880060131,0.0
CASC10,0.11133887617224951,22.205519166756147,0.0
C14orf142,0.11131494124362096,22.200150327499195,0.0
GPR27,0.11131395757078597,22.194781488242242,0.0
SPINK6,0.1113131119151732,22.18941264898529,0.0
GPR173,0.11130885267907023,22.184043809728337,0.0
C12orf50,0.11125526139178576,22.178674970471384,0.0
F2RL2,0.11119435246535521,22.17330613121443,0.0
GPR39,0.11116432844271373,22.16793729195748,0.0
ZNF250,0.11115446732073164,22.162568452700526,0.0
NOXRED1,0.11113147553783968,22.157199613443574,0.0
AMZ1,0.11112762647980039,22.15183077418662,0.0
OR6Q1,0.11108118217748653,22.14646193492967,0.0
TRAPPC3,0.11106781383653544,22.141093095672716,0.0
PCDHB6,0.11105812193463616,22.135724256415763,0.0
SPPL2C,0.11103500417710943,22.13035541715881,0.0
UNC5D,0.11096338445645064,22.124986577901858,0.0
SEC22C,0.1109622497800068,22.119617738644905,0.0
ASB17,0.11094013849897821,22.114248899387952,0.0
SYTL3,0.11091500434601213,22.108880060131,0.0
FAM102B,0.11089928586249687,22.103511220874047,0.0
SNX30,0.11084262322289085,22.098142381617095,0.0
CLIC6,0.11079812390287487,22.092773542360142,0.0
TTPAL,0.1107769198858665,22.08740470310319,0.0
CNOT6L,0.11076908900178437,22.082035863846237,0.0
LPCAT4,0.11074044298295768,22.076667024589284,0.0
WDR89,0.11072933635197772,22.07129818533233,0.0
OR6K3,0.11070601005932354,22.06592934607538,0.0
ZNF488,0.11065977292560818,22.060560506818426,0.0
CCDC135,0.11060295182027342,22.055191667561473,0.0
SPPL3,0.11059782660116715,22.04982282830452,0.0
ZNF138,0.11055780836140379,22.044453989047568,0.0
CMTM5,0.11055433490879345,22.039085149790616,0.0
NFU1,0.11054136926294103,22.033716310533663,0.0
OR9A4,0.11053941761396428,22.02834747127671,0.0
SEC14L6,0.11052589770547386,22.022978632019758,0.0
SLC7A6OS,0.11051212240696566,22.017609792762805,0.0
ISY1-RAB43,0.11047495055295001,22.012240953505852,0.0
OR1A2,0.11043849315361136,22.0068721142489,0.0
MTHFD2L,0.11037035564754778,22.001503274991947,0.0
C18orf21,0.1103697365126362,21.996134435734994,0.0
SMPDL3A,0.11035560114239296,21.99076559647804,0.0
GPR176,0.11034881430423607,21.98539675722109,0.0
TMEM206,0.1103186403255271,21.980027917964136,0.0
OXER1,0.11030253890349986,21.974659078707184,0.0
KCTD11,0.11025906590567183,21.96929023945023,0.0
MCOLN2,0.11021620838542356,21.96392140019328,0.0
GZMM,0.11019078068337163,21.958552560936326,0.0
HUS1B,0.11018720016023464,21.953183721679373,0.0
TFF3,0.11016478686738991,21.94781488242242,0.0
MYLK2,0.11015428579474033,21.942446043165468,0.0
OR13C5,0.1101496611268925,21.937077203908515,0.0
CD200,0.11012713424541776,21.931708364651563,0.0
LRFN5,0.11009470252083511,21.92633952539461,0.0
RAET1G,0.11009467443563954,21.920970686137657,0.0
FAM9A,0.1100665194084494,21.915601846880705,0.0
UTS2,0.11002018848494277,21.910233007623752,0.0
FAM98A,0.11000064417874873,21.9048641683668,0.0
SLC44A5,0.10997483809095523,21.899495329109847,0.0
CCDC148,0.10997249149449809,21.894126489852894,0.0
ERP29,0.1099598357715861,21.88875765059594,0.0
FAM101A,0.10992463636188662,21.88338881133899,0.0
UTS2B,0.10991004267532471,21.878019972082036,0.0
LRRC46,0.10990949626881549,21.872651132825084,0.0
FETUB,0.10990840986600785,21.86728229356813,0.0
STMN3,0.10990415027876207,21.86191345431118,0.0
RP11-637O19.3,0.10985116144018583,21.856544615054226,0.0
ZCCHC9,0.10983324577097946,21.851175775797273,0.0
KCNT1,0.10983032461132806,21.84580693654032,0.0
TMEM110-MUSTN1,0.10981744295601119,21.840438097283368,0.0
OR9I1,0.1097187878710619,21.835069258026415,0.0
SOX30,0.10966981295692631,21.829700418769463,0.0
PTH2,0.10964344265745722,21.82433157951251,0.0
GP1BA,0.10959297043659029,21.818962740255557,0.0
KIAA1755,0.10949221127276862,21.813593900998605,0.0
APMAP,0.1094913593918149,21.808225061741652,0.0
DHRSX,0.10948218555526068,21.8028562224847,0.0
ZNF208,0.10946681959162016,21.797487383227747,0.0
LGALS9C,0.10944920903017279,21.792118543970794,0.0
ITIH6,0.1094386262301537,21.78674970471384,0.0
LAIR2,0.10941780409479626,21.781380865456885,0.0
CRH,0.10929950456606193,21.776012026199936,0.0
KLRB1,0.10929667879316204,21.770643186942984,0.0
B4GALT6,0.10927282034478245,21.76527434768603,0.0
OR51B5,0.10916129975324804,21.75990550842908,0.0
ASPDH,0.1091301175449586,21.754536669172126,0.0
TBKBP1,0.10912709023757898,21.749167829915173,0.0
OR6Y1,0.10911491901691939,21.74379899065822,0.0
XXYLT1,0.10907226999901494,21.738430151401268,0.0
RASL12,0.10904296483677962,21.733061312144315,0.0
DDHD1,0.10899372805437493,21.727692472887362,0.0
LIM2,0.10897212892781369,21.72232363363041,0.0
GRID2IP,0.10895990906883117,21.716954794373457,0.0
PHACTR3,0.10888366211400724,21.7115859551165,0.0
DPP8,0.10887743166398074,21.706217115859552,0.0
TMEM74B,0.10885604363681707,21.7008482766026,0.0
CCDC125,0.10883016336141338,21.695479437345647,0.0
C19orf54,0.10876705977743399,21.690110598088694,0.0
ZNF417,0.10870993957637806,21.68474175883174,0.0
CCDC64B,0.10865728123988787,21.67937291957479,0.0
TST,0.10864148129323892,21.674004080317836,0.0
FBXO9,0.10863959935490294,21.668635241060883,0.0
OR52J3,0.10861968777094703,21.66326640180393,0.0
NUTM2A,0.10861087587275757,21.657897562546978,0.0
ARL10,0.10859289439990083,21.652528723290025,0.0
IRX2,0.10859107657274596,21.64715988403307,0.0
YAE1D1,0.10855270964792625,21.641791044776117,0.0
C9,0.10854509564472921,21.636422205519168,0.0
MAP3K10,0.10851364400859793,21.631053366262215,0.0
WFDC8,0.1084226627046125,21.625684527005262,0.0
IGSF21,0.10842110527589369,21.62031568774831,0.0
PGA5,0.10841931654515727,21.614946848491357,0.0
CXorf23,0.10841704536713062,21.609578009234404,0.0
ELOVL5,0.10840080278990419,21.60420916997745,0.0
OR5A1,0.10838231205255336,21.5988403307205,0.0
FBXL22,0.10837472230564524,21.593471491463546,0.0
CNKSR3,0.10837034435545607,21.588102652206594,0.0
GPR112,0.10835469096499381,21.58273381294964,0.0
TRPM5,0.10830754366982151,21.577364973692685,0.0
SPESP1,0.10830329820408606,21.571996134435736,0.0
CELF5,0.10827800275063519,21.566627295178783,0.0
FAM92A1,0.10822200390089778,21.56125845592183,0.0
CEACAM3,0.10821436817355937,21.555889616664878,0.0
RND2,0.10819593586314073,21.550520777407925,0.0
N6AMT2,0.10819289806361676,21.545151938150973,0.0
OR13C4,0.10819209347800576,21.53978309889402,0.0
HCRT,0.10815172226691186,21.534414259637067,0.0
DEFA3,0.10811984284278728,21.529045420380115,0.0
HDX,0.10811265189923716,21.523676581123162,0.0
SLC38A9,0.1080617097804393,21.51830774186621,0.0
THEMIS2,0.10800744319474134,21.512938902609253,0.0
DUSP15,0.10800721495175478,21.5075700633523,0.0
MPPED1,0.10796795106918569,21.50220122409535,0.0
OSGIN2,0.10796668239930889,21.4968323848384,0.0
THAP9,0.10795301299729917,21.491463545581446,0.0
CORO7-PAM16,0.1079272674733198,21.486094706324494,0.0
ZNF235,0.10790993096784332,21.48072586706754,0.0
CDPF1,0.10790749622832366,21.47535702781059,0.0
CYB5RL,0.10788179145399301,21.469988188553636,0.0
STK17A,0.10782765204053366,21.464619349296683,0.0
AQPEP,0.10779404342427598,21.45925051003973,0.0
ASRGL1,0.10777838186795899,21.453881670782778,0.0
ORM2,0.10776645084300607,21.448512831525825,0.0
KIAA1009,0.1077492942419469,21.44314399226887,0.0
OR2Z1,0.10772664033304861,21.437775153011916,0.0
FAM117A,0.1077206298525432,21.432406313754967,0.0
IFNA2,0.1077077842033004,21.427037474498015,0.0
PCDHGB7,0.10764882064109545,21.421668635241062,0.0
FAM24A,0.10759010771803648,21.41629979598411,0.0
DCAF12L2,0.10758173910316955,21.410930956727157,0.0
RAB40A,0.10757522208519218,21.405562117470204,0.0
C9orf3,0.10755765888503857,21.40019327821325,0.0
TLR8,0.10754578241007369,21.3948244389563,0.0
C6orf62,0.10750730031509867,21.389455599699346,0.0
RNF44,0.10750340815379766,21.384086760442393,0.0
C1QTNF8,0.10749684452169928,21.378717921185437,0.0
NLGN4X,0.10749630649458049,21.373349081928485,0.0
TCTEX1D2,0.10748512557603455,21.367980242671532,0.0
MVB12B,0.10745246031183095,21.362611403414583,0.0
SLC25A16,0.10738758416597032,21.35724256415763,0.0
LRRC61,0.10737336296964331,21.351873724900678,0.0
MAGEB2,0.10736250779156183,21.346504885643725,0.0
ZNF200,0.1073578239761805,21.341136046386772,0.0
BZRAP1,0.10731672934367116,21.33576720712982,0.0
MAGEA11,0.10728410235243664,21.330398367872867,0.0
CTBS,0.10725556483527687,21.325029528615914,0.0
SPAG8,0.10722282147262714,21.31966068935896,0.0
PSCA,0.10722161295007626,21.31429185010201,0.0
STAP1,0.10719877441943952,21.308923010845053,0.0
SMR3A,0.1071040780026407,21.3035541715881,0.0
S100A7,0.10706436166454585,21.298185332331148,0.0
SPRR4,0.10695566928343685,21.2928164930742,0.0
SNX31,0.10694281125418317,21.287447653817246,0.0
SLC10A4,0.10693717449325582,21.282078814560293,0.0
TTC6,0.10691246574203231,21.27670997530334,0.0
AGMO,0.10688349932876096,21.271341136046388,0.0
KRT39,0.1068813758246425,21.265972296789435,0.0
KCND1,0.10687829189615879,21.260603457532483,0.0
CASS4,0.1068744046700584,21.25523461827553,0.0
LPHN3,0.1068652005629838,21.249865779018577,0.0
CD163L1,0.10680365410792789,21.24449693976162,0.0
IGFBP1,0.10676479685300899,21.23912810050467,0.0
PLEKHA3,0.10676241963874986,21.233759261247716,0.0
ZNF470,0.10672751531516309,21.228390421990763,0.0
SYT7,0.10665966684570057,21.223021582733814,0.0
POMZP3,0.10664445961652695,21.21765274347686,0.0
CD86,0.10664173594295268,21.21228390421991,0.0
ZNF223,0.10663871371660098,21.206915064962956,0.0
SGPP2,0.10663785090457137,21.201546225706004,0.0
PSMG3,0.1066143788508946,21.19617738644905,0.0
TNFRSF8,0.10659124856011744,21.1908085471921,0.0
STPG2,0.10657744941222673,21.185439707935146,0.0
GAB4,0.10656251574497397,21.180070868678193,0.0
PPP2R2D,0.10655843670851939,21.174702029421237,0.0
HRASLS5,0.10647762811165125,21.169333190164284,0.0
ZNF132,0.10646734319554589,21.16396435090733,0.0
SFT2D1,0.1064601761014993,21.15859551165038,0.0
MEX3D,0.10644373954788375,21.15322667239343,0.0
OR5B12,0.10641560264474156,21.147857833136477,0.0
FAM200A,0.10631455405356074,21.142488993879525,0.0
ZNF711,0.10630392103905587,21.137120154622572,0.0
OR51F2,0.10629323639708507,21.13175131536562,0.0
OAF,0.10629261498792637,21.126382476108667,0.0
CYP2W1,0.10626948809799279,21.121013636851714,0.0
RIMKLB,0.10624419892437684,21.11564479759476,0.0
TAS2R16,0.10619736790666394,21.110275958337805,0.0
KCNV1,0.10618845533872204,21.104907119080853,0.0
OR13H1,0.10618585877966893,21.0995382798239,0.0
IFNLR1,0.1061837881142708,21.094169440566947,0.0
TMEM174,0.10617578325366155,21.088800601309995,0.0
KRTAP10-11,0.10616967653376348,21.083431762053046,0.0
DAOA,0.10616114293821408,21.078062922796093,0.0
RRP15,0.10613683411004378,21.07269408353914,0.0
ZNF287,0.10612781868631409,21.067325244282188,0.0
SNX16,0.10610068813155941,21.061956405025235,0.0
ZNF107,0.10604288942864637,21.056587565768282,0.0
ZC3H15,0.1060316436992919,21.05121872651133,0.0
MOCOS,0.10601235336512531,21.045849887254377,0.0
MPV17L,0.10601189169305444,21.04048104799742,0.0
MED7,0.10600151427083751,21.03511220874047,0.0
NPL,0.10599602616563156,21.029743369483516,0.0
HORMAD2,0.10598600010927539,21.024374530226563,0.0
LRRD1,0.10594529834913839,21.01900569096961,0.0
TMEM255A,0.10588734551527672,21.01363685171266,0.0
SIRPB1,0.10581967603266973,21.00826801245571,0.0
ADAM7,0.10581334337220243,21.002899173198756,0.0
ZNF681,0.10580015139114538,20.997530333941803,0.0
SMAP1,0.10578849737479482,20.99216149468485,0.0
SFMBT2,0.10577692517293455,20.986792655427898,0.0
PCED1B,0.10573228985200508,20.981423816170945,0.0
ELFN1,0.10567215177203759,20.97605497691399,0.0
RNF26,0.10566035312361984,20.970686137657037,0.0
FHL3,0.10564995567363085,20.965317298400084,0.0
PACRGL,0.10564463885449579,20.95994845914313,0.0
TMEM132B,0.10561866762794918,20.95457961988618,0.0
PCDHA12,0.1055938026849917,20.949210780629226,0.0
TNMD,0.10558710001829501,20.943841941372277,0.0
ZC3H6,0.10558055646902664,20.938473102115324,0.0
SPRN,0.10554196372435853,20.93310426285837,0.0
ARL11,0.10553789850929465,20.92773542360142,0.0
ASB12,0.10548585116484607,20.922366584344466,0.0
TTYH3,0.1054646968601333,20.916997745087514,0.0
EFNA1,0.10545477575397252,20.91162890583056,0.0
FCGR3B,0.10543684740726615,20.906260066573605,0.0
PSORS1C1,0.10540463896929722,20.900891227316652,0.0
GNRH2,0.10539917097319211,20.8955223880597,0.0
LILRB3,0.10538443374322223,20.890153548802747,0.0
SIGLEC12,0.10537967172223864,20.884784709545794,0.0
KEL,0.10537244155260603,20.879415870288845,0.0
ARFIP2,0.10531836175374754,20.874047031031893,0.0
OR5AS1,0.1052801546235981,20.86867819177494,0.0
GSTT2B,0.10526957699966395,20.863309352517987,0.0
BOK,0.10526944905777764,20.857940513261035,0.0
ZDHHC1,0.10523986331074434,20.852571674004082,0.0
SLC24A5,0.1052177516691712,20.84720283474713,0.0
KLF12,0.10515069562297283,20.841833995490173,0.0
ATP6V1E2,0.10514415081750599,20.83646515623322,0.0
ERMAP,0.1051085037559377,20.831096316976268,0.0
RBM41,0.10507826204167023,20.825727477719315,0.0
RNFT2,0.10504262610555362,20.820358638462363,0.0
ZNRF4,0.10502165733757951,20.81498979920541,0.0
PDE8B,0.10495093474934432,20.80962095994846,0.0
OR5B17,0.10494636660376375,20.80425212069151,0.0
OR6T1,0.10489826996900734,20.798883281434556,0.0
CTD-3074O7.11,0.10487926267281107,20.793514442177603,0.0
OR5AK2,0.10486946114308197,20.78814560292065,0.0
SLC22A16,0.10483291024682813,20.782776763663698,0.0
EFS,0.10479226867497586,20.777407924406745,0.0
OR2A5,0.10474947682511264,20.77203908514979,0.0
OR1I1,0.10473411882286703,20.766670245892836,0.0
ZNF566,0.1047304275447141,20.761301406635884,0.0
KRTAP4-2,0.10470232845247107,20.75593256737893,0.0
IFNL2,0.10469162725005302,20.75056372812198,0.0
ANKRD20A1,0.10469099887056124,20.745194888865026,0.0
LONRF1,0.10467561837977588,20.739826049608077,0.0
CCDC19,0.10466107427392639,20.734457210351124,0.0
LSM14B,0.10465589624067584,20.72908837109417,0.0
GPR153,0.10465500616760999,20.72371953183722,0.0
TCERG1L,0.1046530127398928,20.718350692580266,0.0
SETD8,0.10464957120714313,20.712981853323313,0.0
SLC45A3,0.1046360809432501,20.707613014066357,0.0
NTPCR,0.10462234546237412,20.702244174809405,0.0
TESPA1,0.10461691753717883,20.696875335552452,0.0
OR6C76,0.10461380102539375,20.6915064962955,0.0
TRIM29,0.1046099635900205,20.686137657038547,0.0
OR6C70,0.10454492067396812,20.680768817781594,0.0
TMEM229B,0.10454181210423799,20.67539997852464,0.0
ZNF652,0.10453862278940351,20.670031139267692,0.0
PCDHA2,0.10450909260106182,20.66466230001074,0.0
ST8SIA6,0.10449674727255127,20.659293460753787,0.0
CCDC116,0.10449188891913704,20.653924621496834,0.0
SLC35F1,0.1044837649241109,20.64855578223988,0.0
FAM122C,0.1044736702532755,20.64318694298293,0.0
MOB3B,0.1044713709931185,20.637818103725973,0.0
HECA,0.1044542078975349,20.63244926446902,0.0
CSNK2B-LY6G5B-1181,0.10442324310611824,20.627080425212068,0.0
LANCL3,0.1044009108823785,20.621711585955115,0.0
LRRC58,0.104397188824403,20.616342746698162,0.0
GAL3ST3,0.10439493527542054,20.61097390744121,0.0
RNF121,0.10437667305976173,20.605605068184257,0.0
KAAG1,0.10437354310249872,20.600236228927308,0.0
ULBP3,0.10433402911506073,20.594867389670355,0.0
ZNF724P,0.10433334885044632,20.589498550413403,0.0
OR2G3,0.10431623456089278,20.58412971115645,0.0
IL1A,0.10429257832431375,20.578760871899497,0.0
IFIT3,0.10429235085034785,20.57339203264254,0.0
ART5,0.10423646271162404,20.56802319338559,0.0
OR51A4,0.10420965144730461,20.562654354128636,0.0
DPYS,0.10419743288660197,20.557285514871683,0.0
IL1RAP,0.10419000006300565,20.55191667561473,0.0
CXCL9,0.10404584841983104,20.546547836357778,0.0
ZNF880,0.10403273608371262,20.541178997100825,0.0
DEFB121,0.1040109033963554,20.535810157843873,0.0
OR5K4,0.10398631819939474,20.530441318586924,0.0
MARCH9,0.10397727400004435,20.52507247932997,0.0
TMEM91,0.10397146514542614,20.51970364007302,0.0
SLC25A14,0.10393506555100251,20.514334800816066,0.0
C19orf73,0.10391605416151317,20.508965961559113,0.0
KCNS1,0.10390966127984562,20.503597122302157,0.0
KCNB1,0.10388156196623026,20.498228283045204,0.0
TMEM150C,0.10386850754655386,20.49285944378825,0.0
FKBP6,0.1038428236858483,20.4874906045313,0.0
ZNF680,0.10380466564047516,20.482121765274346,0.0
C12orf29,0.10380017611894114,20.476752926017394,0.0
GPR17,0.10379386029381707,20.47138408676044,0.0
OR52I2,0.10372694600206382,20.46601524750349,0.0
TCEAL7,0.10371087840667156,20.46064640824654,0.0
OR9Q1,0.10370232270433481,20.455277568989587,0.0
NPBWR1,0.10367962734628647,20.449908729732634,0.0
KIF25,0.10366710471851488,20.44453989047568,0.0
MAP4K1,0.10366203728784684,20.439171051218725,0.0
CLSTN2,0.10361964027922795,20.433802211961773,0.0
ASCL4,0.1036096502922181,20.42843337270482,0.0
ITPRIPL2,0.10352206966742405,20.423064533447867,0.0
EBLN1,0.10350727230286054,20.417695694190915,0.0
OR5D14,0.10347823966875239,20.412326854933962,0.0
SPRR2D,0.10345747228112549,20.40695801567701,0.0
PPP5D1,0.10343876714517979,20.401589176420057,0.0
C14orf105,0.10342915450844303,20.396220337163104,0.0
PRELID2,0.10342050894524235,20.390851497906155,0.0
SLC22A7,0.10341393182047817,20.385482658649202,0.0
NARG2,0.10336327337606407,20.38011381939225,0.0
SLC15A2,0.1033601809797345,20.374744980135297,0.0
HDGFL1,0.1033371867509644,20.36937614087834,0.0
CDX1,0.10333227978976338,20.36400730162139,0.0
DIRAS2,0.10330764513434351,20.358638462364436,0.0
CCDC157,0.10329047531966906,20.353269623107483,0.0
SLC16A13,0.10327238740987717,20.34790078385053,0.0
KRTAP10-8,0.10326521256416125,20.342531944593578,0.0
CXorf21,0.10318420794053056,20.337163105336625,0.0
FCRL5,0.10311154295933851,20.331794266079672,0.0
RHOG,0.10306084474118231,20.32642542682272,0.0
OR6N1,0.10304589403749487,20.32105658756577,0.0
TMED7,0.10304583870214012,20.315687748308818,0.0
RP5-966M1.6,0.10302758961027583,20.310318909051865,0.0
SYCE2,0.10299963585193961,20.30495006979491,0.0
FAM221A,0.10295822652306834,20.299581230537957,0.0
PCDP1,0.10294730312397478,20.294212391281004,0.0
TRIM46,0.10294403465318658,20.28884355202405,0.0
OR4K1,0.10294316801839772,20.2834747127671,0.0
PTTG2,0.10292245529462699,20.278105873510146,0.0
LAS1L,0.10292030892544943,20.272737034253193,0.0
FAM86A,0.10291677933177934,20.26736819499624,0.0
NLRP8,0.10289352974292307,20.261999355739288,0.0
CD2,0.10289100650268053,20.256630516482335,0.0
CLDND2,0.10287524963433783,20.251261677225386,0.0
ADAP1,0.10285317135806198,20.245892837968434,0.0
TMEM170A,0.10284275425402467,20.24052399871148,0.0
SPANXD,0.10281316424931264,20.235155159454525,0.0
C16orf96,0.10280636233915497,20.229786320197572,0.0
GPR3,0.1027996628768508,20.22441748094062,0.0
C4orf33,0.10278855119227384,20.219048641683667,0.0
MB21D1,0.10278046218441321,20.213679802426714,0.0
KLF14,0.10276231669434721,20.20831096316976,0.0
INSL3,0.1027294413091682,20.20294212391281,0.0
ZNF704,0.10272035737702265,20.197573284655856,0.0
ZNF282,0.10268540862679476,20.192204445398904,0.0
KRTAP12-1,0.10266709801566223,20.186835606141955,0.0
ZNF79,0.10262796086911508,20.181466766885002,0.0
SNX22,0.10262137538110383,20.17609792762805,0.0
FAM167A,0.10261027854650631,20.170729088371093,0.0
OR13C8,0.10259560142675259,20.16536024911414,0.0
BCAS4,0.10255288242201129,20.159991409857188,0.0
FAM3A,0.10252283648881907,20.154622570600235,0.0
ZNF479,0.10250410340387366,20.149253731343283,0.0
SHROOM4,0.10249298620578202,20.14388489208633,0.0
C3orf14,0.10240481389336746,20.138516052829377,0.0
RAB24,0.10239447307536131,20.133147213572425,0.0
KIAA2018,0.10238775737872123,20.127778374315472,0.0
AUNIP,0.10233238576703096,20.12240953505852,0.0
P2RY10,0.10229740144669275,20.11704069580157,0.0
C7orf43,0.10228751345557445,20.111671856544618,0.0
TNFSF13B,0.10228724606732782,20.106303017287665,0.0
SLC26A1,0.10226529377099254,20.10093417803071,0.0
CIB3,0.10226310166238257,20.095565338773756,0.0
XCR1,0.10224308607779639,20.090196499516804,0.0
TPRG1L,0.1022358848579761,20.08482766025985,0.0
OR5AC2,0.10217928119193324,20.0794588210029,0.0
LAD1,0.10215168143319364,20.074089981745946,0.0
SPOCK3,0.10214251425570615,20.068721142488993,0.0
FAM24B,0.1020935511667825,20.06335230323204,0.0
CCKAR,0.10208480915502749,20.057983463975088,0.0
OR9G1,0.10205344153099057,20.052614624718135,0.0
ANGPTL7,0.10204089702969907,20.047245785461186,0.0
TXNDC12,0.102033904370875,20.041876946204233,0.0
DYDC1,0.10197130895412736,20.036508106947277,0.0
OR51G2,0.10196304454566504,20.031139267690325,0.0
TMEM45A,0.10196082864773685,20.025770428433372,0.0
C1orf21,0.1019300807799697,20.02040158917642,0.0
DEDD,0.10192682064424893,20.015032749919467,0.0
NAT6,0.1019212995222026,20.009663910662514,0.0
FAM126A,0.10191807339087763,20.00429507140556,0.0
TRIM10,0.10190414482672408,19.99892623214861,0.0
ZNF2,0.10187886455588879,19.993557392891656,0.0
RNF185,0.10186401830659955,19.988188553634703,0.0
UTS2R,0.10178776672605439,19.98281971437775,0.0
ZNF726,0.10174677587557306,19.9774508751208,0.0
CCDC34,0.10169698591795692,19.97208203586385,0.0
SPRR1A,0.10166656379620057,19.966713196606893,0.0
SLC6A18,0.1016492960926449,19.96134435734994,0.0
PGA3,0.10161855908769338,19.955975518092988,0.0
ASPHD1,0.10161285048761141,19.950606678836035,0.0
DMRTB1,0.10158828352214114,19.945237839579082,0.0
ZNF506,0.10149942859891918,19.93986900032213,0.0
OR2C1,0.10148290451058997,19.934500161065177,0.0
NPM2,0.10146777676335494,19.929131321808224,0.0
OR51Q1,0.10146138047717512,19.923762482551272,0.0
SPIN4,0.1014038163496743,19.91839364329432,0.0
OR6M1,0.10136391878744863,19.913024804037367,0.0
RNF112,0.10124858887419966,19.907655964780417,0.0
TPTE,0.10124035930088031,19.90228712552346,0.0
KIAA1210,0.10122338494343466,19.89691828626651,0.0
CD3D,0.10120778833179578,19.891549447009556,0.0
DCK,0.10119215801813382,19.886180607752603,0.0
OR10J3,0.10119068159719169,19.88081176849565,0.0
DDTL,0.10117340139097067,19.875442929238698,0.0
HAGHL,0.10114993992645172,19.870074089981745,0.0
OTOA,0.10112897190069965,19.864705250724793,0.0
TMEM40,0.10112076304113389,19.85933641146784,0.0
WSCD1,0.10109849492472575,19.853967572210887,0.0
PVRIG,0.10109256039168539,19.848598732953935,0.0
NUP62CL,0.10102500362563467,19.843229893696982,0.0
ZNF578,0.10102269655910119,19.837861054440033,0.0
ANKRD22,0.10100915887683384,19.832492215183077,0.0
LILRA5,0.10098511886258595,19.827123375926124,0.0
FNDC5,0.10097443503386785,19.82175453666917,0.0
ABHD17C,0.10094546155549322,19.81638569741222,0.0
FAM168A,0.10093151086868912,19.811016858155266,0.0
TTLL8,0.10090749137867783,19.805648018898314,0.0
GRIK5,0.10087478005810065,19.80027917964136,0.0
ZCCHC2,0.10086767022371883,19.79491034038441,0.0
RTN2,0.10086568620382821,19.789541501127456,0.0
RBM7,0.10085766301633033,19.784172661870503,0.0
OR10H4,0.10085011935236876,19.77880382261355,0.0
DOC2B,0.10079672438324902,19.773434983356598,0.0
PATE1,0.10073119277625746,19.768066144099645,0.0
NRSN1,0.1007294047704546,19.762697304842693,0.0
DEC1,0.100718717514276,19.75732846558574,0.0
USP17L2,0.10071581698404519,19.751959626328787,0.0
CPA6,0.10070622774858888,19.746590787071835,0.0
LCE2B,0.10067398770526984,19.741221947814882,0.0
CHRM4,0.10065433846447672,19.73585310855793,0.0
LRRC1,0.10062772026557995,19.730484269300977,0.0
MLANA,0.10062573171030362,19.725115430044024,0.0
FAM153A,0.10055795848065681,19.71974659078707,0.0
SIGLEC15,0.10054383021700844,19.71437775153012,0.0
LACRT,0.10051137611390555,19.709008912273166,0.0
STAU2,0.10051030573155781,19.703640073016214,0.0
CCL17,0.10045939519501154,19.69827123375926,0.0
NTNG1,0.10044258478894723,19.69290239450231,0.0
IL37,0.10043891883496232,19.687533555245356,0.0
MSLNL,0.10043868330464716,19.682164715988403,0.0
KLRC4,0.10039633694313041,19.67679587673145,0.0
MROH9,0.10038606970998383,19.671427037474498,0.0
AC068533.7,0.10036412680405873,19.666058198217545,0.0
CLIC2,0.1003585395482616,19.660689358960592,0.0
SLC8A2,0.10033359820004557,19.65532051970364,0.0
ERCC6-PGBD3,0.10032273242630385,19.649951680446687,0.0
PRDM7,0.10032203524122625,19.644582841189735,0.0
HTR1D,0.10030617786004721,19.639214001932782,0.0
S100PBP,0.10028833373689021,19.63384516267583,0.0
MAL2,0.10024399920929097,19.628476323418877,0.0
CNPPD1,0.10024236072771497,19.623107484161924,0.0
ARL4C,0.1002239687999927,19.61773864490497,0.0
LSAMP,0.10018571315785918,19.61236980564802,0.0
KRTAP10-6,0.10014026837476273,19.607000966391066,0.0
DEFB116,0.10013107103045968,19.601632127134113,0.0
ZNF519,0.10012585093796418,19.59626328787716,0.0
TMPRSS11F,0.10011504185900455,19.590894448620208,0.0
RTKN2,0.100080753898429,19.585525609363255,0.0
PLCXD1,0.10006968531837897,19.580156770106303,0.0
ZNF57,0.10005054962079725,19.57478793084935,0.0
OR6B2,0.10004358705450585,19.569419091592398,0.0
GSG1L,0.10003568834901058,19.564050252335445,0.0
IFNL1,0.10003108771952843,19.558681413078492,0.0
SULT1A3,0.10002535911591619,19.55331257382154,0.0
ZBTB41,0.1000051302609641,19.547943734564587,0.0
CCL1,0.09998354112166606,19.542574895307634,0.0
ZNF319,0.099908090627562,19.53720605605068,0.0
SLC28A1,0.0999026670344502,19.53183721679373,0.0
CDKN2AIP,0.0998833880708691,19.526468377536776,0.0
CYLC2,0.09988274917064915,19.521099538279824,0.0
ZXDB,0.09987534934015395,19.51573069902287,0.0
MRPL10,0.09985831420520815,19.51036185976592,0.0
CDKN3,0.09981892725408242,19.504993020508966,0.0
PLSCR4,0.0997580236198492,19.499624181252013,0.0
SLC35D3,0.09972954306418445,19.49425534199506,0.0
CD1E,0.09971506505608373,19.488886502738108,0.0
PTCHD4,0.09971270282291003,19.483517663481155,0.0
PPP2R2C,0.09970820934102506,19.478148824224203,0.0
CDC37L1,0.09970426945313081,19.47277998496725,0.0
PPP1R1B,0.09965652348226715,19.467411145710297,0.0
LDLRAD3,0.09965129755759994,19.462042306453345,0.0
MAGEA4,0.0996410111818614,19.456673467196392,0.0
PSG2,0.09963173674171996,19.45130462793944,0.0
NT5C1B-RDH14,0.09960524237000629,19.445935788682487,0.0
OR7A17,0.0996040998982669,19.440566949425534,0.0
RFTN2,0.09957615741814431,19.43519811016858,0.0
VWA5A,0.09956136727279141,19.42982927091163,0.0
TCFL5,0.09952598972695806,19.424460431654676,0.0
ST6GAL2,0.09950071645273473,19.419091592397724,0.0
CRCT1,0.09949721082624703,19.41372275314077,0.0
UHMK1,0.09936033811582431,19.40835391388382,0.0
KIAA0020,0.09935799607369375,19.402985074626866,0.0
RNF175,0.09935325218191217,19.397616235369913,0.0
KRCC1,0.09934160109991134,19.39224739611296,0.0
S100A5,0.0993279996457412,19.386878556856008,0.0
UBBP4,0.09932733739837397,19.381509717599055,0.0
OR3A2,0.09930378756126065,19.376140878342103,0.0
CA11,0.09928093474736455,19.37077203908515,0.0
PRRT1,0.09924562070575842,19.365403199828197,0.0
OR11H4,0.09921322097582774,19.360034360571245,0.0
ZNF416,0.09916414542712003,19.354665521314292,0.0
NHLRC1,0.0991108288198994,19.34929668205734,0.0
OR8I2,0.0991075767229201,19.343927842800387,0.0
CYSLTR2,0.09908130156979396,19.338559003543434,1.0
NOX1,0.09908048873191766,19.33319016428648,0.0
HS3ST4,0.09907135195575476,19.32782132502953,0.0
PTGFR,0.09907008331765518,19.322452485772576,0.0
OR8K1,0.09904670648305362,19.317083646515623,0.0
SLITRK4,0.09903397378091773,19.31171480725867,0.0
GPR37,0.09897210920209079,19.306345968001718,0.0
FOXB2,0.09894559854646093,19.300977128744766,0.0
NAT16,0.09891117133790758,19.295608289487813,0.0
TREML1,0.09891077837475235,19.29023945023086,0.0
HORMAD1,0.09887468302843032,19.284870610973908,0.0
MEIOB,0.09884922920176784,19.279501771716955,0.0
CLVS2,0.09883862743837826,19.274132932460002,0.0
OR52B2,0.09882817412727148,19.26876409320305,0.0
STRC,0.09880441502509604,19.263395253946097,0.0
CCDC51,0.09878453790678643,19.258026414689144,0.0
RAB40AL,0.09878183294192529,19.252657575432192,0.0
PSG8,0.09877273108668973,19.24728873617524,0.0
LPAR5,0.09873556310382947,19.241919896918287,0.0
ALLC,0.09866286592750059,19.236551057661334,0.0
GPR142,0.09861651625490575,19.23118221840438,0.0
WBSCR27,0.09861385961989441,19.22581337914743,0.0
C22orf23,0.09854560996897158,19.220444539890476,0.0
PRSS38,0.0985426657889217,19.215075700633523,0.0
PYHIN1,0.09851896105087107,19.20970686137657,0.0
CLRN3,0.09850450751765805,19.204338022119618,0.0
C17orf59,0.09841393105605283,19.198969182862665,0.0
MSL3,0.098406915823427,19.193600343605713,0.0
PVRL1,0.09840439314288098,19.18823150434876,0.0
DMRT1,0.09838788692199177,19.182862665091807,0.0
FAM86B1,0.09831026019376485,19.177493825834855,0.0
CDHR3,0.09830462802459625,19.172124986577902,0.0
G6PC2,0.09829915332764728,19.16675614732095,0.0
CES4A,0.09829068728645923,19.161387308063997,0.0
LSMEM1,0.0982876760415753,19.156018468807044,0.0
VWCE,0.0982783525549242,19.15064962955009,0.0
DUSP28,0.09825395783077602,19.14528079029314,0.0
GAST,0.0982462451674629,19.139911951036186,0.0
OR10K2,0.09823133274168365,19.134543111779234,0.0
ZNF267,0.0982060571040258,19.12917427252228,0.0
FAM110B,0.09815994831347144,19.12380543326533,0.0
LY6G6F,0.09814836143643967,19.118436594008376,0.0
ZNF8,0.09811897065057588,19.113067754751423,0.0
OR6F1,0.09809092157501806,19.10769891549447,0.0
HTR5A,0.09807855800553236,19.102330076237518,0.0
NRIP3,0.09804187136685596,19.096961236980565,0.0
PPAP2C,0.0980195762175838,19.091592397723613,0.0
PLEKHF2,0.09798678211161124,19.08622355846666,0.0
ZNF852,0.09791419351819976,19.080854719209704,0.0
RP11-512M8.5,0.09789210526315792,19.075485879952755,0.0
VNN2,0.09781985735255005,19.070117040695802,0.0
HOXC5,0.09778478980420295,19.06474820143885,0.0
ZNF428,0.09774326754721122,19.059379362181897,0.0
HRH2,0.09772592533672564,19.054010522924944,0.0
ARHGEF16,0.09766680675086542,19.04864168366799,0.0
OSCAR,0.09764815834977392,19.04327284441104,0.0
GAL3ST4,0.09764223302526212,19.037904005154086,0.0
TMPRSS9,0.0976300012116806,19.032535165897134,0.0
SELV,0.09759088918212036,19.02716632664018,0.0
CREBRF,0.09753807487966251,19.02179748738323,0.0
SPRR1B,0.09751956244104257,19.016428648126276,0.0
GPR137,0.09748536733248549,19.01105980886932,0.0
KLK11,0.0974340519902431,19.00569096961237,0.0
BTN1A1,0.0973727756965707,19.000322130355418,0.0
PCDHGA4,0.09736225529270345,18.994953291098465,0.0
DFFB,0.09736039097152933,18.989584451841512,0.0
PCBD2,0.09732637163824075,18.98421561258456,0.0
BPIFB3,0.09731518385150359,18.978846773327607,0.0
OR1N1,0.0972708863748564,18.973477934070655,0.0
TAF7L,0.09725574651084792,18.968109094813702,0.0
CH17-132F21.1,0.09724122525414661,18.96274025555675,0.0
PCDHB13,0.09721271786636386,18.957371416299797,0.0
FAM206A,0.09720694776422298,18.952002577042844,0.0
ANKRD33,0.0971694254751547,18.946633737785888,0.0
FCRL3,0.0971518916045048,18.941264898528935,0.0
MADCAM1,0.09703553589898559,18.935896059271986,0.0
OR52W1,0.09702820909599488,18.930527220015033,0.0
SCML4,0.09700954284916771,18.92515838075808,0.0
MORN4,0.09700695543674828,18.919789541501128,0.0
WDR54,0.09699451437189922,18.914420702244175,0.0
ZNF248,0.09698114231525598,18.909051862987223,0.0
ZC2HC1C,0.09697608247567563,18.90368302373027,0.0
VWA3B,0.09697410052910052,18.898314184473318,0.0
PLIN1,0.09697382435904586,18.892945345216365,0.0
PKIB,0.09691022547908686,18.887576505959412,0.0
SPRR2E,0.09685356832252845,18.88220766670246,0.0
TIGD4,0.09684745601009567,18.876838827445503,0.0
KRTAP10-10,0.09684430476997316,18.87146998818855,0.0
OR51I1,0.09683452150921486,18.8661011489316,0.0
FYTTD1,0.09677488851493377,18.86073230967465,0.0
SH3BP1,0.09674715805374776,18.855363470417696,0.0
CMAS,0.09674482617955198,18.849994631160744,0.0
FAM86C1,0.09673440883085417,18.84462579190379,0.0
OR2AT4,0.09672971815090169,18.83925695264684,0.0
KLK5,0.09672803045097364,18.833888113389886,0.0
CXorf67,0.09658915545472327,18.828519274132933,0.0
ORM1,0.09652126481124482,18.82315043487598,0.0
DEFB127,0.096517929906335,18.817781595619028,0.0
GET4,0.09651775588922115,18.81241275636207,0.0
ZBTB26,0.09651427177694089,18.80704391710512,0.0
ZYG11B,0.09650962909531197,18.80167507784817,0.0
RP11-1055B8.7,0.09646948634877762,18.796306238591217,0.0
OR4N5,0.09641899280484059,18.790937399334265,0.0
AC121757.1,0.09637557108616432,18.785568560077312,0.0
CLVS1,0.0963433904652097,18.78019972082036,0.0
RNASE2,0.09632551291807054,18.774830881563407,0.0
GPR45,0.09632374997519151,18.769462042306454,0.0
C11orf24,0.09629908943738436,18.7640932030495,0.0
SKA3,0.09629384643841468,18.75872436379255,0.0
CLEC2D,0.09626834520027817,18.753355524535596,0.0
FANCD2OS,0.09620472126978231,18.747986685278644,0.0
GPRIN1,0.09618393247214047,18.742617846021687,0.0
MRAP2,0.09618317458275903,18.737249006764735,0.0
METTL21B,0.09617459445185089,18.731880167507786,0.0
OR13D1,0.09617370896448615,18.726511328250833,0.0
ATXN7L2,0.09615413444743166,18.72114248899388,0.0
LILRA3,0.09614556210990291,18.715773649736928,0.0
LCN15,0.09614265426295635,18.710404810479975,0.0
FABP6,0.09611343037962328,18.705035971223023,0.0
ZNF264,0.0960876642433864,18.69966713196607,0.0
ADAM32,0.09602579051794238,18.694298292709117,0.0
BSPRY,0.09602278193424012,18.688929453452165,0.0
TMPRSS4,0.09601549228500467,18.683560614195212,0.0
RAB41,0.09600188003265467,18.678191774938256,0.0
MTFR2,0.09599452102499643,18.672822935681303,0.0
DSPP,0.09597091020807187,18.66745409642435,0.0
ENTHD1,0.0959023985249767,18.6620852571674,0.0
C10orf35,0.09585516704861725,18.65671641791045,0.0
ZBTB47,0.09585514556846193,18.651347578653496,0.0
GRPR,0.09584368284424963,18.645978739396543,0.0
SCIMP,0.0957874953473086,18.64060990013959,0.0
POLR2J2,0.0957183988175891,18.635241060882638,0.0
MAGEA10,0.09570092197175932,18.629872221625686,0.0
PIGX,0.09568715028343323,18.624503382368733,0.0
SYT14,0.09565664358377399,18.61913454311178,0.0
FAM178B,0.0956465593203935,18.613765703854828,0.0
SYT15,0.09563246726131652,18.60839686459787,0.0
LRRC47,0.0955532286618204,18.60302802534092,0.0
RTN4RL1,0.09554910757654314,18.597659186083966,0.0
DENND1B,0.09554023075443116,18.592290346827017,0.0
RP1-130H16.18,0.0955315732784773,18.586921507570064,0.0
TOR2A,0.09545907055521367,18.581552668313112,0.0
PCDH8,0.09538542271681805,18.57618382905616,0.0
DEFB4A,0.09536794569288945,18.570814989799207,0.0
CPA4,0.0953424245085967,18.565446150542254,0.0
TAS2R9,0.09532062371791435,18.5600773112853,0.0
TBC1D3F,0.09532049296340317,18.55470847202835,0.0
OR5M8,0.09531715654858308,18.549339632771396,0.0
GFOD2,0.09531305909447636,18.54397079351444,0.0
PYDC2,0.09523590669562473,18.538601954257487,0.0
CLEC18C,0.0952293691944663,18.533233115000534,0.0
KCNMB4,0.0952218310228867,18.527864275743582,0.0
IQCJ-SCHIP1,0.09521046701532784,18.522495436486633,0.0
ZFP69B,0.09519252617958052,18.51712659722968,0.0
RNF19B,0.09518502646661224,18.511757757972727,0.0
KRTAP12-2,0.0951256120862581,18.506388918715775,0.0
SLC5A4,0.09511434679227605,18.501020079458822,0.0
LINS,0.09505421664720035,18.49565124020187,0.0
TMEM41A,0.09502777127273143,18.490282400944917,0.0
RNF24,0.09502684088806222,18.484913561687964,0.0
ARHGEF19,0.09502083061541725,18.47954472243101,0.0
IER5L,0.09499005167137824,18.474175883174055,0.0
OR10K1,0.09498680706256932,18.468807043917103,0.0
HNRNPUL2-BSCL2,0.09498327922077922,18.46343820466015,0.0
DIRC2,0.094909175361692,18.458069365403198,0.0
UCP3,0.09489388755814329,18.45270052614625,0.0
GK2,0.0948894811575953,18.447331686889296,0.0
DEPDC7,0.0948891112723343,18.441962847632343,0.0
C1orf216,0.09483073910556625,18.43659400837539,0.0
OR52L1,0.09483055320598244,18.431225169118438,0.0
PSG3,0.09482251439993636,18.425856329861485,0.0
NYAP1,0.0948038761643766,18.420487490604533,0.0
CLDN3,0.09478968108961189,18.41511865134758,0.0
SLC28A3,0.09472842708640579,18.409749812090624,0.0
OR4C12,0.09469600879932755,18.40438097283367,0.0
KIAA0513,0.09465180596745011,18.39901213357672,0.0
SSUH2,0.09464697832763076,18.393643294319766,0.0
ZNF546,0.0946093455027767,18.388274455062813,0.0
OR10Q1,0.09460871099965926,18.382905615805864,0.0
C10orf54,0.0946074466354059,18.37753677654891,0.0
ZAP70,0.09457626636947283,18.37216793729196,0.0
OR52K2,0.09450513425331428,18.366799098035006,0.0
LRRC15,0.09445948588804179,18.361430258778054,0.0
RPP40,0.0944436551603425,18.3560614195211,0.0
NFKBIL1,0.09444095785125887,18.35069258026415,0.0
ZSCAN23,0.09441704041946694,18.345323741007196,0.0
PRDM11,0.09441054936593166,18.33995490175024,0.0
HPCAL4,0.09440965048946962,18.334586062493287,0.0
IL22RA2,0.0943568285947959,18.329217223236334,0.0
JSRP1,0.09434694275933218,18.32384838397938,0.0
SLC13A1,0.09433472618504894,18.31847954472243,0.0
LCE3A,0.09433271322460553,18.31311070546548,0.0
SCT,0.09430388535554601,18.307741866208527,0.0
DEF6,0.09424452824190652,18.302373026951575,0.0
CBWD6,0.0942426717581958,18.297004187694622,0.0
GGT2,0.09419298914553564,18.29163534843767,0.0
CCDC153,0.09418572327098651,18.286266509180717,0.0
ASB8,0.09417580162511527,18.280897669923764,0.0
IQCJ,0.09413851440781774,18.275528830666808,0.0
AOAH,0.0941092334013898,18.270159991409855,0.0
CHRNA6,0.0940570074501413,18.264791152152902,0.0
TGIF2-C20orf24,0.09404130202150425,18.25942231289595,0.0
CT47B1,0.0940409227888207,18.254053473638997,0.0
HS3ST6,0.09403042206207468,18.248684634382045,0.0
ZNF850,0.09399316169305261,18.243315795125095,0.0
DCAF16,0.09396649154050363,18.237946955868143,0.0
CHST13,0.09395520505498704,18.23257811661119,0.0
GLIS1,0.09394544241647121,18.227209277354238,0.0
MS4A6A,0.09394141563283666,18.221840438097285,0.0
GPR139,0.093903359060266,18.216471598840332,0.0
OR1K1,0.09388399959142411,18.21110275958338,0.0
MATN4,0.09384734864960947,18.205733920326423,0.0
POTEM,0.09382289165703055,18.20036508106947,0.0
PPIL6,0.09379658317536552,18.194996241812518,0.0
OR4K5,0.09374156803422605,18.189627402555566,0.0
PDIK1L,0.09371375297119156,18.184258563298613,0.0
WDR49,0.0937136717827627,18.17888972404166,0.0
GPX8,0.09370824056485452,18.17352088478471,0.0
FAM81A,0.09369570265441869,18.16815204552776,0.0
LUZP2,0.09367975468149187,18.162783206270806,0.0
OTOS,0.09364592953384301,18.157414367013853,0.0
CDRT1,0.09364398572442052,18.1520455277569,0.0
OR2AE1,0.09361370586931521,18.146676688499948,0.0
KRTAP12-4,0.09356789729178507,18.141307849242992,0.0
PCDHA10,0.09356420151051971,18.13593900998604,0.0
OR5K3,0.09356087869058961,18.130570170729086,0.0
C6orf195,0.09354578540198598,18.125201331472134,0.0
ZNF584,0.09350744571935256,18.11983249221518,0.0
ELMOD2,0.09349501460133905,18.11446365295823,0.0
PASD1,0.09342847009167628,18.10909481370128,0.0
OR4D11,0.0933948888447552,18.103725974444327,0.0
CSF2RA,0.09335583882117618,18.098357135187374,0.0
FAM49A,0.09335504706926115,18.09298829593042,0.0
GHSR,0.0933230412107374,18.08761945667347,0.0
ZNF587B,0.0933162357648518,18.082250617416516,0.0
IRAK1BP1,0.09330176383199765,18.076881778159564,0.0
PRLH,0.09330004898956004,18.071512938902607,0.0
LZTS1,0.09328449312338453,18.066144099645655,0.0
TSKS,0.09328312804005826,18.060775260388702,0.0
SLA,0.09322844581502067,18.05540642113175,0.0
INHBC,0.09321724734484058,18.050037581874797,0.0
C2orf68,0.09314551574956235,18.044668742617844,0.0
CD180,0.09311875991826128,18.039299903360895,0.0
ISX,0.0930910153199569,18.033931064103943,0.0
PSD4,0.09308841749973042,18.02856222484699,0.0
SDS,0.09307453643729668,18.023193385590037,0.0
SNURF,0.09304521420426229,18.017824546333085,0.0
ARL4A,0.09303315325348845,18.012455707076132,0.0
FAM3B,0.09301572951152719,18.007086867819176,0.0
GCA,0.09301418498184384,18.001718028562223,0.0
FAM186B,0.09300147065715848,17.99634918930527,0.0
RNF166,0.09297819605861067,17.990980350048318,0.0
PDHA2,0.09295868333997004,17.985611510791365,0.0
MYEOV,0.09293176248127899,17.980242671534413,0.0
CEMP1,0.09292674600924455,17.97487383227746,0.0
MBD3L1,0.0929059349029201,17.96950499302051,0.0
KCNF1,0.09289658623464683,17.964136153763558,0.0
RHAG,0.09287487737878711,17.958767314506606,0.0
ADAM18,0.09287177134089868,17.953398475249653,0.0
MAPK15,0.09286561428337806,17.9480296359927,0.0
CCDC112,0.09284936866770069,17.942660796735748,0.0
CACUL1,0.09284345319102431,17.93729195747879,0.0
FGF17,0.09281241498309652,17.93192311822184,0.0
PARD6G,0.09279889011399113,17.926554278964886,0.0
ZNF322,0.09278516182076484,17.921185439707934,0.0
FLT3LG,0.09278459878714887,17.91581660045098,0.0
KIAA1211L,0.09275940231906718,17.91044776119403,0.0
C10orf11,0.09274112819173289,17.905078921937076,0.0
TACR2,0.09269376625443257,17.899710082680127,0.0
KIAA1143,0.09267255050220671,17.894341243423174,0.0
ZNF860,0.09266808692622057,17.88897240416622,0.0
FTMT,0.09266454103457403,17.88360356490927,0.0
MRPS18A,0.09266158129498818,17.878234725652316,0.0
C17orf58,0.09262847054194062,17.87286588639536,0.0
TDRD5,0.09258886150254836,17.867497047138407,0.0
FSHB,0.0925768635506947,17.862128207881455,0.0
RNF144A,0.09251124746449728,17.856759368624502,0.0
PNLIPRP3,0.0925054375205691,17.85139052936755,0.0
PRR11,0.09246181857675549,17.846021690110597,0.0
PRSS22,0.09243333957751171,17.840652850853644,0.0
PDDC1,0.09242191846075487,17.83528401159669,0.0
C1orf87,0.09240323749342469,17.829915172339742,0.0
KLHL35,0.09239286630424097,17.82454633308279,0.0
HSPA12A,0.0923362200740419,17.819177493825837,0.0
ELFN2,0.09233481992532576,17.813808654568884,0.0
SIGLEC11,0.09233341939628498,17.80843981531193,0.0
CSH1,0.0923119044676384,17.803070976054975,0.0
AKIP1,0.09231129806068639,17.797702136798023,0.0
KCNC2,0.09229195005614048,17.79233329754107,0.0
SLFN13,0.09228156227228446,17.786964458284118,0.0
ZNF771,0.09226464182352886,17.781595619027165,0.0
CST5,0.09223660644574226,17.776226779770212,0.0
ZP1,0.09217867495431793,17.77085794051326,0.0
PRM1,0.09215597191290495,17.765489101256307,0.0
RBBP8NL,0.09207015282468789,17.760120261999358,0.0
ACKR4,0.09206953545173355,17.754751422742405,0.0
DLX4,0.09206286439237457,17.749382583485453,0.0
ANKMY1,0.09204746840013721,17.7440137442285,0.0
TCP11L2,0.09199966670168347,17.738644904971544,0.0
STK32C,0.09197764874881609,17.73327606571459,0.0
SH2D4B,0.09195902051877661,17.72790722645764,0.0
ACTL9,0.09195569488078399,17.722538387200686,0.0
MAN1A1,0.09194753510568836,17.717169547943733,0.0
OR1S2,0.09191673304554622,17.71180070868678,0.0
SH3BP5,0.09190735242426132,17.706431869429828,0.0
CSHL1,0.09187936831914742,17.701063030172875,0.0
SIGLEC9,0.09185137754430135,17.695694190915923,0.0
CCDC109B,0.09184952262637941,17.690325351658974,0.0
FAM83F,0.0918095828450222,17.68495651240202,0.0
RPP14,0.09178922396931707,17.67958767314507,0.0
PODXL2,0.09174339592387033,17.674218833888116,0.0
ATP4B,0.0917144047150894,17.66884999463116,0.0
PPIAL4A,0.09168764012741687,17.663481155374207,0.0
IL20,0.0916433150893634,17.658112316117254,0.0
OR6C4,0.09164282297022562,17.6527434768603,0.0
CMA1,0.09163096838992264,17.64737463760335,0.0
ILDR1,0.0916119197141882,17.642005798346396,0.0
IYD,0.09161058795340024,17.636636959089444,0.0
CDC20B,0.0915787996270633,17.63126811983249,0.0
SPACA1,0.09151853048632852,17.62589928057554,0.0
OR1A1,0.09151462990196106,17.62053044131859,0.0
PROCA1,0.09150643973364794,17.615161602061637,0.0
ZNF395,0.09150052846920456,17.609792762804684,0.0
VIT,0.09149624767873754,17.604423923547728,0.0
GLYATL2,0.09149017814929572,17.599055084290775,0.0
LRFN4,0.0914249387305472,17.593686245033823,0.0
SHCBP1L,0.09139825887964596,17.58831740577687,0.0
TBC1D3C,0.0913866369648708,17.582948566519917,0.0
TTC29,0.09137152796056866,17.577579727262965,0.0
MICALCL,0.09136320318119175,17.572210888006012,0.0
HTR1F,0.09135520745944946,17.56684204874906,0.0
THAP3,0.09132206932170459,17.561473209492107,0.0
KHDRBS2,0.09131682654776688,17.556104370235154,0.0
TMEM184A,0.09131403948354007,17.550735530978205,0.0
OR52K1,0.09130444574883917,17.545366691721252,0.0
TCHHL1,0.09126566660836614,17.5399978524643,0.0
C9orf131,0.09123467155583598,17.534629013207343,0.0
OR6C6,0.09123117778769399,17.52926017395039,0.0
PALM2,0.09119818576918948,17.523891334693438,0.0
OR5B3,0.09116702091085584,17.518522495436486,0.0
RP11-73M18.2,0.09116636112136378,17.513153656179533,0.0
TOMM40L,0.09116629658889748,17.50778481692258,0.0
DRAXIN,0.09115325010265056,17.502415977665628,0.0
ZFP90,0.0911439251739378,17.497047138408675,0.0
KRTAP20-1,0.0911183467535622,17.491678299151722,0.0
SPANXC,0.09105753591694954,17.48630945989477,0.0
CHADL,0.09104129208142062,17.48094062063782,0.0
TVP23A,0.09103751733535527,17.475571781380868,0.0
HIATL1,0.09100206563706147,17.470202942123912,0.0
CEA,0.09098702205447937,17.46483410286696,0.0
XYLB,0.09097251226621343,17.459465263610007,0.0
OR4K13,0.0909277700981957,17.454096424353054,0.0
OR1J1,0.09089500224624607,17.4487275850961,0.0
MAGEB10,0.0908526183679483,17.44335874583915,0.0
IGSF9B,0.09078656912618242,17.437989906582196,0.0
C14orf119,0.09077769886772272,17.432621067325243,0.0
TMEM169,0.09075734972448195,17.42725222806829,0.0
KCTD8,0.09071493547393387,17.421883388811338,0.0
OR5B2,0.09070309340648282,17.41651454955439,0.0
SLAIN2,0.09068925577702479,17.411145710297436,0.0
NKAIN3,0.09066407746230082,17.405776871040484,0.0
IVL,0.09065146450225073,17.400408031783527,0.0
RFXAP,0.09063626761087709,17.395039192526575,0.0
CCL25,0.0905632624153601,17.389670353269622,0.0
SLC47A2,0.09049676922108751,17.38430151401267,0.0
SEZ6L,0.09045476707309726,17.378932674755717,0.0
RWDD2B,0.09043310358396514,17.373563835498764,0.0
OR1M1,0.09042572526116541,17.36819499624181,0.0
GALNT4,0.09037238606419122,17.36282615698486,0.0
C10orf118,0.09032420153487061,17.357457317727906,0.0
TGM5,0.0903083045128711,17.352088478470954,0.0
FCAR,0.0902853609194868,17.346719639214005,0.0
PLA2G4D,0.09024400733796248,17.341350799957052,0.0
RFPL3,0.09021702766575199,17.335981960700096,0.0
SLC22A6,0.09019614424970447,17.330613121443143,0.0
RASL10A,0.09018258160732774,17.32524428218619,0.0
KCNA6,0.09003808838134889,17.319875442929238,0.0
SPINK4,0.0900329524887481,17.314506603672285,0.0
ZFP91,0.09002849355212761,17.309137764415333,0.0
MRPL30,0.08997803819605485,17.30376892515838,0.0
GPRIN2,0.08997229631206408,17.298400085901427,0.0
C2CD2L,0.08995919650521682,17.293031246644475,0.0
ZNF691,0.08994842911515998,17.287662407387522,0.0
SERPINB13,0.089930925186889,17.28229356813057,0.0
TSSK3,0.08991832874576794,17.27692472887362,0.0
SYDE2,0.0899135768190423,17.271555889616668,0.0
ZNF561,0.08989736241778595,17.26618705035971,0.0
SESN3,0.08987229829817021,17.26081821110276,0.0
KRTAP10-12,0.08983829398019774,17.255449371845806,0.0
NR1I2,0.08982296370263318,17.250080532588854,0.0
SLC7A13,0.089821251158744,17.2447116933319,0.0
DNTT,0.08979055723438473,17.23934285407495,0.0
GOLGA6L10,0.0897684500337351,17.233974014817996,0.0
IL17REL,0.08971293282410515,17.228605175561043,0.0
CCDC74A,0.08967399820496402,17.22323633630409,0.0
OR8U1,0.08966577664290562,17.217867497047138,0.0
FERD3L,0.08965247483896928,17.212498657790185,0.0
PIGY,0.08964695614940789,17.207129818533236,0.0
LMTK3,0.08963731550589711,17.20176097927628,0.0
CCNI2,0.08962373640276963,17.196392140019327,0.0
GATAD1,0.08958656129791433,17.191023300762375,0.0
PTGDR2,0.08958043539655366,17.185654461505422,0.0
SLAMF8,0.0895729662026972,17.18028562224847,0.0
MTFR1,0.08957143325219624,17.174916782991517,0.0
DNAJB13,0.08954983705902093,17.169547943734564,0.0
C17orf80,0.08954983537861111,17.16417910447761,0.0
PLLP,0.08949469810141106,17.15881026522066,0.0
C2orf48,0.08941061725812946,17.153441425963706,0.0
CHRNB3,0.08940190943502899,17.148072586706753,0.0
PABPN1L,0.08940107280135276,17.1427037474498,0.0
GPATCH2,0.08939099174011905,17.13733490819285,0.0
GPR116,0.08933498485822775,17.131966068935895,0.0
C9orf163,0.08933396614264975,17.126597229678943,0.0
ZNF844,0.08931886188350793,17.12122839042199,0.0
FUBP3,0.0892807061864324,17.115859551165038,0.0
MAP6D1,0.08927948574944364,17.110490711908085,0.0
PRG2,0.08927815892399596,17.105121872651132,0.0
AMY2A,0.08927502914151428,17.09975303339418,0.0
C1QTNF3,0.08921735996716493,17.094384194137227,0.0
DEFB135,0.08917885086703678,17.089015354880274,0.0
CAMK2N2,0.08917154122361995,17.08364651562332,0.0
C15orf43,0.08912158391375258,17.07827767636637,0.0
KCNK12,0.08909438800347244,17.072908837109416,0.0
S100A3,0.0890714272285173,17.067539997852464,0.0
NAA30,0.08905758724871744,17.06217115859551,0.0
WDR31,0.08904669665028482,17.05680231933856,0.0
SLC44A4,0.08902447943097744,17.051433480081606,0.0
SIGLECL1,0.08878206034622049,17.046064640824653,0.0
KRT40,0.08877524773670528,17.0406958015677,0.0
GPR78,0.08874839363872844,17.035326962310748,0.0
GCHFR,0.0887451888166952,17.029958123053795,0.0
TAC4,0.08872706019844874,17.024589283796843,0.0
GOLGA8J,0.08866579738930691,17.01922044453989,0.0
PCDHB3,0.0885961874961875,17.013851605282937,0.0
ADD2,0.08857144249374724,17.008482766025985,0.0
ZNF362,0.0885393623202284,17.003113926769032,0.0
C16orf87,0.08852073902213509,16.99774508751208,0.0
C10orf95,0.08850881203120213,16.992376248255127,0.0
TCL1B,0.08846045305254878,16.987007408998174,0.0
ZNF98,0.08843425124907138,16.98163856974122,0.0
USP43,0.0883449349038295,16.97626973048427,0.0
SCGB2A2,0.08831910231559223,16.970900891227316,0.0
BCMO1,0.0882681860472843,16.965532051970364,0.0
OR1L3,0.08822498507436273,16.96016321271341,0.0
RP11-529K1.3,0.08819512519444027,16.95479437345646,0.0
UGT3A1,0.08818933699860085,16.949425534199506,0.0
JHDM1D,0.08818256736803248,16.944056694942553,0.0
CCL4L1,0.08818131286522932,16.9386878556856,0.0
BEGAIN,0.0881068387410846,16.933319016428648,0.0
PSG1,0.08809766576877567,16.927950177171695,0.0
GPR135,0.08804965110254777,16.922581337914743,0.0
LRIT2,0.08801236417920624,16.91721249865779,0.0
PRCC,0.0880034507715521,16.911843659400837,0.0
GLP1R,0.08795810715756651,16.906474820143885,0.0
FAM222B,0.08794379272419843,16.901105980886932,0.0
PCDHA13,0.08783517619602921,16.89573714162998,0.0
ZNF490,0.08782871671432987,16.890368302373027,0.0
OR51I2,0.08781869867052901,16.884999463116074,0.0
SIT1,0.08777899341049748,16.87963062385912,0.0
ADIRF,0.08777052803709953,16.87426178460217,0.0
SLC39A3,0.08776908398605396,16.868892945345216,0.0
CCDC172,0.08773973606554555,16.863524106088263,0.0
ZNF653,0.08772076477551786,16.85815526683131,0.0
CDHR4,0.08765139194476201,16.852786427574358,0.0
IRGC,0.08765065474853266,16.847417588317406,0.0
CXXC11,0.08764839332020372,16.842048749060453,0.0
IL21,0.08764251364739825,16.8366799098035,0.0
SMCO3,0.08760507840988943,16.831311070546548,0.0
H2BFM,0.08755217242160375,16.825942231289595,0.0
IGFL1,0.08750802319073828,16.820573392032642,0.0
KRTAP19-8,0.0874971976644909,16.81520455277569,0.0
OR51S1,0.0874952597243518,16.809835713518737,0.0
ITFG3,0.08748002226986601,16.804466874261784,0.0
TMEM45B,0.08746546435203999,16.799098035004832,0.0
GNLY,0.08745193689578604,16.79372919574788,0.0
GALNT13,0.0874332985698925,16.788360356490927,0.0
OR10S1,0.08741227779869395,16.782991517233974,0.0
ASB5,0.08737690498833871,16.77762267797702,0.0
QRFP,0.08735534324054892,16.77225383872007,0.0
CAPN8,0.08734699995058845,16.766884999463116,0.0
CXCR1,0.08732546782188466,16.761516160206163,0.0
FDX1L,0.08732189110543254,16.75614732094921,0.0
KAZN,0.0873135157103578,16.750778481692258,0.0
CXCL13,0.08729936937443336,16.745409642435305,0.0
BPIFB4,0.08729194884229766,16.740040803178353,0.0
OR9G4,0.0872141851389262,16.7346719639214,0.0
IGSF5,0.08720949101891878,16.729303124664447,0.0
C7orf60,0.08720433862924762,16.723934285407495,0.0
AKNAD1,0.08717757234408224,16.718565446150542,0.0
AMY1A,0.08707290866719093,16.71319660689359,0.0
TKTL2,0.08704759721206369,16.707827767636637,0.0
CYP4A22,0.08702562460440431,16.702458928379684,0.0
OR52E2,0.08700633588882035,16.69709008912273,0.0
ANXA2R,0.08696164407639617,16.69172124986578,0.0
GOLGA8B,0.086952617805448,16.686352410608826,0.0
ZDHHC19,0.08694861259014411,16.680983571351874,0.0
VPS4B,0.08692947814757893,16.67561473209492,0.0
SYDE1,0.08690699355784529,16.67024589283797,0.0
OR13C3,0.08690029993281925,16.664877053581016,0.0
PHLDA2,0.08689098428407285,16.659508214324063,0.0
ZNF320,0.08685106450134995,16.65413937506711,0.0
DIO1,0.08684634672047022,16.648770535810158,0.0
CRNN,0.08681245213202055,16.643401696553205,0.0
ZNF891,0.08678803746024766,16.638032857296253,0.0
OR7D4,0.08674869104765842,16.6326640180393,0.0
SLC35E3,0.086737877849279,16.627295178782347,0.0
CENPBD1,0.08672314353932817,16.621926339525395,0.0
LGSN,0.0867092630087151,16.616557500268442,0.0
LY6K,0.08670409904247556,16.61118866101149,0.0
KRTAP6-3,0.0866782858341084,16.605819821754537,0.0
ZNF415,0.08665333662677355,16.600450982497584,0.0
PCDHGA2,0.08664621990210226,16.59508214324063,0.0
ZBTB9,0.08659274208165675,16.58971330398368,0.0
KLRC3,0.08658012052221324,16.584344464726726,0.0
PLEKHA2,0.08654672955494011,16.578975625469774,0.0
HRH4,0.08651498510263775,16.57360678621282,0.0
CCL19,0.08649181589554412,16.56823794695587,0.0
REM1,0.08647703270364215,16.562869107698916,0.0
ZNF286A,0.08646015456369291,16.557500268441963,0.0
RP11-47I22.4,0.08643705902253776,16.55213142918501,0.0
OR11H6,0.0864348905643307,16.546762589928058,0.0
EXD1,0.08643348108822316,16.541393750671105,0.0
KIAA1024,0.08643110376028107,16.536024911414152,0.0
KCNMB2,0.08642910017713809,16.5306560721572,0.0
NLRP14,0.08642110467783254,16.525287232900247,0.0
DNPH1,0.08640036856910172,16.519918393643295,0.0
CCL24,0.08637746587159567,16.514549554386342,0.0
FGFBP2,0.08636190069993627,16.50918071512939,0.0
GPR26,0.08634254049411993,16.503811875872437,0.0
THEM5,0.08634012876238904,16.498443036615484,0.0
OR52E4,0.08627736891743049,16.49307419735853,0.0
CSNK1A1L,0.08625696757940421,16.48770535810158,0.0
LILRB4,0.08621639356487153,16.482336518844626,0.0
CCDC129,0.08620207919493904,16.476967679587673,0.0
OR51A7,0.08619808802318393,16.47159884033072,0.0
ST6GALNAC1,0.08619778556845333,16.466230001073768,0.0
GEMIN7,0.0861496204913293,16.460861161816815,0.0
IDO2,0.08609813451677822,16.455492322559863,0.0
C2orf54,0.08608182227312026,16.45012348330291,0.0
PCDHAC2,0.08605551475406567,16.444754644045958,0.0
IZUMO4,0.08605455909047421,16.439385804789005,0.0
IL1RL2,0.0860530439074019,16.434016965532052,0.0
LCOR,0.08603652840527473,16.4286481262751,0.0
SLC41A2,0.0860333357790346,16.423279287018147,0.0
ATP5EP2,0.0860259157668047,16.417910447761194,0.0
UBQLN4,0.08600579811555882,16.41254160850424,0.0
ACCSL,0.08599367821396961,16.40717276924729,0.0
RUNDC3B,0.0859399923864745,16.401803929990336,0.0
PDXP,0.08593562362442464,16.396435090733384,0.0
KCTD16,0.0859295177818015,16.39106625147643,0.0
PCDHGA3,0.08591132722225502,16.38569741221948,0.0
SLC6A17,0.08591011978711033,16.380328572962526,0.0
RBMS3,0.08590693732644647,16.374959733705573,0.0
SLC35A4,0.08588530362773071,16.36959089444862,0.0
LGALS7,0.08588410009168149,16.364222055191668,0.0
TTLL10,0.08586818395709027,16.358853215934715,0.0
ZNF605,0.08585858330574711,16.353484376677763,0.0
COX4I2,0.08584462410243757,16.34811553742081,0.0
ZNF23,0.08578726594354061,16.342746698163857,0.0
GPBAR1,0.08577196974877362,16.337377858906905,0.0
OR8B12,0.08570427836630994,16.332009019649952,0.0
DNAAF3,0.08570126121604746,16.326640180393,0.0
THAP2,0.08566920953826626,16.321271341136047,0.0
ZNF229,0.0856533678415313,16.315902501879094,0.0
FANK1,0.08563862647849696,16.31053366262214,0.0
LYPLA2,0.08563318613608599,16.30516482336519,0.0
SYCN,0.08562805318831895,16.299795984108236,0.0
CNIH2,0.08562412166756887,16.294427144851284,0.0
NGB,0.08560433154003881,16.28905830559433,0.0
PCDHGB4,0.08559053764289373,16.28368946633738,0.0
RP11-1099M24.7,0.08557893833419493,16.278320627080426,0.0
ZNF449,0.08542044731514327,16.272951787823473,0.0
CEACAM8,0.08538111515805293,16.26758294856652,0.0
LRRTM1,0.08535966574029372,16.262214109309568,0.0
CTAG2,0.08533949374581633,16.256845270052615,0.0
DYDC2,0.08531046044870969,16.251476430795663,0.0
TSPAN5,0.08517475867621672,16.24610759153871,0.0
PANX2,0.08514858510268015,16.240738752281754,0.0
ESPNL,0.08512565515264132,16.235369913024805,0.0
ZFP2,0.08509269952980376,16.230001073767852,0.0
STON1-GTF2A1L,0.08507498991635853,16.2246322345109,0.0
ANKRD29,0.08506572888155543,16.219263395253947,0.0
ZNF324,0.08506567188847776,16.213894555996994,0.0
GPR85,0.0850449969646762,16.20852571674004,0.0
CSN2,0.0850421961695637,16.20315687748309,0.0
KATNAL1,0.08501557952402977,16.197788038226136,0.0
SERPINA4,0.08500389540238287,16.192419198969183,0.0
KRBOX4,0.08498202497058031,16.18705035971223,0.0
RANBP10,0.08497115816332271,16.181681520455278,0.0
ZNF28,0.08491295582024928,16.176312681198326,0.0
GUCY1A2,0.08489478336306643,16.17094384194137,0.0
LIX1,0.08489077148561906,16.16557500268442,0.0
OR4D2,0.08483615856777624,16.160206163427468,0.0
BSX,0.08478430540382681,16.154837324170515,0.0
TMEM151A,0.08475916369999144,16.149468484913562,0.0
OR6C3,0.08474464255849654,16.14409964565661,0.0
CAPN6,0.08469120297834401,16.138730806399657,0.0
PLA1A,0.08460903234243453,16.133361967142704,0.0
OR4B1,0.08459710804048284,16.127993127885752,0.0
CLDN23,0.08457509917592804,16.1226242886288,0.0
ZNF17,0.08454629350091027,16.117255449371847,0.0
DESI2,0.08453800644750437,16.111886610114894,0.0
KLK10,0.08446941839402249,16.106517770857938,0.0
C22orf42,0.08444571428571428,16.101148931600985,0.0
GPR149,0.08443141108111998,16.095780092344036,0.0
MAGEA6,0.08439730846583744,16.090411253087083,0.0
TRIM42,0.08437666527968532,16.08504241383013,0.0
ZNF721,0.0843676455691825,16.079673574573178,0.0
C15orf54,0.0843446354366912,16.074304735316225,0.0
GP5,0.08434105647245407,16.068935896059273,0.0
GPR123,0.08430994234953511,16.06356705680232,0.0
OR7A10,0.08426208654911013,16.058198217545367,0.0
PDZD4,0.08421597676417829,16.052829378288415,0.0
SLITRK2,0.08418800917418134,16.047460539031462,0.0
SH2D3A,0.08418599993297039,16.04209169977451,0.0
SYT4,0.0841733836404761,16.036722860517553,0.0
OR51B4,0.08416692252450106,16.031354021260604,0.0
SSMEM1,0.08412362002718976,16.02598518200365,0.0
ZNF675,0.08412135371981391,16.0206163427467,0.0
SLC36A2,0.08412117326847986,16.015247503489746,0.0
ZNF121,0.08411622351087393,16.009878664232794,0.0
PIP5KL1,0.0841114077663064,16.00450982497584,0.0
GORASP2,0.08406315093796107,15.999140985718888,0.0
POTEC,0.08405659914280747,15.993772146461934,0.0
ZNF99,0.08404469278385082,15.988403307204981,0.0
OR6X1,0.08402229362622433,15.983034467948029,0.0
C17orf47,0.08402133803412755,15.977665628691076,0.0
C10orf2,0.08398316657766787,15.972296789434123,0.0
KRTAP3-1,0.08396752283980055,15.96692795017717,0.0
RCOR2,0.08392542821209481,15.96155911092022,0.0
ARMC1,0.08392467153227508,15.956190271663267,0.0
ZNF732,0.08390502395800467,15.950821432406315,0.0
CCDC41,0.08386049783549784,15.945452593149362,0.0
ZCWPW2,0.08385624995318272,15.94008375389241,0.0
GNA15,0.08385563827455149,15.934714914635457,0.0
FOXI2,0.08384780063772353,15.929346075378504,0.0
SERPINA11,0.08379088365493337,15.92397723612155,0.0
XKR6,0.08378822944523223,15.918608396864597,0.0
HTN1,0.08377563349536077,15.913239557607644,0.0
SOHLH1,0.08377176028700661,15.907870718350692,0.0
SEC14L3,0.08376183014490253,15.90250187909374,0.0
NPAS1,0.08375951828396866,15.897133039836786,0.0
ZNF565,0.08374418776700415,15.891764200579836,0.0
OR52M1,0.0837345562241201,15.886395361322883,0.0
ZNF433,0.08372129750049814,15.88102652206593,0.0
ZNF221,0.08371626246153517,15.875657682808978,0.0
CHRND,0.08371549992478142,15.870288843552025,0.0
CMTM4,0.08366903457916326,15.864920004295072,0.0
CD80,0.08361856341356864,15.859551165038118,0.0
ZNF101,0.08354537163050117,15.854182325781165,0.0
HPSE,0.08353581320358894,15.848813486524213,0.0
HHIPL2,0.08353436017731379,15.84344464726726,0.0
IBA57,0.08343489880956904,15.838075808010307,0.0
FRMD1,0.08343083148662006,15.832706968753355,0.0
TSC22D2,0.08342737582651966,15.827338129496402,0.0
HIST1H2BG,0.08339665399320327,15.821969290239451,0.0
WISP3,0.0833477264787089,15.816600450982499,0.0
CDKL2,0.08330963339238008,15.811231611725546,0.0
CPA5,0.08328109022795449,15.805862772468593,0.0
SPRR2B,0.08325252390554647,15.80049393321164,0.0
MT1HL1,0.08321796884584712,15.795125093954688,0.0
ZNF623,0.08320371858731142,15.789756254697734,0.0
GH2,0.08316739747031336,15.784387415440781,0.0
CTD-2140B24.4,0.0831551581966217,15.779018576183828,0.0
OR56B4,0.08312508462083154,15.773649736926876,0.0
TMEM39A,0.08306120056878621,15.768280897669923,0.0
ANO7,0.08305213379640286,15.76291205841297,0.0
SPRED1,0.08303710852564314,15.757543219156018,0.0
TRIM6-TRIM34,0.0830349822330016,15.752174379899067,0.0
RXFP3,0.08299520257852327,15.746805540642114,0.0
A4GNT,0.08292905439685132,15.741436701385162,0.0
WFDC10B,0.08292276399364555,15.736067862128209,0.0
METTL8,0.08286689877082418,15.730699022871256,0.0
IL18BP,0.08283921558550647,15.725330183614302,0.0
CLEC10A,0.08276926311634722,15.71996134435735,0.0
CHRM1,0.0827506434990651,15.714592505100397,0.0
AP000275.65,0.08272125507480431,15.709223665843444,0.0
ENTPD8,0.08269271254475934,15.703854826586491,0.0
ZNF396,0.08267109873407948,15.698485987329539,0.0
C2orf15,0.08254527106506512,15.693117148072586,0.0
TDP1,0.08253541644112969,15.687748308815634,0.0
AC103809.2,0.08245700601281475,15.682379469558683,0.0
VN1R1,0.08245264016191867,15.67701063030173,0.0
OR6S1,0.08244778491649488,15.671641791044777,0.0
MAGEB1,0.08242264220039172,15.666272951787825,0.0
ACP5,0.08241373444733255,15.660904112530872,0.0
MAK16,0.08240000365233058,15.655535273273918,0.0
HYAL3,0.08239940675116061,15.650166434016965,0.0
KRTAP19-7,0.08237522032065366,15.644797594760012,0.0
ZNF141,0.08236123570325557,15.63942875550306,0.0
PSMA2,0.08235576554412753,15.634059916246107,0.0
C1orf167,0.08227922628396966,15.628691076989154,0.0
NANOS2,0.08226556020229409,15.623322237732202,0.0
RBM48,0.08224616958798774,15.617953398475247,0.0
GPR56,0.08221045822478236,15.612584559218298,0.0
AP5S1,0.08219798951719717,15.607215719961346,0.0
OR10J1,0.08217774140535727,15.601846880704393,0.0
SLC46A3,0.08217551533701123,15.59647804144744,0.0
FBXO36,0.08214642577677252,15.591109202190486,0.0
TNFSF8,0.08210163566296783,15.585740362933533,0.0
IZUMO1,0.08203442153292767,15.58037152367658,0.0
ELAC1,0.08202093850433971,15.575002684419628,0.0
PDE7B,0.08201842529691686,15.569633845162675,0.0
IGFLR1,0.0819891407177272,15.564265005905723,0.0
DAK,0.0819848867241685,15.55889616664877,0.0
SLC52A1,0.08193701314190789,15.553527327391818,0.0
GP1BB,0.08192507584060658,15.548158488134863,0.0
ZNF69,0.08186276218795568,15.542789648877914,0.0
CD83,0.08186256517944526,15.537420809620961,0.0
ZNF154,0.08183859650030557,15.532051970364009,0.0
DEFB128,0.0818090782672564,15.526683131107056,0.0
PRSS36,0.08180595081960389,15.521314291850102,0.0
OR51V1,0.08179773605400759,15.515945452593149,0.0
SLC35A3,0.08178105017192819,15.510576613336196,0.0
ASIC1,0.08176257732388179,15.505207774079244,0.0
ZRSR1,0.0817489122165744,15.499838934822291,0.0
ARHGEF38,0.08174729171284319,15.494470095565338,0.0
NAP1L3,0.0817191370594508,15.489101256308386,0.0
TCEAL5,0.08171879722128098,15.483732417051431,0.0
PLEKHS1,0.08171184761702995,15.478363577794479,0.0
TSEN15,0.08166957640686925,15.47299473853753,0.0
RAB43,0.0816298681024478,15.467625899280577,0.0
XKR4,0.08162847543209466,15.462257060023624,0.0
MZB1,0.08160437191056362,15.45688822076667,0.0
HAPLN3,0.08153741660334407,15.451519381509717,0.0
ADAM29,0.08146675862213971,15.446150542252765,0.0
CTC-512J12.6,0.08143916439336571,15.440781702995812,0.0
CNEP1R1,0.08143728796307005,15.43541286373886,0.0
POTEB2,0.0814341589012925,15.430044024481907,0.0
OR8B8,0.08142557895277311,15.424675185224954,0.0
ZNF749,0.08133872035824938,15.419306345968002,0.0
HPDL,0.08132414965038001,15.413937506711047,0.0
OR8H2,0.08130456090480792,15.408568667454098,0.0
WDR93,0.0812324116792226,15.403199828197145,0.0
CTAGE15,0.08122690513360095,15.397830988940193,0.0
TRMT10B,0.08117643959528031,15.39246214968324,0.0
TSGA13,0.08117343529635905,15.387093310426286,0.0
GLB1L3,0.0811302819968364,15.381724471169333,0.0
NMBR,0.08112781721343996,15.37635563191238,0.0
SCGB2B2,0.08112546782189581,15.370986792655428,0.0
KRTAP12-3,0.0811179097671196,15.365617953398475,0.0
C1QL2,0.08106897622305123,15.360249114141522,0.0
GMEB2,0.08102557990446096,15.35488027488457,0.0
S100P,0.08101989181399083,15.349511435627615,0.0
MOS,0.08101257562087806,15.344142596370663,0.0
SPZ1,0.08097120475674821,15.338773757113714,0.0
ZDHHC15,0.0809396103972353,15.333404917856761,0.0
C10orf71,0.08092822723991515,15.328036078599808,0.0
NPFFR1,0.08092678586622391,15.322667239342854,0.0
TBC1D3B,0.0809127629363246,15.317298400085901,0.0
KLHDC9,0.0808679219373514,15.311929560828949,0.0
ANKRD18B,0.08086454753846918,15.306560721571996,0.0
LHX9,0.08081829298477622,15.301191882315043,0.0
ZFYVE19,0.0808116958507352,15.29582304305809,0.0
C11orf87,0.08081167648896873,15.290454203801138,0.0
C8A,0.0807531763515763,15.285085364544186,0.0
KCNJ15,0.0807132406740312,15.279716525287231,0.0
TBPL2,0.08071251554954721,15.274347686030278,0.0
MAGEA3,0.080696259523779,15.26897884677333,0.0
GALR1,0.08069588735963791,15.263610007516377,0.0
RPRD1A,0.08068649601942972,15.258241168259424,0.0
ZMYND15,0.08067351698360006,15.25287232900247,0.0
LCE3D,0.08062132917797621,15.247503489745517,0.0
SLC6A20,0.08055883126687681,15.242134650488564,0.0
C10orf137,0.08055881630269139,15.236765811231612,0.0
ZFP62,0.08054456075999535,15.23139697197466,0.0
FAM170A,0.08045044642857142,15.226028132717706,0.0
FAM124A,0.08044110155407294,15.220659293460754,0.0
FUT7,0.08039369095032486,15.2152904542038,0.0
CPEB3,0.08038172782965883,15.209921614946847,0.0
SLC34A3,0.08036917278859379,15.204552775689894,0.0
RP11-468E2.4,0.08031793389703508,15.199183936432945,0.0
TGM7,0.08029403082097393,15.193815097175992,0.0
THRSP,0.08026950282402691,15.188446257919038,0.0
ZNF497,0.0802062779707585,15.183077418662085,0.0
ZNF773,0.08018219966712857,15.177708579405133,0.0
CARHSP1,0.08018086405155997,15.17233974014818,0.0
TSPAN11,0.08017659723342599,15.166970900891227,0.0
RP11-762I7.5,0.08013570261437909,15.161602061634275,0.0
NLGN4Y,0.08012303031320836,15.156233222377322,0.0
OR5AN1,0.08012224916480844,15.15086438312037,0.0
HTR3D,0.0800165709333954,15.145495543863415,0.0
TM4SF5,0.0800111613285934,15.140126704606462,0.0
CLEC18A,0.07998788772405901,15.13475786534951,0.0
ACTRT3,0.07997806111498067,15.12938902609256,0.0
ISG20,0.07997025796028133,15.124020186835608,0.0
RFFL,0.07996068444190452,15.118651347578654,0.0
QPCT,0.07995406457624936,15.113282508321701,0.0
CHI3L2,0.07995171816570358,15.107913669064748,0.0
RARRES2,0.0799416171584913,15.102544829807796,0.0
OR5M10,0.07988896923176678,15.097175990550843,0.0
PSG6,0.07987496160790783,15.09180715129389,0.0
CAGE1,0.07984435617767327,15.086438312036938,0.0
AQP7,0.07981870240399573,15.081069472779983,0.0
C14orf178,0.07976845302318492,15.07570063352303,0.0
C1orf111,0.07975336725999817,15.070331794266078,0.0
CHST4,0.0797109945155601,15.064962955009126,0.0
DET1,0.07969896745934577,15.059594115752176,0.0
ITPKA,0.07961165964488723,15.054225276495222,0.0
FOXD2,0.07960111286871575,15.04885643723827,0.0
CRISP1,0.0795890365982109,15.043487597981317,0.0
FAM86B2,0.07957632009744073,15.038118758724364,0.0
NKPD1,0.07949675569785118,15.032749919467411,0.0
C1orf54,0.07945434269171761,15.027381080210459,0.0
ZFP82,0.07941285066226482,15.022012240953506,0.0
GPR61,0.07936940667112642,15.016643401696554,0.0
GXYLT1,0.07933738735940188,15.0112745624396,0.0
ETV7,0.07931788898342029,15.005905723182646,0.0
KIAA0226L,0.07921547795585113,15.000536883925694,0.0
CCDC24,0.079204312018102,14.995168044668741,0.0
ZSCAN18,0.07919392984532926,14.989799205411792,0.0
HIST1H3G,0.07918406609189084,14.984430366154838,0.0
CXCL16,0.07914741703089775,14.979061526897885,0.0
OR52A5,0.07913558274869043,14.973692687640932,0.0
C9orf91,0.07911995232414593,14.96832384838398,0.0
ZNF333,0.07911597214047214,14.962955009127027,0.0
CTAGE1,0.07908653565077135,14.957586169870074,0.0
HIST1H2BE,0.07906398124444505,14.952217330613122,0.0
KRTAP2-3,0.07906211046034325,14.946848491356167,0.0
SLC35G3,0.07904807790429039,14.941479652099215,0.0
RTN4R,0.07902209405051723,14.936110812842262,0.0
PRAP1,0.07900676359717704,14.93074197358531,0.0
MRI1,0.07900573446314126,14.925373134328357,0.0
FAM118A,0.07900330062033924,14.920004295071406,0.0
CLUL1,0.07898199132665458,14.914635455814453,0.0
GCNT3,0.07897004043586325,14.9092666165575,0.0
LUZP4,0.07896027779094208,14.903897777300548,0.0
SUN5,0.0789368587193797,14.898528938043595,0.0
S100Z,0.07890759868085295,14.893160098786643,0.0
OR4D9,0.07879402760151934,14.88779125952969,0.0
TMEM117,0.07875520617138362,14.882422420272738,0.0
C20orf196,0.07874897044063336,14.877053581015783,0.0
ENPP7,0.07866018998877819,14.87168474175883,0.0
C2orf73,0.07865045082984981,14.866315902501878,0.0
ZNF813,0.07862171608398225,14.860947063244925,0.0
GPR68,0.07859987245724256,14.855578223987973,0.0
RIMS3,0.07855668023392538,14.850209384731022,0.0
GLRA2,0.0785336651819882,14.844840545474069,0.0
LYSMD1,0.07850006209991646,14.839471706217116,0.0
AMIGO2,0.07844469963017248,14.834102866960164,0.0
CALCB,0.07843045178304972,14.828734027703211,0.0
OSTC,0.0784197802101737,14.823365188446259,0.0
LCE3C,0.07839425666573815,14.817996349189306,0.0
C10orf128,0.0783837056218635,14.812627509932351,0.0
PRLHR,0.078378258373629,14.807258670675399,0.0
CD5L,0.07836033710700586,14.801889831418446,0.0
ZNF582,0.07834647950842732,14.796520992161494,0.0
GPR18,0.0783462736705893,14.79115215290454,0.0
ZCCHC3,0.07832947835323092,14.785783313647588,0.0
OR1L6,0.07828869508126943,14.780414474390637,0.0
SHISA4,0.07823722185621715,14.775045635133685,0.0
SPRY3,0.07822741895174354,14.769676795876732,0.0
ACOT6,0.07819681498251688,14.76430795661978,0.0
SUCNR1,0.07818123442575994,14.758939117362827,0.0
MARCH11,0.0781551182072364,14.753570278105874,0.0
KLRC2,0.0781210846405628,14.748201438848922,0.0
MIER3,0.07810972536945418,14.742832599591967,0.0
WDR64,0.07806996211173448,14.737463760335014,0.0
GINS3,0.07803353752092443,14.732094921078062,0.0
HOXC9,0.07802592523944055,14.72672608182111,0.0
RAB20,0.07801640044600888,14.721357242564157,0.0
GTSF1,0.07799697852892411,14.715988403307206,0.0
GPR20,0.07798945959399989,14.710619564050253,0.0
MRPL32,0.07798843610106194,14.7052507247933,0.0
PKD2L2,0.07796958687363893,14.699881885536348,0.0
TYROBP,0.07796016569006352,14.694513046279395,0.0
ZNF669,0.07795124266911052,14.689144207022443,0.0
UBTD2,0.07794567125385292,14.68377536776549,0.0
NXPE4,0.07793309107748232,14.678406528508535,0.0
ZNF774,0.07790261401802764,14.673037689251583,0.0
CCDC126,0.07787226774983605,14.66766884999463,0.0
C7orf61,0.077827516177425,14.662300010737678,0.0
C11orf70,0.07782701019705747,14.656931171480725,0.0
FGFBP3,0.07781259321173781,14.651562332223772,0.0
AMELX,0.07771048805606436,14.646193492966821,0.0
UBE2Z,0.07767972894326465,14.640824653709869,0.0
OR4K14,0.07767967014908661,14.635455814452916,0.0
KCNG2,0.07765477321487682,14.630086975195963,0.0
GPR25,0.07759331817413263,14.62471813593901,0.0
ZNF468,0.07757559226845305,14.619349296682058,0.0
KCNK16,0.07754818895097988,14.613980457425106,0.0
LEPREL1,0.07752519439662996,14.608611618168151,0.0
C2orf27A,0.07752088427985651,14.603242778911198,0.0
C5orf28,0.07750191177111501,14.597873939654246,0.0
GPRC5D,0.07748167418510406,14.592505100397293,0.0
C7orf10,0.07748028432568613,14.58713626114034,0.0
YIPF7,0.07744941531755142,14.581767421883388,0.0
KIR2DL1,0.07744002882938816,14.576398582626437,0.0
NMS,0.07742977402348472,14.571029743369484,0.0
SEC14L5,0.07739256012539489,14.565660904112532,0.0
CCDC36,0.07738579011544118,14.56029206485558,0.0
DRAM1,0.07736050611264997,14.554923225598627,0.0
TBC1D29,0.07729353429220423,14.549554386341674,0.0
HOMER3,0.07725076643582356,14.54418554708472,0.0
FAM217A,0.07718575968472513,14.538816707827767,0.0
OR6K2,0.07713276546190725,14.533447868570814,0.0
PLEKHO1,0.07712944736226693,14.528079029313862,0.0
CAPN12,0.07710443883885429,14.522710190056909,0.0
TMEM27,0.07707856930085358,14.517341350799956,0.0
PTGER1,0.07702659022139756,14.511972511543004,0.0
CCER1,0.07697550583027904,14.506603672286053,0.0
PARP15,0.07691237615582788,14.5012348330291,0.0
C11orf1,0.07690135380934819,14.495865993772147,0.0
MARVELD3,0.07689534095253958,14.490497154515195,0.0
LRRC71,0.07689239003380104,14.485128315258242,0.0
THAP10,0.07686657052759352,14.47975947600129,0.0
ZNF286B,0.07686525589630358,14.474390636744335,0.0
C5orf51,0.07685791638661459,14.469021797487382,0.0
PPAN-P2RY11,0.0767889189252152,14.46365295823043,0.0
RP11-343C2.7,0.07675704615179404,14.458284118973477,0.0
FAM102A,0.07664912055560416,14.452915279716525,0.0
SLC10A1,0.0766407117044278,14.447546440459572,0.0
TREX2,0.07663721421943481,14.44217760120262,0.0
DKKL1,0.07646364305660144,14.436808761945668,0.0
ZNF71,0.07642525155431974,14.431439922688716,0.0
LCTL,0.07641062326049178,14.426071083431763,0.0
OR51M1,0.07640582937301915,14.42070224417481,0.0
GALNT8,0.07638738632095662,14.415333404917858,0.0
SNTG1,0.07638164223423136,14.409964565660903,0.0
OTOP2,0.07637953219887567,14.40459572640395,0.0
FAM149A,0.07632988644050458,14.399226887146998,0.0
ADM2,0.07630764228004452,14.393858047890046,0.0
FAM81B,0.07628707951577034,14.388489208633093,0.0
KRTAP19-2,0.07628281980687542,14.38312036937614,0.0
ZBTB32,0.07619302747729095,14.377751530119188,0.0
HUNK,0.07608353649959586,14.372382690862235,0.0
ZBBX,0.07603392559135073,14.367013851605284,0.0
OR5H6,0.07603101788382624,14.361645012348331,0.0
C4orf26,0.07601324267485696,14.356276173091379,0.0
RP11-542C16.2,0.07600078266331083,14.350907333834426,0.0
NANOS3,0.0759625304480696,14.345538494577474,0.0
OR52B6,0.07595156944281556,14.34016965532052,0.0
KCNE4,0.07594623118654484,14.334800816063566,0.0
ATOH7,0.07591014159345251,14.329431976806614,0.0
OR6B3,0.07589938167872648,14.324063137549661,0.0
AANAT,0.07589173107845215,14.318694298292709,0.0
KLRC1,0.07584313246350768,14.313325459035756,0.0
LCE3E,0.07578710534266711,14.307956619778803,0.0
CTRL,0.07578354697614234,14.30258778052185,0.0
CTC-360G5.8,0.07571362433862433,14.2972189412649,0.0
FUT4,0.07569741369315851,14.291850102007947,0.0
GSC2,0.07569630763378933,14.286481262750995,0.0
NPIPB8,0.07567760932214573,14.281112423494042,0.0
MEF2B,0.07567647501397856,14.275743584237087,0.0
ALOX15B,0.07567551645413136,14.270374744980135,0.0
HS3ST5,0.07561538891901146,14.265005905723182,0.0
CHAC1,0.07558677093078778,14.25963706646623,0.0
MIOX,0.07551647227296551,14.254268227209277,0.0
CEACAM21,0.07546635700618916,14.248899387952324,0.0
ZNF491,0.07546607319811179,14.243530548695372,0.0
FUT1,0.07545431387931903,14.238161709438419,0.0
FIBCD1,0.07541999603647011,14.232792870181466,0.0
ACRBP,0.07541441876515158,14.227424030924515,0.0
ZNF548,0.07539300688995224,14.222055191667563,0.0
ZKSCAN1,0.0753746896802009,14.21668635241061,0.0
SLC38A4,0.07533799004035266,14.211317513153658,0.0
PRSS33,0.07531729852503868,14.205948673896703,0.0
EIF2S3L,0.07531480452234611,14.20057983463975,0.0
SAMD14,0.07528709282238458,14.195210995382798,0.0
RBM11,0.07528604603395497,14.189842156125845,0.0
GPR146,0.0752718940748471,14.184473316868893,0.0
APOBEC3D,0.07526125161601518,14.17910447761194,0.0
S1PR5,0.07523907018400927,14.173735638354987,0.0
PWWP2A,0.07522678573979931,14.168366799098035,0.0
SERTM1,0.07511083978203363,14.16299795984108,0.0
TRIM43,0.0750532385533069,14.157629120584131,0.0
OTUB2,0.07503904826587694,14.152260281327179,0.0
KIAA0895L,0.07503264538752855,14.146891442070226,0.0
RHCE,0.07497481826113697,14.141522602813271,0.0
GOLGA6L2,0.07491882904924821,14.136153763556319,0.0
ACER2,0.07488474265639468,14.130784924299366,0.0
ZNF296,0.07485556054205879,14.125416085042414,0.0
CD1A,0.07484593410030396,14.12004724578546,0.0
YOD1,0.0747773487114611,14.114678406528508,0.0
KLK2,0.07476610530729569,14.109309567271556,0.0
SZRD1,0.07469006709293954,14.103940728014603,0.0
ANKRD30B,0.07468675799859002,14.09857188875765,0.0
TFAP2E,0.07466097813860671,14.093203049500696,0.0
ACY3,0.07465163632005861,14.087834210243747,0.0
MSH5-SAPCD1,0.07464778613199666,14.082465370986794,0.0
SLC6A16,0.07463517273735433,14.077096531729842,0.0
RP11-508N12.4,0.07454802459767443,14.071727692472887,0.0
OR2D3,0.07450101320796704,14.066358853215934,0.0
TSPAN6,0.0744812994124031,14.060990013958982,0.0
ZNF114,0.07447767711862317,14.05562117470203,0.0
ZNF222,0.07446239931041174,14.050252335445077,0.0
TNFRSF17,0.07446126620897969,14.044883496188124,0.0
DEFB126,0.0744438983952809,14.039514656931171,0.0
SULT1B1,0.07442286768425971,14.034145817674219,0.0
ZNF367,0.07440621633308381,14.028776978417264,0.0
MIA,0.07440406438132334,14.023408139160315,0.0
SLC2A14,0.07439129520806288,14.018039299903363,0.0
RP11-426L16.10,0.07438227010027296,14.01267046064641,0.0
TCTEX1D1,0.07437062339345982,14.007301621389455,0.0
ZNF177,0.07435668630874617,14.001932782132503,0.0
TNFSF18,0.07428097908591084,13.99656394287555,0.0
LIN52,0.07425516092038377,13.991195103618598,0.0
KRTAP5-4,0.07418832001646807,13.985826264361645,0.0
USP49,0.07416735315772809,13.980457425104692,0.0
OR9K2,0.07414636550652003,13.97508858584774,0.0
PRSS45,0.0741455386691663,13.969719746590787,0.0
ZNF816,0.07408436664436059,13.964350907333834,0.0
SOX21,0.07408046767294241,13.95898206807688,0.0
SH2D1B,0.07403021260861045,13.95361322881993,0.0
SERPINB8,0.07397174863545944,13.948244389562978,0.0
C19orf18,0.07396055811389209,13.942875550306026,0.0
UGT2A3,0.07394900603376015,13.937506711049071,0.0
TRH,0.07393003789485902,13.932137871792118,0.0
CGA,0.07388794588676306,13.926769032535166,0.0
CD300LD,0.07388485810989283,13.921400193278213,0.0
PCDHA11,0.07388387935234776,13.91603135402126,0.0
GALNT9,0.0738654351334913,13.910662514764308,0.0
KRTAP5-5,0.07385259627705776,13.905293675507355,0.0
IGSF11,0.07382024550424034,13.899924836250403,0.0
CCDC74B,0.07376726322596731,13.894555996993448,0.0
VGLL3,0.07375553919848814,13.889187157736496,0.0
ALG1L,0.07375524238644318,13.883818318479547,0.0
BCL2L15,0.07370880073638977,13.878449479222594,0.0
ZNF558,0.07370508994723528,13.87308063996564,0.0
RASA4B,0.07366534431770264,13.867711800708687,0.0
RARRES1,0.07361462276008106,13.862342961451734,0.0
BIRC7,0.07359703481482634,13.856974122194782,0.0
MUC7,0.07359367551619628,13.851605282937829,0.0
ZNF571,0.07357713510418801,13.846236443680876,0.0
MGAT4C,0.07357568674671153,13.840867604423924,0.0
GCSAML,0.0735574158862701,13.835498765166971,0.0
KAZALD1,0.07349857491202044,13.830129925910018,0.0
SPAG11B,0.0734838432067399,13.824761086653064,0.0
ZSCAN5C,0.07347290406329257,13.819392247396111,0.0
ANKRD13C,0.07346887131312824,13.814023408139162,0.0
SYTL1,0.07345502175973877,13.80865456888221,0.0
KIAA2026,0.07343074489586414,13.803285729625255,0.0
PAEP,0.0733916738102157,13.797916890368302,0.0
HMGN5,0.07335803344861157,13.79254805111135,0.0
OR5M11,0.07331691655259114,13.787179211854397,0.0
ZNF781,0.07330424573146126,13.781810372597445,0.0
OR6C68,0.07329996686994614,13.776441533340492,0.0
HTR3E,0.07325004946036244,13.77107269408354,0.0
ZNF550,0.07324767668121189,13.765703854826587,0.0
UNC5CL,0.07324025800963485,13.760335015569632,0.0
SMEK2,0.07319444826657398,13.75496617631268,0.0
RP4-539M6.19,0.07319346767102897,13.749597337055727,0.0
KRTAP26-1,0.0731862002614718,13.744228497798778,0.0
TDRD10,0.07316626478811564,13.738859658541823,0.0
TAC3,0.07315328033876277,13.73349081928487,0.0
AFM,0.073146145856577,13.728121980027918,0.0
OR5H2,0.07313787991107783,13.722753140770966,0.0
DDI1,0.07308448196650916,13.717384301514013,0.0
AADAC,0.07307740786221079,13.71201546225706,0.0
C9orf117,0.07306766946366025,13.706646623000108,0.0
ZNF214,0.07305522552091931,13.701277783743155,0.0
OR10G7,0.07302164646844997,13.695908944486202,0.0
SIRPG,0.07298480701406954,13.690540105229248,0.0
PRR23B,0.07294905806415727,13.685171265972295,0.0
IL36A,0.07292041029563275,13.679802426715343,0.0
SOGA3,0.07288128858508577,13.674433587458394,0.0
C6orf223,0.07287346203967465,13.66906474820144,0.0
SPOCK2,0.07286128460232708,13.663695908944486,0.0
TRIM74,0.07282023935372957,13.658327069687534,0.0
RPS6KA6,0.07281630841500135,13.652958230430581,0.0
BOLL,0.0728097834823035,13.647589391173629,0.0
DEFA6,0.07275112047914394,13.642220551916676,0.0
PAGE1,0.07267498407843528,13.636851712659723,0.0
RNF186,0.07264240671625485,13.63148287340277,0.0
C16orf92,0.07263662366434452,13.626114034145816,0.0
ST6GALNAC2,0.07262303469577705,13.620745194888864,0.0
CCL13,0.07260810849940584,13.615376355631911,0.0
FBXO8,0.07254250453542153,13.610007516374958,0.0
ARRDC5,0.0725004544153674,13.604638677118007,0.0
CCDC169-SOHLH2,0.07249886356721168,13.599269837861055,0.0
DPRX,0.07249846991870688,13.593900998604102,0.0
MAN1C1,0.07246784665129757,13.58853215934715,0.0
NAMPTL,0.07246769990645696,13.583163320090197,0.0
TNFAIP8L1,0.07244543537529959,13.577794480833244,0.0
ZNF14,0.07244012145359988,13.572425641576292,0.0
TCEANC,0.07243736717522734,13.567056802319339,0.0
FAM46D,0.07243364881975307,13.561687963062386,0.0
PTRH1,0.07241710849180878,13.556319123805432,0.0
SYT8,0.0724116556560317,13.55095028454848,0.0
ZNF611,0.07239509491790658,13.545581445291527,0.0
NEDD8-MDP1,0.07237461668147371,13.540212606034574,0.0
NUDT17,0.07233776145180072,13.534843766777623,0.0
CELA1,0.07227351175472252,13.52947492752067,0.0
GSDMC,0.07224481914280544,13.524106088263718,0.0
KBTBD11,0.07223247917416906,13.518737249006765,0.0
PCDHB17,0.0722284077231564,13.513368409749813,0.0
CCL15,0.07222118661928983,13.50799957049286,0.0
TMEM180,0.07219800814563263,13.502630731235907,0.0
EPT1,0.07218640308297519,13.497261891978955,0.0
TMEM145,0.07217067627344051,13.491893052722,0.0
EFCAB1,0.07216280486867963,13.486524213465048,0.0
GDA,0.0721226145027705,13.481155374208095,0.0
FAM47C,0.07211544773058845,13.475786534951142,0.0
MYOZ3,0.07208171030828844,13.47041769569419,0.0
HIST1H4K,0.07206820458016408,13.465048856437239,0.0
FAM19A1,0.0720503164840194,13.459680017180286,0.0
OR10A3,0.07204294975401568,13.454311177923334,0.0
SLC39A12,0.07203786823886106,13.448942338666381,0.0
OR10V1,0.07203691769599947,13.443573499409428,0.0
C10orf107,0.07202139749102969,13.438204660152476,0.0
NRN1,0.07201174626428916,13.432835820895523,0.0
EDA2R,0.07200844538459249,13.42746698163857,0.0
TSHB,0.07200185385924089,13.422098142381616,0.0
UGT2B28,0.0720010049944712,13.416729303124663,0.0
KRTAP22-1,0.0719967331459385,13.41136046386771,0.0
SLC39A11,0.07195697121954805,13.405991624610758,0.0
NAIF1,0.07194959255138675,13.400622785353805,0.0
SDR42E1,0.07192876229183694,13.395253946096854,0.0
PBLD,0.07192221558999806,13.389885106839902,0.0
HSD3B2,0.07190330966073792,13.38451626758295,0.0
OR5H15,0.07186275091519186,13.379147428325997,0.0
IBSP,0.07185933628018844,13.373778589069044,0.0
VHLL,0.0718545389475418,13.368409749812091,0.0
KLHL11,0.0718480955369458,13.363040910555139,0.0
ZGLP1,0.07183262930701322,13.357672071298184,0.0
FAM72B,0.07182930728012246,13.352303232041232,0.0
KCTD21,0.07182222432468124,13.346934392784279,0.0
OR1E2,0.07181496719931438,13.341565553527326,0.0
ZNF195,0.07179496331081502,13.336196714270374,0.0
CELF3,0.07177522966188879,13.330827875013423,0.0
OR4D5,0.07175782186757053,13.32545903575647,0.0
RHOH,0.07175649401895681,13.320090196499518,0.0
CTD-3138B18.4,0.07175103976196791,13.314721357242565,0.0
FAM110C,0.07171024507045856,13.309352517985612,0.0
IGLON5,0.07168097371931148,13.30398367872866,0.0
TNFRSF13C,0.07165729054168105,13.298614839471707,0.0
ZNF576,0.07165586594929528,13.293246000214754,0.0
PRM2,0.0716537304614576,13.2878771609578,0.0
HNRNPCL1,0.07164341120195987,13.282508321700847,0.0
AK4,0.07160594455110444,13.277139482443895,0.0
OR5H14,0.071557380817973,13.271770643186942,0.0
OR10G9,0.07145519888691758,13.26640180392999,0.0
FCRL2,0.07144862357595445,13.261032964673038,0.0
DUSP21,0.07141752838113194,13.255664125416086,0.0
ZDHHC12,0.07140710194405785,13.250295286159133,0.0
KLHDC8A,0.07136874169477607,13.24492644690218,0.0
ZNF429,0.07136258151849582,13.239557607645228,0.0
RP13-279N23.2,0.07134594941847924,13.234188768388275,0.0
KLHL34,0.07134478426607666,13.228819929131323,0.0
C20orf195,0.07132432646415024,13.223451089874368,0.0
SPIN3,0.07131996829119316,13.218082250617416,0.0
GMEB1,0.07131385575817104,13.212713411360463,0.0
WBP1L,0.07131114985251559,13.20734457210351,0.0
LYG1,0.07130856232576237,13.201975732846558,0.0
HSPB9,0.07130814434253598,13.196606893589605,0.0
VWC2L,0.07130495720677772,13.191238054332654,0.0
HHIPL1,0.0713001538656915,13.185869215075702,0.0
MBNL3,0.07129740674357365,13.180500375818749,0.0
OR4E2,0.07123742030285195,13.175131536561796,0.0
PROK1,0.07122332197485784,13.169762697304844,0.0
ERO1LB,0.07121578932877332,13.164393858047891,0.0
FAM9C,0.07121346664211073,13.159025018790938,0.0
PNLDC1,0.07119534369949049,13.153656179533984,0.0
CARD16,0.07119127171956464,13.148287340277031,0.0
SLC38A5,0.07116842355702854,13.142918501020079,0.0
CXCL5,0.07114166312135346,13.137549661763126,0.0
ZNF334,0.0710756124170819,13.132180822506173,0.0
USP27X,0.07106807781976739,13.12681198324922,0.0
CDNF,0.0710492855148733,13.12144314399227,0.0
PLA2G4E,0.07104708741324288,13.116074304735317,0.0
MMP28,0.07104278375910464,13.110705465478365,0.0
KLRG2,0.07103999789423718,13.105336626221412,0.0
GALNTL5,0.07102400592474681,13.09996778696446,0.0
TRIM34,0.07101370875598154,13.094598947707507,0.0
DCAF4L2,0.07101362670275671,13.089230108450552,0.0
FGF6,0.07093358855712839,13.0838612691936,0.0
ZNF692,0.07087765173535895,13.078492429936647,0.0
C5orf64,0.07086672740018653,13.073123590679694,0.0
AC004076.9,0.07085205913119827,13.067754751422742,0.0
GPR150,0.07083847286467879,13.062385912165789,0.0
C17orf66,0.07083686178636776,13.057017072908836,0.0
GLYATL1,0.0707586637302308,13.051648233651886,0.0
ZIM3,0.0707305234262553,13.046279394394933,0.0
RTN4RL2,0.07072317829879152,13.04091055513798,0.0
HIST1H2AM,0.07072166206659132,13.035541715881028,0.0
ARMCX5,0.07071762663780043,13.030172876624075,0.0
KDM4E,0.07069099711523677,13.024804037367122,0.0
ZBTB44,0.07068087177833239,13.019435198110168,0.0
ASPRV1,0.07066928366568923,13.014066358853215,0.0
LRRC34,0.07065277224457342,13.008697519596263,0.0
OR10R2,0.07063227411537461,13.00332868033931,0.0
BEND5,0.07058693252678938,12.997959841082357,0.0
ZNF705B,0.0705743684770336,12.992591001825405,0.0
DCAF4L1,0.07056573225444404,12.987222162568452,0.0
ZIM2,0.07056442170325998,12.981853323311501,0.0
ZNF257,0.0705204154741273,12.976484484054549,0.0
MS4A10,0.0704989924286393,12.971115644797596,0.0
ZMYND12,0.07048696725338564,12.965746805540643,0.0
GABRA4,0.07045646538080709,12.96037796628369,0.0
KRTAP19-1,0.07041924125298935,12.955009127026736,0.0
CES5A,0.07038524190716791,12.949640287769784,0.0
ZNF556,0.07037093329880431,12.944271448512831,0.0
UPP2,0.07036990835553095,12.938902609255878,0.0
PF4V1,0.07035225502479163,12.933533769998926,0.0
FAM72D,0.07028297504443509,12.928164930741973,0.0
PURG,0.07027753827418651,12.92279609148502,0.0
NSUN3,0.0702548436661441,12.917427252228068,0.0
KCNK15,0.07024570539835542,12.912058412971117,0.0
FIBIN,0.07022956341626194,12.906689573714164,0.0
PRAMEF13,0.07020522106938196,12.901320734457212,0.0
ZNF460,0.07020226819873467,12.895951895200259,0.0
HS1BP3,0.07018346508301751,12.890583055943306,0.0
MFI2,0.07017531428839478,12.885214216686352,0.0
SREK1,0.0701707541116096,12.8798453774294,0.0
ZNF713,0.07005846668022789,12.874476538172447,0.0
BRS3,0.07003785709721286,12.869107698915494,0.0
SLC29A4,0.0699975162893902,12.863738859658541,0.0
GDAP1L1,0.06998968140080532,12.858370020401589,0.0
LNP1,0.06998332197255273,12.853001181144636,0.0
MMP24,0.06987170416507929,12.847632341887682,0.0
ACPL2,0.06985685907336037,12.842263502630733,0.0
SNTG2,0.06985171805020506,12.83689466337378,0.0
KRTAP19-4,0.0698361405649067,12.831525824116827,0.0
TTC9B,0.06976872169722517,12.826156984859875,0.0
PI3,0.06976019966438654,12.82078814560292,0.0
B3GNT3,0.06974161762333758,12.815419306345968,0.0
SLC4A9,0.0697317558152514,12.810050467089015,0.0
USP26,0.06970062309693606,12.804681627832062,0.0
GYPA,0.06968094913008689,12.79931278857511,0.0
ZNF730,0.06967815586161366,12.793943949318157,0.0
CST9L,0.06967382544394504,12.788575110061204,0.0
AKT1S1,0.06962126394674631,12.783206270804252,0.0
PMCH,0.06960173519828669,12.777837431547297,0.0
ZNF233,0.0695961395550514,12.772468592290348,0.0
ZFP3,0.06959036190590843,12.767099753033396,0.0
CPN2,0.06958594576836068,12.761730913776443,0.0
MS4A1,0.06958320804221986,12.75636207451949,0.0
TMEM189-UBE2V1,0.06955489383538618,12.750993235262536,0.0
SLC39A5,0.06955374508340768,12.745624396005583,0.0
KLRD1,0.06954145699340666,12.74025555674863,0.0
MILR1,0.0695324929304704,12.734886717491678,0.0
CNFN,0.06951707127623011,12.729517878234725,0.0
TESK1,0.06946908782853141,12.724149038977773,0.0
ZNF766,0.06936966085353931,12.71878019972082,0.0
TMEM200A,0.06934009233876301,12.713411360463866,0.0
PRR5L,0.06932719508561173,12.708042521206913,0.0
ADAT2,0.06931107016225156,12.702673681949964,0.0
FBXO48,0.06930902030772677,12.697304842693011,0.0
IL11,0.0692950907872751,12.691936003436059,0.0
KCNJ14,0.06927836054662699,12.686567164179104,0.0
INSL6,0.06927485868932119,12.681198324922152,0.0
DCLK3,0.06926254870005108,12.675829485665199,0.0
FXYD6-FXYD2,0.06924670544031943,12.670460646408246,0.0
PRL,0.06921656821302283,12.665091807151294,0.0
TMEM86A,0.06921466794052086,12.659722967894341,0.0
C1QL4,0.06917670985166242,12.654354128637388,0.0
C12orf40,0.06914691850106716,12.648985289380436,0.0
CCNJ,0.06912975211050888,12.643616450123481,0.0
KLRC4-KLRK1,0.0690290029720442,12.638247610866532,0.0
MT4,0.06900781435660645,12.63287877160958,0.0
VASH1,0.06896453497036574,12.627509932352627,0.0
FAM218A,0.06894118794744938,12.622141093095674,0.0
PRRG3,0.06892375073178394,12.61677225383872,0.0
FAM154B,0.06891100963830701,12.611403414581767,0.0
ZNF878,0.06889852928250714,12.606034575324815,0.0
TMSB15A,0.0688738036001568,12.600665736067862,0.0
RFPL4A,0.06885491398923727,12.59529689681091,0.0
SLC25A33,0.06883024717625172,12.589928057553957,0.0
GABRP,0.0688295552626181,12.584559218297004,0.0
USP41,0.06875893711551609,12.57919037904005,0.0
ZNF562,0.06875815401750615,12.573821539783097,0.0
NPB,0.06873002835426786,12.568452700526148,0.0
ZNF674,0.06872001971532833,12.563083861269195,0.0
TMEM53,0.06862902180653034,12.557715022012243,0.0
ZNF648,0.06861437735714382,12.552346182755288,0.0
DEFB136,0.06859559622428621,12.546977343498336,0.0
TTC24,0.06859234726759103,12.541608504241383,0.0
GP9,0.06857362018914004,12.53623966498443,0.0
CCDC89,0.0685512323398225,12.530870825727478,0.0
ZNF430,0.06848349211019494,12.525501986470525,0.0
CFHR2,0.06845571030768552,12.520133147213572,0.0
NEURL,0.06845055478502081,12.51476430795662,0.0
SPDYE4,0.06844745574877763,12.509395468699665,0.0
OR10G3,0.06843000467123685,12.504026629442713,0.0
B3GALTL,0.06842815357560697,12.498657790185762,0.0
KIAA1598,0.06839789794705761,12.49328895092881,0.0
FAM228B,0.06836875443724624,12.487920111671857,0.0
CBLN1,0.06835813143109311,12.482551272414904,0.0
KRTAP6-1,0.06835353960196035,12.477182433157951,0.0
PHF21B,0.06828098738546332,12.471813593900999,0.0
SPATA4,0.0682728772112508,12.466444754644046,0.0
FAM104A,0.06826164998534603,12.461075915387093,0.0
ODF3B,0.06824212245706174,12.45570707613014,0.0
KRTAP9-7,0.06822459693365643,12.450338236873188,0.0
UROC1,0.06821029203228293,12.444969397616235,0.0
CCR9,0.06817142885932578,12.439600558359283,0.0
TMEM64,0.06815554586872355,12.43423171910233,0.0
GPX5,0.06814228279305419,12.428862879845378,0.0
CFHR3,0.06809645783741486,12.423494040588425,0.0
SUSD5,0.06806189271633001,12.418125201331472,0.0
SAMD3,0.06805391405584553,12.41275636207452,0.0
CSAG1,0.06804527079838081,12.407387522817567,0.0
CCDC96,0.06804062992216903,12.402018683560614,0.0
ZNF543,0.06803766234221054,12.396649844303662,0.0
STC1,0.06803630957992636,12.391281005046709,0.0
PTGER2,0.06802535088674043,12.385912165789756,0.0
ZNF474,0.06801896569966673,12.380543326532804,0.0
CD5,0.06800360515433065,12.375174487275851,0.0
REG3A,0.06795871590555681,12.369805648018898,0.0
C22orf24,0.06793565107015824,12.364436808761946,0.0
ZNF628,0.06792396260989211,12.359067969504993,0.0
RPTN,0.06787315156783766,12.35369913024804,0.0
KRTAP4-11,0.06786952505936712,12.348330290991088,0.0
C6orf201,0.06784655912863648,12.342961451734135,0.0
AURKC,0.06782547460256648,12.337592612477183,0.0
SLC26A10,0.06782297740132322,12.33222377322023,0.0
RHOXF1,0.06780659306440204,12.326854933963277,0.0
SERPINA12,0.06778578328937492,12.321486094706325,0.0
RP11-986E7.7,0.06774639886993934,12.316117255449372,0.0
OCLM,0.06769054366401249,12.310748416192418,0.0
PIH1D2,0.0675798756071517,12.305379576935467,0.0
VSIG2,0.06757727099493091,12.300010737678514,0.0
AL163636.6,0.06753817636752449,12.294641898421562,0.0
ZNF502,0.06753200413362746,12.289273059164609,0.0
MPPE1,0.06753144062639396,12.283904219907656,0.0
TMEM234,0.06752477130946496,12.278535380650704,0.0
C11orf84,0.06751196952149659,12.273166541393751,0.0
RINL,0.06748251899582267,12.267797702136798,0.0
FSIP1,0.06747277739398969,12.262428862879846,0.0
GPRIN3,0.06747139187213437,12.257060023622893,0.0
BPIFB2,0.06746361525983853,12.25169118436594,0.0
C22orf29,0.06744676817735643,12.246322345108988,0.0
RPL17-C18orf32,0.06743995084427427,12.240953505852033,0.0
TXNL1,0.06742691226033762,12.235584666595082,0.0
MKX,0.06742334016122561,12.23021582733813,0.0
NKAIN2,0.06741756555028915,12.224846988081177,0.0
PAGE3,0.06738804316137667,12.219478148824225,0.0
ZNF549,0.06737381238718933,12.214109309567272,0.0
CYB5R2,0.06734960031005613,12.208740470310318,0.0
CNBD1,0.06727809826124076,12.203371631053367,0.0
NAA60,0.06727514572781079,12.198002791796414,0.0
LPPR3,0.06727209216600663,12.192633952539461,0.0
RHOV,0.06726971495836187,12.187265113282509,0.0
C9orf171,0.06724656884341741,12.181896274025556,0.0
OR1F1,0.06723119370305787,12.176527434768602,0.0
ERVW-1,0.06720664967667125,12.171158595511649,0.0
SBSN,0.06716604542279249,12.165789756254698,0.0
LRRC26,0.06716394460796009,12.160420916997746,0.0
PIDD,0.06714846648454129,12.155052077740793,0.0
DEFB115,0.06711302600505045,12.14968323848384,0.0
RWDD2A,0.06706045425812238,12.144314399226888,0.0
IL31,0.06704793977917153,12.138945559969933,0.0
UPK1A,0.06703386752017089,12.133576720712982,0.0
TCP10L2,0.06689492930259737,12.12820788145603,0.0
GABARAPL3,0.06688699670054446,12.122839042199077,0.0
SLC35F4,0.06688228373821749,12.117470202942124,0.0
FATE1,0.06686823408571588,12.112101363685172,0.0
LECT1,0.06686236800195618,12.106732524428217,0.0
GLOD5,0.0668584446023514,12.101363685171266,0.0
ASTE1,0.06683286606346543,12.095994845914314,0.0
ADRB3,0.06680620255428761,12.090626006657361,0.0
SCGB1D1,0.06676848185251576,12.085257167400409,0.0
SLC22A8,0.06675797403385676,12.079888328143456,0.0
WASF3,0.06675329761985906,12.074519488886502,0.0
SSX4,0.06674832657454863,12.069150649629549,0.0
PRRG1,0.0667028489015741,12.063781810372598,0.0
CADM3,0.06661546141041007,12.058412971115645,0.0
KIAA1919,0.0666063029560786,12.053044131858693,0.0
OR51D1,0.06656934307481668,12.04767529260174,0.0
FAM214B,0.06653480353359788,12.042306453344786,0.0
CNBD2,0.06652789816161672,12.036937614087833,0.0
CCDC63,0.06652653214832757,12.031568774830882,0.0
PCDHA8,0.06651760636417799,12.02619993557393,0.0
OR5M9,0.06649668870735004,12.020831096316977,0.0
SPATA16,0.0664804506468773,12.015462257060024,0.0
C6orf165,0.06647319476389243,12.010093417803072,0.0
C2orf66,0.06646398499335579,12.004724578546117,0.0
C19orf47,0.06644304761681194,11.999355739289165,0.0
C1orf226,0.06642252837136134,11.993986900032214,0.0
ZNF391,0.06637903946132491,11.988618060775261,0.0
RFESD,0.06636623592892532,11.983249221518308,0.0
GABRA3,0.06635583552785149,11.977880382261356,0.0
ZNF765,0.06634852522367402,11.972511543004401,0.0
ARMS2,0.06634791205035565,11.967142703747449,0.0
FAM21B,0.0663139482226778,11.961773864490498,0.0
OR10G4,0.06630179430057556,11.956405025233545,0.0
MS4A2,0.06626965234460003,11.951036185976593,0.0
ZNF530,0.06622113611396398,11.94566734671964,0.0
GGTLC1,0.06621232898551982,11.940298507462686,0.0
FAM155A,0.06619482446387884,11.934929668205733,0.0
WDSUB1,0.06616021228953728,11.92956082894878,0.0
GPR75-ASB3,0.06615222974060134,11.92419198969183,0.0
OR5H1,0.06613001829208778,11.918823150434877,0.0
NUDT13,0.06612899199913162,11.913454311177924,0.0
IQCC,0.06611823279917453,11.90808547192097,0.0
CCBL2,0.066115005825132,11.902716632664017,0.0
KCNA7,0.06611368328258616,11.897347793407064,0.0
KLHL10,0.06610710722235852,11.891978954150114,0.0
RP11-302M6.4,0.06610526086906764,11.88661011489316,0.0
KIR3DL1,0.06607322243452142,11.881241275636208,0.0
LCE2A,0.0660690257496955,11.875872436379256,0.0
ZPLD1,0.06606128757467519,11.870503597122301,0.0
SLFN12L,0.06603020543600373,11.865134757865349,0.0
BNIPL,0.0659852431642402,11.859765918608396,0.0
PSG11,0.06596413291404306,11.854397079351445,0.0
RP5-1021I20.4,0.06594970303042111,11.849028240094492,0.0
ANGPTL5,0.06594889453145984,11.84365940083754,0.0
S100G,0.06589971784838371,11.838290561580585,0.0
FCRLA,0.06587919249938813,11.832921722323633,0.0
RFPL4B,0.06587759787946991,11.82755288306668,0.0
IFNB1,0.06587671745268116,11.82218404380973,0.0
STH,0.06585486630035269,11.816815204552777,0.0
NT5M,0.06580415286835738,11.811446365295824,0.0
C7orf31,0.06579515190933216,11.80607752603887,0.0
C1orf116,0.06578033074381172,11.800708686781917,0.0
LRRC37A,0.06577995483424563,11.795339847524964,0.0
MFSD4,0.06574991994860407,11.789971008268013,0.0
FAM154A,0.0657355092276145,11.78460216901106,0.0
SOWAHD,0.06567654320828775,11.779233329754108,0.0
ZNF30,0.06566625610948679,11.773864490497154,0.0
NECAB1,0.0656197738560409,11.768495651240201,0.0
LCE1D,0.06559979366109728,11.763126811983248,0.0
EPPIN-WFDC6,0.06558974802306979,11.757757972726296,0.0
TMEM37,0.06558567319580802,11.752389133469345,0.0
STMN2,0.06557116507558336,11.747020294212392,0.0
RHBDL2,0.06554730581891667,11.74165145495544,0.0
GOLGA6B,0.06547645235232222,11.736282615698485,0.0
MAS1,0.06545425258086066,11.730913776441533,0.0
STX16-NPEPL1,0.06545023698066978,11.72554493718458,0.0
GPR151,0.06544603400952151,11.720176097927629,0.0
HLA-DOB,0.06543911475013423,11.714807258670676,0.0
TRIM62,0.06539997075544209,11.709438419413724,0.0
MMP10,0.06539593244425532,11.70406958015677,0.0
SYNPR,0.06531826885031125,11.698700740899817,0.0
TMEM60,0.06529850383047928,11.693331901642864,0.0
FAM47E,0.0652489964157288,11.687963062385911,0.0
RP11-613M10.8,0.06524496711395959,11.68259422312896,0.0
TMSB15B,0.06523176852327853,11.677225383872008,0.0
POTED,0.06522949156972412,11.671856544615054,0.0
CDH19,0.06522423345347136,11.6664877053581,0.0
CELA3A,0.06520871743287684,11.661118866101148,0.0
C6orf15,0.06518705937701838,11.655750026844196,0.0
TMEM89,0.0651789999051883,11.650381187587245,0.0
PRICKLE4,0.06516669557711312,11.645012348330292,0.0
TMEM35,0.06516214106561091,11.639643509073338,0.0
CCDC11,0.06516173813116927,11.634274669816385,0.0
RP11-176H8.1,0.0651262966502097,11.628905830559432,0.0
CLEC2L,0.06511410260320787,11.62353699130248,0.0
ARMC3,0.06510670419787344,11.618168152045527,0.0
MUM1L1,0.06507683314768249,11.612799312788576,0.0
YBX2,0.06506698979124553,11.607430473531624,0.0
C11orf80,0.06505895905057178,11.60206163427467,0.0
ZNF654,0.06499011914060959,11.596692795017717,0.0
PYDC1,0.0649598347644196,11.591323955760764,0.0
SCGB1C1,0.06493482786215579,11.585955116503811,0.0
TGM4,0.06491450616571563,11.58058627724686,0.0
LBX2,0.06489939569807544,11.575217437989908,0.0
FAM179A,0.06487268907563025,11.569848598732953,0.0
RNF148,0.06486802057895283,11.564479759476,0.0
ZNF720,0.06485046298452926,11.559110920219048,0.0
ATP5L2,0.06484631631722415,11.553742080962095,0.0
POU2AF1,0.06484246308731162,11.548373241705143,0.0
SULT4A1,0.06481366521667505,11.543004402448192,0.0
DCSTAMP,0.0647699210016204,11.537635563191238,0.0
PPY,0.06474920073148352,11.532266723934285,0.0
ICAM4,0.06472188769634592,11.526897884677332,0.0
ZIK1,0.06470901115501985,11.52152904542038,0.0
IFNA10,0.06467867347634598,11.516160206163427,0.0
TGIF2LY,0.0646748225880943,11.510791366906476,0.0
LRRC3,0.06464290242186074,11.505422527649522,0.0
SLC7A3,0.0646248644902849,11.500053688392569,0.0
FAM19A2,0.06461486214242552,11.494684849135616,0.0
SLC35E2,0.06461280688237372,11.489316009878664,0.0
GOLGA8F,0.06457886448334711,11.483947170621711,0.0
RP11-371E8.4,0.06453116883116884,11.478578331364758,0.0
PTPLAD1,0.06452993719489293,11.473209492107808,0.0
NUGGC,0.0645187449527578,11.467840652850853,0.0
ZNF77,0.06450956471392559,11.4624718135939,0.0
ZNF737,0.0645013236473242,11.457102974336948,0.0
LCA5L,0.06438320571572013,11.451734135079995,0.0
ARPC4-TTLL3,0.06436594899572819,11.446365295823043,0.0
SH2D5,0.06435527492565782,11.440996456566092,0.0
GRAMD2,0.06430912918173341,11.435627617309137,0.0
LRRTM4,0.06427794540350866,11.430258778052185,0.0
PTX4,0.0642759556893163,11.424889938795232,0.0
SLC22A13,0.06427363189784079,11.41952109953828,0.0
HIST1H4E,0.06426318401739753,11.414152260281327,0.0
COX18,0.06424048603238255,11.408783421024376,0.0
KRTAP5-10,0.06424034257924677,11.403414581767422,0.0
CAPS2,0.06423306923641443,11.398045742510469,0.0
C3orf17,0.06417260001650481,11.392676903253516,0.0
HCAR1,0.06415288674421978,11.387308063996564,0.0
C1orf174,0.06415147835558552,11.381939224739611,0.0
ASAH2B,0.06409574470192161,11.376570385482658,0.0
CCDC78,0.06409174746821807,11.371201546225706,0.0
HIST1H2BI,0.06408928869506718,11.365832706968753,0.0
RP11-574K11.31,0.06404055662805663,11.3604638677118,0.0
FAM105A,0.06402715129273824,11.355095028454848,0.0
ZFY,0.06398439088259275,11.349726189197895,0.0
SLC22A24,0.06388196783344666,11.344357349940942,0.0
KIAA1467,0.06387275227796421,11.338988510683992,0.0
KCNG3,0.0638377900106482,11.333619671427037,0.0
FMR1NB,0.0638281507282453,11.328250832170085,0.0
SLC25A43,0.06377919393116815,11.322881992913132,0.0
RP11-133K1.2,0.0637723693219692,11.31751315365618,0.0
CT45A5,0.06374202754133382,11.312144314399227,0.0
SPDYA,0.06370372915808184,11.306775475142274,0.0
GLI4,0.06365251616179675,11.301406635885321,0.0
C2orf78,0.06365152060057175,11.296037796628369,0.0
RP13-512J5.1,0.06362186505923731,11.290668957371416,0.0
PCNXL4,0.06359297536809597,11.285300118114463,0.0
ANKRD7,0.06356205764212274,11.27993127885751,0.0
GYPB,0.06356054075212507,11.274562439600558,0.0
C1orf94,0.06355282340826669,11.269193600343606,0.0
ZNF599,0.06353499947922048,11.263824761086653,0.0
BMP3,0.06352704845038362,11.2584559218297,0.0
SLC25A42,0.06350328421957628,11.253087082572748,0.0
C10orf82,0.06347407765095568,11.247718243315795,0.0
POGK,0.06344880888172534,11.242349404058842,0.0
KIAA0825,0.06344364167863606,11.23698056480189,0.0
PRR22,0.0634033227025664,11.231611725544937,0.0
HARBI1,0.0633871164645493,11.226242886287984,0.0
ZNF709,0.06337375882483987,11.220874047031032,0.0
AL161784.1,0.06336599858474859,11.215505207774079,0.0
SMIM21,0.06331219177609984,11.210136368517126,0.0
EQTN,0.06329830928596772,11.204767529260174,0.0
CRISP2,0.06326924770533018,11.199398690003221,0.0
SFTA3,0.06324888206946694,11.194029850746269,0.0
C4orf45,0.06322858757151596,11.188661011489316,0.0
TREM1,0.06314097977834342,11.183292172232363,0.0
FMO1,0.06312619085814161,11.17792333297541,0.0
OR5M1,0.06311292525332904,11.172554493718458,0.0
C14orf177,0.06310092212371236,11.167185654461505,0.0
XXbac-BPG32J3.20,0.06308750734821911,11.161816815204553,0.0
NPAP1,0.06305173626513635,11.1564479759476,0.0
LRGUK,0.06304280934364523,11.151079136690647,0.0
COQ10B,0.06304213380640182,11.145710297433695,0.0
RP11-125O5.2,0.06300439393939393,11.140341458176742,0.0
IFNA21,0.06300161383940088,11.13497261891979,0.0
TMPRSS7,0.06291074357244283,11.129603779662837,0.0
LRRC29,0.06281679766627993,11.124234940405884,0.0
C17orf74,0.06281337099913083,11.118866101148932,0.0
TMEM183A,0.06278570935610388,11.113497261891979,0.0
SPINT4,0.06277995094085453,11.108128422635026,0.0
IQCF5,0.06275256231134736,11.102759583378074,0.0
INSM2,0.06275144110275689,11.097390744121121,0.0
KRTCAP3,0.06269775386047008,11.092021904864168,0.0
HHLA2,0.06269470326365051,11.086653065607216,0.0
CPA1,0.06266925330647384,11.081284226350263,0.0
GPR162,0.0626635296936818,11.07591538709331,0.0
TMEM128,0.06265934765426814,11.070546547836358,0.0
C9orf50,0.0626541106325891,11.065177708579405,0.0
BPIFA2,0.06264417609243338,11.059808869322453,0.0
LCE2C,0.06261325208341381,11.0544400300655,0.0
ZNF441,0.06260641333028753,11.049071190808547,0.0
NAA11,0.0625853325837431,11.043702351551595,0.0
CDH26,0.06257498569525746,11.038333512294642,0.0
LRRC3B,0.06257134505394232,11.03296467303769,0.0
MAB21L3,0.0625651697755504,11.027595833780737,0.0
RGPD6,0.06255196522539337,11.022226994523784,0.0
SPANXN5,0.06253572114660091,11.016858155266831,0.0
ZNF20,0.06248723775852405,11.011489316009879,0.0
HIST1H4H,0.06246092795733767,11.006120476752926,0.0
PTPN7,0.06246079246222669,11.000751637495974,0.0
RPRM,0.06244199508175037,10.99538279823902,0.0
CDH20,0.06241506739398828,10.990013958982068,0.0
PROX2,0.06241334769198148,10.984645119725116,0.0
LY6G6D,0.06236056971598756,10.979276280468163,0.0
GJA10,0.06234905107766557,10.97390744121121,0.0
TMOD4,0.06229576759428954,10.968538601954258,0.0
KRTAP9-1,0.06227961399604538,10.963169762697305,0.0
CCDC147,0.06227458581979697,10.957800923440352,0.0
GLYAT,0.06226527718931439,10.9524320841834,0.0
CXCL11,0.0622547680959459,10.947063244926447,0.0
SPATA33,0.06224918673642854,10.941694405669494,0.0
OTOP1,0.06222911082137914,10.936325566412542,0.0
WAPAL,0.06222800945895692,10.93095672715559,0.0
ZNF283,0.06220447477160991,10.925587887898637,0.0
CTD-2545M3.6,0.062189816489388886,10.920219048641684,0.0
CTD-2545G14.7,0.06215912409433342,10.914850209384731,0.0
VCX,0.06215824418588678,10.909481370127779,0.0
RNF217,0.06212787701605391,10.904112530870826,0.0
STX19,0.062110443691635785,10.898743691613873,0.0
RP11-438J1.1,0.06209937886868033,10.89337485235692,0.0
KIAA1377,0.06207318380304174,10.888006013099968,0.0
ZC3H10,0.062007952171783974,10.882637173843015,0.0
NPFFR2,0.06198973449358573,10.877268334586063,0.0
LCE2D,0.061923162092535476,10.87189949532911,0.0
CHKB-CPT1B,0.06190535767384564,10.866530656072158,0.0
GABRG3,0.06187379194239754,10.861161816815205,0.0
FBXO31,0.0618575551861138,10.85579297755825,0.0
PRH2,0.061839795280036615,10.8504241383013,0.0
L34079.2,0.06182014145119814,10.845055299044347,0.0
PVRL2,0.06172890785522365,10.839686459787394,0.0
DUSP4,0.06171027950806679,10.834317620530442,0.0
KRTAP10-9,0.061709875018761906,10.828948781273489,0.0
CDR1,0.06169290745932835,10.823579942016535,0.0
FAM187A,0.06164382446192851,10.818211102759584,0.0
ZNF321P,0.061637593090620835,10.812842263502631,0.0
XKR3,0.06157794462214804,10.807473424245678,0.0
MSL1,0.06157711407998887,10.802104584988726,0.0
EBLN2,0.06157341814764541,10.796735745731773,0.0
LCE4A,0.06156212055799866,10.79136690647482,0.0
RP11-152F13.10,0.061531905501166974,10.785998067217868,0.0
TRABD2A,0.06152215682865529,10.780629227960915,0.0
CTD-2616J11.11,0.061519369714294767,10.775260388703963,0.0
CMTM1,0.06149452216883393,10.76989154944701,0.0
CKLF-CMTM1,0.06149340908607588,10.764522710190057,0.0
RELL2,0.06146175791349071,10.759153870933105,0.0
WBSCR28,0.06145655908735779,10.75378503167615,0.0
C9orf129,0.06143603931521182,10.7484161924192,0.0
RTDR1,0.06140684638172748,10.743047353162247,0.0
CLC,0.06139043152692618,10.737678513905294,0.0
LRRC27,0.06135727026653541,10.732309674648342,0.0
TTC16,0.06132688198485938,10.726940835391389,0.0
ZNF581,0.061289231514010264,10.721571996134434,0.0
ADC,0.06128684383210183,10.716203156877484,0.0
KRTAP19-6,0.06128162346739933,10.710834317620531,0.0
FCRL6,0.06126618232947452,10.705465478363578,0.0
PLA2G12B,0.061234855256838604,10.700096639106626,0.0
EFHB,0.061217677927011195,10.694727799849673,0.0
WFDC3,0.061204702573187976,10.689358960592719,0.0
FUT10,0.06117291250990893,10.683990121335766,0.0
RNF138,0.0611491665219386,10.678621282078815,0.0
MAGEA8,0.06113932967263127,10.673252442821862,0.0
SMPX,0.0611331367413462,10.66788360356491,0.0
AC003005.4,0.06110909090909091,10.662514764307957,0.0
CTSS,0.061091827164446735,10.657145925051005,0.0
ERMARD,0.0610797882151928,10.65177708579405,0.0
KRTAP3-2,0.06103709815090476,10.6464082465371,0.0
KRTAP4-6,0.061032471053850366,10.641039407280147,0.0
BOD1L2,0.06101029271101603,10.635670568023194,0.0
LIMD2,0.06097296641006696,10.630301728766241,0.0
DFNB59,0.060969123892376464,10.624932889509289,0.0
CRIP3,0.06090473150609148,10.619564050252334,0.0
C20orf197,0.0608757861480271,10.614195210995382,0.0
FAM101B,0.06086439558103833,10.60882637173843,0.0
IZUMO2,0.060861242549505166,10.603457532481478,0.0
FXYD3,0.06084434149772444,10.598088693224526,0.0
HSD17B13,0.06082809852862736,10.592719853967573,0.0
ST6GALNAC5,0.06079157042127119,10.587351014710618,0.0
LGALS14,0.06072368577198417,10.581982175453666,0.0
CBLN4,0.06070744292454935,10.576613336196715,0.0
LURAP1L,0.06069652160060649,10.571244496939762,0.0
KRTAP9-3,0.06068828407250741,10.56587565768281,0.0
DIO2,0.06057580624805442,10.560506818425857,0.0
C9orf9,0.060555841359937634,10.555137979168903,0.0
PLEK2,0.06048046458984724,10.54976913991195,0.0
RGS20,0.06047269980694888,10.544400300654997,0.0
SERPINA9,0.06044698846804636,10.539031461398046,0.0
LRRTM3,0.060438392041819125,10.533662622141094,0.0
SMCP,0.060432171606217354,10.528293782884141,0.0
FIGLA,0.06042819253884648,10.522924943627189,0.0
C7orf34,0.0604151142601164,10.517556104370234,0.0
RP11-162P23.2,0.060386814914645114,10.512187265113281,0.0
OR8B2,0.06036398470029606,10.50681842585633,0.0
LRRC24,0.060315846028804576,10.501449586599378,0.0
WFDC5,0.06023574633835678,10.496080747342425,0.0
BPI,0.060230498111844846,10.490711908085473,0.0
PAMR1,0.06021157372059764,10.485343068828518,0.0
ZNF157,0.06019110225118592,10.479974229571566,0.0
CTC-454I21.3,0.0601899772641152,10.474605390314613,0.0
C2orf43,0.06017249335656588,10.469236551057662,0.0
ILKAP,0.0600995222350727,10.46386771180071,0.0
OPALIN,0.060063462362746435,10.458498872543757,0.0
SHOX,0.060030657754829665,10.453130033286802,0.0
RERGL,0.06000600624728923,10.44776119402985,0.0
PCDHGC4,0.05998895146350679,10.442392354772897,0.0
CCDC3,0.059952000203066305,10.437023515515946,0.0
CDADC1,0.059932135690096124,10.431654676258994,0.0
SERPINB10,0.05992300868216164,10.426285837002041,0.0
CD84,0.05989994827451468,10.420916997745087,0.0
ILDR2,0.05989208128154948,10.415548158488134,0.0
IL26,0.05988711802382877,10.410179319231181,0.0
WFDC6,0.059872657224001945,10.40481047997423,0.0
TMEM102,0.05983354509267821,10.399441640717278,0.0
C3orf84,0.05981094538400581,10.394072801460325,0.0
PFN3,0.05977701865391374,10.388703962203373,0.0
RAB30,0.059767823118212084,10.383335122946418,0.0
PMP2,0.059767576968743186,10.377966283689465,0.0
KRTAP10-2,0.05974986194528418,10.372597444432513,0.0
KLK15,0.059719649316035905,10.367228605175562,0.0
ZNF789,0.05971061240038582,10.36185976591861,0.0
ZNF705G,0.05962435825441864,10.356490926661657,0.0
CCR3,0.059620811526934915,10.351122087404702,0.0
TRIM39-RPP21,0.05956099126270552,10.34575324814775,0.0
RP11-447L10.1,0.059546276595744685,10.340384408890797,0.0
TGIF2LX,0.059544413269124664,10.335015569633846,0.0
HBQ1,0.05951983349933043,10.329646730376894,0.0
FAXC,0.05950700449134302,10.32427789111994,0.0
OR2D2,0.05947418568830274,10.318909051862986,0.0
PRTN3,0.059471804256649344,10.313540212606034,0.0
COX6B2,0.0594616912840197,10.308171373349081,0.0
FAM187B,0.059412089432494375,10.302802534092129,0.0
CRISP3,0.059405681166375304,10.297433694835178,0.0
MAGEB3,0.05938938409181542,10.292064855578225,0.0
POPDC3,0.059373860737056014,10.28669601632127,0.0
NPTXR,0.0593570905409863,10.281327177064318,0.0
RPS4Y2,0.05930191862462732,10.275958337807365,0.0
FAM84A,0.05929224254365374,10.270589498550413,0.0
NXPH4,0.059251135104452554,10.265220659293462,0.0
SPATA12,0.059250152797818645,10.25985182003651,0.0
ITPRIPL1,0.059243462647411614,10.254482980779557,0.0
TINAG,0.05917299308427423,10.249114141522602,0.0
GPR160,0.05906800212038808,10.24374530226565,0.0
CSN3,0.05906740544673763,10.238376463008697,0.0
C11orf35,0.05906091076094315,10.233007623751744,0.0
CCDC173,0.059037637510936644,10.227638784494793,0.0
TMEM154,0.05900450265967925,10.22226994523784,0.0
C4orf46,0.058976815449666244,10.216901105980886,0.0
ODF1,0.05897308923546479,10.211532266723934,0.0
TNFAIP8,0.05897105596184369,10.206163427466981,0.0
ZNF662,0.05895104127895088,10.200794588210028,0.0
FCRL1,0.05892472014596138,10.195425748953078,0.0
IFNA4,0.058911361584491354,10.190056909696125,0.0
GNB2L1,0.05890433086955724,10.18468807043917,0.0
GAREM,0.058886440772034,10.179319231182218,0.0
OVCH2,0.058886201552632925,10.173950391925265,0.0
TIGD3,0.058860591993408984,10.168581552668313,0.0
GAGE2D,0.058859157859059805,10.16321271341136,0.0
METTL21A,0.0587825956950324,10.157843874154409,0.0
R3HDML,0.058771516191639304,10.152475034897455,0.0
GALNT14,0.058729709639792516,10.147106195640502,0.0
AC003002.4,0.058704983857949956,10.14173735638355,0.0
TEX13A,0.0586777640944946,10.136368517126597,0.0
SERTAD4,0.058659443169120584,10.130999677869644,0.0
TMEM26,0.05860205008588674,10.125630838612693,0.0
STEAP1B,0.058576489921222594,10.12026199935574,0.0
C1QTNF9B,0.05856428572600373,10.114893160098786,0.0
RAB33B,0.05854974418214134,10.109524320841834,0.0
ABHD14A-ACY1,0.05849866429817776,10.10415548158488,0.0
BTG4,0.058474362237682584,10.098786642327928,0.0
AMICA1,0.05846950473925022,10.093417803070977,0.0
RP1-27O5.3,0.05845251250493675,10.088048963814025,0.0
VN1R4,0.05831330893510047,10.08268012455707,0.0
INSL5,0.058274762361738286,10.077311285300118,0.0
NPY,0.05826702287785975,10.071942446043165,0.0
C2orf57,0.0582121222005915,10.066573606786212,0.0
SEPT11,0.05816968501927784,10.06120476752926,0.0
ZNF285,0.05812970859511899,10.055835928272309,0.0
CLDN20,0.058125778905950096,10.050467089015354,0.0
ZNF551,0.05807974086896119,10.045098249758402,0.0
GPR144,0.05806169398951716,10.03972941050145,0.0
C11orf82,0.05804233028325577,10.034360571244497,0.0
MBLAC2,0.058038541771903665,10.028991731987544,0.0
RAD51AP2,0.05803007604662164,10.023622892730593,0.0
RP11-343C2.9,0.05800840911974514,10.018254053473639,0.0
LRRC43,0.05793135496512432,10.012885214216686,0.0
RP11-389E17.1,0.05792416265081142,10.007516374959733,0.0
CALM3,0.05791964498284158,10.00214753570278,0.0
PNLIPRP1,0.05788714991783632,9.996778696445828,0.0
C3orf22,0.05784216452661869,9.991409857188875,0.0
MAGEB16,0.05784205433201417,9.986041017931925,0.0
AL645608.1,0.057788683771275176,9.98067217867497,0.0
RNASE3,0.05777887699657254,9.975303339418018,0.0
LHB,0.057759956770069266,9.969934500161065,0.0
TIAF1,0.05775884876209254,9.964565660904112,0.0
ZNF155,0.057752638879013406,9.95919682164716,0.0
ZBTB37,0.0577258383821496,9.953827982390209,0.0
GPR32,0.05769576145215553,9.948459143133254,0.0
TIGD6,0.05769302977123438,9.943090303876302,0.0
RP11-296A16.1,0.057671153846153844,9.937721464619349,0.0
C9orf173,0.057668270740369384,9.932352625362396,0.0
LILRA2,0.057656793052016056,9.926983786105444,0.0
GPR141,0.05763147923830989,9.921614946848491,0.0
IL1RAPL2,0.057618383529991865,9.916246107591538,0.0
TREML2,0.05754453987527882,9.910877268334586,0.0
ZNF185,0.05750738275970165,9.905508429077633,0.0
ZNF714,0.0575033580846427,9.90013958982068,0.0
TPSG1,0.05748224306848625,9.894770750563728,0.0
SLC22A15,0.05747810848687542,9.889401911306775,0.0
HIST1H2AK,0.05747004049871697,9.884033072049823,0.0
FUT5,0.05746063736960081,9.87866423279287,0.0
AC010646.3,0.05745807895807895,9.873295393535917,0.0
PRSS48,0.05745385584788665,9.867926554278965,0.0
RIPPLY1,0.05738789862251366,9.862557715022012,0.0
WSCD2,0.05738267132979251,9.85718887576506,0.0
ANKRD42,0.0573761433042426,9.851820036508107,0.0
UBQLNL,0.05734197939539859,9.846451197251154,0.0
SLC35E4,0.05732544340413601,9.841082357994202,0.0
KRT26,0.05732336402678273,9.835713518737249,0.0
STX12,0.05727386083810546,9.830344679480296,0.0
PLEKHG7,0.057241200045729655,9.824975840223344,0.0
CCDC83,0.0572158483828511,9.819607000966391,0.0
C2orf71,0.05720919824455979,9.814238161709438,0.0
BHLHB9,0.057206130289007985,9.808869322452486,0.0
CCL23,0.057196396039388156,9.803500483195533,0.0
RDH8,0.05714916858845078,9.79813164393858,0.0
OR52H1,0.05714555780552634,9.792762804681628,0.0
IGFL3,0.05714003201622856,9.787393965424675,0.0
IFRG15,0.05713853285738857,9.782025126167722,0.0
UCN2,0.057125953754577075,9.77665628691077,0.0
CTB-54O9.9,0.05710419429402212,9.771287447653817,0.0
PAQR6,0.057058981818258046,9.765918608396865,0.0
GPR34,0.057057091993446094,9.760549769139912,0.0
ROPN1,0.05703908717410866,9.75518092988296,0.0
TMEM155,0.05697210671385661,9.749812090626007,0.0
CTD-2528L19.4,0.056961405529953914,9.744443251369054,0.0
VPREB1,0.056928790387605586,9.739074412112101,0.0
ECM2,0.05692623501724111,9.733705572855149,0.0
KRTAP9-4,0.05686101562764491,9.728336733598196,0.0
SAGE1,0.056855836705102705,9.722967894341243,0.0
FAM47A,0.05685457664151282,9.71759905508429,0.0
FAM124B,0.056852633935971064,9.712230215827338,0.0
ZNF552,0.05684816137538238,9.706861376570386,0.0
CDKL4,0.056837708160208625,9.701492537313433,0.0
SLC10A7,0.05683330493263583,9.69612369805648,0.0
CDH22,0.05683274075061824,9.690754858799528,0.0
CTD-2287O16.3,0.05682483933198197,9.685386019542575,0.0
ZNF280A,0.05682001427063523,9.680017180285622,0.0
TTLL9,0.05679853968611881,9.67464834102867,0.0
MAGEA12,0.05678527356547144,9.669279501771717,0.0
SLC30A2,0.056781509327477164,9.663910662514764,0.0
NLRP10,0.05675467439660629,9.658541823257812,0.0
WISP1,0.0567337679515833,9.653172984000859,0.0
C20orf85,0.056708021990935255,9.647804144743906,0.0
C17orf70,0.05667223103238157,9.642435305486954,0.0
RFPL4AL1,0.05662217223343293,9.637066466230001,0.0
LDLRAD1,0.056573527106874036,9.631697626973049,0.0
FAM71F1,0.05657029745917756,9.626328787716096,0.0
CTRB1,0.056568820758579774,9.620959948459143,0.0
TTC9,0.05649099551445495,9.61559110920219,0.0
ANP32D,0.05644980366523398,9.610222269945238,0.0
HIST1H3B,0.0564023823384975,9.604853430688285,0.0
KCNK18,0.05639852667985025,9.599484591431333,0.0
GPR115,0.056397896572740316,9.59411575217438,0.0
RIMKLA,0.05636086889208318,9.588746912917427,0.0
RP11-145E5.5,0.056315288220551374,9.583378073660475,0.0
CD164L2,0.05630258772103457,9.578009234403522,0.0
SUSD3,0.056298962949159814,9.57264039514657,0.0
CEND1,0.056277475325797785,9.567271555889617,0.0
AADACL4,0.05626387014997358,9.561902716632664,0.0
FAM169B,0.056252368799067844,9.556533877375712,0.0
GJD4,0.05624670679834872,9.551165038118759,0.0
FAM194A,0.056213070263070264,9.545796198861806,0.0
HOXC10,0.056176342634602104,9.540427359604852,0.0
MLF1IP,0.056166797915338386,9.535058520347901,0.0
LHFPL4,0.0560670666968579,9.529689681090948,0.0
CTD-3148I10.9,0.056035270326688244,9.524320841833996,0.0
CCDC140,0.05601477819330593,9.518952002577043,0.0
SLC5A8,0.056006345621440176,9.51358316332009,0.0
TFF2,0.05598267595658938,9.508214324063138,0.0
WBSCR17,0.05596435333469343,9.502845484806185,0.0
SPINK14,0.055957168455422056,9.497476645549233,0.0
IFNW1,0.05593760913656224,9.49210780629228,0.0
RP11-514O12.4,0.05593284609770684,9.486738967035327,0.0
DDX26B,0.05585098326019805,9.481370127778375,0.0
C6orf58,0.05584665567438407,9.476001288521422,0.0
HIST1H3D,0.055846273760236674,9.470632449264468,0.0
TMEM133,0.05583792175681438,9.465263610007517,0.0
ATP5J2-PTCD1,0.05583513481120402,9.459894770750564,0.0
C8orf86,0.055789598888194535,9.454525931493611,0.0
HSPE1-MOB4,0.05578683701526406,9.449157092236659,0.0
C6ORF165,0.05577662702404905,9.443788252979706,0.0
HIST1H4D,0.055747407694181364,9.438419413722752,0.0
ART1,0.055702694891141415,9.4330505744658,0.0
LA16c-431H6.6,0.05569339023585683,9.427681735208848,0.0
AP000349.1,0.055691900705445184,9.422312895951896,0.0
PET112,0.055687810877364484,9.416944056694943,0.0
HIST1H4C,0.05567583900744194,9.41157521743799,0.0
LRRC48,0.055641715552030555,9.406206378181036,0.0
LRFN1,0.055641472212711617,9.400837538924085,0.0
GBP6,0.05559291410843549,9.395468699667132,0.0
HEATR2,0.05557652012801147,9.39009986041018,0.0
LRRIQ4,0.05554595746339508,9.384731021153227,0.0
ZNF202,0.055496798980212925,9.379362181896274,0.0
TRIM67,0.0554924051406564,9.373993342639322,0.0
FAM71B,0.05548378897611563,9.368624503382367,0.0
GPR12,0.05546334275377144,9.363255664125417,0.0
LONRF3,0.05541507848444882,9.357886824868464,0.0
C3orf36,0.05540870757864028,9.352517985611511,0.0
TCEAL6,0.05538525454965071,9.347149146354559,0.0
PCDHB1,0.05535073260490443,9.341780307097606,0.0
FAM65C,0.05533543459916329,9.336411467840652,0.0
TPD52L3,0.05532435736384622,9.3310426285837,0.0
SPIN2A,0.055322039805248836,9.325673789326748,0.0
ZNF728,0.055309035658440385,9.320304950069795,0.0
KRTAP20-2,0.05526071758116009,9.314936110812843,0.0
RP11-872D17.8,0.0552261228542817,9.30956727155589,0.0
SHE,0.055202811367066576,9.304198432298936,0.0
IDI2,0.05515277434631657,9.298829593041983,0.0
SDCBP2,0.0551201670685636,9.293460753785032,0.0
ISPD,0.055082466445751585,9.28809191452808,0.0
AC037459.4,0.055059181559928984,9.282723075271127,0.0
KRTAP5-1,0.055029759976747084,9.277354236014174,0.0
TMCO2,0.055026933688528276,9.27198539675722,0.0
RP4-583P15.15,0.055014880952380954,9.266616557500267,0.0
PLAC8L1,0.0549900380589163,9.261247718243316,0.0
CARTPT,0.05498828325690952,9.255878878986364,0.0
LRRC14B,0.054983518847409776,9.250510039729411,0.0
CFHR1,0.054983165594306604,9.245141200472458,0.0
AP000304.12,0.05498111360926332,9.239772361215506,0.0
PAQR9,0.05492160790937661,9.234403521958551,0.0
NFAM1,0.05488291565190677,9.229034682701599,0.0
KIAA0895,0.05484899676751396,9.223665843444648,0.0
AC103801.2,0.054828413683266616,9.218297004187695,0.0
SLC22A14,0.054821192791882446,9.212928164930743,0.0
ZNF684,0.05480011845868264,9.20755932567379,0.0
CYLC1,0.05477302656878903,9.202190486416836,0.0
SH2D7,0.05476460811838485,9.196821647159883,0.0
XKR9,0.0547642322076116,9.191452807902932,0.0
GBP7,0.05472142670154776,9.18608396864598,0.0
SERINC4,0.05470671278184151,9.180715129389027,0.0
UTP23,0.05468691903785237,9.175346290132074,0.0
GPR182,0.054647869480757026,9.16997745087512,0.0
NXPH1,0.054645589065115394,9.164608611618167,0.0
P2RX5-TAX1BP3,0.05464008754454972,9.159239772361214,0.0
ANKUB1,0.05462032443114232,9.153870933104264,0.0
TNP2,0.05461319417692524,9.148502093847311,0.0
AP000295.9,0.05461021959929855,9.143133254590358,0.0
CGB7,0.05452323227925514,9.137764415333404,0.0
CALM2,0.05451790986528836,9.132395576076451,0.0
PLA2G5,0.054461550696525494,9.127026736819499,0.0
DEFB119,0.054436220586377794,9.121657897562548,0.0
DCAF8L2,0.05442928416102687,9.116289058305595,0.0
MAGEC3,0.054408988807230406,9.110920219048642,0.0
P2RX1,0.054388776234416736,9.10555137979169,0.0
MND1,0.05436373497630724,9.100182540534735,0.0
EGFL6,0.05435579927705055,9.094813701277783,0.0
C1orf141,0.0543317113688377,9.08944486202083,0.0
TMEM106A,0.05432137418622265,9.08407602276388,0.0
WFDC11,0.054287524072675605,9.078707183506927,0.0
IFNE,0.05425234851846493,9.073338344249974,0.0
AMBN,0.054245502043228144,9.06796950499302,0.0
CNRIP1,0.05420597137819052,9.062600665736067,0.0
PGBD4,0.05417192805327381,9.057231826479114,0.0
FAM78A,0.054129219204489584,9.051862987222163,0.0
RP11-295P9.3,0.05411790189760115,9.04649414796521,0.0
RP11-977G19.10,0.05409853942525006,9.041125308708258,0.0
C1orf177,0.05408708283418116,9.035756469451304,0.0
RERG,0.05407026517929192,9.030387630194351,0.0
C1QTNF7,0.05397891426059751,9.025018790937398,0.0
UNC93A,0.05396217928211653,9.019649951680448,0.0
UBFD1,0.05396200886637566,9.014281112423495,0.0
TBCEL,0.0538935916410914,9.008912273166542,0.0
FAM26E,0.053883697351110316,9.003543433909588,0.0
C1orf63,0.053852663177011005,8.998174594652635,0.0
EFCAB4B,0.05378774813360602,8.992805755395683,0.0
NRN1L,0.053784236620513945,8.98743691613873,0.0
KRTAP1-5,0.0537828232237596,8.982068076881779,0.0
MTERFD3,0.05378164722830954,8.976699237624826,0.0
SPN,0.05377084929443586,8.971330398367874,0.0
RP11-507M3.1,0.05372229380788703,8.96596155911092,0.0
CCBL1,0.053709618031957174,8.960592719853967,0.0
TSSK6,0.053688321749230494,8.955223880597014,0.0
SIRPD,0.053677566908178806,8.949855041340063,0.0
DACH2,0.053627540259592286,8.94448620208311,0.0
AC003002.6,0.053625171053326405,8.939117362826158,0.0
ANXA10,0.05361693208800054,8.933748523569204,0.0
B3GALT1,0.053530466596724544,8.928379684312251,0.0
MAGEB6,0.05352214749216903,8.923010845055298,0.0
KLRG1,0.0535007350113047,8.917642005798346,0.0
MRO,0.053496183858266634,8.912273166541395,0.0
SLC25A48,0.053489104530371,8.906904327284442,0.0
PRDM8,0.05340363014364261,8.901535488027488,0.0
LY6D,0.0534026132040745,8.896166648770535,0.0
KRT37,0.0533908293112357,8.890797809513582,0.0
S100A7A,0.053325505168221966,8.88542897025663,0.0
TMIGD2,0.05330040967013596,8.880060130999679,0.0
TUBA3D,0.05329434991796892,8.874691291742726,0.0
TMEM202,0.05326762019287209,8.869322452485772,0.0
IL4I1,0.05324777721349393,8.86395361322882,0.0
C16orf71,0.053239360201578004,8.858584773971867,0.0
CHRNA10,0.053221018364174734,8.853215934714914,0.0
GJD3,0.05320571470171313,8.847847095457961,0.0
AQP8,0.05319333172935433,8.84247825620101,0.0
PRSS50,0.05318666927323026,8.837109416944058,0.0
SWSAP1,0.053182720204085855,8.831740577687103,0.0
C22orf31,0.053176278739634555,8.82637173843015,0.0
SYT12,0.053173289215936045,8.821002899173198,0.0
HIST1H3I,0.053167507539817006,8.815634059916245,0.0
MEX3A,0.053162535737227734,8.810265220659295,0.0
C15orf48,0.05309417318488228,8.804896381402342,0.0
ERP27,0.053081730883814716,8.799527542145388,0.0
TM6SF2,0.0530746281699381,8.794158702888435,0.0
NDNF,0.053069536383722735,8.788789863631482,0.0
SCTR,0.053061710396285655,8.78342102437453,0.0
PNPLA5,0.053053696776546345,8.778052185117577,0.0
BHLHE41,0.0530483184602219,8.772683345860626,0.0
AP003068.6,0.05302076477425446,8.767314506603672,0.0
AGPAT9,0.0530187966817474,8.761945667346719,0.0
AC074212.3,0.052984262458099306,8.756576828089766,0.0
C5orf55,0.0529608064029517,8.751207988832814,0.0
CLRN1,0.05295741193987702,8.745839149575861,0.0
C19orf40,0.052947274979355904,8.74047031031891,0.0
APOA1BP,0.052947083152935115,8.735101471061956,0.0
ZNF492,0.05293105384798326,8.729732631805003,0.0
EFCAB11,0.052919822839286014,8.72436379254805,0.0
GPR1,0.05291425732329117,8.718994953291098,0.0
SLC25A52,0.052911872662598246,8.713626114034145,0.0
AC007204.1,0.052909092551197814,8.708257274777194,0.0
C10orf62,0.05290511519567957,8.702888435520242,0.0
KRTAP4-4,0.05290079365079366,8.697519596263287,0.0
ZNF788,0.0528455731334164,8.692150757006335,0.0
C15orf27,0.052828511822116606,8.686781917749382,0.0
AL021546.6,0.05282813590126569,8.68141307849243,0.0
FAM71C,0.052820642484047595,8.676044239235477,0.0
LSMD1,0.05277963188751335,8.670675399978526,0.0
IQCF3,0.052772284137215277,8.665306560721572,0.0
MAMLD1,0.05275187951565809,8.659937721464619,0.0
GLIPR1L2,0.05274500456222615,8.654568882207666,0.0
CCDC121,0.05271209239553885,8.649200042950714,0.0
OR10Z1,0.052681119114312405,8.643831203693761,0.0
C8orf22,0.05265165647009766,8.63846236443681,0.0
CCDC160,0.05261162755197886,8.633093525179856,0.0
DEFB108B,0.052603120105326306,8.627724685922903,0.0
TLX1,0.052583946853044516,8.62235584666595,0.0
TMPRSS11A,0.05257215167171396,8.616987007408998,0.0
RP11-96O20.4,0.052523197108701694,8.611618168152045,0.0
TAGLN3,0.052520478732342536,8.606249328895093,0.0
C16orf54,0.052465161012313424,8.60088048963814,0.0
TMEM144,0.05246250383398758,8.595511650381187,0.0
CCDC64,0.05245750982190846,8.590142811124235,0.0
C10orf113,0.05243822402718055,8.584773971867282,0.0
IFI27L1,0.05243030887735134,8.57940513261033,0.0
KCNN1,0.05235538738982285,8.574036293353377,0.0
CPXCR1,0.05232109156473765,8.568667454096426,0.0
RP1-4G17.5,0.052315879427429934,8.563298614839471,0.0
CNPY1,0.05231238936469862,8.557929775582519,0.0
SLC9B1,0.05222800912876733,8.552560936325566,0.0
DLEU7,0.05218617360300497,8.547192097068613,0.0
FAM110A,0.052180852328289194,8.54182325781166,0.0
C9orf69,0.052145523436516086,8.536454418554708,0.0
PHF15,0.0520635783132372,8.531085579297756,0.0
KHDC3L,0.05202821453789654,8.525716740040803,0.0
C17orf77,0.052012173325859334,8.52034790078385,0.0
SPACA7,0.05194606230047234,8.514979061526898,0.0
PRR7,0.05191951597301645,8.509610222269945,0.0
UBE2F-SCLY,0.051855888036926076,8.504241383012992,0.0
PSG5,0.051846027496802415,8.49887254375604,0.0
SLMO2,0.0518400688148303,8.493503704499087,0.0
C10orf111,0.051835391824116936,8.488134865242134,0.0
ARIH2OS,0.051753890507117525,8.482766025985182,0.0
MMP17,0.0516860729940634,8.47739718672823,0.0
GDF9,0.05165877471699556,8.472028347471277,0.0
RAB7L1,0.05165172190993086,8.466659508214324,0.0
TMEM256-PLSCR3,0.051651077369470264,8.461290668957371,0.0
C1orf186,0.0516369759216176,8.455921829700419,0.0
CD79A,0.051586372896018404,8.450552990443466,0.0
C17orf104,0.051581914749815085,8.445184151186513,0.0
UCN3,0.051563596499018594,8.43981531192956,0.0
FAM71D,0.051499242424242433,8.434446472672608,0.0
DNAJB8,0.05147009096457387,8.429077633415655,0.0
IGFL2,0.05146270378923308,8.423708794158703,0.0
C6orf222,0.05139840353372873,8.41833995490175,0.0
CMTM2,0.05139343222606835,8.412971115644797,0.0
RP13-672B3.2,0.05136207546347138,8.407602276387845,0.0
RP11-795F19.5,0.05136181362497151,8.402233437130892,0.0
C1orf27,0.0512807415391609,8.39686459787394,0.0
SASH3,0.051264457934927954,8.391495758616987,0.0
CALML6,0.05117920694355123,8.386126919360034,0.0
SLC24A3,0.051143458199464,8.380758080103082,0.0
GAL,0.05112046183412896,8.375389240846129,0.0
GPR114,0.0510720063993337,8.370020401589176,0.0
SPATA21,0.0510475780817967,8.364651562332224,0.0
GPR111,0.05104363128884517,8.359282723075271,0.0
BMP15,0.051004167564081326,8.353913883818318,0.0
GPR19,0.05099251764439461,8.348545044561366,0.0
TMEM74,0.05098462771353426,8.343176205304413,0.0
ZNF727,0.05094511334190991,8.33780736604746,0.0
RNF103-CHMP3,0.05086655368168436,8.332438526790508,0.0
MS4A8,0.05084229281318098,8.327069687533555,0.0
PELI2,0.05082799681407909,8.321700848276603,0.0
ASB4,0.05081594246825059,8.31633200901965,0.0
FDCSP,0.050804483599723206,8.310963169762697,0.0
MBLAC1,0.050797040635990866,8.305594330505745,0.0
PPP1R27,0.05078120065227913,8.300225491248792,0.0
SSX5,0.05078043488824574,8.29485665199184,0.0
XAGE3,0.05076380387214657,8.289487812734887,0.0
SAMD5,0.05070551845003283,8.284118973477934,0.0
C19orf66,0.05069572999809846,8.278750134220981,0.0
REG3G,0.05066462235845537,8.273381294964029,0.0
GPR64,0.05065230659878106,8.268012455707076,0.0
PPP1R42,0.050587379435596144,8.262643616450124,0.0
KCTD18,0.05056744072520948,8.257274777193171,0.0
MYBPH,0.05056643530210966,8.251905937936218,0.0
PRR15L,0.05055075810273091,8.246537098679266,0.0
TSNAX-DISC1,0.050517797362847575,8.241168259422313,0.0
PRSS55,0.05050767765635206,8.23579942016536,0.0
ACRV1,0.05047851753402806,8.230430580908408,0.0
NFKBID,0.0504708116360996,8.225061741651455,0.0
IL21R,0.050469453177815524,8.219692902394502,0.0
SATL1,0.0504343080530915,8.21432406313755,0.0
LCN9,0.05041290413990659,8.208955223880597,0.0
GRXCR2,0.050409735935420794,8.203586384623645,0.0
CRTAM,0.050388929386568845,8.198217545366692,0.0
AC011484.1,0.05038595183297902,8.19284870610974,0.0
GPR156,0.050364997939725945,8.187479866852787,0.0
C2orf44,0.05035363242560835,8.182111027595834,0.0
MSANTD1,0.05031465008929339,8.176742188338881,0.0
ZNF660,0.05028490226804896,8.171373349081929,0.0
PRSS53,0.05025309739280327,8.166004509824976,0.0
ZNF736,0.05024779386071661,8.160635670568023,0.0
C2CD4B,0.050145303516450135,8.15526683131107,0.0
RBAK-RBAKDN,0.0501211802950607,8.149897992054118,0.0
FNDC7,0.050119743599609426,8.144529152797165,0.0
CLEC3A,0.05011057474482479,8.139160313540213,0.0
RP11-196G11.1,0.05009167701239453,8.13379147428326,0.0
KRTAP23-1,0.050036434921723535,8.128422635026308,0.0
TRIM50,0.05003131166486709,8.123053795769355,0.0
GZMH,0.0500270765295554,8.117684956512402,0.0
RP11-248J23.7,0.049988990505515314,8.11231611725545,0.0
CELA2A,0.049951561495162625,8.106947277998497,0.0
SLC7A4,0.04994955578793193,8.101578438741544,0.0
CTD-2583A14.9,0.049924562989752876,8.096209599484592,0.0
IFLTD1,0.049860471086290756,8.090840760227639,0.0
INS-IGF2,0.04984901982587052,8.085471920970685,0.0
ANKK1,0.049796269039158944,8.080103081713734,0.0
RAET1L,0.0497886292424312,8.074734242456781,0.0
ZNF124,0.049779764711305644,8.069365403199829,0.0
TCEANC2,0.049773850067655,8.063996563942876,0.0
HMSD,0.04975484006065106,8.058627724685923,0.0
AD000671.6,0.049748051948051944,8.053258885428969,0.0
ZCCHC13,0.04974560214910526,8.047890046172018,0.0
LY6G5C,0.049681869005536276,8.042521206915065,0.0
A3GALT2,0.0496727910117329,8.037152367658113,0.0
IL17B,0.049653614715489285,8.03178352840116,0.0
C1QTNF6,0.04964899492762871,8.026414689144207,0.0
KRTAP3-3,0.04962558224024975,8.021045849887255,0.0
DEFB104A,0.04961575812313332,8.015677010630302,0.0
CTD-2192J16.20,0.04958113393505551,8.01030817137335,0.0
GOLGA8S,0.04957913316882327,8.004939332116397,0.0
FAM180A,0.049553758628487474,7.999570492859444,0.0
RBM46,0.04946790722855772,7.994201653602491,0.0
PRB2,0.04945517190354929,7.988832814345538,0.0
PMF1-BGLAP,0.049452592020452955,7.983463975088585,0.0
AL121963.1,0.04943627779494398,7.978095135831634,0.0
TP53I13,0.04941090943851458,7.972726296574681,0.0
NTN5,0.04938858536557561,7.967357457317728,0.0
OOEP,0.04937125810679659,7.961988618060775,0.0
RBMXL2,0.049318253686785246,7.956619778803822,0.0
RP11-178C3.1,0.049312239514871084,7.95125093954687,0.0
VCX2,0.049305576516493484,7.945882100289918,0.0
ZDHHC22,0.0492616738552124,7.940513261032965,0.0
OTUD6A,0.04922156288004715,7.9351444217760125,0.0
ACPT,0.04919741080094156,7.929775582519059,0.0
TREML4,0.049196412859794786,7.924406743262106,0.0
MS4A6E,0.04917826086307807,7.919037904005154,0.0
CTD-3214H19.16,0.04915981387719499,7.913669064748201,0.0
SPATS1,0.049143654782146974,7.908300225491249,0.0
MTL5,0.04912289500916075,7.902931386234297,0.0
SRPR,0.0490820422624601,7.897562546977344,0.0
TMIE,0.04905925059655484,7.8921937077203905,0.0
C7orf55-LUC7L2,0.04903083610025541,7.886824868463438,0.0
TTC36,0.04901976797834575,7.881456029206485,0.0
RP1-309K20.6,0.04898999542965339,7.8760871899495335,0.0
KRTDAP,0.0489809966302812,7.870718350692581,0.0
EPHX3,0.04897586118932131,7.865349511435628,0.0
STPG1,0.048968045917095006,7.859980672178675,0.0
PVRL3,0.04896140031014913,7.854611832921722,0.0
LYRM9,0.048939991873332436,7.849242993664769,0.0
ZNF280B,0.04893298202035179,7.843874154407817,0.0
TBATA,0.04891731632812607,7.838505315150865,0.0
C19orf33,0.04888956259556938,7.833136475893912,0.0
KRTAP13-3,0.04887095617873218,7.827767636636959,0.0
PHF16,0.048820021908576025,7.822398797380006,0.0
CTD-2535L24.2,0.04879029624055726,7.817029958123054,0.0
C7orf41,0.04878038497649481,7.811661118866101,0.0
RP11-5A19.5,0.0487641382868937,7.806292279609149,0.0
FBXO47,0.048749317759849635,7.8009234403521965,0.0
ARHGAP11B,0.04874682202813774,7.795554601095243,0.0
CD160,0.04872691964899766,7.79018576183829,0.0
MRGPRE,0.0487243350765284,7.784816922581338,0.0
TPRG1,0.04870561057767071,7.779448083324385,0.0
RP4-559A3.7,0.04868941576421158,7.774079244067432,0.0
SPRR3,0.048674272656327365,7.768710404810481,0.0
RP11-302B13.5,0.04866323767494457,7.763341565553528,0.0
PRB4,0.04865305776395693,7.7579727262965745,0.0
C12orf74,0.048638516579934704,7.752603887039622,0.0
CXorf65,0.04863094353147905,7.747235047782669,0.0
CCDC70,0.048615254713741674,7.741866208525716,0.0
KIR2DL3,0.0485638590126766,7.736497369268765,0.0
ZNF284,0.04855522784725421,7.731128530011812,0.0
OR13F1,0.04851707996262076,7.725759690754859,0.0
C1orf194,0.04851168820806882,7.720390851497906,0.0
CCDC142,0.048497388511828554,7.715022012240953,0.0
FTHL17,0.04848129915418608,7.709653172984001,0.0
NKX2-4,0.048459702635641914,7.704284333727049,0.0
ZNF589,0.048446149988862305,7.698915494470096,0.0
BEND2,0.04840405409359004,7.693546655213143,0.0
DEFB132,0.04840146229668252,7.68817781595619,0.0
KRT38,0.04839018470451947,7.682808976699238,0.0
ZNF710,0.048328790676400925,7.677440137442285,0.0
THAP6,0.04832593645982518,7.672071298185331,0.0
DYNAP,0.04830888531906193,7.6667024589283805,0.0
SPP2,0.04829597554293578,7.661333619671427,0.0
CGREF1,0.04828577923044277,7.655964780414474,0.0
KRTAP9-9,0.04824123657749967,7.650595941157522,0.0
DUXA,0.048226047149881594,7.645227101900569,0.0
DEFB131,0.048205295737925015,7.639858262643616,0.0
C18orf54,0.04815378346496757,7.634489423386665,0.0
PATL2,0.048141142160233664,7.629120584129712,0.0
HAS3,0.04812364926160051,7.6237517448727585,0.0
CTB-186H2.3,0.04812073537612893,7.618382905615806,0.0
KRTAP4-12,0.04811017338052777,7.613014066358853,0.0
ZNF701,0.04810026923070937,7.6076452271019,0.0
PAIP2B,0.04809280196271063,7.602276387844947,0.0
ZNF793,0.04805671288297818,7.596907548587996,0.0
KRTAP4-7,0.04802125480227225,7.591538709331043,0.0
CC2D2B,0.04800508773966219,7.58616987007409,0.0
SF3B14,0.047981003331707225,7.580801030817137,0.0
SLC25A47,0.04798086852737649,7.575432191560185,0.0
SEMG2,0.047963591420658404,7.570063352303231,0.0
IFNA17,0.047917453103320594,7.56469451304628,0.0
SLC28A2,0.0478771480058236,7.559325673789327,0.0
TMEM190,0.0478511346035152,7.553956834532374,0.0
AC061992.1,0.04782376646473839,7.548587995275422,0.0
JAKMIP3,0.04781379350263617,7.543219156018469,0.0
C5orf56,0.04780598359056736,7.537850316761515,0.0
C9orf66,0.0478047246767728,7.532481477504563,0.0
KLHL30,0.04775513622339631,7.527112638247611,0.0
MS4A15,0.047679503589693265,7.521743798990658,0.0
GOLGA6A,0.04765939327276406,7.516374959733706,0.0
CCDC132,0.04765415114964193,7.511006120476753,0.0
TCTE3,0.04763762009212439,7.5056372812198,0.0
CCDC104,0.04762858541977394,7.500268441962847,0.0
BTNL3,0.04760444247022538,7.494899602705896,0.0
SMEK1,0.047568967246085433,7.4895307634489425,0.0
FTSJ2,0.047553063603063606,7.48416192419199,0.0
ZFYVE20,0.04753240993222329,7.478793084935037,0.0
LST3,0.047509204459394334,7.473424245678084,0.0
C17orf103,0.047506113134722916,7.468055406421131,0.0
PDZD3,0.04749927850814102,7.462686567164178,0.0
TTC23L,0.04748356056284796,7.457317727907227,0.0
SPANXN2,0.047429065377806244,7.451948888650274,0.0
TMEM215,0.04742546064839511,7.446580049393321,0.0
LHFP,0.047408326218372224,7.441211210136369,0.0
FAM229B,0.04734894757399363,7.435842370879415,0.0
PSORS1C2,0.04734816058371097,7.430473531622463,0.0
MIR3654,0.04729785273235676,7.425104692365511,0.0
C14orf2,0.04728647223519514,7.419735853108558,0.0
PODNL1,0.04726116658894014,7.414367013851606,0.0
TEX22,0.04725207774424323,7.408998174594653,0.0
ZSCAN5B,0.04722293692737508,7.403629335337699,0.0
TNFSF12-TNFSF13,0.047216077715505414,7.398260496080747,0.0
KRTAP27-1,0.04719766337438465,7.392891656823794,0.0
CCL27,0.04717577774629124,7.387522817566842,0.0
LRRC56,0.04716734240696642,7.38215397830989,0.0
CTC-479C5.12,0.047163169931586736,7.376785139052937,0.0
MS4A12,0.047157066675195224,7.371416299795984,0.0
ENPP5,0.04714022284511358,7.366047460539031,0.0
C9orf41,0.04708765071776859,7.360678621282078,0.0
B3GNT1,0.04708449050342952,7.3553097820251265,0.0
SPDYC,0.04707350227590965,7.349940942768174,0.0
GBP5,0.04705763971889914,7.344572103511221,0.0
PNLIPRP2,0.04703736322504011,7.339203264254268,0.0
KIR3DX1,0.04701872656797855,7.333834424997315,0.0
SAMD13,0.04700590488661484,7.328465585740362,0.0
TRIM60,0.04699533548512142,7.323096746483411,0.0
DNAJC22,0.04699369508921977,7.317727907226458,0.0
RP11-45M22.4,0.046947034505137514,7.312359067969505,0.0
SPATC1,0.046921336658030305,7.306990228712553,0.0
TTLL13,0.04691613780687317,7.301621389455599,0.0
GPR119,0.046854632079633064,7.296252550198647,0.0
RP11-123K3.4,0.046854321205986024,7.290883710941694,0.0
WDR65,0.04684821483228653,7.285514871684742,0.0
GPR97,0.0467892448385407,7.28014603242779,0.0
VN1R2,0.046755818163975046,7.274777193170837,0.0
LRRC10,0.046754590548715114,7.269408353913883,0.0
AC003006.7,0.04671513236370425,7.264039514656931,0.0
MCMDC2,0.046701299219128634,7.258670675399978,0.0
SLAIN1,0.04660312234961563,7.253301836143026,0.0
CCDC120,0.04658775593648224,7.247932996886074,0.0
RP11-603J24.9,0.04658707775337266,7.242564157629121,0.0
FAM71A,0.04653894587464512,7.237195318372168,0.0
TMC2,0.04653572927478759,7.231826479115215,0.0
GALR3,0.046501093440157515,7.226457639858262,0.0
MS4A5,0.0464911747322096,7.22108880060131,0.0
CBLN2,0.04648322267148836,7.215719961344358,0.0
ZNF823,0.04644858162168963,7.210351122087405,0.0
METTL6,0.04642228489864915,7.204982282830452,0.0
ZNF696,0.04641100616734593,7.199613443573499,0.0
PRR19,0.046403109471696166,7.194244604316546,0.0
HVCN1,0.04638103580511629,7.188875765059594,0.0
RP11-77K12.1,0.04637025553811268,7.183506925802642,0.0
HIST1H3E,0.046350707441075875,7.178138086545689,0.0
SPATA25,0.046348038201272604,7.172769247288737,0.0
NKAIN4,0.046312205455269054,7.167400408031783,0.0
RP11-618P17.4,0.046305497493281764,7.162031568774831,0.0
WFDC13,0.04628307367886022,7.156662729517878,0.0
AC002398.9,0.04626993363336248,7.151293890260925,0.0
C15orf26,0.0462654182189021,7.145925051003974,0.0
C2orf83,0.046184656891358755,7.140556211747021,0.0
GPR113,0.04617201020639706,7.135187372490067,0.0
DPF1,0.04616537823667992,7.129818533233115,0.0
LINGO4,0.046145312965758196,7.124449693976162,0.0
KRTAP2-4,0.046131017993791885,7.1190808547192095,0.0
RP11-484M3.5,0.04610478040221089,7.113712015462258,0.0
CTD-2215E18.1,0.04608141882360788,7.108343176205305,0.0
TMEM257,0.04606381997325768,7.102974336948352,0.0
RP11-729L2.2,0.04606071428571429,7.097605497691399,0.0
CASQ1,0.04605108040747126,7.092236658434446,0.0
KRTAP9-8,0.04602060668344549,7.086867819177494,0.0
KCNMB1,0.04600303526676584,7.08149897992054,0.0
LRRC30,0.04599415940636386,7.076130140663589,0.0
CTC-435M10.3,0.04599239977101739,7.070761301406636,0.0
RHOXF2,0.045990887042635896,7.065392462149683,0.0
FBXO15,0.04597031632352467,7.06002362289273,0.0
TMEM61,0.04593955332669279,7.054654783635778,0.0
GCOM1,0.04593357031768451,7.049285944378825,0.0
PCDHAC1,0.04589868529322301,7.043917105121873,0.0
CTC-398G3.6,0.045874196855883995,7.038548265864921,0.0
MEGF9,0.04586740698071342,7.033179426607967,0.0
AADACL3,0.04585138860883726,7.027810587351015,0.0
SYT13,0.045823809713817276,7.022441748094062,0.0
OR1D5,0.04578620565910757,7.017072908837109,0.0
LRRC66,0.04564194004071191,7.011704069580158,0.0
KRTAP5-7,0.04562919939573227,7.006335230323205,0.0
C21orf58,0.04561860642579479,7.000966391066251,0.0
C1QL3,0.04559879775790671,6.995597551809299,0.0
IFNA7,0.04555798566317566,6.990228712552346,0.0
KRTAP5-6,0.04555492764949661,6.9848598732953935,0.0
FAM47B,0.04554556067806826,6.97949103403844,0.0
C1orf172,0.045532619728641144,6.974122194781489,0.0
LEKR1,0.0455261268143621,6.968753355524536,0.0
C7orf49,0.045508376035052416,6.963384516267583,0.0
AC011530.4,0.04549796044195749,6.95801567701063,0.0
RSPO4,0.04548015445301496,6.952646837753678,0.0
KRTAP19-3,0.04546219308718678,6.947277998496724,0.0
ZSWIM2,0.04540339882914572,6.941909159239773,0.0
CLDN25,0.045402037087066305,6.93654031998282,0.0
CXorf58,0.045355198773535194,6.931171480725867,0.0
RP11-1084J3.4,0.04531167166167166,6.9258026414689144,0.0
GALP,0.04527732480118058,6.920433802211962,0.0
C19orf59,0.045272274173827676,6.915064962955009,0.0
CLEC9A,0.04522394246352922,6.909696123698056,0.0
DEFB125,0.04520687364681848,6.904327284441105,0.0
MRGPRX3,0.045198380033787865,6.898958445184151,0.0
KHDC1L,0.04519365617828926,6.893589605927199,0.0
PRH1,0.04515419102537736,6.888220766670246,0.0
CTD-2116N17.1,0.04510702402315859,6.882851927413293,0.0
ANKRD34B,0.04507270073164263,6.87748308815634,0.0
P2RY13,0.04501949061248549,6.872114248899389,0.0
RABL5,0.04500340123274419,6.866745409642435,0.0
GDPD4,0.04499445596056922,6.861376570385483,0.0
LALBA,0.044985511225635856,6.85600773112853,0.0
FAM159A,0.044972655034884776,6.8506388918715775,0.0
LRG1,0.04496588895197513,6.845270052614624,0.0
DEPDC4,0.04495641912045728,6.839901213357671,0.0
C1orf65,0.04485317373103087,6.83453237410072,0.0
CD70,0.04484352023233149,6.829163534843767,0.0
LY6G6C,0.044801074940381526,6.823794695586814,0.0
RP11-697E2.6,0.04474948715700885,6.818425856329862,0.0
SSX7,0.04472180551662566,6.813057017072908,0.0
CALML4,0.044715645888150406,6.8076881778159555,0.0
CTD-3222D19.2,0.044702038582675685,6.802319338559004,0.0
C5orf54,0.044626198903483086,6.796950499302051,0.0
ASMT,0.04462368644815584,6.7915816600450984,0.0
RP11-212D19.4,0.04461080528600708,6.786212820788146,0.0
DEFB134,0.044601822966760615,6.780843981531193,0.0
MRAP,0.04459999299400673,6.77547514227424,0.0
PI15,0.044504848424752774,6.770106303017287,0.0
SNTN,0.044395004849652295,6.764737463760335,0.0
TMEM239,0.04438333333333333,6.759368624503383,0.0
DEFB123,0.044380795156624145,6.75399978524643,0.0
HAPLN4,0.044348227353246825,6.748630945989477,0.0
LEPRE1,0.04433353021325266,6.743262106732524,0.0
C9orf139,0.04427386425834702,6.737893267475571,0.0
SPINK9,0.044262151213122054,6.732524428218619,0.0
KRBOX1,0.0442387682422299,6.727155588961667,0.0
RP11-831H9.11,0.04419799377643372,6.721786749704714,0.0
HIST1H4L,0.044140621757518095,6.7164179104477615,0.0
DYTN,0.04413931613370007,6.711049071190808,0.0
C17orf97,0.04410183142413375,6.705680231933855,0.0
TM4SF4,0.04409852172710458,6.700311392676903,0.0
SLC25A18,0.04407947023425493,6.694942553419951,0.0
RP11-108K14.8,0.044029742660611784,6.689573714162998,0.0
ARL14,0.044026772722195844,6.684204874906046,0.0
KRTAP13-1,0.044015843497886294,6.678836035649092,0.0
C9orf152,0.044013359676084704,6.6734671963921395,0.0
C4orf51,0.043889838747971255,6.668098357135187,0.0
CDRT15L2,0.04386187030429918,6.662729517878235,0.0
AMELY,0.0437805589786022,6.6573606786212824,0.0
C5orf46,0.04375011130064857,6.65199183936433,0.0
CMKLR1,0.04372690564934469,6.646623000107377,0.0
CTD-2369P2.12,0.043682207128303306,6.641254160850424,0.0
C15orf57,0.043680862367572855,6.635885321593471,0.0
EMR3,0.04366629625400085,6.630516482336519,0.0
LAX1,0.04364441391556746,6.625147643079567,0.0
EMR2,0.0436426467302312,6.619778803822614,0.0
RP11-613M10.9,0.04357857142857143,6.614409964565661,0.0
IFNA16,0.04357475067662987,6.609041125308708,0.0
LRIT1,0.04355853803226609,6.603672286051755,0.0
AP002884.3,0.043526279162839576,6.5983034467948025,0.0
ZNF625,0.04345730693044794,6.592934607537851,0.0
CCSAP,0.04345257485530972,6.587565768280898,0.0
HIST1H4F,0.04342251976478223,6.5821969290239455,0.0
DEFB113,0.0434219799242205,6.576828089766992,0.0
SIAH3,0.04340387826273594,6.571459250510039,0.0
DEFB106A,0.043381125297384956,6.566090411253087,0.0
KLK14,0.04328157026744514,6.560721571996135,0.0
FAM196A,0.04325780868399,6.555352732739182,0.0
WDR38,0.04322610774984996,6.54998389348223,0.0
KIAA1984,0.04321953647805853,6.544615054225276,0.0
DCAF10,0.04315786810466342,6.5392462149683235,0.0
CTD-2561J22.3,0.04314265452857002,6.533877375711371,0.0
NBPF16,0.04314022275579256,6.528508536454418,0.0
CTD-2587H24.4,0.04313281385281385,6.5231396971974664,0.0
ZNF645,0.04311294794144662,6.517770857940514,0.0
C3orf30,0.04309836384374101,6.512402018683561,0.0
LPPR4,0.043086502594388405,6.507033179426608,0.0
PGC,0.04305561928999192,6.501664340169655,0.0
DHRS4L2,0.043052862702942354,6.496295500912702,0.0
LYPD2,0.04302870009032935,6.490926661655751,0.0
C14orf79,0.04299672133918172,6.485557822398798,0.0
SLC2A7,0.04289990368785598,6.480188983141845,0.0
EXOC3L1,0.04289737436694201,6.474820143884892,0.0
MAS1L,0.04287361103062993,6.469451304627939,0.0
TCF23,0.04286827275309206,6.4640824653709865,0.0
FRMD7,0.0428678725836325,6.458713626114034,0.0
GPR157,0.042849849299711674,6.453344786857082,0.0
SMTNL1,0.042766369230409516,6.4479759476001295,0.0
ZNF66,0.04266537174728762,6.442607108343176,0.0
GLRA4,0.04265608327877848,6.437238269086223,0.0
RP11-691N7.6,0.04264272898154477,6.431869429829271,0.0
BHLHE22,0.04263877746750896,6.426500590572318,0.0
SLC6A14,0.042565755276987624,6.421131751315366,0.0
C11orf52,0.0425505180145937,6.415762912058414,0.0
LETM2,0.04250720973065003,6.41039407280146,0.0
RFPL1,0.04249821299298575,6.4050252335445075,0.0
CLPSL2,0.04244589175003124,6.399656394287555,0.0
HSPB2-C11orf52,0.04239211100298034,6.394287555030602,0.0
FAM162B,0.042386497614189465,6.388918715773649,0.0
RP11-463D19.2,0.0423685220522573,6.383549876516698,0.0
NAPRT1,0.0423616775443893,6.378181037259745,0.0
CCDC62,0.04234471970480312,6.372812198002792,0.0
LYPD5,0.04232345374941891,6.367443358745839,0.0
NHSL2,0.04231864141440492,6.362074519488886,0.0
C6orf57,0.042303426721099796,6.356705680231933,0.0
C7orf73,0.042302351324372586,6.351336840974982,0.0
C1orf51,0.04228530622456319,6.345968001718029,0.0
HIST1H2AI,0.042223884734541084,6.340599162461076,0.0
SSX3,0.04220301722216938,6.335230323204123,0.0
DUPD1,0.0421969936982783,6.3298614839471705,0.0
SRRM5,0.042158586445906,6.324492644690218,0.0
LENEP,0.042149632150747574,6.319123805433266,0.0
STARD6,0.042134596825616044,6.3137549661763135,0.0
LRRC52,0.042110334742236154,6.30838612691936,0.0
LYSMD4,0.04209114432401993,6.303017287662407,0.0
PRAMEF11,0.04209111501936989,6.297648448405455,0.0
MAGEB4,0.04206989984406859,6.292279609148502,0.0
GUCA2B,0.04204614865637069,6.2869107698915485,0.0
C20orf112,0.04202843464780333,6.281541930634598,0.0
RP11-474G23.1,0.04196617925314207,6.276173091377644,0.0
ZAR1,0.041965932727404676,6.2708042521206915,0.0
SPACA3,0.04195508613527741,6.265435412863739,0.0
HIST1H4I,0.04191987360856111,6.260066573606786,0.0
FAM71E1,0.04190963576104983,6.254697734349833,0.0
FAIM3,0.0418996451735809,6.249328895092881,0.0
BTNL9,0.041888341879542546,6.243960055835928,0.0
ESM1,0.04187744033889204,6.238591216578976,0.0
MCCD1,0.04186468473060319,6.233222377322023,0.0
ZNF695,0.04183615145507452,6.22785353806507,0.0
C1orf64,0.04182412296199662,6.222484698808118,0.0
CIB4,0.04180492293728248,6.217115859551165,0.0
XPNPEP2,0.0417766478448042,6.211747020294212,0.0
C11orf57,0.04171931278526369,6.20637818103726,0.0
MFSD2B,0.04171673135834569,6.201009341780307,0.0
C17orf107,0.04171406765676568,6.1956405025233545,0.0
LY6H,0.04166016817337902,6.190271663266402,0.0
TMEM251,0.04164128708733157,6.184902824009449,0.0
ZNF501,0.04161431798554408,6.179533984752497,0.0
C9orf47,0.04158777777777777,6.174165145495544,0.0
C16orf91,0.04158456530500812,6.168796306238591,0.0
FAM211B,0.04153933518287147,6.163427466981639,0.0
PRODH2,0.04153862266471809,6.158058627724686,0.0
MMD2,0.04153524846379153,6.152689788467733,0.0
PCDHGA8,0.0414587260436466,6.147320949210781,0.0
FOLR4,0.04143917575739031,6.141952109953828,0.0
PPAPDC1A,0.041390651293134045,6.1365832706968755,0.0
DPPA5,0.04137824869482677,6.131214431439923,0.0
CBLN3,0.04132762635512987,6.12584559218297,0.0
MRGPRD,0.04127080546735865,6.120476752926017,0.0
NPBWR2,0.041225721174071125,6.115107913669065,0.0
C2ORF15,0.04119107537925436,6.109739074412112,0.0
ASAH2C,0.04116498720259304,6.104370235155159,0.0
BEST3,0.04111222310180988,6.099001395898207,0.0
PPP1R17,0.04110473338667631,6.093632556641254,0.0
C17orf61-PLSCR3,0.04109551282051282,6.088263717384301,0.0
H1FOO,0.04106291289092491,6.082894878127349,0.0
SLC22A10,0.04105150054282359,6.077526038870396,0.0
RNMTL1,0.04101475705533082,6.072157199613444,0.0
C1orf53,0.04099023738938547,6.066788360356491,0.0
GPR55,0.04097786269732747,6.0614195210995385,0.0
MFSD6L,0.04095842314388604,6.056050681842586,0.0
CD48,0.04091826044501036,6.050681842585633,0.0
PIRT,0.04090741365889069,6.045313003328681,0.0
TPSD1,0.04089115392345356,6.039944164071728,0.0
C12orf23,0.040888874517410044,6.034575324814774,0.0
GLTPD2,0.04087690151390061,6.029206485557823,0.0
CELA3B,0.04087570713368856,6.02383764630087,0.0
FAM228A,0.04085930484286278,6.0184688070439165,0.0
GCNT7,0.04084010155550685,6.013099967786965,0.0
PRMT10,0.04083722154592899,6.007731128530012,0.0
OXGR1,0.0408234097715509,6.002362289273059,0.0
TRIM49,0.04081325875554479,5.996993450016107,0.0
KRTAP6-2,0.04080451369250686,5.991624610759154,0.0
XKR7,0.040801661595142966,5.986255771502201,0.0
CXorf38,0.0407473764696238,5.980886932245249,0.0
C6orf25,0.04073245999970669,5.975518092988296,0.0
KLHDC7A,0.04071401099812687,5.970149253731343,0.0
RP11-444E17.6,0.04067817603791633,5.96478041447439,0.0
ZNF630,0.04066347985360542,5.959411575217438,0.0
ZNF853,0.04064602613478022,5.954042735960485,0.0
MUC15,0.0406360449303061,5.948673896703532,0.0
GJA9,0.040628341833098526,5.94330505744658,0.0
C18orf56,0.04062831828684269,5.937936218189628,0.0
FAM177B,0.04062671023917348,5.932567378932674,0.0
KRTAP9-2,0.04061546445545351,5.9271985396757225,0.0
DKFZP761J1410,0.04058603977554069,5.92182970041877,0.0
REG4,0.04058553272010948,5.916460861161816,0.0
TAAR8,0.04052386297657763,5.911092021904865,0.0
GJB7,0.040477912569206145,5.905723182647912,0.0
IL17D,0.0404717956782323,5.900354343390958,0.0
RNF151,0.04046722622553332,5.894985504134007,0.0
RP4-734P14.4,0.04045920138888888,5.889616664877054,0.0
C20orf141,0.040448104792221676,5.8842478256201005,0.0
ALPPL2,0.0403707374656356,5.878878986363148,0.0
NCMAP,0.04036876851310172,5.873510147106196,0.0
YPEL4,0.040364761138780285,5.868141307849243,0.0
DLK2,0.04036192954993485,5.86277246859229,0.0
FCGR1B,0.040297790403183396,5.857403629335338,0.0
PHYHIPL,0.04027249300092624,5.852034790078385,0.0
TMEM252,0.04026112844201889,5.846665950821432,0.0
ZSCAN1,0.04018630392032409,5.84129711156448,0.0
EPGN,0.04012177577179599,5.835928272307527,0.0
PAGE4,0.04011945922292705,5.830559433050574,0.0
FAM133A,0.04010787944805005,5.825190593793622,0.0
MEF2BNB-MEF2B,0.040101216738472834,5.819821754536669,0.0
TMEM220,0.040084640966441765,5.814452915279716,0.0
MS4A4A,0.04002435396286769,5.8090840760227636,0.0
ANTXRL,0.04002197695384651,5.803715236765812,0.0
C10orf32-ASMT,0.03997823836221368,5.798346397508858,0.0
GAPT,0.03996280100077893,5.792977558251906,0.0
MSANTD3-TMEFF1,0.03995259777963582,5.787608718994954,0.0
LRRC73,0.039947972790199134,5.782239879738,0.0
C2CD4A,0.03994644064605886,5.776871040481048,0.0
VPREB3,0.039908309321298976,5.771502201224096,0.0
SERPINA7,0.039882986296969944,5.766133361967142,0.0
GPR75,0.03986993569463923,5.76076452271019,0.0
FAM209A,0.03985085662014586,5.755395683453238,0.0
LCN6,0.039835179284268614,5.7500268441962845,0.0
TMEM52,0.03982635598999435,5.744658004939332,0.0
KRTAP1-1,0.03979062458761258,5.739289165682379,0.0
ZNF80,0.03977575240332095,5.733920326425427,0.0
CTC-360G5.1,0.039732938824291034,5.728551487168474,0.0
TMEM42,0.039724790480726954,5.723182647911521,0.0
CCDC105,0.0397196272206,5.717813808654569,0.0
NMUR1,0.039673125956016506,5.712444969397616,0.0
CCL15-CCL14,0.03966630048257917,5.707076130140663,0.0
CCDC176,0.03965296207378041,5.701707290883711,0.0
RP11-500M8.7,0.039624298282362795,5.696338451626758,0.0
ZNF595,0.039597602249288696,5.6909696123698055,0.0
CTD-2006C1.10,0.039555114383215025,5.685600773112853,0.0
LRTM1,0.0395213420997483,5.6802319338559,0.0
NUPL1,0.03951856949756871,5.6748630945989476,0.0
RP11-51F16.8,0.0394723900951141,5.669494255341996,0.0
UBQLN3,0.0394143423425121,5.664125416085042,0.0
AC073610.5,0.03936268934495995,5.65875657682809,0.0
POM121L12,0.03933588072550982,5.653387737571137,0.0
RP11-190A12.7,0.03931559063346101,5.648018898314184,0.0
CTC-487M23.8,0.03931097114632754,5.642650059057232,0.0
SEMG1,0.03930877392046708,5.637281219800279,0.0
PTCHD1,0.03929560066323646,5.631912380543326,0.0
DCAF8L1,0.03927235585271242,5.626543541286374,0.0
RAET1E,0.039270528462363244,5.621174702029421,0.0
CTB-96E2.2,0.039264327279001185,5.6158058627724685,0.0
GPR171,0.03925668162477343,5.610437023515516,0.0
COLCA1,0.039254674738896295,5.605068184258563,0.0
CCDC23,0.03921184515243503,5.599699345001611,0.0
AGAP5,0.039204358525274555,5.594330505744658,0.0
RAB42,0.03918385892349079,5.588961666487705,0.0
RP11-234B24.6,0.03912238417758649,5.583592827230753,0.0
DIRC1,0.03912054380767488,5.5782239879738,0.0
GOLGA6C,0.039054270357846095,5.572855148716847,0.0
WFDC10A,0.03905219917080457,5.567486309459895,0.0
GUCA1C,0.03902545348136212,5.562117470202942,0.0
C17orf78,0.03902395321153354,5.5567486309459895,0.0
LEPREL4,0.03900684533675432,5.551379791689037,0.0
HIAT1,0.03900656886676089,5.546010952432084,0.0
C3orf56,0.03893903858729657,5.5406421131751316,0.0
BEND6,0.03891359709468264,5.535273273918179,0.0
TMEM225,0.03890093897142084,5.529904434661226,0.0
ZNF620,0.038893022010416105,5.524535595404274,0.0
TMIGD1,0.038858613402325416,5.519166756147321,0.0
RBM14-RBM4,0.03885206772223579,5.513797916890368,0.0
RP11-467N20.5,0.038798351232812625,5.508429077633416,0.0
RP11-101E3.5,0.03875558963155938,5.503060238376463,0.0
VSTM2A,0.038746121302768756,5.49769139911951,0.0
C9orf96,0.03874380891805684,5.492322559862558,0.0
ACTRT1,0.03874312541220869,5.486953720605605,0.0
IL1F10,0.038736878035715794,5.4815848813486525,0.0
XXbac-BPG181M17.5,0.03871352342331521,5.4762160420917,0.0
DBX2,0.03869181709766063,5.470847202834747,0.0
SPAM1,0.03867158375246725,5.465478363577795,0.0
ZNF625-ZNF20,0.038602095564253106,5.460109524320842,0.0
KRTAP21-1,0.03859284446938599,5.454740685063889,0.0
NXPE1,0.03855295748426526,5.449371845806937,0.0
TMPRSS12,0.038547095177466836,5.444003006549984,0.0
CYTL1,0.038528054142864,5.438634167293031,0.0
SAMD10,0.038526079433456095,5.433265328036079,0.0
AC010336.1,0.038505585566680316,5.427896488779125,0.0
PODN,0.03847898428411899,5.4225276495221735,0.0
AGPAT6,0.0384419519163513,5.417158810265221,0.0
RP11-399J13.3,0.0383947488315203,5.411789971008267,0.0
SPHAR,0.038391420903263675,5.406421131751316,0.0
AC005358.1,0.03837822216785318,5.401052292494363,0.0
ACTRT2,0.03836383909157208,5.39568345323741,0.0
VSIG1,0.038360373886583476,5.390314613980458,0.0
C6orf1,0.03834810431568771,5.384945774723505,0.0
ENDOU,0.038316992478152574,5.379576935466552,0.0
CTD-2369P2.10,0.03831652520437622,5.3742080962096,0.0
TEPP,0.03830735384687488,5.368839256952647,0.0
PLCXD2,0.03828912171961016,5.363470417695694,0.0
SCP2D1,0.03826864972791945,5.358101578438742,0.0
RP11-770J1.5,0.038251320623049076,5.352732739181789,0.0
PHOSPHO2,0.03822637212310741,5.3473638999248365,0.0
PRB1,0.03818842655829409,5.341995060667883,0.0
TXNRD3NB,0.03817469184428064,5.336626221410931,0.0
C16orf86,0.038122330744707215,5.331257382153979,0.0
HIST1H2AL,0.038084486829405226,5.325888542897025,0.0
ZNF678,0.038056865978534415,5.320519703640073,0.0
SRCRB4D,0.038028481155247776,5.315150864383121,0.0
AC024592.12,0.03801825967476695,5.309782025126167,0.0
C11orf58,0.03801207566946589,5.304413185869215,0.0
CTC-429P9.4,0.0379864167890613,5.299044346612263,0.0
LRTM2,0.03797996984257046,5.293675507355309,0.0
KIAA1045,0.03794784197680014,5.2883066680983575,0.0
SLC35G5,0.03794746685248922,5.282937828841405,0.0
CCRN4L,0.03789890773782298,5.277568989584451,0.0
LCE1E,0.03789354451014613,5.272200150327499,0.0
CTD-2105E13.6,0.03786134393633751,5.266831311070547,0.0
OTOP3,0.03785607052541095,5.261462471813594,0.0
C2orf70,0.03785131337182122,5.256093632556641,0.0
CPLX4,0.03779665169325921,5.250724793299689,0.0
CTXN3,0.03772871426002595,5.245355954042736,0.0
SYS1-DBNDD2,0.037721208237385284,5.239987114785783,0.0
RP11-886H22.1,0.03770553465918603,5.234618275528831,0.0
PSMB11,0.03768860801381465,5.229249436271878,0.0
URGCP-MRPS24,0.037645156811205234,5.223880597014925,0.0
OLAH,0.03763872598903205,5.218511757757973,0.0
LELP1,0.03760250788567633,5.2131429185010205,0.0
C2orf61,0.03756561430174819,5.207774079244067,0.0
ZNF90,0.03752633116741263,5.202405239987115,0.0
CCDC42,0.037517769011055364,5.197036400730163,0.0
TCTE1,0.03749018280189617,5.191667561473209,0.0
PRKRIR,0.03747672342348131,5.186298722216256,0.0
IFNA1,0.03739890325541011,5.180929882959305,0.0
AL022328.1,0.03739576099755401,5.175561043702351,0.0
TEX33,0.03737076787663075,5.1701922044453985,0.0
DEFB124,0.03728778837692307,5.164823365188447,0.0
BLOC1S5-TXNDC5,0.03726221952139451,5.159454525931493,0.0
C10orf99,0.037243027451564006,5.154085686674541,0.0
AC073063.1,0.03722492692476285,5.148716847417589,0.0
TAAR6,0.037220477460683646,5.143348008160635,0.0
CTD-2207O23.12,0.03716732902009841,5.137979168903683,0.0
CCDC37,0.03716227068218938,5.132610329646731,0.0
GLT6D1,0.03715779611148675,5.127241490389778,0.0
DEFA4,0.03714146203116535,5.121872651132825,0.0
TMEM125,0.03712267845279363,5.116503811875872,0.0
TSPAN19,0.037050158210350584,5.11113497261892,0.0
TOMM70A,0.037048469454793675,5.105766133361967,0.0
SBK2,0.03699194050454214,5.100397294105014,0.0
HIST2H3D,0.036991079944236824,5.095028454848062,0.0
PRR23C,0.03697721916552996,5.089659615591109,0.0
OR51B6,0.036941726490279755,5.084290776334156,0.0
GBX1,0.03688951601157668,5.0789219370772045,0.0
SPEM1,0.03688193445171044,5.073553097820251,0.0
RP11-598P20.5,0.03687687130152067,5.068184258563298,0.0
CTD-2510F5.6,0.03686156828619193,5.062815419306347,0.0
GPR110,0.03685837839786575,5.057446580049393,0.0
ZNF547,0.0368319816630312,5.05207774079244,0.0
CLECL1,0.03680705399972227,5.046708901535489,0.0
AC006486.9,0.036800814238664284,5.041340062278535,0.0
FAM26D,0.03675591459372883,5.0359712230215825,0.0
SEPT1,0.03675212602144808,5.03060238376463,0.0
CDCP2,0.03671487364594441,5.025233544507677,0.0
DEFB114,0.036710913994184524,5.019864705250725,0.0
C21orf91,0.03668336909933183,5.014495865993772,0.0
C3orf79,0.03666211749950635,5.009127026736819,0.0
IFNK,0.03663308222353821,5.003758187479867,0.0
GOT1L1,0.03661374170102673,4.998389348222914,0.0
GOLGA6L6,0.03658615287142937,4.993020508965962,0.0
CCDC54,0.03657248314516548,4.987651669709009,0.0
RP11-295K3.1,0.03656937842456152,4.982282830452056,0.0
VWC2,0.036561503027336635,4.976913991195104,0.0
GOLT1A,0.03655489434095503,4.971545151938151,0.0
AQP12A,0.03655227323193447,4.966176312681198,0.0
PROL1,0.03654445355191256,4.9608074734242456,0.0
LEPREL2,0.03650099801708804,4.955438634167293,0.0
C17orf85,0.03647896602756878,4.95006979491034,0.0
TMED6,0.03644608556242228,4.944700955653388,0.0
CXorf48,0.036337685598659075,4.939332116396435,0.0
TMEM82,0.03625318207356022,4.933963277139482,0.0
C19orf45,0.0362215721080729,4.92859443788253,0.0
FAM83E,0.03620420325139279,4.923225598625577,0.0
CTD-3214H19.4,0.036118059964726626,4.917856759368624,0.0
ATP6C,0.03603104414079182,4.912487920111672,0.0
GPR148,0.03599193831934335,4.907119080854719,0.0
KIAA1279,0.03596606893360967,4.9017502415977665,0.0
RP11-216L13.17,0.03593589569644496,4.896381402340814,0.0
KLK12,0.03593512381499959,4.891012563083861,0.0
GML,0.03592705968767056,4.885643723826909,0.0
WDR86,0.035918273719744306,4.880274884569956,0.0
POC1B-GALNT4,0.03588179711994329,4.874906045313003,0.0
RPRML,0.03584701324704293,4.869537206056051,0.0
CDCA4,0.035837930176652884,4.864168366799098,0.0
ERAS,0.03583617671858798,4.858799527542145,0.0
WIBG,0.03582094006128294,4.853430688285193,0.0
KRTAP5-11,0.035803859717240545,4.84806184902824,0.0
GOLGA8T,0.03579861143505681,4.8426930097712875,0.0
SLC46A2,0.03573569256688223,4.837324170514335,0.0
PPM1H,0.03572312991220624,4.831955331257382,0.0
DCDC2B,0.035715344485822094,4.8265864920004296,0.0
PDZK1IP1,0.03566009340220888,4.821217652743477,0.0
BEND4,0.03565611175010706,4.815848813486524,0.0
OPN5,0.03565184438963524,4.810479974229572,0.0
C11orf53,0.035639176797977734,4.805111134972619,0.0
ST20,0.03563805246453421,4.799742295715666,0.0
PAPL,0.035616991120170714,4.794373456458714,0.0
PGPEP1L,0.03560415783689068,4.789004617201761,0.0
C11orf88,0.03559133158226407,4.783635777944808,0.0
FAM209B,0.03558248135681992,4.778266938687856,0.0
CTD-2192J16.22,0.03557574695260732,4.772898099430903,0.0
HIST1H4B,0.035568883472353575,4.7675292601739505,0.0
RP11-712L6.5,0.03555969508687214,4.762160420916998,0.0
ATP6AP1L,0.035546427270538736,4.756791581660045,0.0
ANKRD20A2,0.03554550066303562,4.751422742403093,0.0
DEFB118,0.035520475308398004,4.74605390314614,0.0
FABP7,0.03551792703196624,4.740685063889187,0.0
LDLRAD2,0.03551294996983335,4.735316224632234,0.0
C19orf80,0.03550457802465166,4.729947385375282,0.0
PLA2G2F,0.03549772066554373,4.724578546118329,0.0
GLTPD1,0.03546145366398492,4.719209706861376,0.0
LRRC55,0.03545109029234103,4.713840867604424,0.0
NKAIN1,0.03543432958230515,4.7084720283474715,0.0
ARID3C,0.035385745236259605,4.703103189090518,0.0
PAQR8,0.0353643622189277,4.697734349833566,0.0
SLC22A9,0.03534294719122267,4.6923655105766136,0.0
ZFP91-CNTF,0.03533107046752104,4.686996671319661,0.0
HIST1H4J,0.03530847455522189,4.681627832062708,0.0
PPM1M,0.03529512280375819,4.676258992805756,0.0
RBM43,0.03523440378500026,4.670890153548803,0.0
TMEM170B,0.03518971424380206,4.66552131429185,0.0
KRTAP13-4,0.03512971687044443,4.660152475034898,0.0
RNASEK-C17orf49,0.03512469452188768,4.654783635777945,0.0
APOC4-APOC2,0.03512186575604746,4.6494147965209915,0.0
TMEM194A,0.03508022471698361,4.64404595726404,0.0
ISM2,0.03507971672945907,4.638677118007087,0.0
HRCT1,0.03506672860111665,4.633308278750134,0.0
GFRAL,0.03506642203429063,4.627939439493182,0.0
ZNF627,0.03506506952602263,4.622570600236229,0.0
FAM19A5,0.03505014282438712,4.617201760979276,0.0
MRGPRX4,0.03499842091822427,4.611832921722324,0.0
HEPACAM,0.03499785213848354,4.606464082465371,0.0
KIAA1147,0.034987854429781494,4.601095243208418,0.0
RXFP4,0.03497549153495762,4.595726403951466,0.0
CXorf61,0.034959496397018015,4.590357564694513,0.0
LCE1B,0.03495796358965815,4.58498872543756,0.0
RP11-139J15.7,0.03494865430675854,4.579619886180607,0.0
OCM,0.034945900991308496,4.5742510469236555,0.0
AC006435.1,0.034921915019168234,4.568882207666702,0.0
C4orf17,0.03491331110462541,4.563513368409749,0.0
MS4A14,0.03482573713447604,4.5581445291527976,0.0
AC026407.1,0.034808713951493486,4.552775689895845,0.0
SMPDL3B,0.03478990466679441,4.547406850638891,0.0
CXorf22,0.03478891793718193,4.54203801138194,0.0
APOF,0.034773551279440866,4.536669172124987,0.0
ST8SIA3,0.03475233757865035,4.5313003328680335,0.0
RGAG4,0.03473568583536142,4.525931493611082,0.0
RP11-15E18.4,0.034675297541587574,4.520562654354129,0.0
NKG2-E,0.03465712170566617,4.5151938150971755,0.0
C4orf50,0.03465552460177454,4.509824975840224,0.0
C8orf46,0.03463775896052077,4.504456136583271,0.0
TMEM130,0.034629073205009304,4.499087297326318,0.0
IQCD,0.034621262530339945,4.493718458069365,0.0
RP11-318A15.7,0.03459150508763961,4.488349618812413,0.0
CCDC81,0.034462024838548114,4.48298077955546,0.0
PBOV1,0.034369500080554144,4.477611940298507,0.0
RP11-286N22.8,0.034334160262372265,4.472243101041555,0.0
AC007040.11,0.034328249452942675,4.466874261784602,0.0
LGALS16,0.03432146317452396,4.461505422527649,0.0
KCNK7,0.034319700177817734,4.456136583270697,0.0
CARKD,0.034301194174470036,4.450767744013744,0.0
FAM26F,0.034301139776794685,4.445398904756791,0.0
TBC1D26,0.03429674345019201,4.4400300654998395,0.0
PPAPDC3,0.03429204270874485,4.434661226242886,0.0
MDH1B,0.034276046685417685,4.429292386985933,0.0
MDS2,0.03427295928064773,4.423923547728981,0.0
RP11-383H13.1,0.034254214359652764,4.418554708472029,0.0
CST9,0.034235305552792056,4.413185869215075,0.0
NIPA1,0.03421866507529129,4.407817029958123,0.0
KIAA1430,0.034186929113665956,4.402448190701171,0.0
KRTAP21-2,0.034151632584986005,4.3970793514442175,0.0
C19orf26,0.034150330565084486,4.391710512187265,0.0
TAAR2,0.034146375940285204,4.386341672930313,0.0
SCGB1D4,0.03414567974630335,4.3809728336733595,0.0
C1orf35,0.03414201910422477,4.375603994416407,0.0
C15orf60,0.03408380773492957,4.370235155159455,0.0
NIM1,0.034065654425165806,4.364866315902502,0.0
GDPD2,0.03405443456377506,4.359497476645549,0.0
IL8,0.034052469191335,4.354128637388597,0.0
TMEM207,0.03404484147191135,4.348759798131644,0.0
C8orf12,0.03401151652165386,4.343390958874691,0.0
TMEM213,0.033978826496063416,4.338022119617738,0.0
LGALS12,0.03394306021693866,4.332653280360786,0.0
CTB-50L17.14,0.03393857792864365,4.327284441103833,0.0
BPIFB6,0.03392619415414937,4.3219156018468805,0.0
ZNF812,0.03386369596438724,4.316546762589928,0.0
AL133481.1,0.03385056150937684,4.311177923332975,0.0
PPP1R1C,0.033848568179348344,4.305809084076023,0.0
C19orf70,0.033847872187214474,4.30044024481907,0.0
IGSF6,0.03384730885779615,4.295071405562117,0.0
RP11-761B3.1,0.03379862876044727,4.289702566305165,0.0
LRRC18,0.0337961429221932,4.284333727048213,0.0
RPS10-NUDT3,0.03372217725951463,4.278964887791259,0.0
C11orf31,0.03371565582599405,4.273596048534307,0.0
SUV420H2,0.03368441135883653,4.268227209277354,0.0
KCNK13,0.033634286862257626,4.2628583700204015,0.0
C22orf43,0.03361356014977511,4.257489530763449,0.0
CTD-2410N18.5,0.03360723783116008,4.252120691506496,0.0
SPANXN1,0.03360216771375861,4.2467518522495435,0.0
TMEM31,0.033563053418514746,4.241383012992591,0.0
C11orf16,0.03350580377830464,4.236014173735638,0.0
PXT1,0.033504421519780045,4.230645334478686,0.0
NPIPB6,0.03350347899888573,4.225276495221733,0.0
GPR152,0.03350329285537085,4.21990765596478,0.0
AP000758.1,0.0334807793405071,4.214538816707828,0.0
SLC25A2,0.03348019580957078,4.209169977450875,0.0
VNN1,0.033462093262234247,4.203801138193922,0.0
CASP5,0.03345138485973881,4.19843229893697,0.0
PAGE2B,0.033376284718544674,4.193063459680017,0.0
KIAA1644,0.033343276930644275,4.1876946204230645,0.0
C1orf95,0.03333108410457486,4.182325781166112,0.0
ISM1,0.0333235181472007,4.176956941909159,0.0
DEFB112,0.03324839124211711,4.171588102652207,0.0
NPIPA5,0.03323856005639815,4.166219263395254,0.0
C16orf78,0.033234873522546574,4.160850424138301,0.0
RNF113B,0.03322198171891617,4.155481584881349,0.0
ZNF683,0.03321399002620705,4.150112745624396,0.0
KRTAP5-2,0.03318482263998436,4.144743906367443,0.0
RP11-343C2.12,0.0331669595307655,4.139375067110491,0.0
UBL4B,0.03316001716812339,4.134006227853538,0.0
HRASLS,0.0331584706306839,4.1286373885965855,0.0
C16orf46,0.033148771973502716,4.123268549339633,0.0
AC110615.1,0.033136211108069746,4.11789971008268,0.0
KRTAP1-3,0.0331319716762427,4.1125308708257275,0.0
SPATA9,0.033081120233253866,4.107162031568775,0.0
TMEM66,0.033051909788028314,4.101793192311822,0.0
PRCD,0.03303447438511127,4.09642435305487,0.0
TMEM198,0.03301761166251363,4.091055513797917,0.0
RP11-343C2.11,0.03295661193051709,4.085686674540964,0.0
COX8C,0.03291747759472473,4.080317835284012,0.0
MRGPRF,0.032904542018254886,4.074948996027059,0.0
N4BP2L1,0.03287439451229911,4.069580156770106,0.0
PLAC1L,0.032860831993147134,4.064211317513154,0.0
SPDYE3,0.032787791480226515,4.058842478256201,0.0
FLJ20306,0.032779084230953236,4.0534736389992485,0.0
PDZD9,0.032770689379807774,4.048104799742296,0.0
C8orf74,0.03272068462501453,4.042735960485342,0.0
ANKRD20A4,0.032706408129143535,4.037367121228391,0.0
FAM153B,0.03269907228716977,4.031998281971438,0.0
MMP26,0.03268759181612203,4.026629442714484,0.0
HEPN1,0.03268221187201013,4.021260603457533,0.0
NCR3,0.03253048726773869,4.01589176420058,0.0
TEX40,0.03250247784825598,4.010522924943627,0.0
CST11,0.03249774872703039,4.005154085686675,0.0
C11orf45,0.032494573286306866,3.999785246429722,0.0
RP11-322E11.6,0.03248767435844589,3.994416407172769,0.0
HIST1H3F,0.03243998834658422,3.989047567915817,0.0
CCT8L2,0.03243934661301584,3.983678728658864,0.0
RP11-644F5.10,0.03241085991881122,3.978309889401911,0.0
C10orf67,0.03240784314642191,3.972941050144959,0.0
C11orf40,0.032383627712705365,3.9675722108880063,0.0
NIPAL1,0.032315649503851566,3.962203371631053,0.0
UGT2A2,0.032285103713033995,3.9568345323741005,0.0
ACER1,0.032260219225755754,3.9514656931171483,0.0
CLEC14A,0.03222820152647407,3.9460968538601953,0.0
CTRB2,0.032205090913767435,3.9407280146032426,0.0
CST8,0.032165959445103906,3.9353591753462904,0.0
CLEC12B,0.032142824381579095,3.9299903360893373,0.0
TTLL2,0.03210467552560618,3.9246214968323847,0.0
FAM183A,0.032085808525263895,3.9192526575754325,0.0
LHFPL3,0.0320424959293765,3.9138838183184794,0.0
RNF183,0.03196787183069115,3.908514979061527,0.0
RTP1,0.03195374516647974,3.9031461398045746,0.0
PCDHB12,0.031885902338135055,3.8977773005476215,0.0
C9orf24,0.03188376327146628,3.892408461290669,0.0
C7orf62,0.03187854899114205,3.887039622033716,0.0
DBNDD1,0.031876459765896994,3.881670782776764,0.0
RNASE11,0.03183644099933466,3.876301943519811,0.0
NDNL2,0.03180222696201675,3.870933104262858,0.0
SYNGR4,0.03178807999669696,3.865564265005906,0.0
FAM115A,0.03176204442394438,3.860195425748953,0.0
AC004466.1,0.031690570175438595,3.8548265864920004,0.0
CTD-2349B8.1,0.0316727039729615,3.849457747235048,0.0
CALHM1,0.03166981254216251,3.844088907978095,0.0
ZCCHC16,0.031665182724635296,3.8387200687211425,0.0
RFX8,0.031654497550062846,3.8333512294641903,0.0
C12orf56,0.031649201304350255,3.827982390207237,0.0
SLC25A45,0.031611883847961306,3.8226135509502845,0.0
RNF215,0.031542451639064675,3.8172447116933323,0.0
TMEM156,0.03152277646751234,3.8118758724363793,0.0
CTC-349C3.1,0.03150155661227301,3.8065070331794266,0.0
SMIM11,0.031426096075198806,3.8011381939224735,0.0
CLDN24,0.03136379007231353,3.7957693546655213,0.0
C20orf166,0.03135714285714286,3.7904005154085687,0.0
SLC39A2,0.03131889456499938,3.7850316761516156,0.0
LYPD1,0.03131309684738583,3.7796628368946634,0.0
C8orf58,0.03129042785784654,3.774293997637711,0.0
ACRC,0.03128084652411152,3.7689251583807577,0.0
AC010642.1,0.031278189557088096,3.7635563191238055,0.0
TAAR5,0.031212375910071692,3.758187479866853,0.0
KAL1,0.031179020365885678,3.7528186406099,0.0
RNASE9,0.031175825215408858,3.747449801352948,0.0
MORN3,0.031170234406673193,3.742080962095995,0.0
RAD51L3-RFFL,0.03116257535055935,3.736712122839042,0.0
HIST1H3H,0.031128430380189715,3.731343283582089,0.0
GYPE,0.03110594075526795,3.725974444325137,0.0
TXNDC8,0.03107474885167989,3.7206056050681844,0.0
C4orf36,0.031067247365040185,3.7152367658112313,0.0
GUCA2A,0.031032375004641084,3.709867926554279,0.0
MANSC1,0.030999972713671147,3.7044990872973265,0.0
C12orf36,0.030997480924062116,3.6991302480403734,0.0
ZNF805,0.03095540831223753,3.693761408783421,0.0
C2orf82,0.030916458186387236,3.6883925695264685,0.0
AC135048.1,0.03091374997607869,3.6830237302695155,0.0
SLFNL1,0.030904698021670046,3.6776548910125633,0.0
CHDC2,0.030870258091305492,3.6722860517556106,0.0
CTC-260F20.3,0.030859205279207873,3.6669172124986575,0.0
PRAC1,0.0308287454151513,3.6615483732417053,0.0
AC002985.3,0.03082469039836297,3.6561795339847527,0.0
ACTL10,0.03081585468583712,3.6508106947277996,0.0
RP11-315D16.2,0.030793156420607103,3.645441855470847,0.0
C2orf53,0.030756430796617707,3.640073016213895,0.0
PPM1N,0.030743014623349902,3.6347041769569417,0.0
C3orf55,0.030700637507550886,3.629335337699989,0.0
XKRX,0.030663541098655565,3.623966498443037,0.0
RP11-565P22.6,0.030659530079833696,3.618597659186084,0.0
SAMD12,0.030655411412888783,3.613228819929131,0.0
ACOT12,0.030620650867514105,3.607859980672179,0.0
ATP6V1G2-DDX39B,0.030558371735791096,3.602491141415226,0.0
TMEM150B,0.030471439153293922,3.597122302158273,0.0
RP11-571M6.15,0.03045895068506422,3.591753462901321,0.0
LCNL1,0.030440213347579858,3.5863846236443684,0.0
C3orf52,0.030438325954395256,3.5810157843874153,0.0
AC022400.2,0.03043326413907735,3.5756469451304627,0.0
AMY1C,0.030424970482964227,3.5702781058735105,0.0
GPR6,0.030422425466015063,3.5649092666165574,0.0
CGB8,0.030393103791888393,3.5595404273596047,0.0
LEMD1,0.030389617544868595,3.5541715881026525,0.0
CXXC4,0.030368669946898647,3.5488027488456995,0.0
SLC10A5,0.030361983512844422,3.543433909588747,0.0
RP11-57H12.6,0.03033150089693093,3.5380650703317946,0.0
HRASLS2,0.030322296945598164,3.5326962310748415,0.0
TMEM72,0.030291021568981735,3.527327391817889,0.0
SGOL1,0.030250731141468902,3.5219585525609367,0.0
FSCN3,0.03024486950472931,3.5165897133039836,0.0
NGFRAP1,0.0302419616652883,3.511220874047031,0.0
TMCO5A,0.030238057767696235,3.505852034790079,0.0
TM4SF2,0.03018460921196355,3.5004831955331257,0.0
DEFB110,0.03014441849750099,3.495114356276173,0.0
TM4SF18,0.03012165886575991,3.48974551701922,0.0
SPATA31A2,0.03011995200572884,3.484376677762268,0.0
CXCL17,0.030112252391783667,3.479007838505315,0.0
CAPS,0.03009781260700531,3.473638999248362,0.0
TMX2-CTNND1,0.030039903878190298,3.46827015999141,0.0
IGJ,0.03001931095597462,3.4629013207344572,0.0
PRAMEF6,0.030000967379897287,3.4575324814775046,0.0
UTP11L,0.02998204474480224,3.4521636422205524,0.0
SIRPB2,0.02995021614906838,3.4467948029635993,0.0
C16orf11,0.02989433509892281,3.4414259637066467,0.0
PPIAL4G,0.02985071902671601,3.4360571244496945,0.0
TMED7-TICAM2,0.02984901039386013,3.4306882851927414,0.0
ABHD16B,0.02984733368838107,3.4253194459357887,0.0
CLDN22,0.02984603766309011,3.4199506066788357,0.0
LCE3B,0.02983860365851664,3.4145817674218835,0.0
AC069368.3,0.029838435864240148,3.409212928164931,0.0
CEACAM19,0.029836887934595213,3.4038440889079777,0.0
SCRT2,0.029836044462969995,3.3984752496510255,0.0
GPR174,0.02982111636047894,3.393106410394073,0.0
SLC25A21-AS1,0.029820733472649064,3.38773757113712,0.0
PPP1R14D,0.02981460349606669,3.3823687318801676,0.0
FNDC8,0.029801151112522815,3.376999892623215,0.0
RP11-321N4.5,0.029792268496344997,3.371631053366262,0.0
FRG1B,0.02979220298260122,3.3662622141093097,0.0
C9orf170,0.02976039061127299,3.360893374852357,0.0
IQCF2,0.029754674572702283,3.355524535595404,0.0
POU5F2,0.0297215817154316,3.3501556963384513,0.0
RP11-298I3.5,0.02969326663613961,3.344786857081499,0.0
C10orf91,0.02967015257051464,3.339418017824546,0.0
C12orf44,0.02961566199539934,3.3340491785675934,0.0
TSPYL6,0.029571601739230024,3.3286803393106412,0.0
C10orf10,0.029564117252806287,3.3233115000536886,0.0
RP11-834C11.12,0.029496276690788886,3.3179426607967355,0.0
ZNF385D,0.029474038238754097,3.3125738215397833,0.0
NHP2L1,0.029445135486687573,3.3072049822828307,0.0
PIANP,0.029371436554014217,3.3018361430258776,0.0
RP11-12J10.3,0.029358441558441556,3.2964673037689254,0.0
VSTM1,0.029307329336077804,3.2910984645119727,0.0
RP3-468K18.5,0.029293951634405162,3.2857296252550197,0.0
B3GALT5,0.029248099399220923,3.2803607859980675,0.0
FADS6,0.02922685200644169,3.274991946741115,0.0
EFCAB4A,0.02920323684973484,3.2696231074841617,0.0
PRR25,0.029201570344118816,3.264254268227209,0.0
SLC22A25,0.029163900753790516,3.258885428970257,0.0
GOLGA8G,0.029142604635700294,3.253516589713304,0.0
IL36B,0.029127220178187634,3.248147750456351,0.0
AC009065.1,0.02912187227411599,3.242778911199399,0.0
SLC16A12,0.0291192199784972,3.237410071942446,0.0
TRIM61,0.029095591618750073,3.2320412326854933,0.0
XG,0.02901603195045795,3.226672393428541,0.0
PLA2G2D,0.029002221918716802,3.221303554171588,0.0
FRG2B,0.02895343613138257,3.2159347149146353,0.0
RP11-434D12.1,0.02895214814779684,3.210565875657683,0.0
ZNF485,0.02894844022663709,3.20519703640073,0.0
C16orf3,0.028913987577862194,3.1998281971437774,0.0
RP11-332O19.5,0.028891308701077267,3.1944593578868243,0.0
SAMD15,0.028878095694881804,3.1890905186298726,0.0
C1orf162,0.028826085581176785,3.1837216793729195,0.0
C2orf27B,0.02880036472740403,3.1783528401159664,0.0
NBPF6,0.028776787270903565,3.1729840008590147,0.0
C11orf42,0.028750774851886686,3.1676151616020616,0.0
KIAA1257,0.028738983940987246,3.162246322345109,0.0
SLX1B,0.02870811734851107,3.1568774830881567,0.0
KBTBD12,0.028699007504474832,3.1515086438312037,0.0
MSMP,0.028671200430987955,3.146139804574251,0.0
DMRTC1,0.028656254454140495,3.140770965317299,0.0
CTB-102L5.4,0.02864493808028254,3.1354021260603457,0.0
FBXO39,0.028642579934712725,3.130033286803393,0.0
C16orf80,0.028624668733187565,3.1246644475464405,0.0
EVPLL,0.02862024617589106,3.119295608289488,0.0
CHODL,0.0285973971637914,3.113926769032535,0.0
RETNLB,0.028581997818414216,3.1085579297755825,0.0
KRTAP13-2,0.028545610121565507,3.10318909051863,0.0
AARD,0.028366174261033616,3.0978202512616773,0.0
FAM167B,0.02836143078744474,3.0924514120047246,0.0
TMEM254,0.028353846607501038,3.087082572747772,0.0
PRR21,0.028345591860407054,3.0817137334908193,0.0
FAM220A,0.02832275869687196,3.0763448942338667,0.0
RP11-463C8.4,0.02830517148676055,3.070976054976914,0.0
FAM129C,0.028256964230708774,3.0656072157199614,0.0
KRTAP4-3,0.028243494102370804,3.0602383764630083,0.0
C17orf98,0.028237799947154817,3.054869537206056,0.0
C14orf166B,0.028209799848782184,3.0495006979491035,0.0
C12orf52,0.028195305085936657,3.0441318586921504,0.0
DEFB129,0.0281585990322608,3.038763019435198,0.0
GBP4,0.028141267261501107,3.0333941801782456,0.0
CTD-2207O23.10,0.02813915304535544,3.028025340921293,0.0
HTRA4,0.02813603589119871,3.0226565016643403,0.0
AMTN,0.028131669476599907,3.017287662407387,0.0
GPR87,0.028013062391513112,3.011918823150435,0.0
NPIPB7,0.02801227046222925,3.0065499838934824,0.0
KRTAP17-1,0.028008675087153434,3.0011811446365293,0.0
IFNA13,0.028006887478848518,2.995812305379577,0.0
PRIMA1,0.02800305601003244,2.9904434661226245,0.0
TEDDM1,0.02795104323987484,2.9850746268656714,0.0
LYPD4,0.027948506141780665,2.979705787608719,0.0
MS4A4E,0.027925472966305154,2.974336948351766,0.0
CGB,0.027869125787247578,2.968968109094814,0.0
GPR128,0.027846352338083587,2.9635992698378613,0.0
MGARP,0.027778055111392926,2.958230430580908,0.0
HIST1H3J,0.027758587490832477,2.952861591323956,0.0
SMIM8,0.02775479593198423,2.9474927520670033,0.0
KRTAP4-8,0.02774979318609249,2.9421239128100503,0.0
C14orf28,0.02772826373562275,2.936755073553098,0.0
C15orf32,0.02767269978903213,2.931386234296145,0.0
HIST1H3C,0.027672462997524176,2.9260173950391923,0.0
KHDC1,0.027667300270432193,2.92064855578224,0.0
PRG3,0.027608643489923333,2.915279716525287,0.0
ARL13A,0.02759936489501925,2.9099108772683344,0.0
HIGD1C,0.02759332261404917,2.9045420380113818,0.0
RP1-317E23.6,0.027588888888888885,2.899173198754429,0.0
METTL24,0.02755646513422428,2.893804359497477,0.0
C5orf20,0.02755419269119715,2.888435520240524,0.0
LCE5A,0.02752981879890994,2.883066680983571,0.0
GOLGA8I,0.027456776031999548,2.877697841726619,0.0
TEX26,0.02740527777159977,2.872329002469666,0.0
WDR16,0.027397097247021142,2.8669601632127133,0.0
HENMT1,0.0273329377910199,2.8615913239557607,0.0
LGALS13,0.02733166803977525,2.856222484698808,0.0
FNDC9,0.027287799719980042,2.8508536454418554,0.0
PLK5,0.027287047756639,2.8454848061849027,0.0
PVRL4,0.027282769783654535,2.84011596692795,0.0
MARCH4,0.0272827685150557,2.834747127670998,0.0
GPR82,0.027271224326746623,2.829378288414045,0.0
C4orf6,0.027260751976592962,2.824009449157092,0.0
KRTAP24-1,0.027255568819419096,2.8186406099001395,0.0
GAGE1,0.02725447824411984,2.813271770643187,0.0
MS4A13,0.027237789210600133,2.8079029313862343,0.0
TSPAN16,0.027233023075984252,2.8025340921292816,0.0
RP11-113D6.10,0.027228649310280916,2.797165252872329,0.0
SLAMF9,0.027222891382477965,2.7917964136153763,0.0
AC010547.9,0.02721700972862263,2.7864275743584237,0.0
AC011308.1,0.02719813119479092,2.781058735101471,0.0
TP53TG3D,0.02716634594858832,2.7756898958445184,0.0
C3orf70,0.02716464414989761,2.7703210565875658,0.0
OTOL1,0.02703237221912933,2.764952217330613,0.0
C2orf62,0.02703190159644502,2.7595833780736605,0.0
PRPH2,0.026989548198538126,2.754214538816708,0.0
GOLGA6D,0.026919200652288887,2.748845699559755,0.0
GJC3,0.02689878956551926,2.7434768603028026,0.0
C7orf66,0.02687413345277257,2.73810802104585,0.0
C12orf5,0.02686116510015979,2.7327391817888973,0.0
PTPLB,0.026846038950878625,2.7273703425319447,0.0
WFDC12,0.026824758084561397,2.722001503274992,0.0
CTC-554D6.1,0.02671035282899391,2.7166326640180394,0.0
AGAP2-AS1,0.026686591353383284,2.7112638247610867,0.0
C3orf27,0.026685964317976513,2.7058949855041337,0.0
HIST1H2AE,0.02665498571830857,2.7005261462471815,0.0
ZCCHC18,0.026653957489180292,2.695157306990229,0.0
RP11-293I14.2,0.026651606660444555,2.689788467733276,0.0
AC006538.4,0.02663335138403188,2.6844196284763235,0.0
CSTL1,0.026611676212637193,2.679050789219371,0.0
SCRT1,0.026606140696021845,2.6736819499624183,0.0
XAGE5,0.02658406595262041,2.6683131107054656,0.0
FAM211A,0.0265246057267585,2.6629442714485125,0.0
SLURP1,0.02651506034595587,2.6575754321915603,0.0
RP11-867G23.8,0.02638131071242884,2.6522065929346077,0.0
KRTAP5-8,0.02633812791825089,2.6468377536776546,0.0
PRSS27,0.026300372313563365,2.6414689144207024,0.0
CNTD2,0.02628728079853133,2.6361000751637493,0.0
NME1-NME2,0.026258065324133405,2.630731235906797,0.0
CLDN8,0.026225346884448796,2.6253623966498445,0.0
CEACAM16,0.026156979025943678,2.6199935573928914,0.0
GGTLC2,0.026031818171380432,2.614624718135939,0.0
CARD17,0.025994848820331866,2.6092558788789866,0.0
C11orf94,0.025993040551907487,2.6038870396220335,0.0
RP11-1012A1.4,0.025983099257531107,2.5985182003650813,0.0
CTAGE6,0.025978322131085287,2.593149361108128,0.0
AC106876.2,0.025907282602228306,2.5877805218511756,0.0
KRTAP4-5,0.025864529199886282,2.5824116825942234,0.0
CT62,0.025863969455769614,2.5770428433372703,0.0
ABHD15,0.02584320563804098,2.5716740040803177,0.0
ERO1L,0.02584290172437955,2.5663051648233655,0.0
ETV3L,0.025837742661284895,2.5609363255664124,0.0
SFTA2,0.025827500592317854,2.55556748630946,0.0
AC104534.3,0.025779582556584208,2.550198647052507,0.0
OSTN,0.025769066844591522,2.5448298077955545,0.0
HMGB4,0.025761305531119855,2.5394609685386023,0.0
C7orf33,0.02575065448412739,2.534092129281649,0.0
FAM163A,0.025746682413100325,2.5287232900246965,0.0
FAM78B,0.025717404715841236,2.5233544507677443,0.0
KLF17,0.025684960601358515,2.5179856115107913,0.0
AC010327.2,0.025644576890723747,2.5126167722538386,0.0
NKX6-3,0.025613722196437993,2.507247932996886,0.0
IL36G,0.02561050825036355,2.5018790937399333,0.0
C11orf83,0.02559816992196611,2.496510254482981,0.0
KLK1,0.02557515266584151,2.491141415226028,0.0
SERPINE3,0.02556819462376686,2.4857725759690754,0.0
VCX3B,0.025541026496657383,2.4804037367121228,0.0
BHLHE23,0.025481613451516123,2.47503489745517,0.0
ARGFX,0.025480007648162384,2.4696660581982175,0.0
C5orf49,0.025431774990973027,2.464297218941265,0.0
ST20-MTHFS,0.025375341851804935,2.458928379684312,0.0
C12orf54,0.025352431324626445,2.4535595404273596,0.0
SAC3D1,0.025350025940805813,2.448190701170407,0.0
C19orf55,0.025310021112335445,2.4428218619134543,0.0
RP11-155D18.14,0.02525485057769203,2.4374530226565017,0.0
MINOS1-NBL1,0.02524419175767409,2.432084183399549,0.0
SBP1,0.02523503688799463,2.4267153441425964,0.0
PRAMEF19,0.025233002263053923,2.4213465048856437,0.0
NHLRC4,0.02518312481156485,2.415977665628691,0.0
PPAPDC2,0.02517653554175293,2.4106088263717385,0.0
GKN2,0.02511490837651185,2.405239987114786,0.0
C11orf71,0.025114426604091293,2.399871147857833,0.0
C9orf135,0.025066208973332234,2.3945023086008805,0.0
RNASE8,0.0250268182144728,2.389133469343928,0.0
LCE1A,0.025010937426248693,2.3837646300869753,0.0
LEAP2,0.02500910342499484,2.3783957908300226,0.0
KIAA1737,0.025008003576634276,2.37302695157307,0.0
RP11-849F2.7,0.02499794279835638,2.367658112316117,0.0
SLC25A53,0.024989910657594906,2.3622892730591647,0.0
SMIM4,0.024974477465568558,2.356920433802212,0.0
LPPR1,0.0249347373426144,2.351551594545259,0.0
AC093157.1,0.024907971155914137,2.3461827552883068,0.0
PPAP2A,0.02481631800675279,2.340813916031354,0.0
PAXIP1-AS2,0.02481533875570926,2.3354450767744015,0.0
AC012493.2,0.0247578959073381,2.330076237517449,0.0
DAPL1,0.024754322640278402,2.3247073982604958,0.0
ARMCX6,0.024714056825788096,2.3193385590035436,0.0
APOBEC4,0.024619722448637783,2.313969719746591,0.0
PAGE5,0.024582689661098757,2.308600880489638,0.0
MKI67IP,0.024575480322153086,2.3032320412326857,0.0
AP000695.1,0.024537415773995576,2.297863201975733,0.0
ARL9,0.024526714080699983,2.29249436271878,0.0
VASH2,0.024523607683420358,2.2871255234618277,0.0
SPRR2F,0.024520849041677638,2.2817566842048747,0.0
APITD1-CORT,0.024500251863497743,2.2763878449479225,0.0
FAM166A,0.024497939121573917,2.27101900569097,0.0
C5orf58,0.024464227724317757,2.2656501664340167,0.0
PRSS58,0.02446001828743433,2.2602813271770645,0.0
KRTAP1-4,0.024408665058315602,2.254912487920112,0.0
RP11-793H13.10,0.0244003866837384,2.249543648663159,0.0
NKX2-8,0.024375199388522686,2.2441748094062066,0.0
TMEM244,0.024319931094506697,2.2388059701492535,0.0
AADACL2,0.024317131160617008,2.233437130892301,0.0
FGF11,0.024267063569854502,2.2280682916353487,0.0
CCL28,0.02426436957868993,2.2226994523783956,0.0
TPRX1,0.02425109717725999,2.217330613121443,0.0
RP11-446E24.4,0.024233297763888956,2.2119617738644903,0.0
RP11-87C12.2,0.024195927073914464,2.2065929346075377,0.0
EEF1E1-BLOC1S5,0.024189206518502475,2.2012240953505855,0.0
PRAMEF14,0.024167265729909043,2.1958552560936324,0.0
C16orf93,0.02412160796896749,2.1904864168366798,0.0
ZCCHC5,0.024092652620246513,2.1851175775797276,0.0
KRTAP9-6,0.0240334503445491,2.1797487383227745,0.0
C5orf15,0.02402270487222386,2.174379899065822,0.0
TMPRSS11BNL,0.024016469489628267,2.169011059808869,0.0
PRR23A,0.023982470661854095,2.1636422205519166,0.0
GOLGA6L4,0.023967014267354005,2.158273381294964,0.0
MRGPRX2,0.023952477398033828,2.1529045420380113,0.0
CEACAM18,0.02391571783055654,2.1475357027810587,0.0
DNAH12,0.023877939567965974,2.1421668635241065,0.0
HSD3B1,0.02387392516680609,2.1367980242671534,0.0
LCE1C,0.023862338866253118,2.1314291850102007,0.0
TMEM121,0.02383122590481841,2.126060345753248,0.0
FABP12,0.023816265285263143,2.1206915064962955,0.0
RP11-934B9.3,0.023778519883767935,2.115322667239343,0.0
FAM198B,0.023744178940930394,2.10995382798239,0.0
ITLN2,0.023739258161253652,2.1045849887254375,0.0
AL592284.1,0.02372772201549287,2.099216149468485,0.0
RP1-66C13.4,0.0237241467899635,2.0938473102115323,0.0
NUTM2D,0.023673329200227664,2.0884784709545796,0.0
RP11-20I23.1,0.02360785547785548,2.083109631697627,0.0
KRTAP4-9,0.023603018675322704,2.0777407924406743,0.0
TMEM217,0.023597772396332713,2.0723719531837217,0.0
RP11-664I21.6,0.023542912234571032,2.067003113926769,0.0
LCE1F,0.023463587072013525,2.0616342746698164,0.0
AC003101.1,0.023425995181772668,2.0562654354128638,0.0
FAM71F2,0.02340008600512818,2.050896596155911,0.0
PDZD7,0.023390570098057905,2.0455277568989585,0.0
FDXACB1,0.023371316703986084,2.040158917642006,0.0
C5orf38,0.023323743808030026,2.034790078385053,0.0
FAM216B,0.023266796492694527,2.0294212391281006,0.0
TMEM8C,0.023214489739165626,2.024052399871148,0.0
OR52B4,0.023196913809743792,2.0186835606141953,0.0
SYNDIG1L,0.023194188443466678,2.013314721357242,0.0
RP11-257K9.8,0.023192592430689128,2.00794588210029,0.0
BCL2L2-PABPN1,0.023161928327550096,2.0025770428433374,0.0
TRIM49C,0.023101678368996962,1.9972082035863845,0.0
RP11-599B13.6,0.023087699816693074,1.991839364329432,0.0
ZHX1-C8ORF76,0.02308109209316341,1.9864705250724795,0.0
NDUFC2-KCTD14,0.023049261703123013,1.9811016858155266,0.0
KRTAP5-3,0.02301156999435076,1.9757328465585742,0.0
RP11-321M21.3,0.02299997639311656,1.9703640073016213,0.0
GPR88,0.022943584277850294,1.9649951680446687,0.0
TSPO2,0.022860663121680086,1.9596263287877163,0.0
FAM19A3,0.022859806691358037,1.9542574895307634,0.0
C1orf56,0.022797964269264566,1.9488886502738108,0.0
RP11-944L7.5,0.022704085921966592,1.943519811016858,0.0
AC040977.1,0.022690080556265615,1.9381509717599055,0.0
CKMT1B,0.022614529080425307,1.932782132502953,0.0
CCDC163P,0.022572970944761996,1.9274132932460002,0.0
SLC16A11,0.022565514696507236,1.9220444539890476,0.0
TMEM105,0.022521226743953467,1.9166756147320951,0.0
MMP21,0.02252007654074692,1.9113067754751423,0.0
C12orf77,0.022448000523870932,1.9059379362181896,0.0
TMEM95,0.02243453240157256,1.9005690969612368,0.0
NCR2,0.02239933671255321,1.8952002577042844,0.0
C4orf29,0.02233244075902373,1.8898314184473317,0.0
C3orf35,0.022294480376686215,1.8844625791903789,0.0
RP11-144F15.1,0.022276409984177743,1.8790937399334264,0.0
XXcos-LUCA11.5,0.02224769380178219,1.873724900676474,0.0
C1orf100,0.0222371248825144,1.868356061419521,0.0
C1orf158,0.022212647733761793,1.8629872221625685,0.0
SLC35G6,0.022212008662706256,1.8576183829056157,0.0
SLC51B,0.0221507911691447,1.8522495436486632,0.0
RP11-201K10.3,0.022146012497124893,1.8468807043917106,0.0
AC007390.5,0.022140001644285534,1.8415118651347577,0.0
LPPR5,0.022135585756045132,1.8361430258778053,0.0
OLFML1,0.022126429840865155,1.8307741866208527,0.0
TMEM179,0.02212431209544532,1.8254053473638998,0.0
C15orf38,0.022101740646332666,1.8200365081069474,0.0
AC018816.3,0.022095520217271753,1.8146676688499945,0.0
C17orf64,0.022071902851900055,1.809298829593042,0.0
PLSCR5,0.022067239812636846,1.8039299903360895,0.0
APOL5,0.022051695642841866,1.7985611510791366,0.0
NXPE2,0.022019042503869435,1.7931923118221842,0.0
TMPRSS11B,0.02201580924631038,1.7878234725652313,0.0
S100A7L2,0.022011695120597558,1.7824546333082787,0.0
KCNE1L,0.0219198942883569,1.7770857940513263,0.0
TMEM211,0.021916528009058654,1.7717169547943734,0.0
OVCH1-AS1,0.021873127932020432,1.7663481155374208,0.0
C17orf50,0.021855115462634453,1.7609792762804684,0.0
TNFAIP8L3,0.02183598314894771,1.7556104370235155,0.0
C10orf53,0.021818691892462518,1.7502415977665629,0.0
RNASE7,0.021798127572106828,1.74487275850961,0.0
RP1-241P17.4,0.021789202113982747,1.7395039192526576,0.0
C15orf38-AP3S2,0.02178814594993945,1.734135079995705,0.0
HDHD1,0.021768845163528297,1.7287662407387523,0.0
ZBED2,0.021767258697063346,1.7233974014817997,0.0
EFCAB3,0.021761783522721255,1.7180285622248472,0.0
GOLGA8K,0.02169368064931989,1.7126597229678944,0.0
RPA3-AS1,0.021687054381707906,1.7072908837109417,0.0
C14orf183,0.02165489885640002,1.7019220444539889,0.0
SLC35E2B,0.021652288752331106,1.6965532051970365,0.0
AC040160.1,0.02164763754079553,1.6911843659400838,0.0
ZNF705A,0.021606248116953455,1.685815526683131,0.0
ZDHHC11B,0.021605369909597515,1.6804466874261785,0.0
MIA-RAB4B,0.021595925854692423,1.6750778481692257,0.0
ANKRD62,0.02156987059937051,1.669709008912273,0.0
GTSF1L,0.021553117693395914,1.6643401696553206,0.0
PTPLAD2,0.021552235431984052,1.6589713303983677,0.0
AC018867.2,0.021550498961475022,1.6536024911414153,0.0
SPATA19,0.021520583237670636,1.6482336518844627,0.0
C9orf153,0.021515085904467,1.6428648126275098,0.0
FAM153C,0.021509806191085147,1.6374959733705574,0.0
C12orf39,0.021500202721661123,1.6321271341136045,0.0
URAD,0.021496255825885262,1.626758294856652,0.0
C9orf89,0.021484075053921088,1.6213894555996995,0.0
AF196779.12,0.021460978089884883,1.6160206163427466,0.0
SH2D6,0.021424625292868305,1.610651777085794,0.0
PRB3,0.021422227328568712,1.6052829378288416,0.0
FAM47E-STBD1,0.021401255494704913,1.5999140985718887,0.0
ADAMDEC1,0.021391138194198432,1.5945452593149363,0.0
C12orf68,0.021379080020681833,1.5891764200579832,0.0
MEGT1,0.021334362431433898,1.5838075808010308,0.0
C12orf66,0.02132011644689962,1.5784387415440784,0.0
GPR31,0.02128312648216581,1.5730699022871255,0.0
FAM132A,0.02127513089093275,1.5677010630301729,0.0
FAM183B,0.02127244811773147,1.5623322237732202,0.0
OR11H12,0.021264750664408295,1.5569633845162676,0.0
EVI2B,0.02125804521157048,1.551594545259315,0.0
CTD-2192J16.24,0.02124386714740952,1.5462257060023623,0.0
CTD-2278I10.6,0.02122256077054917,1.5408568667454097,0.0
SUN3,0.02108134378906083,1.535488027488457,0.0
RPSAP58,0.021040611557497316,1.5301191882315042,0.0
METTL20,0.021039039878015316,1.5247503489745518,0.0
C1orf204,0.02103608581968948,1.519381509717599,0.0
C14orf182,0.021024879227053136,1.5140126704606465,0.0
METTL21C,0.021020374681412775,1.5086438312036936,0.0
PRAMEF22,0.021008776614505054,1.5032749919467412,0.0
C1orf229,0.020945322485571512,1.4979061526897886,0.0
TMEM210,0.020912716643618774,1.4925373134328357,0.0
TBC1D3G,0.020823482184082434,1.487168474175883,0.0
HIST4H4,0.020810514069751443,1.4817996349189306,0.0
TMEM136,0.020749044073880216,1.476430795661978,0.0
LRRC19,0.020737116601588702,1.4710619564050251,0.0
C16orf90,0.020703206599995173,1.4656931171480725,0.0
CLLU1OS,0.020661770426900528,1.46032427789112,0.0
TMEM116,0.02065385503909962,1.4549554386341672,0.0
DSCR4,0.02062219618678975,1.4495865993772146,0.0
ZNF81,0.020615212003577372,1.444217760120262,0.0
VCX3A,0.02058770322651379,1.4388489208633095,0.0
C9orf85,0.02048063560618728,1.4334800816063566,0.0
C10orf120,0.020394677702730773,1.428111242349404,0.0
C11orf48,0.02030446602740672,1.4227424030924514,0.0
HIATL2,0.02026091840433767,1.417373563835499,0.0
AL627171.2,0.020255314614273462,1.412004724578546,0.0
RP11-404P21.8,0.020230604718819024,1.4066358853215934,0.0
PTPLA,0.020225748812939762,1.4012670460646408,0.0
C1orf200,0.02022334228852994,1.3958982068076882,0.0
FAM163B,0.0202078542948567,1.3905293675507355,0.0
TBC1D28,0.02020188719599314,1.3851605282937829,0.0
C6orf211,0.02017946005176874,1.3797916890368302,0.0
ZNF575,0.0201487897543726,1.3744228497798776,0.0
AC018470.1,0.02014475976438573,1.369054010522925,0.0
GDF5OS,0.020132910077297943,1.3636851712659723,0.0
AC026703.1,0.020125749645781014,1.3583163320090197,0.0
C7orf57,0.020118703930424045,1.3529474927520668,0.0
MBD3L3,0.02010555242880336,1.3475786534951144,0.0
RDH16,0.02009388446873643,1.3422098142381618,0.0
CXorf27,0.020077337233776426,1.3368409749812091,0.0
RP11-408E5.4,0.020076531094690438,1.3314721357242563,0.0
PRSS37,0.020072214193162585,1.3261032964673038,0.0
TRIM64C,0.020072023298143157,1.3207344572103512,0.0
RP11-166B2.1,0.020068709911106087,1.3153656179533986,0.0
GOLGA8Q,0.02005659292214148,1.3099967786964457,0.0
INSL4,0.02002360191925125,1.3046279394394933,0.0
C12orf42,0.019980088420565947,1.2992591001825406,0.0
TEX35,0.01994376441147142,1.2938902609255878,0.0
EDDM3A,0.019888150168019418,1.2885214216686351,0.0
MFSD9,0.01988805211630336,1.2831525824116827,0.0
FRG2,0.01983748815499197,1.27778374315473,0.0
AC005609.1,0.019755465877948696,1.2724149038977772,0.0
PCDH11Y,0.019694988643171384,1.2670460646408246,0.0
C22orf26,0.019536329177689472,1.2616772253838722,0.0
ZNF837,0.019456016677451848,1.2563083861269193,0.0
TMEM151B,0.019393623426382046,1.2509395468699667,0.0
RNASE10,0.019347459368610424,1.245570707613014,0.0
HIST2H3PS2,0.019335183759383465,1.2402018683560614,0.0
C10orf25,0.019307953707798912,1.2348330290991087,0.0
CTD-2267D19.3,0.01930611817684764,1.229464189842156,0.0
PTGES3L,0.01928039887027249,1.2240953505852035,0.0
LAG3,0.0192629952420973,1.2187265113282508,0.0
RP11-1105G2.3,0.019193330255515048,1.2133576720712982,0.0
C2orf50,0.019188998533038227,1.2079888328143455,0.0
C3orf65,0.019188528998135376,1.202619993557393,0.0
AP000721.4,0.019181777113556602,1.1972511543004403,0.0
C19orf35,0.019173126367910215,1.1918823150434876,0.0
KRTAP15-1,0.019165404859339215,1.186513475786535,0.0
C11orf72,0.019121436734056946,1.1811446365295823,0.0
TLX1NB,0.019121275627135136,1.1757757972726295,0.0
CTC-273B12.7,0.019028554713221707,1.170406958015677,0.0
NBPF4,0.01898246654532629,1.1650381187587244,0.0
ZNF525,0.01893714667418789,1.1596692795017718,0.0
AC013449.1,0.018926792624265464,1.154300440244819,0.0
COX6A1P2,0.018773405546501157,1.1489316009878665,0.0
MRP63,0.018696315369412995,1.1435627617309139,0.0
FAM105B,0.018667308666889298,1.1381939224739612,0.0
C1orf74,0.018658956428847975,1.1328250832170084,0.0
FAM83A,0.01864895904278443,1.127456243960056,0.0
DHRS7C,0.018641880158324062,1.1220874047031033,0.0
C13orf35,0.018630630841210298,1.1167185654461504,0.0
AC004899.1,0.01862317982694476,1.1113497261891978,0.0
LHFPL1,0.018622436883576378,1.1059808869322452,0.0
RP11-468E2.6,0.018618923384365136,1.1006120476752927,0.0
C4orf40,0.018618489363615855,1.0952432084183399,0.0
CABP7,0.018608023014561003,1.0898743691613872,0.0
C19orf48,0.01858410503569791,1.0845055299044346,0.0
C3orf18,0.018513803025913805,1.079136690647482,0.0
BANF2,0.018467707093747423,1.0737678513905293,0.0
PI16,0.018464367482618496,1.0683990121335767,0.0
GNG5P2,0.01844109371598895,1.063030172876624,0.0
SLMO1,0.018412656460323626,1.0576613336196714,0.0
RP11-998D10.1,0.018385696504979662,1.0522924943627188,0.0
C11orf85,0.01838049544001198,1.0469236551057661,0.0
C1orf213,0.01821578141792583,1.0415548158488135,0.0
DNAH17-AS1,0.018198039599865642,1.0361859765918608,0.0
RP11-89K11.1,0.018135296714291177,1.0308171373349082,0.0
C22orf15,0.018120119211947266,1.0254482980779556,0.0
EFCAB10,0.018104109210193894,1.020079458821003,0.0
SLC2A11,0.018057617693373933,1.0147106195640503,0.0
CXorf36,0.018030419812922638,1.0093417803070976,0.0
CRYGN,0.0180258875439134,1.003972941050145,0.0
NXF2B,0.01801628012870459,0.9986041017931923,0.0
OR2A42,0.018011125144480045,0.9932352625362397,0.0
AL031666.2,0.01795509906875188,0.9878664232792871,0.0
DNAJC25-GNG10,0.01794031532190825,0.9824975840223343,0.0
HYAL4,0.01793006355170631,0.9771287447653817,0.0
AC114494.1,0.017923645896632166,0.971759905508429,0.0
DEFB105A,0.0179032977797794,0.9663910662514765,0.0
TMEM249,0.0178037817381725,0.9610222269945238,0.0
DNAH10OS,0.01775340699502817,0.9556533877375711,0.0
C13orf45,0.017694313310347792,0.9502845484806184,0.0
RP11-279O9.4,0.017586248072194312,0.9449157092236659,0.0
FOLR2,0.017495898483335236,0.9395468699667132,0.0
TRAPPC2P1,0.017492827158876255,0.9341780307097605,0.0
TEX13B,0.017462657236018777,0.9288091914528078,0.0
SPINK8,0.01746239625048842,0.9234403521958553,0.0
FLJ00273,0.01745990407930395,0.9180715129389027,0.0
C21orf62,0.017397826741836202,0.9127026736819499,0.0
C12orf71,0.01739328735800797,0.9073338344249973,0.0
PPAPDC1B,0.01737548034638817,0.9019649951680447,0.0
RP11-80A15.1,0.017259753505589174,0.8965961559110921,0.0
TPPP2,0.017250227572594926,0.8912273166541393,0.0
CLRN2,0.017226670455541767,0.8858584773971867,0.0
C1orf145,0.017162849209190676,0.8804896381402342,0.0
METTL12,0.017142036295331824,0.8751207988832814,0.0
SELRC1,0.017141071977510334,0.8697519596263288,0.0
PRSS54,0.017087542833887897,0.8643831203693761,0.0
KIAA0247,0.01704333800248844,0.8590142811124236,0.0
AL441883.1,0.01703473308743484,0.8536454418554709,0.0
RP11-211G3.3,0.01701429150891171,0.8482766025985182,0.0
C1orf85,0.01699168055137436,0.8429077633415655,0.0
APOL3,0.016966604898324272,0.8375389240846128,0.0
CGB2,0.016925635125073724,0.8321700848276603,0.0
FAM92B,0.01688763695762369,0.8268012455707077,0.0
ZNF487,0.016866003264481615,0.8214324063137549,0.0
C12orf61,0.016747921554622024,0.8160635670568023,0.0
PRNT,0.016728208699055797,0.8106947277998497,0.0
SBSPON,0.016679681029708064,0.805325888542897,0.0
SLC10A6,0.016661360445904362,0.7999570492859444,0.0
LRIT3,0.016586858517836194,0.7945882100289916,0.0
PAQR4,0.01656352935253129,0.7892193707720392,0.0
METRN,0.016559415728949214,0.7838505315150864,0.0
RP1-170O19.20,0.01652186098795403,0.7784816922581338,0.0
C1ORF220,0.01649994426767203,0.7731128530011812,0.0
LCN10,0.016489648474271264,0.7677440137442285,0.0
ADM5,0.016399546084344737,0.7623751744872759,0.0
AP000889.3,0.016298203059317472,0.7570063352303232,0.0
ZNF738,0.01629634578936575,0.7516374959733706,0.0
CLDN17,0.016150239545073657,0.7462686567164178,0.0
AL583828.1,0.016078114582338876,0.7408998174594653,0.0
C10orf129,0.0160691091797293,0.7355309782025126,0.0
PATE2,0.016041082489511443,0.73016213894556,0.0
C17orf100,0.01596709521770914,0.7247932996886073,0.0
MTERF,0.015927211684905844,0.7194244604316548,0.0
KRTAP11-1,0.015880953456633384,0.714055621174702,0.0
RP11-1220K2.2,0.015866287801059524,0.7086867819177495,0.0
MST4,0.01585631827402173,0.7033179426607967,0.0
AL138764.1,0.01582637829373696,0.6979491034038441,0.0
AC022532.1,0.015736528708652716,0.6925802641468914,0.0
C1orf110,0.015735034299220657,0.6872114248899388,0.0
GRIK1-AS2,0.01572070743554871,0.6818425856329862,0.0
CTD-2132N18.3,0.01570537599085514,0.6764737463760334,0.0
C21orf128,0.015673643294786706,0.6711049071190809,0.0
MAGEB17,0.01564903109074588,0.6657360678621281,0.0
AC015989.2,0.015642321268898952,0.6603672286051756,0.0
LCN8,0.015640399504741335,0.6549983893482229,0.0
TMEM178A,0.015607517894227143,0.6496295500912703,0.0
IGFL4,0.015568710120730144,0.6442607108343176,0.0
TMEM81,0.015517081887358963,0.638891871577365,0.0
SDHAF1,0.015475679792664024,0.6335230323204123,0.0
AL133373.1,0.015435374142868922,0.6281541930634597,0.0
C15orf37,0.015414661120719547,0.622785353806507,0.0
APCDD1L,0.01538661779166128,0.6174165145495544,0.0
PRSS57,0.015310184842470723,0.6120476752926017,0.0
C19orf10,0.015300889151295793,0.6066788360356491,0.0
DKK4,0.015261627913180049,0.6013099967786965,0.0
MYCT1,0.015214836497792494,0.5959411575217438,0.0
CEACAM4,0.015211524483182887,0.5905723182647912,0.0
RHOXF2B,0.015195764620037036,0.5852034790078385,0.0
C8orf47,0.015117921791406497,0.5798346397508859,0.0
AC011997.1,0.015087458204721044,0.5744658004939333,0.0
ZFP92,0.015061442302707376,0.5690969612369806,0.0
FKBP1C,0.014970111239590364,0.563728121980028,0.0
C1orf227,0.014970020571042342,0.5583592827230752,0.0
CLLU1,0.014934296737638597,0.5529904434661226,0.0
C1QTNF4,0.014910826001603377,0.5476216042091699,0.0
C1orf61,0.014900462082012397,0.5422527649522173,0.0
CXorf66,0.014894309137567206,0.5368839256952647,0.0
FAM181B,0.014881147005091,0.531515086438312,0.0
FMO6P,0.014861760831599968,0.5261462471813594,0.0
RFPL3S,0.014854481382990444,0.5207774079244067,0.0
AMN1,0.014795921251485895,0.5154085686674541,0.0
GAGE12J,0.01468624436268166,0.5100397294105015,0.0
TMEM196,0.014664417318741036,0.5046708901535488,0.0
C8orf44,0.01465703233607224,0.49930205089659613,0.0
LGALS7B,0.01461314877932525,0.49393321163964354,0.0
GUCA1B,0.014541234533020041,0.48856437238269085,0.0
RP5-850E9.3,0.014517700494846025,0.48319553312573826,0.0
AC012123.1,0.014454732011531394,0.47782669386878557,0.0
SRRM3,0.014413109501282596,0.47245785461183293,0.0
TMEM14E,0.014387332449792381,0.46708901535488023,0.0
RP11-1396O13.13,0.014383881234709111,0.46172017609792765,0.0
SSX4B,0.014365397931321456,0.45635133684097495,0.0
KRTAP4-16P,0.014361574608064262,0.45098249758402237,0.0
CCL4L2,0.014212329147460725,0.4456136583270697,0.0
RP11-683L23.1,0.014162751304498056,0.4402448190701171,0.0
C1orf192,0.014121408991894438,0.4348759798131644,0.0
FAM89A,0.01405435313175692,0.4295071405562118,0.0
PLA2G2C,0.01403332864523737,0.4241383012992591,0.0
GPR62,0.013944827257543129,0.4187694620423064,0.0
AP000350.4,0.013928897815182643,0.41340062278535383,0.0
NPIPB15,0.013899398522382292,0.40803178352840114,0.0
OTOR,0.013874059856963064,0.4026629442714485,0.0
RP11-113D6.6,0.013856029145348442,0.3972941050144958,0.0
C9orf37,0.013831092095189807,0.3919252657575432,0.0
C3orf72,0.013697919575500542,0.3865564265005906,0.0
AC079210.1,0.013692681470622647,0.38118758724363794,0.0
C15orf53,0.01368804667929166,0.3758187479866853,0.0
FAM181A,0.01363986706141157,0.37044990872973266,0.0
C1orf146,0.01362665555877198,0.36508106947278,0.0
NIPSNAP3B,0.013574049694132248,0.3597122302158274,0.0
WASH4P,0.013565935382690797,0.35434339095887474,0.0
C1orf210,0.013544817628337915,0.34897455170192204,0.0
C9orf156,0.013485657648576205,0.3436057124449694,0.0
CGB1,0.013441383686878621,0.3382368731880167,0.0
KIR3DL3,0.01334434637831718,0.33286803393106407,0.0
AL359736.1,0.013275151614380188,0.3274991946741114,0.0
AP000867.1,0.01321252238449164,0.3221303554171588,0.0
AC020922.1,0.01316512053933877,0.31676151616020615,0.0
C15orf56,0.013146884924890334,0.3113926769032535,0.0
CLEC4A,0.013110360394127265,0.30602383764630087,0.0
RP1-127H14.3,0.013030410208960461,0.3006549983893482,0.0
FAM166B,0.013025144400637897,0.2952861591323956,0.0
FAM180B,0.013012133818256121,0.28991731987544295,0.0
XRCC6BP1,0.01291352660531606,0.2845484806184903,0.0
TMEM200B,0.012909420838623556,0.2791796413615376,0.0
PLA2G2E,0.012892961478962895,0.27381080210458497,0.0
AC129492.6,0.012858038270129334,0.26844196284763233,0.0
AC010441.1,0.012837653108652838,0.2630731235906797,0.0
GAGE10,0.012826921228995139,0.25770428433372705,0.0
PARM1,0.012702189985758911,0.2523354450767744,0.0
LAMP5,0.012651702886271848,0.24696660581982177,0.0
MORN5,0.012612946163609062,0.24159776656286913,0.0
CREG2,0.01258875019672286,0.23622892730591646,0.0
AQP12B,0.012586805563170253,0.23086008804896382,0.0
HES2,0.012459408562374149,0.22549124879201118,0.0
C1orf86,0.012296370974453064,0.22012240953505854,0.0
C16orf98,0.012249902659405103,0.2147535702781059,0.0
SHF,0.012198008267172319,0.2093847310211532,0.0
C14orf180,0.012193611282873289,0.20401589176420057,0.0
C20orf201,0.012120034839988438,0.1986470525072479,0.0
OR56B3P,0.01210973977798577,0.1932782132502953,0.0
TPRX2P,0.011775994804281768,0.18790937399334265,0.0
RNASE12,0.011700950754444502,0.18254053473639,0.0
ACN9,0.011656704830898788,0.17717169547943737,0.0
C7orf65,0.011629955952504299,0.1718028562224847,0.0
CXorf40B,0.011461448990345718,0.16643401696553203,0.0
ANXA8L2,0.011291925825852677,0.1610651777085794,0.0
C5orf48,0.011256793213751752,0.15569633845162675,0.0
PRAMEF7,0.011208856329427933,0.1503274991946741,0.0
AKR7L,0.011074155355068942,0.14495865993772147,0.0
PRSS42,0.01105697688866165,0.1395898206807688,0.0
HTR5A-AS1,0.0110315860474925,0.13422098142381617,0.0
HIGD2B,0.010943028063526466,0.12885214216686353,0.0
C1orf147,0.01087938837423684,0.12348330290991089,0.0
SPAG11A,0.010773767181213745,0.11811446365295823,0.0
WBP5,0.010651446538927188,0.11274562439600559,0.0
C8orf31,0.010646880899399542,0.10737678513905295,0.0
RP5-1052I5.2,0.010570366356074036,0.10200794588210028,0.0
AC087645.1,0.010557322924626307,0.09663910662514764,0.0
REP15,0.010533728000367336,0.091270267368195,0.0
MAGEB5,0.010468979890929975,0.08590142811124235,0.0
FAM221B,0.01035840521410671,0.0805325888542897,0.0
PRR18,0.010160398843677136,0.07516374959733706,0.0
GPR137C,0.009448759716905125,0.0697949103403844,0.0
OR10X1,0.009447280875693102,0.06442607108343176,0.0
GPR42,0.009371570016655308,0.059057231826479116,0.0
AL445989.1,0.009055411458901505,0.053688392569526476,0.0
FAM159B,0.008902306635580755,0.04831955331257382,0.0
KRTAP4-1,0.008511072724222484,0.042950714055621175,0.0
IGFBPL1,0.008511026724044373,0.03758187479866853,0.0
LINC00696,0.008480045976928186,0.03221303554171588,0.0
C15orf65,0.008329474096268583,0.026844196284763238,0.0
TMEM158,0.007656602692091864,0.021475357027810588,0.0
C7orf69,0.00718682165898458,0.01610651777085794,0.0
FAM173B,0.006658300055805033,0.010737678513905294,0.0
FAM110D,0.006338161178819289,0.005368839256952647,0.0
