Gene_Name,mantis_ml_proba,mantis_ml_perc,known_gene
NPHP1,0.9474350625393437,100.0,1.0
BBS1,0.9472786477117827,99.99463116074305,1.0
IFT140,0.9465969769928092,99.9892623214861,1.0
USH1C,0.9455600904695916,99.98389348222915,1.0
IFT122,0.9436848707722895,99.97852464297219,1.0
BBS2,0.940829895325561,99.97315580371524,1.0
AHI1,0.9388541663065553,99.96778696445828,1.0
MKKS,0.9387821420095861,99.96241812520134,1.0
RPGRIP1,0.9377706815268247,99.95704928594438,1.0
GNAT2,0.9359647735018571,99.95168044668743,1.0
PDE6B,0.9339603339250271,99.94631160743047,1.0
BBS10,0.933928672562946,99.94094276817353,1.0
MERTK,0.9337734495217983,99.93557392891657,1.0
BBS4,0.9331633639951473,99.93020508965962,1.0
PROM1,0.9324520030828911,99.92483625040266,1.0
BBS7,0.9318322944818376,99.91946741114572,1.0
USH2A,0.9310368217419887,99.91409857188876,1.0
CEP290,0.930836169665304,99.90872973263181,1.0
SPATA7,0.929554082109378,99.90336089337485,1.0
ABCA4,0.9288957083000327,99.8979920541179,1.0
RP1,0.9269735088402574,99.89262321486095,1.0
USH1G,0.9265890342388374,99.887254375604,1.0
CNGB1,0.9263539658057109,99.88188553634704,1.0
NPHP4,0.9238378834460494,99.8765166970901,1.0
WDR19,0.9224395379984289,99.87114785783314,1.0
IFT57,0.9223040282726288,99.86577901857618,0.0
PDE6A,0.9218601221623628,99.86041017931923,1.0
LAMB2,0.9210972905158996,99.85504134006227,0.0
GNAT1,0.920909970998764,99.84967250080533,0.0
SDC4,0.9182793498039246,99.84430366154837,0.0
ARL6,0.9176903165372691,99.83893482229142,1.0
RHO,0.9175286548146941,99.83356598303446,1.0
IFT172,0.9163837728537912,99.82819714377752,1.0
CDON,0.9139269173145295,99.82282830452056,0.0
CDH23,0.9133736362687717,99.81745946526361,1.0
CNGB3,0.9116030888412389,99.81209062600665,1.0
RPGRIP1L,0.9109399078932023,99.8067217867497,1.0
PCDH15,0.9109161726453088,99.80135294749275,1.0
TTC8,0.9089506304219421,99.7959841082358,1.0
MYO7A,0.9073118358520564,99.79061526897884,1.0
TULP3,0.906863909959793,99.7852464297219,0.0
TUB,0.9067318816055623,99.77987759046493,1.0
TULP1,0.9065231761416873,99.77450875120799,1.0
B9D1,0.9061896529660296,99.76913991195103,1.0
CC2D2A,0.9051035763198183,99.76377107269408,1.0
RDH12,0.9048408646209567,99.75840223343712,1.0
ATP8A2,0.9043500244617462,99.75303339418018,0.0
PDE6G,0.9040157767229302,99.74766455492322,1.0
RDH13,0.9036072790622711,99.74229571566627,0.0
TRAF3IP1,0.900017903350732,99.73692687640931,1.0
RPE65,0.8985576717428458,99.73155803715237,1.0
SAG,0.8980687494060385,99.72618919789541,1.0
PCNT,0.898005747795105,99.72082035863846,0.0
CNGA3,0.8978451539885323,99.71545151938152,1.0
AIPL1,0.8942162233964983,99.71008268012456,1.0
RGS9,0.8927203595638276,99.70471384086761,0.0
CCDC66,0.8923434317111969,99.69934500161065,0.0
TSPAN12,0.8912001002509639,99.6939761623537,1.0
RPGR,0.8910573851387456,99.68860732309675,1.0
MKS1,0.8906210378596657,99.6832384838398,1.0
OPN4,0.8895558416843414,99.67786964458284,0.0
MPV17,0.8884440004825592,99.6725008053259,0.0
GRK1,0.8880025386810303,99.66713196606894,0.0
GUCY2F,0.8879171550273895,99.66176312681199,0.0
WDPCP,0.8861932384245323,99.65639428755503,1.0
CLN8,0.8859153509140014,99.65102544829809,0.0
ROM1,0.8858541582376902,99.64565660904113,1.0
STRA6,0.8849526047706604,99.64028776978418,0.0
MFRP,0.8847308001299014,99.63491893052722,1.0
UNC45A,0.8846892774105072,99.62955009127027,0.0
BMPER,0.8843846380710602,99.62418125201332,0.0
ARR3,0.882723355293274,99.61881241275637,0.0
POMGNT1,0.8819938074753906,99.61344357349941,1.0
FREM2,0.8787461578845978,99.60807473424246,0.0
SERPINF1,0.8786122620105743,99.6027058949855,0.0
FZD6,0.8753292500972748,99.59733705572856,0.0
FAM161A,0.8746151236215032,99.5919682164716,1.0
KIF7,0.87353395819664,99.58659937721464,0.0
RP1L1,0.8726520007758429,99.5812305379577,1.0
TTC26,0.8725207805633545,99.57586169870073,0.0
ERCC6,0.8712358812029047,99.57049285944379,1.0
LPCAT1,0.8706538796424865,99.56512402018683,0.0
BBS5,0.8696549250219101,99.55975518092988,1.0
ARHGEF15,0.8688317239284515,99.55438634167292,0.0
IFT52,0.8667758464813232,99.54901750241598,0.0
OPN1SW,0.8665926597500575,99.54364866315902,1.0
BBS12,0.8665239847067631,99.53827982390207,1.0
PPT2,0.8663310289382935,99.53291098464511,0.0
RP2,0.8648263889711022,99.52754214538817,1.0
VANGL2,0.8647033870220184,99.52217330613121,0.0
RGS9BP,0.8645688772201539,99.51680446687426,0.0
MCOLN3,0.8644868612289429,99.5114356276173,0.0
ESPN,0.8643305122852325,99.50606678836036,0.0
TRPM1,0.8636024650537742,99.5006979491034,1.0
GUCY2D,0.8630881581067118,99.49532910984645,1.0
RLBP1,0.863036837715369,99.48996027058949,1.0
KRT12,0.8620439827442169,99.48459143133255,0.0
GPD2,0.8617902994155884,99.47922259207559,0.0
FZD4,0.8612477064556923,99.47385375281864,1.0
WDR35,0.8610966086387635,99.46848491356168,0.0
NEUROD1,0.8604533791542053,99.46311607430474,0.0
VAX2,0.8599875330924988,99.45774723504778,0.0
OPN1LW,0.8593637804703519,99.45237839579083,1.0
BBS9,0.8590935880976512,99.44700955653387,1.0
NDUFV2,0.8587936627029052,99.44164071727693,1.0
ITGA8,0.8582717120647431,99.43627187801998,0.0
CABP4,0.8578863288966422,99.43090303876302,1.0
TCTN2,0.85711549953575,99.42553419950607,1.0
LHFPL5,0.8570958554744721,99.42016536024911,0.0
JAG2,0.8554439842700958,99.41479652099217,0.0
NPHP3,0.8538678610099937,99.40942768173521,1.0
TH,0.8536828219890594,99.40405884247826,0.0
HIF1A,0.8535468339920044,99.3986900032213,0.0
HEXB,0.8532537996768952,99.39332116396436,0.0
PFDN5,0.8527950823307038,99.3879523247074,0.0
COL4A3,0.8526847898960114,99.38258348545045,0.0
POMT1,0.8507226642809416,99.3772146461935,1.0
CLCN2,0.8507059931755065,99.37184580693655,0.0
MDM1,0.8504524648189544,99.36647696767959,0.0
TFAP2B,0.850206196308136,99.36110812842264,0.0
EPHA2,0.8501914083957672,99.35573928916568,0.0
SOD1,0.8500783562660217,99.35037044990874,0.0
LRIG2,0.8497990489006042,99.34500161065178,0.0
CLUAP1,0.8497311174869537,99.33963277139483,0.0
IFT27,0.84941133530999,99.33426393213787,1.0
IFT46,0.8493383407592774,99.32889509288091,0.0
SLC7A11,0.84927037358284,99.32352625362397,0.0
DYNC2H1,0.8491569459438324,99.31815741436701,0.0
KIF27,0.8490448415279388,99.31278857511006,0.0
LRP6,0.8483646512031555,99.3074197358531,0.0
ATP6V0A4,0.848291403055191,99.30205089659616,0.0
PDC,0.8481649219989776,99.2966820573392,0.0
IFT88,0.8481618111988284,99.29131321808225,1.0
CENPJ,0.8479258835315704,99.28594437882529,0.0
PHACTR4,0.8476106643676757,99.28057553956835,0.0
IMPDH1,0.8472997125849795,99.27520670031139,1.0
DVL1,0.846968001127243,99.26983786105444,0.0
MBD4,0.8467547714710235,99.26446902179748,0.0
CEP135,0.846600353717804,99.25910018254054,0.0
DVL2,0.8459573268890381,99.25373134328358,0.0
TMC1,0.8459238827228546,99.24836250402663,0.0
SMO,0.8455148458480835,99.24299366476967,0.0
DLL1,0.845105892419815,99.23762482551273,0.0
MARVELD2,0.8445621430873871,99.23225598625577,0.0
PDGFRB,0.844460791349411,99.22688714699882,0.0
NDUFV1,0.8437362474988598,99.22151830774186,1.0
COL9A1,0.8425616452327142,99.21614946848491,1.0
DSCAM,0.8422905147075653,99.21078062922795,0.0
GNGT1,0.8421603500843048,99.20541178997101,0.0
POU4F2,0.8410017669200898,99.20004295071405,0.0
NDUFS1,0.8400162460643854,99.1946741114571,1.0
KRT14,0.8397342085838317,99.18930527220014,0.0
GUCA1A,0.8389483156027617,99.1839364329432,1.0
OTOF,0.8388919293880462,99.17856759368624,0.0
SDCCAG8,0.8385397999575643,99.1731987544293,1.0
PAX6,0.8381121987303837,99.16782991517235,1.0
PKNOX1,0.8380114197731018,99.16246107591539,0.0
MYO15A,0.8378441095352173,99.15709223665844,0.0
JMJD6,0.8377727746963501,99.15172339740148,0.0
ATG5,0.8375267744064331,99.14635455814454,0.0
NUBP1,0.8369623720645905,99.14098571888758,0.0
RCVRN,0.8368772983551025,99.13561687963063,0.0
ANXA3,0.836348807811737,99.13024804037367,0.0
NDUFB9,0.8362929999828339,99.12487920111673,0.0
COL4A1,0.8362752932422566,99.11951036185977,1.0
DNM1,0.8358406126499176,99.11414152260282,0.0
CACNA1F,0.8355864782386752,99.10877268334586,1.0
NAGLU,0.8355240523815155,99.10340384408892,0.0
DDR1,0.8353403449058533,99.09803500483196,0.0
PTN,0.8351547956466675,99.09266616557501,0.0
LAMC3,0.834639185667038,99.08729732631805,0.0
ARL3,0.834410328543588,99.0819284870611,1.0
PDE6D,0.83399374115056,99.07655964780415,1.0
NXNL2,0.8339769065380096,99.0711908085472,0.0
PDHX,0.8331647932529449,99.06582196929024,0.0
IFT20,0.8327758193016053,99.0604531300333,0.0
ICAM1,0.8326844692230224,99.05508429077634,0.0
FSCN2,0.832493161705305,99.04971545151938,1.0
TWSG1,0.8324691712856293,99.04434661226243,0.0
BMPR1B,0.8323854327201843,99.03897777300547,0.0
GLI2,0.8323782920837403,99.03360893374852,0.0
LRIG3,0.8316217839717865,99.02824009449157,0.0
LDLR,0.831551194190979,99.02287125523462,0.0
SDK2,0.8304616749286652,99.01750241597766,0.0
NDUFA6,0.830370944738388,99.01213357672071,0.0
SELE,0.8293720185756683,99.00676473746375,0.0
SOX9,0.8290191769599915,99.00139589820681,0.0
CDHR1,0.8289325361349145,98.99602705894985,1.0
COCH,0.8287786331466849,98.9906582196929,1.0
ATP6V1B1,0.8287159621715545,98.98528938043594,0.0
PEX13,0.8286050632035822,98.979920541179,1.0
NDUFS4,0.8285782028966984,98.97455170192204,1.0
SEC24B,0.8280974984169006,98.9691828626651,0.0
LPL,0.8276879537564058,98.96381402340813,1.0
TBCE,0.8276158511638642,98.95844518415119,0.0
EPAS1,0.8274533450603485,98.95307634489423,0.0
IFT74,0.8271504878997803,98.94770750563728,0.0
FAT4,0.8270364224910736,98.94233866638032,0.0
ATP8B1,0.8269977688789367,98.93696982712338,0.0
PLOD3,0.8265425562858582,98.93160098786642,0.0
VLDLR,0.8264455139636994,98.92623214860947,0.0
BCKDHB,0.8264107763767242,98.92086330935251,0.0
HSPG2,0.8256372272968292,98.91549447009557,0.0
AGL,0.825597220659256,98.9101256308386,0.0
TRPA1,0.8250025749206543,98.90475679158166,0.0
GNG13,0.8233685493469238,98.8993879523247,0.0
NDUFAF7,0.8233135282993317,98.89401911306776,0.0
SLC24A1,0.8232239544391632,98.88865027381081,0.0
GLRA1,0.8228953599929809,98.88328143455385,0.0
NDUFA5,0.8226848483085633,98.8779125952969,0.0
NDUFS6,0.8221709728240967,98.87254375603995,0.0
SDHB,0.8211019572580834,98.867174916783,1.0
PMM2,0.8203488349914551,98.86180607752604,0.0
TIMMDC1,0.8201068997383117,98.8564372382691,0.0
ECE2,0.8198625326156617,98.85106839901214,0.0
CRX,0.8198477863369131,98.84569955975519,1.0
SLC26A4,0.8192694415064419,98.84033072049823,1.0
DNASE1,0.8189431548118591,98.83496188124128,0.0
INVS,0.8189058893232097,98.82959304198432,1.0
DZIP1L,0.8188748836517334,98.82422420272738,0.0
NRP1,0.8187495470046997,98.81885536347042,0.0
DHRS3,0.8182227313518524,98.81348652421347,0.0
VEGFA,0.8182162940502167,98.80811768495651,0.0
IVD,0.8182155668735505,98.80274884569957,0.0
TMEM231,0.817742232126849,98.79738000644261,1.0
RBP3,0.8173964279669302,98.79201116718565,1.0
KIF14,0.8173885226249695,98.7866423279287,0.0
NTRK1,0.8173245906829834,98.78127348867174,0.0
TTC21B,0.8171785088546376,98.7759046494148,1.0
ARL2,0.8171072542667389,98.77053581015784,0.0
CLCC1,0.8169182538986206,98.76516697090089,0.0
OAT,0.8169012695099368,98.75979813164393,1.0
RDH11,0.8168644701840777,98.75442929238699,1.0
CRYAB,0.8164203703403473,98.74906045313003,0.0
ITPR3,0.8163716495037079,98.74369161387308,0.0
SLC17A8,0.8152977824211121,98.73832277461612,0.0
NDUFC1,0.8152501523494721,98.73295393535918,0.0
NTRK2,0.8149044215679169,98.72758509610222,0.0
TGFBI,0.8149004459381104,98.72221625684527,0.0
CALB1,0.8148924708366394,98.71684741758831,0.0
CRB1,0.8142390709483263,98.71147857833137,1.0
SAV1,0.8137578308582306,98.7061097390744,0.0
MYO5A,0.8130067193241262,98.70074089981746,1.0
GRM6,0.812166303396225,98.6953720605605,0.0
ALDOB,0.8118550598621368,98.69000322130356,0.0
GPX1,0.8117521643638611,98.6846343820466,0.0
B9D2,0.8115802261614262,98.67926554278965,1.0
RHOJ,0.8115679621696472,98.67389670353269,0.0
GLRB,0.8109422028064728,98.66852786427575,0.0
BMPR2,0.8106578648090362,98.66315902501879,0.0
BEST2,0.8102470517158509,98.65779018576184,0.0
CCP110,0.8100482046604156,98.65242134650488,0.0
HOXA2,0.8098917722702026,98.64705250724793,0.0
HESX1,0.809765774011612,98.64168366799097,0.0
TFAP2A,0.8091505049240022,98.63631482873403,1.0
ERCC8,0.809026704231898,98.63094598947707,1.0
SMARCA4,0.8086831569671631,98.62557715022012,0.0
PROM2,0.8078471183776855,98.62020831096316,0.0
MED1,0.8076033294200897,98.61483947170622,0.0
NOSTRIN,0.8075629413127899,98.60947063244927,0.0
PPT1,0.8073975642522176,98.60410179319231,1.0
ALKBH1,0.8070386826992035,98.59873295393537,0.0
COQ6,0.8067474603652954,98.59336411467841,0.0
CEP250,0.8066322267055511,98.58799527542146,0.0
CRYGS,0.8063614785671234,98.5826264361645,0.0
SLC4A7,0.8060422658920288,98.57725759690756,0.0
KLF4,0.8055396854877472,98.5718887576506,0.0
PSEN1,0.805390065908432,98.56651991839365,0.0
SCRIB,0.8053215026855469,98.56115107913669,0.0
SYNE1,0.8051385164260865,98.55578223987975,0.0
NDUFA8,0.8049770474433899,98.55041340062279,0.0
BOC,0.8048435688018799,98.54504456136584,0.0
MC1R,0.804784631729126,98.53967572210888,0.0
ALMS1,0.8047800443189985,98.53430688285194,1.0
NDUFB8,0.8045604050159454,98.52893804359498,0.0
ABCB5,0.8043816924095154,98.52356920433803,0.0
TYR,0.8042264889870117,98.51820036508107,1.0
SUN1,0.8038936078548431,98.51283152582411,0.0
STK36,0.8038588762283325,98.50746268656717,0.0
MYH10,0.8036992311477661,98.5020938473102,0.0
ARSK,0.8036966323852539,98.49672500805326,0.0
DNAH5,0.80340695977211,98.4913561687963,0.0
CDK5RAP2,0.8032559394836426,98.48598732953934,0.0
TIMM50,0.8032035112380982,98.4806184902824,0.0
CLN6,0.8028764295395306,98.47524965102545,1.0
RDH5,0.8026350796222687,98.46988081176849,0.0
EML2,0.8025932967662811,98.46451197251154,0.0
NAV2,0.8024512708187104,98.45914313325459,0.0
PRMT3,0.8021152138710022,98.45377429399764,0.0
HOXB2,0.801749324798584,98.44840545474068,0.0
SDC1,0.80155810713768,98.44303661548373,0.0
TGIF2,0.8012439250946045,98.43766777622677,0.0
FOXN4,0.8009501039981842,98.43229893696983,0.0
PEX1,0.800760107413503,98.42693009771287,1.0
SLX4,0.8005473256111145,98.42156125845592,0.0
MAP1B,0.8005159974098206,98.41619241919896,0.0
PLP2,0.8001546204090119,98.41082357994202,0.0
HPS1,0.7999301970005035,98.40545474068506,0.0
NDUFS5,0.7996900081634521,98.40008590142811,0.0
CROCC,0.7984788298606873,98.39471706217115,0.0
ACSL5,0.7979093194007874,98.38934822291421,0.0
ITGA3,0.7976981163024902,98.38397938365725,0.0
SALL1,0.797589539339716,98.3786105444003,1.0
PSEN2,0.797343236207962,98.37324170514334,0.0
VSX2,0.7972377359867096,98.3678728658864,0.0
CYP1B1,0.7969879542013538,98.36250402662944,1.0
PRC1,0.7968146085739136,98.35713518737249,0.0
COL4A2,0.7966744840145111,98.35176634811553,0.0
HES1,0.7966321408748627,98.34639750885859,0.0
SELP,0.7966211259365081,98.34102866960163,0.0
CTNS,0.7966138392221183,98.33565983034468,1.0
DVL3,0.7963292479515076,98.33029099108774,0.0
HIPK1,0.7961395144462585,98.32492215183078,0.0
DDC,0.7960259318351746,98.31955331257383,0.0
CACNB2,0.795880401134491,98.31418447331687,0.0
GBP2,0.7958700597286225,98.30881563405993,0.0
LAMA4,0.795794665813446,98.30344679480297,0.0
NOX3,0.7957687139511108,98.29807795554602,0.0
GLI3,0.7953584432601929,98.29270911628906,0.0
FBN2,0.7950194478034973,98.28734027703211,0.0
PGAP1,0.7947902367483798,98.28197143777516,1.0
HES5,0.7946031987667084,98.27660259851821,0.0
APOB,0.7944474472093952,98.27123375926125,1.0
IFT43,0.7942059218883515,98.2658649200043,0.0
CTHRC1,0.7941864490509033,98.26049608074734,0.0
MYO3A,0.7934513032436371,98.25512724149038,0.0
DPH1,0.7933232307434082,98.24975840223344,0.0
NID1,0.7931397914886474,98.24438956297648,0.0
IL4,0.7931184530258178,98.23902072371953,0.0
PEX5,0.7930633561177687,98.23365188446257,1.0
IQCB1,0.7930327373654095,98.22828304520563,1.0
FGF20,0.7929726839065552,98.22291420594867,0.0
BMP2,0.792915153503418,98.21754536669172,0.0
INPP5E,0.792733496033264,98.21217652743476,1.0
SDHA,0.7925892203374016,98.2068076881778,1.0
DCHS1,0.7924323320388794,98.20143884892086,0.0
PAX8,0.7924223840236664,98.19607000966391,0.0
IFT80,0.7919099867343903,98.19070117040695,0.0
CLIC4,0.7916239678859711,98.18533233115001,0.0
PAX2,0.7913014869990311,98.17996349189305,1.0
MYO6,0.7911488294601441,98.1745946526361,0.0
STAT3,0.7909225968122482,98.16922581337914,1.0
PTGS1,0.7906769394874573,98.1638569741222,0.0
CACNA2D4,0.7905028486874566,98.15848813486524,1.0
LAMB1,0.7902660667896271,98.15311929560829,0.0
TTLL5,0.7901956494412901,98.14775045635133,1.0
EYA4,0.7899439096450805,98.14238161709439,0.0
LAMA5,0.7897112250328064,98.13701277783743,0.0
SLC25A13,0.7892789483070374,98.13164393858048,0.0
BCR,0.789266151189804,98.12627509932352,0.0
LAMA2,0.7888909697532653,98.12090626006658,0.0
LRP5,0.7880793621906867,98.11553742080962,1.0
ALDH1A2,0.7878777801990509,98.11016858155267,0.0
RORB,0.7874343454837799,98.10479974229571,0.0
COL11A1,0.7874275427668488,98.09943090303877,1.0
CRYBB2,0.7871639013290406,98.0940620637818,0.0
SLITRK6,0.787098640203476,98.08869322452486,0.0
HTT,0.787037831544876,98.0833243852679,0.0
COL5A1,0.7862028479576111,98.07795554601095,0.0
THBS1,0.7860222637653351,98.072586706754,0.0
ADSL,0.7856479048728943,98.06721786749705,0.0
FRS2,0.78544682264328,98.06184902824009,0.0
PSAP,0.78543119430542,98.05648018898314,0.0
HSD17B4,0.7853222588318904,98.0511113497262,1.0
TBC1D5,0.7852009236812592,98.04574251046924,0.0
TMPRSS3,0.7851213395595551,98.0403736712123,0.0
NOTCH1,0.7849211692810059,98.03500483195533,0.0
SLC26A5,0.7845852375030518,98.02963599269839,0.0
NRL,0.7845601328425534,98.02426715344143,1.0
FXN,0.7845424115657806,98.01889831418448,0.0
ACBD3,0.7843212604522705,98.01352947492752,0.0
FJX1,0.7837520956993103,98.00816063567058,0.0
INTU,0.7836397469043732,98.00279179641362,0.0
COL5A2,0.78329439163208,97.99742295715667,0.0
NBAS,0.7831799268722535,97.99205411789971,0.0
C3orf38,0.7828436672687531,97.98668527864277,0.0
ATMIN,0.7828325092792511,97.98131643938581,0.0
EPHB2,0.7823018908500672,97.97594760012885,0.0
EYA1,0.7822909960173127,97.9705787608719,1.0
MLH1,0.7822804391384125,97.96520992161494,0.0
ANKS6,0.782192838191986,97.959841082358,0.0
PLIN2,0.7821712493896484,97.95447224310104,0.0
GAS6,0.7819080650806427,97.94910340384408,0.0
MYO1C,0.7812874674797058,97.94373456458713,0.0
ACAD9,0.7812417030334473,97.93836572533017,0.0
RGR,0.7810725179915192,97.93299688607323,1.0
NDUFA4,0.7809374148320968,97.92762804681627,1.0
SLC45A2,0.7803105533123016,97.92225920755932,0.0
NDUFS8,0.7802311219550945,97.91689036830238,1.0
RAX,0.7796530067920685,97.91152152904542,0.0
EPHB1,0.7795340776443481,97.90615268978847,0.0
NOTCH4,0.7793298363685608,97.90078385053151,0.0
TDRD7,0.7785610735416413,97.89541501127457,0.0
ERCC2,0.7784685962262207,97.8900461720176,1.0
ETFDH,0.7779584228992462,97.88467733276066,0.0
MAF,0.7779567241668701,97.8793084935037,0.0
PEX11A,0.7777071475982666,97.87393965424675,0.0
NDP,0.7776996182658957,97.8685708149898,1.0
CPT1B,0.7776336431503296,97.86320197573285,0.0
ZDHHC16,0.7775486648082733,97.85783313647589,0.0
RARB,0.7772971093654633,97.85246429721894,0.0
CELSR1,0.7772483825683594,97.84709545796198,0.0
AGTPBP1,0.7772404432296753,97.84172661870504,0.0
PDCL,0.7772401392459869,97.83635777944808,0.0
HADHB,0.777221816778183,97.83098894019113,0.0
SIX3,0.7771226823329925,97.82562010093417,0.0
ALDH1A3,0.7767558097839355,97.82025126167723,0.0
SOX7,0.776374900341034,97.81488242242027,0.0
OSR1,0.7763562142848969,97.80951358316332,0.0
MEIS2,0.7761585295200348,97.80414474390636,0.0
NDUFB10,0.7761325657367706,97.79877590464942,0.0
RBP4,0.7754414005334987,97.79340706539246,1.0
CCM2,0.7753811657428742,97.78803822613551,0.0
NDST2,0.775213360786438,97.78266938687857,0.0
WRN,0.7751493700694688,97.7773005476216,1.0
AGRN,0.773812758922577,97.77193170836466,0.0
CIR1,0.7737370908260346,97.7665628691077,0.0
MLPH,0.7736526429653168,97.76119402985076,0.0
IGF1,0.7735630154609681,97.7558251905938,0.0
DMD,0.7734175741672515,97.75045635133685,0.0
EDNRB,0.7732756674289704,97.74508751207989,0.0
COL1A1,0.7731637954711914,97.73971867282295,0.0
TTLL1,0.7728852033615112,97.73434983356599,0.0
HIPK2,0.772803658246994,97.72898099430904,0.0
NDUFB6,0.7727117776870728,97.72361215505208,0.0
SYNE2,0.7726418733596802,97.71824331579512,0.0
TYRP1,0.772585105895996,97.71287447653818,0.0
RS1,0.7725339812321925,97.70750563728122,1.0
CASP3,0.7724795520305634,97.70213679802427,0.0
NR2E1,0.7723438739776611,97.69676795876731,0.0
BMP4,0.7719373961843817,97.69139911951036,1.0
MTHFD2,0.7718727171421051,97.6860302802534,0.0
NDUFB3,0.7714381217956543,97.68066144099646,0.0
NDUFB1,0.7711827874183654,97.6752926017395,0.0
DBH,0.7711686372756958,97.66992376248254,0.0
CD36,0.7705210149288177,97.6645549232256,0.0
PLA2G6,0.7701708614826203,97.65918608396863,0.0
MECP2,0.7698722898960113,97.65381724471169,0.0
TOR1AIP1,0.768710482120514,97.64844840545473,0.0
PPP1R13L,0.7685833036899566,97.64307956619778,0.0
SCARB2,0.7684202671051026,97.63771072694084,0.0
HMBS,0.7683413803577424,97.63234188768388,0.0
PROCR,0.7682024002075195,97.62697304842693,0.0
EFEMP1,0.768175931203933,97.62160420916997,1.0
NEUROD4,0.7680566012859344,97.61623536991303,0.0
KERA,0.7675677239894867,97.61086653065607,0.0
GPR179,0.7674881458282471,97.60549769139912,0.0
BMS1,0.7672369241714477,97.60012885214216,0.0
SSNA1,0.7671882510185242,97.59476001288522,0.0
IFT81,0.7667675733566284,97.58939117362826,0.0
AXIN1,0.7666308522224426,97.58402233437131,0.0
SEMA5B,0.7663701355457306,97.57865349511435,0.0
KIT,0.7662341296672821,97.5732846558574,0.0
PIK3C3,0.7659657239913941,97.56791581660045,0.0
FKBP8,0.7656947314739228,97.5625469773435,0.0
COL2A1,0.7653194092699395,97.55717813808654,1.0
COX7A2L,0.7652242302894592,97.5518092988296,0.0
MMADHC,0.7651722311973572,97.54644045957264,0.0
SUPT20H,0.7649675786495209,97.54107162031569,0.0
NKX3-2,0.764665299654007,97.53570278105873,0.0
NDUFA12,0.7645429779286586,97.53033394180179,1.0
CYP26B1,0.7641194641590119,97.52496510254483,0.0
MYH9,0.763962697982788,97.51959626328788,0.0
PDCL3,0.7639149188995361,97.51422742403092,0.0
LBR,0.763774311542511,97.50885858477398,0.0
NDUFB7,0.7634343385696412,97.50348974551703,0.0
COL11A2,0.7632037222385406,97.49812090626007,0.0
RBP1,0.7631897926330566,97.49275206700312,0.0
DLG1,0.763098669052124,97.48738322774616,0.0
HMCN1,0.762932175397873,97.48201438848922,0.0
PANK2,0.7628755587868709,97.47664554923226,1.0
DPCD,0.7628570914268493,97.47127670997531,0.0
COLGALT1,0.7627077758312225,97.46590787071835,0.0
IL10,0.7625596523284912,97.46053903146141,0.0
SLC17A7,0.762514179944992,97.45517019220445,0.0
F2R,0.762400108575821,97.4498013529475,0.0
PFAS,0.7623920023441315,97.44443251369054,0.0
RANBP2,0.7621393084526062,97.43906367443358,0.0
BAX,0.7620780169963837,97.43369483517664,0.0
TBC1D20,0.7620290687790623,97.42832599591968,1.0
DBT,0.762014651298523,97.42295715666273,0.0
ARHGAP35,0.7619014501571655,97.41758831740577,0.0
CES2,0.7618394196033478,97.41221947814881,0.0
PDGFB,0.7617701649665832,97.40685063889187,0.0
PCSK1,0.7616258859634399,97.40148179963491,0.0
GUSB,0.7615840554237365,97.39611296037796,0.0
LRIG1,0.7612015902996063,97.390744121121,0.0
COL18A1,0.7610056734519449,97.38537528186406,1.0
SKI,0.7607865035533905,97.3800064426071,0.0
BFSP2,0.760784649848938,97.37463760335015,0.0
CHRNA9,0.7602768957614898,97.36926876409319,0.0
ITGA7,0.7602275252342224,97.36389992483625,0.0
C2CD3,0.7592430233955383,97.3585310855793,0.0
PEX7,0.7591138752607199,97.35316224632234,1.0
GRXCR1,0.759068238735199,97.3477934070654,0.0
JAG1,0.7590566141725047,97.34242456780844,1.0
PROX1,0.7589861929416657,97.33705572855149,0.0
MCCC2,0.7589229464530944,97.33168688929453,0.0
NTRK3,0.758608078956604,97.32631805003759,0.0
HSF4,0.7584517598152161,97.32094921078063,0.0
FOPNL,0.7584159076213837,97.31558037152368,0.0
KRT4,0.7582781195640564,97.31021153226672,0.0
CYP4V2,0.7581854021682172,97.30484269300977,1.0
PTK7,0.7580647110939026,97.29947385375281,0.0
LEP,0.7579696655273438,97.29410501449587,0.0
ACHE,0.7574895918369293,97.28873617523891,0.0
PEX3,0.7564178931757093,97.28336733598196,1.0
ATP11A,0.7562621116638184,97.277998496725,0.0
PTPN13,0.756188154220581,97.27262965746806,0.0
ACADVL,0.756104701757431,97.2672608182111,0.0
FGFR3,0.7560735285282135,97.26189197895415,0.0
PDE4C,0.7557115972042083,97.2565231396972,0.0
ATP1B2,0.7556362986564636,97.25115430044025,0.0
NDUFA13,0.7554112733791234,97.24578546118329,1.0
SIX4,0.7551709294319153,97.24041662192634,0.0
TUSC3,0.7550548791885376,97.23504778266938,0.0
DHX35,0.7549221873283386,97.22967894341244,0.0
SMPD4,0.7547886431217193,97.22431010415549,0.0
FTH1,0.7544598042964935,97.21894126489853,0.0
ADAMTS9,0.7542745351791382,97.21357242564159,0.0
TMEM107,0.7542388705830825,97.20820358638463,1.0
EGFR,0.7541045486927033,97.20283474712768,0.0
ADCY3,0.7540600001811981,97.19746590787072,0.0
ICA1,0.7536168813705444,97.19209706861378,0.0
ADAMTS13,0.7531497299671173,97.18672822935682,0.0
FZD5,0.7531472444534302,97.18135939009986,0.0
GPI,0.7531459152698516,97.17599055084291,0.0
TIMM22,0.7531050443649292,97.17062171158595,0.0
MFAP2,0.7530427932739258,97.165252872329,0.0
FRAS1,0.7527789056301117,97.15988403307205,0.0
ARL13B,0.7527192630019842,97.1545151938151,1.0
LCA5,0.7525131103015483,97.14914635455814,1.0
NDUFAF4,0.7523007929325104,97.1437775153012,0.0
HSPB11,0.7521284818649292,97.13840867604424,0.0
LUM,0.7516610622406006,97.13303983678728,0.0
PRKCI,0.7505509734153748,97.12767099753033,0.0
SLC22A4,0.7503113627433777,97.12230215827337,0.0
MAN2A1,0.7502602100372314,97.11693331901643,0.0
ROR2,0.7498924612998963,97.11156447975947,0.0
RIC8A,0.749819815158844,97.10619564050252,0.0
TP53BP2,0.749299955368042,97.10082680124556,0.0
F11R,0.7491854786872864,97.09545796198861,0.0
AP5M1,0.7491617143154145,97.09008912273167,0.0
ITGB4,0.7488806366920471,97.08472028347471,0.0
CEP164,0.748762322869493,97.07935144421776,1.0
MAPK3,0.7486549437046051,97.0739826049608,0.0
MBTPS1,0.7482576608657837,97.06861376570386,0.0
SPARC,0.748150360584259,97.0632449264469,0.0
PANX1,0.7479248106479645,97.05787608718995,0.0
PDGFRA,0.7478769183158874,97.052507247933,0.0
NDUFAF3,0.7476322531700135,97.04713840867605,0.0
CPLX1,0.7475966155529022,97.04176956941909,0.0
UNC45B,0.7473784685134888,97.03640073016214,0.0
TTBK2,0.7472730875015259,97.03103189090518,0.0
GJA8,0.7468197107315063,97.02566305164824,0.0
PREB,0.7468130767345429,97.02029421239128,0.0
PKD1,0.7467344105243683,97.01492537313433,0.0
MYOC,0.7465601120801533,97.00955653387737,1.0
MEGF11,0.7465191900730133,97.00418769462043,0.0
NFKBIZ,0.7464991986751557,96.99881885536347,0.0
DIS3,0.7464829981327057,96.99345001610652,0.0
CALCA,0.7462250649929046,96.98808117684956,0.0
NHS,0.7461178541183472,96.98271233759262,0.0
THY1,0.7460545003414154,96.97734349833566,0.0
UNC119,0.7458305406703878,96.97197465907871,1.0
ZEB1,0.7455169856548309,96.96660581982175,0.0
FHOD1,0.7454513251781464,96.9612369805648,0.0
TTN,0.7454270243644714,96.95586814130785,0.0
ICK,0.7452147424221038,96.9504993020509,0.0
SOAT1,0.7451954185962677,96.94513046279395,0.0
EDN1,0.7450265944004059,96.939761623537,0.0
CNGA1,0.7448099545858524,96.93439278428005,1.0
KIF5A,0.7447238683700561,96.92902394502309,0.0
NDUFB4,0.744714742898941,96.92365510576614,0.0
FGFR1OP,0.7446921467781067,96.91828626650918,0.0
BEST1,0.7445940687647605,96.91291742725224,1.0
GPR98,0.7445824980735779,96.90754858799528,0.0
COX4I1,0.7445334613323211,96.90217974873832,0.0
ID1,0.7444078385829925,96.89681090948137,0.0
NDUFS3,0.7443233958850562,96.89144207022441,1.0
PRKRA,0.7441766679286956,96.88607323096747,0.0
C3,0.7439714133739471,96.88070439171051,0.0
PARP1,0.7437618017196655,96.87533555245355,0.0
CEP97,0.7436229944229126,96.8699667131966,0.0
SIX5,0.7434331596569907,96.86459787393964,1.0
LRAT,0.7433097509289146,96.8592290346827,1.0
POU4F3,0.7427793979644776,96.85386019542574,0.0
FAT1,0.7426290571689605,96.8484913561688,0.0
CPT1A,0.7423787415027618,96.84312251691183,0.0
KRT10,0.7422785520553589,96.83775367765489,0.0
KIF20B,0.7421894252300263,96.83238483839793,0.0
CYB5R3,0.7421144425868988,96.82701599914098,0.0
OXCT1,0.7418196678161622,96.82164715988402,0.0
TPI1,0.7417937278747558,96.81627832062708,0.0
ILK,0.7417245924472808,96.81090948137013,0.0
COX6C,0.7415008962154388,96.80554064211317,0.0
ECE1,0.7414499044418335,96.80017180285623,0.0
TBX1,0.7411495519095453,96.79480296359927,1.0
JUN,0.7411439955234528,96.78943412434232,0.0
TLR4,0.7410404741764068,96.78406528508536,0.0
POMT2,0.7409678412075261,96.77869644582842,1.0
WNT5A,0.7407709836959839,96.77332760657146,0.0
TCTN1,0.7407575905323028,96.76795876731451,0.0
FUZ,0.7406788825988769,96.76258992805755,0.0
FZD3,0.7405296862125397,96.7572210888006,0.0
PITX2,0.7402342140674592,96.75185224954365,0.0
SPRY2,0.7396736145019531,96.7464834102867,0.0
AARS2,0.739672964811325,96.74111457102974,0.0
SH3BP2,0.7396364629268646,96.7357457317728,0.0
SULF2,0.7393503665924073,96.73037689251584,0.0
AQP4,0.7388732254505157,96.72500805325889,0.0
SIX1,0.7387883890081536,96.71963921400193,1.0
PCYT1A,0.7387155108009986,96.71427037474498,1.0
CDK2,0.7386693954467773,96.70890153548802,0.0
BCKDHA,0.7381901264190673,96.70353269623108,0.0
TSHZ1,0.7380184352397918,96.69816385697412,0.0
ABCC6,0.7368095692858767,96.69279501771717,1.0
NDUFB2,0.7366012811660767,96.68742617846021,0.0
TSFM,0.7365204870700837,96.68205733920327,0.0
HMGCL,0.7357945203781128,96.67668849994631,0.0
ASXL1,0.7351367703942588,96.67131966068936,1.0
ATOH1,0.7350347816944123,96.66595082143242,0.0
CD44,0.7348164916038513,96.66058198217546,0.0
CTSV,0.7348054826259613,96.65521314291851,0.0
BSND,0.7347266554832459,96.64984430366155,0.0
THRB,0.7345523416996003,96.6444754644046,0.0
ANKMY2,0.7344900071620941,96.63910662514765,0.0
SMOC1,0.7343753933906555,96.63373778589069,0.0
NGFR,0.7341038703918457,96.62836894663374,0.0
ODF2,0.7340440332889557,96.62300010737678,0.0
NCOA6,0.7338543772697449,96.61763126811984,0.0
RDH10,0.7337218582630157,96.61226242886288,0.0
FAM20B,0.7336825489997864,96.60689358960593,0.0
FAM107B,0.7336504757404327,96.60152475034897,0.0
MSX1,0.7334796071052552,96.59615591109201,0.0
CHD7,0.7334593176405072,96.59078707183507,1.0
DUOX2,0.7334431648254395,96.5854182325781,0.0
RGS4,0.7333618104457855,96.58004939332116,0.0
SEMA4A,0.7331767215625474,96.5746805540642,1.0
CCDC84,0.7330415368080139,96.56931171480726,0.0
ITGB2,0.7330375492572785,96.5639428755503,0.0
NDUFA9,0.7329073362880283,96.55857403629335,1.0
IRS1,0.7327527701854706,96.55320519703639,0.0
GATA2,0.7325624883174896,96.54783635777945,0.0
XPA,0.7323556184768677,96.54246751852249,0.0
GSN,0.7323064684867859,96.53709867926554,0.0
CASP6,0.732256543636322,96.5317298400086,0.0
PARD3,0.7321964144706726,96.52636100075163,0.0
ITGA2,0.7320207238197327,96.52099216149469,0.0
POR,0.7316286206245423,96.51562332223773,0.0
RD3,0.7314964496763423,96.51025448298078,1.0
NF2,0.7312730929629523,96.50488564372382,1.0
FGF8,0.7311725914478302,96.49951680446688,0.0
SGSH,0.7305174887180328,96.49414796520992,0.0
GPSM2,0.7303799331188202,96.48877912595297,0.0
PRKAB1,0.730245727300644,96.48341028669601,0.0
IQGAP2,0.7302020370960236,96.47804144743907,0.0
GJB2,0.7301488041877746,96.47267260818211,0.0
WDR11,0.7300859987735748,96.46730376892516,0.0
COX15,0.7299270517270984,96.4619349296682,1.0
PTCH1,0.7299013807187005,96.45656609041126,1.0
CIB2,0.7298020211216134,96.4511972511543,1.0
ERMP1,0.729703688621521,96.44582841189735,0.0
NOS1,0.7296280413866043,96.44045957264039,0.0
CRYGA,0.7295212924480439,96.43509073338345,0.0
SIX6,0.7294866568408906,96.42972189412649,1.0
CNTNAP1,0.7293741673231124,96.42435305486954,0.0
PTPN23,0.7293697237968445,96.41898421561258,0.0
CYP17A1,0.7292251527309418,96.41361537635564,0.0
LRBA,0.7291449964046478,96.40824653709868,0.0
COL15A1,0.7290550649166108,96.40287769784173,0.0
HSPB8,0.7284964680671692,96.39750885858479,0.0
TMEM209,0.7284344434738159,96.39214001932783,0.0
GJA1,0.7283940851688385,96.38677118007088,0.0
CDKN1B,0.7283719956874848,96.38140234081392,0.0
CRYBA1,0.7283362030982972,96.37603350155698,0.0
VSX1,0.7282743584573939,96.37066466230002,1.0
ADCYAP1,0.7281530439853668,96.36529582304306,0.0
UBOX5,0.7280182659626007,96.35992698378611,0.0
PLAT,0.7279354155063629,96.35455814452915,0.0
NSDHL,0.7277984082698822,96.3491893052722,0.0
GALNS,0.7276530921459198,96.34382046601525,0.0
NDUFAF1,0.7275337219238281,96.33845162675829,0.0
AKAP12,0.727456933259964,96.33308278750134,0.0
SLC25A25,0.7274567127227783,96.32771394824438,0.0
ITGB1BP1,0.7274455845355987,96.32234510898743,0.0
FANCA,0.7272593915462494,96.31697626973047,0.0
ATP6V1D,0.7270766615867614,96.31160743047353,0.0
UBE3B,0.7269336998462677,96.30623859121657,0.0
IQCE,0.7267766177654267,96.30086975195962,0.0
MREG,0.7263567090034485,96.29550091270266,0.0
SOS1,0.7262022137641907,96.29013207344572,0.0
ASPA,0.7261491179466247,96.28476323418876,0.0
CTNNB1,0.7258506997211559,96.27939439493181,1.0
EPHX2,0.7257935762405395,96.27402555567485,0.0
GJB6,0.7253869235515594,96.26865671641791,0.0
IMPDH2,0.7252275228500367,96.26328787716095,0.0
LEF1,0.7251943826675415,96.257919037904,0.0
ARID1A,0.7251642763614654,96.25255019864706,0.0
TRIOBP,0.7251606404781341,96.2471813593901,0.0
LPO,0.7251063048839569,96.24181252013315,0.0
CLIC5,0.7250451922416687,96.23644368087619,0.0
SERPINB2,0.7249768972396851,96.23107484161925,0.0
XRCC1,0.7245960712432862,96.22570600236229,0.0
STAMBP,0.7245556294918061,96.22033716310534,0.0
LSS,0.7244503796100616,96.21496832384838,0.0
KIAA1109,0.7244401633739471,96.20959948459144,0.0
LMAN1,0.7243034958839416,96.20423064533448,0.0
ITGB5,0.7242554247379303,96.19886180607753,0.0
OSR2,0.7240423858165741,96.19349296682057,0.0
ABCA1,0.7239461362361908,96.18812412756363,0.0
TPRN,0.7237844944000245,96.18275528830667,0.0
FAM216A,0.7236478924751282,96.17738644904972,0.0
NF1,0.7234771072864532,96.17201760979276,0.0
KIAA0753,0.7233935594558716,96.16664877053582,0.0
ECH1,0.7231686472892761,96.16127993127886,0.0
PEX10,0.7230951175150744,96.15591109202191,1.0
MEIS1,0.7229667782783509,96.15054225276495,0.0
HEXA,0.7229488790035248,96.145173413508,0.0
SLC44A2,0.722838568687439,96.13980457425104,0.0
KRT2,0.7227611124515534,96.1344357349941,0.0
KIAA0556,0.722518241405487,96.12906689573714,0.0
TRAF3IP2,0.7223555564880371,96.1236980564802,0.0
RARA,0.7223141670227051,96.11832921722325,0.0
FYN,0.7222985625267029,96.11296037796629,0.0
DBN1,0.7221998274326324,96.10759153870933,0.0
SLC1A3,0.7221190512180329,96.10222269945238,0.0
DRD4,0.7217643141746521,96.09685386019542,0.0
BFSP1,0.7216184377670288,96.09148502093848,0.0
IFNAR1,0.7215271234512329,96.08611618168152,0.0
HAUS6,0.7213466227054596,96.08074734242457,0.0
PDGFA,0.7213265836238861,96.07537850316761,0.0
MAPKAPK2,0.7213145971298218,96.07000966391067,0.0
CHM,0.7211865629819448,96.06464082465371,1.0
HTRA1,0.7211626887321472,96.05927198539675,0.0
PITX3,0.7208724796772004,96.0539031461398,0.0
TCTN3,0.7208390414714814,96.04853430688284,0.0
PCSK6,0.7204819977283478,96.0431654676259,0.0
HIP1R,0.7200962960720062,96.03779662836894,0.0
DISP1,0.7199565768241882,96.03242778911199,0.0
ACD,0.7195761620998382,96.02705894985503,0.0
RAB3GAP2,0.7195342497627726,96.02169011059809,1.0
RPL38,0.719427827000618,96.01632127134113,0.0
KIDINS220,0.7192019641399383,96.01095243208418,0.0
TGFBR2,0.7191919386386871,96.00558359282722,0.0
GSR,0.7191455960273743,96.00021475357028,0.0
HSD17B12,0.7188477039337158,95.99484591431332,0.0
RAB23,0.7188128411769867,95.98947707505637,0.0
HHAT,0.7184364825259638,95.98410823579941,1.0
LIG4,0.7183877468109131,95.97873939654247,0.0
PNN,0.7182166457176209,95.97337055728552,0.0
RAG1,0.718053138256073,95.96800171802856,0.0
HDAC1,0.7179439097642899,95.96263287877161,0.0
RCN1,0.7176953732967377,95.95726403951465,0.0
CNDP2,0.7175595998764038,95.95189520025771,0.0
FGFR2,0.717398589849472,95.94652636100075,0.0
SPNS2,0.7173791229724884,95.9411575217438,0.0
SIPA1L3,0.7171854496002197,95.93578868248684,0.0
CRYGD,0.7171728610992432,95.9304198432299,0.0
UNC119B,0.7167048454284668,95.92505100397294,0.0
CDK4,0.7162310779094696,95.919682164716,0.0
LIF,0.7159793734550476,95.91431332545903,0.0
COX7C,0.715935868024826,95.90894448620209,0.0
RAB18,0.7159138858318329,95.90357564694513,1.0
ADRB2,0.7157726943492889,95.89820680768818,0.0
ENPP1,0.7156602337734023,95.89283796843122,1.0
RNASET2,0.7154046535491944,95.88746912917428,0.0
SMYD1,0.7152462661266327,95.88210028991732,0.0
ADAMTS3,0.7149900615215301,95.87673145066037,0.0
SHANK3,0.7147265255451203,95.87136261140341,0.0
ECD,0.7146136701107025,95.86599377214647,0.0
HMX3,0.7143873274326324,95.86062493288951,0.0
FGFR1,0.7143371511689004,95.85525609363256,1.0
SCO2,0.7142209649085999,95.8498872543756,0.0
CNTRL,0.7137787938117981,95.84451841511866,0.0
ABCA5,0.7137747824192047,95.83914957586171,0.0
MADD,0.7136788904666901,95.83378073660475,0.0
KCNQ4,0.7134083151817322,95.82841189734779,0.0
LHX2,0.7133435666561126,95.82304305809085,0.0
LAMA1,0.7132233862867827,95.81767421883389,1.0
OPRL1,0.7131301462650299,95.81230537957694,0.0
POLG,0.71298468708992,95.80693654031998,0.0
CACNB4,0.7129550874233246,95.80156770106302,0.0
PIBF1,0.7128144562244415,95.79619886180608,0.0
WNT7B,0.7125275135040283,95.79083002254912,0.0
ADAMTS18,0.7124649494886398,95.78546118329217,1.0
CCDC80,0.7124499022960663,95.78009234403521,0.0
NEK8,0.7121184349060059,95.77472350477827,0.0
S100A11,0.7120864391326904,95.7693546655213,0.0
PRRX1,0.7118861854076386,95.76398582626436,0.0
SH3PXD2B,0.7113038301467896,95.7586169870074,0.0
DNAJC16,0.7108074843883514,95.75324814775045,0.0
BCL11B,0.7106126189231873,95.7478793084935,0.0
ARAP3,0.7105835616588593,95.74251046923655,0.0
PRICKLE1,0.7103230714797973,95.73714162997959,0.0
CDK20,0.710294634103775,95.73177279072264,0.0
NSUN2,0.7099843263626099,95.72640395146568,0.0
PAX3,0.7098814606666565,95.72103511220874,0.0
LUZP1,0.7098242521286011,95.71566627295178,0.0
SDHC,0.7097811880467952,95.71029743369483,1.0
KCNQ1,0.7097595572471619,95.70492859443789,0.0
COL8A2,0.7092145919799805,95.69955975518093,0.0
ITGA11,0.7091777443885803,95.69419091592398,0.0
ORC6,0.7091463804244995,95.68882207666702,0.0
ERBB3,0.7087820539536994,95.68345323741008,1.0
ACTB,0.7087536084836054,95.67808439815312,1.0
RDX,0.7085458815097809,95.67271555889617,0.0
TDO2,0.7085452198982238,95.66734671963921,0.0
RARG,0.7085090100765228,95.66197788038227,0.0
NOS3,0.7082755744457245,95.65660904112531,0.0
ANP32B,0.7080998241901397,95.65124020186836,0.0
DSG3,0.7080798625946045,95.6458713626114,0.0
ITGA6,0.7080561876296997,95.64050252335446,0.0
HDAC2,0.708055379986763,95.6351336840975,0.0
ID3,0.7079985857009887,95.62976484484055,0.0
ALDOC,0.7076755046844483,95.62439600558359,0.0
ATP2B2,0.7075955986976623,95.61902716632665,0.0
MYF5,0.707538652420044,95.61365832706969,0.0
FLNA,0.7074406385421753,95.60828948781274,0.0
MYH1,0.7074265420436859,95.60292064855578,0.0
NDUFB11,0.7074264439836893,95.59755180929884,1.0
NEB,0.7073994278907776,95.59218297004188,0.0
LAMC2,0.7070547223091126,95.58681413078493,0.0
TEK,0.7069397793315789,95.58144529152797,1.0
FKBP5,0.7063806533813477,95.57607645227102,0.0
ALG10,0.7060843169689178,95.57070761301406,0.0
HMX2,0.7059745758771896,95.56533877375712,0.0
PRDM16,0.7059603095054626,95.55996993450016,0.0
UGDH,0.7058700919151306,95.55460109524321,0.0
RBL1,0.7056115567684174,95.54923225598625,0.0
GCLC,0.705594927072525,95.54386341672931,0.0
PTPRK,0.7055834770202637,95.53849457747235,0.0
MIP,0.7051174938678741,95.5331257382154,0.0
OPA3,0.7048374027013778,95.52775689895844,0.0
CRISPLD2,0.70446497797966,95.52238805970148,0.0
COX6B1,0.704172268567846,95.51701922044454,1.0
TJP2,0.704145485162735,95.51165038118758,0.0
NCOA7,0.7034741401672363,95.50628154193063,0.0
CASK,0.7031667530536652,95.50091270267367,0.0
OTX1,0.7028630256652832,95.49554386341673,0.0
CDKAL1,0.7027056813240051,95.49017502415977,0.0
MT1A,0.7025922536849976,95.48480618490282,0.0
HAUS3,0.7022455632686615,95.47943734564586,0.0
SOX4,0.7020650267601013,95.47406850638892,0.0
HECTD1,0.7019683718681335,95.46869966713196,0.0
RXRA,0.7018625497817993,95.46333082787501,0.0
PEX26,0.7015759363325674,95.45796198861805,1.0
CACNA1D,0.7014528393745423,95.4525931493611,0.0
VPS13D,0.7013092637062073,95.44722431010415,0.0
GABPA,0.7010925829410553,95.4418554708472,0.0
SCO1,0.7009588009119034,95.43648663159024,1.0
FBF1,0.700788164138794,95.4311177923333,0.0
SNX25,0.7007007479667664,95.42574895307635,0.0
R3HCC1L,0.7005182504653931,95.42038011381939,0.0
TMEM38B,0.700485360622406,95.41501127456245,0.0
CNTNAP2,0.6998939096927643,95.40964243530549,0.0
CRYGB,0.6995912551879883,95.40427359604854,0.0
LRP2,0.6994979573470174,95.39890475679158,1.0
NDUFV3,0.6993900895118713,95.39353591753463,0.0
NMNAT1,0.6992790986071614,95.38816707827768,1.0
HHIP,0.6991061598062516,95.38279823902073,0.0
ATF4,0.6988692224025727,95.37742939976377,0.0
FES,0.6988653302192688,95.37206056050682,0.0
CTH,0.6986755788326263,95.36669172124986,0.0
PTPN11,0.6985683023929596,95.36132288199292,0.0
FASLG,0.6985104799270629,95.35595404273596,0.0
SUMF1,0.6981137607778821,95.35058520347901,1.0
NDUFC2,0.698078715801239,95.34521636422205,0.0
EXOC4,0.6973430752754212,95.33984752496511,0.0
PTF1A,0.6971713662147522,95.33447868570815,0.0
NDUFB5,0.697033953666687,95.3291098464512,0.0
SLIRP,0.6969485223293305,95.32374100719424,0.0
HPN,0.6968973994255065,95.3183721679373,0.0
FBLN1,0.6968557626008988,95.31300332868034,0.0
ABR,0.6968336999416351,95.30763448942339,0.0
PCCA,0.6967700332403183,95.30226565016643,0.0
GPR161,0.6967164725065231,95.29689681090949,0.0
BMP1,0.6966826140880584,95.29152797165253,0.0
WDR1,0.6965319037437439,95.28615913239558,0.0
PEX11B,0.6964999639721059,95.28079029313862,1.0
MEGF8,0.6964253842830658,95.27542145388168,0.0
ASCL1,0.696036359667778,95.27005261462472,0.0
BAK1,0.6959642350673676,95.26468377536776,0.0
C9orf78,0.6958108961582183,95.25931493611081,0.0
ENO1,0.6957247912883758,95.25394609685385,0.0
MED28,0.6955735266208649,95.2485772575969,0.0
MFNG,0.6954738140106201,95.24320841833995,0.0
RNH1,0.6954557925462723,95.237839579083,0.0
DLL4,0.6954192519187927,95.23247073982604,0.0
ANGPT2,0.6951242208480835,95.2271019005691,0.0
PYGO2,0.6950082004070282,95.22173306131214,0.0
BMP7,0.694772356748581,95.21636422205519,0.0
RABGGTA,0.6946770906448364,95.21099538279823,0.0
BRD2,0.6945137441158294,95.20562654354129,0.0
DLX5,0.6945021629333497,95.20025770428433,0.0
COX8A,0.6943652471208753,95.19488886502738,1.0
XPC,0.6939968347549439,95.18952002577042,0.0
DDB2,0.6936013281345368,95.18415118651347,0.0
KLF5,0.6931131839752197,95.17878234725652,0.0
RAB3IP,0.6930073857307434,95.17341350799957,0.0
ERCC5,0.6926791266880957,95.16804466874261,1.0
GNPTAB,0.6923151306356444,95.16267582948566,1.0
PAM,0.692302405834198,95.1573069902287,0.0
GNPAT,0.6921811878681183,95.15193815097176,0.0
GJB3,0.6921450972557068,95.14656931171481,0.0
TRPV4,0.6921313762664795,95.14120047245785,0.0
ADAMTSL4,0.6921101868152618,95.13583163320091,0.0
CRYAA,0.6917536914348602,95.13046279394395,0.0
MCPH1,0.6917107701301575,95.125093954687,0.0
VAX1,0.6915598809719086,95.11972511543004,0.0
SLC1A1,0.6910746097564697,95.1143562761731,0.0
SUPV3L1,0.6906852543354034,95.10898743691614,0.0
ECI2,0.6905635535717011,95.10361859765919,0.0
PKDCC,0.6901892125606537,95.09824975840223,0.0
ATRX,0.6900817066431045,95.09288091914529,0.0
NES,0.6897278904914856,95.08751207988833,0.0
BSN,0.6893921315670013,95.08214324063138,0.0
SCLT1,0.6892201095819473,95.07677440137442,0.0
BRIP1,0.6891349911689758,95.07140556211748,0.0
SH3D19,0.6890853017568588,95.06603672286052,0.0
GRK4,0.6890310823917389,95.06066788360357,0.0
EGFL7,0.6889754593372345,95.05529904434661,0.0
DNAJC5,0.688938993215561,95.04993020508967,0.0
SCP2,0.6889292776584626,95.0445613658327,0.0
TTC30B,0.6885865151882171,95.03919252657576,0.0
TCF7L1,0.6885364651679993,95.0338236873188,0.0
GNAS,0.6882948189973831,95.02845484806186,0.0
PPIB,0.6881700038909913,95.0230860088049,0.0
ACO1,0.6880939602851868,95.01771716954795,0.0
EFHD1,0.6879625618457794,95.01234833029099,0.0
SLC9A3R1,0.6879612565040588,95.00697949103404,0.0
ALDH2,0.6877985775470734,95.00161065177709,0.0
NIPBL,0.6877929449081421,94.99624181252014,0.0
RAD1,0.6877862274646759,94.99087297326318,0.0
ELMO3,0.6876436173915863,94.98550413400622,0.0
BID,0.6875258654356002,94.98013529474927,0.0
E2F4,0.6874925494194031,94.97476645549231,0.0
MTHFR,0.6873323082923889,94.96939761623537,0.0
TMEM219,0.6872762322425843,94.96402877697841,0.0
ALK,0.6872756600379943,94.95865993772146,0.0
PNLIP,0.6871823072433472,94.9532910984645,0.0
NUMB,0.6868151128292084,94.94792225920756,0.0
FBLN2,0.6867658197879791,94.9425534199506,0.0
FGF10,0.6865708440542221,94.93718458069365,0.0
EGFLAM,0.6863557010889053,94.9318157414367,0.0
TNFSF11,0.686290055513382,94.92644690217975,0.0
MAPK1,0.6861294150352478,94.92107806292279,0.0
NOS2,0.6861076384782792,94.91570922366584,0.0
ZNF330,0.6858658730983734,94.91034038440888,0.0
CAP2,0.685517567396164,94.90497154515194,0.0
CFH,0.6847881883382797,94.89960270589498,0.0
ADAM17,0.6847584456205368,94.89423386663803,0.0
MED17,0.684585440158844,94.88886502738107,0.0
GRIN1,0.6841907501220703,94.88349618812413,0.0
ITGB1,0.6839776992797851,94.87812734886717,0.0
RRN3,0.6839272111654282,94.87275850961022,0.0
SP3,0.6838964879512787,94.86738967035328,0.0
RHBDF1,0.683815199136734,94.86202083109632,0.0
DBR1,0.6838034272193909,94.85665199183937,0.0
NDUFAF5,0.6837380002785433,94.85128315258241,1.0
AHR,0.6831142147535523,94.84591431332547,1.0
PFKFB3,0.6831101536750793,94.8405454740685,0.0
INHBA,0.6830523014068604,94.83517663481156,0.0
NPAT,0.683015125989914,94.8298077955546,0.0
GRHL3,0.6827673614025116,94.82443895629766,0.0
GAS8,0.6825093924999237,94.8190701170407,0.0
CASP2,0.682491809129715,94.81370127778375,0.0
C5orf42,0.6824677884578705,94.80833243852679,0.0
ACAT2,0.6824376285076141,94.80296359926984,0.0
MITF,0.682401317358017,94.79759476001288,0.0
LPP,0.6823567807674408,94.79222592075594,0.0
PARL,0.6823301613330841,94.78685708149898,0.0
APAF1,0.6820839941501617,94.78148824224203,0.0
ALDOA,0.6820150375366211,94.77611940298507,0.0
INTS10,0.6819443643093109,94.77075056372813,0.0
NDST1,0.6819437384605408,94.76538172447117,0.0
CASR,0.6819407939910889,94.76001288521422,0.0
WNT3A,0.681790542602539,94.75464404595726,0.0
GRIP1,0.6815356075763702,94.74927520670032,0.0
BUB1B,0.6813111871480941,94.74390636744336,0.0
BLM,0.6813028693199158,94.73853752818641,0.0
GAP43,0.6812758684158325,94.73316868892945,0.0
FOXI1,0.6810606787090793,94.7277998496725,1.0
COL8A1,0.6810514748096466,94.72243101041555,0.0
PEX16,0.6808140789562801,94.71706217115859,1.0
CCDC47,0.6807515919208527,94.71169333190164,0.0
PTCHD3,0.6806946396827698,94.70632449264468,0.0
GNA11,0.6806840273771393,94.70095565338774,1.0
TMCO6,0.6803671002388001,94.69558681413078,0.0
FANCD2,0.6803004145622253,94.69021797487383,0.0
DAG1,0.6802265595001389,94.68484913561687,1.0
CTNNA3,0.6801792562007904,94.67948029635993,0.0
SNAI2,0.6800924599170685,94.67411145710297,0.0
PEX6,0.6799130533422743,94.66874261784602,1.0
KAT6B,0.6798740327358246,94.66337377858906,0.0
ZMPSTE24,0.6797997862100601,94.65800493933212,0.0
KCNE1,0.6797916233539582,94.65263610007516,0.0
PLD1,0.6797098338603973,94.64726726081821,0.0
CFTR,0.6795252680778503,94.64189842156125,0.0
S100A4,0.6795187771320343,94.6365295823043,0.0
FH,0.6794180976648401,94.63116074304735,1.0
WDR36,0.6794135361909867,94.6257919037904,0.0
OCA2,0.6792314231395722,94.62042306453344,0.0
CLN3,0.6790740560422572,94.6150542252765,1.0
TKT,0.6788288593292237,94.60968538601954,0.0
S1PR2,0.678716379404068,94.60431654676259,0.0
SHH,0.6784678537617711,94.59894770750563,1.0
ESYT1,0.6783926963806153,94.59357886824868,0.0
F5,0.6781562089920044,94.58821002899174,0.0
SUFU,0.6780686974525452,94.58284118973478,0.0
CS,0.6779376924037933,94.57747235047783,0.0
LPIN1,0.6779232800006867,94.57210351122087,0.0
WARS,0.6776869237422943,94.56673467196393,0.0
HSF1,0.6773905515670776,94.56136583270697,0.0
ERMN,0.6773143202066422,94.55599699345002,0.0
CYP7A1,0.6772545397281646,94.55062815419306,0.0
TATDN2,0.6772130191326141,94.54525931493612,0.0
ATM,0.6771902829408646,94.53989047567916,0.0
SOX2,0.6770234435796738,94.53452163642221,0.0
RNF38,0.6770062297582626,94.52915279716525,0.0
DNAI1,0.676789128780365,94.52378395790831,0.0
CAT,0.6763988316059113,94.51841511865135,0.0
ZSCAN10,0.6762186765670777,94.5130462793944,0.0
LMO7,0.6761365950107574,94.50767744013744,0.0
TMEM126B,0.6760786890983581,94.5023086008805,0.0
MOGS,0.6754051208496094,94.49693976162354,0.0
ITGA5,0.6754014194011688,94.49157092236659,0.0
ATXN10,0.674989253282547,94.48620208310963,0.0
ANK2,0.6749806880950928,94.48083324385269,0.0
COG6,0.6749622404575348,94.47546440459573,0.0
CEP120,0.6741790238057593,94.47009556533878,1.0
TRMT1,0.6741512060165405,94.46472672608182,0.0
LRTOMT,0.6741124629974365,94.45935788682488,0.0
KCNJ10,0.6737691540285428,94.45398904756792,1.0
DNM2,0.6736150190976388,94.44862020831096,1.0
ZNF274,0.6732573688030243,94.44325136905401,0.0
NXNL1,0.673256653547287,94.43788252979705,0.0
TF,0.6730951011180878,94.4325136905401,0.0
B3GALT6,0.672851300239563,94.42714485128315,0.0
DNAJC1,0.6726850390434265,94.4217760120262,0.0
ANGPTL4,0.6726011276245117,94.41640717276924,0.0
MYH6,0.6725888788700104,94.4110383335123,0.0
EP300,0.6725471326598415,94.40566949425533,1.0
VPS41,0.6722098827362061,94.40030065499839,0.0
RERE,0.6721624702215194,94.39493181574143,0.0
EPB41L5,0.6720240384340286,94.38956297648448,0.0
MCM3AP,0.6718895465135575,94.38419413722752,0.0
SLC17A5,0.6714677572250366,94.37882529797058,0.0
HMGN1,0.6713831424713135,94.37345645871362,0.0
PI4K2A,0.6713825166225433,94.36808761945667,0.0
SYNJ2,0.6710004031658172,94.36271878019971,0.0
NDUFS7,0.6708899025733654,94.35734994094277,1.0
IFI27L2,0.6708529740571976,94.35198110168581,0.0
WDR81,0.6703667849302292,94.34661226242886,0.0
KIF20A,0.6703648507595062,94.3412434231719,0.0
PCM1,0.6702310740947723,94.33587458391496,0.0
TIMM17A,0.6699270129203796,94.330505744658,0.0
CRKL,0.669771471619606,94.32513690540105,0.0
OPA1,0.6697199998473033,94.3197680661441,1.0
EGF,0.6697015941143036,94.31439922688715,0.0
NME7,0.6696576774120331,94.3090303876302,0.0
GRK7,0.6696517825126648,94.30366154837324,0.0
DSG1,0.6695660322904586,94.2982927091163,0.0
CRY1,0.6695513963699341,94.29292386985934,0.0
HPS4,0.6693867325782776,94.28755503060239,0.0
CALCOCO1,0.6693332195281982,94.28218619134543,0.0
FOXM1,0.6692081153392792,94.27681735208849,0.0
CHAT,0.6688812524080276,94.27144851283153,0.0
ATF2,0.6688623309135437,94.26607967357458,0.0
LZTFL1,0.6686190769479081,94.26071083431762,1.0
OGG1,0.6684517085552215,94.25534199506068,0.0
ECSIT,0.6684094429016113,94.24997315580372,0.0
ABCA8,0.6683294355869294,94.24460431654677,0.0
MED25,0.6682541847229004,94.23923547728981,0.0
EIF2B5,0.6681818544864655,94.23386663803286,0.0
GPR143,0.6681619733572006,94.2284977987759,0.0
APOA4,0.6681160688400268,94.22312895951896,0.0
TRIM37,0.6680467932773151,94.217760120262,1.0
BPIFA1,0.6679902672767639,94.21239128100505,0.0
NFKB1,0.66793572306633,94.2070224417481,0.0
BRD8,0.6677682220935821,94.20165360249115,0.0
ANPEP,0.667637187242508,94.19628476323419,0.0
ACAD10,0.6676070630550385,94.19091592397723,0.0
UNC13B,0.6675335705280304,94.18554708472028,0.0
HOXC13,0.667404243350029,94.18017824546332,0.0
DOCK5,0.6673308908939362,94.17480940620638,0.0
CDKN1C,0.6672148287296296,94.16944056694942,0.0
OPN1MW2,0.667204749584198,94.16407172769247,0.0
SMG9,0.6669109165668488,94.15870288843551,0.0
NPC1,0.6668720543384552,94.15333404917857,0.0
NOTCH2,0.6667661219835281,94.14796520992161,0.0
AGAP1,0.6667593270540237,94.14259637066466,0.0
CITED2,0.6665919542312622,94.1372275314077,0.0
CD163,0.6663129448890686,94.13185869215076,0.0
BCAR3,0.666198217868805,94.1264898528938,0.0
NOL3,0.666191577911377,94.12112101363685,0.0
CDKN2D,0.6661328285932541,94.11575217437989,0.0
DYNC1LI1,0.6658923029899597,94.11038333512295,0.0
TIMM9,0.6658099114894866,94.10501449586599,0.0
CDO1,0.6657109349966049,94.09964565660904,0.0
MFAP4,0.6656929790973664,94.09427681735208,0.0
CRTAP,0.6656360924243927,94.08890797809514,0.0
KIAA1328,0.6655504524707794,94.08353913883818,0.0
GRHL2,0.6653147429227829,94.07817029958123,0.0
SIK3,0.6652352750301361,94.07280146032427,0.0
ADAMTS5,0.6651906847953797,94.06743262106733,0.0
MTUS1,0.6649784028530121,94.06206378181037,0.0
PHOX2B,0.6647514075040817,94.05669494255342,0.0
ANXA7,0.6646659135818481,94.05132610329646,0.0
RUNX2,0.6646279633045197,94.04595726403952,0.0
ACE,0.6643293678760529,94.04058842478257,0.0
ABCB11,0.6642997205257416,94.03521958552561,0.0
LETMD1,0.6642829179763794,94.02985074626866,0.0
ANGPT1,0.6641819387674331,94.0244819070117,0.0
SOBP,0.6640415012836456,94.01911306775476,0.0
SMARCAL1,0.6639323711395264,94.0137442284978,0.0
GJA3,0.6636974275112152,94.00837538924085,0.0
NDUFAB1,0.6634820818901062,94.0030065499839,0.0
PDZRN3,0.663436335325241,93.99763771072695,0.0
DYNC2LI1,0.6633962094783783,93.99226887146999,0.0
COX17,0.6633769184350967,93.98690003221304,0.0
TOR1A,0.6631726324558258,93.98153119295608,0.0
SOX11,0.6631498873233795,93.97616235369914,0.0
WDR62,0.6630368024110794,93.97079351444218,0.0
NUAK2,0.6626241117715835,93.96542467518523,0.0
NEUROG1,0.6624235212802887,93.96005583592827,0.0
FOXP2,0.6624209016561509,93.95468699667133,0.0
FMOD,0.6623549699783325,93.94931815741437,0.0
GBF1,0.6621654510498047,93.94394931815742,0.0
SMG1,0.6619162201881409,93.93858047890046,0.0
NR4A3,0.6618788540363312,93.93321163964352,0.0
UFL1,0.6616405546665192,93.92784280038656,0.0
TICAM1,0.6616367876529694,93.92247396112961,0.0
MVK,0.6615525245666504,93.91710512187265,0.0
FN1,0.6615519553422928,93.91173628261569,0.0
ERRFI1,0.6614115536212921,93.90636744335875,0.0
SBDS,0.6614008724689484,93.90099860410179,0.0
KDM2B,0.661277511715889,93.89562976484484,0.0
ACTG1,0.6612650368894849,93.89026092558788,1.0
TRPC3,0.6611323654651642,93.88489208633094,0.0
DNAH11,0.6608348608016967,93.87952324707398,0.0
BEX1,0.6607138037681579,93.87415440781703,0.0
CRYBA2,0.6606992542743683,93.86878556856007,0.0
APOE,0.6605964988470078,93.86341672930313,0.0
USP53,0.6604731529951096,93.85804789004617,0.0
PLEKHG1,0.6603556513786316,93.85267905078922,0.0
CNGA2,0.6603518158197403,93.84731021153226,0.0
ESR2,0.6600980520248413,93.84194137227531,0.0
KITLG,0.6599578261375427,93.83657253301836,0.0
IARS2,0.6597690165042878,93.83120369376141,0.0
HMGB1,0.6597248196601868,93.82583485450445,0.0
DPAGT1,0.6591651856899261,93.8204660152475,0.0
FERMT3,0.6591018795967102,93.81509717599054,0.0
NRG1,0.6589625895023346,93.8097283367336,0.0
FBP2,0.6585248649120331,93.80435949747664,0.0
GNB1,0.6584546864032745,93.7989906582197,0.0
KARS,0.6584066092967987,93.79362181896273,0.0
SNAPC1,0.6580836832523346,93.78825297970579,0.0
ID2,0.6580703318119049,93.78288414044883,0.0
RINT1,0.6580587089061737,93.77751530119188,0.0
DSC3,0.6579344749450684,93.77214646193492,0.0
GDE1,0.6576268911361695,93.76677762267798,0.0
PHKB,0.6574634701013565,93.76140878342103,0.0
FOXC2,0.6574277460575104,93.75603994416407,0.0
FDX1,0.6572509318590164,93.75067110490713,0.0
TMEM222,0.657226026058197,93.74530226565017,0.0
CDH5,0.6570987582206727,93.73993342639322,0.0
PLAU,0.657082137465477,93.73456458713626,0.0
RPS19,0.6568882405757904,93.72919574787932,0.0
LGR5,0.6568543910980225,93.72382690862236,0.0
SRRM4,0.6568536341190339,93.71845806936541,0.0
STAT1,0.6567866027355194,93.71308923010845,0.0
RFX3,0.656514436006546,93.7077203908515,0.0
TXK,0.6564453423023224,93.70235155159455,0.0
RBBP8,0.656425079703331,93.6969827123376,0.0
ABCC4,0.6563826620578765,93.69161387308064,0.0
AVIL,0.6563545048236847,93.6862450338237,0.0
GORASP1,0.6562998056411743,93.68087619456674,0.0
CAPRIN2,0.6560616254806518,93.67550735530979,0.0
PTMS,0.6559260457754135,93.67013851605283,0.0
CEP192,0.6558063983917236,93.66476967679588,0.0
TGFB2,0.6557336151599884,93.65940083753893,0.0
XRCC5,0.6557276368141174,93.65403199828197,0.0
DLK1,0.6556049227714539,93.64866315902502,0.0
SREBF2,0.6556008875370025,93.64329431976806,0.0
CDS2,0.6555015265941619,93.63792548051111,0.0
KDM8,0.6554773271083831,93.63255664125415,0.0
CTSD,0.6552717001021573,93.62718780199721,1.0
GRM1,0.6551725745201111,93.62181896274025,0.0
FGF9,0.655166643857956,93.6164501234833,0.0
PAX7,0.6551119893789291,93.61108128422634,0.0
ULK4,0.6550549447536469,93.6057124449694,0.0
PIK3CA,0.6550197690725327,93.60034360571244,0.0
DSC1,0.6550057590007782,93.5949747664555,0.0
GNAQ,0.6548934271559119,93.58960592719853,1.0
REG1A,0.654891437292099,93.58423708794159,0.0
CBS,0.6548384189605713,93.57886824868463,0.0
NDUFA7,0.654829066991806,93.57349940942768,0.0
MCOLN1,0.654738980598166,93.56813057017072,1.0
AATF,0.654681071639061,93.56276173091378,0.0
CUL7,0.6545701324939728,93.55739289165682,0.0
TMEM67,0.6545623656776216,93.55202405239987,1.0
PRRC2B,0.6544201612472534,93.54665521314291,0.0
RAB3GAP1,0.6543305534035412,93.54128637388597,1.0
TGFB3,0.6542089641094208,93.53591753462901,0.0
FOXC1,0.6542076975107193,93.53054869537206,0.0
CANT1,0.6540173709392547,93.5251798561151,0.0
TUBGCP4,0.653742371190269,93.51981101685816,1.0
KIFAP3,0.6537232398986816,93.5144421776012,0.0
SRD5A3,0.6536818444728851,93.50907333834425,0.0
CEP89,0.6536404252052307,93.50370449908729,0.0
PRKDC,0.6535674184560776,93.49833565983035,0.0
REST,0.6534081906080246,93.49296682057339,0.0
DFNB31,0.6533917546272278,93.48759798131644,0.0
VRK1,0.6533645153045654,93.4822291420595,0.0
MT1G,0.6533634066581726,93.47686030280254,0.0
SLC40A1,0.6532025873661041,93.47149146354559,0.0
MAP1LC3B,0.6532010078430176,93.46612262428863,0.0
WBP2,0.652988338470459,93.46075378503168,0.0
ATXN7,0.6528063850180185,93.45538494577472,1.0
SCYL1,0.6522980868816376,93.45001610651778,0.0
TGIF1,0.6519610702991485,93.44464726726082,0.0
NDUFS2,0.6517298960023457,93.43927842800387,1.0
PTPN14,0.6517297983169555,93.43390958874691,0.0
CBL,0.6516432166099548,93.42854074948997,0.0
ATP2B1,0.6515866100788117,93.42317191023301,0.0
SV2B,0.6515550255775452,93.41780307097606,0.0
HIF3A,0.6514613658189774,93.4124342317191,0.0
ZBTB24,0.6514044821262359,93.40706539246216,0.0
BPNT1,0.6513110816478729,93.4016965532052,0.0
CSNK2A1,0.6511152565479279,93.39632771394825,0.0
SEMA5A,0.6509679138660431,93.3909588746913,0.0
PLXND1,0.6508063554763794,93.38559003543435,0.0
SNAI3,0.6507441103458405,93.38022119617739,0.0
ABCC9,0.6505238294601441,93.37485235692043,0.0
OFD1,0.6504435112843147,93.36948351766348,1.0
PYGO1,0.6503178834915161,93.36411467840652,0.0
NCK1,0.6502827525138855,93.35874583914958,0.0
ZNF329,0.6500738620758056,93.35337699989262,0.0
NCSTN,0.6499857068061828,93.34800816063567,0.0
SP1,0.6499741196632385,93.34263932137871,0.0
IFITM3,0.649888563156128,93.33727048212177,0.0
CUBN,0.6498168706893921,93.3319016428648,0.0
ITGA1,0.6498068749904633,93.32653280360786,0.0
ERCC3,0.649680107032659,93.3211639643509,1.0
PLS1,0.6494821548461914,93.31579512509396,0.0
NR1D1,0.6493152409791947,93.310426285837,0.0
WNT1,0.6492430388927459,93.30505744658005,0.0
PRKAR1A,0.6492388486862183,93.29968860732309,0.0
TSHR,0.6492135286331177,93.29431976806615,0.0
CA9,0.6492088466882706,93.28895092880919,0.0
ATG7,0.6491252392530441,93.28358208955224,0.0
ZC3HC1,0.6489286094903945,93.27821325029528,0.0
ST14,0.6487828850746155,93.27284441103834,0.0
ADAMTS14,0.6487430542707443,93.26747557178138,0.0
CNNM4,0.648611970943458,93.26210673252443,1.0
PHF6,0.648257139325142,93.25673789326747,0.0
ACSM5,0.6482347667217254,93.25136905401052,0.0
TFB1M,0.6481513738632202,93.24600021475356,0.0
AFG3L2,0.6480231940746307,93.24063137549662,0.0
LLGL2,0.6479186475276947,93.23526253623966,0.0
NOG,0.6475911259651184,93.22989369698271,0.0
PTGS2,0.6475613951683045,93.22452485772575,0.0
KDM5B,0.6473937481641769,93.21915601846881,0.0
AKAP9,0.647138911485672,93.21378717921185,0.0
CEP41,0.6471002776078071,93.2084183399549,1.0
EDNRA,0.6469035476446152,93.20304950069796,0.0
TIMM10,0.6467483282089234,93.197680661441,0.0
DNM1L,0.6466039896011353,93.19231182218405,0.0
CCND2,0.6465498179197311,93.18694298292709,0.0
ACTA1,0.646495932340622,93.18157414367015,0.0
ACADSB,0.6463380813598633,93.17620530441319,0.0
NPR2,0.6462278187274932,93.17083646515624,0.0
IGFBP7,0.645792943848805,93.16546762589928,1.0
PFKM,0.6456143140792847,93.16009878664234,0.0
SLC19A2,0.645474758880739,93.15472994738538,1.0
HEYL,0.6450074195861817,93.14936110812843,0.0
GLDC,0.6447570413351059,93.14399226887147,0.0
UQCRB,0.6447300016880035,93.13862342961453,0.0
PGAM5,0.6446430444717407,93.13325459035757,0.0
RTN4IP1,0.6443174600601196,93.12788575110062,0.0
POU4F1,0.6442183315753937,93.12251691184366,0.0
MAB21L2,0.6441031038761139,93.1171480725867,0.0
LYZ,0.6438839793205261,93.11177923332976,0.0
NDUFA10,0.6438082109260208,93.1064103940728,1.0
ITM2C,0.6434793949127198,93.10104155481585,0.0
CTNND1,0.6433779984712601,93.09567271555889,0.0
POLR3A,0.6429837167263031,93.09030387630195,0.0
PLTP,0.6428252458572388,93.08493503704499,0.0
BLVRB,0.6425041019916534,93.07956619778804,0.0
TANGO6,0.6424044966697693,93.07419735853108,0.0
KL,0.6420200526714325,93.06882851927413,0.0
TUBGCP5,0.6419549018144608,93.06345968001717,0.0
TRAFD1,0.6419358760118484,93.05809084076023,0.0
MAPT,0.641917222738266,93.05272200150327,0.0
AIFM1,0.6418125331401825,93.04735316224632,0.0
C12orf4,0.6418009877204895,93.04198432298936,0.0
AMFR,0.6417193174362182,93.03661548373242,0.0
ERCC4,0.6416644102105727,93.03124664447546,1.0
PHGDH,0.6415962040424347,93.02587780521851,0.0
DYNC1H1,0.6414878368377686,93.02050896596155,0.0
HADHA,0.641415775263751,93.01514012670461,1.0
BMP5,0.6407905578613281,93.00977128744765,0.0
APC,0.6407666830998945,93.0044024481907,1.0
BMPR1A,0.6405259907245636,92.99903360893374,0.0
PNPO,0.6402787327766418,92.9936647696768,0.0
CBY1,0.6402201980352402,92.98829593041984,0.0
MARCKS,0.6401785254478455,92.98292709116289,0.0
CCDC40,0.6401125252246856,92.97755825190593,0.0
MT3,0.6401042103767395,92.97218941264899,0.0
LETM1,0.6400961369276047,92.96682057339203,0.0
SPEF2,0.6400311350822449,92.96145173413508,0.0
WDR59,0.6398499608039856,92.95608289487812,0.0
DHODH,0.6396950989961624,92.95071405562118,0.0
GABRB2,0.6396493017673492,92.94534521636422,0.0
MAP1A,0.639566320180893,92.93997637710727,0.0
CHRNB2,0.6394913643598557,92.93460753785033,0.0
MMACHC,0.6394622278840918,92.92923869859337,1.0
PIAS3,0.6393625259399414,92.92386985933642,0.0
AVPI1,0.63905468583107,92.91850102007946,0.0
BGLAP,0.6390347361564637,92.91313218082252,0.0
IL2RA,0.6387008994817733,92.90776334156556,0.0
PER3,0.6386528730392456,92.90239450230861,0.0
FBXO11,0.6383979797363282,92.89702566305165,0.0
THBS3,0.6380222082138062,92.8916568237947,0.0
EHD1,0.6377326667308807,92.88628798453774,0.0
BARHL1,0.6376383304595947,92.8809191452808,0.0
SMAD3,0.6375067830085754,92.87555030602384,0.0
RAD50,0.6373177617788315,92.8701814667669,0.0
SLC2A4,0.637251752614975,92.86481262750993,0.0
CTSA,0.637251478433609,92.85944378825299,0.0
COTL1,0.6372341901063919,92.85407494899603,0.0
DRD1,0.6371413201093674,92.84870610973908,0.0
ZFYVE26,0.6370664711854632,92.84333727048212,1.0
REV3L,0.6369557559490204,92.83796843122516,0.0
USP16,0.6369291841983795,92.83259959196822,0.0
RGS13,0.6368757367134095,92.82723075271126,0.0
TBX5,0.6368193864822388,92.82186191345431,0.0
ATP2B4,0.6365884900093078,92.81649307419735,0.0
GATA3,0.6364572644233704,92.8111242349404,0.0
TUBG2,0.636369252204895,92.80575539568345,0.0
HOXA1,0.6362591594457626,92.80038655642649,0.0
RTTN,0.6362196832895279,92.79501771716954,0.0
RGS11,0.6361218005418777,92.7896488779126,0.0
ZNF787,0.6360249668359756,92.78428003865564,0.0
ACAD8,0.6359966993331909,92.77891119939869,0.0
KLHDC2,0.635633510351181,92.77354236014173,0.0
LMO4,0.6355752974748612,92.76817352088479,0.0
PXDN,0.6355268955230713,92.76280468162783,0.0
SEC23B,0.6354301631450653,92.75743584237088,0.0
TMTC4,0.6352624833583832,92.75206700311392,0.0
ARSB,0.6352206617593765,92.74669816385698,0.0
JMJD1C,0.6349238693714142,92.74132932460002,0.0
PAFAH1B1,0.6347642272710801,92.73596048534307,0.0
HR,0.6346828520298005,92.73059164608611,0.0
HAND2,0.6345091938972474,92.72522280682917,0.0
VHL,0.6344382170261992,92.7198539675722,1.0
HPS5,0.6344078987836838,92.71448512831526,0.0
NOA1,0.6339146971702576,92.7091162890583,0.0
IFI27,0.6338693737983704,92.70374744980136,0.0
TYW1B,0.6338579803705215,92.6983786105444,0.0
FZD2,0.6337252467870712,92.69300977128745,0.0
ASIP,0.6336672097444535,92.68764093203049,0.0
PRPF3,0.6334562896578401,92.68227209277354,1.0
AGT,0.6333473920822144,92.67690325351658,0.0
PLEKHG3,0.6330935835838318,92.67153441425964,0.0
DYNLL1,0.6329538345336914,92.66616557500268,0.0
NEXN,0.6329120069742202,92.66079673574573,0.0
RAB34,0.6329035043716431,92.65542789648879,0.0
SALL4,0.6324341714382171,92.65005905723183,1.0
ACSL4,0.6323895573616027,92.64469021797488,0.0
LRPPRC,0.6321159392595291,92.63932137871792,0.0
KCNA1,0.632081937789917,92.63395253946098,0.0
CDK5RAP3,0.6319975763559341,92.62858370020402,0.0
BTD,0.6317351162433624,92.62321486094707,0.0
ADAM9,0.6316364126449282,92.61784602169011,1.0
KIF21A,0.6315785408020019,92.61247718243317,0.0
RSAD1,0.6315478086471558,92.60710834317621,0.0
VANGL1,0.631483206152916,92.60173950391926,0.0
TAF6,0.6312129020690918,92.5963706646623,0.0
RARS2,0.6312046766281127,92.59100182540536,0.0
HYAL2,0.6311881482601166,92.5856329861484,0.0
CDC7,0.6311039417982102,92.58026414689144,0.0
H2AFX,0.6310977816581727,92.57489530763449,0.0
CYS1,0.6310481339693069,92.56952646837753,0.0
EIF2B4,0.6310262680053711,92.56415762912059,0.0
MCCC1,0.6309468179941178,92.55878878986363,0.0
NBN,0.6306525707244873,92.55341995060668,0.0
CP,0.6305885638446169,92.54805111134972,1.0
IDUA,0.6304607890912743,92.54268227209278,1.0
ACSS2,0.630219578742981,92.53731343283582,0.0
TSC1,0.6301944427943045,92.53194459357886,1.0
DYNLRB1,0.6301920473575592,92.52657575432191,0.0
TGFB1,0.6300525069236755,92.52120691506495,0.0
C1orf43,0.6299936354160309,92.515838075808,0.0
SLC12A4,0.6299561530351638,92.51046923655106,0.0
LAMP1,0.6297967731952667,92.5051003972941,0.0
KDR,0.6297343909740448,92.49973155803715,0.0
ARL2BP,0.6295876488315336,92.4943627187802,1.0
TRRAP,0.6295570224523545,92.48899387952325,0.0
SNAP29,0.6294699519872665,92.48362504026629,0.0
POLH,0.6291897386312485,92.47825620100934,0.0
DLX6,0.6290932446718216,92.47288736175238,0.0
TM7SF2,0.6290224730968476,92.46751852249544,0.0
COL4A4,0.6290140151977539,92.46214968323848,0.0
ATP7B,0.6289889872074127,92.45678084398153,0.0
MAB21L1,0.6288662493228913,92.45141200472457,0.0
APTX,0.6287458449602127,92.44604316546763,0.0
PMEL,0.6286231964826584,92.44067432621067,0.0
RGN,0.6285624206066132,92.43530548695372,0.0
MARCKSL1,0.628550124168396,92.42993664769676,0.0
BGN,0.628550112247467,92.42456780843982,0.0
TYW1,0.6285263657569885,92.41919896918286,0.0
RUSC1,0.6284203439950943,92.41383012992591,0.0
ISL1,0.6282813638448715,92.40846129066895,0.0
GFM1,0.6281924724578858,92.40309245141201,0.0
CCND3,0.628113454580307,92.39772361215505,0.0
EAPP,0.628063416481018,92.3923547728981,0.0
CA8,0.6280238419771195,92.38698593364114,0.0
CHSY1,0.6278794765472412,92.3816170943842,0.0
COL7A1,0.6276490986347198,92.37624825512725,0.0
INHA,0.6276324629783631,92.37087941587029,0.0
DNMT3B,0.6275367796421051,92.36551057661335,0.0
SMARCB1,0.6274566054344177,92.36014173735639,0.0
SLC33A1,0.627374890446663,92.35477289809944,0.0
EPS8L1,0.6273632556200027,92.34940405884248,0.0
GABRA5,0.627306866645813,92.34403521958554,0.0
CLK1,0.6271584123373032,92.33866638032858,0.0
BLOC1S3,0.6267579585313797,92.33329754107163,0.0
BMI1,0.6263872921466828,92.32792870181467,0.0
BDP1,0.6262744963169098,92.32255986255772,0.0
NDUFA11,0.6260367512702942,92.31719102330077,0.0
LSR,0.6259133577346802,92.31182218404382,0.0
TPK1,0.6257915765047073,92.30645334478686,0.0
RASA3,0.625542089343071,92.3010845055299,0.0
CA4,0.6254875330376799,92.29571566627295,1.0
CD82,0.6254359632730484,92.290346827016,0.0
CRIM1,0.6254067152738572,92.28497798775905,0.0
ZNF106,0.6253200769424438,92.27960914850209,0.0
VPS13C,0.6252490252256393,92.27424030924513,0.0
MYOM1,0.6251689612865448,92.26887146998818,0.0
GOLGA1,0.6251466751098633,92.26350263073122,0.0
HS6ST1,0.6250132918357849,92.25813379147428,0.0
GPATCH1,0.6249848514795303,92.25276495221732,0.0
DCC,0.6248615473508835,92.24739611296037,0.0
LRRK2,0.6247187823057174,92.24202727370343,0.0
NDUFA1,0.6246684849262237,92.23665843444647,0.0
ACOT2,0.6245594501495362,92.23128959518952,0.0
TUFT1,0.6245484679937363,92.22592075593256,0.0
ADA,0.6244424104690551,92.22055191667562,0.0
CENPH,0.6242928713560104,92.21518307741866,0.0
GGT1,0.6239575892686844,92.20981423816171,0.0
TCF7L2,0.6237704396247864,92.20444539890475,0.0
VPS33A,0.623447385430336,92.1990765596478,0.0
SEC63,0.6234430700540543,92.19370772039085,0.0
ZNF830,0.6230673104524612,92.1883388811339,0.0
DLAT,0.6230125516653061,92.18297004187694,0.0
ANKRD11,0.6228375166654587,92.17760120262,0.0
TUBG1,0.6223732352256774,92.17223236336304,0.0
COL4A5,0.6222726196050644,92.16686352410609,0.0
RAE1,0.622212702035904,92.16149468484913,0.0
FAS,0.6220651430483083,92.15612584559219,1.0
SZT2,0.6220272988080978,92.15075700633523,0.0
MYD88,0.6220027267932892,92.14538816707828,0.0
SLC19A1,0.6219845980405807,92.14001932782132,0.0
NIN,0.621709543466568,92.13465048856438,0.0
MYO7B,0.6216187566518784,92.12928164930742,0.0
MCM3,0.6214432537555694,92.12391281005047,0.0
MIB2,0.6211411476135253,92.11854397079351,0.0
DRGX,0.6210221767425537,92.11317513153656,0.0
HARS,0.6209854354496898,92.1078062922796,1.0
HOXA5,0.6209666877985001,92.10243745302266,0.0
TRIM45,0.6207569181919098,92.09706861376571,0.0
SCN9A,0.6207092970609664,92.09169977450875,0.0
LIFR,0.6204441845417022,92.08633093525181,0.0
USP9Y,0.620339521765709,92.08096209599485,0.0
VDR,0.6203111737966538,92.0755932567379,0.0
RAB11FIP3,0.6202201664447784,92.07022441748094,0.0
NEU1,0.6201408220234738,92.064855578224,1.0
PAPSS2,0.6200510859489441,92.05948673896704,0.0
GNB3,0.6199111700057983,92.05411789971009,0.0
TPP1,0.6198101203644137,92.04874906045313,1.0
ZFP36,0.6197709292173386,92.04338022119617,0.0
STAT6,0.6196998924016952,92.03801138193923,0.0
DOK7,0.6196923285722733,92.03264254268227,0.0
SCN3A,0.6196906208992005,92.02727370342532,0.0
ALDH1A1,0.6196620345115662,92.02190486416836,0.0
TAMM41,0.6193515419960022,92.01653602491142,0.0
VAV3,0.6192444503307343,92.01116718565446,0.0
SMTN,0.6191627740859985,92.00579834639751,0.0
EPRS,0.6191427499055863,92.00042950714055,0.0
MATN2,0.6191246390342713,91.99506066788359,0.0
ARVCF,0.6189757078886032,91.98969182862665,0.0
ATRIP,0.6186026960611344,91.98432298936969,0.0
MDK,0.6185167610645295,91.97895415011274,0.0
TUBGCP2,0.6182402342557907,91.97358531085578,0.0
ETV4,0.6181112051010131,91.96821647159884,0.0
VAT1,0.6180940300226212,91.96284763234189,0.0
RFC2,0.6179289817810059,91.95747879308493,0.0
TMEM63B,0.6177219122648239,91.95210995382799,0.0
RPS20,0.6175848573446274,91.94674111457103,0.0
MTAP,0.6174429297447205,91.94137227531408,0.0
CYC1,0.6173005491495133,91.93600343605712,0.0
TNNT2,0.6172960311174392,91.93063459680018,0.0
MAP3K12,0.6171923667192459,91.92526575754322,0.0
GDF3,0.6171690210348039,91.91989691828627,1.0
TNFRSF11B,0.617007589450589,91.91452807902931,1.0
ABL1,0.6169684588909149,91.90915923977236,0.0
RBBP4,0.6168387681245804,91.9037904005154,0.0
CYP11A1,0.6168183207511901,91.89842156125846,0.0
ZNF226,0.616506889462471,91.8930527220015,0.0
QSOX1,0.6164211362600327,91.88768388274455,0.0
FBXW7,0.616317731142044,91.8823150434876,0.0
ATF6B,0.6160392433404922,91.87694620423065,0.0
ST6GALNAC3,0.6160052061080933,91.87157736497369,0.0
DST,0.6159344106912613,91.86620852571674,0.0
UBIAD1,0.6158927083015442,91.86083968645978,0.0
NEDD1,0.6158617734909058,91.85547084720284,0.0
NCOA3,0.6156990885734558,91.85010200794588,0.0
NDUFAF2,0.6155568824242089,91.84473316868893,1.0
CTC1,0.6155389306817468,91.83936432943197,1.0
SIRT3,0.6155282467603683,91.83399549017503,0.0
PLG,0.6153546899557114,91.82862665091807,0.0
PRDM4,0.6153055727481842,91.82325781166112,0.0
ADAM15,0.6152023881673813,91.81788897240418,0.0
AKAP10,0.6148300796747208,91.81252013314722,0.0
CHTOP,0.6145666748285293,91.80715129389027,0.0
SACS,0.6143571780787573,91.80178245463331,1.0
KNTC1,0.6140209197998047,91.79641361537637,0.0
MYRIP,0.6138983547687531,91.7910447761194,0.0
HAND1,0.6138660073280334,91.78567593686246,0.0
GRB7,0.6137801975011825,91.7803070976055,0.0
RPL27A,0.6137405902147293,91.77493825834856,0.0
PPM1B,0.6134638756513595,91.7695694190916,0.0
ABCD1,0.6132312059402466,91.76420057983464,0.0
RNF10,0.6131562948226928,91.75883174057769,0.0
SPRY4,0.6131046086549758,91.75346290132073,0.0
PSENEN,0.6129986613988876,91.74809406206379,0.0
HTRA2,0.6129634261131287,91.74272522280683,0.0
VEZT,0.6128735393285751,91.73735638354987,0.0
RHBDF2,0.6128295958042145,91.73198754429292,0.0
HERC1,0.6125657439231873,91.72661870503596,0.0
AP4E1,0.6125212222337723,91.72124986577901,0.0
DOT1L,0.6124620318412781,91.71588102652206,0.0
GJD2,0.6122235953807831,91.71051218726511,0.0
PRDX1,0.61181146184758,91.70514334800815,1.0
MRPL22,0.6115043491125107,91.6997745087512,0.0
ASCC2,0.6112290978431701,91.69440566949424,0.0
MYO10,0.6109717667102814,91.6890368302373,0.0
RAF1,0.6109178364276886,91.68366799098035,0.0
PPARG,0.6108512043952942,91.6782991517234,0.0
ATPAF2,0.6107544153928757,91.67293031246645,0.0
WLS,0.6106234043836594,91.66756147320949,0.0
LOXL3,0.6106040179729462,91.66219263395254,0.0
FLNB,0.6104892015457153,91.65682379469558,0.0
CACNA1S,0.6102367222309113,91.65145495543864,0.0
ABCB1,0.6101328998804092,91.64608611618168,0.0
PGM1,0.6100879371166229,91.64071727692473,0.0
CDKN1A,0.6100366711616516,91.63534843766777,0.0
APRT,0.6100044578313828,91.62997959841083,0.0
ADORA2A,0.6098863691091537,91.62461075915387,0.0
EDIL3,0.6098484605550766,91.61924191989692,0.0
WARS2,0.6097663432359696,91.61387308063996,0.0
MTR,0.6097624778747559,91.60850424138302,0.0
CDC14A,0.6097089797258377,91.60313540212606,0.0
KAT6A,0.6095207273960114,91.59776656286911,0.0
RAB35,0.6094630867242813,91.59239772361215,0.0
SLK,0.6093741893768311,91.5870288843552,0.0
LYAR,0.609327706694603,91.58166004509825,0.0
KANSL1,0.6092997282743454,91.5762912058413,0.0
BSG,0.6092868506908417,91.57092236658434,0.0
ZEB2,0.6092599391937256,91.5655535273274,0.0
ROCK2,0.6092493116855622,91.56018468807044,0.0
MMP2,0.6092188417911529,91.55481584881349,0.0
VIPR1,0.6090720236301422,91.54944700955654,0.0
MT1E,0.6089290976524353,91.54407817029958,0.0
ARSA,0.6088325589895248,91.53870933104264,0.0
RELN,0.6087912172079086,91.53334049178568,0.0
ALG10B,0.6087606430053711,91.52797165252873,0.0
KRIT1,0.6087468217920374,91.52260281327177,1.0
WDR60,0.6085982263088227,91.51723397401483,0.0
GAD2,0.6085099875926971,91.51186513475787,0.0
LGALS1,0.6084834694862366,91.50649629550091,0.0
PDLIM3,0.6084225624799728,91.50112745624396,0.0
NDFIP2,0.6083682417869568,91.495758616987,0.0
ASAH1,0.6083476364612579,91.49038977773006,0.0
HAUS4,0.6080205321311951,91.4850209384731,0.0
PCDH12,0.607952031493187,91.47965209921615,0.0
IL20RB,0.6076200366020202,91.4742832599592,0.0
MAFB,0.6075870618224144,91.46891442070225,0.0
PTMA,0.6074448376893997,91.46354558144529,0.0
H2AFY,0.6073976516723633,91.45817674218833,0.0
LFNG,0.6073650807142258,91.45280790293138,0.0
ITGB3,0.6073068976402283,91.44743906367442,0.0
CTTN,0.607066410779953,91.44207022441748,0.0
AARS,0.6070212453603745,91.43670138516052,0.0
ABHD12,0.6070124983787537,91.43133254590357,0.0
CRHR1,0.6069256633520126,91.42596370664661,0.0
AXIN2,0.6068969786167144,91.42059486738967,0.0
CRB2,0.6066399604082108,91.41522602813271,0.0
ERC1,0.6065883249044418,91.40985718887576,0.0
PTPRU,0.6059394747018814,91.40448834961882,0.0
GLRX,0.6059288561344147,91.39911951036186,0.0
NRTN,0.6059000015258789,91.39375067110491,0.0
DUSP6,0.6056054145097732,91.38838183184795,0.0
PIGN,0.605098882317543,91.383012992591,0.0
JUP,0.6050710588693619,91.37764415333405,0.0
BNC2,0.6050031214952469,91.3722753140771,0.0
RIF1,0.6049133449792862,91.36690647482014,0.0
HK2,0.6048126727342605,91.3615376355632,0.0
HPS3,0.60468008518219,91.35616879630624,0.0
KIAA0586,0.6046033472634476,91.35079995704929,1.0
MAP7D1,0.6043312668800354,91.34543111779233,0.0
KCNA10,0.6042440384626389,91.34006227853538,0.0
ACTN4,0.604086172580719,91.33469343927842,0.0
GALT,0.6040693640708923,91.32932460002148,0.0
OSBPL1A,0.6040560960769653,91.32395576076452,0.0
USP50,0.6040257245302201,91.31858692150757,0.0
SFN,0.6037698239088058,91.31321808225061,0.0
TEAD2,0.6037621229887009,91.30784924299367,0.0
TIMP3,0.6037580091303045,91.30248040373671,1.0
GLA,0.6037351012229919,91.29711156447976,0.0
GAB1,0.6037288904190063,91.2917427252228,0.0
CSF1,0.6037269771099091,91.28637388596586,0.0
HAUS8,0.6036625981330872,91.2810050467089,0.0
KRT6A,0.603332307934761,91.27563620745195,0.0
MCM7,0.6032716155052185,91.27026736819501,0.0
TMOD1,0.6030534774065017,91.26489852893805,0.0
MEF2C,0.6029333800077439,91.2595296896811,0.0
HS2ST1,0.60290587246418,91.25416085042414,0.0
POLE,0.6028900295495987,91.2487920111672,0.0
ATF6,0.6028017723656084,91.24342317191024,1.0
RPAP3,0.6027649968862534,91.23805433265329,0.0
DDB1,0.6027113437652588,91.23268549339633,0.0
EDAR,0.602710810303688,91.22731665413937,0.0
PSIP1,0.6026645511388778,91.22194781488243,0.0
ASPM,0.602576521039009,91.21657897562547,0.0
SLC6A6,0.6024624645709992,91.21121013636852,0.0
MROH1,0.6022106885910035,91.20584129711156,0.0
GABRB3,0.6020935744047164,91.2004724578546,0.0
GART,0.6020306885242462,91.19510361859766,0.0
SIVA1,0.6014477431774139,91.1897347793407,0.0
SMAD9,0.6013777673244476,91.18436594008375,0.0
DCP2,0.6011401087045669,91.17899710082679,0.0
MT1M,0.6009724318981171,91.17362826156985,0.0
GJC1,0.600874799489975,91.16825942231289,0.0
TBC1D8,0.6008551687002182,91.16289058305594,0.0
MYO5B,0.6006394505500794,91.15752174379898,0.0
GRID2,0.6006309509277343,91.15215290454204,0.0
GEMIN5,0.6004193663597107,91.14678406528508,0.0
GRN,0.6003980896827104,91.14141522602813,1.0
APLNR,0.600273248553276,91.13604638677117,0.0
MSR1,0.6001742124557495,91.13067754751422,0.0
EXT2,0.6000039786100387,91.12530870825728,0.0
UCN,0.5997835010290146,91.11993986900032,0.0
ASPH,0.5997664600610733,91.11457102974337,0.0
ARV1,0.5997064203023911,91.10920219048641,0.0
EOGT,0.5993307203054428,91.10383335122947,0.0
SULF1,0.5992348253726959,91.09846451197251,0.0
PEX2,0.5992239776230951,91.09309567271556,1.0
PROS1,0.5992225934137669,91.0877268334586,1.0
SGCG,0.5991859912872315,91.08235799420166,0.0
LEPR,0.5989638298749924,91.0769891549447,0.0
TRPM6,0.5988581418991089,91.07162031568775,0.0
POU3F4,0.5988195195523175,91.06625147643079,1.0
DSC2,0.5987454712390899,91.06088263717385,0.0
PARD3B,0.5987147122621537,91.05551379791689,0.0
TMEM165,0.5986827731132507,91.05014495865994,0.0
CAV2,0.5986612230539322,91.04477611940298,0.0
HAPLN2,0.5985038578510284,91.03940728014604,0.0
GSC,0.5983762681484223,91.03403844088908,0.0
TMEM218,0.5983608603477478,91.02866960163213,0.0
LRRFIP1,0.5983544230461121,91.02330076237517,0.0
SQSTM1,0.5982805997133255,91.01793192311823,0.0
ATP1A2,0.5982046037912369,91.01256308386127,0.0
TADA1,0.5981119334697723,91.00719424460432,0.0
CCDC61,0.5980806410312652,91.00182540534736,0.0
NEK1,0.5980615526437759,90.99645656609042,0.0
NID2,0.5979688078165054,90.99108772683347,0.0
RAD52,0.5979079484939576,90.98571888757651,0.0
IFNG,0.5978450924158096,90.98035004831956,0.0
VTI1B,0.5978047907352447,90.9749812090626,0.0
TRIP11,0.5977181494235992,90.96961236980565,0.0
SCNN1A,0.5975965440273285,90.9642435305487,0.0
PKN2,0.5975859433412551,90.95887469129174,0.0
CPT2,0.597401911020279,90.9535058520348,0.0
PLEKHM2,0.5972722858190537,90.94813701277783,0.0
DHPS,0.5969967752695083,90.94276817352089,0.0
SRC,0.5969862967729569,90.93739933426393,0.0
YARS,0.5967854768037796,90.93203049500698,0.0
UIMC1,0.5967844963073731,90.92666165575002,0.0
SMAD2,0.5967844605445862,90.92129281649306,0.0
EPS8L2,0.5966485917568207,90.91592397723612,0.0
CD46,0.5963702261447906,90.91055513797916,0.0
CBX2,0.596288999915123,90.90518629872221,0.0
WNT2,0.5962836921215058,90.89981745946525,0.0
BAD,0.5960897088050843,90.89444862020831,0.0
SHARPIN,0.5958379000425339,90.88907978095135,0.0
RNF157,0.5956954568624496,90.8837109416944,0.0
KATNB1,0.5956840455532074,90.87834210243744,0.0
DGAT2,0.5956126749515533,90.8729732631805,0.0
CEP70,0.5955100983381272,90.86760442392354,0.0
PRPF31,0.5954803799977526,90.86223558466659,1.0
NTMT1,0.595310628414154,90.85686674540965,0.0
NAGA,0.595182690024376,90.85149790615269,0.0
GLE1,0.5950661122798919,90.84612906689574,0.0
MMP9,0.595060333609581,90.84076022763878,0.0
NRCAM,0.5949911087751388,90.83539138838184,0.0
RHOB,0.5947955131530762,90.83002254912488,0.0
CBWD2,0.5947183072566986,90.82465370986793,0.0
HAPLN1,0.5946745485067367,90.81928487061097,0.0
GLYCTK,0.5946264535188674,90.81391603135403,0.0
COG7,0.5945022314786911,90.80854719209707,0.0
YES1,0.5943661272525788,90.80317835284012,0.0
LRRK1,0.5943089723587036,90.79780951358316,0.0
ZMYND11,0.5942716002464294,90.79244067432622,0.0
DKK1,0.5942562192914977,90.78707183506926,1.0
SLC39A4,0.5940711855888366,90.78170299581231,0.0
SCNM1,0.5938268452882767,90.77633415655535,0.0
PLK3,0.5936441630125046,90.7709653172984,0.0
TREX1,0.5935776855683688,90.76559647804145,1.0
PLOD1,0.5935422424960324,90.7602276387845,1.0
GGCX,0.5935389805817977,90.75485879952754,1.0
DBI,0.593509379029274,90.7494899602706,0.0
TBC1D32,0.5934353649616242,90.74412112101363,0.0
MT1H,0.5933795928955078,90.73875228175669,0.0
CHRNA3,0.5933275490999221,90.73338344249973,0.0
KLHL20,0.593069565296173,90.72801460324278,0.0
GSTCD,0.5927589565515519,90.72264576398582,0.0
SLC16A1,0.5925282716751099,90.71727692472888,0.0
CRYGC,0.5923765867948532,90.71190808547193,0.0
CERKL,0.5923191136733661,90.70653924621497,1.0
PTP4A1,0.5920947104692459,90.70117040695803,0.0
DIXDC1,0.5917750537395478,90.69580156770107,0.0
MOB1B,0.5916920214891433,90.69043272844411,0.0
KAT2A,0.5916007250547409,90.68506388918716,0.0
DTNBP1,0.5915932565927505,90.6796950499302,0.0
MDN1,0.5915698349475861,90.67432621067326,0.0
HIP1,0.5915130555629731,90.6689573714163,0.0
OPTN,0.5912655323743821,90.66358853215934,0.0
MYF6,0.5911310344934464,90.65821969290239,0.0
NT5DC1,0.5909426808357239,90.65285085364543,0.0
ATR,0.5909038454294204,90.64748201438849,0.0
CCR2,0.5907211810350418,90.64211317513153,0.0
SIRT6,0.5904513597488403,90.63674433587458,0.0
ALS2,0.5903688341379165,90.63137549661762,0.0
FAM162A,0.5903572350740433,90.62600665736068,0.0
VWF,0.5902483344078064,90.62063781810372,0.0
DISC1,0.5902479827404022,90.61526897884677,0.0
DAP3,0.5901835262775421,90.60990013958981,0.0
SURF1,0.5900885535313396,90.60453130033287,1.0
DNAJC17,0.5898054629564286,90.5991624610759,0.0
MCM2,0.5897081881761551,90.59379362181896,0.0
CDC14B,0.5896903604269028,90.588424782562,0.0
LAPTM4B,0.5894764095544816,90.58305594330506,0.0
PRPF8,0.5894127192405554,90.57768710404811,1.0
EIF2AK4,0.589396870136261,90.57231826479115,0.0
SPTBN1,0.5893767952919007,90.5669494255342,0.0
EPN3,0.5892884075641632,90.56158058627724,0.0
NUP98,0.5892594158649445,90.5562117470203,0.0
MIPOL1,0.5892305850982666,90.55084290776334,0.0
CACNG2,0.5892175078392029,90.5454740685064,0.0
GPIHBP1,0.588775446679857,90.54010522924943,1.0
RNF20,0.5887654632329941,90.53473638999249,0.0
S1PR1,0.5886557936668396,90.52936755073553,0.0
CA14,0.588620388507843,90.52399871147858,0.0
LOXL2,0.5885284453630447,90.51862987222162,0.0
HAUS5,0.5884436130523681,90.51326103296468,0.0
COL9A2,0.5882720888107457,90.50789219370772,1.0
HSD17B1,0.5882013738155365,90.50252335445077,0.0
PLCB2,0.5881567299365997,90.49715451519381,0.0
ACVR2A,0.5881339251995087,90.49178567593687,0.0
TIMM8B,0.588108766078949,90.48641683667991,0.0
DDX41,0.5879267364740371,90.48104799742296,0.0
NPRL2,0.587882274389267,90.475679158166,0.0
NELFE,0.5878687292337418,90.47031031890906,0.0
SERPINC1,0.5876341134309768,90.4649414796521,0.0
OSBPL10,0.5875975668430329,90.45957264039515,0.0
IDH3A,0.5874775528907776,90.45420380113819,0.0
DCLRE1A,0.5874668180942535,90.44883496188125,0.0
SLC7A7,0.5874509155750275,90.44346612262429,0.0
FOS,0.5871572494506836,90.43809728336734,0.0
SRI,0.587023812532425,90.43272844411038,0.0
ERI1,0.5869715869426727,90.42735960485344,0.0
BRCA2,0.5865953087806701,90.42199076559648,0.0
ASH1L,0.5864271610975266,90.41662192633953,0.0
CNGA4,0.5862970411777496,90.41125308708257,0.0
JAK3,0.5861060231924057,90.40588424782563,0.0
ATG4B,0.5858875036239624,90.40051540856867,0.0
FOXF2,0.58565474152565,90.39514656931172,0.0
GFPT2,0.5855098307132721,90.38977773005476,0.0
ARFGEF2,0.5853292793035507,90.3844088907978,0.0
MNS1,0.5852537125349044,90.37904005154085,0.0
ANXA1,0.5851711958646775,90.3736712122839,0.0
SLC25A30,0.5850380897521973,90.36830237302695,0.0
TBCK,0.5848504692316056,90.36293353376999,0.0
MLYCD,0.5847846388816833,90.35756469451304,0.0
MT1X,0.5847772806882858,90.35219585525608,0.0
CA12,0.5847180634737015,90.34682701599914,0.0
FHL1,0.5844019770622253,90.34145817674218,0.0
PPIP5K2,0.5843991816043854,90.33608933748523,0.0
APP,0.5843639314174652,90.33072049822827,0.0
IL1R1,0.5842609614133835,90.32535165897133,0.0
UBE3D,0.5842515826225281,90.31998281971437,0.0
ACOX3,0.5842482566833496,90.31461398045742,0.0
DCAF7,0.584226843714714,90.30924514120046,0.0
CKM,0.5838633805513382,90.30387630194352,0.0
DCTN1,0.5838500320911407,90.29850746268657,0.0
KCNJ8,0.5835323750972747,90.29313862342961,0.0
EFEMP2,0.5834977596998214,90.28776978417267,0.0
ACVR1,0.5834922969341279,90.28240094491571,0.0
TXNRD2,0.5833157896995544,90.27703210565876,0.0
PHC1,0.5832514673471451,90.2716632664018,0.0
TK2,0.5830501914024353,90.26629442714486,0.0
DENND4C,0.5830387622117996,90.2609255878879,0.0
SLC12A7,0.5830088436603547,90.25555674863095,0.0
VAV2,0.5829959392547608,90.25018790937399,0.0
MYSM1,0.5827833354473114,90.24481907011705,0.0
UTRN,0.5827495902776718,90.23945023086009,0.0
KDM5A,0.5825715690851212,90.23408139160314,0.0
WDYHV1,0.5824112713336944,90.22871255234618,0.0
C2orf47,0.5823582082986831,90.22334371308924,0.0
LDB3,0.5822923898696899,90.21797487383228,0.0
FBN1,0.5820295249781228,90.21260603457533,1.0
IGF1R,0.5820256531238556,90.20723719531837,0.0
PKD2,0.5819526314735413,90.20186835606142,0.0
KRT8,0.5817896395921707,90.19649951680447,0.0
FLII,0.5816980212926864,90.19113067754752,0.0
DSTN,0.5815355122089386,90.18576183829056,0.0
MCM10,0.5815244376659393,90.18039299903361,0.0
IL12B,0.5814267069101333,90.17502415977665,0.0
EPS8,0.5812422215938569,90.16965532051971,0.0
DAO,0.581070938706398,90.16428648126276,0.0
BARX2,0.5809458196163177,90.1589176420058,0.0
KMT2C,0.5809202522039414,90.15354880274884,0.0
CEP128,0.5808578431606293,90.1481799634919,0.0
MAP2K7,0.580819845199585,90.14281112423494,0.0
FRRS1,0.5807505816221237,90.137442284978,0.0
TGM2,0.5805269867181778,90.13207344572103,0.0
TLR3,0.5804441779851913,90.12670460646407,0.0
HPS6,0.5804150909185409,90.12133576720713,0.0
VPS37D,0.5800869524478912,90.11596692795017,0.0
TPM3,0.5800575256347656,90.11059808869322,0.0
MLIP,0.5800563275814057,90.10522924943626,0.0
CASZ1,0.5799033790826797,90.09986041017932,0.0
AGA,0.5797997623682022,90.09449157092236,0.0
KIF3A,0.5797428846359253,90.08912273166541,0.0
GUCY2C,0.579741358757019,90.08375389240845,0.0
ABHD11,0.5795819997787476,90.07838505315151,0.0
PTPDC1,0.5795729011297226,90.07301621389455,0.0
LARS,0.5794939160346985,90.0676473746376,0.0
NCOA4,0.5792628288269043,90.06227853538064,0.0
SIRT1,0.5791983783245087,90.0569096961237,0.0
CCND1,0.5790628135204315,90.05154085686674,0.0
PIGM,0.5790202736854553,90.04617201760979,0.0
NYX,0.578943744301796,90.04080317835283,0.0
RTEL1,0.5789365708827973,90.03543433909589,0.0
DDX60,0.5786874115467071,90.03006549983893,0.0
PI4KA,0.5786443144083023,90.02469666058198,0.0
RALA,0.5786129385232925,90.01932782132504,0.0
COX10,0.5785947406863814,90.01395898206808,1.0
USF1,0.5785480082035065,90.00859014281113,0.0
UFSP2,0.5781424254179001,90.00322130355417,0.0
GBA2,0.5781111419200897,89.99785246429722,0.0
HUS1,0.5780760318040847,89.99248362504026,0.0
SERPINH1,0.5778942823410034,89.98711478578332,0.0
RASA1,0.577860888838768,89.98174594652636,0.0
ORC3,0.5778603464365005,89.97637710726941,0.0
UNC5B,0.5777231186628342,89.97100826801245,0.0
KIF22,0.5774513840675354,89.96563942875551,0.0
PLD6,0.5774026453495026,89.96027058949855,0.0
GDF11,0.5774000465869904,89.9549017502416,0.0
PEPD,0.5773683551918057,89.94953291098464,1.0
PER2,0.5773425430059433,89.9441640717277,0.0
PPM1F,0.5773271679878235,89.93879523247074,0.0
GGNBP2,0.577306255698204,89.9334263932138,0.0
REM2,0.5770778357982635,89.92805755395683,0.0
GARS,0.5768193066120147,89.92268871469989,0.0
EREG,0.5767765492200851,89.91731987544293,0.0
POLB,0.5767657339572907,89.91195103618598,0.0
LRP4,0.5767346948385239,89.90658219692902,0.0
KLF8,0.5767084032297134,89.90121335767208,0.0
PLN,0.5766564071178436,89.89584451841512,0.0
PIKFYVE,0.5764863312244415,89.89047567915817,0.0
LRP10,0.576355829834938,89.88510683990121,0.0
PANK1,0.5763282686471939,89.87973800064427,0.0
ASIC3,0.5762939304113388,89.8743691613873,0.0
WWOX,0.5761887222528458,89.86900032213036,0.0
TCOF1,0.5761739850044251,89.8636314828734,0.0
MUSK,0.5759943932294845,89.85826264361646,0.0
LHX1,0.5759496092796326,89.8528938043595,0.0
KRT13,0.5759279906749726,89.84752496510254,0.0
SLC27A4,0.5759113162755967,89.84215612584559,0.0
ZNF24,0.5759054630994797,89.83678728658863,0.0
DMXL2,0.5758975684642792,89.83141844733169,0.0
NDST3,0.5758017390966416,89.82604960807473,0.0
UCHL3,0.5757796317338943,89.82068076881778,0.0
KMT2A,0.5757734924554825,89.81531192956082,0.0
GPR89A,0.5757398843765259,89.80994309030388,0.0
MTHFSD,0.5756872802972793,89.80457425104692,0.0
BCCIP,0.5755401343107224,89.79920541178997,0.0
EVC,0.5754262804985046,89.79383657253301,0.0
ECM1,0.5751591116189957,89.78846773327606,0.0
GEMIN2,0.5751322120428085,89.7830988940191,0.0
SALL2,0.5749683380126953,89.77773005476216,0.0
CLCN3,0.5749500155448913,89.7723612155052,0.0
VAMP3,0.5748813450336456,89.76699237624825,0.0
NRAS,0.5747753322124481,89.7616235369913,0.0
RPS7,0.5746989160776138,89.75625469773435,0.0
MT2A,0.5745614647865296,89.75088585847739,0.0
WDR3,0.5745275110006333,89.74551701922044,0.0
IDH3B,0.5744935999745908,89.7401481799635,1.0
ROCK1,0.5742849290370942,89.73477934070654,0.0
FRK,0.5742658466100693,89.72941050144959,0.0
ZNF445,0.5741819381713867,89.72404166219263,0.0
MST1R,0.5740565776824951,89.71867282293569,0.0
EFNB1,0.5740427672863007,89.71330398367873,0.0
ITGA9,0.5739690780639648,89.70793514442178,0.0
PCGF2,0.5736588954925537,89.70256630516482,0.0
MAPK8,0.5735094994306564,89.69719746590788,0.0
LTBP2,0.5734466342038886,89.69182862665092,1.0
CAMLG,0.5733288049697876,89.68645978739397,0.0
CHST6,0.573191124200821,89.68109094813701,0.0
NEMF,0.5731258392333984,89.67572210888007,0.0
UVSSA,0.5730523377656936,89.6703532696231,0.0
SLC4A4,0.5729842483997345,89.66498443036616,0.0
COX7A1,0.572952139377594,89.6596155911092,0.0
MYC,0.5729436546564102,89.65424675185226,0.0
PRPF18,0.5728503286838531,89.6488779125953,0.0
LIG3,0.5726616114377976,89.64350907333835,0.0
SH3GL1,0.5726097524166107,89.63814023408139,0.0
AZGP1,0.5725743025541306,89.63277139482445,0.0
LHX3,0.5725293070077896,89.62740255556749,0.0
SRF,0.5725161552429199,89.62203371631054,0.0
PDF,0.5724681586027145,89.61666487705358,0.0
SLC4A2,0.5721942126750946,89.61129603779663,0.0
DDR2,0.5721863269805908,89.60592719853967,0.0
CTNNA1,0.5721640110015869,89.60055835928273,0.0
SLC4A3,0.5721548736095429,89.59518952002577,0.0
LSM1,0.5721343696117401,89.58982068076881,0.0
AMN,0.571985325217247,89.58445184151186,0.0
EHMT1,0.5717490792274476,89.5790830022549,0.0
PLCG1,0.5716895461082458,89.57371416299796,0.0
C9orf72,0.5716284453868866,89.568345323741,0.0
CDAN1,0.571604797244072,89.56297648448405,0.0
SPRY1,0.5715973138809204,89.5576076452271,0.0
ALOXE3,0.571589571237564,89.55223880597015,0.0
PLK4,0.5714795878300301,89.54686996671319,1.0
MYBBP1A,0.5713566452264786,89.54150112745624,0.0
TRAPPC6A,0.5711564302444458,89.53613228819928,0.0
PIFO,0.5710953116416931,89.53076344894234,0.0
MECOM,0.5708922475576401,89.52539460968538,0.0
UCP1,0.5705863982439041,89.52002577042843,0.0
CPS1,0.5703167647123337,89.51465693117147,0.0
FAM136A,0.5702974915504455,89.50928809191453,0.0
MYH11,0.5702899485826493,89.50391925265757,0.0
EPHB3,0.5702455520629883,89.49855041340062,0.0
ARF4,0.5702297955751419,89.49318157414366,0.0
DSP,0.5702182561159134,89.48781273488672,0.0
UQCRFS1,0.5700916022062301,89.48244389562976,0.0
GLRA3,0.5699477851390838,89.47707505637281,0.0
PPA1,0.56989004611969,89.47170621711587,0.0
SORD,0.5697968870401382,89.4663373778589,0.0
CISD2,0.5696408092975617,89.46096853860196,0.0
OPN1MW,0.5694800957029027,89.455599699345,1.0
GRB2,0.5694167464971542,89.45023086008806,0.0
CSPG4,0.569355845451355,89.4448620208311,0.0
PDSS2,0.5692395508289337,89.43949318157415,0.0
HPSE2,0.5691350787878037,89.43412434231719,0.0
DNER,0.5691263139247894,89.42875550306024,0.0
S1PR3,0.5691219329833984,89.42338666380329,0.0
EXT1,0.569073423743248,89.41801782454634,0.0
FITM2,0.5689826279878616,89.41264898528938,0.0
AXL,0.5689518123865127,89.40728014603243,0.0
BMP2K,0.5689472794532776,89.40191130677547,0.0
LIMA1,0.5687848865985871,89.39654246751853,0.0
HNF4A,0.5685195654630661,89.39117362826157,0.0
FGL2,0.568398043513298,89.38580478900462,0.0
CDH13,0.568381729722023,89.38043594974766,0.0
CLDN14,0.5683555215597152,89.37506711049072,0.0
IDS,0.5683529109097598,89.36969827123376,1.0
CEP63,0.568248662352562,89.36432943197681,0.0
TNFRSF10B,0.5682124108076095,89.35896059271985,0.0
PCSK5,0.5681297808885575,89.35359175346291,0.0
B4GALNT1,0.5680789232254029,89.34822291420595,0.0
GOLGA4,0.5680581331253052,89.342854074949,0.0
GGA3,0.5679953515529632,89.33748523569204,0.0
CHD2,0.5679321318864823,89.3321163964351,0.0
ITGA10,0.5678741186857224,89.32674755717814,0.0
HMOX2,0.5678701609373092,89.32137871792119,0.0
RBFOX1,0.5675916790962219,89.31600987866423,0.0
KMT2E,0.5675791889429093,89.31064103940727,0.0
TLR5,0.5675641238689423,89.30527220015033,0.0
POU1F1,0.5675560444593429,89.29990336089337,0.0
OGN,0.5675122708082199,89.29453452163642,0.0
PMPCB,0.5674397438764572,89.28916568237946,0.0
ACAT1,0.5673517763614655,89.28379684312252,0.0
PYGL,0.5673193871974945,89.27842800386556,0.0
EGR1,0.5672970920801162,89.27305916460861,0.0
OTX2,0.5672957881261375,89.26769032535165,1.0
TRPM7,0.5672894716262817,89.2623214860947,0.0
CCL2,0.5672611951828003,89.25695264683775,0.0
TINF2,0.5672576248645782,89.2515838075808,1.0
NFIX,0.5672422677278519,89.24621496832384,0.0
NOL8,0.5670550674200058,89.2408461290669,0.0
PYGM,0.566690844297409,89.23547728980994,0.0
RAB11A,0.5666905313730239,89.23010845055299,0.0
CTNNBIP1,0.5666772723197937,89.22473961129603,0.0
SH2B1,0.5665665090084075,89.21937077203908,0.0
EBF3,0.5664261281490326,89.21400193278212,0.0
PLXNB3,0.5664176523685456,89.20863309352518,0.0
MECR,0.5663611114025116,89.20326425426822,0.0
FYCO1,0.5661577612161637,89.19789541501127,0.0
UBAP2,0.5661216914653778,89.19252657575433,0.0
PLA2G3,0.5660964399576187,89.18715773649737,0.0
MASP1,0.5660407334566117,89.18178889724042,0.0
ADIPOR1,0.5660385310649871,89.17642005798346,0.0
BRAP,0.5660009175539017,89.17105121872652,0.0
NDEL1,0.5659936994314194,89.16568237946956,0.0
KMT2D,0.5658863067626954,89.16031354021261,0.0
MBP,0.5658834218978882,89.15494470095565,0.0
LTBP3,0.5658772051334381,89.14957586169871,0.0
ANKRD17,0.5656443238258362,89.14420702244175,0.0
SPRTN,0.5656375497579574,89.1388381831848,0.0
NPR3,0.5655651688575745,89.13346934392784,0.0
TMEM17,0.5655217945575715,89.1281005046709,0.0
TMEM237,0.5654816419929846,89.12273166541394,1.0
ZNF462,0.565364757180214,89.11736282615699,0.0
NDUFA3,0.5653495907783508,89.11199398690003,0.0
PDLIM1,0.5653379619121551,89.10662514764309,0.0
HOXB1,0.565336337685585,89.10125630838613,0.0
SCD,0.5653360456228256,89.09588746912918,0.0
DYRK1B,0.5652828365564346,89.09051862987222,0.0
AMPD2,0.5651740103960037,89.08514979061528,0.0
IFNGR1,0.5651502668857574,89.07978095135832,0.0
LGALS9,0.565076145529747,89.07441211210137,0.0
EPO,0.5650603979825973,89.06904327284441,0.0
TFRC,0.5649168372154236,89.06367443358747,0.0
BCL2,0.5648245394229889,89.0583055943305,0.0
KRI1,0.5647535502910614,89.05293675507355,0.0
UBE2C,0.5645387142896652,89.0475679158166,0.0
ANXA5,0.5644929468631744,89.04219907655964,0.0
RUNDC1,0.5643505394458771,89.0368302373027,0.0
FKBP14,0.5642223089933396,89.03146139804574,0.0
ADAM12,0.563883799314499,89.02609255878879,0.0
UBE2A,0.5638575583696366,89.02072371953183,0.0
MTTP,0.563694609673518,89.01535488027488,1.0
PMP22,0.5636601835489273,89.00998604101792,0.0
ROBO3,0.5635852515697479,89.00461720176098,0.0
MARS,0.5633474379777909,88.99924836250402,0.0
PLEC,0.563225394487381,88.99387952324707,0.0
PSTPIP2,0.5629197806119919,88.98851068399011,0.0
CRIPT,0.5628039807081222,88.98314184473317,0.0
SNIP1,0.5626998484134674,88.97777300547621,0.0
IL10RA,0.5625732690095901,88.97240416621926,0.0
MPP5,0.5623675137758255,88.9670353269623,0.0
SUCLG1,0.5618186295032501,88.96166648770536,0.0
PIGH,0.5617225080728531,88.9562976484484,0.0
LAMA3,0.5617048561573028,88.95092880919145,0.0
FOXO4,0.5616844207048416,88.9455599699345,0.0
OSTM1,0.5616841346025467,88.94019113067755,0.0
ARNTL,0.5616767674684524,88.93482229142059,0.0
SPNS1,0.5615854054689408,88.92945345216364,0.0
GPA33,0.5615787029266357,88.92408461290668,0.0
C8orf37,0.5614335924386978,88.91871577364974,0.0
NXF1,0.5613818943500519,88.91334693439279,0.0
FIGN,0.5613377809524536,88.90797809513583,0.0
ELK4,0.5613023400306701,88.90260925587889,0.0
ATL2,0.5611666649580002,88.89724041662193,0.0
PADI3,0.561147129535675,88.89187157736498,0.0
ANXA6,0.5610881567001342,88.88650273810802,0.0
LAPTM4A,0.5610737860202789,88.88113389885108,0.0
ATP6V1F,0.5610679864883423,88.87576505959412,0.0
CSE1L,0.5608383148908616,88.87039622033717,0.0
SNX19,0.560816153883934,88.86502738108021,0.0
GPHN,0.560753732919693,88.85965854182326,0.0
EIF4ENIF1,0.5605580568313598,88.8542897025663,0.0
GTPBP3,0.5604605615139008,88.84892086330936,0.0
SPTA1,0.5604464441537857,88.8435520240524,0.0
IPO11,0.5604101061820984,88.83818318479545,0.0
RGS5,0.5603646963834763,88.8328143455385,0.0
TP73,0.5602854698896408,88.82744550628155,0.0
HMCES,0.5600764572620391,88.82207666702459,0.0
SH3PXD2A,0.5599674075841904,88.81670782776764,0.0
LCMT1,0.5598439395427703,88.81133898851068,0.0
PFN1,0.5598231732845307,88.80597014925374,0.0
CLEC16A,0.5598212271928787,88.80060130999678,0.0
COG3,0.5597066760063172,88.79523247073983,0.0
NGF,0.5596218645572663,88.78986363148287,0.0
USP38,0.5596203297376633,88.78449479222593,0.0
PRKCQ,0.5595864236354828,88.77912595296897,0.0
FOXA2,0.5595522120594978,88.77375711371201,0.0
PLK2,0.559533765912056,88.76838827445506,0.0
CCDC14,0.5592542082071305,88.7630194351981,0.0
MYO1E,0.55924052298069,88.75765059594116,0.0
CKB,0.5588726192712784,88.7522817566842,0.0
CEBPE,0.558761939406395,88.74691291742725,0.0
ITPR2,0.5586649209260941,88.74154407817029,0.0
ANO6,0.5586315870285035,88.73617523891335,0.0
DLD,0.5586196035146713,88.73080639965639,0.0
TIE1,0.5584546625614166,88.72543756039944,0.0
HAX1,0.5584499835968018,88.72006872114248,0.0
SEC23A,0.5584047257900238,88.71469988188554,0.0
SNRNP200,0.5583731759863662,88.70933104262858,1.0
DCTN5,0.5583127290010452,88.70396220337163,0.0
ROR1,0.558272123336792,88.69859336411467,0.0
GPNMB,0.5580765634775162,88.69322452485773,0.0
COQ9,0.558050936460495,88.68785568560077,0.0
ANKRD27,0.5580393016338349,88.68248684634382,0.0
FREM1,0.5578307181596756,88.67711800708686,0.0
CYBA,0.5576960235834122,88.67174916782992,0.0
PKD1L1,0.5576580584049224,88.66638032857296,0.0
GNL3,0.5575106889009476,88.66101148931601,0.0
SLC12A5,0.5574207156896591,88.65564265005905,0.0
SMC5,0.5572496891021729,88.6502738108021,0.0
ERI3,0.5572387278079987,88.64490497154515,0.0
ARHGAP29,0.5571098446846008,88.6395361322882,0.0
YBEY,0.5570672541856766,88.63416729303125,0.0
UCHL1,0.5570081382989883,88.6287984537743,0.0
IL6ST,0.5569966584444046,88.62342961451735,0.0
TTC1,0.5569530636072159,88.61806077526039,0.0
MFSD8,0.5569211490728238,88.61269193600344,1.0
EGR2,0.5567272335290909,88.60732309674648,0.0
PTCD3,0.5566694349050522,88.60195425748954,0.0
ATRN,0.5564345210790634,88.59658541823258,0.0
ADAMTS4,0.5561922401189804,88.59121657897563,0.0
QKI,0.5561874508857727,88.58584773971867,0.0
FDXR,0.5561290621757508,88.58047890046173,0.0
PTPN2,0.5560395032167434,88.57511006120477,0.0
MTX2,0.5560015082359314,88.56974122194782,0.0
TCF7,0.5559499397873878,88.56437238269086,0.0
ERCC1,0.5559213131666183,88.55900354343392,0.0
FIS1,0.5558086335659027,88.55363470417696,0.0
NISCH,0.5557687431573868,88.54826586492001,0.0
AIRE,0.5557513200165181,88.54289702566305,1.0
RBP2,0.5557463377714157,88.5375281864061,0.0
PHC2,0.5555552154779434,88.53215934714915,0.0
EID1,0.5552458375692367,88.5267905078922,0.0
ABCB6,0.5552416831254959,88.52142166863524,0.0
CDKN2A,0.5551924109458923,88.51605282937828,0.0
RHOBTB3,0.5548476904630661,88.51068399012134,0.0
FANCM,0.5548247456550598,88.50531515086438,0.0
SRSF7,0.5547881454229355,88.49994631160743,0.0
MTF1,0.5546905368566513,88.49457747235047,0.0
DZIP1,0.554653862118721,88.48920863309353,0.0
SLC2A8,0.5545737624168396,88.48383979383657,0.0
KIF3C,0.5544783353805542,88.47847095457962,0.0
CSGALNACT1,0.5544544458389282,88.47310211532266,0.0
LGR4,0.5544338077306747,88.46773327606572,0.0
MMP3,0.5544149458408356,88.46236443680876,0.0
GSS,0.5544019911049876,88.45699559755181,1.0
BACE2,0.5542888194322586,88.45162675829485,0.0
TACO1,0.5542524266420243,88.4462579190379,1.0
F10,0.5542139053344727,88.44088907978094,0.0
AK2,0.5542046397924423,88.435520240524,0.0
HOXB7,0.5541377514600754,88.43015140126704,0.0
SPATA5,0.5540444374084472,88.4247825620101,0.0
ATP2A1,0.5537572085857392,88.41941372275313,0.0
WWTR1,0.5534940898418427,88.41404488349619,0.0
TRPM8,0.5534119009971619,88.40867604423923,0.0
COX6A1,0.5533553570508957,88.40330720498228,0.0
SUPT7L,0.5531012833118438,88.39793836572532,0.0
PSPH,0.5529541313648224,88.39256952646838,0.0
XBP1,0.5528274655342102,88.38720068721142,0.0
LRRC8A,0.5527898132801056,88.38183184795447,0.0
TTC5,0.5526562422513962,88.37646300869751,0.0
AHCTF1,0.5525294780731201,88.37109416944057,0.0
AIMP2,0.5525153875350952,88.36572533018361,0.0
INTS1,0.5520314276218414,88.36035649092666,0.0
F3,0.5520294964313507,88.35498765166972,0.0
CTNNA2,0.5518997937440873,88.34961881241276,0.0
MMP13,0.5518475115299225,88.34424997315581,0.0
ANAPC5,0.5517055928707123,88.33888113389885,0.0
CHMP3,0.551691085100174,88.3335122946419,0.0
CC2D1A,0.551604101061821,88.32814345538495,0.0
AMPD3,0.5515638589859009,88.322774616128,0.0
FCHSD1,0.5515464097261429,88.31740577687104,0.0
TIMM21,0.5514091730117798,88.3120369376141,0.0
FKBP4,0.551306676864624,88.30666809835714,0.0
DAB1,0.5512303113937378,88.30129925910019,0.0
NUS1,0.5511705100536346,88.29593041984323,0.0
DOCK6,0.5511299073696136,88.29056158058629,0.0
TP53,0.551100308131991,88.28519274132933,1.0
CAMP,0.5509250670671463,88.27982390207238,0.0
UBASH3A,0.5508704781532288,88.27445506281542,0.0
RAB8A,0.5508025676012039,88.26908622355847,0.0
IFIT1,0.5507650971412659,88.26371738430151,0.0
PGBD1,0.5502856701612473,88.25834854504457,0.0
BCKDK,0.5501628696918488,88.25297970578761,0.0
KLHL18,0.5501265734434128,88.24761086653066,0.0
CKAP5,0.5499040812253952,88.2422420272737,0.0
MT1F,0.549840047955513,88.23687318801674,0.0
ELOVL4,0.5498268140437907,88.2315043487598,1.0
EN1,0.5497950166463852,88.22613550950284,0.0
PDS5A,0.5497704893350601,88.2207666702459,0.0
CCL21,0.5496904641389847,88.21539783098893,0.0
POLA2,0.549530129134655,88.21002899173199,0.0
CEP57,0.5495280802249909,88.20466015247503,0.0
RGL2,0.5494970053434372,88.19929131321808,0.0
ALX4,0.5493756175041199,88.19392247396112,0.0
HMGCS2,0.5493145287036896,88.18855363470418,0.0
NEDD4L,0.549253499507904,88.18318479544722,0.0
NFATC3,0.5492370337247848,88.17781595619027,0.0
IMMP2L,0.5492344051599503,88.17244711693331,0.0
GLI1,0.5492254823446274,88.16707827767637,0.0
DUSP11,0.5490432113409043,88.16170943841941,0.0
NCOR1,0.5489723682403564,88.15634059916246,0.0
SSBP2,0.5489070296287537,88.1509717599055,0.0
BLOC1S2,0.5488811790943146,88.14560292064856,0.0
SDHD,0.5487254510142586,88.1402340813916,1.0
GLCE,0.548695108294487,88.13486524213465,0.0
TMEM51,0.5486737549304962,88.12949640287769,0.0
SHBG,0.5485989093780518,88.12412756362075,0.0
SLC4A11,0.5485572218894958,88.11875872436379,0.0
SLC30A4,0.5483803182840348,88.11338988510684,0.0
HCN1,0.5481662899255753,88.10802104584988,0.0
ICA1L,0.5480561047792435,88.10265220659294,0.0
LSM14A,0.5480019122362136,88.09728336733598,0.0
TAX1BP3,0.5479427605867386,88.09191452807903,0.0
TGFBR3,0.5478772699832917,88.08654568882208,0.0
GAS1,0.5478387922048569,88.08117684956513,0.0
DHCR7,0.5478244692087173,88.07580801030818,0.0
F13A1,0.5477912425994873,88.07043917105122,0.0
PLXNB1,0.5476972013711929,88.06507033179427,0.0
HIPK3,0.5475168108940125,88.05970149253731,0.0
MAML1,0.5474996417760849,88.05433265328037,0.0
CYP24A1,0.5472612321376801,88.04896381402341,0.0
ZIC3,0.5471988648176194,88.04359497476646,0.0
PLAC8,0.5471908181905747,88.0382261355095,0.0
RRM1,0.5471672743558884,88.03285729625256,0.0
INHBB,0.5470708817243576,88.0274884569956,0.0
SOD2,0.5467507749795913,88.02211961773865,0.0
PDCD2,0.5466605067253113,88.0167507784817,0.0
STAB1,0.5465792834758758,88.01138193922475,0.0
ELK3,0.5465230196714401,88.00601309996779,0.0
NDUFA2,0.5463727274627397,88.00064426071084,1.0
GFAP,0.5463370561599732,87.99527542145388,0.0
CRTC2,0.5463158965110779,87.98990658219694,0.0
SLC3A2,0.5462877303361893,87.98453774293998,0.0
TXNRD1,0.5462190687656403,87.97916890368302,0.0
CDK1,0.5462083369493484,87.97380006442607,0.0
DNMBP,0.5460798472166062,87.96843122516911,0.0
WDR83,0.5459793686866761,87.96306238591217,0.0
FTO,0.5458383232355117,87.95769354665521,0.0
CDC123,0.5456111341714859,87.95232470739826,0.0
AAK1,0.5454964250326156,87.9469558681413,0.0
SFTPC,0.5454828292131424,87.94158702888436,0.0
CHSY3,0.5454257786273956,87.9362181896274,0.0
ACADM,0.545396375656128,87.93084935037045,0.0
MAD1L1,0.5452275454998017,87.92548051111349,0.0
LAMC1,0.5451840907335281,87.92011167185655,0.0
DHX33,0.5450019061565399,87.91474283259959,0.0
PIGV,0.5449923485517502,87.90937399334264,0.0
EHBP1L1,0.5448930978775024,87.90400515408568,0.0
MVP,0.5448901742696762,87.89863631482874,0.0
EFNB2,0.5448234677314758,87.89326747557178,0.0
POLR1C,0.544794911146164,87.88789863631483,0.0
MTA1,0.5447313785552979,87.88252979705787,0.0
INO80E,0.544646805524826,87.87716095780092,0.0
CTSH,0.5446370154619217,87.87179211854396,0.0
CSAD,0.5444967567920684,87.86642327928702,0.0
FBXW9,0.5444914400577545,87.86105444003006,0.0
IGF2,0.5444004595279693,87.85568560077311,0.0
ATP6V1H,0.5443899989128113,87.85031676151615,0.0
KRT17,0.5443200051784516,87.84494792225921,0.0
WDR45,0.5442984133958817,87.83957908300225,0.0
TDGF1,0.5441540777683258,87.8342102437453,0.0
PNPLA8,0.5441275805234909,87.82884140448834,0.0
FANCL,0.543925303220749,87.8234725652314,0.0
TRAP1,0.5438510179519653,87.81810372597444,0.0
PRKCH,0.5437168031930923,87.8127348867175,0.0
CCDC88A,0.543501329421997,87.80736604746055,0.0
AP3B1,0.5433700501918792,87.80199720820359,0.0
DPT,0.5433456212282181,87.79662836894664,0.0
LIMK2,0.5432575017213821,87.79125952968968,0.0
PHB2,0.5430845290422439,87.78589069043274,0.0
SLC22A5,0.5430724322795868,87.78052185117578,0.0
ANXA2,0.5430605679750442,87.77515301191883,0.0
PKP2,0.5430390328168869,87.76978417266187,0.0
MPP3,0.5430296778678894,87.76441533340493,0.0
VCAN,0.5429153860954756,87.75904649414797,1.0
MPP4,0.5429037898778916,87.75367765489102,0.0
TRAF6,0.5428198933601379,87.74830881563406,0.0
CASQ2,0.5427771121263504,87.74293997637712,0.0
PEX12,0.5427279868232671,87.73757113712016,1.0
BARHL2,0.5425826668739319,87.73220229786321,0.0
AFMID,0.5425825625658035,87.72683345860625,0.0
CNP,0.5424731642007827,87.7214646193493,0.0
IL6,0.54234179854393,87.71609578009235,0.0
GPD1L,0.5422878742218018,87.7107269408354,0.0
FLT1,0.5422504037618637,87.70535810157844,0.0
PRNP,0.5419262081384659,87.69998926232148,0.0
SOCS1,0.5418697357177734,87.69462042306453,0.0
COL16A1,0.5418129831552505,87.68925158380758,0.0
TFIP11,0.5415199011564255,87.68388274455063,0.0
CLN5,0.5414470394264977,87.67851390529367,1.0
PTS,0.5412193924188614,87.67314506603671,0.0
PTPN21,0.5410848706960678,87.66777622677976,0.0
BUB3,0.5410020619630813,87.66240738752282,0.0
MYBPHL,0.5407661706209183,87.65703854826586,0.0
MIB1,0.5406410694122314,87.65166970900891,0.0
HSPB1,0.5405970126390457,87.64630086975195,0.0
INSR,0.5405664414167404,87.64093203049501,0.0
SCNN1B,0.5404915541410447,87.63556319123805,0.0
PTPRS,0.5404326677322387,87.6301943519811,0.0
APOD,0.5403534412384033,87.62482551272414,0.0
ATOX1,0.5403050005435943,87.6194566734672,0.0
PHEX,0.5402477711439133,87.61408783421024,0.0
MAP3K7,0.540222755074501,87.60871899495329,0.0
ARF3,0.5402088433504104,87.60335015569633,0.0
CACNA1C,0.5401148527860642,87.59798131643939,0.0
MED23,0.5400866985321044,87.59261247718243,0.0
PCCB,0.5400148183107376,87.58724363792548,0.0
ZBTB43,0.539857468008995,87.58187479866852,0.0
TLN1,0.5397632390260696,87.57650595941158,0.0
SAMD9L,0.5396926909685135,87.57113712015462,0.0
TMBIM6,0.5396104633808136,87.56576828089767,0.0
GP6,0.5395308673381806,87.56039944164071,0.0
ECT2,0.5394780933856964,87.55503060238377,0.0
LDHA,0.53942651450634,87.5496617631268,0.0
COG2,0.5393389940261841,87.54429292386986,0.0
CXADR,0.5392477601766587,87.5389240846129,0.0
TPR,0.5392384737730026,87.53355524535596,0.0
POLR1E,0.539179801940918,87.52818640609901,0.0
ALCAM,0.5391753166913986,87.52281756684205,0.0
DAD1,0.5390620678663254,87.5174487275851,0.0
CA5A,0.5389170944690704,87.51207988832815,0.0
TUBB,0.5388896882534027,87.5067110490712,0.0
SRPRB,0.5387316644191742,87.50134220981424,0.0
ABCC1,0.5386541068553925,87.4959733705573,0.0
SNRNP27,0.5386458367109299,87.49060453130033,0.0
ACADS,0.5385024189949036,87.48523569204339,0.0
NR6A1,0.5384990006685257,87.47986685278643,0.0
SETD7,0.5384084135293961,87.47449801352948,0.0
LARGE,0.5384031504392623,87.46912917427252,0.0
RMND1,0.5383536577224731,87.46376033501558,0.0
SPIN1,0.5383179128170014,87.45839149575862,0.0
FLOT1,0.5382858842611313,87.45302265650167,0.0
KRAS,0.5381854893142031,87.44765381724471,1.0
EYA3,0.5381831228733063,87.44228497798775,0.0
RET,0.5381171658011897,87.43691613873081,1.0
CLSTN1,0.5379796653985978,87.43154729947385,0.0
WNT8A,0.5379181116819381,87.4261784602169,0.0
TNF,0.5378046154975891,87.42080962095994,0.0
OPLAH,0.5377905815839767,87.415440781703,0.0
FHIT,0.5376693576574325,87.41007194244604,0.0
NUCB1,0.5376374870538712,87.40470310318909,0.0
ACTR10,0.5376021087169647,87.39933426393213,0.0
CFL1,0.5374455377459526,87.39396542467519,0.0
IQCA1,0.5373200744390487,87.38859658541823,0.0
UBA3,0.5373067736625672,87.38322774616128,0.0
RPS6,0.5372939467430115,87.37785890690432,0.0
RHOC,0.5372846245765686,87.37249006764738,0.0
MEGF10,0.5371951133012771,87.36712122839042,0.0
TRAPPC10,0.53700952231884,87.36175238913347,0.0
SMN1,0.5368750005960464,87.35638354987651,0.0
RAD9A,0.5368587255477906,87.35101471061957,0.0
MKL1,0.5368211150169373,87.3456458713626,0.0
APCDD1,0.5366425186395645,87.34027703210566,0.0
NAT10,0.5365268021821976,87.3349081928487,0.0
NTN1,0.536477780342102,87.32953935359176,0.0
TCF15,0.5364711999893188,87.3241705143348,0.0
SCN1B,0.5363876610994339,87.31880167507785,0.0
FAH,0.5363871484994889,87.31343283582089,0.0
NCDN,0.5362020045518875,87.30806399656394,0.0
BLOC1S1,0.5360975235700607,87.30269515730699,0.0
MYH7,0.5358258336782455,87.29732631805004,0.0
RFWD3,0.5358030587434769,87.29195747879308,0.0
CEP72,0.5357370018959046,87.28658863953613,0.0
SEMA6A,0.5357084214687348,87.28121980027917,0.0
MAK,0.5356359087195792,87.27585096102223,1.0
TJP1,0.5355921119451523,87.27048212176527,0.0
STAM2,0.5354817762970925,87.26511328250832,0.0
PRKCSH,0.5353819549083709,87.25974444325136,0.0
GPX7,0.5353265762329101,87.25437560399442,0.0
MAGI2,0.5353092849254608,87.24900676473747,0.0
URI1,0.5352231800556183,87.24363792548051,0.0
E2F3,0.5351810783147812,87.23826908622357,0.0
NDRG1,0.5350493252277374,87.23290024696661,0.0
ATP5C1,0.53500936627388,87.22753140770966,0.0
THRA,0.5350070595741272,87.2221625684527,0.0
PRDX5,0.5348829388618469,87.21679372919576,0.0
PDLIM5,0.534587961435318,87.2114248899388,0.0
CABIN1,0.5345243632793426,87.20605605068185,0.0
KIF3B,0.5342041939496994,87.20068721142489,0.0
RBL2,0.5341858267784119,87.19531837216795,0.0
PDS5B,0.5341437518596649,87.18994953291099,0.0
HOMER2,0.5340682148933411,87.18458069365404,0.0
DYNLRB2,0.5340681582689285,87.17921185439708,0.0
PLEKHM1,0.5338544458150863,87.17384301514014,0.0
PEX5L,0.5337884694337844,87.16847417588318,0.0
AHCY,0.5336969822645188,87.16310533662622,0.0
AKR1D1,0.5335121095180512,87.15773649736927,0.0
ATP8B2,0.533494484424591,87.15236765811231,0.0
EYS,0.5334789281183818,87.14699881885537,1.0
ZNRF3,0.5333333820104599,87.1416299795984,0.0
ARHGEF11,0.5333292156457901,87.13626114034145,0.0
LTBP1,0.5333198368549347,87.1308923010845,0.0
TMEM63A,0.5330647915601731,87.12552346182754,0.0
EDARADD,0.5327345639467239,87.1201546225706,0.0
SETD5,0.5327121615409851,87.11478578331365,0.0
PIK3R4,0.5326171278953552,87.10941694405669,0.0
SATB1,0.532545194029808,87.10404810479974,0.0
CRY2,0.5324583798646927,87.09867926554278,0.0
ACVRL1,0.5323549956083298,87.09331042628584,0.0
CAPZB,0.5323163598775864,87.08794158702888,0.0
MED10,0.5321587443351745,87.08257274777193,0.0
TET1,0.5320321172475815,87.07720390851497,0.0
SORBS2,0.5318005174398422,87.07183506925803,0.0
SLC5A1,0.531795272231102,87.06646623000107,0.0
RPL24,0.5317507475614548,87.06109739074412,0.0
H2AFY2,0.5317107409238815,87.05572855148716,0.0
KLHL41,0.5316364109516144,87.05035971223022,0.0
CDK6,0.5314993470907211,87.04499087297326,0.0
TAF10,0.5314921617507935,87.03962203371631,0.0
SSR2,0.5313336193561554,87.03425319445935,0.0
TCP11,0.531297791004181,87.02888435520241,0.0
SUPT4H1,0.5312653034925461,87.02351551594545,0.0
TRIM21,0.5311629861593247,87.0181466766885,0.0
TIMM13,0.5310426712036133,87.01277783743154,0.0
AMBRA1,0.5310387939214707,87.0074089981746,0.0
HIGD2A,0.5308401107788085,87.00204015891764,0.0
ELN,0.5306234955787659,86.99667131966069,0.0
PKP1,0.5305722564458847,86.99130248040373,0.0
CETN2,0.5305174201726913,86.98593364114679,0.0
FNIP2,0.5304843991994858,86.98056480188984,0.0
KIF1B,0.5303153164486468,86.97519596263288,1.0
ATP6AP1,0.5302768617868423,86.96982712337594,0.0
PIEZO1,0.5302714586257935,86.96445828411898,0.0
AGPS,0.5302592515945435,86.95908944486203,0.0
MGAT2,0.5302359879016876,86.95372060560507,0.0
RXFP2,0.5300685167312622,86.94835176634813,0.0
FERMT1,0.5299274533987045,86.94298292709117,0.0
SLC27A1,0.5299096435308457,86.93761408783422,0.0
SLC9A8,0.5298394501209259,86.93224524857726,0.0
LAMB3,0.5296283274888992,86.92687640932031,0.0
BUB1,0.529609027504921,86.92150757006335,0.0
LYST,0.529567152261734,86.91613873080641,0.0
STIM1,0.529550775885582,86.91076989154945,0.0
PTGR2,0.5295037120580673,86.90540105229249,0.0
RMDN3,0.5293593347072602,86.90003221303554,0.0
AFF1,0.529056191444397,86.89466337377858,0.0
RIOK2,0.5290101647377015,86.88929453452164,0.0
NACA,0.5289818167686462,86.88392569526468,0.0
AP3D1,0.5289566397666932,86.87855685600773,0.0
CORO7,0.5289129853248596,86.87318801675077,0.0
MDH1,0.5288882374763488,86.86781917749383,0.0
UQCRC2,0.5288462996482849,86.86245033823687,0.0
CKMT2,0.5287197142839432,86.85708149897991,0.0
FADS3,0.5287185698747635,86.85171265972296,0.0
SHC1,0.5286649227142334,86.846343820466,0.0
ABCF1,0.52862668633461,86.84097498120906,0.0
MAPK9,0.5284710943698883,86.83560614195211,0.0
PKHD1,0.5284269571304321,86.83023730269515,0.0
NUBP2,0.5284206420183182,86.82486846343821,0.0
SHMT2,0.52835693359375,86.81949962418125,0.0
SIN3A,0.5281379461288452,86.8141307849243,0.0
TECTB,0.5280990958213806,86.80876194566734,0.0
ADCY9,0.5280892014503479,86.8033931064104,0.0
MTOR,0.5280499964952469,86.79802426715344,0.0
AHCYL1,0.5279227674007416,86.79265542789649,0.0
CALR,0.5278790235519409,86.78728658863953,0.0
HYI,0.5278483629226685,86.78191774938259,0.0
MAN2B1,0.5277598270913586,86.77654891012563,1.0
LRRC49,0.5276200383901596,86.77118007086868,0.0
MZT2A,0.5275997042655944,86.76581123161172,0.0
ATE1,0.5273179620504379,86.76044239235478,0.0
SLC19A3,0.5272830918597466,86.75507355309782,1.0
ITM2B,0.5269254481838656,86.74970471384087,1.0
ANKRD6,0.5267234057188034,86.74433587458391,0.0
EMC6,0.5267133384943008,86.73896703532697,0.0
LMX1B,0.5266691535711289,86.73359819607,0.0
CDH8,0.5266006857156753,86.72822935681306,0.0
CSK,0.5265915125608445,86.7228605175561,0.0
ACAN,0.5265688747167587,86.71749167829915,0.0
PTPRF,0.526566356420517,86.7121228390422,0.0
TOPORS,0.526469652290938,86.70675399978525,1.0
RAB8B,0.5263684839010239,86.7013851605283,0.0
HSP90AA1,0.5262650609016418,86.69601632127134,0.0
MED20,0.5262186735868454,86.6906474820144,0.0
M6PR,0.5262053996324539,86.68527864275744,0.0
POSTN,0.5261802107095719,86.6799098035005,0.0
FOXH1,0.526082843542099,86.67454096424353,0.0
NODAL,0.5260291397571564,86.66917212498659,0.0
SLC4A5,0.5259159564971924,86.66380328572963,0.0
DNAJA3,0.5258957654237747,86.65843444647268,0.0
CASP9,0.5257228195667267,86.65306560721572,0.0
APBA3,0.5254522234201431,86.64769676795878,0.0
COL1A2,0.525166392326355,86.64232792870182,0.0
CCDC92,0.5250673234462738,86.63695908944487,0.0
BAZ1B,0.5250108540058136,86.63159025018791,0.0
CBFB,0.5249704390764236,86.62622141093095,0.0
NRDE2,0.5247627824544907,86.620852571674,0.0
ORAI1,0.524678647518158,86.61548373241705,0.0
SOCS7,0.5245790004730224,86.6101148931601,0.0
WDR34,0.5244320064783097,86.60474605390314,0.0
ASL,0.5243812650442123,86.59937721464618,0.0
IREB2,0.524378964304924,86.59400837538924,0.0
GMNN,0.5241389721632004,86.58863953613228,0.0
CADPS,0.5240143358707428,86.58327069687533,0.0
EPHA3,0.5239914923906326,86.57790185761837,0.0
ATXN7L3,0.5238735884428024,86.57253301836143,0.0
GGT5,0.5237839430570602,86.56716417910447,0.0
CSNK1A1,0.5237746790051461,86.56179533984752,0.0
NCAPH2,0.5235693395137787,86.55642650059058,0.0
PGRMC2,0.5234079957008362,86.55105766133362,0.0
THAP1,0.5233784854412079,86.54568882207667,0.0
ASCL2,0.5233295619487762,86.54031998281971,0.0
B3GALNT2,0.5232924737814647,86.53495114356276,1.0
KRT6C,0.5232816636562347,86.5295823043058,0.0
STK11,0.523279431462288,86.52421346504886,0.0
CHST5,0.5232550263404846,86.5188446257919,0.0
MMP7,0.5231953203678131,86.51347578653495,0.0
DGKD,0.5231767952442169,86.508106947278,0.0
PDCD10,0.5231522291898727,86.50273810802105,0.0
TBCC,0.5231216609477997,86.49736926876409,0.0
MBD5,0.523104465007782,86.49200042950714,0.0
GFER,0.5230679899454117,86.48663159025018,0.0
CPOX,0.5228661477565766,86.48126275099324,0.0
TBC1D9B,0.5228259950876236,86.47589391173628,0.0
DOCK2,0.5227366000413894,86.47052507247933,0.0
WNT5B,0.5227089285850525,86.46515623322237,0.0
RAD54L,0.5226733237504959,86.45978739396543,0.0
ZDHHC23,0.5226511120796203,86.45441855470847,0.0
TYRO3,0.522314703464508,86.44904971545152,0.0
POLD1,0.5222612977027893,86.44368087619456,0.0
TSC2,0.5222342698975946,86.43831203693762,1.0
ANXA4,0.5221193224191666,86.43294319768066,0.0
SLC12A6,0.5220341950654983,86.42757435842371,0.0
ABCA3,0.5219332963228226,86.42220551916677,0.0
RSPO2,0.5217846304178237,86.4168366799098,0.0
FOXN3,0.521640521287918,86.41146784065286,0.0
SEC24D,0.5215576350688934,86.4060990013959,0.0
NOTCH3,0.5214902863247703,86.40073016213896,1.0
CDH3,0.5214865951601303,86.395361322882,1.0
BYSL,0.521440377831459,86.38999248362505,0.0
UBA6,0.5214195758104324,86.38462364436809,0.0
KYNU,0.5213194817304612,86.37925480511115,0.0
PITPNB,0.5212764769792557,86.37388596585419,0.0
ORC1,0.5212704192549557,86.36851712659723,1.0
USMG5,0.5212673574686051,86.36314828734028,0.0
CXCR2,0.5211015492677689,86.35777944808332,0.0
ELAVL1,0.5208301961421966,86.35241060882637,0.0
CEP152,0.5206753998994827,86.34704176956942,0.0
DOLK,0.520628371834755,86.34167293031247,0.0
CYB5D2,0.5204967707395554,86.33630409105551,0.0
GFRA2,0.5204906553030014,86.33093525179856,0.0
PIP,0.5204644441604614,86.3255664125416,0.0
BLOC1S6,0.5204175353050232,86.32019757328464,0.0
DARS2,0.520414125919342,86.3148287340277,0.0
PLCB4,0.5203697323799134,86.30945989477074,0.0
IRF6,0.5203534513711929,86.3040910555138,0.0
CREB3,0.5202858865261077,86.29872221625683,0.0
E2F2,0.5202647835016251,86.29335337699989,0.0
PARP3,0.520215567946434,86.28798453774294,0.0
TFEB,0.5201858222484589,86.28261569848598,0.0
AGGF1,0.5201052606105805,86.27724685922904,0.0
RBM19,0.5199699819087982,86.27187801997208,0.0
IFNAR2,0.5198554366827011,86.26650918071513,0.0
GAPDH,0.5198503702878952,86.26114034145817,0.0
PFDN2,0.5198394745588303,86.25577150220123,0.0
MFN2,0.519735798239708,86.25040266294427,0.0
ACACA,0.5197291165590286,86.24503382368732,0.0
DDIT4,0.5196229189634323,86.23966498443036,0.0
BRMS1,0.5195559322834015,86.23429614517342,0.0
WNT7A,0.5195379793643952,86.22892730591646,0.0
SLC2A5,0.5193601608276367,86.22355846665951,0.0
LEMD2,0.5193226337432861,86.21818962740255,0.0
FBXW8,0.5192145437002182,86.2128207881456,0.0
SCARB1,0.519169619679451,86.20745194888865,0.0
VEGFB,0.5191383391618729,86.2020831096317,0.0
SPEF1,0.5191307932138443,86.19671427037474,0.0
KRT6B,0.5191064715385437,86.1913454311178,0.0
FBXW4,0.5190930992364884,86.18597659186084,0.0
WNT9B,0.5188212394714355,86.18060775260389,0.0
AASDHPPT,0.5186956405639649,86.17523891334693,0.0
MYO3B,0.5186954855918884,86.16987007408999,0.0
GFPT1,0.5186467826366424,86.16450123483303,0.0
TDG,0.5186458706855774,86.15913239557608,0.0
DIAPH3,0.5182398289442063,86.15376355631912,0.0
NUTF2,0.5182033538818359,86.14839471706217,0.0
CYP19A1,0.5180369883775711,86.14302587780523,0.0
TGM1,0.5178150057792663,86.13765703854827,0.0
TBC1D15,0.5177583873271943,86.13228819929132,0.0
KIR3DL2,0.5176764875650406,86.12691936003436,0.0
STAB2,0.5176448941230773,86.12155052077742,0.0
PDZK1,0.5175853639841079,86.11618168152046,0.0
ABCA12,0.5174372136592865,86.11081284226351,0.0
AKR1B1,0.5174214541912079,86.10544400300655,0.0
CHD4,0.5173657029867172,86.10007516374961,0.0
ACTA2,0.5172803540193536,86.09470632449265,1.0
WNT6,0.5172549664974213,86.08933748523569,0.0
PIN1,0.5172070860862732,86.08396864597874,0.0
DCTN3,0.5171821862459183,86.07859980672178,0.0
SLC44A3,0.5171403050422668,86.07323096746484,0.0
NALCN,0.5171160429716111,86.06786212820788,0.0
MAML2,0.5170820534229279,86.06249328895092,0.0
PAX9,0.5170194953680038,86.05712444969397,0.0
ACSS1,0.5168795824050904,86.05175561043701,0.0
SHANK2,0.516800481081009,86.04638677118007,0.0
F7,0.5167226135730744,86.04101793192311,0.0
ACAA2,0.5165061742067337,86.03564909266616,0.0
SRA1,0.516504168510437,86.0302802534092,0.0
TAGLN,0.5163915604352951,86.02491141415226,0.0
BRD4,0.5163172632455826,86.0195425748953,0.0
COL17A1,0.5162985622882843,86.01417373563835,0.0
HEPH,0.5162392348051071,86.0088048963814,0.0
SLC17A9,0.5162262678146362,86.00343605712445,0.0
SLC6A9,0.5161232650279999,85.9980672178675,0.0
DMTF1,0.5161090552806854,85.99269837861054,0.0
PANK3,0.515858244895935,85.9873295393536,0.0
DZIP3,0.515854212641716,85.98196070009664,0.0
PTPRJ,0.5156700700521469,85.97659186083969,0.0
ENKUR,0.5154399156570435,85.97122302158273,0.0
DNASE1L2,0.5153745353221894,85.96585418232578,0.0
ABL2,0.5152082413434982,85.96048534306883,0.0
CDCA5,0.5149951457977295,85.95511650381188,0.0
ELAC2,0.5148985683917999,85.94974766455492,0.0
DSG2,0.5148912340402603,85.94437882529797,0.0
ATP1A3,0.5143795579671859,85.93900998604101,0.0
GPR37L1,0.5143005877733231,85.93364114678407,0.0
ERLEC1,0.5142494827508927,85.92827230752711,0.0
EVA1C,0.5142210185527801,85.92290346827016,0.0
MTHFS,0.5142070591449738,85.9175346290132,0.0
GTF2H5,0.5138657629489899,85.91216578975626,0.0
KIF24,0.5138153165578843,85.9067969504993,0.0
ROBO2,0.5137946099042893,85.90142811124235,0.0
LIG1,0.5137468963861466,85.8960592719854,0.0
QDPR,0.5136578381061554,85.89069043272845,0.0
MPDZ,0.5133762180805206,85.88532159347149,0.0
ROBO1,0.5133548229932785,85.87995275421454,0.0
PPM1K,0.5132611960172653,85.87458391495758,0.0
FGF23,0.5132541239261628,85.86921507570064,0.0
LRCH3,0.5132347017526626,85.86384623644369,0.0
MCU,0.5131285816431046,85.85847739718673,0.0
SLC20A2,0.5131053984165191,85.85310855792979,0.0
METTL3,0.5130401760339737,85.84773971867283,0.0
ENDOG,0.5130290567874909,85.84237087941588,0.0
SKIV2L,0.5130106240510941,85.83700204015892,0.0
PPIA,0.5128969132900238,85.83163320090196,0.0
MYL5,0.5128456950187683,85.82626436164502,0.0
ATF3,0.5128346383571625,85.82089552238806,0.0
AMHR2,0.512821015715599,85.81552668313111,0.0
SPAG17,0.512681421637535,85.81015784387415,0.0
AMT,0.5122848391532898,85.8047890046172,0.0
GALK1,0.5121656775474548,85.79942016536025,0.0
ASS1,0.5120514184236526,85.7940513261033,0.0
IARS,0.5117649734020233,85.78868248684634,0.0
S100B,0.5116649359464646,85.78331364758938,0.0
IL22,0.511661022901535,85.77794480833244,0.0
CHD1,0.5112382382154464,85.77257596907548,0.0
AOC1,0.5112084150314331,85.76720712981853,0.0
PLXNA3,0.5110171109437942,85.76183829056157,0.0
PPHLN1,0.5108722418546676,85.75646945130462,0.0
ZNF366,0.5108582645654678,85.75110061204767,0.0
GJC2,0.5107653945684433,85.74573177279072,0.0
PIGF,0.510490334033966,85.74036293353376,0.0
LLGL1,0.5104551881551742,85.73499409427681,0.0
DHX16,0.5104466944932937,85.72962525501987,0.0
LRP1,0.5103377670049667,85.72425641576291,0.0
PSD2,0.5102517992258072,85.71888757650596,0.0
DLX2,0.5101817458868027,85.713518737249,0.0
NPHS1,0.5101241797208786,85.70814989799206,0.0
EXOC2,0.5100948810577393,85.7027810587351,0.0
EGR3,0.510074931383133,85.69741221947815,0.0
UROS,0.5100171506404877,85.6920433802212,0.0
SLC38A10,0.5099220454692841,85.68667454096425,0.0
MYO18B,0.5097094953060151,85.68130570170729,0.0
CDK13,0.5097081407904624,85.67593686245034,0.0
RCN2,0.5096466064453125,85.67056802319338,0.0
RPS6KB2,0.5096123307943344,85.66519918393644,0.0
ADHFE1,0.5095100820064544,85.65983034467948,0.0
GRM7,0.5095025867223739,85.65446150542253,0.0
SRSF1,0.5094949334859848,85.64909266616557,0.0
TELO2,0.5094885110855103,85.64372382690863,0.0
KIF16B,0.5094081312417984,85.63835498765167,0.0
SPTB,0.509363517165184,85.63298614839472,0.0
SH2D3C,0.5092932105064392,85.62761730913776,0.0
CALD1,0.5092550098896027,85.62224846988082,0.0
OGDHL,0.5092244058847427,85.61687963062386,0.0
HBS1L,0.5092227578163147,85.61151079136691,0.0
PITPNM1,0.5091655820608139,85.60614195210995,0.0
PHYKPL,0.5089901477098465,85.600773112853,0.0
UST,0.5089493304491043,85.59540427359606,0.0
FKRP,0.5088004540829432,85.5900354343391,1.0
ARSF,0.5087361574172974,85.58466659508215,0.0
SOSTDC1,0.5085779100656509,85.5792977558252,0.0
GPX3,0.5083375543355941,85.57392891656825,0.0
APBB2,0.5082625031471253,85.56856007731129,0.0
TRIM59,0.5082589417696,85.56319123805434,0.0
AQP1,0.5082247227430343,85.55782239879738,0.0
MORC2,0.5082061499357223,85.55245355954042,0.0
COQ2,0.50809745490551,85.54708472028348,0.0
FBXO4,0.508001446723938,85.54171588102652,0.0
GGPS1,0.507990887761116,85.53634704176957,0.0
RASGRP4,0.5079254865646362,85.53097820251261,0.0
PAX5,0.5079084455966949,85.52560936325565,0.0
TPX2,0.507892644405365,85.52024052399871,0.0
EMC8,0.5077803343534469,85.51487168474175,0.0
RMI1,0.5076912254095077,85.5095028454848,0.0
LMNA,0.507630648612976,85.50413400622784,1.0
NUMA1,0.5075423359870911,85.4987651669709,0.0
TNFRSF1A,0.5075249224901199,85.49339632771394,0.0
HOOK2,0.5075133234262467,85.48802748845699,0.0
GNAO1,0.5074063688516617,85.48265864920003,0.0
RECK,0.50719153881073,85.47728980994309,0.0
UBN1,0.5071559965610504,85.47192097068613,0.0
MBNL1,0.5071148693561554,85.46655213142918,0.0
OLFM2,0.5071003407239913,85.46118329217222,0.0
FLNC,0.5070669442415238,85.45581445291528,0.0
MED21,0.5069110661745071,85.45044561365833,0.0
NOM1,0.5068980127573013,85.44507677440137,0.0
WDR4,0.5066939264535903,85.43970793514443,0.0
ACADL,0.5066938430070878,85.43433909588747,0.0
EPB41L3,0.5065404057502747,85.42897025663052,0.0
LPIN2,0.5064871460199356,85.42360141737356,0.0
RND3,0.5064379423856735,85.41823257811662,0.0
MIS18BP1,0.5062061518430709,85.41286373885966,0.0
ATP6V0E1,0.5061885118484497,85.40749489960271,0.0
SYNJ1,0.5061752945184708,85.40212606034575,0.0
RB1,0.5060354015266753,85.3967572210888,1.0
INS,0.5060349179477226,85.39138838183185,1.0
MYLK,0.5059842526912689,85.3860195425749,0.0
TECR,0.5059696942567825,85.38065070331794,0.0
LZTR1,0.5059167444705963,85.375281864061,0.0
SUN2,0.5057859539985656,85.36991302480403,0.0
PISD,0.5056128621101379,85.36454418554709,0.0
MAPK8IP3,0.5054554551839828,85.35917534629013,0.0
DNMT3A,0.5053615808486939,85.35380650703318,0.0
PLS3,0.5052430987358093,85.34843766777622,0.0
SLIT2,0.5048573195934296,85.34306882851928,0.0
IFI16,0.5047565340995789,85.33769998926232,0.0
HAUS1,0.5047268331050873,85.33233115000537,0.0
CYP51A1,0.5046608060598373,85.32696231074841,0.0
NPM1,0.5046320289373398,85.32159347149147,0.0
HMOX1,0.5045996010303497,85.31622463223452,0.0
MYO18A,0.5045458525419235,85.31085579297756,0.0
SLC25A20,0.5045355975627899,85.30548695372062,0.0
RSRC1,0.5044992744922638,85.30011811446366,0.0
SKIL,0.504311791062355,85.2947492752067,0.0
PRPS1,0.5041861861944199,85.28938043594975,0.0
MFN1,0.5041378617286683,85.28401159669279,0.0
CCT3,0.504093450307846,85.27864275743585,0.0
SLC12A2,0.5040638953447342,85.27327391817889,0.0
TCIRG1,0.5040492475032806,85.26790507892194,0.0
CCDC57,0.5039255380630493,85.26253623966498,0.0
ZNF385A,0.5037390708923339,85.25716740040804,0.0
STAG3,0.5037303656339646,85.25179856115108,0.0
TWIST2,0.5036895245313644,85.24642972189412,0.0
LMX1A,0.5036211103200913,85.24106088263717,0.0
PBRM1,0.5036007136106491,85.23569204338021,0.0
PLP1,0.5034419685602188,85.23032320412327,0.0
P4HTM,0.5033089965581894,85.2249543648663,0.0
ACSL1,0.5031241714954376,85.21958552560936,0.0
COX5A,0.5030694991350174,85.2142166863524,0.0
NR4A1,0.5030434161424637,85.20884784709546,0.0
FOXJ3,0.5029928535223007,85.2034790078385,0.0
EP400,0.5029628157615662,85.19811016858155,0.0
SGCD,0.5029575139284134,85.19274132932459,0.0
TRPV2,0.5029317706823349,85.18737249006765,0.0
OPTC,0.5029058784246445,85.18200365081069,0.0
TGS1,0.5028959453105927,85.17663481155374,0.0
AGPAT1,0.5028140842914581,85.1712659722968,0.0
CHCHD1,0.5027287065982818,85.16589713303983,0.0
GFI1,0.5026684463024139,85.16052829378289,0.0
SDSL,0.5025747388601303,85.15515945452593,0.0
MYO1D,0.5024556457996369,85.14979061526898,0.0
CAPN7,0.5023936718702317,85.14442177601202,0.0
FAM214A,0.5023425996303559,85.13905293675508,0.0
HLCS,0.5023323684930802,85.13368409749812,0.0
IGFBP3,0.5022631883621216,85.12831525824117,0.0
TNPO3,0.5020588934421539,85.12294641898421,0.0
FOSL1,0.5019376367330551,85.11757757972727,0.0
SLC5A7,0.5019042223691941,85.11220874047031,0.0
CAV1,0.5018724235723604,85.10683990121336,1.0
E2F1,0.5018245220184326,85.1014710619564,0.0
GSTM4,0.5017360359430313,85.09610222269946,0.0
MRPS5,0.5017267525196075,85.0907333834425,0.0
AMACR,0.5016828850768078,85.08536454418555,1.0
UBR3,0.5014841675758361,85.07999570492859,0.0
ALX1,0.5014501333236694,85.07462686567165,0.0
MIF4GD,0.5013181328773498,85.06925802641469,0.0
MYL6B,0.5011237651109696,85.06388918715774,0.0
MFAP3,0.5009198457002639,85.05852034790078,0.0
F8,0.5007691264152527,85.05315150864384,0.0
TIMELESS,0.5007068425416946,85.04778266938688,0.0
ACAP2,0.5006988048553467,85.04241383012993,0.0
ACTL6A,0.5006491571664811,85.03704499087299,0.0
NCF2,0.50059874355793,85.03167615161603,0.0
IGF2R,0.5005789905786514,85.02630731235908,0.0
GPR89B,0.5005040168762207,85.02093847310212,0.0
SNX29,0.5004769772291183,85.01556963384516,0.0
HM13,0.5003828674554824,85.01020079458821,0.0
HSP90AB1,0.5002102315425873,85.00483195533126,0.0
EXD2,0.5000953018665314,84.99946311607431,0.0
SEC24C,0.500063219666481,84.99409427681735,0.0
TADA3,0.5000060230493546,84.98872543756039,0.0
CAPNS1,0.49995100051164626,84.98335659830344,0.0
NRARP,0.4998644173145294,84.97798775904648,0.0
FZD1,0.49963625967502595,84.97261891978954,0.0
ASXL2,0.4996265575289726,84.96725008053258,0.0
LCP2,0.4994568765163422,84.96188124127563,0.0
CENPO,0.4994494915008545,84.95651240201867,0.0
CCR5,0.4992942541837692,84.95114356276173,0.0
CLSPN,0.49918625354766843,84.94577472350477,0.0
AGBL5,0.49917866407700306,84.94040588424782,1.0
LRPAP1,0.49916830360889436,84.93503704499086,0.0
SNX3,0.49891029894351957,84.92966820573392,0.0
ATG16L1,0.4988463222980499,84.92429936647696,0.0
EMX2,0.49853655099868777,84.91893052722001,0.0
ALG9,0.49845574200153353,84.91356168796305,0.0
THOC6,0.49843317866325376,84.90819284870611,0.0
CHRNA4,0.498361873626709,84.90282400944916,0.0
MYLK3,0.4983604520559311,84.8974551701922,0.0
ABLIM1,0.49834598898887633,84.89208633093526,0.0
NR2F2,0.4982819497585297,84.8867174916783,0.0
MRFAP1,0.4982507318258286,84.88134865242135,0.0
MUC5B,0.498241463303566,84.87597981316439,0.0
ALDH1L1,0.4982081651687622,84.87061097390745,0.0
CDK7,0.49805558621883395,84.86524213465049,0.0
MCTP1,0.49799193143844606,84.85987329539354,0.0
IKZF2,0.4978842198848724,84.85450445613658,0.0
PRDM5,0.49771555662155154,84.84913561687964,0.0
KATNA1,0.49769641160964967,84.84376677762268,0.0
NHP2,0.49767335653305056,84.83839793836573,0.0
LTN1,0.49759321212768554,84.83302909910877,0.0
SLC31A1,0.4974202662706375,84.82766025985183,0.0
RASSF2,0.4973886936903,84.82229142059487,0.0
SORT1,0.4973708689212799,84.81692258133792,0.0
CDSN,0.4972990572452545,84.81155374208096,0.0
ANGPTL3,0.49719574153423307,84.80618490282401,0.0
JAK1,0.49719516932964325,84.80081606356705,0.0
POC1A,0.4971672624349594,84.79544722431011,0.0
HOXD13,0.4971160039305687,84.79007838505315,0.0
EOMES,0.4971118032932281,84.7847095457962,0.0
DEGS1,0.49710671603679657,84.77934070653924,0.0
ZFHX3,0.49699763059616087,84.7739718672823,0.0
TRMT10A,0.4969490975141525,84.76860302802534,0.0
BRAF,0.4969394698739052,84.7632341887684,0.0
DNAAF2,0.4965361952781677,84.75786534951143,0.0
MTDH,0.496269291639328,84.75249651025449,0.0
PLXNA2,0.49622176587581635,84.74712767099753,0.0
SEMA3F,0.4960559278726578,84.74175883174058,0.0
ZC4H2,0.4958665519952774,84.73638999248362,0.0
PDIA3,0.49584539532661437,84.73102115322668,0.0
SFXN4,0.4957496911287308,84.72565231396972,0.0
RFC1,0.4957442909479141,84.72028347471277,0.0
ALPL,0.49559106528759,84.71491463545581,0.0
GRB10,0.4955537259578705,84.70954579619885,0.0
CCDC114,0.4955245077610016,84.70417695694191,0.0
CWC27,0.49542719721794126,84.69880811768495,0.0
AKR1A1,0.4952819675207138,84.693439278428,0.0
UXS1,0.4952226191759109,84.68807043917104,0.0
L3MBTL2,0.49508647322654725,84.6827015999141,0.0
ARHGAP33,0.4949255228042603,84.67733276065714,0.0
IL1R2,0.4949017554521561,84.67196392140019,0.0
PAH,0.49476360976696016,84.66659508214323,0.0
WNK1,0.494704407453537,84.66122624288629,0.0
SDK1,0.4947043746709824,84.65585740362933,0.0
MUS81,0.4946543604135513,84.65048856437238,0.0
CES1,0.4946415513753891,84.64511972511542,0.0
MAN1B1,0.49459590315818786,84.63975088585848,0.0
STRAP,0.4945795893669128,84.63438204660152,0.0
EGLN3,0.4944641932845116,84.62901320734457,0.0
NELL1,0.4944148391485214,84.62364436808762,0.0
RAB3D,0.4943088084459305,84.61827552883067,0.0
CCDC39,0.4942477434873581,84.61290668957372,0.0
DCAF13,0.4942108362913132,84.60753785031676,0.0
AP1G1,0.49416778385639193,84.60216901105981,0.0
GYS1,0.4941493958234787,84.59680017180285,0.0
MTBP,0.4940683126449585,84.59143133254591,0.0
PDPK1,0.4940089374780655,84.58606249328895,0.0
COPS7A,0.49399961829185485,84.580693654032,0.0
DHX29,0.4938258543610573,84.57532481477504,0.0
ATAD3B,0.49374858736991883,84.5699559755181,0.0
EXOC1,0.4936328917741776,84.56458713626114,0.0
S100A6,0.4933922976255417,84.5592182970042,0.0
DNAJC19,0.49338854253292086,84.55384945774723,0.0
TUT1,0.49338620603084565,84.54848061849029,0.0
EIF4EBP3,0.4931400030851364,84.54311177923333,0.0
CDK11B,0.4930968463420868,84.53774293997638,0.0
MTRR,0.4929859846830368,84.53237410071942,0.0
FAM134B,0.49298028349876405,84.52700526146248,0.0
GUK1,0.4929683804512024,84.52163642220552,0.0
DPM1,0.4928168989575229,84.51626758294857,1.0
POU2F1,0.49280971586704253,84.51089874369161,0.0
FHOD3,0.49277647733688357,84.50552990443467,0.0
CUL9,0.4926312565803528,84.5001610651777,0.0
ARID3A,0.49250105321407317,84.49479222592076,0.0
MYOF,0.49249008297920227,84.4894233866638,0.0
PLXNA4,0.492385545372963,84.48405454740686,0.0
CASP8,0.4923327058553696,84.4786857081499,0.0
TAB1,0.492301344871521,84.47331686889295,0.0
CDH9,0.49228633642196656,84.46794802963599,0.0
RHBDD3,0.49226709008216857,84.46257919037905,0.0
VPS72,0.49215910136699675,84.45721035112209,0.0
EPM2A,0.49214713275432587,84.45184151186513,0.0
SETD2,0.49201542139053345,84.44647267260818,0.0
FABP5,0.4919106125831604,84.44110383335122,0.0
ZNF335,0.491895392537117,84.43573499409428,0.0
TONSL,0.49187866747379305,84.43036615483732,0.0
CDIPT,0.4917322486639023,84.42499731558037,0.0
MSH3,0.4916691482067108,84.41962847632341,0.0
TRIB1,0.49165087938308716,84.41425963706646,0.0
EXO1,0.4916402667760849,84.4088907978095,0.0
GALK2,0.49160615503787997,84.40352195855256,0.0
BRD1,0.4915717989206314,84.3981531192956,0.0
SYNGAP1,0.49153501689434054,84.39278428003865,0.0
TOP3A,0.49144132137298585,84.3874154407817,0.0
DDIT3,0.49142812490463256,84.38204660152475,0.0
SOX6,0.49140403866767884,84.37667776226779,0.0
BOD1,0.49135315120220185,84.37130892301084,0.0
FRMD6,0.4912858635187149,84.36594008375388,0.0
MCM5,0.49125073850154877,84.36057124449694,0.0
ALG6,0.4911401033401489,84.35520240523998,0.0
JAM2,0.49077068567276,84.34983356598303,0.0
KRT5,0.49068731963634493,84.34446472672609,0.0
FEM1C,0.4906529664993286,84.33909588746913,0.0
NCAM1,0.49064875245094297,84.33372704821218,0.0
FHL2,0.4905496954917908,84.32835820895522,0.0
FLOT2,0.49043660163879393,84.32298936969828,0.0
ZNF189,0.4899961858987808,84.31762053044132,0.0
DNAJC14,0.4897885173559189,84.31225169118437,0.0
MED24,0.4897285789251328,84.30688285192741,0.0
DSCAML1,0.4896675184369087,84.30151401267047,0.0
HTR2B,0.4894868850708008,84.2961451734135,0.0
RNF14,0.48944938778877256,84.29077633415656,0.0
EDA,0.4894452840089798,84.2854074948996,0.0
PITRM1,0.48886243999004364,84.28003865564266,0.0
ATP1A1,0.4887208640575409,84.2746698163857,0.0
CD2AP,0.4885943323373795,84.26930097712875,0.0
NEK5,0.4885348200798035,84.26393213787179,0.0
KCTD15,0.48852322101593015,84.25856329861485,0.0
KCNMA1,0.4884434849023819,84.25319445935789,0.0
AGBL2,0.4884249806404114,84.24782562010094,0.0
INPP5B,0.48838471472263334,84.24245678084398,0.0
TBC1D7,0.4883661329746246,84.23708794158703,0.0
PRDM10,0.48834401965141294,84.23171910233008,0.0
RHOA,0.4882554531097412,84.22635026307313,0.0
COPS8,0.4882496207952499,84.22098142381617,0.0
PRKD1,0.4882372796535492,84.21561258455922,0.0
CERCAM,0.48822673261165617,84.21024374530226,0.0
EXTL3,0.48812560439109803,84.20487490604532,0.0
SAMM50,0.4880460202693939,84.19950606678836,0.0
PAF1,0.4879651218652725,84.19413722753141,0.0
ATP5G2,0.48795984089374544,84.18876838827445,0.0
TACC3,0.4879414737224579,84.18339954901751,0.0
BAMBI,0.4879335671663284,84.17803070976055,0.0
CASP1,0.48779076933860777,84.17266187050359,0.0
BARD1,0.48778399229049685,84.16729303124664,0.0
VTI1A,0.48776633441448214,84.16192419198968,0.0
CCDC59,0.48770145177841184,84.15655535273274,0.0
SQRDL,0.48766702115535737,84.15118651347578,0.0
TMEM2,0.48765875995159147,84.14581767421883,0.0
THPO,0.4876428723335266,84.14044883496187,0.0
DNAJC21,0.48754400908946993,84.13507999570493,0.0
INTS9,0.4875211983919144,84.12971115644797,0.0
SPTSSB,0.4875018626451492,84.12434231719102,0.0
RFX1,0.48749675452709196,84.11897347793406,0.0
HNRNPK,0.48707799315452577,84.11360463867712,0.0
TPMT,0.4870683431625366,84.10823579942016,0.0
GPR108,0.4870663732290268,84.10286696016321,0.0
ALDH5A1,0.48706182837486267,84.09749812090625,0.0
SLC9A3R2,0.4870418578386307,84.0921292816493,0.0
RLN2,0.4867789387702942,84.08676044239235,0.0
SFI1,0.48676914274692534,84.0813916031354,0.0
PRPF6,0.4866159797653439,84.07602276387844,1.0
EPC2,0.4865237146615982,84.0706539246215,0.0
AQP3,0.4864782005548477,84.06528508536455,0.0
RAB6A,0.4864660620689392,84.05991624610759,0.0
CDC42,0.4863636612892151,84.05454740685065,0.0
FGF3,0.48613197207450864,84.04917856759369,0.0
MARK3,0.4861278921365738,84.04380972833674,0.0
FOXK2,0.48610408008098605,84.03844088907978,0.0
ABHD5,0.48597647845745084,84.03307204982283,0.0
CLUH,0.48579860627651217,84.02770321056587,0.0
PLEKHA7,0.4857609987258911,84.02233437130893,0.0
IKZF5,0.48549131751060487,84.01696553205197,0.0
IL17RD,0.48508641719818113,84.01159669279502,0.0
EPB41L4B,0.48491092324256896,84.00622785353806,0.0
IKBIP,0.48488366305828096,84.00085901428112,0.0
TOM1L2,0.48478471040725707,83.99549017502416,0.0
BLOC1S5,0.4847594439983368,83.99012133576721,0.0
UBR4,0.48452559411525725,83.98475249651025,0.0
SDHAF2,0.4844825663673344,83.97938365725331,1.0
POU2F3,0.4844753175973892,83.97401481799635,0.0
SECISBP2,0.48443796038627623,83.9686459787394,0.0
KRT1,0.483986634016037,83.96327713948244,0.0
HSPA5,0.48391490876674653,83.9579083002255,0.0
PTH1R,0.48388542532920836,83.95253946096854,0.0
HBA1,0.4838408291339874,83.94717062171159,0.0
DEPDC1,0.4837573289871216,83.94180178245463,0.0
TXNIP,0.48369432985782623,83.93643294319769,0.0
UGGT1,0.4835326820611954,83.93106410394073,0.0
CIDEA,0.4835254117846489,83.92569526468378,0.0
RAB3A,0.4834474891424179,83.92032642542682,0.0
SLU7,0.48336476981639864,83.91495758616986,0.0
NXN,0.4832954272627831,83.90958874691292,0.0
NDRG2,0.4832910716533661,83.90421990765596,0.0
FOXN1,0.4831402063369751,83.89885106839901,0.0
MSX2,0.4830837070941925,83.89348222914205,0.0
NFIL3,0.48290384113788604,83.8881133898851,0.0
KDM1B,0.4827942788600922,83.88274455062815,0.0
CYP4F12,0.4827802389860153,83.8773757113712,0.0
NRP2,0.4827629864215851,83.87200687211424,0.0
B2M,0.4825716823339462,83.8666380328573,0.0
AKAP13,0.4825285285711288,83.86126919360034,0.0
GZMB,0.48244698643684386,83.85590035434339,0.0
RELA,0.48241339921951293,83.85053151508643,0.0
NTHL1,0.4824081987142563,83.84516267582949,0.0
ITPR1,0.48226571679115293,83.83979383657253,0.0
TNFRSF10A,0.4822497546672821,83.83442499731558,0.0
GNB5,0.48194318606897635,83.82905615805862,1.0
PILRA,0.48189605176448824,83.82368731880167,0.0
NTN4,0.48180054426193236,83.81831847954471,0.0
DHX32,0.48153790831565857,83.81294964028777,0.0
GJA5,0.4812264770269394,83.80758080103081,0.0
NABP2,0.4812106788158417,83.80221196177386,0.0
EXOSC2,0.48110292553901673,83.7968431225169,0.0
TRAK1,0.4810838758945465,83.79147428325996,0.0
DOCK7,0.48105327785015106,83.78610544400301,0.0
SMC6,0.48100956082344054,83.78073660474605,0.0
RILPL1,0.4809835970401764,83.77536776548911,0.0
SPTLC1,0.4809168726205826,83.76999892623215,0.0
SGIP1,0.48083450794219973,83.7646300869752,0.0
HERC2,0.48069689571857455,83.75926124771824,0.0
SAMHD1,0.4805357575416565,83.7538924084613,0.0
WRAP53,0.48051621615886686,83.74852356920434,0.0
REC8,0.4803467333316803,83.74315472994739,0.0
IRF7,0.48023403286933897,83.73778589069043,0.0
ADAMTS7,0.47999964356422425,83.73241705143349,0.0
RNASEH2B,0.47997774481773375,83.72704821217653,0.0
FOLR1,0.4795905530452728,83.72167937291958,0.0
TNXB,0.4795839250087738,83.71631053366262,0.0
MAP2K2,0.47957352101802825,83.71094169440568,0.0
CITED4,0.4793713569641113,83.70557285514872,0.0
MYH14,0.47936796844005586,83.70020401589177,0.0
PHKG2,0.47930100858211516,83.69483517663481,0.0
GOT1,0.4792719751596451,83.68946633737787,0.0
MTX1,0.4792360424995422,83.6840974981209,0.0
GLB1,0.4791852682828903,83.67872865886396,0.0
POMGNT2,0.479056247318064,83.673359819607,1.0
ITGAV,0.47896532714366913,83.66799098035005,0.0
KRT16,0.4787189573049545,83.6626221410931,0.0
MYCN,0.47861758172512053,83.65725330183615,0.0
TCP11L1,0.47859679758548734,83.65188446257919,0.0
HSPB6,0.47839339077472687,83.64651562332224,0.0
NOC2L,0.4783134251832962,83.64114678406528,0.0
CRYM,0.47827336490154265,83.63577794480832,0.0
TP63,0.4781865566968918,83.63040910555138,0.0
GDF2,0.4781466156244278,83.62504026629442,0.0
BAIAP2L2,0.4781015694141388,83.61967142703747,0.0
SLC5A6,0.47808502018451693,83.61430258778051,0.0
ADK,0.47797050774097444,83.60893374852357,0.0
NFAT5,0.4779504328966141,83.60356490926661,0.0
RAPGEF2,0.47790673077106477,83.59819607000966,0.0
GSTA1,0.47784802317619324,83.5928272307527,0.0
ATP5G1,0.47769821584224703,83.58745839149576,0.0
ANKFY1,0.47767161428928373,83.5820895522388,0.0
C5,0.4776622235774994,83.57672071298185,0.0
CAMSAP3,0.4776599407196045,83.5713518737249,0.0
ZSCAN2,0.4776431888341904,83.56598303446795,0.0
TMEM108,0.47756939828395845,83.56061419521099,0.0
RNASEH1,0.4775007426738739,83.55524535595404,0.0
LDHB,0.4774899184703827,83.54987651669708,0.0
CST3,0.47747242748737334,83.54450767744014,0.0
CENPF,0.4774691124443009,83.53913883818318,1.0
TAF1B,0.47746755480766295,83.53376999892623,0.0
PCID2,0.47734350264072417,83.52840115966927,0.0
CELSR3,0.4772130012512207,83.52303232041233,0.0
NAT2,0.4771780133247375,83.51766348115538,0.0
GHR,0.476985839009285,83.51229464189842,0.0
MAP3K13,0.47686446607112887,83.50692580264148,0.0
GPC4,0.4768512487411499,83.50155696338452,0.0
SNF8,0.4767761051654816,83.49618812412757,0.0
LAMP2,0.4767353147268295,83.49081928487061,0.0
CRYL1,0.4767290234565735,83.48545044561367,0.0
RABEP2,0.47667222023010253,83.4800816063567,0.0
BIN3,0.47663643062114713,83.47471276709976,0.0
MAP2K3,0.4765390008687973,83.4693439278428,0.0
STAT2,0.47651263475418093,83.46397508858585,0.0
HOMEZ,0.47644308507442473,83.4586062493289,0.0
GADD45B,0.4764034777879715,83.45323741007195,0.0
FAR1,0.47628828287124636,83.44786857081499,0.0
NCALD,0.4762804746627808,83.44249973155804,0.0
RYR1,0.4762546896934509,83.43713089230108,0.0
COL12A1,0.47624742686748506,83.43176205304414,0.0
ANAPC2,0.4761628061532974,83.42639321378718,0.0
HNF1A,0.4761589914560318,83.42102437453023,0.0
ADAMTS10,0.47615390121936796,83.41565553527327,0.0
LPAR1,0.47610664665699004,83.41028669601633,0.0
TNFRSF1B,0.47610425651073457,83.40491785675937,0.0
CHRD,0.47604453563690186,83.39954901750242,0.0
PLD3,0.47602428793907164,83.39418017824546,0.0
NUP155,0.4758004561066628,83.38881133898852,0.0
POFUT1,0.4757569283246994,83.38344249973156,0.0
MTMR3,0.47574305534362793,83.3780736604746,0.0
RAB14,0.4755537211894989,83.37270482121765,0.0
RAD23B,0.4755495637655258,83.3673359819607,0.0
MAN2A2,0.4754642128944397,83.36196714270375,0.0
L1CAM,0.4754317820072174,83.35659830344679,0.0
NRXN1,0.47542805075645445,83.35122946418984,0.0
MYL12B,0.47542383670806887,83.34586062493288,0.0
MRPL12,0.4753937482833862,83.34049178567594,0.0
NRIP1,0.4751997321844101,83.33512294641898,0.0
PLA2G4B,0.4751990646123886,83.32975410716203,0.0
MDC1,0.4750839173793793,83.32438526790507,0.0
TNFRSF4,0.4750602126121521,83.31901642864813,0.0
VAPA,0.47493757009506227,83.31364758939117,0.0
UPF3A,0.47492080330848696,83.30827875013422,0.0
NCS1,0.474874547123909,83.30290991087726,0.0
CSF3R,0.47485012710094454,83.29754107162032,0.0
OGT,0.4748163342475891,83.29217223236336,0.0
NCOR2,0.47476328909397125,83.28680339310641,0.0
ACTR8,0.4746989279985428,83.28143455384945,0.0
HAUS2,0.4746816039085388,83.2760657145925,0.0
THBS4,0.4746608823537827,83.27069687533555,0.0
CHST11,0.47458186745643616,83.2653280360786,0.0
CLCN7,0.47456186413764956,83.25995919682164,0.0
ATXN2L,0.47448464632034304,83.2545903575647,0.0
PCK2,0.47442937195301055,83.24922151830773,0.0
GRTP1,0.47440886199474336,83.24385267905079,0.0
ENAM,0.4742811590433121,83.23848383979384,0.0
OLFM3,0.4742234945297241,83.23311500053688,0.0
YY2,0.47421581447124483,83.22774616127994,0.0
CHCHD4,0.4742134690284729,83.22237732202298,0.0
RSPO1,0.47419567704200744,83.21700848276603,0.0
S100A8,0.47412505745887756,83.21163964350907,0.0
TSG101,0.4740705370903015,83.20627080425213,0.0
DDX23,0.47405844628810884,83.20090196499517,0.0
GORAB,0.4739595353603363,83.19553312573822,0.0
ARG1,0.47390325665473937,83.19016428648126,0.0
AGTR2,0.47388134002685545,83.18479544722432,0.0
WDR91,0.4737139970064163,83.17942660796736,0.0
F2RL1,0.4736951470375061,83.17405776871041,0.0
ESYT2,0.4735723674297333,83.16868892945345,0.0
SORBS1,0.47357089519500734,83.1633200901965,0.0
NUPR1,0.473505488038063,83.15795125093955,0.0
IDH3G,0.4734685033559799,83.1525824116826,0.0
NBEA,0.4734061032533646,83.14721357242564,0.0
REG1B,0.4732114613056183,83.1418447331687,0.0
PIP5K1A,0.4731378316879272,83.13647589391174,0.0
CDH10,0.4730474382638931,83.13110705465479,0.0
PDK4,0.47295437306165694,83.12573821539783,0.0
MGMT,0.472920224070549,83.12036937614089,0.0
PCDH18,0.4727021723985672,83.11500053688393,0.0
ADH5,0.47267392575740813,83.10963169762698,0.0
DCT,0.47265467047691345,83.10426285837002,0.0
NME1,0.4725353538990021,83.09889401911306,0.0
GAS2L2,0.47252587378025057,83.09352517985612,0.0
PTPRM,0.4725000441074371,83.08815634059916,0.0
RRM2B,0.47239774892079656,83.08278750134221,1.0
TUBB3,0.47231929302215575,83.07741866208525,0.0
ACVR2B,0.4723088413476944,83.0720498228283,0.0
FASTKD5,0.47223386764526365,83.06668098357135,0.0
F13B,0.4722100138664246,83.0613121443144,0.0
APOC1,0.4721451967954636,83.05594330505744,0.0
PDCD11,0.4719161868095398,83.0505744658005,0.0
GTF3C5,0.4718860536813736,83.04520562654353,0.0
SNX33,0.4717918038368225,83.03983678728659,0.0
SMARCD3,0.47162131667137147,83.03446794802963,0.0
ACY1,0.47162073850631714,83.02909910877268,0.0
SCN8A,0.47161071598529813,83.02373026951572,0.0
YWHAE,0.4713295936584473,83.01836143025878,0.0
GOSR2,0.4712817996740341,83.01299259100182,0.0
GJB1,0.47118209302425385,83.00762375174487,0.0
ARMC2,0.4710776776075363,83.00225491248791,0.0
GTF3C1,0.4710772693157196,82.99688607323097,0.0
WT1,0.4710473358631134,82.99151723397401,0.0
DIDO1,0.4708856850862503,82.98614839471706,0.0
ATP6V0D1,0.4708747208118439,82.9807795554601,0.0
CHIC2,0.47079977989196775,82.97541071620316,0.0
IMPAD1,0.470768004655838,82.9700418769462,0.0
GLIS3,0.4706903129816055,82.96467303768925,0.0
CACNB1,0.47066269218921664,82.9593041984323,0.0
HK1,0.47064043283462526,82.95393535917535,0.0
PRPF40A,0.47051915228366853,82.9485665199184,0.0
CROT,0.4704943373799324,82.94319768066144,0.0
DHX9,0.47032279074192046,82.9378288414045,0.0
LYPD6,0.4703133046627045,82.93246000214754,0.0
NCAPD3,0.47025464475154877,82.92709116289059,0.0
ZBTB20,0.47024551331996917,82.92172232363363,0.0
KIAA0141,0.4701797366142273,82.91635348437669,0.0
BCAT2,0.46999496817588804,82.91098464511973,0.0
GSTM1,0.469945827126503,82.90561580586278,0.0
ADH1B,0.46990816593170165,82.90024696660582,0.0
WBP4,0.4698979645967484,82.89487812734887,0.0
SCN11A,0.46989727318286895,82.88950928809192,0.0
MTO1,0.4698597609996796,82.88414044883497,0.0
PAICS,0.4698160171508789,82.87877160957801,0.0
MTMR2,0.4698058068752289,82.87340277032106,0.0
STAM,0.4697361409664154,82.8680339310641,0.0
VIM,0.469608810544014,82.86266509180716,0.0
NUP214,0.4696082532405853,82.8572962525502,0.0
USP42,0.46956962049007417,82.85192741329325,0.0
NFKBIA,0.46946637630462645,82.8465585740363,0.0
SLC25A5,0.4694492995738983,82.84118973477933,0.0
CEBPG,0.46913258731365204,82.83582089552239,0.0
RASGRP3,0.4690565288066864,82.83045205626543,0.0
KLC2,0.4690103381872177,82.82508321700848,0.0
MARC2,0.4689230412244797,82.81971437775152,0.0
TMSB4X,0.46889820992946624,82.81434553849458,0.0
APLP2,0.4688922196626663,82.80897669923762,0.0
UQCC1,0.4688831984996796,82.80360785998067,0.0
NFIC,0.46887427270412446,82.79823902072371,0.0
COL3A1,0.46880135834217074,82.79287018146677,0.0
FBXO2,0.4687328040599823,82.78750134220981,0.0
HIBADH,0.4686588644981384,82.78213250295286,0.0
NEUROG2,0.46863525211811063,82.7767636636959,0.0
CR2,0.46861385107040404,82.77139482443896,0.0
NRXN2,0.4686042845249176,82.766025985182,0.0
DCTPP1,0.46854144632816314,82.76065714592505,0.0
NSD1,0.4685299932956696,82.75528830666809,0.0
AMPD1,0.46833017766475676,82.74991946741115,0.0
KCNIP2,0.46824913620948794,82.74455062815419,0.0
CSTB,0.4680224910378456,82.73918178889724,0.0
TUBGCP6,0.46796314226406993,82.73381294964028,1.0
SNAP25,0.46793152391910553,82.72844411038334,0.0
B4GALT1,0.4679252654314041,82.72307527112638,0.0
RB1CC1,0.467898228764534,82.71770643186943,0.0
LIN7A,0.46785137355327605,82.71233759261247,0.0
BRCA1,0.4677920967340469,82.70696875335553,0.0
PLOD2,0.46773461401462557,82.70159991409857,0.0
BNIP2,0.4675776124000549,82.69623107484162,0.0
RPS27L,0.4675755828619003,82.69086223558466,0.0
PPEF1,0.46752182841300965,82.68549339632771,0.0
IRX6,0.4675167590379715,82.68012455707077,0.0
TNKS,0.4674985587596893,82.67475571781381,0.0
KREMEN1,0.46749293655157087,82.66938687855686,0.0
ATG9B,0.46748621910810473,82.6640180392999,0.0
HARS2,0.46739608943462374,82.65864920004296,0.0
TXN2,0.4673786631493426,82.653280360786,1.0
PALB2,0.4673068165779114,82.64791152152905,0.0
GTF2E2,0.4672978013753891,82.6425426822721,0.0
APEX1,0.46728600561618805,82.63717384301515,0.0
MAP3K1,0.46715208888053894,82.63180500375819,0.0
ATP6V1C1,0.46710907220840453,82.62643616450124,0.0
GLRX2,0.46710771024227143,82.62106732524428,0.0
CHUK,0.4670196235179901,82.61569848598734,0.0
CCBE1,0.4669825524091721,82.61032964673038,0.0
BAHD1,0.4669123202562332,82.60496080747343,0.0
CAPN1,0.4666371583938599,82.59959196821647,0.0
TMEM55A,0.46642673909664156,82.59422312895953,0.0
DSCC1,0.4664082705974579,82.58885428970257,0.0
CDC16,0.4663296312093735,82.58348545044562,0.0
PROC,0.46620884239673616,82.57811661118866,0.0
TEAD1,0.4661798154878797,82.57274777193172,1.0
TRPC6,0.46612526178359986,82.56737893267476,0.0
SSTR2,0.46604758501052856,82.5620100934178,0.0
AIF1,0.46602059006690977,82.55664125416085,0.0
SIX2,0.46601114571094515,82.55127241490389,0.0
TFDP1,0.46600350439548494,82.54590357564695,0.0
GRB14,0.46591824293136597,82.54053473638999,0.0
ME3,0.46586639285087583,82.53516589713304,0.0
ZGPAT,0.46585225462913515,82.52979705787608,0.0
PCBD1,0.4657819479703903,82.52442821861914,0.0
GGA2,0.4657763481140137,82.51905937936218,0.0
CORO1C,0.46557469069957735,82.51369054010523,0.0
DNA2,0.4655690461397171,82.50832170084827,0.0
ZNF22,0.4653728187084198,82.50295286159133,0.0
GABRA6,0.46528146266937254,82.49758402233437,0.0
TFE3,0.46510793566703795,82.49221518307742,0.0
MX2,0.4649930566549301,82.48684634382046,0.0
GTSE1,0.46492018550634384,82.48147750456351,0.0
CHRM2,0.46481139659881593,82.47610866530655,0.0
ITPK1,0.4647375255823135,82.47073982604961,0.0
DNAJA2,0.4646763026714325,82.46537098679265,0.0
GABRR1,0.46465396881103516,82.4600021475357,0.0
RER1,0.46463797986507416,82.45463330827874,0.0
KIF1A,0.46452028304338455,82.4492644690218,0.0
XRCC2,0.4644951432943344,82.44389562976484,0.0
CYB561,0.46416773498058317,82.4385267905079,0.0
SERINC1,0.46414472460746764,82.43315795125093,0.0
SGPL1,0.4641283988952637,82.42778911199399,0.0
NOD2,0.46411881148815154,82.42242027273703,0.0
HGD,0.46409536004066465,82.41705143348008,0.0
RAB7A,0.46408752501010897,82.41168259422312,0.0
STK4,0.4640807956457138,82.40631375496618,0.0
UNC13D,0.4640119135379791,82.40094491570923,0.0
CNBP,0.4640044093132019,82.39557607645227,0.0
NGDN,0.4639021247625351,82.39020723719533,0.0
HIRA,0.4638783931732178,82.38483839793837,0.0
RLN1,0.4638166159391403,82.37946955868142,0.0
GUCY1A3,0.4636955797672272,82.37410071942446,0.0
PLEKHH2,0.463590207695961,82.36873188016752,0.0
MLST8,0.46350309550762175,82.36336304091056,0.0
VPS53,0.46346504986286163,82.35799420165361,0.0
HPX,0.4634275510907173,82.35262536239665,0.0
GOPC,0.46339655220508574,82.3472565231397,0.0
LEFTY2,0.463353630900383,82.34188768388275,0.0
ALDH18A1,0.4633432239294052,82.3365188446258,0.0
PRMT5,0.46313025057315826,82.33115000536884,0.0
ATAD1,0.4630848437547684,82.3257811661119,0.0
CHPF,0.4630712687969208,82.32041232685494,0.0
CNOT1,0.46302672028541564,82.31504348759799,0.0
SMYD3,0.46282022148370744,82.30967464834103,0.0
LIPC,0.46272056400775907,82.30430580908407,0.0
FKTN,0.4626404752914053,82.29893696982712,1.0
USP13,0.46260916590690615,82.29356813057016,0.0
CYP20A1,0.46257521510124205,82.28819929131322,0.0
DCBLD2,0.46257425248622897,82.28283045205626,0.0
DEPDC5,0.46247734427452086,82.27746161279931,0.0
OVOL2,0.4624431818723679,82.27209277354235,0.0
AGTR1,0.4624347150325775,82.26672393428541,0.0
CCT5,0.4622609466314316,82.26135509502845,0.0
NEDD4,0.4622494220733643,82.2559862557715,0.0
LTV1,0.46220233142375944,82.25061741651454,0.0
PLXNA1,0.46213632822036743,82.2452485772576,0.0
TP53INP1,0.4621333986520767,82.23987973800064,0.0
SOX8,0.46206369400024416,82.2345108987437,0.0
JAM3,0.46205430030822753,82.22914205948673,0.0
RABGAP1,0.4618623584508896,82.22377322022979,0.0
AKR7A2,0.4617981493473053,82.21840438097283,0.0
PGBD5,0.46170860528945923,82.21303554171588,0.0
INPP5K,0.46161608397960663,82.20766670245892,0.0
SIRT2,0.46149838268756865,82.20229786320198,0.0
BMF,0.4614261150360107,82.19692902394502,0.0
DDO,0.4612967550754547,82.19156018468807,0.0
PIP5K1C,0.46122040748596194,82.18619134543111,0.0
ATP5J,0.46120710372924806,82.18082250617417,0.0
KCND2,0.4611449003219604,82.1754536669172,0.0
NUP62,0.461138853430748,82.17008482766026,0.0
ASPN,0.46112915575504304,82.1647159884033,0.0
CPNE1,0.46110041439533234,82.15934714914636,0.0
GCM2,0.46102856993675234,82.1539783098894,0.0
PCMTD2,0.4610080927610397,82.14860947063245,0.0
SC5D,0.4609921842813492,82.14324063137549,0.0
CIT,0.46098154187202456,82.13787179211855,0.0
CSRP3,0.4608752980828285,82.1325029528616,0.0
KIF5B,0.46082347333431245,82.12713411360464,0.0
TTLL12,0.4606552392244339,82.1217652743477,0.0
UNC79,0.46058928072452543,82.11639643509073,0.0
SNAI1,0.46057680547237395,82.11102759583379,0.0
PER1,0.46055795848369596,82.10565875657683,0.0
RAC1,0.46049160957336427,82.10028991731988,0.0
DAW1,0.4604605078697205,82.09492107806292,0.0
RWDD3,0.46041606068611146,82.08955223880598,0.0
NUFIP1,0.46037006974220274,82.08418339954902,0.0
C2CD5,0.4603474885225296,82.07881456029207,0.0
TLL1,0.46021251380443573,82.07344572103511,0.0
RTKN,0.46014460921287537,82.06807688177817,0.0
EIF3C,0.460123673081398,82.06270804252121,0.0
CRELD2,0.4601011574268341,82.05733920326426,0.0
PARP2,0.45996167957782746,82.0519703640073,0.0
DHTKD1,0.45994152426719664,82.04660152475036,0.0
NR1H4,0.45975278615951537,82.0412326854934,0.0
CENPE,0.4594864517450333,82.03586384623645,0.0
ANO1,0.4594805419445038,82.03049500697949,0.0
TMEM79,0.4594484865665436,82.02512616772253,0.0
MAP4,0.4593546658754349,82.01975732846559,0.0
WRB,0.459319531917572,82.01438848920863,0.0
JAK2,0.4593190312385559,82.00901964995168,0.0
ZNF3,0.4592166095972061,82.00365081069472,0.0
USP10,0.4592071771621704,81.99828197143776,0.0
GALC,0.45918008685112,81.99291313218082,0.0
HAUS7,0.45913307666778563,81.98754429292387,0.0
CYP1A1,0.45907056927680967,81.98217545366691,0.0
ANG,0.45904389917850497,81.97680661440997,0.0
SIL1,0.4590223222970963,81.971437775153,0.0
STXBP3,0.45900382101535797,81.96606893589606,0.0
ARID4B,0.4589694947004318,81.9607000966391,0.0
FOXO1,0.45884910225868225,81.95533125738216,0.0
NDUFA4L2,0.45883133411407473,81.9499624181252,0.0
C20orf194,0.4587797075510025,81.94459357886825,0.0
ATG3,0.4585484892129898,81.93922473961129,0.0
PIK3CG,0.4583375781774521,81.93385590035435,0.0
RNF144B,0.45832122266292574,81.92848706109739,0.0
STK38,0.4583204656839371,81.92311822184044,0.0
SHOX2,0.45824233293533323,81.91774938258348,0.0
NPTX2,0.458210164308548,81.91238054332653,0.0
SMURF1,0.4580677509307861,81.90701170406957,0.0
TOPBP1,0.45777358412742614,81.90164286481263,0.0
PAWR,0.4577152281999588,81.89627402555567,0.0
LMBR1L,0.4576458901166916,81.89090518629872,0.0
CREB3L2,0.4575182944536209,81.88553634704176,0.0
ATG9A,0.45750950574874877,81.88016750778482,0.0
CGNL1,0.4575077325105667,81.87479866852786,0.0
AURKA,0.45744493305683137,81.86942982927091,0.0
CD320,0.45744275152683256,81.86406099001395,0.0
GTF2H3,0.45735799670219424,81.85869215075701,0.0
GBA,0.4570408284664154,81.85332331150006,0.0
MX1,0.45694492757320404,81.8479544722431,0.0
CAPN5,0.4569371374954289,81.84258563298616,1.0
ARNTL2,0.4569307938218117,81.8372167937292,0.0
CAST,0.4568623065948486,81.83184795447225,0.0
PPIF,0.45685707926750185,81.82647911521529,0.0
LARP7,0.4566520094871521,81.82111027595835,0.0
CHMP5,0.4563828259706497,81.81574143670139,0.0
HYOU1,0.45629648566246034,81.81037259744444,0.0
ARHGAP21,0.45621775686740873,81.80500375818748,0.0
ARID2,0.45615901947021487,81.79963491893054,0.0
CEP350,0.4561397582292557,81.79426607967358,0.0
LIMS2,0.45613778233528135,81.78889724041663,0.0
PGF,0.45604325234889986,81.78352840115967,0.0
SLC25A12,0.4558965742588043,81.77815956190273,0.0
LMBRD1,0.45589464008808134,81.77279072264577,0.0
KRT19,0.45582954585552216,81.7674218833888,0.0
RPN2,0.45582176446914674,81.76205304413186,0.0
IL17RA,0.455804118514061,81.7566842048749,0.0
AIP,0.4557871162891388,81.75131536561796,0.0
HSPA9,0.4557711869478226,81.745946526361,0.0
XCL2,0.455700096487999,81.74057768710405,0.0
PTDSS1,0.45569669604301455,81.73520884784709,0.0
PNISR,0.45567486584186556,81.72984000859014,0.0
TAX1BP1,0.45557167530059817,81.72447116933319,0.0
NDE1,0.4555258721113205,81.71910233007623,0.0
CNN2,0.4554208338260651,81.71373349081928,0.0
PDCD4,0.4553813010454178,81.70836465156233,0.0
CCNG1,0.45531744956970216,81.70299581230537,0.0
PRDM1,0.455261692404747,81.69762697304843,0.0
CYLD,0.45525293946266177,81.69225813379147,0.0
EHHADH,0.45517154037952423,81.68688929453452,0.0
ATAD3A,0.45497021079063416,81.68152045527756,0.0
WNT4,0.45482402443885805,81.67615161602062,0.0
STAT4,0.45476306676864625,81.67078277676366,0.0
PGS1,0.45471339523792265,81.66541393750671,0.0
YLPM1,0.4546872079372406,81.66004509824975,0.0
HPRT1,0.4545629441738129,81.65467625899281,0.0
HINT1,0.4545039772987366,81.64930741973585,0.0
BCAS2,0.454478508234024,81.6439385804789,0.0
ABCB10,0.4543474406003952,81.63856974122194,0.0
PTDSS2,0.4542670965194702,81.633200901965,0.0
UBC,0.4542634680867195,81.62783206270804,0.0
PWP1,0.45425099432468413,81.62246322345109,0.0
ETV1,0.45419083833694457,81.61709438419413,0.0
LIPA,0.45417775511741637,81.61172554493719,0.0
TAF1D,0.453953692317009,81.60635670568023,0.0
POFUT2,0.4538633465766907,81.60098786642328,0.0
ADORA3,0.4536891758441925,81.59561902716632,0.0
VPS33B,0.45356591045856476,81.59025018790938,0.0
MAGED1,0.4534414991736412,81.58488134865242,0.0
HACL1,0.4534288853406906,81.57951250939547,0.0
DSEL,0.4534142553806305,81.57414367013853,0.0
VPS52,0.4533727914094925,81.56877483088157,0.0
TNKS2,0.4533412426710129,81.56340599162462,0.0
NAE1,0.45332558155059816,81.55803715236766,0.0
PNPLA6,0.4532122729640258,81.55266831311071,1.0
ZNF318,0.45320174396038054,81.54729947385376,0.0
ZNF48,0.45317959785461426,81.54193063459681,0.0
ELL2,0.45308821797370913,81.53656179533985,0.0
SPAG5,0.4529897838830948,81.5311929560829,0.0
MYOZ2,0.4528785437345505,81.52582411682594,0.0
ADAMTSL1,0.4528119772672653,81.520455277569,0.0
DONSON,0.4528087317943573,81.51508643831204,0.0
RIPK3,0.45270350873470305,81.5097175990551,0.0
UQCR10,0.45269197821617124,81.50434875979813,0.0
GNG5,0.4525803655385971,81.49897992054119,0.0
TFPT,0.4524819940328598,81.49361108128423,0.0
PEX14,0.45247113517708654,81.48824224202727,1.0
SARNP,0.4523717612028122,81.48287340277032,0.0
MPST,0.4522401958703995,81.47750456351336,0.0
DPM2,0.4522054135799408,81.47213572425642,0.0
RNF111,0.45198166370391846,81.46676688499946,0.0
TBC1D1,0.4517644286155701,81.4613980457425,0.0
BAG6,0.4515002578496933,81.45602920648555,0.0
EDC3,0.4514963448047638,81.4506603672286,0.0
UBR2,0.4514572024345398,81.44529152797165,0.0
VOPP1,0.45142296254634856,81.4399226887147,0.0
MME,0.4512841820716858,81.43455384945774,0.0
SEMA4F,0.45116477012634276,81.4291850102008,0.0
NUAK1,0.45115954875946046,81.42381617094384,0.0
MYL2,0.4511197924613953,81.41844733168689,0.0
EIF2AK3,0.450970983505249,81.41307849242993,0.0
PPOX,0.45092340260744096,81.40770965317299,0.0
WDFY2,0.4509153425693512,81.40234081391603,0.0
PDGFC,0.45087976157665255,81.39697197465908,0.0
SNX5,0.450838640332222,81.39160313540212,0.0
LAMTOR5,0.45079863965511324,81.38623429614518,0.0
DIAPH1,0.45079719224818665,81.38086545688822,1.0
UTY,0.45068652331829073,81.37549661763127,0.0
MYL12A,0.4505465030670166,81.37012777837431,0.0
MKRN2,0.45051571130752566,81.36475893911737,0.0
NEFM,0.45048476159572604,81.3593900998604,0.0
ATP2C1,0.4504669398069382,81.35402126060346,0.0
UBR1,0.4504437655210495,81.3486524213465,0.0
BDNF,0.45033309757709505,81.34328358208955,0.0
MLH3,0.45025998950004575,81.3379147428326,0.0
ACSL3,0.4500679910182953,81.33254590357565,0.0
VPS54,0.4499593794345856,81.32717706431869,0.0
ARID1B,0.44993920922279357,81.32180822506174,0.0
CREBZF,0.4497020557522774,81.31643938580478,0.0
STX4,0.4496824353933334,81.31107054654784,0.0
TMEM216,0.4496166113989823,81.30570170729088,1.0
ZC3HAV1L,0.4496092885732651,81.30033286803393,0.0
KIF19,0.4495889335870743,81.29496402877699,0.0
NUP133,0.4495270401239395,81.28959518952003,0.0
KCNJ11,0.4494835676550865,81.28422635026308,1.0
PGM3,0.4494637757539749,81.27885751100612,0.0
STXBP2,0.4494531095027924,81.27348867174918,0.0
SCD5,0.4493564873933792,81.26811983249222,0.0
GTF2B,0.4493482232093811,81.26275099323527,0.0
KPTN,0.4493205815553665,81.25738215397831,0.0
DCN,0.4493061453104019,81.25201331472137,0.0
RHBDL3,0.4492321521043777,81.24664447546441,0.0
RFXANK,0.44921880662441255,81.24127563620746,0.0
C1orf112,0.44921756386756895,81.2359067969505,0.0
SERPINA1,0.4490817978978157,81.23053795769354,0.0
UQCC2,0.4490541249513626,81.2251691184366,0.0
PDCD1,0.4489769399166107,81.21980027917964,0.0
POLK,0.44893473386764526,81.21443143992269,0.0
SENP6,0.4488907426595688,81.20906260066573,0.0
RASSF9,0.44885372519493105,81.20369376140879,0.0
H6PD,0.4488420277833939,81.19832492215183,0.0
HBEGF,0.4488110303878784,81.19295608289488,0.0
CHRM3,0.44880819618701934,81.18758724363792,0.0
FCN1,0.44869268238544463,81.18221840438096,0.0
GNS,0.4486291915178299,81.17684956512402,0.0
MPI,0.44860126078128815,81.17148072586706,0.0
FIG4,0.44859577119350436,81.16611188661011,0.0
PILRB,0.4484326750040054,81.16074304735317,0.0
CX3CR1,0.44817992448806765,81.1553742080962,0.0
DDX42,0.4480265945196152,81.15000536883926,0.0
MYL9,0.44798844754695893,81.1446365295823,0.0
ATN1,0.4479095578193665,81.13926769032535,0.0
TLR2,0.44786999225616453,81.1338988510684,0.0
USP4,0.4477709859609604,81.12853001181145,0.0
TGM3,0.44759162962436677,81.12316117255449,0.0
MIF,0.4475735753774643,81.11779233329754,0.0
ESRRB,0.4475457310676575,81.11242349404058,0.0
HPR,0.4475159585475922,81.10705465478364,0.0
L3MBTL1,0.44744030833244325,81.10168581552668,0.0
SRY,0.4473909348249435,81.09631697626973,0.0
ARHGAP1,0.44737315475940703,81.09094813701277,0.0
ATP6V0A1,0.44730704426765444,81.08557929775583,0.0
CDK5,0.44726956486701963,81.08021045849887,0.0
GRPEL1,0.44721744060516355,81.07484161924192,0.0
CSNK1G2,0.44716436564922335,81.06947277998496,0.0
SYNPO2,0.44696852266788484,81.06410394072802,0.0
NAV3,0.4468110650777817,81.05873510147106,0.0
LTBP4,0.4467922955751419,81.05336626221411,0.0
USP39,0.44673232436180116,81.04799742295715,0.0
STK3,0.4466791242361069,81.0426285837002,0.0
NDRG3,0.4466773122549057,81.03725974444325,0.0
GTF2H4,0.4466725319623947,81.0318909051863,0.0
COL19A1,0.44659656286239624,81.02652206592934,0.0
GEMIN4,0.4465648680925369,81.0211532266724,0.0
ANO3,0.4464818149805069,81.01578438741545,0.0
SEC23IP,0.446403905749321,81.01041554815849,0.0
ROMO1,0.44639985263347626,81.00504670890155,0.0
SCGB1A1,0.44634277522563937,80.99967786964459,0.0
TRIP10,0.4462789326906204,80.99430903038764,0.0
ZYX,0.44626363813877107,80.98894019113068,0.0
TSLP,0.4462520986795425,80.98357135187374,0.0
ERGIC3,0.4462196618318558,80.97820251261678,0.0
DERL1,0.4462135672569275,80.97283367335983,0.0
SETD6,0.44619242548942567,80.96746483410287,0.0
NINL,0.44616295397281647,80.96209599484592,0.0
FRZB,0.44612816870212557,80.95672715558896,0.0
PDK2,0.4461172968149185,80.951358316332,0.0
HCN2,0.44609318375587464,80.94598947707506,0.0
STOML2,0.44595696926116946,80.9406206378181,0.0
DARS,0.44590692818164823,80.93525179856115,0.0
TMEM132A,0.44587561786174773,80.9298829593042,0.0
FANCI,0.4458754569292068,80.92451412004723,0.0
MYCL,0.4458715796470642,80.91914528079029,0.0
SERP1,0.4457225948572159,80.91377644153333,0.0
DDX58,0.4457219421863556,80.90840760227638,0.0
MED12,0.4457086533308029,80.90303876301942,0.0
SLC25A6,0.4456719994544983,80.89766992376248,0.0
SMAD6,0.44561031758785247,80.89230108450552,0.0
CD3EAP,0.4455322563648224,80.88693224524857,0.0
ACTR1A,0.4454948306083679,80.88156340599163,0.0
SYF2,0.44541471302509306,80.87619456673467,0.0
PIK3C2A,0.44540838003158567,80.87082572747772,0.0
ERC2,0.44536283761262896,80.86545688822076,0.0
CEP76,0.44527035355567934,80.86008804896382,0.0
CDC45,0.44525623321533203,80.85471920970686,0.0
NUDCD3,0.4452559918165207,80.84935037044991,0.0
PRKACA,0.4452140420675278,80.84398153119295,0.0
SLC9A1,0.4451985478401184,80.838612691936,0.0
MKRN3,0.44500079154968264,80.83324385267905,0.0
ADCYAP1R1,0.4449813812971115,80.8278750134221,0.0
TIMM8A,0.4449469438757762,80.82250617416514,1.0
PNPT1,0.4448930710554123,80.8171373349082,0.0
MTMR12,0.44488716423511504,80.81176849565124,0.0
DGKQ,0.4447402387857437,80.80639965639429,0.0
YBX3,0.4446661680936813,80.80103081713733,0.0
INPPL1,0.4446500301361084,80.79566197788039,0.0
INSIG1,0.4445560187101364,80.79029313862343,0.0
EPHB4,0.4445389360189438,80.78492429936648,0.0
CECR2,0.44449618458747864,80.77955546010952,0.0
TRAIP,0.44447849988937377,80.77418662085257,0.0
SLC25A32,0.44443842470645906,80.76881778159562,0.0
CCDC50,0.44441625475883484,80.76344894233867,0.0
ST8SIA4,0.44441017508506775,80.75808010308171,0.0
B3GALT2,0.4443221926689148,80.75271126382476,0.0
WDFY3,0.4442342907190323,80.74734242456782,0.0
GALNT11,0.4440593808889389,80.74197358531086,0.0
GDF6,0.44404951645467516,80.73660474605391,1.0
PNKP,0.4439679324626923,80.73123590679695,0.0
WFDC1,0.443938335776329,80.72586706754001,0.0
ZNF609,0.44393602907657626,80.72049822828305,0.0
SPI1,0.4439353495836258,80.7151293890261,0.0
FOXO3,0.4439276084303856,80.70976054976914,0.0
TET2,0.4438039779663086,80.7043917105122,0.0
ATP2A2,0.443722665309906,80.69902287125524,0.0
MRPS18B,0.44370495080947875,80.69365403199828,0.0
SEMA3E,0.44365861183427935,80.68828519274133,1.0
OTUD7B,0.44361731708049773,80.68291635348437,0.0
EVC2,0.4435113936662674,80.67754751422743,0.0
NCAPD2,0.44344273805618284,80.67217867497047,0.0
MOCS1,0.4434406399726868,80.66680983571352,0.0
EMC3,0.4433954119682312,80.66144099645656,0.0
MKL2,0.44322675168514253,80.65607215719962,0.0
LACTB,0.44318877458572387,80.65070331794266,0.0
REEP6,0.4431799078981082,80.6453344786857,1.0
GPC1,0.4431721955537796,80.63996563942875,0.0
TBCD,0.4429180473089218,80.63459680017179,0.0
IL5RA,0.44287204295396804,80.62922796091485,0.0
SETDB1,0.44274927377700807,80.62385912165789,0.0
COLQ,0.44265792071819304,80.61849028240094,0.0
PSMB10,0.44265110194683077,80.61312144314398,0.0
POLE4,0.4425322234630585,80.60775260388704,0.0
PTCD1,0.4425294518470764,80.60238376463009,0.0
DDRGK1,0.44248243868350984,80.59701492537313,0.0
ZWILCH,0.44245304763317106,80.59164608611619,0.0
CHD8,0.4423895925283432,80.58627724685923,0.0
SLC25A3,0.4422510236501694,80.58090840760228,0.0
SMURF2,0.44222798347473147,80.57553956834532,0.0
DNAJC5G,0.4422117739915848,80.57017072908837,0.0
ANKRD26,0.44221061319112775,80.56480188983141,0.0
DEK,0.44193687587976455,80.55943305057447,0.0
MAL,0.4418865442276001,80.55406421131751,0.0
METTL14,0.4418734610080719,80.54869537206056,0.0
ATAD5,0.4417951613664627,80.5433265328036,0.0
HNRNPU,0.4417300045490265,80.53795769354666,0.0
TAGLN2,0.44169860482215884,80.5325888542897,0.0
NUDT5,0.44165092408657075,80.52722001503275,0.0
EHD3,0.4415585219860077,80.5218511757758,0.0
DPM3,0.4414099484682083,80.51648233651885,0.0
ENTPD1,0.4414079040288925,80.51111349726189,0.0
TGFBR1,0.44140044748783114,80.50574465800494,0.0
ZNF281,0.4413919061422348,80.50037581874798,0.0
MRPS25,0.4413615375757217,80.49500697949104,0.0
DAPK3,0.4413491725921631,80.48963814023408,0.0
RNPC3,0.4412907987833023,80.48426930097713,0.0
KDM4C,0.441224730014801,80.47890046172017,0.0
PTGIR,0.4411942660808563,80.47353162246323,0.0
RALGAPB,0.4410837098956108,80.46816278320628,0.0
EMG1,0.4410233348608017,80.46279394394932,0.0
CDC20,0.44044622480869294,80.45742510469238,0.0
MAPRE1,0.44033385813236237,80.45205626543542,0.0
P2RX7,0.4401180803775787,80.44668742617847,0.0
EXOSC8,0.4400994539260864,80.44131858692151,0.0
CEBPB,0.44002298414707186,80.43594974766457,0.0
PREP,0.4400090903043747,80.4305809084076,0.0
PPP1R10,0.4399774134159088,80.42521206915066,0.0
DPPA4,0.4399054735898972,80.4198432298937,0.0
TAF1C,0.43988879919052126,80.41447439063674,0.0
VDAC3,0.4398658871650696,80.4091055513798,0.0
SDC2,0.43971843719482423,80.40373671212284,0.0
RAD51C,0.4396634101867676,80.39836787286589,0.0
DRD2,0.4396627560257912,80.39299903360893,0.0
ARSD,0.4395533412694931,80.38763019435197,0.0
NME3,0.439407604932785,80.38226135509503,0.0
EBF2,0.4393641844391823,80.37689251583807,0.0
ARL8B,0.43933297097682955,80.37152367658112,0.0
TMCO1,0.4393174469470978,80.36615483732416,0.0
DGCR8,0.4392416512552839,80.36078599806721,1.0
LRRC2,0.43923629224300387,80.35541715881025,0.0
PHLDB2,0.4392268121242523,80.35004831955331,0.0
NARS2,0.43912691473960874,80.34467948029635,0.0
MCM6,0.4390631213784218,80.3393106410394,0.0
RABGGTB,0.4389626532793045,80.33394180178244,0.0
MRPL3,0.43894443809986117,80.3285729625255,0.0
REEP2,0.4389121413230896,80.32320412326855,0.0
TP53BP1,0.43890608549118043,80.3178352840116,0.0
DGAT1,0.43888722360134125,80.31246644475465,0.0
CDKL5,0.4388683050870895,80.30709760549769,0.0
FICD,0.4387958437204361,80.30172876624074,0.0
CITED1,0.43879044353961943,80.29635992698378,0.0
OCRL,0.4387799084186554,80.29099108772684,0.0
DRAM2,0.4385317773540358,80.28562224846988,1.0
CHRNE,0.43849360644817353,80.28025340921293,0.0
PRRX2,0.43847542703151704,80.27488456995597,0.0
HADH,0.4384451240301132,80.26951573069903,0.0
CC2D1B,0.4384120970964432,80.26414689144207,0.0
DLG2,0.43840196579694746,80.25877805218512,0.0
CCDC174,0.43838379383087156,80.25340921292816,0.0
TTC21A,0.4382654786109924,80.24804037367122,0.0
UBE2G1,0.4382375031709671,80.24267153441426,0.0
ARHGAP25,0.4382182002067566,80.23730269515731,0.0
WIF1,0.43810100853443146,80.23193385590035,0.0
MLKL,0.43797563314437865,80.2265650166434,0.0
AFF4,0.4379301130771637,80.22119617738645,0.0
AMER1,0.4379035085439682,80.2158273381295,0.0
CIAPIN1,0.43789697289466856,80.21045849887254,0.0
CBFA2T2,0.43783023953437805,80.2050896596156,0.0
TCF12,0.43782138377428054,80.19972082035864,0.0
CHST15,0.43771231472492217,80.19435198110169,0.0
COX5B,0.4376362055540085,80.18898314184474,0.0
USHBP1,0.4375964105129242,80.18361430258778,0.0
DNAJC8,0.4375580191612244,80.17824546333084,0.0
FOXP3,0.4370555192232132,80.17287662407388,0.0
MYO19,0.43703700602054596,80.16750778481693,0.0
BTC,0.4369656205177307,80.16213894555997,0.0
DHCR24,0.43690731525421145,80.15677010630301,0.0
NKX2-6,0.436881959438324,80.15140126704607,0.0
C8orf76,0.43687581419944765,80.14603242778911,0.0
VCL,0.43686609864234927,80.14066358853216,0.0
PAK2,0.4367731124162674,80.1352947492752,0.0
DAXX,0.43669153451919557,80.12992591001826,0.0
TERF2IP,0.4366139128804207,80.1245570707613,0.0
FAIM2,0.4365018308162689,80.11918823150435,0.0
PYGB,0.43644399046897886,80.1138193922474,0.0
NLRC5,0.4364106297492981,80.10845055299043,0.0
CTBP2,0.43640478551387785,80.10308171373349,0.0
XIRP2,0.4363603740930557,80.09771287447653,0.0
KRT18,0.4363339453935623,80.09234403521958,0.0
GIGYF2,0.43625155091285706,80.08697519596262,0.0
KPNA2,0.4362404584884644,80.08160635670568,0.0
TPT1,0.4361635595560074,80.07623751744872,0.0
NAP1L4,0.43612824380397797,80.07086867819177,0.0
ALG11,0.43610766530036926,80.06549983893481,0.0
NUMBL,0.4360165983438492,80.06013099967787,0.0
MPZL1,0.43600021451711657,80.05476216042092,0.0
TFEC,0.43598888218402865,80.04939332116396,0.0
CYBB,0.4359580546617508,80.04402448190702,0.0
RAB19,0.43580079078674316,80.03865564265006,0.0
SLC35D1,0.43567380011081697,80.03328680339311,0.0
ZBTB4,0.43564121425151825,80.02791796413615,0.0
TRIT1,0.4355347007513046,80.0225491248792,0.0
SKIDA1,0.4355136290192604,80.01718028562225,0.0
PTEN,0.43547257409949247,80.0118114463653,1.0
MAP3K5,0.4352867901325226,80.00644260710834,0.0
SAYSD1,0.4352099299430847,80.0010737678514,0.0
TAP1,0.43514074087142945,79.99570492859444,0.0
SMARCC1,0.43512077033519747,79.99033608933749,0.0
RAB11FIP4,0.4351080507040024,79.98496725008053,0.0
SLC39A13,0.4350923389196396,79.97959841082358,0.0
FST,0.43506742268800735,79.97422957156662,0.0
FAM117B,0.43498835861682894,79.96886073230968,0.0
RIPPLY3,0.4349348068237305,79.96349189305272,0.0
SLC52A2,0.4349167895794825,79.95812305379577,1.0
PPP1R2,0.4348947137594223,79.95275421453881,0.0
AP3B2,0.434818235039711,79.94738537528187,0.0
PEG3,0.4346830904483795,79.94201653602491,0.0
SMC4,0.4345968097448349,79.93664769676796,0.0
MMP14,0.43457982540130613,79.931278857511,0.0
HPCA,0.4345376640558243,79.92591001825406,0.0
HAP1,0.4343369096517563,79.9205411789971,0.0
FEN1,0.43423188030719756,79.91517233974015,0.0
COX7A2,0.43419853150844573,79.9098035004832,0.0
BCL2L1,0.43418612480163576,79.90443466122625,0.0
ALX3,0.4340999960899353,79.8990658219693,0.0
G3BP1,0.43397374749183654,79.89369698271234,0.0
STOML3,0.4339720070362091,79.8883281434554,0.0
MED19,0.43394691348075864,79.88295930419844,0.0
ATP5O,0.4334064066410065,79.87759046494148,0.0
TRIP12,0.4332551211118698,79.87222162568453,0.0
ITSN1,0.43322424292564393,79.86685278642757,0.0
MARK4,0.4330873847007751,79.86148394717063,0.0
NPR1,0.4330488979816437,79.85611510791367,0.0
MDM4,0.4329477921128273,79.8507462686567,0.0
IL17RE,0.4328883320093155,79.84537742939976,0.0
ZNF266,0.4327725738286972,79.8400085901428,0.0
RAB10,0.43275203704833987,79.83463975088586,0.0
CHGA,0.4327158808708191,79.8292709116289,0.0
ANGPTL6,0.43262762427330015,79.82390207237195,0.0
PALLD,0.4326176792383194,79.81853323311499,0.0
ALDH3A2,0.4325511411675867,79.81316439385805,1.0
ZNF134,0.43251454532146455,79.80779555460109,0.0
AKAP6,0.43239560425281526,79.80242671534414,0.0
NFS1,0.4323632180690765,79.79705787608718,0.0
NTF3,0.4323403567075729,79.79168903683023,0.0
LATS1,0.43227953314781187,79.78632019757327,0.0
SEC61B,0.4322760909795761,79.78095135831633,0.0
OS9,0.43227134346961976,79.77558251905938,0.0
TTR,0.4321064814925194,79.77021367980242,0.0
ANKH,0.43209512531757355,79.76484484054548,0.0
T,0.432059121131897,79.75947600128852,0.0
GNE,0.43202435970306396,79.75410716203157,0.0
NOTUM,0.4319930076599121,79.74873832277461,0.0
CPSF3,0.43187915682792666,79.74336948351767,0.0
CASP4,0.43186708092689513,79.73800064426071,0.0
ABCB7,0.43185463845729827,79.73263180500376,0.0
TOE1,0.43180142641067504,79.7272629657468,0.0
BEND3,0.4317431300878525,79.72189412648986,0.0
NCAPH,0.4317254602909088,79.7165252872329,0.0
MET,0.43164497017860415,79.71115644797595,0.0
NT5DC2,0.4315971523523331,79.70578760871899,0.0
UXT,0.43154735267162325,79.70041876946205,0.0
SDF4,0.43151049613952636,79.69504993020509,0.0
KCNIP1,0.4314315885305405,79.68968109094814,0.0
ACTC1,0.43140011429786684,79.68431225169118,0.0
COL5A3,0.4313840255141258,79.67894341243424,0.0
DPP9,0.4313614070415497,79.67357457317728,0.0
PTHLH,0.4313379988074303,79.66820573392033,0.0
KDM6A,0.43133363127708435,79.66283689466337,0.0
SMAD1,0.4313109010457993,79.65746805540643,0.0
FABP3,0.4312983095645905,79.65209921614947,0.0
MASTL,0.4312868922948837,79.64673037689252,0.0
RAD9B,0.4312602400779724,79.64136153763556,0.0
RNASEH2A,0.4311825424432755,79.63599269837862,0.0
PROZ,0.43116040229797364,79.63062385912167,0.0
CXCL12,0.43112404048442843,79.62525501986471,0.0
CYP27B1,0.43110793828964233,79.61988618060775,0.0
MPHOSPH9,0.4310886889696121,79.6145173413508,0.0
NRBP1,0.43108517229557036,79.60914850209384,0.0
ZNF638,0.43099392056465147,79.6037796628369,0.0
ARHGEF25,0.4309698149561882,79.59841082357994,0.0
NTAN1,0.43092778623104094,79.593041984323,0.0
FUS,0.4309189707040787,79.58767314506603,0.0
EPG5,0.43076662691756806,79.58230430580909,1.0
DICER1,0.43067033439874647,79.57693546655213,0.0
ADAMTSL2,0.4306650787591934,79.57156662729517,0.0
TOMM7,0.4306567758321762,79.56619778803822,0.0
NAT1,0.4306433707475662,79.56082894878126,0.0
MACF1,0.4305760681629181,79.55546010952432,0.0
TRIM28,0.4305722266435623,79.55009127026736,0.0
SCN10A,0.43055650889873504,79.54472243101041,0.0
SMPD1,0.4305235370993614,79.53935359175345,0.0
EIF6,0.43052008748054504,79.53398475249651,0.0
TBC1D4,0.43050898909568786,79.52861591323955,0.0
FPGT,0.4304973542690277,79.5232470739826,0.0
KPNB1,0.4304729521274567,79.51787823472564,0.0
SLC5A5,0.43045746982097627,79.5125093954687,0.0
THG1L,0.43045695275068285,79.50714055621174,0.0
GBP3,0.43042603731155393,79.50177171695479,0.0
PPEF2,0.43039660453796386,79.49640287769785,0.0
KNSTRN,0.4303951680660248,79.49103403844089,0.0
VCP,0.4303905129432678,79.48566519918394,0.0
ATL3,0.4302512675523758,79.48029635992698,0.0
CHP1,0.43022129982709884,79.47492752067004,0.0
L3MBTL3,0.43017861545085906,79.46955868141308,0.0
RUFY3,0.43013189136981966,79.46418984215613,0.0
DYNC1I2,0.4301166206598282,79.45882100289917,0.0
PBX1,0.4300617963075638,79.45345216364223,0.0
CBX3,0.4299878805875778,79.44808332438527,0.0
SMAD4,0.4299556791782379,79.44271448512832,0.0
UPF1,0.4298509508371353,79.43734564587136,0.0
FARSA,0.4297834992408752,79.43197680661441,0.0
CBWD3,0.4297302305698395,79.42660796735746,0.0
RFTN1,0.42970064729452134,79.42123912810051,0.0
BAAT,0.42967033088207246,79.41587028884355,0.0
PINK1,0.42966248989105227,79.4105014495866,0.0
CYCS,0.4296145409345627,79.40513261032964,0.0
NFATC1,0.42951592803001404,79.3997637710727,0.0
IPO13,0.4294221818447113,79.39439493181574,0.0
ZSCAN21,0.429275843501091,79.3890260925588,0.0
FKBP10,0.42926054298877714,79.38365725330183,0.0
CLIC1,0.4292268753051758,79.37828841404489,0.0
THBS2,0.42905470430850984,79.37291957478793,0.0
CCNA2,0.429046967625618,79.36755073553098,0.0
PTGIS,0.42902966141700744,79.36218189627404,0.0
MRVI1,0.428989514708519,79.35681305701708,0.0
PFDN1,0.42897254824638364,79.35144421776013,0.0
SARS,0.42889454662799836,79.34607537850317,0.0
HSBP1,0.4288527578115463,79.34070653924621,0.0
RBM4B,0.4288226842880249,79.33533769998927,0.0
BZW1,0.4287142366170883,79.32996886073231,0.0
PHACTR2,0.4285047471523285,79.32460002147536,0.0
RC3H2,0.42815315425395967,79.3192311822184,0.0
UROD,0.42801116704940795,79.31386234296144,0.0
PLVAP,0.4278511732816696,79.3084935037045,0.0
CRELD1,0.42783763706684114,79.30312466444754,0.0
RFNG,0.42782012522220614,79.29775582519059,0.0
FTSJ1,0.42778654396533966,79.29238698593363,0.0
RYR2,0.4277600824832916,79.28701814667669,0.0
TM6SF1,0.427733039855957,79.28164930741973,0.0
NEK4,0.4276592344045639,79.27628046816278,0.0
HLA-F,0.42760295867919923,79.27091162890582,0.0
FERMT2,0.42758658826351165,79.26554278964888,0.0
SSX2IP,0.4275429904460907,79.26017395039192,0.0
HSPA4L,0.4274976968765259,79.25480511113497,0.0
CCDC77,0.42749215066432955,79.24943627187801,0.0
PCBP1,0.42738252580165864,79.24406743262107,0.0
ADNP,0.427277135848999,79.2386985933641,0.0
DTNA,0.42706424593925474,79.23332975410716,0.0
FTL,0.42705212114033875,79.2279609148502,1.0
SPTAN1,0.427009055018425,79.22259207559325,0.0
EDC4,0.4269213110208511,79.21722323633631,0.0
UBR5,0.42687793672084806,79.21185439707935,0.0
MYZAP,0.42686244547367097,79.2064855578224,0.0
BRD7,0.4268543034791946,79.20111671856544,0.0
PCBP2,0.42683481276035307,79.1957478793085,0.0
RAB3C,0.4268230482935905,79.19037904005154,0.0
UNC5C,0.42679076492786405,79.1850102007946,0.0
HOXB13,0.4266969710588455,79.17964136153763,0.0
P4HB,0.42669135630130767,79.17427252228069,0.0
SPECC1L,0.426651793718338,79.16890368302373,0.0
MTHFD1,0.4266128420829773,79.16353484376678,0.0
MEF2D,0.4265866994857788,79.15816600450982,0.0
MIOS,0.42649143636226655,79.15279716525288,0.0
TLN2,0.42639129161834716,79.14742832599592,0.0
TMX2,0.42630700170993807,79.14205948673897,0.0
MAX,0.4262940592625562,79.13669064748201,1.0
RAI1,0.4262937560677528,79.13132180822507,0.0
DYNLL2,0.42628815621137617,79.12595296896811,0.0
LIAS,0.4262463301420212,79.12058412971116,0.0
SUCLA2,0.4262287520854048,79.1152152904542,1.0
ESRRG,0.42616206407546997,79.10984645119726,0.0
TNNT3,0.4260723263025284,79.1044776119403,0.0
STAP2,0.42602450102567674,79.09910877268335,0.0
PENK,0.4259984761476517,79.09373993342639,0.0
TTI2,0.4259593218564987,79.08837109416945,0.0
KCTD1,0.42589813470840454,79.08300225491249,0.0
RPIA,0.425717231631279,79.07763341565554,0.0
FMR1,0.42559286057949064,79.07226457639858,0.0
DDX24,0.4255250930786133,79.06689573714164,0.0
CD2BP2,0.42547860741615295,79.06152689788468,0.0
RAB38,0.4253980278968811,79.05615805862773,0.0
ABI3BP,0.4252528607845306,79.05078921937077,0.0
ANKS3,0.42520401775836947,79.04542038011382,0.0
CRAT,0.4251664936542511,79.04005154085687,0.0
DDX51,0.42513343691825867,79.0346827015999,0.0
KCNE3,0.42512993812561034,79.02931386234296,0.0
ALPK3,0.425054831802845,79.023945023086,0.0
EMX1,0.4250024378299713,79.01857618382905,0.0
ACBD6,0.4249911278486252,79.0132073445721,0.0
DDX55,0.4249484121799469,79.00783850531515,0.0
PPARGC1A,0.42492589354515076,79.00246966605819,0.0
KLHL5,0.42491942942142485,78.99710082680124,0.0
DEAF1,0.42487713098526003,78.99173198754428,0.0
CRABP2,0.42485133558511734,78.98636314828734,0.0
SMG5,0.42484224736690523,78.98099430903038,0.0
DNMT1,0.4247418940067291,78.97562546977343,0.0
CPNE2,0.4246953248977661,78.97025663051647,0.0
SOX17,0.4246435225009918,78.96488779125953,0.0
EARS2,0.42458837330341337,78.95951895200257,0.0
HP,0.4245721876621246,78.95415011274562,0.0
GPATCH11,0.42456771731376647,78.94878127348866,0.0
TMEM184B,0.42454065978527067,78.94341243423172,0.0
ENPP2,0.4245397299528122,78.93804359497477,0.0
PLK1,0.42452200651168825,78.93267475571781,0.0
ELOVL1,0.4245158553123474,78.92730591646087,0.0
TBX2,0.424502894282341,78.9219370772039,0.0
TYW3,0.42441423833370207,78.91656823794696,0.0
RPTOR,0.42438059449195864,78.91119939869,0.0
C21orf2,0.4242795556783676,78.90583055943306,0.0
TLR9,0.42417858839035033,78.9004617201761,0.0
NUDT7,0.42413623332977296,78.89509288091915,0.0
RICTOR,0.42413605749607086,78.88972404166219,0.0
VEPH1,0.4241033226251602,78.88435520240525,0.0
CCDC86,0.4240675136446953,78.87898636314829,0.0
AK1,0.4239087224006653,78.87361752389134,0.0
ALOX5,0.423837411403656,78.86824868463438,0.0
SLC25A21,0.4237550735473633,78.86287984537744,0.0
DENND3,0.42374737858772277,78.85751100612048,0.0
SCN7A,0.4237127035856247,78.85214216686353,0.0
ZDHHC11,0.42363516986370087,78.84677332760657,0.0
FAM20C,0.4236077949404716,78.84140448834962,0.0
GAA,0.4236002594232559,78.83603564909266,0.0
SKA2,0.4235938549041748,78.83066680983572,0.0
TAF13,0.42358832955360415,78.82529797057876,0.0
GDAP2,0.4235540807247162,78.81992913132181,0.0
DHRS4,0.42336376905441286,78.81456029206485,0.0
EZR,0.4233278542757034,78.80919145280791,0.0
IFIT1B,0.42323161065578463,78.80382261355095,0.0
COL4A3BP,0.42316344380378723,78.798453774294,0.0
HSD17B7,0.42305087149143217,78.79308493503704,0.0
HOXA7,0.42298349142074587,78.7877160957801,0.0
PODXL,0.42285109162330625,78.78234725652314,0.0
ACTR6,0.4227005481719971,78.77697841726618,0.0
WDR55,0.42242015302181246,78.77160957800923,0.0
MACROD2,0.42236513644456863,78.76624073875227,0.0
TFB2M,0.42235454022884367,78.76087189949533,0.0
KXD1,0.42234025001525877,78.75550306023837,0.0
LEMD3,0.42229536473751067,78.75013422098142,0.0
NEIL2,0.4222791999578476,78.74476538172446,0.0
USP36,0.42215441167354584,78.73939654246752,0.0
SYNE4,0.42215232253074647,78.73402770321056,0.0
POLD4,0.42213633954524993,78.72865886395361,0.0
DHX30,0.4220387488603592,78.72329002469665,0.0
ITPA,0.4220014691352844,78.7179211854397,0.0
ZFAT,0.421978959441185,78.71255234618275,0.0
PIK3AP1,0.42197807133197784,78.7071835069258,0.0
IRAK2,0.42196901738643644,78.70181466766884,0.0
STRN3,0.4219611257314682,78.6964458284119,0.0
GRIN2B,0.4219283491373062,78.69107698915494,0.0
HIST1H2AC,0.4218137413263321,78.68570814989799,0.0
WDR24,0.4216412216424942,78.68033931064103,0.0
DNAJC11,0.42151294052600863,78.67497047138409,0.0
NCKAP5L,0.4215009719133377,78.66960163212714,0.0
CHMP4B,0.42135376632213595,78.66423279287018,0.0
RAD17,0.4212964355945587,78.65886395361323,0.0
RASGRP1,0.4212621867656708,78.65349511435628,0.0
ZFAND5,0.4212457716464996,78.64812627509933,0.0
ETHE1,0.42122971207465765,78.64275743584237,1.0
WDR70,0.4212116956710815,78.63738859658542,0.0
MED16,0.4211734443902969,78.63201975732846,0.0
TRO,0.42107997834682465,78.62665091807152,0.0
COL6A2,0.42102075517177584,78.62128207881456,0.0
C3AR1,0.42088634967803956,78.61591323955761,0.0
STRIP1,0.42083625197410585,78.61054440030065,0.0
FNDC3B,0.4207897841930389,78.60517556104371,0.0
SLPI,0.4207626014947891,78.59980672178675,0.0
HINFP,0.42071503698825835,78.5944378825298,0.0
SNAPC3,0.42065082788467406,78.58906904327284,0.0
JUND,0.42063871324062346,78.5837002040159,0.0
SLC29A1,0.4206170380115509,78.57833136475894,0.0
DLGAP5,0.4204932451248169,78.57296252550199,0.0
ACTN2,0.4203986018896103,78.56759368624503,0.0
CA3,0.4203756362199783,78.56222484698809,0.0
TNFRSF9,0.4203124105930328,78.55685600773113,0.0
MRPS22,0.4203028857707977,78.55148716847418,0.0
REN,0.4202956408262253,78.54611832921722,0.0
SLC39A7,0.4202574372291565,78.54074948996028,0.0
C19orf12,0.4202477276325226,78.53538065070332,0.0
BBC3,0.42004975974559783,78.53001181144637,0.0
MBD6,0.42004958391189573,78.52464297218941,0.0
TMEM8A,0.4200470596551895,78.51927413293247,0.0
DNM3,0.4200147897005081,78.5139052936755,0.0
HBG2,0.4200018346309662,78.50853645441856,0.0
LRRC4,0.419920215010643,78.5031676151616,0.0
DMBT1,0.41979236006736753,78.49779877590464,0.0
EEF1E1,0.4197748303413391,78.4924299366477,0.0
PNMAL1,0.419771209359169,78.48706109739074,0.0
XPOT,0.41966572105884553,78.48169225813379,0.0
HMGA2,0.41959136724472046,78.47632341887683,0.0
PTPRC,0.4195392161607742,78.47095457961989,0.0
COQ7,0.4195328921079636,78.46558574036293,0.0
DOCK11,0.41942263543605807,78.46021690110598,0.0
MICU2,0.41927209198474885,78.45484806184902,0.0
INTS6,0.4192226976156235,78.44947922259207,0.0
NOS1AP,0.4192069977521896,78.44411038333511,0.0
ADRBK1,0.4192009836435318,78.43874154407817,0.0
SSTR1,0.4191408693790436,78.43337270482121,0.0
CHST14,0.4190848178588427,78.42800386556426,1.0
PPP2R1A,0.4190713107585907,78.4226350263073,0.0
SYNRG,0.4190529704093933,78.41726618705036,0.0
MOCS2,0.4188971042633057,78.4118973477934,0.0
INSC,0.4188386708498001,78.40652850853645,0.0
MANBA,0.41881019473075864,78.4011596692795,0.0
RRAS2,0.41874770224094393,78.39579083002255,0.0
LTB,0.41873364746570585,78.3904219907656,0.0
BTBD7,0.41869197487831117,78.38505315150864,0.0
DDX43,0.41868463158607483,78.3796843122517,0.0
ZBTB2,0.4186314642429352,78.37431547299474,0.0
NSRP1,0.4185520946979523,78.36894663373779,0.0
TRNT1,0.4185277112392765,78.36357779448083,1.0
AHRR,0.418506883084774,78.35820895522389,0.0
DNAAF1,0.41844980865716935,78.35284011596693,0.0
HDAC11,0.41841534674167635,78.34747127670998,0.0
ACACB,0.4183307409286499,78.34210243745302,0.0
USP6NL,0.41827912628650665,78.33673359819608,0.0
TTYH2,0.4182662695646286,78.33136475893912,0.0
ESPL1,0.41819305121898653,78.32599591968217,0.0
TXNL4A,0.41817979961633683,78.32062708042521,0.0
ERBB2,0.4181049704551697,78.31525824116827,0.0
CASP10,0.4180814534425735,78.3098894019113,0.0
PPP4C,0.41791328191757204,78.30452056265436,0.0
TRIM55,0.41786761581897736,78.2991517233974,0.0
PAX4,0.4178211122751236,78.29378288414046,0.0
GPX2,0.41762024760246275,78.2884140448835,0.0
PADI4,0.4175488531589508,78.28304520562655,0.0
HOXD4,0.4173578441143036,78.27767636636959,0.0
POLD3,0.4173534005880356,78.27230752711264,0.0
CYB561A3,0.4173464149236679,78.26693868785568,0.0
PLCB3,0.4173238009214401,78.26156984859874,0.0
CTR9,0.41731160283088686,78.25620100934178,0.0
AADAT,0.4172875791788101,78.25083217008483,0.0
GNB1L,0.4172454118728638,78.24546333082787,0.0
SPR,0.4171976625919342,78.24009449157091,0.0
DACH1,0.41718525588512423,78.23472565231397,0.0
RXRB,0.4171371817588806,78.22935681305701,0.0
CBX5,0.4170917570590973,78.22398797380006,0.0
CLMP,0.4170861214399338,78.2186191345431,0.0
CDCP1,0.41690839231014254,78.21325029528616,0.0
RAB32,0.41679912209510805,78.2078814560292,0.0
CYP26A1,0.4167564123868942,78.20251261677225,0.0
KCTD13,0.4167486399412155,78.1971437775153,0.0
SAMD7,0.4166758954524994,78.19177493825835,0.0
WDR12,0.4166455864906311,78.18640609900139,0.0
EIF2B2,0.4165781021118164,78.18103725974444,0.0
WDR90,0.41649857759475706,78.17566842048748,0.0
COL10A1,0.41648571491241454,78.17029958123054,0.0
TTC7A,0.41648018956184385,78.16493074197358,0.0
SCN1A,0.41645750105381013,78.15956190271663,0.0
PIGT,0.4164529263973236,78.15419306345967,0.0
UBA5,0.4163732886314392,78.14882422420273,0.0
RTN3,0.41633865237236023,78.14345538494577,0.0
MRPL47,0.4163262456655502,78.13808654568882,0.0
RALB,0.4162380039691925,78.13271770643186,0.0
PLCB1,0.41614830642938616,78.12734886717492,0.0
SALL3,0.41609199345111847,78.12198002791796,0.0
SELENBP1,0.4160383254289627,78.11661118866101,0.0
LSM3,0.41603621542453767,78.11124234940407,0.0
GPX4,0.4159976452589035,78.1058735101471,0.0
TCP1,0.4159859329462051,78.10050467089016,0.0
FRYL,0.4159857243299484,78.0951358316332,0.0
GINS1,0.4159801244735718,78.08976699237625,0.0
SRRT,0.4159754514694214,78.0843981531193,0.0
OTUD5,0.41593220829963684,78.07902931386235,0.0
WNT2B,0.4159213274717331,78.07366047460539,0.0
CANX,0.415721595287323,78.06829163534844,0.0
SHANK1,0.4156883731484413,78.06292279609148,0.0
SLC35B4,0.4156645253300667,78.05755395683454,0.0
UPF2,0.4156544119119644,78.05218511757758,0.0
SLC2A3,0.41555021405220033,78.04681627832063,0.0
OAS1,0.4155401259660721,78.04144743906367,0.0
RAPGEF4,0.4155198514461517,78.03607859980673,0.0
HAGH,0.4154900640249252,78.03070976054977,0.0
NFATC2,0.4154099389910698,78.02534092129282,0.0
DDX54,0.4153595447540283,78.01997208203586,0.0
PTPN4,0.41528171598911284,78.01460324277892,0.0
CHST8,0.41519219279289243,78.00923440352196,0.0
ALAS1,0.41508494317531586,78.00386556426501,0.0
FARS2,0.4150738179683685,77.99849672500805,0.0
BIRC6,0.4150568276643753,77.99312788575111,0.0
MYCBP2,0.41504144072532656,77.98775904649415,0.0
SLC39A14,0.41503972858190535,77.9823902072372,0.0
MNAT1,0.41497173011302946,77.97702136798024,0.0
SFR1,0.4148843377828598,77.9716525287233,0.0
MTIF3,0.41487944722175596,77.96628368946634,0.0
GGA1,0.414813420176506,77.96091485020938,0.0
TNC,0.41456981003284454,77.95554601095243,0.0
CHST12,0.41455337405204773,77.95017717169547,0.0
ADAR,0.4143918514251709,77.94480833243853,0.0
FA2H,0.4143788546323776,77.93943949318157,0.0
FPGS,0.41436677277088163,77.93407065392462,0.0
USP5,0.4141988202929497,77.92870181466766,0.0
SEMA3C,0.41417388468980787,77.92333297541072,0.0
PSAT1,0.41407935321331024,77.91796413615376,0.0
RSPH9,0.41402083039283755,77.91259529689681,0.0
CEP57L1,0.4140066683292389,77.90722645763985,0.0
SLC6A8,0.41388035118579863,77.9018576183829,0.0
PIGR,0.41384124010801315,77.89648877912595,0.0
ING4,0.4138216108083725,77.891119939869,0.0
MTHFD1L,0.41379112005233765,77.88575110061204,0.0
RFC5,0.4137521132826805,77.8803822613551,0.0
COMMD10,0.4136967837810516,77.87501342209814,0.0
TRIM63,0.41351134777069093,77.86964458284119,0.0
CLTB,0.4134098947048187,77.86427574358423,0.0
TENM2,0.4133765518665314,77.85890690432728,0.0
DDOST,0.4133696883916855,77.85353806507032,0.0
SEPT4,0.4133558839559555,77.84816922581338,0.0
MC5R,0.4132189005613327,77.84280038655642,0.0
EFNA5,0.4131930708885193,77.83743154729947,0.0
HPGDS,0.413168203830719,77.83206270804253,0.0
IL27RA,0.41305449306964875,77.82669386878557,0.0
PSMD13,0.41305325627326966,77.82132502952862,0.0
IMPA1,0.41303437650203706,77.81595619027166,0.0
MED9,0.4129433840513229,77.81058735101472,0.0
RBM15,0.4129292070865631,77.80521851175776,0.0
FAM161B,0.4128920942544937,77.79984967250081,0.0
HCLS1,0.41284831166267394,77.79448083324385,0.0
MSH2,0.4128319799900055,77.78911199398691,0.0
MPP7,0.41272497475147246,77.78374315472995,0.0
N4BP2,0.41266323924064635,77.778374315473,0.0
DHX36,0.41260195672512057,77.77300547621604,0.0
TBC1D14,0.4122859865427017,77.7676366369591,0.0
FOXD3,0.4122773766517639,77.76226779770214,0.0
ZMYM1,0.4121721923351288,77.75689895844519,0.0
PDE12,0.4120782077312469,77.75153011918823,0.0
CTSK,0.41180075109004977,77.74616127993129,0.0
CNOT3,0.41179117262363435,77.74079244067433,0.0
LANCL2,0.41166556924581527,77.73542360141738,0.0
VPS25,0.41163920164108275,77.73005476216042,0.0
LIMS1,0.4114202320575714,77.72468592290348,0.0
SPEN,0.4112559825181961,77.71931708364652,0.0
SFSWAP,0.4112399071455002,77.71394824438957,0.0
SERPIND1,0.4111749202013016,77.70857940513261,0.0
RCE1,0.4111356258392334,77.70321056587565,0.0
NFRKB,0.41110849380493164,77.6978417266187,0.0
ERBB4,0.41105460226535795,77.69247288736175,0.0
GSX1,0.4109624445438385,77.6871040481048,0.0
LY6G5B,0.41093188524246216,77.68173520884784,0.0
SRBD1,0.41088690161705016,77.6763663695909,0.0
TPM2,0.4108424440026283,77.67099753033393,0.0
EXOSC9,0.4108155757188797,77.66562869107699,0.0
USE1,0.41071976721286774,77.66025985182003,0.0
PFKFB2,0.4107078477740288,77.65489101256308,0.0
EIF1AD,0.4107033729553223,77.64952217330612,0.0
ZNF182,0.4106768652796745,77.64415333404918,0.0
SSRP1,0.410657075047493,77.63878449479222,0.0
BET1L,0.41062972098588946,77.63341565553527,0.0
GSTM2,0.4105623781681061,77.62804681627831,0.0
IMMT,0.4104973509907722,77.62267797702137,0.0
MMS22L,0.41042342185974123,77.61730913776441,0.0
GOLM1,0.4104200959205627,77.61194029850746,0.0
METTL1,0.4103999137878418,77.6065714592505,0.0
MSRB3,0.41039716005325316,77.60120261999356,0.0
SETD1A,0.4103041797876358,77.5958337807366,0.0
TM2D3,0.41028928458690644,77.59046494147965,0.0
MAG,0.41012420803308486,77.58509610222269,0.0
GAD1,0.4100529760122299,77.57972726296575,0.0
CHST7,0.410050630569458,77.57435842370879,0.0
TTC4,0.41001796573400495,77.56898958445184,0.0
SLC18A2,0.40998862981796264,77.56362074519488,0.0
PTTG1IP,0.40993865132331847,77.55825190593794,0.0
VPS11,0.40984223783016205,77.55288306668099,0.0
VGLL4,0.40979311168193816,77.54751422742403,0.0
ELF5,0.40978326797485354,77.54214538816709,0.0
PPARGC1B,0.40974578857421873,77.53677654891013,0.0
PPP3R1,0.40971140265464784,77.53140770965318,0.0
UBE3A,0.40967878699302673,77.52603887039622,0.0
CDC26,0.40960981547832487,77.52067003113928,0.0
ARHGDIB,0.4095400974154472,77.51530119188232,0.0
VPS13A,0.409529110789299,77.50993235262537,0.0
SLC12A1,0.40935260951519015,77.50456351336841,0.0
COG5,0.4093521535396576,77.49919467411146,0.0
SUPT3H,0.40930590629577634,77.4938258348545,0.0
LGI4,0.40928192138671876,77.48845699559756,0.0
SCARF1,0.4092662185430527,77.4830881563406,0.0
KLF7,0.40919396877288816,77.47771931708365,0.0
SUOX,0.409164559841156,77.4723504778267,0.0
HRC,0.4091369524598122,77.46698163856975,0.0
DOK2,0.4091251403093338,77.46161279931279,0.0
ANAPC13,0.40896962136030196,77.45624396005584,0.0
CRLF1,0.4088795095682144,77.45087512079888,0.0
CRADD,0.4086981266736984,77.44550628154194,0.0
KANK2,0.4085797041654587,77.44013744228498,0.0
NNMT,0.40848493576049805,77.43476860302803,0.0
ABCA7,0.40846597850322724,77.42939976377107,0.0
NARF,0.4084372937679291,77.42403092451411,0.0
GCGR,0.4084158629179001,77.41866208525717,0.0
ADAM33,0.4084056496620178,77.41329324600021,0.0
CEP104,0.40839711725711825,77.40792440674326,0.0
PPP2R3B,0.4083524078130722,77.4025555674863,0.0
ANGPTL1,0.40829025357961657,77.39718672822936,0.0
PRELP,0.4082756847143173,77.3918178889724,0.0
NDUFAF6,0.4080540096079271,77.38644904971545,1.0
MYL7,0.40798545479774473,77.38108021045849,0.0
UBLCP1,0.40798149108886717,77.37571137120155,0.0
TUBGCP3,0.40784781575202944,77.37034253194459,0.0
DNAJC5B,0.4078023850917816,77.36497369268764,0.0
NAPEPLD,0.40776504278182985,77.35960485343068,0.0
DAND5,0.4076014578342438,77.35423601417374,0.0
PMAIP1,0.40754419267177583,77.34886717491678,0.0
GPM6B,0.4075249433517456,77.34349833565983,0.0
RFX7,0.4074359446763992,77.33812949640287,0.0
NUDT19,0.40741477608680726,77.33276065714593,0.0
TMEM30B,0.4073707118630409,77.32739181788897,0.0
OC90,0.4073189437389374,77.32202297863202,0.0
C1QB,0.4073057174682617,77.31665413937506,0.0
CD151,0.4072646230459213,77.31128530011812,0.0
TMX1,0.40726065039634707,77.30591646086116,0.0
CACHD1,0.40724424421787264,77.30054762160421,0.0
PTBP3,0.4072361081838608,77.29517878234725,0.0
GTPBP2,0.40721923410892485,77.2898099430903,0.0
ZNF350,0.4072150647640228,77.28444110383336,0.0
CHRNB4,0.40714624971151353,77.2790722645764,0.0
GNG3,0.4071376219391823,77.27370342531945,0.0
TEX2,0.40706556737422944,77.2683345860625,0.0
BTN2A1,0.4069514870643616,77.26296574680555,0.0
RAB27A,0.40687806010246275,77.25759690754859,0.0
NUP88,0.40680877715349195,77.25222806829164,0.0
SFRP4,0.40674160718917846,77.24685922903468,0.0
MAP6,0.4066877871751785,77.24149038977774,0.0
GLG1,0.4066370815038681,77.23612155052078,0.0
DHRS7B,0.4066010475158691,77.23075271126383,0.0
ATP6V1G2,0.406564699113369,77.22538387200687,0.0
DNAL1,0.4065585762262344,77.22001503274993,0.0
NKX2-5,0.4065569192171097,77.21464619349297,0.0
DNAJC3,0.406493715941906,77.20927735423602,0.0
ARFGEF1,0.4064896434545517,77.20390851497906,0.0
DNASE2B,0.4064013630151749,77.19853967572212,0.0
GPR50,0.40637527257204054,77.19317083646516,0.0
CAMTA2,0.40637377500534055,77.18780199720821,0.0
SLC25A19,0.40631872713565825,77.18243315795125,0.0
EXOSC10,0.4063045844435692,77.1770643186943,0.0
ANXA13,0.40623123943805695,77.17169547943735,0.0
RPL7L1,0.40620648562908174,77.16632664018039,0.0
NAA16,0.40609556138515474,77.16095780092344,0.0
ODF3L2,0.40603588819503783,77.15558896166648,0.0
ARSG,0.4060183733701706,77.15022012240954,0.0
PPFIBP1,0.405881804227829,77.14485128315258,0.0
SERPINB1,0.40586972534656524,77.13948244389563,0.0
POLRMT,0.40576144903898237,77.13411360463867,0.0
RPA1,0.4057122141122818,77.12874476538173,0.0
TIMP1,0.40561133325099946,77.12337592612477,0.0
GPS2,0.4055010318756104,77.11800708686782,0.0
SLC9A6,0.4054699569940567,77.11263824761086,0.0
GLUL,0.40539984703063964,77.10726940835391,0.0
ZNF655,0.40532621145248415,77.10190056909695,0.0
MCM4,0.40525024831295015,77.09653172984001,0.0
SEPT10,0.4051268294453621,77.09116289058305,0.0
FOXG1,0.4050989508628845,77.0857940513261,0.0
BCL7A,0.4050964891910553,77.08042521206914,0.0
GABARAP,0.40503744781017303,77.0750563728122,0.0
DECR1,0.4050167202949524,77.06968753355524,0.0
MRPS28,0.40494648218154905,77.0643186942983,0.0
ATP5H,0.40479751825332644,77.05894985504133,0.0
HEATR5B,0.40476145446300504,77.05358101578439,0.0
ATP5F1,0.404731285572052,77.04821217652743,0.0
KCNK2,0.40466876327991486,77.04284333727048,0.0
CCNA1,0.4046361088752747,77.03747449801352,0.0
ABCC10,0.4045446336269379,77.03210565875658,0.0
VBP1,0.4044172570109367,77.02673681949962,0.0
APLN,0.4043527126312256,77.02136798024267,0.0
RYK,0.4043299272656441,77.01599914098571,0.0
C11orf74,0.4043184071779251,77.01063030172877,0.0
WFS1,0.40419369281507006,77.00526146247182,1.0
MSH6,0.40416381061077117,76.99989262321486,0.0
CETP,0.40414258241653445,76.99452378395792,0.0
BBX,0.4041360467672348,76.98915494470096,0.0
NAB2,0.40409732758998873,76.98378610544401,0.0
IDH1,0.4040505439043045,76.97841726618705,0.0
NPC2,0.40401045978069305,76.9730484269301,0.0
ARPP21,0.40399855822324754,76.96767958767315,0.0
RFX6,0.40389284640550616,76.9623107484162,0.0
GYG1,0.4038761258125305,76.95694190915924,0.0
EFNA4,0.4038618355989456,76.9515730699023,0.0
USP28,0.40367463827133176,76.94620423064534,0.0
MYOG,0.4036673426628113,76.94083539138839,0.0
CHD1L,0.40360387563705447,76.93546655213143,0.0
ARFRP1,0.40359521210193633,76.93009771287448,0.0
LRP1B,0.4034144148230553,76.92472887361752,0.0
NARS,0.4033597409725189,76.91936003436058,0.0
FAN1,0.40333268940448763,76.91399119510362,0.0
ESCO2,0.40330010652542114,76.90862235584667,0.0
N6AMT1,0.4032485395669937,76.90325351658971,0.0
GZMA,0.403237447142601,76.89788467733277,0.0
GLMN,0.40322439968585966,76.89251583807581,0.0
MYO9A,0.40319648683071135,76.88714699881885,0.0
SDR16C5,0.40308631062507627,76.8817781595619,0.0
FAT3,0.4030293047428131,76.87640932030494,0.0
TMOD3,0.40302842259407046,76.871040481048,0.0
SF3A1,0.402960005402565,76.86567164179104,0.0
TMPRSS6,0.4029559537768364,76.8603028025341,0.0
TPH2,0.40291195511817934,76.85493396327713,0.0
MRPL18,0.4029028922319412,76.84956512402019,0.0
RAD54B,0.4028163254261017,76.84419628476323,0.0
KIAA1211,0.4028150483965874,76.83882744550628,0.0
ADAMTS2,0.40274572372436523,76.83345860624932,0.0
TRIM2,0.4026898205280304,76.82808976699238,0.0
IRX3,0.40266362130641936,76.82272092773542,0.0
NCKAP1,0.4026485621929169,76.81735208847847,0.0
ADAM19,0.4025567054748535,76.81198324922151,0.0
EMC1,0.4024952232837677,76.80661440996457,0.0
RNF123,0.40247092843055726,76.80124557070761,0.0
GATS,0.40240861773490905,76.79587673145066,0.0
RABGEF1,0.40236530303955076,76.7905078921937,0.0
KDM6B,0.4022728890180588,76.78513905293676,0.0
HNRNPH1,0.4022678166627884,76.7797702136798,0.0
C12orf57,0.40223283469676974,76.77440137442285,0.0
HLA-DQB1,0.4021753489971161,76.76903253516589,0.0
TIMM44,0.40200006067752836,76.76366369590895,0.0
ADCY7,0.40199786275625227,76.75829485665199,0.0
DCX,0.4019948303699493,76.75292601739504,0.0
MAP2K1,0.40199134945869447,76.74755717813808,0.0
HACE1,0.4017735853671066,76.74218833888114,1.0
TPM1,0.40170058608055115,76.73681949962418,0.0
GPR107,0.40161330103874204,76.73145066036723,0.0
TOP3B,0.4015920996665955,76.72608182111028,0.0
YIPF2,0.4014965906739235,76.72071298185332,0.0
KAT8,0.40149145424365995,76.71534414259638,0.0
JPH2,0.40140909552574155,76.70997530333942,0.0
GALNT16,0.40140836536884306,76.70460646408247,0.0
IL17A,0.40139989256858827,76.69923762482551,0.0
FMN1,0.4012995630502701,76.69386878556857,0.0
TRPM3,0.40127251446247103,76.68849994631161,0.0
HLA-A,0.4012329919572963,76.68313110705466,1.0
ALG5,0.40122978389263153,76.6777622677977,0.0
FAM120A,0.4011332273483276,76.67239342854076,0.0
ELOVL3,0.40100107789039613,76.6670245892838,0.0
MORF4L2,0.4009556159377098,76.66165575002685,0.0
NEK9,0.4009424984455109,76.6562869107699,0.0
BCHE,0.40094066560268404,76.65091807151295,0.0
PDX1,0.4008902732668252,76.64554923225599,1.0
KIAA1217,0.40088663101196287,76.64018039299904,0.0
DMWD,0.40087454319000243,76.63481155374208,0.0
IL6R,0.40072220265865327,76.62944271448512,0.0
LMOD3,0.4006947070360184,76.62407387522818,0.0
POLD2,0.40058756470680235,76.61870503597122,0.0
TMF1,0.4004758045077324,76.61333619671427,0.0
B3GALNT1,0.4004682213068008,76.60796735745731,0.0
GCSH,0.40045536160469053,76.60259851820037,0.0
CD4,0.40041397511959076,76.5972296789434,0.0
APOA1,0.4002868250012398,76.59186083968646,0.0
KIFC3,0.40015239715576173,76.5864920004295,0.0
ING1,0.40014691799879076,76.58112316117256,0.0
PPP2R3A,0.40008269250392914,76.5757543219156,0.0
KLHL21,0.4000786304473877,76.57038548265865,0.0
MYRF,0.4000390022993088,76.56501664340169,0.0
RCC2,0.39999130368232727,76.55964780414475,0.0
UQCRC1,0.39997590482234957,76.55427896488779,0.0
SLC7A5,0.3999356389045715,76.54891012563084,0.0
PRKAG1,0.3999236598610878,76.54354128637388,0.0
RSBN1,0.3999193012714386,76.53817244711693,0.0
GLUD1,0.39988153576850893,76.53280360785998,0.0
TRIM25,0.3997926414012909,76.52743476860303,0.0
ANK1,0.39976009726524353,76.52206592934607,0.0
GIPC3,0.39973074197769165,76.51669709008912,0.0
CABP2,0.39972783625125885,76.51132825083216,0.0
HRNR,0.3997051477432251,76.50595941157522,0.0
FDPS,0.3996388465166092,76.50059057231826,0.0
JAGN1,0.3995853066444397,76.49522173306131,0.0
HOPX,0.39957059919834137,76.48985289380435,0.0
GPT2,0.3995504558086395,76.48448405454741,0.0
STAMBPL1,0.39953921139240267,76.47911521529045,0.0
PPP1R15A,0.3995081603527069,76.4737463760335,0.0
TMEM5,0.39941139817237853,76.46837753677654,0.0
CNN1,0.3993362382054329,76.4630086975196,0.0
WNT9A,0.39922485053539275,76.45763985826264,0.0
SPINT1,0.3991724640130997,76.45227101900569,0.0
EZH2,0.3990550756454468,76.44690217974875,0.0
SPATA20,0.3989177793264389,76.44153334049179,0.0
ARL6IP5,0.3988712042570114,76.43616450123484,0.0
PERP,0.3988163322210312,76.43079566197788,0.0
LGI1,0.39873274266719816,76.42542682272094,0.0
ABHD10,0.3986751317977905,76.42005798346398,0.0
MYEF2,0.3984964728355408,76.41468914420703,0.0
MTIF2,0.39842999279499053,76.40932030495007,0.0
CAPN2,0.3983659088611603,76.40395146569313,0.0
CUX1,0.3982570946216583,76.39858262643617,0.0
CDH1,0.39821499288082124,76.39321378717922,0.0
TOX,0.39819431155920026,76.38784494792226,0.0
IL2,0.39816405028104784,76.38247610866532,0.0
HSCB,0.3981484264135361,76.37710726940836,0.0
RBBP9,0.39804954677820203,76.37173843015141,0.0
TMEM70,0.3978669375181198,76.36636959089445,0.0
GPC3,0.3978587180376053,76.3610007516375,0.0
GSTM3,0.3976287841796875,76.35563191238055,0.0
ATRAID,0.39757964909076693,76.35026307312359,0.0
POLR3B,0.3975722223520279,76.34489423386664,0.0
RRAGA,0.3974656477570534,76.33952539460968,0.0
HOXB3,0.3974015414714813,76.33415655535273,0.0
FGF7,0.39732972979545594,76.32878771609577,0.0
FZR1,0.3972196042537689,76.32341887683882,0.0
XAB2,0.3971969872713089,76.31805003758187,0.0
SPIRE2,0.39711872339248655,76.31268119832492,0.0
PKIG,0.3970280587673187,76.30731235906796,0.0
SMC2,0.39701626598834994,76.30194351981102,0.0
KALRN,0.39701522290706637,76.29657468055406,0.0
TRA2A,0.39690891802310946,76.29120584129711,0.0
STX18,0.3968723863363266,76.28583700204015,0.0
NOC3L,0.3968271240592003,76.28046816278321,0.0
INSIG2,0.39670630395412443,76.27509932352625,0.0
HHEX,0.39665071070194247,76.2697304842693,0.0
APOBR,0.3966056972742081,76.26436164501234,0.0
HSPD1,0.39653776288032533,76.2589928057554,0.0
SLC39A8,0.3965041786432266,76.25362396649844,0.0
UBE4B,0.39637421667575834,76.24825512724149,0.0
CHCHD3,0.39633984565734864,76.24288628798453,0.0
GLIS2,0.3961370587348938,76.23751744872759,0.0
IL11RA,0.39600296765565873,76.23214860947063,0.0
SFTPB,0.39600006937980653,76.22677977021368,0.0
FAM53B,0.3959785789251328,76.22141093095672,0.0
CSRP1,0.39594106674194335,76.21604209169978,0.0
ERGIC1,0.39592576324939727,76.21067325244282,0.0
ITPKC,0.3957973778247833,76.20530441318587,0.0
PDE1B,0.3956077307462692,76.19993557392891,0.0
DUSP12,0.39542741179466245,76.19456673467197,0.0
NMNAT2,0.3953325182199478,76.189197895415,0.0
PXDNL,0.3953252583742142,76.18382905615806,0.0
DPP7,0.39530723690986636,76.1784602169011,0.0
NR2F1,0.3953043699264526,76.17309137764416,0.0
FKBP15,0.3952206403017044,76.16772253838721,0.0
SNAP47,0.39519968181848525,76.16235369913025,0.0
UBB,0.39508978128433225,76.1569848598733,0.0
ATP6V1G1,0.39506413638591764,76.15161602061634,0.0
HLA-DQA1,0.39501938223838806,76.1462471813594,0.0
SMARCC2,0.39486688673496245,76.14087834210244,0.0
IMPACT,0.39484310150146484,76.1355095028455,0.0
SYPL1,0.39479865729808805,76.13014066358853,0.0
MGP,0.3947604537010193,76.12477182433159,0.0
ARL15,0.394696806371212,76.11940298507463,0.0
WTIP,0.3946322798728943,76.11403414581768,0.0
PELO,0.3946143388748169,76.10866530656072,0.0
P2RX5,0.3945134311914444,76.10329646730378,0.0
ENO3,0.3944931894540787,76.09792762804682,0.0
ABI2,0.39444845616817475,76.09255878878986,0.0
PHB,0.3944402813911438,76.08718994953291,0.0
TBC1D2B,0.3943808376789093,76.08182111027595,0.0
SPINK5,0.39430753588676454,76.07645227101901,0.0
CDCA8,0.3942503988742828,76.07108343176205,0.0
C1QBP,0.39421723783016205,76.0657145925051,0.0
MOB1A,0.39413177222013474,76.06034575324814,0.0
SCARA5,0.39408185333013535,76.0549769139912,0.0
ANAPC15,0.3940787136554718,76.04960807473424,0.0
ITGB8,0.39407494068145754,76.04423923547728,0.0
TMEM43,0.39390101432800295,76.03887039622033,0.0
SRXN1,0.3938899993896484,76.03350155696339,0.0
KLHL17,0.3938464105129242,76.02813271770643,0.0
MPL,0.3938132733106613,76.02276387844948,0.0
PLXNB2,0.39380827248096467,76.01739503919252,0.0
MAP2,0.39376298785209657,76.01202619993558,0.0
TRIM54,0.393515533208847,76.00665736067862,0.0
ACTR5,0.39347966611385343,76.00128852142167,0.0
AK7,0.3933326810598373,75.99591968216471,0.0
NRG2,0.39333208501338957,75.99055084290777,0.0
RCHY1,0.39331348389387133,75.9851820036508,0.0
ZBTB3,0.3932722210884094,75.97981316439386,0.0
HOOK1,0.3931748360395432,75.9744443251369,0.0
COX7B,0.3931147287215442,75.96907548587996,1.0
SUCO,0.39310427457094194,75.963706646623,0.0
PRDM2,0.39307073652744295,75.95833780736605,0.0
NHLRC2,0.3930196791887283,75.95296896810909,0.0
STIP1,0.39300456941127776,75.94760012885214,0.0
CSNK1D,0.39291989207267763,75.94223128959518,0.0
SNX17,0.3929070234298706,75.93686245033824,0.0
CELF6,0.39284413158893583,75.93149361108128,0.0
CCDC8,0.3927546203136444,75.92612477182433,0.0
DAAM1,0.3926888793706894,75.92075593256737,0.0
DIP2B,0.3926701247692108,75.91538709331043,0.0
NEO1,0.3926230758428574,75.91001825405347,0.0
TMEM115,0.39251685738563535,75.90464941479652,0.0
CPVL,0.39251139760017395,75.89928057553958,0.0
DHX8,0.39246944189071653,75.89391173628262,0.0
HSPBP1,0.39243639409542086,75.88854289702567,0.0
ABHD14B,0.392387717962265,75.88317405776871,0.0
PHIP,0.39238383173942565,75.87780521851177,0.0
LYRM1,0.39235889464616774,75.87243637925481,0.0
GADD45GIP1,0.39233324825763705,75.86706753999786,0.0
SMC3,0.39230217039585114,75.8616987007409,0.0
B4GALT7,0.3922727361321449,75.85632986148396,0.0
SAR1B,0.392222812235127,75.850961022227,1.0
SH3BGRL3,0.3920860856771469,75.84559218297005,0.0
TAPT1,0.3918883204460144,75.84022334371309,0.0
FASN,0.39180025160312654,75.83485450445615,0.0
WDR46,0.3916953593492508,75.82948566519919,0.0
ASAP1,0.3915129452943802,75.82411682594224,0.0
PTK2B,0.39111466705799103,75.81874798668528,0.0
VSIG4,0.39108970016241074,75.81337914742832,0.0
NFIB,0.3910567194223404,75.80801030817138,0.0
NECAB3,0.39101371765136717,75.80264146891442,0.0
SREBF1,0.3908498495817184,75.79727262965747,0.0
KCNG4,0.39082132577896117,75.79190379040051,0.0
ZNF260,0.39080300331115725,75.78653495114355,0.0
BORA,0.3906819224357605,75.7811661118866,0.0
RNMT,0.3906695514917374,75.77579727262965,0.0
UCP2,0.39065894186496736,75.7704284333727,0.0
SCN5A,0.3906369149684906,75.76505959411574,0.0
UBE2M,0.3906231164932251,75.7596907548588,0.0
SLC30A6,0.3905954957008362,75.75432191560185,0.0
XRCC4,0.3905943363904953,75.74895307634489,0.0
AEBP1,0.39056003391742705,75.74358423708794,0.0
MB,0.39054538756608964,75.73821539783098,0.0
BCL9L,0.3905447334051132,75.73284655857404,0.0
DRG2,0.39054027795791624,75.72747771931708,0.0
MIEF1,0.39048938900232316,75.72210888006013,0.0
ZNHIT2,0.39040971398353574,75.71674004080317,0.0
DLC1,0.3903892576694489,75.71137120154623,0.0
SSB,0.3903646171092987,75.70600236228927,0.0
IL10RB,0.39031181335449217,75.70063352303232,0.0
GFI1B,0.39024282097816465,75.69526468377536,0.0
GPC6,0.3901678591966629,75.68989584451842,0.0
UGCG,0.3901400163769722,75.68452700526146,0.0
NOLC1,0.3900938928127289,75.67915816600451,0.0
TRMU,0.3900120275862077,75.67378932674755,1.0
TTC30A,0.39000223726034167,75.66842048749061,0.0
DENND6B,0.3899747297167778,75.66305164823365,0.0
GSPT2,0.3899330675601959,75.6576828089767,0.0
COPS6,0.3897053629159927,75.65231396971974,0.0
RNF208,0.3896996945142746,75.6469451304628,0.0
TBP,0.389694008231163,75.64157629120584,0.0
CD74,0.3896681010723114,75.63620745194889,0.0
NLRP1,0.3896514594554901,75.63083861269193,0.0
SNCA,0.38950866758823394,75.62546977343499,0.0
ACSM3,0.3894971162080765,75.62010093417804,0.0
YWHAQ,0.3894268900156021,75.61473209492108,0.0
ZNF780A,0.38940031826496124,75.60936325566414,0.0
APOL1,0.3893997758626938,75.60399441640718,0.0
EML1,0.38939936757087706,75.59862557715023,0.0
BPTF,0.3893955260515213,75.59325673789327,0.0
ACOT4,0.3893913507461548,75.58788789863632,0.0
HOXD10,0.3893842577934265,75.58251905937936,0.0
EPB41,0.38931278586387635,75.57715022012242,0.0
PHPT1,0.38925943076610564,75.57178138086546,0.0
NPY2R,0.38924621045589447,75.56641254160851,0.0
HOXB4,0.38919117450714114,75.56104370235155,0.0
STRN,0.38910566866397855,75.5556748630946,0.0
NGLY1,0.38909252882003786,75.55030602383765,0.0
CSF1R,0.38905594050884246,75.54493718458069,0.0
RGS7,0.3890114277601242,75.53956834532374,0.0
FAM173A,0.3889988660812378,75.53419950606678,0.0
KDELR2,0.38897709399461744,75.52883066680984,0.0
SLC7A14,0.38894316100312354,75.52346182755288,1.0
NETO1,0.38890900909900666,75.51809298829593,0.0
BCOR,0.3888628025731397,75.51272414903897,1.0
DOCK1,0.38875120878219604,75.50735530978201,0.0
LGALS3BP,0.3887148886919022,75.50198647052507,0.0
AHSA1,0.38871121406555176,75.49661763126811,0.0
CAMK1,0.3887073129415512,75.49124879201116,0.0
INO80,0.3886461973190308,75.4858799527542,0.0
SPIB,0.3886342465877533,75.48051111349726,0.0
LONP1,0.38856008648872375,75.47514227424031,0.0
RPAP2,0.3885532557964325,75.46977343498335,0.0
HEG1,0.3884983241558075,75.4644045957264,0.0
TAB2,0.3884970128536224,75.45903575646945,0.0
MAPK7,0.3884249418973923,75.4536669172125,0.0
CTNNBL1,0.3884127914905548,75.44829807795554,0.0
POLR3H,0.38831179291009904,75.4429292386986,0.0
TSKU,0.38829449713230135,75.43756039944164,0.0
USP7,0.3881862014532089,75.43219156018469,0.0
WDR53,0.3881125807762146,75.42682272092773,0.0
SIDT2,0.3881044462323189,75.42145388167079,0.0
MDM2,0.3880910128355026,75.41608504241383,0.0
EXOC8,0.38806765973567964,75.41071620315688,0.0
OSBPL11,0.3879844188690186,75.40534736389992,0.0
SEPT2,0.38787141144275666,75.39997852464298,0.0
PFKL,0.3878490269184113,75.39460968538602,0.0
TACSTD2,0.3877759978175163,75.38924084612907,0.0
DES,0.38770626187324525,75.38387200687211,0.0
PDPN,0.3876388281583786,75.37850316761516,0.0
XPNPEP3,0.3876159131526947,75.3731343283582,0.0
GRIA2,0.38761268854141234,75.36776548910126,0.0
C5orf24,0.38752239644527436,75.3623966498443,0.0
CGN,0.38750273287296294,75.35702781058735,0.0
SLC26A3,0.3874763324856758,75.3516589713304,0.0
BANK1,0.3874590456485748,75.34629013207345,0.0
VAMP2,0.38740338683128356,75.3409212928165,0.0
RPA3,0.3873881071805954,75.33555245355954,0.0
MRPL33,0.38737263828516005,75.3301836143026,0.0
RIMS1,0.38718248665099964,75.32481477504564,1.0
ILF2,0.3871218904852867,75.31944593578869,0.0
LEO1,0.3869101107120514,75.31407709653173,0.0
NLE1,0.3867403149604797,75.30870825727479,0.0
PITX1,0.3867389619350433,75.30333941801783,0.0
ACP1,0.3867115780711174,75.29797057876088,0.0
NOB1,0.38670011311769487,75.29260173950392,0.0
MYH15,0.386671370267868,75.28723290024698,0.0
CDK10,0.38666571080684664,75.28186406099002,0.0
ZNF592,0.3866420269012451,75.27649522173306,0.0
BNIP1,0.3866386890411377,75.27112638247611,0.0
NFE2L1,0.38660977184772494,75.26575754321915,0.0
SNRPN,0.38650345951318743,75.2603887039622,0.0
KLF1,0.38641852140426636,75.25501986470525,0.0
BTRC,0.38637606203556063,75.24965102544829,0.0
EXOG,0.3863659411668777,75.24428218619134,0.0
TMTC1,0.3863109812140465,75.23891334693438,0.0
MOG,0.38626444190740583,75.23354450767744,0.0
APOC3,0.3862626224756241,75.22817566842048,0.0
SEPP1,0.3861280843615532,75.22280682916353,0.0
GLRX3,0.38612478524446486,75.21743798990657,0.0
LZIC,0.3859990373253822,75.21206915064963,0.0
USP37,0.38596509397029877,75.20670031139268,0.0
NEGR1,0.3859579563140869,75.20133147213572,0.0
SLC2A12,0.38594315350055697,75.19596263287877,0.0
HSPB7,0.3859269082546234,75.19059379362182,0.0
NPAS3,0.3859259471297264,75.18522495436487,0.0
MPC1,0.3858856618404388,75.17985611510791,0.0
HNF1B,0.3858769848942757,75.17448727585096,0.0
EML3,0.3858389675617218,75.169118436594,0.0
KAT2B,0.38578435480594636,75.16374959733706,0.0
EVI5,0.3857710748910904,75.1583807580801,0.0
HMGCR,0.38576713502407073,75.15301191882315,0.0
NCAPG2,0.3857289910316467,75.1476430795662,0.0
ANAPC10,0.3857277274131775,75.14227424030925,0.0
SCAPER,0.3856867406066957,75.13690540105229,1.0
TRAPPC11,0.385543005168438,75.13153656179534,0.0
SLC9A9,0.38550918698310854,75.12616772253838,0.0
UNG,0.38548584282398224,75.12079888328144,0.0
ACOT8,0.38548549115657804,75.11543004402448,0.0
CTSB,0.3854552671313286,75.11006120476753,0.0
TMEM256,0.3854400604963303,75.10469236551057,0.0
CTU2,0.38542996197938917,75.09932352625363,0.0
MED4,0.38540602326393125,75.09395468699667,0.0
LY75,0.38525676131248476,75.08858584773972,0.0
ADH4,0.38521428108215333,75.08321700848276,0.0
CA2,0.385124659538269,75.07784816922582,0.0
N4BP3,0.3850671172142029,75.07247932996886,0.0
CD109,0.3850355878472328,75.06711049071191,0.0
RAB27B,0.3849235653877258,75.06174165145497,0.0
PPP1R26,0.3848806321620941,75.056372812198,0.0
SBF1,0.38486779630184176,75.05100397294106,0.0
SAT2,0.3848100543022156,75.0456351336841,0.0
USP19,0.38474097549915315,75.04026629442716,0.0
FRS3,0.38474040329456327,75.0348974551702,0.0
PC,0.3847161293029785,75.02952861591325,0.0
SNTA1,0.384674659371376,75.02415977665629,0.0
DDX27,0.3846286475658417,75.01879093739933,0.0
GADD45G,0.384626467525959,75.01342209814239,0.0
TBX15,0.3846157774329185,75.00805325888543,0.0
CALCR,0.38455907851457594,75.00268441962848,0.0
FOXJ1,0.3845499217510223,74.99731558037152,0.0
FIGNL1,0.3844199612736702,74.99194674111457,0.0
TNFAIP1,0.3843860238790512,74.98657790185761,0.0
TRIO,0.38431323170661924,74.98120906260067,0.0
BOD1L1,0.3842979669570923,74.97584022334371,0.0
SMARCD2,0.38429560959339143,74.97047138408675,0.0
KIAA0391,0.38419668525457384,74.9651025448298,0.0
IL4R,0.3841860115528107,74.95973370557284,0.0
XCL1,0.3841113358736038,74.9543648663159,0.0
OXR1,0.38408130705356597,74.94899602705894,0.0
OXA1L,0.3840631231665611,74.943627187802,0.0
FURIN,0.38402115255594255,74.93825834854503,0.0
USP9X,0.38401211202144625,74.93288950928809,0.0
ZCCHC14,0.3840077668428421,74.92752067003114,0.0
C16orf58,0.38394649922847746,74.92215183077418,0.0
KRT9,0.3839266628026962,74.91678299151724,0.0
AKR1C3,0.38387285470962523,74.91141415226028,0.0
SPTBN5,0.38385658860206606,74.90604531300333,0.0
FOXP1,0.38384234309196474,74.90067647374637,0.0
BASP1,0.3838392823934555,74.89530763448943,0.0
PRDM14,0.383834907412529,74.88993879523247,0.0
TWISTNB,0.38382971584796904,74.88456995597552,0.0
DPP4,0.38377869725227354,74.87920111671856,0.0
LOXL1,0.38377286195755006,74.87383227746162,0.0
TIAM2,0.38376712501049043,74.86846343820466,0.0
IFI35,0.38370765596628187,74.86309459894771,0.0
SUPT5H,0.3837059557437897,74.85772575969075,0.0
LONP2,0.3836865767836571,74.8523569204338,0.0
CDKL1,0.3836552858352661,74.84698808117685,0.0
TBL1X,0.3836026549339294,74.8416192419199,0.0
NCF4,0.3835455432534218,74.83625040266294,0.0
TRIM13,0.38350172340869904,74.830881563406,0.0
SLC37A4,0.38342187055028404,74.82551272414904,1.0
POLR1A,0.3833797752857208,74.82014388489209,0.0
TTC27,0.3832899987697601,74.81477504563513,0.0
CAPRIN1,0.38325227200984957,74.80940620637818,0.0
SCN2A,0.3832090884447098,74.80403736712123,0.0
XDH,0.3832082197070122,74.79866852786428,0.0
VGF,0.3831862062215805,74.79329968860732,0.0
CFB,0.38316389322280886,74.78793084935037,0.0
ARFGAP3,0.3830448895692825,74.78256201009343,0.0
HLA-DPA1,0.3830373525619507,74.77719317083647,0.0
PQBP1,0.383013541996479,74.77182433157952,0.0
IFIH1,0.38289482742547987,74.76645549232256,0.0
EHMT2,0.3828179627656937,74.76108665306562,0.0
COLGALT2,0.3828036397695541,74.75571781380866,0.0
HLA-DMA,0.38269808888435364,74.75034897455171,0.0
GFRA3,0.3826977699995041,74.74498013529475,0.0
LMNB2,0.3826941877603531,74.7396112960378,0.0
SMC1A,0.3826475143432617,74.73424245678085,0.0
CHST3,0.3826367691159248,74.72887361752389,0.0
ZNF16,0.3826101630926132,74.72350477826694,0.0
PAK4,0.3825843021273613,74.71813593900998,0.0
MMP15,0.38256618976593015,74.71276709975302,0.0
HDAC6,0.3825216472148895,74.70739826049608,0.0
RGS14,0.3825088143348694,74.70202942123912,0.0
GNAL,0.38249610662460326,74.69666058198217,0.0
PDE8A,0.38249109387397767,74.69129174272521,0.0
MUC5AC,0.38232178390026095,74.68592290346827,0.0
ALKBH6,0.38208567053079606,74.68055406421131,0.0
ZHX2,0.38199593871831894,74.67518522495436,0.0
COL9A3,0.38191167501842277,74.6698163856974,1.0
PLEKHA1,0.3818717926740646,74.66444754644046,0.0
SPTLC2,0.38174358755350113,74.6590787071835,0.0
CCDC115,0.3817231923341751,74.65370986792655,0.0
NPY1R,0.38170066177845,74.6483410286696,0.0
PIGU,0.38161457777023317,74.64297218941265,0.0
PRLR,0.3815950810909271,74.6376033501557,0.0
CAMTA1,0.38157972395420076,74.63223451089874,0.0
HLA-DRA,0.3814990699291229,74.6268656716418,0.0
ATAD2B,0.3813068687915802,74.62149683238484,0.0
CNR1,0.3812782555818558,74.61612799312789,0.0
RPL41,0.38123795092105867,74.61075915387093,0.0
OTUD7A,0.3812193751335144,74.60539031461398,0.0
GATA4,0.3811876028776169,74.60002147535702,0.0
DDX59,0.38115899711847306,74.59465263610008,0.0
PLAG1,0.38113044649362565,74.58928379684312,0.0
NPRL3,0.3811174362897873,74.58391495758617,0.0
ARL16,0.3811125189065933,74.57854611832921,0.0
RIPK1,0.38102549612522124,74.57317727907227,0.0
RBAK,0.3809867173433304,74.56780843981531,0.0
MBD2,0.3809720665216446,74.56243960055836,0.0
SYCP2L,0.38091351836919785,74.5570707613014,0.0
CCDC102A,0.38083780407905576,74.55170192204446,0.0
DNAJB2,0.3808122217655182,74.5463330827875,0.0
KIAA1324,0.3807733654975891,74.54096424353055,0.0
KCNK3,0.380752357840538,74.5355954042736,0.0
WDR47,0.3806798428297043,74.53022656501665,0.0
NNT,0.3806426182389259,74.52485772575969,0.0
P2RX2,0.3806237518787384,74.51948888650274,0.0
DNASE2,0.3804562628269196,74.5141200472458,0.0
TCERG1,0.3804463893175125,74.50875120798884,0.0
NUP50,0.3804362744092941,74.50338236873189,0.0
TAF8,0.3804260239005089,74.49801352947493,0.0
NASP,0.3804016590118408,74.49264469021799,0.0
FZD7,0.3803979933261871,74.48727585096103,0.0
CD3E,0.380323538184166,74.48190701170407,0.0
NADK2,0.38032295405864713,74.47653817244712,0.0
TAF2,0.3802798047661781,74.47116933319016,0.0
PKM,0.38019309639930726,74.46580049393322,0.0
IPO9,0.38017951548099516,74.46043165467626,0.0
C15orf41,0.38016835898160933,74.45506281541931,0.0
NUDT8,0.37987492978572845,74.44969397616235,0.0
METTL16,0.3797395944595337,74.4443251369054,0.0
SETD9,0.3796043708920479,74.43895629764845,0.0
YIPF5,0.3796000242233276,74.43358745839149,0.0
RTN1,0.37957850098609924,74.42821861913454,0.0
KRT71,0.3795764550566673,74.42284977987758,0.0
SAP18,0.37950514554977416,74.41748094062064,0.0
PIH1D1,0.3794778972864151,74.41211210136368,0.0
SNAPC4,0.37946889698505404,74.40674326210673,0.0
KLF15,0.3793973565101624,74.40137442284977,0.0
GALNTL6,0.3793435364961624,74.39600558359282,0.0
PSMC4,0.3793239265680313,74.39063674433586,0.0
BCAS3,0.37925742864608764,74.38526790507892,0.0
PKD2L1,0.37924262285232546,74.37989906582196,0.0
FAM151B,0.37911278009414673,74.37453022656501,0.0
TMEM230,0.3789897233247757,74.36916138730807,0.0
GLIPR2,0.3789873570203781,74.36379254805111,0.0
GNPDA1,0.3789805680513382,74.35842370879416,0.0
RRM2,0.3789770990610123,74.3530548695372,0.0
CHEK2,0.37891319636551163,74.34768603028026,1.0
FAM83H,0.3788936108350754,74.3423171910233,0.0
MGA,0.378799644112587,74.33694835176635,0.0
TRIAP1,0.37878366112709044,74.33157951250939,0.0
PSMG1,0.37867351472377775,74.32621067325245,0.0
SLC14A1,0.3786442220211029,74.32084183399549,0.0
FAM210B,0.3785999983549118,74.31547299473854,0.0
FGFR4,0.37844104021787645,74.31010415548158,0.0
RNF13,0.37843219339847567,74.30473531622464,0.0
APOH,0.37824889123439787,74.29936647696768,0.0
CYP2U1,0.37816587537527085,74.29399763771073,0.0
GTF2H2,0.3781176537275314,74.28862879845377,0.0
RGL1,0.378037329018116,74.28325995919683,0.0
SFXN3,0.3779453307390213,74.27789111993987,0.0
PPP1R3C,0.3779374331235886,74.27252228068292,0.0
MAVS,0.37787252813577654,74.26715344142596,0.0
CYFIP1,0.37772216498851774,74.26178460216902,0.0
H2AFV,0.37768744081258776,74.25641576291206,0.0
CD99,0.37761916816234586,74.25104692365511,0.0
TWF2,0.37758149951696396,74.24567808439815,0.0
TNFAIP3,0.3775733977556229,74.2403092451412,0.0
CHEK1,0.37736374884843826,74.23494040588426,0.0
ABHD14A,0.3773541510105133,74.2295715666273,0.0
STAC3,0.3773531079292297,74.22420272737035,0.0
SERPINE1,0.37730354964733126,74.2188338881134,0.0
ALG1,0.3772954210639,74.21346504885645,0.0
ACLY,0.37725949883460996,74.20809620959949,0.0
CLDN1,0.37725946456193926,74.20272737034253,0.0
SLC4A1,0.3771747276186943,74.19735853108558,0.0
PCDHB15,0.3771730959415436,74.19198969182862,0.0
DCUN1D3,0.3771273210644722,74.18662085257168,0.0
RABL3,0.3769760847091675,74.18125201331472,0.0
TMEM100,0.37694538235664365,74.17588317405776,0.0
ASH2L,0.37687323689460756,74.17051433480081,0.0
RPL22L1,0.37666920721530917,74.16514549554385,0.0
TACC2,0.37665163576602934,74.15977665628691,0.0
TOP2B,0.3766220211982727,74.15440781702995,0.0
NKRF,0.376569826900959,74.149038977773,0.0
KEAP1,0.37655417770147326,74.14367013851604,0.0
ESRP2,0.3764707386493683,74.1383012992591,0.0
PPARA,0.3763861805200577,74.13293246000214,0.0
CD1D,0.3763517290353775,74.12756362074519,0.0
ATP6V0B,0.3763362541794777,74.12219478148823,0.0
SMDT1,0.3763200491666794,74.11682594223129,0.0
RABAC1,0.3763020932674408,74.11145710297433,0.0
IQGAP3,0.37625832855701447,74.10608826371738,0.0
CXCL10,0.3762435793876648,74.10071942446042,0.0
EXOC7,0.37623921036720276,74.09535058520348,0.0
PSMF1,0.37622963786125185,74.08998174594653,0.0
EIF2B1,0.37609845101833345,74.08461290668957,0.0
ATG12,0.3760968491435051,74.07924406743263,0.0
FMNL3,0.3760383903980255,74.07387522817567,0.0
EEF1A2,0.37602399587631224,74.06850638891872,0.0
COX6A2,0.3759611755609512,74.06313754966176,0.0
COL6A1,0.3758761376142502,74.05776871040482,0.0
STIL,0.37584964632987977,74.05239987114786,0.0
EDEM2,0.3757253706455231,74.04703103189091,0.0
GSTT1,0.3755709588527679,74.04166219263395,0.0
KIF2A,0.375568151473999,74.036293353377,0.0
CAPZA2,0.3755249321460724,74.03092451412004,0.0
CAP1,0.3755045786499977,74.0255556748631,0.0
ANKAR,0.3754307597875595,74.02018683560614,0.0
XPNPEP1,0.37539041340351104,74.0148179963492,0.0
OR4X1,0.37538397014141084,74.00944915709223,0.0
PEX19,0.3753649419744076,74.00408031783529,1.0
PDPR,0.3753418803215027,73.99871147857833,0.0
RPS19BP1,0.3753281533718109,73.99334263932138,0.0
ELP3,0.37525355219841006,73.98797380006442,0.0
ITGA4,0.3752345725893974,73.98260496080748,0.0
KRT15,0.3752048909664154,73.97723612155052,0.0
HBG1,0.3751552939414978,73.97186728229357,0.0
TRAM2,0.3750580087304115,73.96649844303661,0.0
MZF1,0.375053796172142,73.96112960377967,0.0
RNF146,0.3749851375818253,73.95576076452272,0.0
MTA2,0.37495516836643217,73.95039192526576,0.0
TMEM199,0.37489349097013475,73.9450230860088,0.0
USP22,0.3748520642518997,73.93965424675186,0.0
TRAK2,0.37482730746269227,73.9342854074949,0.0
BSCL2,0.37482585310935973,73.92891656823795,0.0
TMEM98,0.3747763380408287,73.92354772898099,0.0
CTSO,0.37477061003446577,73.91817888972405,0.0
PIGO,0.3747647017240524,73.91281005046709,0.0
TAF1A,0.37472957372665405,73.90744121121014,0.0
PIGC,0.37466769814491274,73.90207237195318,0.0
C5AR1,0.3746457189321518,73.89670353269622,0.0
GLT8D1,0.3746325716376305,73.89133469343928,0.0
DPY19L1,0.37456714659929274,73.88596585418232,0.0
CHPT1,0.3745179012417793,73.88059701492537,0.0
INTS12,0.37437330186367035,73.87522817566841,0.0
LPCAT3,0.3743537366390228,73.86985933641147,0.0
COPA,0.37434859573841095,73.8644904971545,0.0
PTK2,0.3742568552494049,73.85912165789756,0.0
ABCA2,0.37419159710407257,73.8537528186406,0.0
RAD51D,0.3741914078593254,73.84838397938366,0.0
RYBP,0.37417876720428467,73.8430151401267,0.0
LHFPL2,0.37413629591465,73.83764630086975,0.0
BTN3A2,0.3741306006908417,73.83227746161279,0.0
ABTB1,0.3740257889032364,73.82690862235584,0.0
DNAJB6,0.37401329874992373,73.8215397830989,0.0
USP8,0.37398443222045896,73.81617094384194,0.0
SIRT7,0.3739266186952591,73.810802104585,0.0
GNB2,0.37375684082508087,73.80543326532803,0.0
PKD1L2,0.3737366750836372,73.80006442607109,0.0
CCR7,0.3736689105629921,73.79469558681413,0.0
ANKRD53,0.37366381734609605,73.78932674755718,0.0
TBX21,0.37355874478816986,73.78395790830022,0.0
SLC4A10,0.37354485541582105,73.77858906904328,0.0
DLG5,0.3735256716609001,73.77322022978632,0.0
LXN,0.37351585626602174,73.76785139052937,0.0
IGHMBP2,0.373475182056427,73.76248255127241,0.0
LYSMD3,0.37337598502635955,73.75711371201547,0.0
TTC37,0.37337092906236646,73.75174487275851,0.0
CDC25C,0.3733542859554291,73.74637603350156,0.0
TRIM68,0.3733151137828827,73.7410071942446,0.0
SNAP23,0.37327354252338407,73.73563835498766,0.0
VDAC1,0.3732678696513176,73.7302695157307,0.0
EFTUD2,0.3731288969516754,73.72490067647375,0.0
VIPR2,0.3731106877326965,73.71953183721679,0.0
G6PC3,0.37309575378894805,73.71416299795985,0.0
RPS12,0.37307052314281464,73.70879415870289,0.0
PPM1G,0.37295533865690234,73.70342531944594,0.0
CNIH1,0.3728883534669876,73.69805648018898,0.0
COX20,0.3728677618873212,73.69268764093204,1.0
PFN4,0.37272633910179137,73.68731880167508,0.0
HEBP1,0.3726369798183441,73.68194996241813,0.0
HUWE1,0.3726105511188507,73.67658112316118,0.0
KIF2C,0.37254563719034195,73.67121228390423,0.0
CCAR2,0.37253314852714536,73.66584344464727,0.0
STX5,0.3724075049161911,73.66047460539032,0.0
HEY2,0.37239674031734465,73.65510576613336,0.0
DMAP1,0.37239142805337905,73.64973692687641,0.0
MFSD10,0.3723512589931488,73.64436808761945,0.0
NOV,0.37227443158626555,73.6389992483625,0.0
MAU2,0.37218682169914247,73.63363040910555,0.0
LRRC17,0.37218489646911623,73.62826156984859,0.0
ULK2,0.37207323014736177,73.62289273059164,0.0
HDHD2,0.37195836901664736,73.61752389133468,0.0
TCHP,0.371950663626194,73.61215505207774,0.0
C9orf64,0.37193182557821275,73.60678621282078,0.0
MCAM,0.3719185769557953,73.60141737356383,0.0
TUBA3E,0.3718934118747711,73.59604853430687,0.0
ALG8,0.3718476265668869,73.59067969504993,0.0
ILVBL,0.37181376218795775,73.58531085579297,0.0
CYP2E1,0.3717715620994568,73.57994201653602,0.0
RPLP2,0.37172061800956724,73.57457317727906,0.0
ATF5,0.37171838879585267,73.56920433802212,0.0
DUSP26,0.3717161864042282,73.56383549876516,0.0
CSGALNACT2,0.3716839045286179,73.55846665950821,0.0
UQCRH,0.3716234162449837,73.55309782025125,0.0
GLUD2,0.371609716117382,73.54772898099431,0.0
DKK3,0.3715961903333664,73.54236014173736,0.0
DEF8,0.37152584791183474,73.5369913024804,0.0
TUBB4B,0.371490140659336,73.53162246322346,1.0
MOCS3,0.3714660793542862,73.5262536239665,0.0
PFDN6,0.3714265704154968,73.52088478470955,0.0
NGRN,0.3713662356138229,73.51551594545259,0.0
SF3B1,0.37132216978915117,73.51014710619565,1.0
EXOC6,0.371306711435318,73.50477826693869,0.0
KRT78,0.37129426300525664,73.49940942768174,0.0
LMTK2,0.3712565705180168,73.49404058842478,0.0
DYRK1A,0.3710168480873108,73.48867174916784,0.0
WDR41,0.37100685834884645,73.48330290991088,0.0
ST3GAL6,0.37094775438308714,73.47793407065393,0.0
SLC6A5,0.37092958986759184,73.47256523139697,0.0
SLC34A1,0.3709178626537323,73.46719639214002,0.0
DYSF,0.3709076508879662,73.46182755288307,0.0
CCNE2,0.37073499262332915,73.45645871362612,0.0
YWHAZ,0.3707332968711853,73.45108987436916,0.0
ALAS2,0.37067456543445587,73.44572103511221,0.0
NEK7,0.37064281702041624,73.44035219585525,0.0
SLC3A1,0.37063786685466765,73.43498335659831,0.0
PREPL,0.37053729593753815,73.42961451734135,0.0
SIRPA,0.3704356953501701,73.4242456780844,0.0
RALGAPA2,0.37042977213859557,73.41887683882744,0.0
NAV1,0.3703869849443436,73.4135079995705,0.0
DTL,0.3703299194574356,73.40813916031354,0.0
BCS1L,0.3703032360601246,73.4027703210566,1.0
CADPS2,0.3702661097049713,73.39740148179963,0.0
COA3,0.37023906111717225,73.39203264254269,0.0
TNPO1,0.37023724913597106,73.38666380328573,0.0
FAM65B,0.37021568715572356,73.38129496402878,0.0
ABCD2,0.3702140599489212,73.37592612477182,0.0
RAB1A,0.3701937302947044,73.37055728551488,0.0
PPP1R12B,0.37009563744068147,73.36518844625792,0.0
DOCK4,0.3700272113084793,73.35981960700096,0.0
MIS18A,0.3700037583708763,73.35445076774401,0.0
KRT85,0.3699953407049179,73.34908192848705,0.0
ZNF7,0.3699646800756454,73.3437130892301,0.0
DUSP16,0.3699601233005524,73.33834424997315,0.0
ANKS1B,0.3698584020137787,73.3329754107162,0.0
TIMP4,0.36981524527072906,73.32760657145924,0.0
GNAT3,0.3698056012392044,73.3222377322023,0.0
DAB2,0.3696858584880829,73.31686889294534,0.0
CRIP2,0.36967876851558684,73.31150005368839,0.0
SMARCA5,0.36966457068920133,73.30613121443143,0.0
ALDH7A1,0.36962791383266447,73.30076237517449,0.0
NR1D2,0.3696142315864563,73.29539353591753,0.0
GRIA4,0.36960241943597794,73.29002469666058,0.0
CACNG3,0.36957359313964844,73.28465585740362,0.0
SPTBN2,0.3694971278309822,73.27928701814668,0.0
COMMD1,0.36946871131658554,73.27391817888972,0.0
EWSR1,0.3694292068481445,73.26854933963277,0.0
BCL9,0.369402813911438,73.26318050037582,0.0
NCKIPSD,0.3693321004509926,73.25781166111886,0.0
CXXC1,0.36930039077997207,73.25244282186192,0.0
ALDH3B1,0.36926701962947844,73.24707398260496,0.0
PDHA1,0.36920000986703116,73.24170514334801,1.0
SLC39A6,0.36915816366672516,73.23633630409105,0.0
ARHGEF18,0.3691285360317964,73.23096746483411,1.0
SETX,0.3690942794084549,73.22559862557715,0.0
MATN1,0.3688106045126915,73.2202297863202,0.0
PKN3,0.36874581277370455,73.21486094706324,0.0
XIAP,0.36872954070568087,73.2094921078063,0.0
KRTCAP2,0.3686800554394722,73.20412326854934,0.0
PFDN4,0.3686449036002159,73.19875442929239,0.0
DOK3,0.3684572517871857,73.19338559003543,0.0
ZNF706,0.36840980052947997,73.18801675077849,0.0
PHLPP2,0.36839124709367754,73.18264791152153,0.0
JARID2,0.36837360113859174,73.17727907226458,0.0
LEFTY1,0.3683584347367287,73.17191023300762,0.0
FLCN,0.3683558403299405,73.16654139375068,1.0
CXCL14,0.36831777542829514,73.16117255449372,0.0
MN1,0.36830455660820005,73.15580371523677,0.0
IL18,0.3682920277118683,73.15043487597981,0.0
CHMP2B,0.3682393282651901,73.14506603672287,0.0
CMTR2,0.36822481006383895,73.1396971974659,0.0
STK35,0.3681758910417557,73.13432835820896,0.0
ENTPD5,0.3681578397750854,73.128959518952,0.0
LARP1B,0.3681572929024696,73.12359067969506,0.0
G3BP2,0.36809198558330536,73.1182218404381,0.0
MZT2B,0.3680673032999039,73.11285300118115,0.0
ARHGAP5,0.3679783195257187,73.10748416192419,0.0
AHSG,0.367954358458519,73.10211532266723,0.0
IL33,0.36783725023269653,73.09674648341029,0.0
ARHGAP8,0.3678040772676468,73.09137764415333,0.0
CSNK1G3,0.3677126973867416,73.08600880489638,0.0
HDAC3,0.3677069842815399,73.08063996563942,0.0
PCK1,0.36763334572315215,73.07527112638248,0.0
CCNG2,0.3676273047924042,73.06990228712552,0.0
SDPR,0.3675733655691147,73.06453344786857,0.0
POGLUT1,0.3675283193588257,73.05916460861161,0.0
C1QTNF1,0.36751536577939986,73.05379576935466,0.0
NFYB,0.3674585044384003,73.0484269300977,0.0
CASP7,0.3674093931913376,73.04305809084076,0.0
KRT31,0.36740783900022506,73.0376892515838,0.0
PAK1IP1,0.36739329993724823,73.03232041232685,0.0
SYVN1,0.3673766225576401,73.0269515730699,0.0
MCRS1,0.367366823554039,73.02158273381295,0.0
RACGAP1,0.3673470109701157,73.01621389455599,0.0
DDX3X,0.36734466552734374,73.01084505529904,0.0
SARS2,0.36721304059028625,73.00547621604208,0.0
SGPP1,0.3672043353319168,73.00010737678514,0.0
FLRT3,0.36714418828487394,72.99473853752818,0.0
RBM26,0.3670044481754303,72.98936969827123,0.0
TEAD4,0.3668982058763504,72.98400085901429,0.0
NRGN,0.3668869391083717,72.97863201975733,0.0
ITSN2,0.3668428063392639,72.97326318050038,0.0
LHX4,0.36682813465595243,72.96789434124342,0.0
COPS3,0.3668045446276665,72.96252550198648,0.0
PHF20,0.3666646718978882,72.95715666272952,0.0
TRNAU1AP,0.3666555404663086,72.95178782347257,0.0
ODC1,0.36663818359375,72.94641898421561,0.0
IKBKAP,0.36661375463008883,72.94105014495867,0.0
SMAD5,0.36659533679485323,72.9356813057017,0.0
BRD9,0.3665687799453735,72.93031246644476,0.0
RHEB,0.36655049622058866,72.9249436271878,0.0
PRKCZ,0.366448837518692,72.91957478793086,0.0
MAML3,0.36642880737781525,72.9142059486739,0.0
EIF2B3,0.36642763912677767,72.90883710941695,0.0
PRKAR2B,0.3664037838578224,72.90346827015999,0.0
TERF2,0.36639459878206254,72.89809943090305,0.0
ARSJ,0.36639006435871124,72.89273059164609,0.0
CNOT10,0.36636440455913544,72.88736175238914,0.0
SLC34A2,0.366338375210762,72.88199291313218,0.0
RASSF5,0.3663249745965004,72.87662407387523,0.0
TBC1D31,0.3661657691001892,72.87125523461827,0.0
SPP1,0.36611785888671877,72.86588639536133,0.0
TINAGL1,0.36609287559986115,72.86051755610437,0.0
NRM,0.36602082997560503,72.85514871684742,0.0
CDK9,0.3660107463598251,72.84977987759046,0.0
MFSD12,0.3660046860575676,72.84441103833352,0.0
FNTB,0.36591785252094267,72.83904219907656,0.0
RABEP1,0.36590626239776614,72.83367335981961,0.0
PAPSS1,0.36584935486316683,72.82830452056265,0.0
DDX20,0.36578811407089235,72.8229356813057,0.0
ETS2,0.3657339558005333,72.81756684204875,0.0
PPRC1,0.36571532785892485,72.81219800279179,0.0
MAST2,0.3656667932868004,72.80682916353484,0.0
EIF3M,0.3656425029039383,72.80146032427788,0.0
RASAL2,0.3656139105558395,72.79609148502094,0.0
RBM5,0.3656079858541489,72.79072264576398,0.0
SGSM3,0.36560364365577697,72.78535380650703,0.0
TEX14,0.3654713124036789,72.77998496725007,0.0
CDK12,0.36546620428562165,72.77461612799313,0.0
PACSIN1,0.36541375070810317,72.76924728873617,0.0
GAK,0.36539767384529115,72.76387844947922,0.0
OLIG2,0.36516534686088564,72.75850961022226,0.0
AMD1,0.36512963473796844,72.75314077096532,0.0
TMEM38A,0.3650580883026123,72.74777193170836,0.0
AKT1,0.3650523528456688,72.74240309245141,0.0
ST3GAL5,0.3649769574403763,72.73703425319445,0.0
FABP4,0.36492284536361697,72.7316654139375,0.0
GRM8,0.36483981609344485,72.72629657468055,0.0
ZNF148,0.36474219560623167,72.7209277354236,0.0
ZNF135,0.36473615765571593,72.71555889616664,0.0
CFL2,0.36469902396202086,72.7101900569097,0.0
FBXL16,0.3646882504224777,72.70482121765275,0.0
ZWINT,0.3646394282579422,72.69945237839579,0.0
HYAL1,0.3646336257457733,72.69408353913884,0.0
ASCC3,0.36463166773319244,72.68871469988188,0.0
EXOSC3,0.3645384892821312,72.68334586062494,0.0
ALDH6A1,0.3644758343696594,72.67797702136798,0.0
SLC26A6,0.36436585932970045,72.67260818211103,0.0
PLAGL1,0.36435521245002744,72.66723934285407,0.0
DNAJC6,0.364260171353817,72.66187050359713,0.0
SESN1,0.3642303913831711,72.65650166434017,0.0
NPEPPS,0.36421596109867094,72.65113282508322,0.0
GSTK1,0.3642152637243271,72.64576398582626,0.0
JMJD7,0.3641680657863617,72.64039514656932,0.0
FKBP2,0.36398272663354875,72.63502630731236,0.0
UFC1,0.3639602422714233,72.62965746805541,0.0
PNP,0.3639511287212372,72.62428862879845,0.0
A1CF,0.36394416689872744,72.61891978954151,0.0
SPHK1,0.36394018232822417,72.61355095028455,0.0
OCM2,0.3639101207256317,72.6081821110276,0.0
FOXA1,0.36389902234077454,72.60281327177064,0.0
CPSF2,0.36388334929943084,72.5974444325137,0.0
D2HGDH,0.3638151496648788,72.59207559325674,0.0
B3GNT7,0.3637718930840492,72.58670675399979,0.0
HAL,0.36369870603084564,72.58133791474283,0.0
TRIM32,0.3636721251872334,72.57596907548589,1.0
SLC20A1,0.3636488080024719,72.57060023622893,0.0
DCDC2,0.3636280059814453,72.56523139697197,0.0
WSB2,0.3635565549135208,72.55986255771502,0.0
BCL2L11,0.3634963005781174,72.55449371845806,0.0
KCNA2,0.3634597331285477,72.54912487920112,0.0
CLDN9,0.3633108392357826,72.54375603994416,0.0
CEACAM1,0.36321310251951217,72.53838720068721,0.0
TNRC6B,0.3631679356098175,72.53301836143025,0.0
JUNB,0.3631569787859917,72.5276495221733,0.0
PTPRB,0.3631111294031143,72.52228068291635,0.0
NLRP3,0.36310511380434035,72.5169118436594,0.0
PPIH,0.36308289766311647,72.51154300440244,0.0
TERF1,0.36303907483816145,72.5061741651455,0.0
FDFT1,0.3629867061972618,72.50080532588854,0.0
BECN1,0.3628964513540268,72.49543648663159,0.0
TMEM109,0.36269268691539763,72.49006764737463,0.0
REV1,0.36256778836250303,72.48469880811768,0.0
USO1,0.3625445157289505,72.47932996886072,0.0
BICC1,0.3624105378985405,72.47396112960378,0.0
TAF7,0.36237974762916564,72.46859229034682,0.0
MRPS18C,0.3623552992939949,72.46322345108987,0.0
TWIST1,0.36231586039066316,72.45785461183291,0.0
ING5,0.36227686107158663,72.45248577257597,0.0
ANK3,0.36227638870477674,72.44711693331901,0.0
PML,0.3621555417776108,72.44174809406206,0.0
LRR1,0.36192707270383834,72.43637925480512,0.0
CDH2,0.36191119253635406,72.43101041554816,0.0
PCSK1N,0.361885792016983,72.42564157629121,0.0
NAA50,0.36186526864767077,72.42027273703425,0.0
TGFA,0.36161148399114607,72.41490389777731,0.0
LAT,0.3615535393357277,72.40953505852035,0.0
LCP1,0.3615391030907631,72.4041662192634,0.0
MARS2,0.361529266834259,72.39879738000644,0.0
CCL3,0.3615152209997177,72.3934285407495,0.0
PITPNA,0.36141874045133593,72.38805970149254,0.0
HK3,0.36141644716262816,72.38269086223559,0.0
MRM1,0.36139863133430483,72.37732202297863,0.0
IFI6,0.36136906445026395,72.37195318372169,0.0
SUCLG2,0.36134848892688753,72.36658434446473,0.0
TMEM173,0.36117007583379745,72.36121550520778,0.0
DMRT2,0.361099474132061,72.35584666595082,0.0
GBE1,0.3610505759716034,72.35047782669388,0.0
GLT8D2,0.3610163271427155,72.34510898743692,0.0
LRRFIP2,0.36092790961265564,72.33974014817997,0.0
BRPF1,0.360920912027359,72.33437130892301,0.0
NTF4,0.3608532264828682,72.32900246966607,0.0
ATG13,0.3608480036258698,72.3236336304091,0.0
FKBP11,0.3608223408460617,72.31826479115216,0.0
NCBP1,0.36075933277606964,72.3128959518952,0.0
ZIC5,0.3607592642307281,72.30752711263825,0.0
ALOX12B,0.3607477113604546,72.3021582733813,0.0
AQP11,0.36068036407232285,72.29678943412435,0.0
TUBB4A,0.360665038228035,72.29142059486739,0.0
GABARAPL2,0.3606576666235924,72.28605175561043,0.0
PSMD7,0.36062551885843275,72.28068291635348,0.0
P2RX4,0.36059499979019166,72.27531407709652,0.0
SFRP5,0.36057632863521577,72.26994523783958,0.0
SLC2A2,0.3605673938989639,72.26457639858262,0.0
IPO7,0.3605466648936272,72.25920755932567,0.0
GNAZ,0.36049988120794296,72.25383872006871,0.0
CXCR3,0.3604061618447304,72.24846988081177,0.0
PLCL1,0.36039564609527586,72.24310104155481,0.0
PPP2R5D,0.3603884428739548,72.23773220229786,0.0
ZNF772,0.3603757083415985,72.2323633630409,0.0
JPH1,0.3602882847189903,72.22699452378396,0.0
HIRIP3,0.3602069437503815,72.221625684527,0.0
TMEM30A,0.3601520821452141,72.21625684527005,0.0
PLA2G4A,0.3600685477256775,72.21088800601309,0.0
FBXO27,0.35994764417409897,72.20551916675615,0.0
TMPRSS2,0.3598483696579933,72.20015032749919,0.0
FCHO2,0.3597486436367035,72.19478148824224,0.0
HAMP,0.35971993654966355,72.18941264898528,0.0
PIGQ,0.3596914276480675,72.18404380972834,0.0
BIRC5,0.3596611648797989,72.17867497047138,0.0
MPRIP,0.3596079349517822,72.17330613121443,0.0
GK,0.35960098505020144,72.16793729195747,0.0
HMMR,0.3595794692635536,72.16256845270053,0.0
PYROXD1,0.3595788389444351,72.15719961344358,0.0
BDH1,0.3594715505838394,72.15183077418662,0.0
SEPT7,0.3594557002186775,72.14646193492968,0.0
FASTKD1,0.35943652391433717,72.14109309567272,0.0
EBF1,0.359334322810173,72.13572425641577,0.0
FBXO30,0.3593332588672638,72.13035541715881,0.0
FKBPL,0.3590733826160431,72.12498657790186,0.0
CYP1A2,0.3590538814663887,72.1196177386449,0.0
CREB3L3,0.358975376188755,72.11424889938796,0.0
NPTN,0.3588652119040489,72.108880060131,0.0
TOP1,0.3587953060865402,72.10351122087405,0.0
RBPJ,0.35873022973537444,72.0981423816171,0.0
TRPC7,0.3586838558316231,72.09277354236015,0.0
CBFA2T3,0.3586134299635887,72.08740470310319,0.0
GPC5,0.35859965085983275,72.08203586384624,0.0
TNRC6A,0.3585955321788788,72.07666702458928,0.0
DPH2,0.3584408342838287,72.07129818533234,0.0
FAM83D,0.35840331166982653,72.06592934607538,0.0
FAAH,0.3583366468548775,72.06056050681843,0.0
GOLIM4,0.3582257956266403,72.05519166756147,0.0
ZBTB17,0.35818029642105104,72.04982282830453,0.0
OXT,0.3581419363617897,72.04445398904757,0.0
LTA,0.35812889486551286,72.03908514979062,0.0
TNFRSF10C,0.35808696150779723,72.03371631053366,0.0
TBC1D13,0.35807337462902067,72.0283474712767,0.0
VRK2,0.35806535482406615,72.02297863201976,0.0
PLEKHB1,0.35803828537464144,72.0176097927628,0.0
CWC22,0.3580049693584442,72.01224095350585,0.0
SAP130,0.35790966749191283,72.00687211424889,0.0
MARCO,0.3578729748725891,72.00150327499195,0.0
YIF1A,0.357864236831665,71.99613443573499,0.0
MTFMT,0.3578583700268456,71.99076559647804,1.0
LIMCH1,0.3577038496732712,71.98539675722108,0.0
KCNJ16,0.3576576352119446,71.98002791796414,0.0
NCOA5,0.35758085548877716,71.97465907870718,0.0
AQP5,0.3575055658817291,71.96929023945023,0.0
RGCC,0.35744001865386965,71.96392140019327,0.0
PIK3R1,0.35734841972589493,71.95855256093633,0.0
GRM3,0.3573428183794022,71.95318372167937,0.0
LACTB2,0.3571554034948349,71.94781488242242,0.0
ALDH16A1,0.35714994817972184,71.94244604316546,0.0
AGPAT2,0.35712006241083144,71.93707720390852,0.0
MTCH2,0.3570704162120819,71.93170836465156,0.0
YME1L1,0.3570318728685379,71.92633952539461,0.0
C20orf24,0.35696705877780915,71.92097068613765,0.0
SLCO2A1,0.35695947557687757,71.9156018468807,0.0
ARL6IP4,0.35685971975326536,71.91023300762375,0.0
C9orf16,0.35682221204042436,71.9048641683668,0.0
BTF3,0.35676520466804507,71.89949532910984,0.0
PRKACB,0.3567002400755882,71.8941264898529,0.0
TYK2,0.3566884160041809,71.88875765059593,0.0
NINJ1,0.35661338865756986,71.88338881133899,0.0
STX10,0.3565929353237152,71.87801997208204,0.0
RING1,0.35642935931682584,71.87265113282508,0.0
CCNB1IP1,0.3563896268606186,71.86728229356814,0.0
TMEM160,0.3562686055898666,71.86191345431118,0.0
DNAH1,0.3562681883573532,71.85654461505423,0.0
SLC23A2,0.3562406554818153,71.85117577579727,0.0
ITGB1BP2,0.3562276899814606,71.84580693654033,0.0
GRIN2A,0.3561918556690216,71.84043809728337,0.0
TXNDC17,0.35613960325717925,71.83506925802642,0.0
PDE5A,0.35613544285297394,71.82970041876946,0.0
DUSP1,0.35612690448760986,71.82433157951252,0.0
STIM2,0.35607233345508577,71.81896274025556,0.0
UBXN7,0.35600552409887315,71.81359390099861,0.0
ROS1,0.35595573037862777,71.80822506174165,0.0
MYBL2,0.35593152940273287,71.8028562224847,0.0
OTUD4,0.3558767646551132,71.79748738322775,0.0
DECR2,0.35584621131420135,71.7921185439708,0.0
SCNN1G,0.3558236390352249,71.78674970471384,0.0
LDHAL6A,0.3557125419378281,71.7813808654569,0.0
ABCG1,0.35562598407268525,71.77601202619994,0.0
PRMT6,0.35558670163154604,71.77064318694299,0.0
ARHGEF12,0.3555583328008652,71.76527434768603,0.0
PUM1,0.3555425137281418,71.75990550842909,0.0
COPB2,0.355464206635952,71.75453666917213,0.0
PARK2,0.3554584622383118,71.74916782991517,0.0
CREBBP,0.3554442864260636,71.74379899065822,1.0
SCUBE3,0.355433352291584,71.73843015140126,0.0
TMEM14C,0.35539820194244387,71.73306131214432,0.0
PPP1R15B,0.35532606542110445,71.72769247288736,0.0
PROP1,0.35531092435121536,71.72232363363041,0.0
RFK,0.3552278995513916,71.71695479437345,0.0
ZBTB7B,0.35521691888570783,71.7115859551165,0.0
RPL32,0.355199022591114,71.70621711585954,0.0
FAIM,0.3551600366830826,71.7008482766026,0.0
NSMCE2,0.3551126771466636,71.69547943734564,1.0
SPOP,0.354988206923008,71.6901105980887,0.0
AIFM2,0.35496867448091507,71.68474175883173,0.0
KIF18A,0.35496497303247454,71.67937291957479,0.0
TUFM,0.3549423336982727,71.67400408031783,0.0
TAF4,0.35489484667778015,71.66863524106088,0.0
MRPL16,0.3548523336648941,71.66326640180392,0.0
RFC4,0.35483539551496507,71.65789756254698,0.0
ZFPM1,0.35476952493190766,71.65252872329002,0.0
IL23R,0.3545840382575989,71.64715988403307,0.0
DRD3,0.354578922688961,71.64179104477611,0.0
GABPB1,0.35454717129468916,71.63642220551917,0.0
KIF26A,0.35451432764530183,71.63105336626221,0.0
SLC25A26,0.354510760307312,71.62568452700526,0.0
PROKR2,0.35448518246412275,71.6203156877483,0.0
GPS1,0.354482989013195,71.61494684849136,0.0
PPME1,0.35444106757640836,71.6095780092344,0.0
CUTA,0.35439984053373336,71.60420916997745,0.0
PCYT2,0.35437834560871123,71.5988403307205,0.0
ZNF540,0.3542539864778519,71.59347149146355,0.0
SCN4A,0.35422621965408324,71.5881026522066,0.0
FAM210A,0.3542214959859848,71.58273381294964,0.0
MCL1,0.3542032837867737,71.5773649736927,0.0
FGF21,0.35414187908172606,71.57199613443574,0.0
RFT1,0.35413852632045745,71.56662729517879,0.0
IVNS1ABP,0.3541347324848175,71.56125845592183,0.0
MAP3K4,0.3541326314210892,71.55588961666489,0.0
PTGDS,0.35410586148500445,71.55052077740793,0.0
SLC6A3,0.35410278737545015,71.54515193815098,0.0
ADORA1,0.35391305536031725,71.53978309889402,0.0
GNG8,0.35386253893375397,71.53441425963707,0.0
PANX3,0.353686161339283,71.52904542038011,0.0
TRPM2,0.35362295657396314,71.52367658112317,0.0
GSTP1,0.35360808074474337,71.51830774186621,0.0
COL25A1,0.3534313663840294,71.51293890260926,0.0
ITIH2,0.3534301370382309,71.5075700633523,0.0
IDNK,0.35331307649612426,71.50220122409536,0.0
H1F0,0.353312224149704,71.4968323848384,0.0
CA13,0.3533092334866524,71.49146354558144,0.0
SEPHS1,0.35328738540411,71.4860947063245,0.0
GREM2,0.3532607972621918,71.48072586706753,0.0
NIP7,0.3531466081738472,71.47535702781059,0.0
CABLES2,0.35311069190502165,71.46998818855363,0.0
CERK,0.3530700594186783,71.46461934929668,0.0
SMARCA2,0.35305575281381607,71.45925051003972,0.0
RECQL4,0.3530523732304573,71.45388167078278,0.0
BIRC3,0.3530058413743973,71.44851283152582,0.0
SFXN5,0.3529673650860786,71.44314399226887,0.0
TFCP2,0.3529536366462708,71.43777515301191,0.0
PLAA,0.3528734683990479,71.43240631375497,0.0
ATP6V1C2,0.3528512254357338,71.42703747449801,0.0
DNAJC18,0.3528494268655777,71.42166863524106,0.0
ZNRD1,0.35280960351228713,71.4162997959841,0.0
AKAP2,0.352749228477478,71.41093095672716,0.0
SH3RF3,0.35261732041835786,71.4055621174702,0.0
CABP1,0.35259837210178374,71.40019327821325,0.0
RAP1GAP2,0.35254635512828825,71.39482443895629,0.0
DLL3,0.35243878811597823,71.38945559969935,0.0
RASA4,0.35241207778453826,71.38408676044239,0.0
DCPS,0.35240363478660586,71.37871792118544,0.0
LGALS4,0.3523282468318939,71.37334908192848,0.0
GAN,0.3522418633103371,71.36798024267154,0.0
MED29,0.35224081128835677,71.36261140341458,0.0
EIF5A,0.35218031108379366,71.35724256415763,0.0
SPINT2,0.35217868983745576,71.35187372490067,0.0
AFAP1,0.35213355869054797,71.34650488564372,0.0
RORA,0.35203910917043685,71.34113604638677,0.0
AHNAK,0.3519231915473938,71.33576720712982,0.0
ZFPM2,0.3518634706735611,71.33039836787286,0.0
FBL,0.3518587380647659,71.32502952861591,0.0
STAG1,0.3518178671598434,71.31966068935897,0.0
EMD,0.3517841652035713,71.31429185010201,0.0
RPSA,0.351704341173172,71.30892301084506,0.0
DHX57,0.35168173015117643,71.3035541715881,0.0
SLC11A1,0.3516094148159027,71.29818533233116,0.0
DSG4,0.3516042619943619,71.2928164930742,0.0
ACTR1B,0.35158959925174715,71.28744765381725,0.0
TRPS1,0.3514836698770523,71.2820788145603,0.0
PNPLA1,0.35146222710609437,71.27670997530335,0.0
CARD10,0.35141498744487765,71.27134113604639,0.0
CCNT2,0.3513448774814606,71.26597229678944,0.0
DIMT1,0.35133356899023055,71.26060345753248,0.0
UBTF,0.35131420493125914,71.25523461827554,0.0
SPOPL,0.3512977629899979,71.24986577901858,0.0
UBAC1,0.3511974111199379,71.24449693976163,0.0
ADAT3,0.3511918544769287,71.23912810050467,0.0
COL6A3,0.35118070244789124,71.23375926124773,0.0
FEZ1,0.3511275589466095,71.22839042199077,0.0
BAG3,0.3511262685060501,71.22302158273382,0.0
TNK2,0.35109827369451524,71.21765274347686,0.0
NR4A2,0.35105994939804075,71.2122839042199,0.0
EGLN1,0.35104466378688814,71.20691506496296,0.0
WASF1,0.35094695836305617,71.201546225706,0.0
ANKHD1,0.35077197998762133,71.19617738644905,0.0
LMBR1,0.3507360428571701,71.19080854719209,0.0
RGS16,0.3507178023457527,71.18543970793515,0.0
SUMO1,0.3507118970155716,71.18007086867819,0.0
TAF11,0.3506558507680893,71.17470202942124,0.0
MARK2,0.3505661770701408,71.16933319016428,0.0
PPP4R2,0.35056234151124954,71.16396435090734,0.0
AKR1C1,0.35053404569625857,71.15859551165038,0.0
BIRC2,0.3505340307950974,71.15322667239343,0.0
STS,0.35053294599056245,71.14785783313647,0.0
DCD,0.35039408653974535,71.14248899387952,0.0
FRY,0.35023913383483884,71.13712015462256,0.0
SENP2,0.3500632897019386,71.13175131536562,0.0
ABLIM3,0.3500256836414337,71.12638247610866,0.0
ADH1A,0.34996255189180375,71.12101363685171,0.0
BTBD3,0.3499383330345154,71.11564479759475,0.0
DDX28,0.34993350952863694,71.11027595833781,0.0
TRAF3,0.3499184638261795,71.10490711908085,0.0
RGP1,0.34985745549201963,71.0995382798239,0.0
COQ10A,0.3498140320181847,71.09416944056694,0.0
PDE4D,0.3497563198208809,71.08880060131,0.0
GDI2,0.34970955103635787,71.08343176205304,0.0
SBNO2,0.3496969699859619,71.0780629227961,0.0
CCNB2,0.34967834055423735,71.07269408353913,0.0
DLX1,0.3496746525168419,71.06732524428219,0.0
PGRMC1,0.3496302291750908,71.06195640502523,0.0
STOM,0.3496181309223175,71.05658756576828,0.0
DDX56,0.34961397796869276,71.05121872651134,0.0
OLR1,0.349454864859581,71.04584988725438,0.0
PDXDC1,0.349447101354599,71.04048104799743,0.0
MDH2,0.3493961352287172,71.03511220874047,1.0
MFSD5,0.34925569146871566,71.02974336948353,0.0
U2AF1,0.3492329254746437,71.02437453022657,0.0
CCNB1,0.3492055952548981,71.01900569096962,0.0
CCDC82,0.34908588230609894,71.01363685171266,0.0
LCN2,0.348897410929203,71.00826801245572,0.0
IL17F,0.3488299012184143,71.00289917319876,0.0
PEF1,0.3488263368606567,70.99753033394181,0.0
LIN7C,0.3486964344978333,70.99216149468485,0.0
PMS2,0.3486515209078789,70.9867926554279,0.0
ADAMTS20,0.34858200550079343,70.98142381617095,0.0
HLTF,0.34855835139751434,70.976054976914,0.0
C1QC,0.3485251247882843,70.97068613765704,0.0
C6orf106,0.3484745964407921,70.9653172984001,0.0
METAP2,0.3484123393893242,70.95994845914313,0.0
TRMT2A,0.34840036630630494,70.95457961988618,0.0
TBRG1,0.34839833378791807,70.94921078062923,0.0
CEBPD,0.3483449086546898,70.94384194137227,0.0
COG1,0.3482689321041107,70.93847310211532,0.0
FSHR,0.3482669278979301,70.93310426285836,0.0
GATAD2A,0.34821773022413255,70.92773542360142,0.0
ATPIF1,0.34819855690002444,70.92236658434446,0.0
POLR3F,0.3481589794158936,70.91699774508751,0.0
CUL1,0.3481381550431252,70.91162890583055,0.0
CACNB3,0.3481225401163101,70.90626006657361,0.0
GRPEL2,0.34809242337942126,70.90089122731665,0.0
MAP2K5,0.3480093628168106,70.8955223880597,0.0
TLE2,0.34799306392669677,70.89015354880274,0.0
DCTN4,0.3479789808392525,70.8847847095458,0.0
PA2G4,0.34795975089073183,70.87941587028884,0.0
CD28,0.34795393496751786,70.87404703103189,0.0
STK16,0.3478547975420952,70.86867819177493,0.0
EAF1,0.3477522745728493,70.86330935251799,0.0
CYP3A7,0.3477138072252274,70.85794051326103,0.0
GSDMD,0.3477058410644531,70.85257167400408,0.0
MAP3K8,0.34760956168174745,70.84720283474712,0.0
PFKP,0.34756335616111755,70.84183399549018,0.0
TRIM38,0.3473980247974396,70.83646515623322,0.0
RBM8A,0.347397680580616,70.83109631697627,0.0
ZNF573,0.34739726334810256,70.82572747771931,0.0
FBXO33,0.3473536178469658,70.82035863846237,0.0
MAP4K4,0.3473451316356659,70.8149897992054,0.0
FGA,0.3473435312509537,70.80962095994846,0.0
PABPC4L,0.3473361849784851,70.8042521206915,0.0
P4HA2,0.3473212867975235,70.79888328143456,0.0
MRPS14,0.3472807601094246,70.7935144421776,0.0
RAB28,0.3472225080889005,70.78814560292065,1.0
PHF5A,0.3472187802195549,70.78277676366369,0.0
TM7SF3,0.34720090925693514,70.77740792440675,0.0
CYP11B1,0.34707707315683367,70.7720390851498,0.0
EHD4,0.34696678519248964,70.76667024589284,0.0
CUL4B,0.34695131331682205,70.7613014066359,0.0
FKBP1A,0.34685441553592683,70.75593256737893,0.0
AP2M1,0.3467846229672432,70.75056372812199,0.0
SPEG,0.3466113984584808,70.74519488886503,0.0
CELF4,0.34656426012516023,70.73982604960808,0.0
GTF2F1,0.34656077474355695,70.73445721035112,0.0
HSPB2,0.34647941291332246,70.72908837109418,0.0
SLC16A8,0.34641250371932986,70.72371953183722,0.0
UGT8,0.3463524341583252,70.71835069258027,0.0
ISOC2,0.3462819755077362,70.71298185332331,0.0
CCNO,0.3462581306695938,70.70761301406637,0.0
SIK1,0.346238711476326,70.70224417480941,0.0
ADRA2C,0.3462380886077881,70.69687533555246,0.0
HECW2,0.3461892083287239,70.6915064962955,0.0
ETV3,0.34614166915416716,70.68613765703856,0.0
CCDC180,0.34608550667762755,70.6807688177816,0.0
SVIL,0.34606139808893205,70.67539997852464,0.0
ZC3H4,0.34595484286546707,70.67003113926769,0.0
PTP4A3,0.34588532894849777,70.66466230001073,0.0
WNT10B,0.34580512791872026,70.65929346075379,0.0
CHRDL2,0.34577821642160417,70.65392462149683,0.0
VAMP5,0.34577720165252684,70.64855578223987,0.0
TMEM68,0.3457003176212311,70.64318694298292,0.0
CCDC7,0.3456245243549347,70.63781810372596,0.0
PTPMT1,0.34553861021995547,70.63244926446902,0.0
FSTL1,0.34553394466638565,70.62708042521207,0.0
TIMM23,0.3454203426837921,70.62171158595511,0.0
SVEP1,0.34539022743701936,70.61634274669817,0.0
AR,0.34532437920570375,70.6109739074412,0.0
ZMIZ2,0.34518334567546843,70.60560506818426,0.0
MRPL44,0.34510247558355334,70.6002362289273,0.0
TARBP1,0.34501568228006363,70.59486738967036,0.0
RABGAP1L,0.3449962243437767,70.5894985504134,0.0
WNT11,0.34496183693408966,70.58412971115645,0.0
NSF,0.3449339002370834,70.57876087189949,0.0
MAGOH,0.3448555424809456,70.57339203264254,0.0
TMEM177,0.3447541266679764,70.56802319338559,0.0
SIPA1,0.3447469726204872,70.56265435412864,0.0
LMF1,0.3447009967223032,70.55728551487168,1.0
CXCR4,0.3444688215851784,70.55191667561473,0.0
PXMP4,0.34446409344673157,70.54654783635777,0.0
BRMS1L,0.3443587005138397,70.54117899710083,0.0
ITCH,0.3443098604679108,70.53581015784387,0.0
KREMEN2,0.34427783340215684,70.53044131858692,0.0
NCOA2,0.34407837986946105,70.52507247932996,0.0
PRSS1,0.34405273795127866,70.51970364007302,0.0
GRK6,0.34404159188270567,70.51433480081606,0.0
SLC30A5,0.344022823870182,70.50896596155911,0.0
SNX10,0.34392328560352325,70.50359712230215,0.0
LRP2BP,0.3438390702009201,70.49822828304521,0.0
WDR92,0.3438273072242737,70.49285944378826,0.0
MNT,0.3438086032867432,70.4874906045313,0.0
NCOA1,0.3437959998846054,70.48212176527436,0.0
NUP85,0.3437640070915222,70.4767529260174,0.0
SACM1L,0.34375576078891756,70.47138408676045,0.0
YEATS2,0.3436821013689041,70.46601524750349,0.0
MFAP5,0.3436171650886536,70.46064640824655,0.0
HGFAC,0.343597437441349,70.45527756898959,0.0
MEPCE,0.34353216737508774,70.44990872973264,0.0
HSPA8,0.34351986795663836,70.44453989047568,0.0
RABIF,0.3434936746954918,70.43917105121874,0.0
HBZ,0.3434813737869263,70.43380221196178,0.0
TMED10,0.34347754865884783,70.42843337270483,0.0
MAPK11,0.343443700671196,70.42306453344787,0.0
FLVCR1,0.3434413590164848,70.41769569419091,1.0
HSD3B7,0.3434295803308487,70.41232685493397,0.0
LPA,0.3433678448200226,70.406958015677,0.0
CHIC1,0.34336649179458617,70.40158917642006,0.0
ENPP3,0.3433360904455185,70.3962203371631,0.0
ASAP3,0.3433110684156418,70.39085149790616,0.0
IL1RN,0.34329912066459656,70.3854826586492,0.0
NUP93,0.3431245431303978,70.38011381939225,0.0
DNALI1,0.34298825562000274,70.37474498013529,0.0
SLIT1,0.34288463890552523,70.36937614087833,0.0
NKIRAS2,0.3428726077079773,70.36400730162138,0.0
SPHK2,0.34284951239824296,70.35863846236444,0.0
NTNG2,0.34281488955020906,70.35326962310748,0.0
AMOT,0.34276016503572465,70.34790078385053,0.0
AFF3,0.3427213475108147,70.34253194459357,0.0
ITIH5,0.3426773473620415,70.33716310533663,0.0
ARHGDIA,0.3426362872123718,70.33179426607967,0.0
QARS,0.34251950681209564,70.32642542682272,0.0
PPP1R35,0.3425128012895584,70.32105658756576,0.0
LRRC39,0.34249900430440905,70.31568774830882,0.0
NFX1,0.3424138844013214,70.31031890905186,0.0
UBL5,0.34236458539962766,70.30495006979491,0.0
MCAT,0.3423508286476135,70.29958123053795,0.0
OPRM1,0.34223839491605756,70.29421239128101,0.0
PTPN12,0.34211323261260984,70.28884355202405,0.0
ZNF512,0.34205690771341324,70.2834747127671,0.0
IL12RB1,0.34203841984272004,70.27810587351014,0.0
MYH3,0.3420368105173111,70.2727370342532,0.0
GNL2,0.34202357828617097,70.26736819499624,0.0
LYN,0.34200701415538787,70.26199935573929,0.0
CCT4,0.3420063450932503,70.25663051648233,0.0
KIF26B,0.34198775589466096,70.25126167722539,0.0
PSMB4,0.34194119572639464,70.24589283796843,0.0
AREL1,0.34193904846906664,70.24052399871148,0.0
GMIP,0.3419045299291611,70.23515515945452,0.0
CD59,0.3418494924902916,70.22978632019758,0.0
FANCF,0.3417354866862297,70.22441748094062,0.0
GAB2,0.3416648879647255,70.21904864168367,0.0
RAB22A,0.34165223836898806,70.21367980242673,0.0
SLC25A4,0.34161386340856553,70.20831096316977,0.0
SHROOM3,0.3415797710418701,70.20294212391282,0.0
PNPLA2,0.34157964289188386,70.19757328465586,0.0
GSKIP,0.3415007948875427,70.19220444539891,0.0
ARF1,0.34148187190294266,70.18683560614195,0.0
CENPC,0.3414398193359375,70.18146676688501,0.0
CLASP1,0.3413685292005539,70.17609792762805,0.0
KIF13B,0.341299307346344,70.1707290883711,0.0
PLEKHF1,0.3411423295736313,70.16536024911414,0.0
TEP1,0.34114099442958834,70.1599914098572,0.0
PADI2,0.34103910624980927,70.15462257060024,0.0
PPP3CA,0.3410071060061455,70.1492537313433,0.0
ZNF142,0.3409213423728943,70.14388489208633,0.0
ZNF337,0.34088542610406875,70.13851605282937,0.0
MCUR1,0.3407463118433952,70.13314721357243,0.0
CLCN6,0.3407094344496727,70.12777837431547,0.0
POP4,0.3406457394361496,70.12240953505852,0.0
TRAF4,0.34062325954437256,70.11704069580156,0.0
SUSD2,0.34059675335884093,70.1116718565446,0.0
IDE,0.34058408439159393,70.10630301728766,0.0
EPCAM,0.3404504358768463,70.1009341780307,0.0
DPH3,0.3404193609952927,70.09556533877375,0.0
A2M,0.3403986617922783,70.0901964995168,0.0
LANCL1,0.34035956412553786,70.08482766025985,0.0
EPC1,0.34033448696136476,70.0794588210029,0.0
KCNJ2,0.3403114706277847,70.07408998174594,0.0
PPP1R21,0.340276962518692,70.068721142489,0.0
KIAA1161,0.34016844928264617,70.06335230323204,0.0
ST6GALNAC4,0.34009951800107957,70.05798346397509,0.0
SMARCAD1,0.34004066586494447,70.05261462471813,0.0
SLC7A1,0.3400106757879257,70.04724578546119,0.0
RRP8,0.33993923515081403,70.04187694620423,0.0
CACNG4,0.3399140894412994,70.03650810694728,0.0
ATP7A,0.33986198753118513,70.03113926769032,0.0
NDN,0.339858315885067,70.02577042843338,0.0
HSP90B1,0.3398421362042427,70.02040158917642,0.0
MID2,0.3398241356015205,70.01503274991947,0.0
POLR3G,0.3398130714893341,70.00966391066251,0.0
MRPS23,0.33981305956840513,70.00429507140556,0.0
ALAD,0.3397843182086945,69.9989262321486,0.0
CDHR2,0.3397631376981735,69.99355739289166,0.0
RAD21,0.3397630974650383,69.9881885536347,0.0
CCDC28B,0.3396688520908356,69.98281971437775,0.0
AP4B1,0.33964471220970155,69.9774508751208,0.0
TNR,0.3395832613110542,69.97208203586385,0.0
CYSTM1,0.33955974876880646,69.96671319660689,0.0
MYH7B,0.3394559323787689,69.96134435734994,0.0
SP100,0.33942042887210844,69.95597551809298,0.0
MAD2L1,0.3393286630511284,69.95060667883604,0.0
RUVBL2,0.33932686150074004,69.94523783957908,0.0
PIWIL2,0.33931160867214205,69.93986900032213,0.0
ARMC4,0.33922168165445327,69.93450016106519,0.0
USP18,0.3392129704356194,69.92913132180823,0.0
VPS39,0.33906162679195406,69.92376248255128,0.0
CLDN10,0.33905872106552126,69.91839364329432,0.0
MGRN1,0.3390203699469566,69.91302480403738,0.0
ARAF,0.3390122950077057,69.90765596478042,0.0
RFX4,0.3390106335282326,69.90228712552347,0.0
GNPTG,0.3389315754175186,69.89691828626651,0.0
CCDC60,0.338798451423645,69.89154944700957,0.0
DNAJC24,0.33871531039476394,69.8861806077526,0.0
UBE2H,0.33870120346546173,69.88081176849565,0.0
GPRC5B,0.33868739753961563,69.8754429292387,0.0
NAPB,0.33867535889148714,69.87007408998174,0.0
SCUBE2,0.3386075600981712,69.8647052507248,0.0
CD247,0.33855885863304136,69.85933641146784,0.0
VPS51,0.33855234980583193,69.85396757221089,0.0
MYO1B,0.3384403124451637,69.84859873295393,0.0
NME6,0.3383434355258942,69.84322989369699,0.0
EXOC3L4,0.338319531083107,69.83786105444003,0.0
CYB5R1,0.338154225051403,69.83249221518307,0.0
IL2RG,0.3381196141242981,69.82712337592612,0.0
NKX6-2,0.3379649817943573,69.82175453666916,0.0
MESDC2,0.3378829389810562,69.81638569741222,0.0
TRPV1,0.33781532049179075,69.81101685815526,0.0
ANO10,0.33780535608530043,69.80564801889831,0.0
C16orf13,0.33778408765792844,69.80027917964136,0.0
NHEJ1,0.33770793825387957,69.7949103403844,0.0
E4F1,0.337700842320919,69.78954150112746,0.0
EPB42,0.3376926228404045,69.7841726618705,0.0
TBX6,0.3376262128353119,69.77880382261355,0.0
ZNF35,0.3375836327672005,69.7734349833566,0.0
LMCD1,0.33757234215736387,69.76806614409965,0.0
RBBP6,0.3375185027718544,69.76269730484269,0.0
NFYA,0.33744936585426333,69.75732846558574,0.0
KTN1,0.3373955816030502,69.75195962632878,0.0
CBWD1,0.3373937249183655,69.74659078707184,0.0
HIC1,0.3372129127383232,69.74122194781488,0.0
DNAH9,0.3371674373745918,69.73585310855793,0.0
SEPT9,0.3371490612626076,69.73048426930097,0.0
KDM5C,0.3371484264731407,69.72511543004403,0.0
DDX19B,0.3370740324258804,69.71974659078707,0.0
TMEFF2,0.33705773651599885,69.71437775153012,0.0
OLFML3,0.33703953921794894,69.70900891227316,0.0
MAGEE1,0.3370069459080696,69.70364007301622,0.0
HKDC1,0.3369935691356659,69.69827123375926,0.0
TMEM161B,0.336944942176342,69.69290239450231,0.0
FECH,0.3369424819946289,69.68753355524535,0.0
NFE2L3,0.33690550178289413,69.6821647159884,0.0
SERTAD3,0.33685359805822374,69.67679587673145,0.0
PIK3CB,0.33677624315023424,69.6714270374745,0.0
MPHOSPH6,0.3367669403553009,69.66605819821756,0.0
LATS2,0.33660392463207245,69.6606893589606,0.0
CCDC88B,0.33644484877586367,69.65532051970365,0.0
STT3A,0.3364294320344925,69.64995168044669,0.0
SLIT3,0.33637153804302217,69.64458284118975,0.0
NUBPL,0.33637106269598005,69.63921400193279,0.0
CCT8,0.336366967856884,69.63384516267584,0.0
EIF2AK2,0.33623407036066055,69.62847632341888,0.0
HBB,0.3361169923653548,69.62310748416193,1.0
ID4,0.33610410541296004,69.61773864490497,0.0
PYCRL,0.3360994070768356,69.61236980564803,0.0
SEL1L,0.3360150009393692,69.60700096639107,0.0
SUGP1,0.3360124319791794,69.60163212713411,0.0
PLCG2,0.33591547012329104,69.59626328787716,0.0
HNRNPC,0.33587106466293337,69.5908944486202,0.0
STK40,0.3358257219195366,69.58552560936326,0.0
LGR6,0.3357689931988716,69.5801567701063,0.0
KLHL1,0.3357441246509552,69.57478793084934,0.0
NOXO1,0.33570289313793183,69.5694190915924,0.0
DDAH1,0.3355638384819031,69.56405025233543,0.0
RAD51B,0.33551235795021056,69.55868141307849,0.0
IST1,0.3355084449052811,69.55331257382153,0.0
SLC1A2,0.33549132496118544,69.54794373456458,0.0
FAAH2,0.3354810029268265,69.54257489530762,0.0
ANKRD2,0.3353974103927612,69.53720605605068,0.0
ADM,0.33538315147161485,69.53183721679372,0.0
F2,0.3353724300861359,69.52646837753677,0.0
PPM1D,0.33532742261886594,69.52109953827983,0.0
ZSCAN4,0.3352919101715088,69.51573069902287,0.0
LCAT,0.33515962958335876,69.51036185976592,0.0
MSC,0.3351590380072594,69.50499302050896,0.0
KTI12,0.3351090133190155,69.49962418125202,0.0
SLC5A3,0.33505203723907473,69.49425534199506,0.0
XKR8,0.33502882719039917,69.48888650273811,0.0
EPYC,0.3349695116281509,69.48351766348115,0.0
CCDC97,0.3348777636885643,69.4781488242242,0.0
FXR1,0.33484993427991866,69.47277998496725,0.0
IPMK,0.3348319798707962,69.4674111457103,0.0
TMOD2,0.33476635813713074,69.46204230645334,0.0
COPS5,0.3347475826740265,69.4566734671964,0.0
OSGEP,0.3347108483314514,69.45130462793944,0.0
APPL2,0.33448305279016494,69.44593578868249,0.0
ABCD3,0.33442422598600385,69.44056694942553,0.0
MID1IP1,0.334397691488266,69.43519811016859,0.0
TSPAN7,0.334346105158329,69.42982927091163,0.0
RAD51,0.33424967229366304,69.42446043165468,0.0
MUTYH,0.3341384828090668,69.41909159239772,0.0
GKN1,0.3341070666909218,69.41372275314077,0.0
LRRCC1,0.33393012285232543,69.40835391388381,0.0
POLR2A,0.3338771238923073,69.40298507462687,0.0
ARNT2,0.3338115617632866,69.39761623536991,0.0
CEP78,0.33380339126248926,69.39224739611296,1.0
AAAS,0.3338002681732178,69.38687855685602,0.0
SPRYD3,0.33379956930875776,69.38150971759906,0.0
RAB2A,0.33366614282131196,69.37614087834211,0.0
EIF3K,0.33365788012743,69.37077203908515,0.0
ZFP57,0.33356873989105223,69.36540319982821,0.0
HLA-B,0.3335291862487793,69.36003436057125,0.0
TXNDC9,0.33352796286344527,69.3546655213143,0.0
ARHGAP44,0.33348234444856645,69.34929668205734,0.0
TAF4B,0.33345594704151155,69.34392784280038,0.0
MGLL,0.3333662450313568,69.33855900354344,0.0
TRUB2,0.3332559734582901,69.33319016428648,0.0
HECTD3,0.3332334905862808,69.32782132502953,0.0
DLST,0.33307588696479795,69.32245248577257,0.0
PLEKHJ1,0.33302569687366484,69.31708364651563,0.0
KLB,0.3329968675971031,69.31171480725867,0.0
ZFR,0.332879850268364,69.30634596800172,0.0
NFASC,0.33285007178783416,69.30097712874476,0.0
FBXL12,0.33284804224967957,69.2956082894878,0.0
ARFGAP2,0.3328332334756851,69.29023945023086,0.0
CCM2L,0.3328308016061783,69.2848706109739,0.0
COMTD1,0.3327796086668968,69.27950177171695,0.0
SFTPD,0.3326961055397987,69.27413293245999,0.0
CCDC85A,0.3326935902237892,69.26876409320305,0.0
OR2H1,0.3326528087258339,69.26339525394609,0.0
ZNF827,0.33264809995889666,69.25802641468914,0.0
CTF1,0.3326470136642456,69.25265757543218,0.0
HDDC2,0.3326277852058411,69.24728873617524,0.0
DOK1,0.3326039403676987,69.24191989691829,0.0
PTCD2,0.3325983539223671,69.23655105766133,0.0
ABCE1,0.33258271515369414,69.23118221840438,0.0
S100A9,0.3325259774923325,69.22581337914743,0.0
AKNA,0.3325175330042839,69.22044453989048,0.0
LGALS3,0.33247746974229814,69.21507570063352,0.0
SRP72,0.33245010375976564,69.20970686137657,0.0
XPO1,0.3324414223432541,69.20433802211961,0.0
DKK2,0.33242649137973784,69.19896918286267,0.0
MYL1,0.33242219835519793,69.19360034360571,0.0
SLC6A11,0.332344351708889,69.18823150434876,0.0
VMA21,0.3322730973362923,69.1828626650918,0.0
GMPS,0.3322526976466179,69.17749382583486,0.0
NDOR1,0.3322365343570709,69.1721249865779,0.0
ADAMTSL5,0.33214646577835083,69.16675614732095,0.0
TMTC3,0.3321364551782608,69.161387308064,0.0
AGFG1,0.3321020156145096,69.15601846880705,0.0
POLR1B,0.3320530250668526,69.15064962955009,0.0
TIRAP,0.3319922000169754,69.14528079029314,0.0
TARSL2,0.33197347819805145,69.13991195103618,0.0
SLMAP,0.33196561187505724,69.13454311177924,0.0
ENO2,0.3319380685687065,69.12917427252228,0.0
CLIP4,0.33186052888631823,69.12380543326533,0.0
CD14,0.3317948907613754,69.11843659400837,0.0
NOP10,0.33170911073684695,69.11306775475143,0.0
FADS2,0.3316521182656288,69.10769891549448,0.0
FBXO25,0.33164178133010863,69.10233007623752,0.0
MFF,0.3316337540745735,69.09696123698058,0.0
SP5,0.3316068485379219,69.09159239772362,0.0
MAPK6,0.33157089352607727,69.08622355846667,0.0
ZNF423,0.33152601828101935,69.08085471920971,1.0
RAB4B,0.3314909443259239,69.07548587995277,0.0
EPDR1,0.3314829975366592,69.0701170406958,0.0
DUS4L,0.331462137401104,69.06474820143885,0.0
CPNE3,0.33139548301696775,69.0593793621819,0.0
RPL29,0.33136377334594724,69.05401052292494,0.0
POU6F1,0.33129931092262266,69.048641683668,0.0
A4GALT,0.33129494786262514,69.04327284441104,0.0
NRXN3,0.33121039122343066,69.03790400515408,0.0
GPC2,0.3311839163303375,69.03253516589713,0.0
ATXN2,0.3309979379177094,69.02716632664017,0.0
HRAS,0.33099168390035627,69.02179748738322,0.0
RTCA,0.33096454441547396,69.01642864812626,0.0
CNTN1,0.3308974578976631,69.01105980886932,0.0
DPP3,0.3308813959360123,69.00569096961236,0.0
FKBP7,0.3308675065636635,69.00032213035541,0.0
COQ4,0.3308377876877785,68.99495329109845,0.0
HSDL2,0.3308219790458679,68.98958445184151,0.0
HGS,0.330763566493988,68.98421561258455,0.0
MAD2L2,0.33069529980421064,68.9788467733276,0.0
FBXO5,0.33068659603595735,68.97347793407066,0.0
SV2A,0.330682772397995,68.9681090948137,0.0
SMG6,0.33063644021749494,68.96274025555675,0.0
ZNF354A,0.3306215971708298,68.9573714162998,0.0
VAMP1,0.3306191489100456,68.95200257704285,0.0
RPL27,0.3305515214800835,68.94663373778589,0.0
ARID5B,0.3304308921098709,68.94126489852894,0.0
ST3GAL3,0.3303911298513412,68.93589605927198,0.0
CHAD,0.33034141808748246,68.93052722001504,0.0
DZANK1,0.3302950158715248,68.92515838075808,0.0
AASS,0.33021923452615737,68.91978954150113,0.0
EPOR,0.33017398715019225,68.91442070224417,0.0
SSBP1,0.3300731241703033,68.90905186298723,0.0
CCDC150,0.3300485506653786,68.90368302373027,0.0
MIDN,0.33000513911247253,68.89831418447332,0.0
COPS2,0.33000007569789885,68.89294534521636,0.0
BCL11A,0.3299176901578903,68.88757650595942,0.0
BTBD9,0.3299170196056366,68.88220766670246,0.0
EEF1D,0.3299107015132904,68.87683882744551,0.0
C19orf52,0.3298976257443428,68.87146998818855,0.0
OBP2A,0.3298151850700378,68.8661011489316,0.0
NIPSNAP1,0.32970387637615206,68.86073230967465,0.0
CLCN1,0.3296907007694244,68.8553634704177,0.0
CMC2,0.3296662360429764,68.84999463116074,0.0
LIN54,0.32965744435787203,68.8446257919038,0.0
MRPL14,0.32959971874952315,68.83925695264683,0.0
HSD17B2,0.3295237600803375,68.83388811338989,0.0
CDH16,0.32939196825027467,68.82851927413294,0.0
PTPN22,0.32933036066910637,68.82315043487598,1.0
TAF15,0.3293251633644104,68.81778159561904,0.0
BRDT,0.32927689552307127,68.81241275636208,0.0
WIPF2,0.32922116219997405,68.80704391710512,0.0
ANAPC4,0.3290606841444969,68.80167507784817,0.0
MRPL51,0.3290376767516136,68.79630623859121,0.0
NLGN2,0.3290252238512039,68.79093739933427,0.0
NXF3,0.3289104953408241,68.78556856007731,0.0
MBTPS2,0.3288544610142708,68.78019972082036,0.0
CYB561D2,0.3286943048238754,68.7748308815634,0.0
SNAPIN,0.3286750853061676,68.76946204230646,0.0
C1QTNF5,0.32866848851660735,68.7640932030495,1.0
LOX,0.3286650389432907,68.75872436379254,0.0
NSMCE4A,0.32862628996372223,68.75335552453559,0.0
GOLGA7B,0.3285761848092079,68.74798668527863,0.0
RAP1B,0.32857382744550706,68.74261784602169,0.0
AURKB,0.32855580300092696,68.73724900676473,0.0
CNOT6,0.3285356640815735,68.73188016750778,0.0
MRPS12,0.32843692749738695,68.72651132825082,0.0
PCLO,0.32843400686979296,68.72114248899388,0.0
UGP2,0.32840546369552615,68.71577364973692,0.0
ASIC2,0.3283864624798298,68.71040481047997,0.0
RC3H1,0.32835285514593127,68.70503597122301,0.0
NDFIP1,0.3282278209924698,68.69966713196607,0.0
DNMT3L,0.32811605632305146,68.69429829270912,0.0
TSTA3,0.32806379348039627,68.68892945345216,0.0
VIL1,0.32804462015628816,68.68356061419522,0.0
PPP1R12A,0.3280209392309189,68.67819177493826,0.0
MAGED2,0.3279478758573532,68.67282293568131,0.0
VCPIP1,0.3279142275452614,68.66745409642435,0.0
FGFRL1,0.3278422072529793,68.6620852571674,0.0
C10orf76,0.32780645340681075,68.65671641791045,0.0
MGAT1,0.3277911737561226,68.6513475786535,0.0
INSRR,0.32771980911493304,68.64597873939654,0.0
FAM174A,0.32769285291433337,68.6406099001396,0.0
ADRA1A,0.32767539769411086,68.63524106088263,0.0
SYP,0.3276022344827652,68.62987222162569,0.0
RNF31,0.32759861201047896,68.62450338236873,0.0
DMBX1,0.3275907188653946,68.61913454311178,0.0
MOB2,0.32754144072532654,68.61376570385482,0.0
PRDX3,0.3274857342243195,68.60839686459788,0.0
WASL,0.32741899937391283,68.60302802534092,0.0
ARHGEF39,0.32741021513938906,68.59765918608397,0.0
GH1,0.32736779302358626,68.59229034682701,0.0
PXMP2,0.3273499310016632,68.58692150757007,0.0
AZIN1,0.32726262509822845,68.58155266831311,0.0
ARRB2,0.32723943144083023,68.57618382905616,0.0
HLA-C,0.32723922580480574,68.5708149897992,0.0
NT5DC3,0.32716151624917983,68.56544615054226,0.0
TLL2,0.3271299108862877,68.5600773112853,0.0
S100A14,0.3271168261766434,68.55470847202835,0.0
GATM,0.32708184123039247,68.5493396327714,0.0
TNIP2,0.3270595595240593,68.54397079351445,0.0
BLOC1S4,0.3270224392414093,68.5386019542575,0.0
SPCS3,0.32701446413993834,68.53323311500054,0.0
EAF2,0.32698009759187696,68.52786427574358,0.0
GAMT,0.3269548907876015,68.52249543648664,0.0
TNFRSF11A,0.3268632336642391,68.51712659722968,1.0
ACTR2,0.32686176598072053,68.51175775797273,0.0
SLC35F2,0.3267480432987213,68.50638891871577,0.0
RAX2,0.3266847267579497,68.50102007945881,1.0
POT1,0.32665621042251586,68.49565124020187,0.0
PDCD1LG2,0.3266491606831551,68.4902824009449,0.0
CD226,0.32659600526094434,68.48491356168796,0.0
PARK7,0.32651947885751725,68.479544722431,0.0
ADRA2B,0.3265115350484848,68.47417588317406,0.0
TNNI1,0.3264977395534515,68.4688070439171,0.0
RLIM,0.32645689100027087,68.46343820466015,0.0
TMPO,0.3263539120554924,68.45806936540319,0.0
ENAH,0.32631662040948867,68.45270052614624,0.0
OGDH,0.3262941658496857,68.44733168688929,0.0
KAT7,0.3260625511407852,68.44196284763234,0.0
DYM,0.32603435814380644,68.43659400837538,0.0
RPS6KA5,0.3260306030511856,68.43122516911843,0.0
ZBTB33,0.32598924487829206,68.42585632986147,0.0
FUT2,0.32595189958810805,68.42048749060453,0.0
RUFY1,0.3259401470422745,68.41511865134758,0.0
OTUD6B,0.3259247064590454,68.40974981209062,0.0
CCHCR1,0.32591536045074465,68.40438097283368,0.0
ACSM1,0.3258586436510086,68.39901213357672,0.0
PAOX,0.32577904462814333,68.39364329431977,0.0
KLF3,0.3257105603814125,68.38827445506281,0.0
FABP1,0.3256633758544922,68.38290561580587,0.0
FAM91A1,0.32559687197208403,68.37753677654891,0.0
CPNE4,0.32555803954601287,68.37216793729196,0.0
PTGES3,0.3254827305674553,68.366799098035,0.0
NCF1,0.3254084184765816,68.36143025877806,0.0
ARPC3,0.32539518624544145,68.3560614195211,0.0
CACNG6,0.325385819375515,68.35069258026415,0.0
RNF213,0.3253168433904648,68.34532374100719,0.0
NUP35,0.3253143161535263,68.33995490175025,0.0
CYYR1,0.32527346163988113,68.33458606249329,0.0
ZMYND10,0.3251252070069313,68.32921722323634,0.0
PASK,0.32510857433080675,68.32384838397938,0.0
SLC39A10,0.3250801175832748,68.31847954472244,0.0
CFLAR,0.3250517353415489,68.31311070546548,0.0
PLD2,0.32496032416820525,68.30774186620853,0.0
LRRC7,0.3249100774526596,68.30237302695157,0.0
THOC5,0.3248314067721367,68.29700418769463,0.0
SH3BGRL2,0.32482783645391466,68.29163534843767,0.0
SH3TC2,0.32479419112205504,68.28626650918072,0.0
NAA35,0.32474844008684156,68.28089766992377,0.0
CFP,0.32474438697099683,68.27552883066681,0.0
DBNL,0.3246299266815186,68.27015999140986,0.0
CLGN,0.32461801916360855,68.26479115215291,0.0
METTL13,0.3246007815003395,68.25942231289595,0.0
PCYT1B,0.3244330778717995,68.254053473639,0.0
RIPK4,0.3243973791599274,68.24868463438204,0.0
MOV10,0.3243659049272537,68.2433157951251,0.0
CES3,0.32427981197834016,68.23794695586814,0.0
SMCHD1,0.32418832913777673,68.2325781166112,1.0
CTGF,0.32411562502384184,68.22720927735423,0.0
MIA3,0.32406845688819885,68.22184043809727,0.0
ACOT13,0.32398579865694044,68.21647159884033,0.0
STRBP,0.3239733144640923,68.21110275958337,0.0
PTPN9,0.32396111488342283,68.20573392032642,0.0
PLIN3,0.3239304021000862,68.20036508106946,0.0
SHROOM2,0.32392982095479966,68.19499624181252,0.0
PAK1,0.3238898769021034,68.18962740255556,0.0
IRF2,0.3238618314266205,68.18425856329861,0.0
CIAO1,0.3238545596599579,68.17888972404165,0.0
ZMYM2,0.32382292449474337,68.17352088478471,0.0
TYSND1,0.3238193929195404,68.16815204552775,0.0
TENM3,0.323797181360284,68.1627832062708,1.0
ZC3H11A,0.32374399304389956,68.15741436701384,0.0
PRPSAP2,0.3237170770764351,68.1520455277569,0.0
EPB41L2,0.3236065223813057,68.14667668849994,0.0
UMPS,0.32357213348150254,68.14130784924299,0.0
ABCB9,0.3235346108675003,68.13593900998605,0.0
HDAC5,0.3235053136944771,68.13057017072909,0.0
EEF2,0.3234789133071899,68.12520133147214,0.0
IRF1,0.323412312567234,68.11983249221518,0.0
SSFA2,0.3233655646443367,68.11446365295824,0.0
KLHL40,0.3233548864722252,68.10909481370128,0.0
VGLL2,0.3232816904783249,68.10372597444433,0.0
COX16,0.323263181746006,68.09835713518737,0.0
ZBTB40,0.32322234809398653,68.09298829593043,0.0
SERPINB5,0.323221892118454,68.08761945667347,0.0
NRK,0.323188753426075,68.08225061741652,0.0
TFAM,0.32307137846946715,68.07688177815956,0.0
NMT1,0.3230538010597229,68.07151293890261,0.0
ADAM22,0.3230029851198196,68.06614409964565,0.0
CNOT4,0.32299155443906785,68.06077526038871,0.0
PIWIL1,0.32292569279670713,68.05540642113175,0.0
MEP1B,0.32288004010915755,68.0500375818748,0.0
SPG20,0.3228799611330032,68.04466874261784,0.0
LRP8,0.32287517189979553,68.0392999033609,0.0
SYK,0.3228726595640182,68.03393106410394,0.0
ACTR3,0.322797991335392,68.028562224847,0.0
SSBP4,0.32269084453582764,68.02319338559003,0.0
CHAF1A,0.32258161008358,68.01782454633309,0.0
TRPC4,0.32257446050643923,68.01245570707613,0.0
ATP10D,0.32250890135765076,68.00708686781918,0.0
SNX13,0.3225050002336502,68.00171802856224,0.0
DACT1,0.3224872529506683,67.99634918930528,0.0
DISP2,0.32246132493019103,67.99098035004832,0.0
SLN,0.322390154004097,67.98561151079137,0.0
WISP2,0.322257062792778,67.98024267153441,0.0
AREG,0.3222431570291519,67.97487383227747,0.0
GALNT18,0.32216801941394807,67.96950499302051,0.0
PYCR2,0.32214336693286894,67.96413615376355,0.0
COL27A1,0.3221402242779732,67.9587673145066,0.0
EMC7,0.3221357613801956,67.95339847524964,0.0
CHFR,0.322131821513176,67.9480296359927,0.0
CEP85,0.3220843955874443,67.94266079673574,0.0
FUT8,0.32207622975111005,67.93729195747879,0.0
ARFGAP1,0.32204192578792573,67.93192311822183,0.0
MIER1,0.32199459373950956,67.92655427896489,0.0
CLEC1B,0.3219872072339058,67.92118543970793,0.0
CNTN5,0.32198493778705595,67.91581660045098,0.0
BPGM,0.3219676986336708,67.91044776119402,0.0
DNAH2,0.32195119708776476,67.90507892193708,0.0
NAB1,0.32193356454372407,67.89971008268012,0.0
PIGL,0.321904720154716,67.89434124342317,1.0
DROSHA,0.3218769460916519,67.88897240416621,0.0
OCIAD1,0.3217976987361908,67.88360356490927,0.0
TANGO2,0.32177954018115995,67.8782347256523,0.0
TNFRSF10D,0.32174856662750245,67.87286588639536,0.0
EEA1,0.3216958031058311,67.8674970471384,0.0
TRMT13,0.32168232202529906,67.86212820788145,0.0
GINM1,0.3216602861881256,67.85675936862451,0.0
PTPRO,0.321600204706192,67.85139052936755,0.0
UBE2O,0.32157128751277925,67.8460216901106,0.0
GATA5,0.32155907452106475,67.84065285085364,0.0
GOLGA5,0.32153343707323073,67.8352840115967,0.0
FOXRED1,0.3215058996171803,67.82991517233974,1.0
SHISA2,0.3214960440993309,67.8245463330828,0.0
C1QA,0.32147144675254824,67.81917749382583,0.0
CHRNA1,0.32146328687667847,67.81380865456889,0.0
TMEM187,0.3212468773126602,67.80843981531193,0.0
CD68,0.32124665230512617,67.80307097605498,0.0
PIGB,0.32121518403291704,67.79770213679802,0.0
METTL25,0.3211765423417091,67.79233329754108,0.0
S1PR4,0.3210267752408981,67.78696445828412,0.0
ZDHHC9,0.3210236459970474,67.78159561902717,0.0
TCAP,0.32092311829328535,67.77622677977021,0.0
GCM1,0.32092091590166094,67.77085794051327,0.0
VIP,0.3209073722362518,67.7654891012563,0.0
SIRT4,0.3209036499261856,67.76012026199936,0.0
MED22,0.3208508208394051,67.7547514227424,0.0
MEN1,0.32076604664325714,67.74938258348546,0.0
ATAD3C,0.320751690864563,67.7440137442285,0.0
MSRA,0.3207335740327835,67.73864490497155,0.0
GADD45A,0.32068280279636385,67.73327606571459,0.0
WDR77,0.3206600844860077,67.72790722645765,0.0
PRPF4B,0.32060062438249587,67.72253838720069,0.0
OLA1,0.32053572982549666,67.71716954794374,0.0
CSN1S1,0.320505128800869,67.71180070868678,0.0
WDR25,0.3204383358359337,67.70643186942984,0.0
SNAPC2,0.3204088926315308,67.70106303017288,0.0
SEPT5,0.3203604266047478,67.69569419091593,0.0
APEH,0.32029797285795214,67.69032535165897,0.0
KCNJ1,0.32023238241672514,67.68495651240201,0.0
HDAC8,0.32022991627454755,67.67958767314506,0.0
COG4,0.32022218555212023,67.6742188338881,0.0
SPATA13,0.320211735367775,67.66884999463116,0.0
RBPMS2,0.32012818604707716,67.6634811553742,0.0
IFRD1,0.3201191246509552,67.65811231611725,0.0
TIA1,0.3201077625155449,67.6527434768603,0.0
CGGBP1,0.3201024740934372,67.64737463760335,0.0
KDM2A,0.320099213719368,67.64200579834639,0.0
ARID4A,0.32007769495248795,67.63663695908944,0.0
DCAF6,0.320044019818306,67.63126811983248,0.0
TRIP13,0.320032911002636,67.62589928057554,0.0
CDC42BPB,0.32000461518764495,67.62053044131858,0.0
C2orf40,0.3199417874217033,67.61516160206163,0.0
MDFI,0.31987412869930265,67.60979276280467,0.0
RNLS,0.3197666957974434,67.60442392354773,0.0
GSK3B,0.31971590369939806,67.59905508429077,0.0
CACNA2D2,0.3196708545088768,67.59368624503382,0.0
YY1,0.31954633742570876,67.58831740577688,0.0
PHOX2A,0.3195281282067299,67.58294856651992,0.0
BMP6,0.31949796080589293,67.57757972726297,0.0
ZNF536,0.3193452447652817,67.57221088800601,0.0
CAD,0.31929813176393507,67.56684204874907,0.0
AMPH,0.3192515656352043,67.5614732094921,0.0
GNG7,0.31922861039638517,67.55610437023516,0.0
HNRNPA2B1,0.31916227787733076,67.5507355309782,0.0
MUC2,0.31915801763534546,67.54536669172126,0.0
TLE3,0.3190663054585457,67.5399978524643,0.0
SUPT6H,0.3190248042345047,67.53462901320735,0.0
CBLB,0.31898069232702253,67.52926017395039,0.0
VAMP8,0.31887377202510836,67.52389133469345,0.0
TMEM189,0.3187718614935875,67.51852249543649,0.0
GSTA3,0.3187254533171654,67.51315365617954,0.0
TTI1,0.3185937628149986,67.50778481692258,0.0
MAGI1,0.31854560822248457,67.50241597766563,0.0
CER1,0.3185409650206566,67.49704713840867,0.0
PTPRG,0.3184778615832329,67.49167829915173,0.0
ZNF668,0.3183640569448471,67.48630945989477,0.0
TARS,0.31834671050310137,67.48094062063782,0.0
MLF2,0.3183420717716217,67.47557178138086,0.0
RBM39,0.31821996718645096,67.47020294212392,0.0
ATP5J2,0.3181657463312149,67.46483410286696,0.0
TCF3,0.31804182976484296,67.45946526361001,0.0
SERPINB6,0.31799615919589996,67.45409642435305,0.0
DDX1,0.31789629757404325,67.44872758509611,0.0
DDT,0.31785892844200136,67.44335874583915,0.0
KAT5,0.3178007185459137,67.4379899065822,0.0
BDKRB2,0.31778258085250854,67.43262106732524,0.0
C3orf62,0.31771797984838485,67.42725222806828,0.0
RNF2,0.3177162677049637,67.42188338881134,0.0
CCNC,0.31764326989650726,67.41651454955438,0.0
GCC1,0.3176182985305786,67.41114571029743,0.0
GHITM,0.31760910898447037,67.40577687104047,0.0
TRIM33,0.3175997003912926,67.40040803178353,0.0
CCNH,0.3175896227359772,67.39503919252657,0.0
DCLK1,0.3174953952431679,67.38967035326962,0.0
RNASEL,0.3174782782793045,67.38430151401266,0.0
SBNO1,0.3174086049199104,67.37893267475572,0.0
STUB1,0.3173448547720909,67.37356383549876,0.0
GTF2IRD1,0.31729278713464737,67.36819499624181,0.0
RNASEH2C,0.3172801032662392,67.36282615698485,0.0
C1GALT1,0.3172620087862015,67.3574573177279,0.0
RAD23A,0.3171085223555565,67.35208847847095,0.0
GSTA4,0.31707801669836044,67.346719639214,0.0
MATR3,0.31707706302404404,67.34135079995704,0.0
MAGEA1,0.31694979071617124,67.3359819607001,0.0
TMEM246,0.3169166252017021,67.33061312144314,0.0
SAFB,0.31690713763237,67.32524428218619,0.0
ESYT3,0.31684820502996447,67.31987544292923,0.0
HNRNPH2,0.3168283089995384,67.31450660367229,0.0
RFC3,0.31677513271570207,67.30913776441534,0.0
MORC3,0.31676842272281647,67.30376892515838,0.0
EDN3,0.3167527124285698,67.29840008590143,0.0
WAC,0.3167335033416748,67.29303124664447,0.0
USP30,0.3167135551571846,67.28766240738753,0.0
SPIRE1,0.3166691452264786,67.28229356813057,0.0
MVD,0.31651668101549146,67.27692472887362,0.0
AUP1,0.3163085594773293,67.27155588961666,0.0
EBP,0.31625527143478394,67.26618705035972,0.0
SEC61A2,0.31613327711820605,67.26081821110276,0.0
NR1H3,0.31604939252138137,67.25544937184581,0.0
IDI1,0.3160227909684181,67.25008053258885,0.0
PLA2G7,0.31600657254457476,67.24471169333191,0.0
GLP2R,0.315933358669281,67.23934285407495,0.0
TRIM56,0.3159230396151543,67.233974014818,0.0
MRPS17,0.3158877521753311,67.22860517556104,0.0
TUBB6,0.3158830597996712,67.2232363363041,0.0
UBE2L3,0.3158677041530609,67.21786749704714,0.0
ATP9B,0.3158580303192139,67.21249865779019,0.0
ACMSD,0.3157183021306992,67.20712981853323,0.0
FASTKD3,0.3157017588615417,67.20176097927629,0.0
ZMYND8,0.31563636660575867,67.19639214001933,0.0
KCNQ5,0.31562079191207887,67.19102330076238,0.0
SH3TC1,0.31560010761022567,67.18565446150542,0.0
ASGR2,0.3155532911419868,67.18028562224848,0.0
MYOCD,0.31554795801639557,67.17491678299152,0.0
EIF3H,0.3155388221144676,67.16954794373457,0.0
SLC22A18,0.31551961600780487,67.16417910447761,0.0
CHMP7,0.3154575899243355,67.15881026522067,0.0
PRMT7,0.31543610244989395,67.1534414259637,0.0
CKMT1A,0.3154051184654236,67.14807258670675,0.0
SHPK,0.31536451876163485,67.1427037474498,0.0
ETV5,0.31532600373029707,67.13733490819284,0.0
P2RY4,0.3152909889817238,67.1319660689359,0.0
CACNA1B,0.31527020782232285,67.12659722967894,0.0
APOBEC3B,0.31516864597797395,67.12122839042199,0.0
CTNNAL1,0.3149689480662346,67.11585955116503,0.0
IL20RA,0.31493726968765257,67.11049071190808,0.0
HOXA3,0.31490793377161025,67.10512187265113,0.0
CPEB2,0.3148018553853035,67.09975303339418,0.0
PPP2R1B,0.31475828438997266,67.09438419413722,0.0
SPDEF,0.3147262632846832,67.08901535488027,0.0
FBXL5,0.31471696943044664,67.08364651562331,0.0
CEBPZ,0.3146830677986145,67.07827767636637,0.0
CTPS2,0.314682325720787,67.07290883710941,0.0
PAN2,0.31453224569559096,67.06753999785246,0.0
POLG2,0.3145060703158379,67.0621711585955,0.0
FLRT2,0.3144359588623047,67.05680231933856,0.0
SLC26A2,0.3143809616565704,67.0514334800816,0.0
SPO11,0.31429136395454405,67.04606464082465,0.0
FLT3,0.31413347870111463,67.0406958015677,0.0
ZBTB7C,0.31412280052900315,67.03532696231075,0.0
GOLGA3,0.3140844628214836,67.0299581230538,0.0
BACH1,0.31395164877176285,67.02458928379684,0.0
CD99L2,0.31385927498340604,67.0192204445399,0.0
PGK1,0.31384250670671465,67.01385160528294,0.0
DCTN6,0.3138134241104126,67.00848276602599,0.0
CDC73,0.31377093493938446,67.00311392676903,0.0
TRIB2,0.31372296512126924,66.99774508751209,0.0
ALG13,0.3137066513299942,66.99237624825513,0.0
TP53I3,0.31368155777454376,66.98700740899818,0.0
AGO1,0.31355787366628646,66.98163856974122,0.0
MRPS16,0.3134132236242294,66.97626973048428,0.0
PUM2,0.31332896649837494,66.97090089122732,0.0
WRAP73,0.3132995545864105,66.96553205197037,0.0
KIAA0196,0.31323671638965606,66.96016321271341,0.0
CHD3,0.3131351053714752,66.95479437345647,0.0
LOXL4,0.31307477653026583,66.9494255341995,0.0
GRHPR,0.3130674883723259,66.94405669494256,0.0
GALNT1,0.31306224316358566,66.9386878556856,0.0
MAP1LC3B2,0.3130122497677803,66.93331901642865,0.0
HMG20A,0.3130009829998016,66.9279501771717,0.0
RBM25,0.3129779979586601,66.92258133791475,0.0
FAM177A1,0.3129659712314606,66.91721249865779,0.0
CLDN12,0.31295354217290877,66.91184365940084,0.0
HSD17B11,0.3129514932632446,66.90647482014388,0.0
DGCR14,0.31292284429073336,66.90110598088694,0.0
SDCCAG3,0.31289342492818834,66.89573714162998,0.0
RSPO3,0.3128914460539818,66.89036830237302,0.0
C4orf27,0.3128597214818001,66.88499946311607,0.0
HGSNAT,0.3128105416893959,66.87963062385911,0.0
TOMM20,0.31279875338077545,66.87426178460217,0.0
PCNA,0.31274970024824145,66.86889294534521,0.0
MBOAT7,0.31271921694278715,66.86352410608826,0.0
ZMIZ1,0.31265527606010435,66.8581552668313,0.0
CSF2,0.31263443231582644,66.85278642757436,0.0
HLA-E,0.3124449387192726,66.8474175883174,0.0
SUMF2,0.3124306946992874,66.84204874906045,0.0
SART3,0.3123661518096924,66.8366799098035,0.0
TXN,0.3123575016856194,66.83131107054655,0.0
ADD1,0.3123363688588142,66.82594223128959,0.0
MEOX2,0.31231841146945954,66.82057339203264,0.0
CRYZ,0.3122936949133873,66.81520455277568,0.0
C7orf25,0.3122893273830414,66.80983571351874,0.0
VAV1,0.31227565109729766,66.80446687426178,0.0
GCFC2,0.3122201770544052,66.79909803500483,0.0
CTBP1,0.3122028186917305,66.79372919574787,0.0
UHRF2,0.312189108133316,66.78836035649093,0.0
SORBS3,0.3121112108230591,66.78299151723397,0.0
UBE2J1,0.3120694100856781,66.77762267797702,0.0
SUV39H1,0.3120625138282776,66.77225383872006,0.0
SCAMP3,0.3120552137494087,66.76688499946312,0.0
COPB1,0.3120314940810204,66.76151616020616,0.0
PSMC3,0.31202840209007265,66.75614732094921,0.0
HIST1H1D,0.31195310056209563,66.75077848169227,0.0
GOLGB1,0.31189681589603424,66.7454096424353,0.0
KCNQ2,0.3118819147348404,66.74004080317836,0.0
TARS2,0.3118555545806885,66.7346719639214,0.0
AP2B1,0.31165225356817244,66.72930312466445,0.0
GRID1,0.3116239905357361,66.7239342854075,0.0
DHX58,0.3116126790642738,66.71856544615055,0.0
EN2,0.3115581303834915,66.71319660689359,0.0
UBE2I,0.31154817938804624,66.70782776763664,0.0
FBXO43,0.31154434084892274,66.70245892837968,0.0
GTF2I,0.3115236535668373,66.69709008912274,0.0
NAGPA,0.311478228867054,66.69172124986578,0.0
FGR,0.3113980770111084,66.68635241060883,0.0
DCAF8,0.3113939255475998,66.68098357135187,0.0
SAA2,0.31138163805007935,66.67561473209493,0.0
DHX40,0.31133565306663513,66.67024589283797,0.0
HOXB9,0.3112000167369843,66.66487705358102,0.0
GGN,0.31117363423109057,66.65950821432406,0.0
CCIN,0.31116055995225905,66.65413937506712,0.0
SUMO3,0.3110793024301529,66.64877053581016,0.0
RSF1,0.311032646894455,66.64340169655321,0.0
TNFSF13,0.3109660431742668,66.63803285729625,0.0
INO80C,0.31095305234193804,66.6326640180393,0.0
KIAA0430,0.31090887188911437,66.62729517878235,0.0
EPN2,0.310906346142292,66.6219263395254,0.0
KCNH3,0.310761097073555,66.61655750026844,0.0
TBX10,0.31064034551382064,66.61118866101148,0.0
CLDN7,0.3105194002389908,66.60581982175454,0.0
GFRA1,0.31050957441329957,66.60045098249758,0.0
ANXA11,0.310481958091259,66.59508214324063,0.0
HTR4,0.31041670888662337,66.58971330398367,0.0
PSME1,0.31013530045747756,66.58434446472673,0.0
CACNA1A,0.3100304871797562,66.57897562546977,0.0
KIAA0319L,0.31002710163593294,66.57360678621282,0.0
ZSCAN22,0.3099980756640434,66.56823794695586,0.0
TLE4,0.3099285468459129,66.56286910769892,0.0
ZFP36L2,0.3097990706562996,66.55750026844196,0.0
BAG1,0.30979484468698504,66.55213142918501,0.0
RSL1D1,0.30977542549371717,66.54676258992805,0.0
YTHDF2,0.3097440615296364,66.5413937506711,0.0
NPPC,0.30973954647779467,66.53602491141415,0.0
CIC,0.30973917096853254,66.5306560721572,0.0
RAD54L2,0.3097378358244896,66.52528723290024,0.0
SH3GL2,0.30971690714359285,66.5199183936433,0.0
CD8A,0.3096919596195221,66.51454955438633,0.0
TXNDC5,0.30964620411396027,66.50918071512939,0.0
WWP2,0.30961798280477526,66.50381187587243,0.0
SH3GL3,0.30960064828395845,66.49844303661548,0.0
MORN1,0.3095315173268318,66.49307419735852,0.0
SCUBE1,0.3094214215874672,66.48770535810158,0.0
UBL3,0.30940704345703124,66.48233651884462,0.0
PPA2,0.30938285738229754,66.47696767958767,0.0
WDR6,0.30933230072259904,66.47159884033073,0.0
RPS27,0.3092988893389702,66.46623000107377,0.0
TNIP1,0.3092805743217468,66.46086116181682,0.0
TANC2,0.30926988571882247,66.45549232255986,0.0
KCNIP3,0.3091960772871971,66.45012348330292,0.0
PXN,0.3091289266943932,66.44475464404596,0.0
ACKR3,0.30911892354488374,66.43938580478901,0.0
CBR4,0.30910369008779526,66.43401696553205,0.0
ZNF467,0.309044161438942,66.4286481262751,0.0
YKT6,0.30903728157281873,66.42327928701815,0.0
POLR3E,0.30901854336261747,66.4179104477612,0.0
ATP5E,0.30898930728435514,66.41254160850424,0.0
NOL11,0.3089642435312271,66.4071727692473,0.0
SLC11A2,0.3089591398835182,66.40180392999034,0.0
CCDC124,0.3089278399944305,66.39643509073339,0.0
RNF7,0.30892451107501984,66.39106625147643,0.0
DNAJB9,0.3088847428560257,66.38569741221949,0.0
AK9,0.30874567329883573,66.38032857296253,0.0
INADL,0.3087133541703224,66.37495973370558,0.0
MAP10,0.3086570084095001,66.36959089444862,0.0
MEOX1,0.3086330071091652,66.36422205519168,0.0
DOK4,0.3085630968213081,66.35885321593472,0.0
SHC3,0.3085345238447189,66.35348437667776,0.0
PCP2,0.3085272669792175,66.34811553742081,0.0
TBC1D16,0.3083777233958244,66.34274669816385,0.0
TUBA4A,0.3083517447113991,66.3373778589069,0.0
NEK2,0.3083382814895971,66.33200901964995,1.0
PCBP4,0.30831951051950457,66.326640180393,0.0
RTN4,0.3082569658756256,66.32127134113604,0.0
FER,0.30825542062520983,66.3159025018791,0.0
CTSF,0.30813476741313933,66.31053366262213,0.0
AQP2,0.3081232950091362,66.30516482336519,0.0
CHRNG,0.30811577886343,66.29979598410823,0.0
IK,0.30811395943164827,66.29442714485128,0.0
HCFC1,0.30804979652166364,66.28905830559432,0.0
CECR5,0.3079501658678055,66.28368946633738,0.0
AVP,0.3079495385289192,66.27832062708042,0.0
BCO2,0.3079484343528748,66.27295178782347,0.0
UBA1,0.3079375758767128,66.26758294856651,0.0
GBAS,0.3079268604516983,66.26221410930957,0.0
ARID3B,0.3079050585627556,66.25684527005261,0.0
SH3RF1,0.30789697617292405,66.25147643079566,0.0
RPS15A,0.30783836990594865,66.2461075915387,0.0
STMN1,0.3077750071883202,66.24073875228176,0.0
CD63,0.3077059507369995,66.2353699130248,0.0
EIF2AK1,0.3076751813292503,66.23000107376785,0.0
MYT1,0.30755404382944107,66.22463223451089,0.0
INTS2,0.30752040892839433,66.21926339525395,0.0
CARM1,0.30750557631254194,66.21389455599699,0.0
CA5B,0.3074911803007126,66.20852571674004,0.0
PRSS23,0.30746251046657563,66.2031568774831,0.0
AUTS2,0.30745328813791273,66.19778803822614,0.0
APBA2,0.3074321120977402,66.19241919896919,0.0
BNC1,0.3074288085103035,66.18705035971223,0.0
TUBA1A,0.3073860377073288,66.18168152045529,0.0
BMP10,0.3073618084192276,66.17631268119833,0.0
MRRF,0.3073597803711891,66.17094384194138,0.0
AVPR2,0.30735422521829603,66.16557500268442,0.0
RBFOX2,0.3073206081986427,66.16020616342747,0.0
COBL,0.3072794333100319,66.15483732417051,0.0
CLOCK,0.30727719962596894,66.14946848491357,0.0
SOST,0.3072656452655792,66.14409964565661,0.0
ZNF197,0.3071967601776123,66.13873080639966,0.0
THAP7,0.30718456506729125,66.1333619671427,0.0
SEC31A,0.30714592933654783,66.12799312788576,0.0
CSPP1,0.3069832181408457,66.1226242886288,1.0
SRM,0.30697055011987684,66.11725544937185,0.0
DCTD,0.3069681316614151,66.1118866101149,0.0
LENG1,0.30693129152059556,66.10651777085795,0.0
LTF,0.3068447545170784,66.10114893160099,0.0
CCNF,0.3068151459097862,66.09578009234404,0.0
ZKSCAN8,0.306750451028347,66.09041125308708,0.0
TRMT5,0.3067198067903519,66.08504241383014,0.0
TUBA1B,0.30666757076978685,66.07967357457318,0.0
CERS2,0.3066099643707275,66.07430473531622,0.0
FCGRT,0.30655119121074675,66.06893589605927,0.0
ADRM1,0.30652383267879485,66.06356705680231,0.0
TAOK2,0.30627321898937226,66.05819821754537,0.0
CLPX,0.3061999469995499,66.05282937828841,0.0
PIEZO2,0.30608003671758727,66.04746053903146,1.0
ABI1,0.3060723185539246,66.0420916997745,0.0
DRD5,0.30604669600725176,66.03672286051756,0.0
CRYBB1,0.30602349489927294,66.0313540212606,0.0
CLNS1A,0.3059823736548424,66.02598518200365,0.0
TNNI3,0.30597217231988905,66.02061634274669,0.0
GPBP1,0.3059549450874329,66.01524750348975,0.0
HNRNPM,0.3059435784816742,66.00987866423279,0.0
AP1M2,0.30591653287410736,66.00450982497584,0.0
TMEM126A,0.30588190704584123,65.99914098571888,0.0
EZH1,0.3058745861053467,65.99377214646194,0.0
PATZ1,0.30586234778165816,65.98840330720498,0.0
SNX15,0.30586163103580477,65.98303446794803,0.0
STXBP1,0.3058283060789108,65.97766562869107,0.0
TMEM9,0.3058244168758392,65.97229678943413,0.0
RANBP9,0.3056288778781891,65.96692795017717,0.0
XAF1,0.3056125596165657,65.96155911092022,0.0
FGFR1OP2,0.30552003979682923,65.95619027166326,0.0
GJA4,0.3054507955908775,65.95082143240631,0.0
KRT35,0.3054445579648018,65.94545259314935,0.0
AFAP1L2,0.3054288998246193,65.94008375389241,0.0
SP2,0.3053343966603279,65.93471491463545,0.0
VARS,0.3053212076425552,65.9293460753785,0.0
ATP6V1E1,0.30528798085320125,65.92397723612156,1.0
CUX2,0.3052256017923355,65.9186083968646,0.0
PGAP3,0.3051886916160583,65.91323955760765,0.0
DPF2,0.30517581254243853,65.9078707183507,0.0
VWA8,0.3051326259970665,65.90250187909375,0.0
PINX1,0.30512658804655074,65.89713303983679,0.0
CHRDL1,0.30508229732513426,65.89176420057984,0.0
TRIP6,0.30507464408874513,65.88639536132288,0.0
DNAJC30,0.3050613343715668,65.88102652206594,0.0
CHD6,0.3050323501229286,65.87565768280898,0.0
ZRANB1,0.3050069808959961,65.87028884355203,0.0
RAB21,0.30499752163887023,65.86492000429507,0.0
ACAA1,0.30482432544231414,65.85955116503813,0.0
MEGF6,0.3047833725810051,65.85418232578117,0.0
RAB40C,0.3047387316823006,65.84881348652422,0.0
STRN4,0.30473616868257525,65.84344464726726,0.0
FNDC3A,0.3047209605574608,65.83807580801032,0.0
ME2,0.3047207832336426,65.83270696875336,0.0
APOA2,0.30471374839544296,65.82733812949641,0.0
RTF1,0.30468856990337373,65.82196929023945,0.0
PRDX4,0.3046422749757767,65.81660045098249,0.0
NMD3,0.3045912876725197,65.81123161172555,0.0
NIT1,0.3045728713274002,65.80586277246859,0.0
KCNK4,0.3045470640063286,65.80049393321164,0.0
DNAJB7,0.30452401041984556,65.79512509395468,0.0
CORO1A,0.3044904589653015,65.78975625469774,0.0
LASP1,0.30444374233484267,65.78438741544078,0.0
SLC6A2,0.3043648272752762,65.77901857618383,0.0
AGK,0.3043471172451973,65.77364973692687,0.0
NUP153,0.3043092548847198,65.76828089766992,0.0
CERS3,0.3042654812335968,65.76291205841297,0.0
STXBP5,0.3042572781443596,65.75754321915602,0.0
MGST2,0.30420367419719696,65.75217437989906,0.0
ASPG,0.3042009070515633,65.74680554064211,0.0
GRIN3A,0.3041516408324242,65.74143670138515,0.0
SLC25A1,0.3041174188256264,65.73606786212821,0.0
COMT,0.3041100472211838,65.73069902287125,0.0
WRNIP1,0.3040682539343834,65.7253301836143,0.0
CNIH4,0.30402775257825854,65.71996134435734,0.0
SMUG1,0.3040104016661644,65.7145925051004,0.0
CPB2,0.3040061995387077,65.70922366584344,0.0
POLR2G,0.30387732535600664,65.7038548265865,0.0
CD7,0.30383076816797255,65.69848598732953,0.0
ATP1A4,0.3038181871175766,65.69311714807259,0.0
ASGR1,0.3037658125162125,65.68774830881563,0.0
KLHL4,0.3036112055182457,65.68237946955868,0.0
RBMS2,0.3036104887723923,65.67701063030172,0.0
EEF1A1,0.30359133780002595,65.67164179104478,0.0
KPNA1,0.30347765386104586,65.66627295178782,0.0
FMNL1,0.30339222997426984,65.66090411253087,0.0
EFHD2,0.3033267617225647,65.65553527327391,0.0
CDK2AP1,0.30330616384744646,65.65016643401697,0.0
SCYL3,0.3032649740576744,65.64479759476002,0.0
SPATA18,0.30326493084430695,65.63942875550306,0.0
GTF3C3,0.3032514601945877,65.63405991624612,0.0
NKD1,0.3032408967614174,65.62869107698916,0.0
CCDC110,0.3032361134886742,65.62332223773221,0.0
SLC2A6,0.303203646838665,65.61795339847525,0.0
RAN,0.30319544970989226,65.6125845592183,0.0
YWHAG,0.30317851305007937,65.60721571996135,0.0
PTPRD,0.3031433567404747,65.6018468807044,0.0
DDHD2,0.3029622152447701,65.59647804144744,0.0
DFNA5,0.30293571799993513,65.5911092021905,0.0
TBC1D17,0.3028541669249535,65.58574036293354,0.0
TTPA,0.3027967005968094,65.58037152367659,0.0
ZCRB1,0.302684074640274,65.57500268441963,0.0
CFD,0.30267166197299955,65.56963384516268,0.0
ALG2,0.30261482745409013,65.56426500590572,0.0
LPAR4,0.30256792306900027,65.55889616664878,0.0
WDR48,0.30249130427837373,65.55352732739182,0.0
NOL7,0.30244984179735185,65.54815848813487,0.0
HSDL1,0.3024287149310112,65.54278964887791,0.0
GIGYF1,0.3024139553308487,65.53742080962095,0.0
TP53RK,0.30234150886535643,65.53205197036401,0.0
SRCAP,0.30226788520812986,65.52668313110705,0.0
TPCN1,0.3022643581032753,65.5213142918501,0.0
PKP4,0.30224955826997757,65.51594545259314,0.0
GOLGA2,0.30223275125026705,65.5105766133362,0.0
NKX3-1,0.302157835662365,65.50520777407924,0.0
ILF3,0.3021390214562416,65.4998389348223,0.0
PGD,0.30208270251750946,65.49447009556533,0.0
SFPQ,0.3020578518509865,65.48910125630839,0.0
PGM5,0.3020166128873825,65.48373241705143,0.0
AAR2,0.30194673389196397,65.47836357779448,0.0
NFE2,0.3019335925579071,65.47299473853752,0.0
RAP1GDS1,0.3019164755940437,65.46762589928058,0.0
ACOT1,0.30188167095184326,65.46225706002362,0.0
PPID,0.3018747910857201,65.45688822076667,0.0
PON2,0.3018368065357208,65.45151938150971,0.0
C5orf30,0.3018100932240486,65.44615054225277,0.0
SERPINE2,0.3018034785985947,65.4407817029958,0.0
MRE11A,0.3017707258462906,65.43541286373886,0.0
TALDO1,0.30173160135746,65.4300440244819,0.0
MORF4L1,0.3017305791378021,65.42467518522496,0.0
ARHGEF1,0.3016732409596443,65.419306345968,0.0
PLA2G12A,0.30167251229286196,65.41393750671105,0.0
RGS3,0.30150963068008424,65.40856866745409,0.0
GSTO1,0.301459538936615,65.40319982819715,0.0
MED11,0.301435349881649,65.39783098894019,0.0
SLC6A19,0.30140474140644075,65.39246214968324,0.0
HIST1H1C,0.3013943418860435,65.38709331042628,0.0
CTCF,0.30128118544816973,65.38172447116933,0.0
H3F3A,0.301254840195179,65.37635563191238,0.0
CYHR1,0.30115130692720415,65.37098679265543,0.0
LARS2,0.3011409342288971,65.36561795339848,0.0
CNN3,0.3010753408074379,65.36024911414152,0.0
RBM18,0.301066966354847,65.35488027488458,0.0
TRAF2,0.30094401389360426,65.34951143562762,0.0
COLEC11,0.30091357231140137,65.34414259637067,0.0
TMEM120B,0.30086494237184525,65.33877375711371,0.0
ARTN,0.3008200615644455,65.33340491785677,0.0
MED31,0.3008052259683609,65.32803607859981,0.0
RANBP3,0.3007969453930855,65.32266723934286,0.0
CDH17,0.30069713294506073,65.3172984000859,0.0
SHB,0.3006278544664383,65.31192956082896,0.0
SIGMAR1,0.30061582624912264,65.306560721572,0.0
KRT76,0.30060342848300936,65.30119188231505,0.0
HLA-DOA,0.30048586130142213,65.29582304305809,0.0
CDH6,0.3003726199269295,65.29045420380115,0.0
CYP3A5,0.3003613919019699,65.28508536454419,0.0
GIT1,0.30033995658159257,65.27971652528723,0.0
GLRX5,0.30030836910009384,65.27434768603028,0.0
CREB5,0.30030172765254975,65.26897884677332,0.0
CLEC7A,0.300239659845829,65.26361000751638,0.0
EMC4,0.3001556843519211,65.25824116825942,0.0
DNAL4,0.30014499425888064,65.25287232900247,0.0
KRT34,0.30013166964054105,65.24750348974551,0.0
ABT1,0.30011172592639923,65.24213465048857,0.0
CD97,0.3001079484820366,65.2367658112316,0.0
MAPK8IP1,0.3000253975391388,65.23139697197466,0.0
INPP4A,0.30001594573259355,65.2260281327177,0.0
PRKAA2,0.29996504485607145,65.22065929346076,0.0
FOXL1,0.299879652261734,65.2152904542038,0.0
MAP3K15,0.29985612332820893,65.20992161494685,0.0
TRMT11,0.29980425387620924,65.20455277568989,0.0
PDCD7,0.29977338314056395,65.19918393643295,0.0
GPD1,0.2997140496969223,65.19381509717599,0.0
YTHDC2,0.2997004762291908,65.18844625791904,0.0
TRAF5,0.2996807783842087,65.18307741866208,0.0
ZIC1,0.2996495604515076,65.17770857940513,0.0
R3HDM1,0.2996184915304184,65.17233974014817,0.0
DUSP7,0.29951467663049697,65.16697090089123,0.0
PAM16,0.29945036619901655,65.16160206163427,0.0
COL14A1,0.29944911152124404,65.15623322237732,0.0
MYBPC3,0.2994345217943192,65.15086438312036,0.0
POLR2L,0.29942881762981416,65.14549554386342,0.0
HSPE1,0.29940920472145083,65.14012670460646,0.0
IRF3,0.2993977203965187,65.13475786534951,0.0
COX19,0.2993170291185379,65.12938902609255,0.0
NQO1,0.2993022814393044,65.12402018683561,0.0
SLC25A24,0.29929956793785095,65.11865134757865,0.0
ANKRD16,0.29917132556438447,65.1132825083217,0.0
MYH4,0.2991373986005783,65.10791366906474,0.0
SUGT1,0.2991248145699501,65.1025448298078,0.0
TNFRSF14,0.29906385987997053,65.09717599055084,0.0
HDAC4,0.29905675649642943,65.09180715129389,0.0
SPAG6,0.29897394478321077,65.08643831203695,0.0
TPBG,0.29896006286144255,65.08106947277999,0.0
NUPL2,0.29888087660074236,65.07570063352304,0.0
KRT25,0.2988165825605392,65.07033179426608,0.0
VIPAS39,0.2987936854362488,65.06496295500914,0.0
TM9SF1,0.2986570566892624,65.05959411575218,0.0
CNTD1,0.2985639676451683,65.05422527649523,0.0
ZNF598,0.29855208843946457,65.04885643723827,0.0
ANKDD1A,0.29853838086128237,65.04348759798133,0.0
SARM1,0.29848926663398745,65.03811875872437,0.0
RANBP6,0.298483270406723,65.03274991946742,0.0
TOX4,0.2984155297279358,65.02738108021046,0.0
ELMO2,0.29834324741021706,65.02201224095352,1.0
SART1,0.2982852339744568,65.01664340169656,0.0
LTA4H,0.2982790872454643,65.01127456243961,0.0
CKAP4,0.29823803454637526,65.00590572318265,0.0
FAM83B,0.2982347533106804,65.00053688392569,0.0
TBX20,0.29822100698947906,64.99516804466874,0.0
TAS2R46,0.29821681082248686,64.98979920541179,0.0
SEMA4C,0.29814658761024476,64.98443036615484,0.0
EDEM3,0.29805568009614947,64.97906152689788,0.0
FAR2,0.2979375347495079,64.97369268764092,0.0
PMVK,0.2978246912360191,64.96832384838397,0.0
GPRASP1,0.297654090821743,64.96295500912701,0.0
PRSS35,0.2976427346467972,64.95758616987007,0.0
C1GALT1C1,0.29762307852506636,64.95221733061312,0.0
FNIP1,0.29758419990539553,64.94684849135616,0.0
ULK1,0.29757780581712723,64.94147965209922,0.0
NME4,0.2975081130862236,64.93611081284226,0.0
CD300A,0.2974598273634911,64.93074197358531,0.0
MTM1,0.297397643327713,64.92537313432835,0.0
DHX38,0.29738259613513945,64.92000429507141,0.0
ATP6V0C,0.2973551914095879,64.91463545581445,0.0
SOD3,0.2973202183842659,64.9092666165575,0.0
MRPL23,0.29729790389537813,64.90389777730054,0.0
FGG,0.2972884774208069,64.8985289380436,0.0
CALY,0.2972309276461601,64.89316009878664,0.0
GDNF,0.29718952625989914,64.88779125952969,0.0
EIF4H,0.29718892425298693,64.88242242027273,0.0
TACR1,0.297125032544136,64.87705358101579,0.0
BCAR1,0.2969693154096603,64.87168474175883,0.0
PCMT1,0.29695922434329985,64.86631590250188,0.0
FLT4,0.29695223122835157,64.86094706324492,0.0
MEFV,0.2969497129321098,64.85557822398798,0.0
PTOV1,0.29687974900007247,64.85020938473102,0.0
TRIM27,0.2968569785356522,64.84484054547407,0.0
THNSL2,0.2968518868088722,64.83947170621711,0.0
PLA2G15,0.29680152982473373,64.83410286696017,0.0
TAF6L,0.2967698097229004,64.8287340277032,0.0
THADA,0.296729251742363,64.82336518844626,0.0
ANKLE2,0.296678851544857,64.81799634918931,0.0
KRT27,0.29667588919401167,64.81262750993235,0.0
ALG12,0.2966520056128502,64.80725867067541,0.0
ARHGAP12,0.296624094247818,64.80188983141845,0.0
CHMP1A,0.2966198310256004,64.7965209921615,0.0
TBX18,0.2966064244508743,64.79115215290454,0.0
ZNF513,0.2965904832676505,64.7857833136476,1.0
AIM2,0.29658464789390565,64.78041447439064,0.0
KHDRBS1,0.2965565785765648,64.7750456351337,0.0
CBX1,0.2965501397848129,64.76967679587673,0.0
TMEM192,0.29651699811220167,64.76430795661979,0.0
COQ5,0.2964258655905724,64.75893911736283,0.0
RXRG,0.29642428159713746,64.75357027810588,0.0
POU6F2,0.29629374146461485,64.74820143884892,0.0
SRSF3,0.29622225612401965,64.74283259959196,0.0
KCNC4,0.2962095782160759,64.73746376033502,0.0
ADIPOR2,0.29620226472616196,64.73209492107806,0.0
TMEM65,0.2961864322423935,64.72672608182111,0.0
TBL3,0.296150404214859,64.72135724256415,0.0
ZDHHC13,0.2961059927940369,64.71598840330721,0.0
TPD52L2,0.29610380381345747,64.71061956405025,0.0
SLC25A11,0.29605932384729383,64.7052507247933,0.0
CD55,0.295961520075798,64.69988188553634,0.0
NSUN4,0.29594035297632215,64.69451304627938,0.0
PGBD3,0.295908035337925,64.68914420702244,0.0
RANBP3L,0.2958554714918137,64.68377536776548,0.0
HEY1,0.29582491219043733,64.67840652850853,0.0
CACNA2D1,0.2958159551024437,64.67303768925159,0.0
CNTROB,0.29581069350242617,64.66766884999463,0.0
NAA25,0.29574194401502607,64.66230001073768,0.0
SERTAD2,0.29568381756544115,64.65693117148072,0.0
SF3B5,0.29564908891916275,64.65156233222378,0.0
PPP1R14C,0.29550831764936447,64.64619349296682,0.0
PTP4A2,0.29549916088581085,64.64082465370987,0.0
YAP1,0.29549233609341025,64.63545581445291,1.0
MYO1F,0.2954240351915359,64.63008697519597,0.0
SPATA31D1,0.29536856561899183,64.624718135939,0.0
ALOX15,0.2953237608075142,64.61934929668206,0.0
RSPRY1,0.29532033652067186,64.6139804574251,0.0
SF1,0.29531724750995636,64.60861161816815,0.0
SYNGR3,0.2952732712030411,64.6032427789112,0.0
RIMS2,0.29523649662733076,64.59787393965425,0.0
REPS2,0.29523385912179945,64.59250510039729,0.0
SLC2A9,0.2951753318309784,64.58713626114034,0.0
C18orf32,0.29507269859313967,64.58176742188338,0.0
ZC3H18,0.29506957828998565,64.57639858262644,0.0
GATAD2B,0.29505465477705,64.57102974336948,0.0
MEMO1,0.2950141116976738,64.56566090411253,0.0
NCL,0.2949556320905685,64.56029206485557,0.0
SBF2,0.2949195235967636,64.55492322559863,0.0
MIXL1,0.29484362304210665,64.54955438634167,0.0
DEGS2,0.29477316737174986,64.54418554708472,0.0
AHSP,0.2947175741195679,64.53881670782778,0.0
GPKOW,0.2946988016366959,64.53344786857082,0.0
GINS2,0.2946956992149353,64.52807902931387,0.0
ASXL3,0.2946506828069687,64.52271019005691,0.0
VAPB,0.2946181371808052,64.51734135079997,0.0
MIIP,0.29461721032857896,64.51197251154301,0.0
SYT2,0.29456471353769303,64.50660367228606,0.0
ETV6,0.294438311457634,64.5012348330291,0.0
USP21,0.2943643793463707,64.49586599377216,0.0
ELL,0.29436300694942474,64.4904971545152,0.0
FAM179B,0.2942921668291092,64.48512831525825,0.0
STX3,0.2942538022994995,64.47975947600129,0.0
ENY2,0.29423144906759263,64.47439063674435,0.0
SND1,0.2942192077636719,64.46902179748739,0.0
RAPSN,0.2942129626870155,64.46365295823043,0.0
ZBTB48,0.2941626638174057,64.45828411897348,0.0
CLEC12A,0.2941600203514099,64.45291527971652,0.0
HPGD,0.2941529840230942,64.44754644045958,0.0
ACE2,0.29409329146146773,64.44217760120262,0.0
PTPN3,0.29408520758152007,64.43680876194566,0.0
IL13RA2,0.2940519258379936,64.43143992268871,0.0
ZCCHC6,0.2939537689089775,64.42607108343175,0.0
AGO2,0.2939415842294693,64.4207022441748,0.0
PRRC2A,0.2938898131251335,64.41533340491785,0.0
SYT1,0.2938442170619965,64.4099645656609,0.0
DNAJC9,0.293833789229393,64.40459572640394,0.0
PHF23,0.2937532663345337,64.399226887147,0.0
WASF2,0.29370117783546446,64.39385804789005,0.0
PTTG1,0.29367686808109283,64.38848920863309,0.0
RASIP1,0.29360865652561186,64.38312036937614,0.0
NCR1,0.293570739030838,64.37775153011918,0.0
ARSE,0.29355422854423524,64.37238269086224,0.0
FAM192A,0.29354234486818315,64.36701385160528,0.0
ZNF644,0.2935232907533646,64.36164501234833,0.0
LGMN,0.293520051240921,64.35627617309137,0.0
CHPF2,0.29350475668907167,64.35090733383443,0.0
GABBR1,0.2934682622551918,64.34553849457747,0.0
CIITA,0.29338057786226274,64.34016965532052,0.0
FPR1,0.29337904006242754,64.33480081606356,0.0
GNG10,0.29307110905647277,64.32943197680662,0.0
RNF141,0.29300846308469775,64.32406313754966,0.0
RIBC1,0.2928905889391899,64.31869429829271,0.0
PCDH10,0.2928651928901672,64.31332545903575,0.0
MBNL2,0.29284736067056655,64.3079566197788,0.0
NAT14,0.2928230926394463,64.30258778052185,0.0
DLG3,0.2928104937076569,64.2972189412649,0.0
SLC25A15,0.2927632242441177,64.29185010200794,0.0
NCBP2,0.29273871183395384,64.286481262751,0.0
PEAK1,0.2926997452974319,64.28111242349404,0.0
PTBP1,0.2926958084106445,64.27574358423709,0.0
PITPNM2,0.2926930621266365,64.27037474498013,0.0
IFI30,0.2926317244768143,64.26500590572319,0.0
COLEC12,0.2925823390483856,64.25963706646624,0.0
ADRBK2,0.29258041381835936,64.25426822720928,0.0
TMEM205,0.2925738111138344,64.24889938795233,0.0
SSR1,0.2923723369836807,64.24353054869538,0.0
LYZL6,0.29236539006233214,64.23816170943843,0.0
ATIC,0.29234627038240435,64.23279287018147,0.0
ZBTB7A,0.29229760318994524,64.22742403092452,0.0
SS18,0.2922914355993271,64.22205519166756,0.0
RPS9,0.29226734340190885,64.21668635241062,0.0
ANKRD13D,0.29225191175937654,64.21131751315366,0.0
N4BP2L2,0.2921920225024223,64.2059486738967,0.0
PRDM13,0.29217340648174284,64.20057983463975,0.0
FAM49B,0.29209797978401186,64.1952109953828,0.0
PWP2,0.29206041991710663,64.18984215612585,0.0
NUP43,0.2920260101556778,64.18447331686889,0.0
PAXIP1,0.29199240654706954,64.17910447761194,0.0
INO80D,0.2919028773903847,64.17373563835498,0.0
EDDM3B,0.29182090014219286,64.16836679909804,0.0
ATP1B4,0.29171452075243,64.16299795984108,0.0
OBP2B,0.2916770279407501,64.15762912058412,0.0
MKNK1,0.2916483491659164,64.15226028132717,0.0
SP4,0.2916050344705582,64.14689144207021,0.0
NR2F6,0.291594971716404,64.14152260281327,0.0
ABCA6,0.29155996441841125,64.13615376355631,0.0
EPS15,0.29155783653259276,64.13078492429936,0.0
SPCS1,0.291483111679554,64.12541608504242,0.0
SELT,0.2913432776927948,64.12004724578546,0.0
PCGF5,0.2912739634513855,64.11467840652851,0.0
DEFB1,0.29122839868068695,64.10930956727155,0.0
VKORC1,0.29122125804424287,64.1039407280146,0.0
ECEL1,0.29112622439861296,64.09857188875765,0.0
GSTO2,0.2911238431930542,64.0932030495007,0.0
MZT1,0.2911063566803932,64.08783421024374,0.0
GJB5,0.29106735438108444,64.0824653709868,0.0
TRAF1,0.29105194509029386,64.07709653172984,0.0
NEDD9,0.29103861302137374,64.07172769247289,0.0
SYMPK,0.29097686558961866,64.06635885321593,0.0
MPP2,0.2908810317516327,64.06099001395899,0.0
CLPTM1L,0.29085440933704376,64.05562117470203,0.0
KLF2,0.29082569777965545,64.05025233544508,0.0
PGPEP1,0.29080274850130083,64.04488349618812,0.0
GLT1D1,0.29077052175998686,64.03951465693117,0.0
AQP6,0.29075481444597245,64.03414581767422,0.0
ITK,0.29071411192417146,64.02877697841727,0.0
MED8,0.2906960040330887,64.02340813916031,0.0
ADNP2,0.29068968296051023,64.01803929990336,0.0
SCNN1D,0.29067918062210085,64.0126704606464,0.0
KLK8,0.290674164891243,64.00730162138946,0.0
DOHH,0.29061977863311766,64.0019327821325,0.0
MAPKBP1,0.2905967146158218,63.996563942875554,0.0
RASGRF2,0.2904948711395264,63.991195103618594,0.0
CD200R1L,0.2904158651828766,63.98582626436165,0.0
ANKLE1,0.29029405266046526,63.980457425104696,0.0
C16orf74,0.2902702048420906,63.975088585847736,0.0
RPL4,0.2902546405792236,63.96971974659079,0.0
NAMPT,0.2902417093515396,63.96435090733383,0.0
SERPINA3,0.29019258320331576,63.958982068076885,0.0
TMEM57,0.2901796534657478,63.953613228819925,0.0
HDLBP,0.2901564449071884,63.94824438956298,0.0
CHTF18,0.29010931849479676,63.94287555030602,0.0
ZZZ3,0.2900956943631172,63.937506711049075,0.0
CD200R1,0.2899183824658394,63.932137871792115,0.0
NEU3,0.2899001151323318,63.92676903253517,0.0
FNTA,0.2898720234632492,63.92140019327821,0.0
RORC,0.289754681289196,63.916031354021264,0.0
POC1B,0.2897484179908835,63.910662514764304,1.0
TFAP2C,0.28974678963422773,63.90529367550736,0.0
COX14,0.28971653844301515,63.8999248362504,1.0
PTRH2,0.28969476372003555,63.894555996993454,0.0
PNO1,0.2896940022706985,63.889187157736494,0.0
RGMB,0.28967600166797636,63.88381831847955,0.0
GATC,0.28965631425380706,63.87844947922259,0.0
TXNDC11,0.28962243497371676,63.87308063996564,0.0
DHRS7,0.2896208852529526,63.86771180070868,0.0
CCT7,0.2895523712038994,63.86234296145174,0.0
EIF3A,0.28954662680625914,63.85697412219478,0.0
ABCF3,0.2895107910037041,63.851605282937825,0.0
TDRD9,0.28948745876550674,63.84623644368088,0.0
HEXIM1,0.2893139511346817,63.84086760442392,0.0
LSM4,0.28930834531784055,63.835498765166975,0.0
MCMBP,0.2891627371311188,63.830129925910015,0.0
AKR7A3,0.2891207061707973,63.82476108665307,0.0
ZFYVE16,0.2890761435031891,63.81939224739611,0.0
ZDHHC6,0.2890571027994156,63.814023408139164,0.0
EEF1B2,0.2890500143170357,63.808654568882204,0.0
SLC25A40,0.28901802748441696,63.80328572962526,0.0
RAB9B,0.2889924421906471,63.7979168903683,0.0
PKLR,0.28889156728982923,63.79254805111135,0.0
SH3GLB2,0.288883139193058,63.787179211854394,0.0
ZFP36L1,0.28888277113437655,63.78181037259745,0.0
MTA3,0.28882226794958116,63.77644153334049,0.0
GPRC5A,0.2887710675597191,63.77107269408354,0.0
ZBTB21,0.28872941583395006,63.76570385482658,0.0
KCTD10,0.2887110412120819,63.76033501556964,0.0
NAF1,0.28867962807416914,63.75496617631268,0.0
SLC22A17,0.28867903500795367,63.74959733705573,0.0
KMT2B,0.288646374642849,63.74422849779877,0.0
DNAH6,0.28859335780143736,63.73885965854183,0.0
GOLPH3,0.28848576843738555,63.73349081928487,0.0
B3GAT3,0.28844565004110334,63.72812198002792,0.0
F9,0.2884142264723778,63.72275314077096,0.0
SMAD7,0.2884021297097206,63.717384301514016,0.0
CYB5B,0.28838262557983396,63.71201546225706,0.0
PDE4B,0.28830927014350893,63.706646623000104,0.0
QRFPR,0.28828090876340867,63.70127778374316,0.0
GIMAP5,0.2882734686136246,63.6959089444862,0.0
KIAA0100,0.28819227069616316,63.69054010522925,0.0
PRKD3,0.28818757385015487,63.68517126597229,0.0
MUC1,0.288177689909935,63.67980242671535,0.0
STAT5B,0.28813921809196474,63.67443358745839,0.0
PDYN,0.2881024032831192,63.66906474820144,0.0
DDX21,0.2880643501877785,63.66369590894448,0.0
ZFX,0.2880042567849159,63.65832706968754,0.0
NMRAL1,0.2880016162991524,63.65295823043058,0.0
INPP5A,0.28799084275960923,63.64758939117363,0.0
CCT2,0.28793622404336927,63.64222055191667,0.0
PZP,0.2878969684243202,63.63685171265973,0.0
SNCB,0.28787234872579576,63.63148287340277,0.0
MAP3K9,0.2878388583660126,63.62611403414582,0.0
FTSJ3,0.2877688631415367,63.62074519488886,0.0
DBF4,0.28774965554475784,63.615376355631916,0.0
ALG14,0.2877483457326889,63.61000751637496,0.0
UNC13A,0.2877101883292198,63.60463867711801,0.0
ORC2,0.2876922458410263,63.59926983786105,0.0
PDRG1,0.28758972585201265,63.593900998604106,0.0
SEC11A,0.2875755369663239,63.588532159347146,0.0
SLC35A1,0.2875645786523819,63.58316332009019,0.0
SGCZ,0.28755519092082976,63.57779448083324,0.0
CUL5,0.28755102306604385,63.57242564157629,0.0
BACE1,0.2875057548284531,63.56705680231934,0.0
SYT10,0.28740174472332003,63.56168796306238,0.0
TMX3,0.28739559948444365,63.55631912380544,0.0
GSTZ1,0.2873392641544342,63.55095028454848,0.0
KPNA5,0.28723630756139756,63.54558144529153,0.0
ZNF232,0.2871406078338623,63.54021260603457,0.0
MAGEF1,0.2871295392513275,63.53484376677763,0.0
KRT75,0.2870688959956169,63.52947492752067,0.0
PLBD1,0.2870102435350418,63.52410608826372,0.0
KIF18B,0.2870089828968048,63.51873724900676,0.0
PTRF,0.28695730268955233,63.513368409749816,0.0
CCNB3,0.2869525641202927,63.507999570492856,0.0
LYPD3,0.28693535178899765,63.50263073123591,0.0
PRPS2,0.28693253844976424,63.49726189197895,0.0
PIP4K2C,0.2869033873081207,63.491893052722006,0.0
ENOX2,0.28686144948005676,63.486524213465046,0.0
SCCPDH,0.2868203639984131,63.4811553742081,0.0
NFE2L2,0.2867418885231018,63.47578653495114,0.0
MAP9,0.2867309510707855,63.470417695694195,0.0
CDC25B,0.2867028251290321,63.465048856437235,0.0
KRT86,0.2866817057132721,63.45968001718029,0.0
NAP1L1,0.2866686686873436,63.45431117792333,0.0
PYCR1,0.2865268886089325,63.448942338666384,0.0
ADAM10,0.28640289008617403,63.443573499409425,0.0
PPTC7,0.28636039048433304,63.43820466015247,0.0
KRT84,0.2863030180335045,63.43283582089553,0.0
PAGR1,0.2861413136124611,63.42746698163857,0.0
NAPA,0.28609048277139665,63.42209814238162,0.0
ATXN1,0.2860735520720482,63.41672930312466,0.0
F2RL3,0.2860625132918358,63.411360463867716,0.0
RAB5C,0.2860569328069687,63.405991624610756,0.0
XPO5,0.2860561341047287,63.40062278535381,0.0
RAI14,0.28604352176189424,63.39525394609685,0.0
CCDC43,0.28604301512241365,63.389885106839905,0.0
LYZL1,0.2859977215528488,63.384516267582946,0.0
HSPA6,0.28596483170986176,63.379147428326,0.0
PIGA,0.2858993485569954,63.37377858906904,0.0
CYSLTR1,0.28589619845151903,63.368409749812095,0.0
HGF,0.2858403444290161,63.363040910555135,0.0
SCN3B,0.28582308888435365,63.35767207129819,0.0
WIPF3,0.2856922075152397,63.35230323204123,0.0
SH2B3,0.2855886653065681,63.346934392784284,0.0
MEAF6,0.2855563908815384,63.341565553527325,0.0
PALD1,0.285510441660881,63.33619671427038,0.0
GID8,0.28550429344177247,63.33082787501342,0.0
PLCE1,0.2854996010661125,63.325459035756474,0.0
STAT5A,0.2854646846652031,63.320090196499514,0.0
MAZ,0.28545692563056946,63.31472135724256,0.0
TTC9C,0.28534210920333863,63.30935251798561,0.0
KLHL14,0.2853312805294991,63.303983678728656,0.0
RPS3A,0.2852602586150169,63.2986148394717,0.0
PRKCA,0.2852092370390892,63.29324600021475,0.0
ANKRD50,0.2852052107453346,63.287877160957805,0.0
RNFT1,0.2851835027337074,63.282508321700845,0.0
RPS6KA1,0.285180826485157,63.2771394824439,0.0
GPR4,0.2851500168442726,63.27177064318694,0.0
OMP,0.2851405218243599,63.266401803929995,0.0
MYCBPAP,0.28513227552175524,63.261032964673035,0.0
TOMM22,0.28508663922548294,63.25566412541609,0.0
SNUPN,0.285071562230587,63.25029528615913,0.0
JTB,0.28502917289733887,63.244926446902184,0.0
SENP1,0.28502748906612396,63.239557607645224,0.0
TEX10,0.28502286672592164,63.23418876838828,0.0
TPST2,0.2849825590848923,63.22881992913132,0.0
RAB11B,0.28488149493932724,63.223451089874374,0.0
MXI1,0.2848780661821365,63.218082250617414,0.0
ONECUT1,0.28485572785139085,63.21271341136047,0.0
BTF3L4,0.2847519040107727,63.20734457210351,0.0
ZNF174,0.2847165897488594,63.20197573284656,0.0
SAP30BP,0.2846753507852554,63.1966068935896,0.0
CPA2,0.28466555327177046,63.19123805433266,0.0
ABAT,0.28461305648088453,63.1858692150757,0.0
YY1AP1,0.2845809146761894,63.18050037581875,0.0
OSGIN1,0.28455706536769865,63.17513153656179,0.0
HN1,0.2845239207148552,63.16976269730484,0.0
NT5C2,0.2845038533210754,63.16439385804789,0.0
ZHX3,0.28449000120162965,63.159025018790935,0.0
RNF4,0.28447555005550385,63.15365617953399,0.0
AP1M1,0.2843816250562668,63.14828734027703,0.0
ADO,0.28436543345451354,63.142918501020084,0.0
VSNL1,0.28433390855789187,63.137549661763124,0.0
B4GALT5,0.28428720533847807,63.13218082250618,0.0
RPLP1,0.2842595025897026,63.12681198324922,0.0
CNPY2,0.28420868068933486,63.12144314399227,0.0
MAP3K11,0.2841638132929802,63.116074304735314,0.0
GATA1,0.2840962991118431,63.11070546547837,0.0
GGT7,0.28408959358930586,63.10533662622141,0.0
ATP2A3,0.28404095470905305,63.09996778696446,0.0
PSMB3,0.2839354336261749,63.0945989477075,0.0
TBK1,0.2839058443903923,63.08923010845056,0.0
SPARCL1,0.2838952675461769,63.0838612691936,0.0
PRUNE,0.2838942602276802,63.07849242993665,0.0
TTLL4,0.28388874530792235,63.07312359067969,0.0
KDM1A,0.283836767077446,63.06775475142275,0.0
MPP1,0.2837867349386215,63.06238591216579,0.0
SPECC1,0.28377067744731904,63.05701707290884,0.0
TAPBPL,0.28359492123126984,63.05164823365188,0.0
VDAC2,0.28356501162052156,63.04627939439493,0.0
MYOM2,0.2834404483437538,63.04091055513798,0.0
CTSC,0.2834257990121841,63.035541715881024,0.0
CXXC5,0.2833909049630165,63.03017287662407,0.0
OBSCN,0.2832357078790665,63.02480403736712,0.0
KBTBD4,0.2831686571240425,63.019435198110166,0.0
HAT1,0.2830855369567871,63.01406635885321,0.0
RBM22,0.28304646015167234,63.00869751959627,0.0
ING2,0.28302052021026614,63.00332868033931,0.0
RBM28,0.28295733630657194,62.99795984108236,0.0
TIPARP,0.2829397708177567,62.9925910018254,0.0
IWS1,0.2828686088323593,62.98722216256846,0.0
RRP12,0.28285451233386993,62.9818533233115,0.0
GPM6A,0.28283955305814745,62.97648448405455,0.0
IL13RA1,0.2828076839447021,62.97111564479759,0.0
METTL15,0.2828016310930252,62.96574680554065,0.0
CLCNKA,0.2827826038002968,62.96037796628369,0.0
SOX10,0.2827740713953972,62.95500912702674,0.0
SLC38A2,0.28275312632322314,62.94964028776978,0.0
SLC16A3,0.2827509805560112,62.944271448512836,0.0
DDX50,0.2827371582388878,62.93890260925588,0.0
ADCY6,0.2827118679881096,62.93353376999893,0.0
DAZAP1,0.28268606811761854,62.92816493074197,0.0
XRN1,0.28265831917524337,62.922796091485026,0.0
PIWIL4,0.2826274707913399,62.917427252228066,0.0
MPC2,0.2825948879122734,62.91205841297112,0.0
IL3,0.28258951008319855,62.90668957371416,0.0
ELMOD1,0.2825810834765434,62.90132073445721,0.0
FBXW5,0.2825565472245216,62.895951895200255,0.0
CPSF1,0.2824945658445358,62.8905830559433,0.0
RASA2,0.2824849829077721,62.88521421668635,0.0
ETS1,0.2824575945734978,62.8798453774294,0.0
ICMT,0.2823547378182411,62.87447653817245,0.0
AMZ2,0.2823370650410652,62.86910769891549,0.0
P4HA1,0.2823179602622986,62.86373885965855,0.0
ARHGAP24,0.28231550455093385,62.85837002040159,0.0
C3orf33,0.2823087006807327,62.85300118114464,0.0
RNF220,0.28229815512895584,62.84763234188768,0.0
TFPI,0.2822625160217285,62.842263502630736,0.0
ACSM4,0.2822124153375626,62.836894663373776,0.0
SFRP2,0.2821850195527077,62.83152582411683,0.0
PHF3,0.2821516111493111,62.82615698485987,0.0
DOPEY2,0.28204575181007385,62.820788145602926,0.0
CUL3,0.2820396810770035,62.815419306345966,0.0
ZNF76,0.2820126548409462,62.81005046708902,0.0
GNPNAT1,0.2820077002048492,62.80468162783206,0.0
LPGAT1,0.2819768339395523,62.799312788575115,0.0
NHLRC3,0.2819108352065086,62.793943949318155,0.0
BIRC8,0.2818724557757378,62.78857511006121,0.0
ZSWIM5,0.2818119004368782,62.78320627080425,0.0
HLA-G,0.28176911026239393,62.7778374315473,0.0
CHORDC1,0.28175967931747437,62.772468592290345,0.0
YWHAB,0.28170993849635123,62.76709975303339,0.0
RILPL2,0.2816239893436432,62.76173091377644,0.0
ALKBH2,0.2816210150718689,62.75636207451949,0.0
XRCC6,0.2815944641828537,62.750993235262534,0.0
PRR4,0.28157821446657183,62.74562439600558,0.0
EIF4A2,0.28151255697011945,62.740255556748636,0.0
RARS,0.2814688503742218,62.734886717491676,0.0
SYAP1,0.2814660221338272,62.72951787823473,0.0
PSMD4,0.2814227074384689,62.72414903897777,0.0
DPYSL4,0.2813893646001816,62.718780199720825,0.0
STARD13,0.2813852891325951,62.713411360463866,0.0
SUZ12,0.2812979206442833,62.70804252120692,0.0
TMEM258,0.2812602326273918,62.70267368194996,0.0
TBX3,0.2812189757823944,62.697304842693015,0.0
CDCA3,0.2812064677476883,62.691936003436055,0.0
COBLL1,0.28115647584199904,62.68656716417911,0.0
KCTD17,0.281143943965435,62.68119832492215,0.0
HELZ2,0.28111693561077117,62.675829485665204,0.0
BHMT,0.2810999467968941,62.670460646408245,0.0
EIF2S3,0.2810686260461807,62.6650918071513,0.0
ATP5I,0.28098660707473755,62.65972296789434,0.0
AP4M1,0.28093140125274657,62.654354128637394,0.0
RCN3,0.28092418909072875,62.648985289380434,0.0
GAS2L1,0.2808786824345589,62.64361645012349,0.0
SNX2,0.28086471259593965,62.63824761086653,0.0
ASF1A,0.280860997736454,62.632878771609576,0.0
CSRNP1,0.2807058960199356,62.62750993235262,0.0
RGS21,0.2807027861475945,62.62214109309567,0.0
SQLE,0.28060235232114794,62.61677225383872,0.0
MTPN,0.28052889853715895,62.611403414581766,0.0
DNAJA1,0.2804812952876091,62.60603457532481,0.0
KIF1C,0.28048117011785506,62.60066573606786,0.0
LGALS8,0.2804392784833908,62.595296896810915,0.0
CAPSL,0.28042190819978713,62.589928057553955,0.0
KRT24,0.2804029151797295,62.58455921829701,0.0
RUVBL1,0.28039960712194445,62.57919037904005,0.0
ATP13A2,0.2803346633911133,62.573821539783104,0.0
HCST,0.2802742376923561,62.568452700526144,0.0
RPS5,0.28022985607385636,62.5630838612692,0.0
RTL1,0.28022861331701276,62.55771502201224,0.0
TSTD2,0.2802234679460526,62.552346182755294,0.0
HMGA1,0.2801875978708267,62.546977343498334,0.0
LUC7L,0.28006960153579713,62.54160850424139,0.0
BIN2,0.28004531711339953,62.53623966498443,0.0
INTS7,0.28004045635461805,62.53087082572748,0.0
OTUD3,0.28000710159540176,62.52550198647052,0.0
RHBDD2,0.2799885094165802,62.52013314721358,0.0
FGF14,0.279978246986866,62.51476430795662,0.0
CHST9,0.2799682155251503,62.509395468699665,0.0
CELF1,0.27991344034671783,62.50402662944271,0.0
HS3ST1,0.27989164739847183,62.49865779018576,0.0
MTMR10,0.2798853889107704,62.49328895092881,0.0
XYLT2,0.27986927353330954,62.487920111671855,1.0
TAC1,0.27986049354076387,62.4825512724149,0.0
FAM13B,0.27974948436021807,62.47718243315795,0.0
PIP4K2B,0.2796338230371475,62.47181359390099,0.0
DRP2,0.2795440420508385,62.466444754644044,0.0
RAVER1,0.2793244943022728,62.4610759153871,0.0
CHMP1B,0.27930170446634295,62.45570707613014,0.0
TOP2A,0.2792994022369385,62.45033823687319,0.0
TSHZ3,0.2792814373970032,62.444969397616234,0.0
MAGEL2,0.2792788416147232,62.43960055835929,0.0
PBDC1,0.27923520654439926,62.43423171910233,0.0
EIF3B,0.2791686877608299,62.42886287984538,0.0
RAB39B,0.2791521608829498,62.42349404058842,0.0
RPS26,0.2791458204388618,62.41812520133148,0.0
REXO2,0.279122856259346,62.41275636207452,0.0
DOLPP1,0.2791153848171234,62.40738752281757,0.0
CLDN11,0.2791000097990036,62.40201868356061,0.0
IBTK,0.2789268583059311,62.39664984430367,0.0
GLYR1,0.2788908466696739,62.39128100504671,0.0
NELFB,0.27884339541196823,62.38591216578976,0.0
UTP3,0.2786949321627617,62.3805433265328,0.0
PDCL2,0.2786725051701069,62.37517448727586,0.0
COMP,0.2786553233861923,62.3698056480189,0.0
SAT1,0.27858714759349823,62.364436808761944,0.0
TNRC6C,0.27858447581529616,62.35906796950499,0.0
MRC1,0.2785362958908081,62.35369913024804,0.0
WDTC1,0.2785166874527931,62.348330290991086,0.0
PROK2,0.2784444935619831,62.34296145173413,0.0
C1orf131,0.2782904148101807,62.33759261247718,0.0
KRT20,0.27818793207407,62.33222377322023,0.0
ARNT,0.2781736716628075,62.32685493396328,0.0
RPL12,0.2781719535589218,62.32148609470632,0.0
WDR26,0.2781509503722191,62.31611725544938,0.0
NAPSA,0.27806746065616605,62.31074841619242,0.0
B3GNT2,0.2780639737844467,62.30537957693547,0.0
ZNF407,0.2780054986476898,62.30001073767851,0.0
TIMM17B,0.27800417244434356,62.29464189842157,0.0
CALU,0.2779967084527016,62.28927305916461,0.0
FUBP1,0.2779425695538521,62.28390421990766,0.0
ADH7,0.2779027417302132,62.2785353806507,0.0
DOK5,0.2778641194105148,62.273166541393756,0.0
NKX2-1,0.2778062641620636,62.2677977021368,0.0
POU3F2,0.27774903923273087,62.26242886287985,0.0
IFFO1,0.27771244049072263,62.25706002362289,0.0
FNBP1L,0.2776926398277283,62.251691184365946,0.0
PPIL2,0.27768082469701766,62.246322345108986,0.0
SAMD4A,0.2776429384946823,62.24095350585203,0.0
CTNND2,0.2775744959712029,62.23558466659508,0.0
GDI1,0.27751878947019576,62.23021582733813,0.0
IHH,0.27750332206487655,62.224846988081175,0.0
EFHC1,0.2775005117058754,62.21947814882422,0.0
CHN1,0.27748115062713624,62.21410930956727,0.0
RAPGEF1,0.2774790033698082,62.20874047031032,0.0
ATOH8,0.2774731546640396,62.20337163105336,0.0
CYP4X1,0.2774477690458298,62.19800279179641,0.0
ISOC1,0.2774375930428505,62.19263395253945,0.0
SPG11,0.27741772383451463,62.18726511328251,0.0
BLMH,0.27736214101314544,62.18189627402556,0.0
MITD1,0.2773442313075066,62.1765274347686,0.0
SLC43A1,0.2773433566093445,62.171158595511656,0.0
PEG10,0.27731869369745255,62.165789756254696,0.0
XYLT1,0.2772509202361107,62.16042091699775,0.0
AFF2,0.2772331714630127,62.15505207774079,0.0
B4GALT3,0.277128641307354,62.149683238483846,0.0
SFRP1,0.2771245941519737,62.144314399226886,0.0
KRT73,0.277083121240139,62.13894555996994,0.0
USP54,0.27707702219486235,62.13357672071298,0.0
GALNT7,0.2770696640014648,62.128207881456035,0.0
HSPA4,0.27697566896677017,62.122839042199075,0.0
EMB,0.27686308324337006,62.11747020294213,0.0
NCKAP5,0.27685275822877886,62.11210136368517,0.0
TANC1,0.2768370360136032,62.106732524428224,0.0
TTC3,0.2768363431096077,62.101363685171265,0.0
ATP5A1,0.2768336936831474,62.09599484591431,0.0
PRAF2,0.2767804220318794,62.09062600665736,0.0
BRE,0.2767539471387863,62.08525716740041,0.0
NR2C2,0.27669617235660554,62.079888328143454,0.0
CCSER2,0.27663441449403764,62.0745194888865,0.0
TAF1,0.2766204699873924,62.06915064962955,0.0
RAPH1,0.27636425048112867,62.063781810372596,0.0
PLA2G10,0.27636086344718935,62.05841297111564,0.0
SPG21,0.27635557353496554,62.05304413185869,0.0
POLM,0.2762687161564827,62.047675292601745,0.0
SCYL2,0.2762402266263962,62.042306453344786,0.0
THAP11,0.27622070610523225,62.03693761408784,0.0
SNRNP25,0.27617744356393814,62.03156877483088,0.0
CTSL,0.2761340826749802,62.026199935573935,0.0
YPEL5,0.276042540371418,62.020831096316975,0.0
IGFBP2,0.2760133817791939,62.01546225706003,0.0
ACO2,0.2760037098249251,62.01009341780307,1.0
RASD1,0.27599133253097535,62.004724578546124,0.0
MTNR1B,0.2759623616933823,61.999355739289165,0.0
HTR3A,0.275958514213562,61.99398690003222,0.0
KIAA1524,0.27593452483415604,61.98861806077526,0.0
NPY5R,0.27582952082157136,61.983249221518314,0.0
INHBE,0.27579235583543776,61.977880382261354,0.0
HFE,0.2757819816470146,61.9725115430044,0.0
S100A1,0.2757589265704155,61.96714270374745,0.0
PNPLA3,0.2757307857275009,61.961773864490496,0.0
SIM1,0.2757284387946129,61.95640502523354,0.0
ARIH2,0.2756946817040443,61.95103618597659,0.0
CENPA,0.27552938014268874,61.94566734671964,0.0
HSF2,0.2755252540111542,61.940298507462686,0.0
CEP44,0.2755196839570999,61.934929668205726,0.0
SFTPA2,0.2753421053290367,61.92956082894878,0.0
HABP2,0.27528674602508546,61.92419198969182,0.0
APBA1,0.27528083324432373,61.918823150434875,0.0
ZIC4,0.2752712473273277,61.913454311177915,0.0
ZW10,0.2752087518572807,61.90808547192097,0.0
ACSM2B,0.2750945910811424,61.902716632664024,0.0
BCL6,0.2750604137778282,61.897347793407064,0.0
CYP11B2,0.2750598505139351,61.89197895415012,0.0
ZNF239,0.27497571557760236,61.88661011489316,0.0
CFDP1,0.27496323734521866,61.881241275636214,0.0
ZBTB18,0.2749514177441597,61.875872436379254,0.0
UTP20,0.27494101524353026,61.87050359712231,0.0
CX3CL1,0.2749337568879128,61.86513475786535,0.0
SSSCA1,0.2748726516962051,61.8597659186084,0.0
APBB3,0.27481354027986526,61.85439707935144,0.0
SFTPA1,0.2748017221689224,61.8490282400945,0.0
FKBP3,0.27472825050354005,61.84365940083754,0.0
HLA-DRB5,0.27471834421157837,61.83829056158059,0.0
SYCP3,0.2746685668826103,61.83292172232363,0.0
RAB15,0.2746682226657867,61.82755288306668,0.0
SRGAP3,0.27463049441576004,61.82218404380973,0.0
SRSF2,0.2745718687772751,61.816815204552775,0.0
PRKCD,0.2745481640100479,61.81144636529582,0.0
CCDC25,0.27447777390480044,61.80607752603887,0.0
TTYH1,0.2744123250246048,61.80070868678192,0.0
ENG,0.2743847891688347,61.795339847524964,0.0
PDCD5,0.27436719089746475,61.789971008268004,0.0
ZNF790,0.274289034307003,61.78460216901106,0.0
SLC24A2,0.27428474724292756,61.7792333297541,0.0
COPG1,0.2742840811610222,61.773864490497154,0.0
UNK,0.27427552193403243,61.76849565124021,0.0
PRRT2,0.27426919937133787,61.76312681198325,0.0
UCHL5,0.2742227092385292,61.7577579727263,0.0
APOL2,0.27422104477882386,61.75238913346934,0.0
SERPINB7,0.27418689578771593,61.7470202942124,0.0
COIL,0.27416828721761705,61.74165145495544,0.0
TBC1D19,0.27414548993110655,61.73628261569849,0.0
BTK,0.27406896501779554,61.73091377644153,0.0
ANKRD40,0.27400757521390917,61.72554493718459,0.0
SLC35E1,0.2740050360560417,61.72017609792763,0.0
TNFSF10,0.27397456467151643,61.71480725867068,0.0
LIN28A,0.27396323531866074,61.70943841941372,0.0
BAALC,0.27395510524511335,61.70406958015677,0.0
SERPINA5,0.2739538103342056,61.69870074089982,0.0
GCKR,0.27387355864048,61.693331901642864,0.0
EIF4G2,0.27384638488292695,61.68796306238591,0.0
PRSS3,0.27384120374917986,61.68259422312896,0.0
MAGT1,0.27379144430160524,61.677225383872006,0.0
PIPOX,0.2737680315971375,61.67185654461505,0.0
KRT3,0.2737290069460869,61.666487705358094,0.0
PPP1CB,0.2737232744693756,61.66111886610115,0.0
ODF2L,0.27371075451374055,61.65575002684419,0.0
ZDHHC18,0.2736268475651741,61.65038118758724,0.0
TAS2R43,0.2736252710223198,61.64501234833028,0.0
PPP6R2,0.2735675275325775,61.63964350907334,0.0
RAB1B,0.2735061854124069,61.63427466981639,0.0
KCNN2,0.2734426990151405,61.62890583055943,0.0
AP2A2,0.27340998947620393,61.62353699130249,0.0
GAS2L3,0.2733523860573769,61.61816815204553,0.0
TMEM55B,0.27334930598735807,61.61279931278858,0.0
AGPAT3,0.27332841902971267,61.60743047353162,0.0
PGP,0.27332380712032317,61.602061634274676,0.0
ACSM2A,0.27332022935152056,61.59669279501772,0.0
HOXA4,0.2732797428965569,61.59132395576077,0.0
SLCO1B7,0.27327016592025755,61.58595511650381,0.0
MLLT3,0.27326442301273346,61.580586277246866,0.0
CRLS1,0.27324248254299166,61.575217437989906,0.0
NSMCE1,0.2732195869088173,61.56984859873296,0.0
HELT,0.2732017382979393,61.564479759476,0.0
NANOG,0.273198638856411,61.55911092021905,0.0
GCC2,0.2731248319149017,61.553742080962095,0.0
ANKS4B,0.2730496510863304,61.54837324170514,0.0
PDCD6,0.2730433285236359,61.54300440244819,0.0
TAZ,0.2730060636997223,61.53763556319124,0.0
CD164,0.2729862958192825,61.532266723934285,0.0
CRTC3,0.272920697927475,61.52689788467733,0.0
PIGP,0.2729166328907013,61.52152904542037,0.0
KIAA0355,0.2728573441505432,61.51616020616343,0.0
PPFIA1,0.2728331059217453,61.51079136690647,0.0
YBX1,0.27280676662921904,61.50542252764952,0.0
RPL7,0.2727972447872162,61.50005368839256,0.0
GRIN2D,0.2727678596973419,61.494684849135616,0.0
OBFC1,0.27274737805128096,61.48931600987867,0.0
STK11IP,0.2727382555603981,61.48394717062171,0.0
EIF1AX,0.2726898416876793,61.478578331364766,0.0
LIPT1,0.2726781168791253,61.473209492107806,1.0
VRTN,0.27265847027301787,61.46784065285086,0.0
ALDH1B1,0.272649721801281,61.4624718135939,0.0
LRCH4,0.2726302549242973,61.457102974336955,0.0
ADAP2,0.2725849702954292,61.451734135079995,0.0
AJUBA,0.2725763812661171,61.44636529582305,0.0
COMMD4,0.2725726291537285,61.44099645656609,0.0
UBE2Q1,0.2725657016038895,61.43562761730914,0.0
TNPO2,0.2725508525967598,61.430258778052185,0.0
EIF4G1,0.27254719734191896,61.42488993879523,0.0
CCDC134,0.27252839505672455,61.41952109953828,0.0
MGAT5,0.27244942635297775,61.41415226028133,0.0
CWF19L2,0.2724214941263199,61.408783421024374,0.0
PURB,0.2724097967147827,61.40341458176742,0.0
DDX39A,0.27235901951789854,61.39804574251046,0.0
UBE2N,0.2723315879702568,61.392676903253516,0.0
GPLD1,0.27219883948564527,61.38730806399656,0.0
RAB9A,0.272152079641819,61.38193922473961,0.0
HAS2,0.27207180857658386,61.37657038548265,0.0
RPS6KA2,0.2720605105161667,61.371201546225706,0.0
LAT2,0.2720496192574501,61.365832706968746,0.0
ADRA2A,0.27196927517652514,61.3604638677118,0.0
RASGRF1,0.2719517022371292,61.355095028454855,0.0
GYLTL1B,0.2719269886612892,61.349726189197895,0.0
TTC17,0.27191284894943235,61.34435734994095,0.0
RPN1,0.27190030962228773,61.33898851068399,0.0
SLC7A10,0.27185957729816435,61.333619671427044,0.0
SATB2,0.2718514770269394,61.328250832170085,0.0
DGKZ,0.27177981436252596,61.32288199291314,0.0
NR1H2,0.27176919430494306,61.31751315365618,0.0
MAFG,0.27173283994197844,61.312144314399234,0.0
SLC8A1,0.271620412170887,61.306775475142274,0.0
DUSP3,0.2716061040759087,61.30140663588533,0.0
RPS27A,0.2715698227286339,61.29603779662837,0.0
ANKRD24,0.2715425431728363,61.290668957371416,0.0
FIZ1,0.2715416491031647,61.28530011811446,0.0
ZBED1,0.27151324301958085,61.27993127885751,0.0
RPS6KA3,0.27144715636968614,61.27456243960056,0.0
SUB1,0.2714268624782562,61.269193600343606,0.0
BMP8B,0.271394407749176,61.26382476108665,0.0
RUNX1,0.27123800218105315,61.2584559218297,0.0
HILPDA,0.2711833968758583,61.25308708257274,0.0
BCAP31,0.27116086184978483,61.247718243315795,0.0
CAND2,0.27114523351192477,61.242349404058835,0.0
BCAN,0.2711037278175354,61.23698056480189,0.0
MYO1A,0.2710539385676384,61.23161172554493,0.0
RPL18A,0.27103050500154496,61.226242886287984,0.0
MAPK14,0.2709493666887283,61.220874047031025,0.0
CCDC68,0.2709346771240234,61.21550520777408,0.0
GPX6,0.27092786878347397,61.210136368517134,0.0
RRBP1,0.27089721858501437,61.204767529260174,0.0
SNW1,0.27089202105998994,61.19939869000323,0.0
MAEA,0.27085390836000445,61.19402985074627,0.0
CMTM7,0.27084688991308215,61.18866101148932,0.0
KCNN3,0.27082767337560654,61.18329217223236,0.0
HSPB3,0.27077830731868746,61.17792333297542,0.0
SIN3B,0.2707678884267807,61.17255449371846,0.0
PPARD,0.27075850665569307,61.167185654461505,0.0
CACNG1,0.2707510977983475,61.16181681520455,0.0
ZNF639,0.27075046896934507,61.1564479759476,0.0
C1S,0.2706597074866295,61.15107913669065,0.0
TMEM147,0.2705655738711357,61.145710297433695,0.0
PRR13,0.2705536276102066,61.14034145817674,0.0
GADL1,0.27052332162857057,61.13497261891979,0.0
NPTX1,0.27049964666366577,61.12960377966283,0.0
PRPF19,0.27040087431669235,61.124234940405884,0.0
TMX4,0.2704006269574165,61.118866101148924,0.0
VPS35,0.2703813686966896,61.11349726189198,0.0
RAB11FIP2,0.27037171721458436,61.10812842263502,0.0
RPL17,0.27036678045988083,61.102759583378074,0.0
SLC27A2,0.27035786807537077,61.097390744121114,0.0
MMGT1,0.2702979907393456,61.09202190486417,0.0
STK25,0.27028767913579943,61.08665306560721,0.0
SF3B2,0.2702643245458603,61.08128422635026,0.0
LCN1,0.2702308401465416,61.07591538709332,0.0
STAU1,0.27022308856248856,61.07054654783636,0.0
SULT1E1,0.27021236568689344,61.06517770857941,0.0
SDC3,0.27013397216796875,61.05980886932245,0.0
CTDSP2,0.2701264128088951,61.05444003006551,0.0
FOXR1,0.27008864730596543,61.04907119080855,0.0
EMC10,0.27007465064525604,61.0437023515516,0.0
PRF1,0.27006264925003054,61.03833351229464,0.0
KLRK1,0.27004891633987427,61.0329646730377,0.0
GPR132,0.26998835653066633,61.02759583378074,0.0
WNK2,0.2699162885546684,61.022226994523784,0.0
CD274,0.2699071764945984,61.01685815526683,0.0
SUPT16H,0.2698651224374771,61.01148931600988,0.0
TRIM16,0.26977637112140657,61.006120476752926,0.0
MYH2,0.2697597905993462,61.00075163749597,0.0
JRKL,0.26975262463092803,60.99538279823902,0.0
PRND,0.2697474956512451,60.99001395898207,0.0
HCN4,0.26970515251159666,60.98464511972511,0.0
WIPI2,0.26969369500875473,60.97927628046816,0.0
IP6K2,0.2696101665496826,60.9739074412112,0.0
F11,0.2696013003587723,60.96853860195426,0.0
PAQR7,0.2695080518722534,60.9631697626973,0.0
BNIP3L,0.269419452548027,60.95780092344035,0.0
ARMCX3,0.2694101780653,60.95243208418339,0.0
SPATA6,0.2693704441189766,60.94706324492645,0.0
MYL6,0.2693615540862083,60.9416944056695,0.0
CDC34,0.26934867799282075,60.93632556641254,0.0
ANKRD13B,0.26934662759304046,60.930956727155596,0.0
SHKBP1,0.269331394135952,60.92558788789864,0.0
TRMT6,0.26930638700723647,60.92021904864169,0.0
SLC6A4,0.26930018961429597,60.91485020938473,0.0
TMEM56,0.2692972466349602,60.909481370127786,0.0
NOX4,0.2692680224776268,60.904112530870826,0.0
TSPAN10,0.26916619688272475,60.89874369161387,0.0
RHNO1,0.269161131978035,60.89337485235692,0.0
UQCRQ,0.26913501173257826,60.88800601309997,0.0
PSRC1,0.2691275604069233,60.882637173843015,0.0
POMC,0.2691188409924507,60.87726833458606,0.0
TPST1,0.2691187158226967,60.87189949532911,0.0
PRKAB2,0.26903716623783114,60.86653065607216,0.0
PPP2R5C,0.26900776773691176,60.8611618168152,0.0
PTPN1,0.26900535374879836,60.85579297755825,0.0
POLR2C,0.26900010108947753,60.85042413830129,0.0
TAS2R4,0.26899669915437696,60.84505529904435,0.0
TEFM,0.2689888432621956,60.83968645978739,0.0
ANGEL2,0.2689771518111229,60.83431762053044,0.0
RBM33,0.2688792243599892,60.82894878127348,0.0
TMED8,0.26887709349393846,60.823579942016536,0.0
GAPVD1,0.26883512586355207,60.81821110275958,0.0
CTDP1,0.26882430613040925,60.81284226350263,0.0
PABPC4,0.2688178583979607,60.80747342424567,0.0
DTWD2,0.2687497928738594,60.802104584988726,0.0
CLDN5,0.26865180432796476,60.79673574573178,0.0
CSNK1E,0.26859350353479383,60.79136690647482,0.0
RBX1,0.2685840889811516,60.785998067217875,0.0
RBPMS,0.2684995487332344,60.780629227960915,0.0
UPK2,0.26845722645521164,60.77526038870397,0.0
PHYHIP,0.2684457257390022,60.76989154944701,0.0
ITGAL,0.2683931335806847,60.764522710190064,0.0
SCG5,0.2683916911482811,60.759153870933105,0.0
CLEC4E,0.26838512122631075,60.75378503167615,0.0
CLPP,0.2683481052517891,60.7484161924192,0.0
CYP26C1,0.26833555698394773,60.74304735316225,0.0
PPP1R1A,0.2683257803320885,60.737678513905294,0.0
ABCC8,0.2682825293335499,60.73230967464834,1.0
PARVA,0.2682703465223312,60.72694083539139,0.0
TULP2,0.2682506963610649,60.721571996134436,0.0
RHEBL1,0.2681247487664223,60.71620315687748,0.0
SRSF11,0.2680518388748169,60.71083431762053,0.0
HPD,0.26802325546741484,60.70546547836357,0.0
YEATS4,0.26800610721111295,60.700096639106626,0.0
KLK4,0.2679945930838585,60.694727799849666,0.0
PCMTD1,0.2679791510105133,60.68935896059272,0.0
SPAG1,0.26793425530195236,60.68399012133576,0.0
URB2,0.26792590469121935,60.678621282078815,0.0
SCAP,0.2678520128130913,60.673252442821855,0.0
TRANK1,0.26785100251436234,60.66788360356491,0.0
FILIP1,0.267846354842186,60.662514764307964,0.0
CNDP1,0.2678272947669029,60.657145925051005,0.0
G6PC,0.2678152960562057,60.65177708579406,1.0
WDR7,0.26771735697984694,60.6464082465371,0.0
KLHL24,0.26762373000383377,60.641039407280154,0.0
DHRS11,0.26751082092523576,60.635670568023194,0.0
COX11,0.2674701690673828,60.63030172876624,0.0
ATP6V0A2,0.2674317819577071,60.62493288950929,1.0
ELOF1,0.2674220234155655,60.619564050252336,0.0
NBEAL2,0.2673565402626991,60.61419521099538,0.0
PROSC,0.2673492655158043,60.60882637173843,0.0
ZNF521,0.2673416271805763,60.60345753248148,0.0
BAP1,0.2673408542567871,60.598088693224526,1.0
NEBL,0.26733855754137037,60.592719853967566,0.0
YTHDC1,0.26733620166778566,60.58735101471062,0.0
LAMTOR2,0.2672951340675354,60.58198217545366,0.0
ALDH1L2,0.2672875538468361,60.576613336196715,0.0
FOXK1,0.2672835424542427,60.571244496939755,0.0
CACNA1H,0.26723579317331314,60.56587565768281,0.0
PAPOLA,0.26722981184720995,60.56050681842585,0.0
THOC1,0.26722087562084196,60.555137979168904,0.0
FBXL2,0.26720033288002015,60.549769139911945,0.0
SHOC2,0.2671924620866776,60.544400300655,0.0
OXSR1,0.267184753715992,60.53903146139804,0.0
E2F5,0.26717511415481565,60.533662622141094,0.0
C19orf53,0.26709693521261213,60.528293782884134,0.0
DPY30,0.267092789709568,60.52292494362719,0.0
DDX19A,0.2670749887824059,60.51755610437024,0.0
DLX3,0.2669584766030312,60.51218726511328,0.0
TNS3,0.26692919582128527,60.50681842585634,0.0
ALOX12,0.2669043630361557,60.50144958659938,0.0
SNX1,0.26687334328889845,60.49608074734243,0.0
EPHB6,0.26677503287792204,60.49071190808547,0.0
PGAP2,0.2667718917131424,60.48534306882852,0.0
FGD1,0.2667309731245041,60.47997422957157,0.0
DDX47,0.26670974045991896,60.474605390314615,0.0
MTMR14,0.2666621744632721,60.46923655105766,0.0
DCLRE1B,0.2666462615132332,60.46386771180071,0.0
SLC35B2,0.26663989275693895,60.45849887254376,0.0
M1AP,0.2666229322552681,60.453130033286804,0.0
CEP55,0.2666227137986219,60.447761194029844,1.0
SETBP1,0.2665725082159042,60.4423923547729,0.0
RAMP2,0.2664675071835518,60.43702351551594,0.0
ACOT9,0.2663285493850708,60.431654676258994,0.0
SRR,0.2663031056523323,60.426285837002034,0.0
INO80B,0.2662320449948311,60.42091699774509,0.0
STAR,0.2661417543888092,60.41554815848813,0.0
SCMH1,0.2661247864365578,60.41017931923118,0.0
MICALL2,0.2661223873496056,60.40481047997422,0.0
GSTM5,0.26610611826181413,60.39944164071728,0.0
CPEB4,0.2660898923873901,60.39407280146032,0.0
GIT2,0.26596787571907043,60.38870396220337,0.0
NUP210,0.26591594219207765,60.38333512294643,0.0
RASSF1,0.26586494594812393,60.37796628368947,0.0
CCDC137,0.2658397302031517,60.37259744443252,0.0
TIAL1,0.2658142864704132,60.36722860517556,0.0
PICALM,0.265749791264534,60.36185976591861,0.0
DEFA5,0.2657479092478752,60.35649092666166,0.0
LGALSL,0.2657315731048584,60.351122087404704,0.0
RHOBTB1,0.2656120926141739,60.34575324814775,0.0
RRS1,0.2656089514493942,60.3403844088908,0.0
ERG,0.26560085117816923,60.335015569633846,0.0
HINT3,0.2655426383018494,60.32964673037689,0.0
PRRC2C,0.26553596258163453,60.324277891119934,0.0
OGFOD3,0.26553492397069933,60.31890905186299,0.0
ZFC3H1,0.2655204400420189,60.31354021260603,0.0
SPTLC3,0.265490947663784,60.30817137334908,0.0
TMEM214,0.2654828354716301,60.30280253409212,0.0
CLTC,0.26544889658689497,60.29743369483518,0.0
DOCK8,0.26544190347194674,60.29206485557822,0.0
RPL37A,0.2654298797249794,60.28669601632127,0.0
AGER,0.2653739497065544,60.28132717706431,0.0
HELLS,0.26533892303705214,60.27595833780737,0.0
TCEB3,0.2652024045586586,60.27058949855041,0.0
ISL2,0.26518445909023286,60.26522065929346,0.0
VARS2,0.2650954365730286,60.2598518200365,0.0
INCENP,0.2649967700242996,60.25448298077956,0.0
MLLT1,0.2649195954203606,60.24911414152261,0.0
EFR3A,0.2648638591170311,60.24374530226565,0.0
VAC14,0.2648473113775253,60.238376463008706,0.0
POU5F1,0.26483877599239347,60.233007623751746,0.0
PKIA,0.2647496029734612,60.2276387844948,0.0
EIF2S1,0.2647218510508537,60.22226994523784,0.0
ATG4D,0.2645713537931442,60.21690110598089,0.0
CREB1,0.2645353153347969,60.211532266723935,0.0
SLCO1B1,0.2644819438457489,60.20616342746698,0.0
NPHS2,0.2644779309630394,60.20079458821003,0.0
MATK,0.2644291639328003,60.19542574895308,0.0
PIGS,0.2643734499812126,60.190056909696125,0.0
GTF3C2,0.26436400413513184,60.18468807043917,0.0
PBK,0.26436072438955305,60.17931923118221,0.0
ATP6V0E2,0.2643574893474579,60.17395039192527,0.0
HOXC4,0.2641865059733391,60.16858155266831,0.0
KLF13,0.26417551189661026,60.16321271341136,0.0
TAT,0.26417392641305926,60.1578438741544,0.0
DGKE,0.2641678512096405,60.152475034897456,0.0
LMO2,0.26416064649820326,60.1471061956405,0.0
APLF,0.2641552731394768,60.14173735638355,0.0
RCBTB2,0.2640862450003624,60.13636851712659,0.0
PFN2,0.26404041349887847,60.130999677869646,0.0
FCN2,0.26401913315057757,60.125630838612686,0.0
CASKIN1,0.26388165950775144,60.12026199935574,0.0
AAGAB,0.2638421580195427,60.11489316009878,0.0
G6PD,0.2636711835861206,60.109524320841835,0.0
SLC25A37,0.2636539235711098,60.10415548158489,0.0
SETD1B,0.26361344307661055,60.09878664232793,0.0
HTR1A,0.2636017307639122,60.09341780307098,0.0
BMX,0.2635834142565727,60.088048963814025,0.0
JAKMIP1,0.26354583650827407,60.08268012455707,0.0
RPL13A,0.26353374123573303,60.07731128530012,0.0
SCAF11,0.26345747262239455,60.07194244604317,0.0
FAU,0.26343765407800673,60.066573606786214,0.0
PAXBP1,0.26338276714086534,60.06120476752926,0.0
CLIP1,0.26336908638477324,60.0558359282723,0.0
UFD1L,0.2633559927344322,60.050467089015356,0.0
PELI1,0.2633185639977455,60.0450982497584,0.0
ZDHHC14,0.2633175253868103,60.03972941050145,0.0
ATF7,0.2633054554462433,60.03436057124449,0.0
NR3C2,0.2632140383124352,60.028991731987546,0.0
WHSC1,0.2630750805139542,60.023622892730586,0.0
ELANE,0.26304217875003816,60.01825405347364,0.0
DENND2D,0.2630138099193573,60.01288521421668,0.0
STARD7,0.2629513919353485,60.007516374959735,0.0
TOX3,0.2629417672753334,60.002147535702775,0.0
NOXA1,0.26278684139251707,59.99677869644583,0.0
ACTL6B,0.2627788081765175,59.99140985718887,0.0
MRPL20,0.2627547770738602,59.986041017931925,0.0
HNRNPA1L2,0.262667840719223,59.980672178674965,0.0
SYT5,0.2626348212361336,59.97530333941802,0.0
RANGAP1,0.2626031771302223,59.969934500161074,0.0
NPFF,0.26259674578905107,59.964565660904114,0.0
UTP6,0.2625252053141594,59.95919682164717,0.0
RAG2,0.26247783452272416,59.95382798239021,0.0
APOBEC3F,0.2624711893498898,59.948459143133256,0.0
PBX2,0.2624472051858902,59.9430903038763,0.0
SOX5,0.2624312087893486,59.93772146461935,0.0
MRPS26,0.2623267859220505,59.9323526253624,0.0
CHN2,0.26226528733968735,59.926983786105446,0.0
RGS7BP,0.2622580327093601,59.92161494684849,0.0
P2RY2,0.262249618768692,59.91624610759154,0.0
SSR3,0.26220315843820574,59.91087726833458,0.0
COMMD7,0.2621899962425232,59.905508429077635,0.0
TMEM161A,0.26210442185401917,59.900139589820675,0.0
TPGS1,0.2620614841580391,59.89477075056373,0.0
SLC18A3,0.26205731332302096,59.88940191130677,0.0
CCDC13,0.26201689839363096,59.884033072049824,0.0
TPP2,0.26198329627513883,59.878664232792865,0.0
CELF2,0.26195970475673674,59.87329539353592,0.0
TLK2,0.26195555478334426,59.86792655427896,0.0
UBE2D3,0.26195086240768434,59.862557715022014,0.0
MAPKAPK3,0.2618703246116638,59.857188875765054,0.0
NLRP9,0.2618348717689514,59.85182003650811,0.0
DIRAS3,0.2617167249321938,59.84645119725115,0.0
PCED1A,0.2616373285651207,59.8410823579942,0.0
FAM13A,0.26156735271215437,59.83571351873724,0.0
C17orf75,0.2615127876400948,59.8303446794803,0.0
PHF14,0.26150225251913073,59.824975840223345,0.0
SGTA,0.26146810948848725,59.81960700096639,0.0
C6orf203,0.2614565208554268,59.81423816170944,0.0
CBWD5,0.2614560440182686,59.80886932245249,0.0
CCNT1,0.26134360730648043,59.803500483195535,0.0
GSDMA,0.2613267883658409,59.79813164393858,0.0
ARC,0.26114535331726074,59.79276280468163,0.0
PRDX2,0.26112438142299654,59.78739396542467,0.0
TMED2,0.26111945062875747,59.782025126167724,0.0
AKAP4,0.2611167438328266,59.776656286910764,0.0
DSE,0.2611082658171654,59.77128744765382,0.0
PPP2R3C,0.2610810175538063,59.76591860839686,0.0
NQO2,0.2610468611121178,59.760549769139914,0.0
C17orf89,0.26099930703639984,59.755180929882954,0.0
SLC30A1,0.26097963452339173,59.74981209062601,0.0
MICA,0.26094668060541154,59.74444325136905,0.0
MLXIPL,0.26094300001859666,59.7390744121121,0.0
BDKRB1,0.2609033301472664,59.73370557285514,0.0
C6orf226,0.2608025446534157,59.7283367335982,0.0
LIPI,0.26079955101013186,59.72296789434124,0.0
TCF4,0.2607979357242584,59.71759905508429,0.0
ARSH,0.26079130321741106,59.71223021582733,0.0
CCNL2,0.2607743442058563,59.70686137657039,0.0
RUNX1T1,0.26069567501544955,59.70149253731343,0.0
FRMD4A,0.2606784045696259,59.69612369805648,0.0
CNPY3,0.2606684252619743,59.69075485879954,0.0
HERC3,0.2605836510658264,59.68538601954258,0.0
CRLF2,0.2605044797062874,59.680017180285624,0.0
PABPN1,0.2604855880141258,59.67464834102867,0.0
MRPL40,0.260483980178833,59.66927950177172,0.0
KIAA1468,0.260471473634243,59.663910662514766,0.0
PDIA6,0.26046275347471237,59.65854182325781,0.0
HCCS,0.26043909206413307,59.65317298400086,1.0
PLCD3,0.26038072258234024,59.64780414474391,0.0
PSMC2,0.2603618934750557,59.64243530548695,0.0
SCPEP1,0.26030306667089465,59.63706646623,0.0
PRKAR1B,0.26029126793146135,59.63169762697304,0.0
RCOR1,0.2602425843477249,59.6263287877161,0.0
KIF11,0.26019342904063786,59.62095994845914,1.0
NR3C1,0.26017247289419176,59.61559110920219,0.0
FCER1G,0.2601464316248894,59.61022226994523,0.0
NACC1,0.2601123884320259,59.60485343068829,0.0
KCNH2,0.2600996524095535,59.59948459143133,0.0
ZNF420,0.26004290133714675,59.59411575217438,0.0
GPATCH8,0.2600294291973114,59.58874691291742,0.0
SNRPD3,0.2599302127957344,59.58337807366048,0.0
MAP3K6,0.2598656311631203,59.57800923440352,0.0
C4orf22,0.25986131876707075,59.57264039514657,0.0
H2AFZ,0.25982853323221206,59.56727155588961,0.0
TBL2,0.2598239704966545,59.561902716632666,0.0
RPL19,0.2598117396235466,59.55653387737571,0.0
LSG1,0.25973532497882845,59.55116503811876,0.0
PSMB6,0.259726844727993,59.54579619886181,0.0
KCNAB1,0.25971787571907046,59.540427359604855,0.0
ZFPL1,0.25970749855041503,59.5350585203479,0.0
FAM219B,0.2596704617142677,59.52968968109095,0.0
MAT2A,0.25963243544101716,59.524320841834,0.0
DHDDS,0.25961271887097287,59.51895200257704,1.0
PRKAR2A,0.2595997378230095,59.51358316332009,0.0
CHL1,0.25958662629127505,59.50821432406313,0.0
SS18L1,0.25953350216150284,59.50284548480619,0.0
FRRS1L,0.2594588056206703,59.49747664554923,0.0
NOP2,0.2593920037150383,59.49210780629228,0.0
XRCC3,0.2593389734625816,59.48673896703532,0.0
USP2,0.2592706099152565,59.481370127778376,0.0
TNNI3K,0.25925387591123583,59.47600128852142,0.0
SLC47A1,0.259173521399498,59.47063244926447,0.0
NIPAL4,0.2591450497508049,59.46526361000751,0.0
RASL10B,0.2591275915503502,59.459894770750566,0.0
STXBP5L,0.25911012291908264,59.454525931493606,0.0
GLO1,0.25905625224113465,59.44915709223666,0.0
CAMKV,0.2590429440140724,59.4437882529797,0.0
PNMA2,0.25903135240077974,59.438419413722755,0.0
SRL,0.2590213820338249,59.433050574465796,0.0
GNA12,0.2588118612766266,59.42768173520885,0.0
GTF2A1,0.25880411714315416,59.42231289595189,0.0
TBX4,0.25880370289087296,59.416944056694945,0.0
CEP95,0.25879996120929716,59.41157521743799,0.0
GNAI2,0.2587488815188408,59.40620637818104,0.0
CHCHD10,0.2587417036294937,59.40083753892409,0.0
HIST1H2BK,0.25874050706624985,59.395468699667134,0.0
MLXIP,0.2587208926677704,59.39009986041018,0.0
ANO2,0.25866415798664094,59.38473102115323,0.0
ACTN1,0.25866362601518633,59.379362181896276,0.0
CLDN18,0.25866338461637495,59.37399334263932,0.0
FAM57B,0.25863123685121536,59.36862450338237,0.0
AKAP8,0.25862369388341905,59.36325566412541,0.0
ABCB4,0.25853513479232787,59.357886824868466,0.0
POLR3K,0.2585021868348122,59.352517985611506,0.0
ZBP1,0.258473302423954,59.34714914635456,0.0
SLC26A11,0.2583340048789978,59.3417803070976,0.0
VASP,0.2582535818219185,59.336411467840655,0.0
RBMS1,0.2582478865981102,59.331042628583695,0.0
IQGAP1,0.258241169154644,59.32567378932675,0.0
SPRED3,0.25817273557186127,59.32030495006979,0.0
SSPN,0.25810121148824694,59.314936110812845,0.0
ADAMTS1,0.258088281750679,59.309567271555885,0.0
PDE2A,0.2580668956041336,59.30419843229894,0.0
MBD3,0.25805518478155137,59.29882959304198,0.0
BAZ2A,0.25804742574691775,59.293460753785034,0.0
HCN3,0.2580255463719368,59.288091914528074,0.0
HMGCS1,0.2580232501029968,59.28272307527113,0.0
GRHL1,0.2580200508236885,59.277354236014176,0.0
NRF1,0.25798584073781966,59.27198539675722,0.0
TOR1AIP2,0.25786973983049394,59.26661655750027,0.0
TRMT10C,0.2578254997730255,59.26124771824332,0.0
BRWD1,0.2578233852982521,59.255878878986366,0.0
ORC4,0.2578063473105431,59.250510039729406,0.0
PARP16,0.25777053087949753,59.24514120047246,0.0
ARHGAP26,0.2577660396695137,59.2397723612155,0.0
ERVFRD-1,0.25776207447052,59.234403521958555,0.0
ATP1B1,0.2577569097280502,59.229034682701595,0.0
TBC1D22B,0.2577119290828705,59.22366584344465,0.0
TERT,0.25767894834280014,59.21829700418769,0.0
TTC33,0.25765050649642945,59.212928164930744,0.0
HIVEP1,0.25764654129743575,59.207559325673785,0.0
ARF5,0.25761877447366716,59.20219048641684,0.0
NXF5,0.25761554539203646,59.19682164715988,0.0
RGS12,0.2576113849878311,59.191452807902934,0.0
CDC27,0.25755848437547685,59.186083968645974,0.0
KRT72,0.2575343146920204,59.18071512938903,0.0
ZSWIM6,0.257442931830883,59.17534629013207,0.0
WBP1,0.2574361220002174,59.16997745087512,0.0
MAPKAPK5,0.25742111504077914,59.16460861161816,0.0
TRIM4,0.2573748454451561,59.15923977236122,0.0
PEBP1,0.2573175013065338,59.15387093310426,0.0
RPLP0,0.2572797849774361,59.14850209384731,0.0
PPWD1,0.2572751745581627,59.14313325459035,0.0
EXPH5,0.2571896597743034,59.13776441533341,0.0
PPP1R9A,0.2571341395378113,59.132395576076455,0.0
G2E3,0.25707823038101196,59.1270267368195,0.0
PTPRR,0.2570766434073448,59.12165789756255,0.0
CLCNKB,0.25703686050815727,59.1162890583056,1.0
ATP9A,0.25703358799219134,59.110920219048644,0.0
EBNA1BP2,0.2570272147655487,59.105551379791684,0.0
RELB,0.25701092183589935,59.10018254053474,0.0
PRPF38B,0.2569773271679878,59.09481370127778,0.0
GEM,0.2569293290376663,59.089444862020834,0.0
CDC23,0.2569259688258171,59.084076022763874,0.0
SMARCE1,0.25691968351602557,59.07870718350693,0.0
RRAS,0.2568424269556999,59.07333834424997,0.0
HBP1,0.2568307638168335,59.06796950499302,0.0
ZFR2,0.25680588781833646,59.06260066573606,0.0
CERS1,0.2568017110228539,59.05723182647912,0.0
ASNA1,0.25674432665109637,59.05186298722216,0.0
DNAH10,0.25674303993582726,59.04649414796521,0.0
RPL36AL,0.25672542452812197,59.04112530870825,0.0
TSGA10,0.2566791415214539,59.03575646945131,0.0
NOP14,0.25667047053575515,59.03038763019435,0.0
TADA2A,0.25666196793317797,59.0250187909374,0.0
MSTO1,0.25663269738587297,59.01964995168044,1.0
ORMDL1,0.25661723911762235,59.0142811124235,0.0
GRSF1,0.2566046714782715,59.00891227316654,0.0
PPP2CA,0.25659866333007814,59.00354343390959,0.0
ABHD16A,0.25659732669591906,58.99817459465264,0.0
KCTD12,0.2565290629863739,58.992805755395686,0.0
MEST,0.2565135031938553,58.98743691613873,0.0
MEF2A,0.256506110727787,58.982068076881774,0.0
ATP13A1,0.2564958229660988,58.97669923762483,0.0
SRPK1,0.25644280314445494,58.97133039836787,0.0
PUS7,0.2564080208539963,58.96596155911092,0.0
OTC,0.2563846901059151,58.96059271985396,0.0
ANKRD1,0.256314691901207,58.95522388059702,0.0
HLA-DPB1,0.25631223320961,58.94985504134006,0.0
ZC3H12B,0.25623656064271927,58.94448620208311,0.0
ZNF276,0.25611972212791445,58.93911736282615,0.0
USP24,0.2560366064310074,58.93374852356921,0.0
MFSD1,0.2560360476374626,58.92837968431225,0.0
TTLL3,0.2560326769948006,58.9230108450553,0.0
AGXT,0.25599753094473104,58.91764200579834,1.0
HES6,0.25599740743637084,58.9122731665414,0.0
ASCC1,0.25597104132175447,58.90690432728444,0.0
BPIFB1,0.25595580488443376,58.90153548802749,0.0
EMCN,0.255953760445118,58.89616664877053,0.0
TNS1,0.25594141334295273,58.890797809513586,0.0
LPCAT2,0.2559135764837265,58.885428970256626,0.0
HOXB8,0.2558304935693741,58.88006013099968,0.0
RNF216,0.25578119530696275,58.87469129174272,1.0
NELFA,0.25577007085084913,58.869322452485775,0.0
DCLK2,0.25574163645505904,58.86395361322882,0.0
CCAR1,0.25573435574769976,58.85858477397187,0.0
ZDHHC3,0.25568599700927735,58.85321593471492,0.0
NUP107,0.2556846678256989,58.847847095457965,0.0
RAB31,0.2556751310825348,58.84247825620101,0.0
PSMC1,0.25559246838092803,58.83710941694405,0.0
TNFRSF25,0.25556598901748656,58.83174057768711,0.0
ACPP,0.2554984107613564,58.82637173843015,0.0
IKBKG,0.2554530640070146,58.8210028991732,1.0
SPTY2D1,0.2554215043783188,58.81563405991624,0.0
ACP2,0.255337555706501,58.810265220659296,0.0
NSMAF,0.2553369924426079,58.80489638140234,0.0
CRTC1,0.2552133843302727,58.79952754214539,0.0
SIAE,0.2549971729516983,58.79415870288843,0.0
LRIF1,0.2549911320209503,58.788789863631486,0.0
MYO1H,0.25496812760829923,58.783421024374526,0.0
PRPH,0.25496135503053663,58.77805218511758,0.0
CA1,0.2546861872076988,58.77268334586062,0.0
NLRP2,0.25468040257692337,58.767314506603675,0.0
AOC2,0.2546751245856285,58.761945667346716,0.0
ZNHIT1,0.25448779910802843,58.75657682808977,0.0
PGM2,0.25446965247392656,58.75120798883281,0.0
GOT2,0.2544468864798546,58.745839149575865,0.0
WNT10A,0.2544090673327446,58.740470310318905,0.0
CHCHD2,0.25438235849142077,58.73510147106196,0.0
PID1,0.2543646767735481,58.729732631805,0.0
RPS4X,0.25427267551422117,58.724363792548054,0.0
C5AR2,0.2541854053735733,58.7189949532911,0.0
PDIA4,0.2541502058506012,58.71362611403414,0.0
MAP2K4,0.25413410663604735,58.708257274777196,0.0
RNF39,0.25409904718399046,58.70288843552024,0.0
LNX1,0.25405009239912035,58.69751959626329,0.0
SELPLG,0.254025337100029,58.69215075700633,0.0
ZC3H12A,0.25401823967695236,58.686781917749386,0.0
DKC1,0.25399515479803086,58.681413078492426,0.0
PRSS21,0.2539848476648331,58.67604423923548,0.0
IKBKB,0.25396508127450945,58.67067539997852,0.0
ADCK3,0.2539563462138176,58.665306560721575,0.0
AP1S2,0.2538918323814869,58.659937721464615,0.0
RPS6KB1,0.25387988686561586,58.65456888220767,0.0
CINP,0.2538511246442795,58.64920004295071,0.0
MRPS7,0.25381911993026735,58.643831203693765,0.0
CHMP2A,0.2537906616926193,58.638462364436805,0.0
MGAT4B,0.25370400995016096,58.63309352517986,0.0
CRABP1,0.25368535369634626,58.6277246859229,0.0
MB21D2,0.2536688446998596,58.622355846665954,0.0
SUMO2,0.2536199361085892,58.616987007408994,0.0
PIAS1,0.25350871235132216,58.61161816815205,0.0
RTCB,0.2534442156553268,58.60624932889509,0.0
CDCA7L,0.25340127348899844,58.60088048963814,0.0
PDP1,0.25339622497558595,58.595511650381184,0.0
PRMT2,0.2533657118678093,58.59014281112424,0.0
SDAD1,0.2533609375357628,58.584773971867286,0.0
KRT23,0.2533458426594734,58.57940513261033,0.0
VPS26A,0.25317289382219316,58.57403629335338,0.0
CAMK2G,0.2531274616718292,58.56866745409642,0.0
ITGAM,0.2531207412481308,58.563298614839475,0.0
MTF2,0.253111831843853,58.557929775582515,0.0
MRPL41,0.2529959723353386,58.55256093632557,0.0
CCDC22,0.2529611200094223,58.54719209706861,0.0
ARRB1,0.25289288759231565,58.541823257811664,0.0
CREBL2,0.2528513059020042,58.536454418554705,0.0
ACTL7B,0.252822171151638,58.53108557929776,0.0
NKX6-1,0.25279516726732254,58.5257167400408,0.0
TMED1,0.25279336869716645,58.520347900783854,0.0
PHKA1,0.25275760143995285,58.514979061526894,0.0
GABRR2,0.2527571558952332,58.50961022226995,0.0
ACOX2,0.2526249781250954,58.50424138301299,0.0
GREB1,0.2525640055537224,58.49887254375604,0.0
DAPK1,0.25256395190954206,58.49350370449908,0.0
ARHGEF6,0.2525555521249771,58.48813486524214,0.0
UGT3A2,0.2525199308991432,58.48276602598518,0.0
RAP1A,0.25246186554431915,58.47739718672823,0.0
ABCG5,0.25240800678730013,58.47202834747127,0.0
AKR1C2,0.25238853469491007,58.46665950821433,0.0
THRAP3,0.25236345678567884,58.46129066895737,0.0
SLC43A2,0.25235737264156344,58.45592182970042,0.0
CAMK2D,0.2523136243224144,58.45055299044346,0.0
OSBPL8,0.2522905796766281,58.44518415118651,0.0
GTF2H1,0.2522769123315811,58.439815311929564,0.0
AKT3,0.2522247821092606,58.434446472672605,0.0
TTLL7,0.25217732042074203,58.42907763341566,0.0
KRT33B,0.2521530032157898,58.4237087941587,0.0
DNAJB11,0.25214612782001494,58.418339954901754,0.0
SMYD2,0.25212026089429856,58.412971115644794,0.0
GLDN,0.2520728535950184,58.40760227638785,0.0
C22orf39,0.2520420715212822,58.40223343713089,0.0
ADCY4,0.2520204856991768,58.39686459787394,0.0
POLR2E,0.2519379466772079,58.39149575861698,0.0
MAP1S,0.2518067121505737,58.38612691936004,0.0
DCTN2,0.25176489502191546,58.38075808010308,0.0
SCRN2,0.2517382174730301,58.37538924084613,0.0
YDJC,0.2517061844468117,58.37002040158917,0.0
DYNC1I1,0.25169068574905396,58.36465156233223,0.0
SGSM2,0.25164297968149185,58.35928272307527,0.0
MESP2,0.2516417056322098,58.35391388381832,0.0
ST8SIA2,0.2516355633735657,58.34854504456136,0.0
TMEM54,0.25155912786722184,58.34317620530442,0.0
FANCG,0.2514551728963852,58.33780736604746,0.0
ZFP42,0.2514489784836769,58.33243852679051,0.0
ZNF33B,0.2514445766806602,58.32706968753355,0.0
CTDNEP1,0.2514388024806976,58.321700848276606,0.0
GSTA2,0.25142696797847747,58.316332009019646,0.0
EGLN2,0.2513954728841782,58.3109631697627,0.0
HNRNPA1,0.25139524042606354,58.30559433050575,0.0
OASL,0.2513471856713295,58.30022549124879,0.0
SETDB2,0.2513386383652687,58.29485665199184,0.0
SLC30A9,0.2513092428445816,58.28948781273488,0.0
KRT77,0.25130820870399473,58.28411897347794,0.0
KRT33A,0.25130238980054853,58.27875013422098,0.0
CNTFR,0.25130108594894407,58.27338129496403,0.0
PACSIN3,0.2511437714099884,58.26801245570707,0.0
RMI2,0.2511332243680954,58.26264361645013,0.0
BBOX1,0.2510883450508118,58.25727477719317,0.0
CRHR2,0.25105260014534,58.25190593793622,0.0
C21orf33,0.25102522373199465,58.24653709867926,0.0
EIF2D,0.2509338319301605,58.24116825942232,0.0
LYZL2,0.25093225538730624,58.23579942016536,0.0
CLPS,0.25092706829309464,58.23043058090841,0.0
USP29,0.25090740621089935,58.22506174165145,0.0
FGF19,0.2509057432413101,58.219692902394506,0.0
CRK,0.25086886137723924,58.214324063137546,0.0
TRPM4,0.25078673362731935,58.2089552238806,0.0
ZNF641,0.2507740408182144,58.20358638462364,0.0
KIF17,0.2506890416145325,58.198217545366695,0.0
DGKG,0.2506667420268059,58.192848706109736,0.0
LYPLA1,0.25065129399299624,58.18747986685279,0.0
COL4A6,0.2505947301689262,58.18211102759583,1.0
MAPKAP1,0.2505361571907997,58.17674218833888,0.0
SEH1L,0.25047737658023833,58.17137334908193,0.0
NLRX1,0.2503885939717293,58.16600450982497,0.0
PRDX6,0.250279526412487,58.16063567056803,0.0
HHATL,0.250246599316597,58.15526683131107,0.0
AGBL4,0.250214584171772,58.14989799205412,0.0
ARMC5,0.25011164546012876,58.14452915279716,0.0
SNAP91,0.25000510513782503,58.139160313540216,0.0
HLX,0.2498875677585602,58.13379147428326,0.0
RPS29,0.24987696558237077,58.12842263502631,0.0
HIF1AN,0.24987629055976868,58.12305379576935,0.0
HNRNPAB,0.24986375868320465,58.117684956512406,0.0
COPS7B,0.24983151257038116,58.112316117255446,0.0
ERP44,0.24968454241752625,58.1069472779985,0.0
DBF4B,0.24966743513941764,58.10157843874154,0.0
USP14,0.24965696930885314,58.096209599484595,0.0
RPL3,0.249526309967041,58.090840760227636,0.0
ZRANB2,0.24940063208341598,58.08547192097069,0.0
MAPRE2,0.24938577264547349,58.08010308171373,0.0
ADIPOQ,0.2493739351630211,58.074734242456785,0.0
ARHGAP32,0.24936027973890304,58.069365403199825,0.0
RASGRP2,0.24934011101722717,58.06399656394288,0.0
ARSI,0.24933149814605712,58.05862772468592,0.0
WBSCR16,0.2493246927857399,58.053258885428974,0.0
CUL4A,0.24928994923830033,58.047890046172014,0.0
MICAL2,0.2492566615343094,58.04252120691507,0.0
PSMD2,0.24920927584171296,58.03715236765811,0.0
MOSPD2,0.24916385412216185,58.03178352840116,0.0
ZNF219,0.24915874600410462,58.02641468914421,0.0
APOC4,0.24910798221826552,58.02104584988725,0.0
SLC17A6,0.2490925520658493,58.015677010630306,0.0
ERLIN2,0.24906005710363388,58.010308171373346,0.0
DDX6,0.24903559535741807,58.0049393321164,0.0
IER5,0.24898689091205597,57.99957049285944,0.0
HYLS1,0.24891386181116104,57.994201653602495,0.0
ATP5B,0.24890889674425126,57.988832814345535,0.0
NMU,0.24887379109859467,57.98346397508859,0.0
LRSAM1,0.24885949194431306,57.97809513583163,0.0
LTBR,0.24880133122205733,57.972726296574685,0.0
SPINK1,0.2487693414092064,57.967357457317725,0.0
WNT3,0.24876176565885544,57.96198861806078,0.0
PLEKHB2,0.24867070615291595,57.95661977880382,0.0
ARPP19,0.24864722043275833,57.951250939546874,0.0
CPA3,0.24861261248588562,57.945882100289914,0.0
POLR3C,0.24860896170139313,57.94051326103297,0.0
BET1,0.24844797551631928,57.93514442177601,0.0
LARP1,0.24843529164791106,57.92977558251906,0.0
HS3ST2,0.24842288643121718,57.924406743262104,0.0
U2AF1L4,0.24840088784694672,57.91903790400516,0.0
USP47,0.24838704913854598,57.9136690647482,0.0
UBE2G2,0.248373594135046,57.908300225491246,0.0
NUP160,0.2483700320124626,57.90293138623429,0.0
RGMA,0.2482673242688179,57.89756254697734,0.0
IPO4,0.24818119555711746,57.892193707720395,0.0
GDPD5,0.24817760288715363,57.886824868463435,0.0
HNRNPL,0.24816930294036865,57.88145602920649,0.0
CALCOCO2,0.24800328463315963,57.87608718994953,0.0
ATP6AP2,0.24798967093229293,57.870718350692584,0.0
COA5,0.24788760542869567,57.865349511435625,0.0
HELQ,0.24785691052675246,57.85998067217868,0.0
DNAH3,0.24783245325088502,57.85461183292172,0.0
TP53I11,0.24778115153312683,57.849242993664774,0.0
BAIAP2L1,0.2477203518152237,57.843874154407814,0.0
LDLRAP1,0.24770406559109687,57.83850531515087,0.0
GLS,0.2476604923605919,57.83313647589391,0.0
MED6,0.24758491516113282,57.82776763663696,0.0
RCBTB1,0.2475750948460597,57.82239879738,1.0
VKORC1L1,0.24756325781345367,57.81702995812306,0.0
HAVCR2,0.24739524424076081,57.8116611188661,0.0
SEC24A,0.24737626016139985,57.80629227960915,0.0
RLF,0.24734253734350203,57.80092344035219,0.0
CRYBG3,0.24728424549102784,57.79555460109525,0.0
UBE2W,0.24726561158895494,57.79018576183829,0.0
GUCY1B3,0.24722633212804795,57.78481692258134,0.0
MTRF1L,0.24716366529464723,57.77944808332438,0.0
WIPF1,0.24711357206106185,57.77407924406744,0.0
GUF1,0.2471072942018509,57.76871040481048,0.0
PLEKHG6,0.2471000760793686,57.763341565553525,0.0
TOMM34,0.2470865249633789,57.75797272629657,0.0
PTGER4,0.24706891775131226,57.75260388703962,0.0
RSL24D1,0.2470265030860901,57.747235047782674,0.0
PSKH1,0.246953983604908,57.741866208525714,0.0
DGKI,0.24689466804265975,57.73649736926877,0.0
CCDC91,0.24686425179243088,57.73112853001181,0.0
ZNF225,0.24685835540294648,57.72575969075486,0.0
PDLIM7,0.2467869758605957,57.7203908514979,0.0
PPP2R2A,0.24677202254533767,57.71502201224096,0.0
WDFY1,0.24677071273326873,57.709653172984,0.0
ALB,0.24675235897302628,57.70428433372705,0.0
EXOC5,0.24674348533153534,57.69891549447009,0.0
EIF4B,0.24667523205280303,57.69354665521315,0.0
SLC22A12,0.24665785431861878,57.68817781595619,0.0
RRP1B,0.2466483384370804,57.68280897669924,0.0
HTR1B,0.24663363099098207,57.67744013744228,0.0
VEZF1,0.2465997114777565,57.67207129818534,0.0
FAM172A,0.2465772658586502,57.66670245892838,0.0
TANK,0.24655884206295015,57.66133361967143,0.0
UBE2B,0.24646730870008468,57.65596478041447,0.0
CXorf56,0.2464314103126526,57.650595941157526,0.0
HBE1,0.24641920030117034,57.645227101900566,0.0
TBRG4,0.24641099721193313,57.639858262643614,0.0
RAB5B,0.24638322740793228,57.63448942338666,0.0
PRR14L,0.24625593423843384,57.62912058412971,0.0
PEMT,0.24611461758613587,57.623751744872756,0.0
P2RY1,0.24608139097690582,57.6183829056158,0.0
DNAH8,0.24606513157486914,57.61301406635886,0.0
PSMB2,0.24603646099567414,57.6076452271019,0.0
NBR1,0.2459910035133362,57.60227638784495,0.0
QRICH2,0.24591237902641297,57.59690754858799,0.0
PRKG1,0.2458847165107727,57.59153870933105,0.0
BTN2A2,0.2458260715007782,57.58616987007409,0.0
VPS8,0.24580257683992385,57.58080103081714,0.0
HIST1H4G,0.245781247317791,57.57543219156018,0.0
DCBLD1,0.24566298127174377,57.57006335230324,0.0
SSR4,0.24565448462963105,57.56469451304628,0.0
ARMC7,0.24565177410840988,57.55932567378933,0.0
KCTD20,0.24559788405895233,57.55395683453237,0.0
PEX11G,0.24558839797973633,57.548587995275426,0.0
STYXL1,0.24554849416017532,57.543219156018466,0.0
DNAH7,0.24549782276153564,57.53785031676152,0.0
PDCD2L,0.24547426998615265,57.53248147750456,0.0
ULK3,0.24543814808130265,57.527112638247615,0.0
TWF1,0.24536804109811783,57.521743798990656,0.0
ZC3H14,0.2453417405486107,57.51637495973371,0.0
CCNK,0.24533732533454894,57.51100612047675,0.0
LDB1,0.24531009048223495,57.505637281219805,0.0
NRAP,0.24530186504125595,57.500268441962845,0.0
SRP9,0.24528802335262298,57.49489960270589,0.0
TMSB4Y,0.24526830911636352,57.48953076344894,0.0
SPCS2,0.24520628154277802,57.48416192419199,0.0
EPHA4,0.24520367830991746,57.47879308493504,0.0
UBE2L6,0.2451443061232567,57.47342424567808,0.0
CXCL6,0.245134374499321,57.468055406421136,0.0
HNMT,0.24509666115045547,57.46268656716418,0.0
DRAP1,0.2450437590479851,57.45731772790723,0.0
GCDH,0.24502885341644287,57.45194888865027,0.0
GATA6,0.24502014815807344,57.446580049393326,0.0
APBB1,0.24496647715568542,57.441211210136366,0.0
BRF1,0.2448824405670166,57.43584237087942,0.0
RAPGEF6,0.2448779210448265,57.43047353162246,0.0
PHF21A,0.24486022144556047,57.425104692365515,0.0
FAM50B,0.2448442757129669,57.419735853108556,0.0
CHMP6,0.24472801387310028,57.41436701385161,0.0
QTRT1,0.2446663647890091,57.40899817459465,0.0
SFMBT1,0.2446400448679924,57.403629335337705,0.0
ISYNA1,0.24462013840675353,57.398260496080745,0.0
PNMA1,0.24455519318580626,57.3928916568238,0.0
GNG11,0.2445117175579071,57.38752281756684,0.0
MAFK,0.24446398317813872,57.382153978309894,0.0
SERPINA10,0.24444979131221772,57.376785139052934,0.0
TSSK4,0.2444446340203285,57.37141629979598,0.0
PIP5K1B,0.24444421976804734,57.36604746053903,0.0
OLIG3,0.24441085010766983,57.36067862128208,0.0
OPHN1,0.24440223276615142,57.355309782025124,0.0
ADORA2B,0.24421611577272415,57.34994094276817,0.0
COASY,0.24421434551477433,57.34457210351122,0.0
NYNRIN,0.2441938266158104,57.339203264254266,0.0
ARL6IP1,0.24418829679489135,57.33383442499732,0.0
RNF113A,0.24402552829089022,57.32846558574036,1.0
EYA2,0.24399014860391616,57.323096746483415,0.0
RSG1,0.24398461282253264,57.317727907226455,0.0
ANKRD52,0.24396832585334777,57.31235906796951,0.0
HRH1,0.24395150393247605,57.30699022871255,0.0
TRMT112,0.243938584625721,57.301621389455605,0.0
SEPT12,0.24389895796775818,57.296252550198645,0.0
OR4F17,0.24386328756809234,57.2908837109417,0.0
UHRF1BP1,0.24379129260778426,57.28551487168474,0.0
PAPPA2,0.24377062767744065,57.280146032427794,0.0
EPHA5,0.24375588148832322,57.274777193170834,0.0
TUSC2,0.2437528610229492,57.26940835391389,0.0
SERTAD1,0.2437405154109001,57.26403951465693,0.0
AKT2,0.24370406866073607,57.25867067539998,0.0
APOBEC1,0.24370221942663192,57.253301836143024,0.0
ABCF2,0.24349507689476013,57.24793299688608,0.0
PRKAG2,0.24344082772731782,57.24256415762912,0.0
CCDC12,0.2434171751141548,57.23719531837217,0.0
RAB17,0.24333804994821548,57.23182647911521,0.0
PDSS1,0.2432766705751419,57.22645763985826,0.0
GALNT15,0.24323925226926804,57.22108880060131,0.0
SLC24A4,0.24321805238723754,57.215719961344355,0.0
MAST4,0.24320079982280732,57.2103511220874,0.0
ATG2B,0.2431827202439308,57.20498228283045,0.0
FOXP4,0.24317512214183806,57.199613443573504,0.0
SLCO1B3,0.24312857538461685,57.194244604316545,0.0
SLC43A3,0.24310415536165236,57.1888757650596,0.0
IL16,0.24301469027996064,57.18350692580264,0.0
MPZ,0.243013396859169,57.178138086545694,0.0
TMEM59L,0.2429844170808792,57.172769247288734,0.0
MTG1,0.2429829329252243,57.16740040803179,0.0
NPAS2,0.2429344356060028,57.16203156877483,0.0
RELL1,0.24292793571949006,57.15666272951788,0.0
NFATC4,0.2429060608148575,57.15129389026092,0.0
MRPS9,0.24285116493701936,57.14592505100398,0.0
IMPG1,0.2428116276860237,57.14055621174702,0.0
MED14,0.24275704622268676,57.13518737249007,0.0
PGAM1,0.24275607466697693,57.12981853323311,0.0
PDE4A,0.24274294525384904,57.12444969397617,0.0
EIF3D,0.24266041964292526,57.11908085471921,0.0
AMER2,0.24265102222561835,57.11371201546226,0.0
CDX2,0.2426481783390045,57.1083431762053,0.0
BRK1,0.24263138920068741,57.10297433694835,0.0
ALKBH4,0.24261307418346406,57.0976054976914,0.0
VPS37C,0.24261240512132645,57.092236658434445,0.0
RNF149,0.24260819405317308,57.08686781917749,0.0
HAS1,0.2425921693444252,57.08149897992054,0.0
CR1L,0.2425576850771904,57.07613014066359,0.0
VPS36,0.2424428194761276,57.070761301406634,0.0
WDR66,0.2424382120370865,57.065392462149674,0.0
HIGD1A,0.2424018621444702,57.06002362289273,0.0
UBP1,0.24229244291782379,57.05465478363578,0.0
ABRACL,0.24228782653808595,57.04928594437882,0.0
ALPI,0.24227612763643264,57.04391710512188,0.0
HSPH1,0.24225154221057893,57.03854826586492,0.0
E2F8,0.24224288016557693,57.03317942660797,0.0
RPS25,0.24223099797964096,57.02781058735101,0.0
AEBP2,0.24221996441483498,57.02244174809407,0.0
MMP8,0.2421895980834961,57.01707290883711,0.0
TCEA1,0.24213602095842363,57.01170406958016,0.0
FAM69A,0.242078560590744,57.0063352303232,0.0
FUT11,0.24205207973718643,57.00096639106626,0.0
PRX,0.24202563166618346,56.9955975518093,0.0
BUD13,0.2420109897851944,56.99022871255235,0.0
TARDBP,0.24191286116838456,56.98485987329539,0.0
TPO,0.24183256551623344,56.979491034038446,0.0
TMPRSS15,0.24177917391061782,56.974122194781486,0.0
USF2,0.24176762476563454,56.96875335552454,0.0
RBBP7,0.24171965271234513,56.96338451626758,0.0
CDC25A,0.24171470254659652,56.95801567701063,0.0
TSC22D1,0.24166685789823533,56.952646837753676,0.0
PGLYRP2,0.24163431972265242,56.94727799849672,0.0
EVL,0.24156849831342697,56.94190915923977,0.0
MDP1,0.241544196754694,56.93654031998282,0.0
MRPS27,0.2415354922413826,56.931171480725865,0.0
LRWD1,0.24153298884630203,56.92580264146891,0.0
PCDHA7,0.24153095483779907,56.92043380221197,0.0
RPL18,0.24152429401874542,56.91506496295501,0.0
DCLRE1C,0.24146450608968734,56.90969612369806,0.0
MRFAP1L1,0.24136561751365662,56.9043272844411,0.0
ASNS,0.24134845286607742,56.89895844518416,0.0
GPR15,0.241171033680439,56.8935896059272,0.0
TFCP2L1,0.24116292744874954,56.88822076667025,0.0
MELK,0.2411382131278515,56.88285192741329,0.0
NADK,0.24109985828399658,56.877483088156346,0.0
SNX27,0.24108458906412125,56.872114248899386,0.0
DUOXA2,0.24106911867856978,56.86674540964244,0.0
SPTSSA,0.24099562168121338,56.86137657038548,0.0
ETFA,0.24098602682352066,56.856007731128535,0.0
ACSS3,0.24095754325389862,56.850638891871576,0.0
LDHC,0.24094314351677895,56.84527005261463,0.0
CD209,0.24088878631591798,56.83990121335767,0.0
XPO7,0.24076797664165497,56.83453237410072,0.0
PDIA5,0.24076030254364014,56.829163534843765,0.0
PTPRT,0.24075575917959213,56.82379469558681,0.0
CLDND1,0.24074459820985794,56.81842585632986,0.0
CCDC108,0.24073054194450377,56.81305701707291,0.0
MSTN,0.24072615504264833,56.807688177815955,0.0
BAIAP3,0.24069057255983353,56.802319338559,0.0
EBI3,0.24066286981105806,56.79695049930204,0.0
GIPC1,0.24065078496932985,56.7915816600451,0.0
RIPPLY2,0.24062334448099137,56.78621282078815,0.0
NUCKS1,0.2405809074640274,56.78084398153119,0.0
SOX13,0.24057245552539824,56.775475142274246,0.0
LIN9,0.24053672552108765,56.770106303017286,0.0
STX16,0.24046197533607483,56.76473746376034,0.0
PDE1C,0.2404481813311577,56.75936862450338,0.0
FFAR2,0.24042034894227982,56.753999785246435,0.0
SNRNP40,0.24039856791496278,56.748630945989476,0.0
PDIA2,0.24038634896278382,56.74326210673253,0.0
UNKL,0.24035661220550536,56.73789326747557,0.0
BICD2,0.24033830910921097,56.732524428218625,0.0
HMGN3,0.24030801206827163,56.727155588961665,0.0
OAZ1,0.24025481790304185,56.72178674970472,0.0
HNRNPUL1,0.24024780094623566,56.71641791044776,0.0
VPS18,0.2402137592434883,56.711049071190814,0.0
WNT16,0.24018742889165878,56.705680231933854,0.0
CCPG1,0.24013194292783738,56.70031139267691,0.0
C12orf60,0.2401219993829727,56.69494255341995,0.0
CERS6,0.24010664969682693,56.689573714163,0.0
RPRD1B,0.24009895771741868,56.684204874906044,0.0
ARHGEF40,0.24008901566267013,56.67883603564909,0.0
MANF,0.24005009979009628,56.67346719639214,0.0
HTR2A,0.2400088518857956,56.668098357135186,0.0
HCK,0.23991249054670333,56.66272951787823,0.0
CFC1,0.23990785628557204,56.65736067862128,0.0
HOXD9,0.23990715965628623,56.65199183936432,0.0
GPATCH3,0.23990179598331451,56.646623000107375,0.0
BCL2L2,0.23982784450054168,56.64125416085043,0.0
PBXIP1,0.23979316353797914,56.63588532159347,0.0
KLC4,0.2397928461432457,56.630516482336525,0.0
CASP12,0.23978002965450287,56.625147643079565,0.0
SHPRH,0.23974564224481582,56.61977880382262,0.0
PSMD10,0.23972674161195756,56.61440996456566,0.0
MFSD11,0.23964966535568238,56.609041125308714,0.0
TP53AIP1,0.23959288746118546,56.603672286051754,0.0
LRFN3,0.23953020125627517,56.59830344679481,0.0
ERGIC2,0.23951649963855742,56.59293460753785,0.0
PRCP,0.2394638642668724,56.5875657682809,0.0
SNX14,0.23945040255784988,56.582196929023944,0.0
APPL1,0.2394429177045822,56.576828089767,0.0
RNF219,0.23928953260183333,56.57145925051004,0.0
MRPS34,0.23925116062164306,56.566090411253086,0.0
PPP1R12C,0.23924918919801713,56.56072157199613,0.0
OSTF1,0.2391566053032875,56.55535273273918,0.0
CAMK2B,0.2391563683748245,56.54998389348223,0.0
PLEK,0.23912537544965745,56.544615054225275,0.0
SLC25A17,0.23910894244909286,56.53924621496832,0.0
RALGDS,0.2390836790204048,56.53387737571137,0.0
SEMA3A,0.2390603631734848,56.52850853645441,0.0
FAM131C,0.23899307996034622,56.523139697197465,0.0
EDN2,0.23898713737726213,56.517770857940505,0.0
PCDH9,0.23898510336875917,56.51240201868356,0.0
PTPN18,0.2389475092291832,56.507033179426614,0.0
CEP170B,0.23893223106861114,56.501664340169654,0.0
AARSD1,0.23890311121940613,56.49629550091271,0.0
ESR1,0.23888722360134124,56.49092666165575,0.0
ZNF544,0.23887479454278945,56.4855578223988,0.0
CCDC149,0.23883243799209594,56.48018898314184,0.0
HIST1H2BD,0.23880743980407715,56.4748201438849,0.0
AP1B1,0.23877795338630675,56.46945130462794,0.0
PCP4,0.23871563524007797,56.46408246537099,0.0
MCM8,0.23871022835373878,56.45871362611403,0.0
SEC61A1,0.23861241936683655,56.45334478685709,0.0
NUCB2,0.23859571069478988,56.44797594760013,0.0
HPCAL1,0.23859512209892272,56.44260710834318,0.0
P2RY14,0.23858138769865037,56.43723826908622,0.0
FBXO42,0.2385164573788643,56.43186942982928,0.0
CCDC138,0.23851038366556168,56.42650059057232,0.0
UTP14C,0.23850373774766923,56.421131751315365,0.0
SLC4A1AP,0.23833744823932648,56.41576291205841,0.0
ZNF451,0.23832193911075591,56.41039407280146,0.0
CSF2RB,0.23828819990158082,56.40502523354451,0.0
GMCL1,0.23825781643390656,56.399656394287554,0.0
ARX,0.23823965936899186,56.3942875550306,0.0
SLC38A6,0.23822456300258638,56.38891871577365,0.0
ARHGAP27,0.23821128010749817,56.38354987651669,0.0
SNRPC,0.23819691985845565,56.37818103725974,0.0
CPO,0.2381911352276802,56.372812198002784,0.0
STX8,0.23810927867889403,56.36744335874584,0.0
RGS18,0.2380467340350151,56.36207451948889,0.0
UBE2Q2,0.23804401904344558,56.35670568023193,0.0
RPP25L,0.2380274772644043,56.35133684097499,0.0
CYFIP2,0.23799631446599961,56.34596800171803,0.0
CDK8,0.2378809079527855,56.34059916246108,0.0
HOXD11,0.2378563717007637,56.33523032320412,0.0
PTAFR,0.23782805353403091,56.32986148394718,0.0
USP1,0.23774374127388,56.32449264469022,0.0
GCAT,0.23767241835594177,56.31912380543327,0.0
ACOX1,0.23761471626601477,56.31375496617631,1.0
PPP5C,0.23759659379720688,56.308386126919366,0.0
RBM3,0.23758636713027953,56.303017287662406,0.0
ANKRA2,0.23758078068494798,56.297648448405454,0.0
HERC5,0.23752858936786653,56.2922796091485,0.0
LSM11,0.23752474486827851,56.28691076989155,0.0
HP1BP3,0.23750807642936705,56.281541930634596,0.0
KDSR,0.23743226677179335,56.27617309137764,0.0
ARF6,0.23743224889039993,56.27080425212069,0.0
NFATC2IP,0.23741098046302794,56.26543541286374,0.0
TOMM40,0.23739539384841918,56.26006657360678,0.0
SEC13,0.23739517629146575,56.25469773434983,0.0
CASC3,0.23736656457185745,56.24932889509287,0.0
TEKT2,0.2373642072081566,56.24396005583593,0.0
EVX1,0.23722233027219772,56.23859121657897,0.0
CRYBB3,0.2371620610356331,56.23322237732202,0.0
INTS3,0.23714090883731842,56.22785353806508,0.0
CACNG5,0.23711583912372589,56.22248469880812,0.0
ELK1,0.23710363507270812,56.21711585955117,0.0
SKAP2,0.23708803653717042,56.21174702029421,0.0
NPPA,0.23700568079948425,56.206378181037266,0.0
ERN1,0.2369775280356407,56.201009341780306,0.0
CHID1,0.23696900606155397,56.19564050252336,0.0
IL1B,0.23694848716259004,56.1902716632664,0.0
FAM169A,0.23694537132978438,56.184902824009455,0.0
C2orf69,0.23691800534725188,56.179533984752496,0.0
FXYD6,0.23689715564250946,56.17416514549555,0.0
ARHGEF10L,0.23687947392463685,56.16879630623859,0.0
TICRR,0.23686607778072358,56.163427466981645,0.0
HOXC8,0.23685812205076218,56.158058627724685,0.0
FBXO16,0.23683250099420547,56.15268978846773,0.0
PRMT1,0.2368298962712288,56.14732094921078,0.0
TECPR1,0.23682809621095657,56.14195210995383,0.0
GARNL3,0.23679506331682204,56.136583270696875,0.0
ASB1,0.23675794452428817,56.13121443143992,0.0
PDE3A,0.23675468266010286,56.12584559218297,0.0
ITPKB,0.2367343008518219,56.12047675292602,0.0
CTSG,0.23671903610229492,56.11510791366906,0.0
RPS13,0.23670810908079148,56.10973907441211,0.0
HSD17B10,0.23670308976325877,56.10437023515515,1.0
NUSAP1,0.23659211099147798,56.099001395898206,0.0
ADAMTSL3,0.23654303848743438,56.09363255664126,0.0
BRPF3,0.23652241379022598,56.0882637173843,0.0
SYNM,0.2364436939358711,56.082894878127355,0.0
NR5A2,0.23633405119180678,56.077526038870396,0.0
HOXD1,0.23631838858127593,56.07215719961345,0.0
PHYHD1,0.2363088384270668,56.06678836035649,0.0
CDKN2C,0.23630665689706803,56.061419521099545,0.0
ICAM3,0.2362838238477707,56.056050681842585,0.0
RPL23A,0.23624286353588103,56.05068184258564,0.0
ERAL1,0.23620093911886214,56.04531300332868,0.0
SNRK,0.23615058064460753,56.039944164071734,0.0
HNRNPF,0.23610968440771102,56.034575324814774,0.0
CST4,0.23609347343444825,56.02920648555782,0.0
OR6J1,0.23605251163244248,56.02383764630087,0.0
CDH18,0.23601922541856765,56.01846880704392,0.0
SOCS3,0.2360029086470604,56.013099967786964,0.0
VRK3,0.235997799038887,56.00773112853001,0.0
EPHA7,0.2359954982995987,56.00236228927306,0.0
CACNG7,0.2359495684504509,55.996993450016106,0.0
DOPEY1,0.2359486073255539,55.991624610759146,0.0
SAR1A,0.23594285547733307,55.9862557715022,0.0
CAAP1,0.23590298593044282,55.98088693224524,0.0
AGR2,0.23586917519569398,55.975518092988295,0.0
BRINP1,0.23578077107667922,55.970149253731336,0.0
MMS19,0.23574240058660506,55.96478041447439,0.0
MEX3C,0.2356986865401268,55.95941157521743,0.0
IDH2,0.2356833979487419,55.954042735960485,0.0
FAM63B,0.23567736148834229,55.94867389670354,0.0
RAVER2,0.23565013706684113,55.94330505744658,0.0
CACYBP,0.23563805520534514,55.937936218189634,0.0
EIF2S2,0.23560342341661453,55.932567378932674,0.0
MAPK8IP2,0.23560164421796798,55.92719853967573,0.0
TRIP4,0.23560138046741486,55.92182970041877,0.0
PHKA2,0.23557991087436675,55.91646086116182,0.0
ENC1,0.23552554845809937,55.911092021904864,0.0
RPS10,0.23551291450858117,55.90572318264792,0.0
TOP1MT,0.23549507409334183,55.90035434339096,0.0
TSHZ2,0.23544338792562486,55.89498550413401,0.0
PSMD5,0.23541135042905809,55.88961666487705,0.0
WBSCR22,0.23538441807031632,55.8842478256201,0.0
CORO6,0.23532141894102096,55.87887898636315,0.0
ADCY5,0.2352693110704422,55.873510147106195,0.0
SLC22A3,0.23526867628097534,55.86814130784924,0.0
AGO4,0.23522699177265166,55.86277246859229,0.0
SHC2,0.2352028027176857,55.85740362933534,0.0
MYPN,0.2352014273405075,55.852034790078385,0.0
SRPK2,0.23519390523433686,55.846665950821425,0.0
CELA2B,0.23516569882631302,55.84129711156448,0.0
REL,0.23512230217456817,55.83592827230752,0.0
SVOPL,0.23504988998174667,55.830559433050574,0.0
RBM12,0.2350357949733734,55.825190593793614,0.0
PSMC6,0.23498022854328154,55.81982175453667,0.0
CNST,0.23497513234615325,55.81445291527972,0.0
EXOSC1,0.23495152294635774,55.809084076022764,0.0
SORL1,0.23492645025253295,55.80371523676582,0.0
CLIP2,0.2348740205168724,55.79834639750886,0.0
GOLPH3L,0.23484772816300392,55.79297755825191,0.0
MFGE8,0.23473286628723145,55.78760871899495,0.0
CNTN2,0.23472341448068618,55.78223987973801,0.0
CSMD1,0.23471950441598893,55.77687104048105,0.0
MPO,0.23471141010522842,55.7715022012241,0.0
RHOBTB2,0.2347002923488617,55.76613336196714,0.0
APOC2,0.23466365390467916,55.76076452271019,1.0
FCHSD2,0.23464591801166534,55.75539568345324,0.0
CSRNP2,0.23463950008153917,55.750026844196285,0.0
CCL5,0.23458340167999267,55.74465800493933,0.0
ZNF302,0.23454588800668716,55.73928916568238,0.0
CUTC,0.2345420390367508,55.73392032642543,0.0
NSA2,0.23453776389360428,55.728551487168474,0.0
BCL7C,0.23448312282562256,55.723182647911514,0.0
UBL4A,0.23444138914346696,55.71781380865457,0.0
ADARB1,0.23442842066287994,55.71244496939761,0.0
OBSL1,0.2342898204922676,55.70707613014066,0.0
TMEM129,0.23426981121301652,55.701707290883704,0.0
SLCO2B1,0.2342309072613716,55.69633845162676,0.0
RAB37,0.23422630429267882,55.6909696123698,0.0
IL2RB,0.23421741425991058,55.68560077311285,0.0
MYOD1,0.23414220064878463,55.68023193385589,0.0
TSPYL4,0.2341380700469017,55.67486309459895,0.0
POLR3D,0.23408452719449996,55.669494255342,0.0
CRBN,0.23401872515678407,55.66412541608504,0.0
CAPG,0.23401468396186828,55.6587565768281,0.0
CH25H,0.2340062141418457,55.65338773757114,0.0
TCEA3,0.2339958131313324,55.64801889831419,0.0
CPD,0.23399104475975036,55.64265005905723,0.0
APH1A,0.23399098366498947,55.637281219800286,0.0
PALM,0.23395779728889465,55.631912380543326,0.0
TRERF1,0.23390782177448272,55.62654354128638,0.0
EXOC3,0.23386895954608916,55.62117470202942,0.0
ETV2,0.23385927677154542,55.61580586277247,0.0
FEZ2,0.2338421180844307,55.610437023515516,0.0
FGD5,0.2338172897696495,55.60506818425856,0.0
WIZ,0.23381544947624205,55.59969934500161,0.0
PRKCG,0.2336816519498825,55.59433050574466,0.0
TTK,0.23366123139858247,55.588961666487705,0.0
TUBA3C,0.23363683074712754,55.58359282723075,0.0
CENPT,0.23363670110702514,55.57822398797379,0.0
AGR3,0.23356366902589798,55.57285514871685,0.0
KIF15,0.23356240838766099,55.56748630945989,0.0
GMDS,0.23354112654924392,55.56211747020294,0.0
EHBP1,0.23348821252584456,55.55674863094598,0.0
TMEM14B,0.23347256183624268,55.55137979168904,0.0
CDHR5,0.2333804339170456,55.54601095243208,0.0
PELI3,0.23337843269109726,55.54064211317513,0.0
CCNE1,0.23333482146263124,55.535273273918186,0.0
PDHB,0.2333199515938759,55.529904434661226,0.0
SEC11C,0.23331223279237748,55.52453559540428,0.0
NEURL4,0.23330178260803222,55.51916675614732,0.0
MAP4K2,0.23329994678497315,55.513797916890375,0.0
TOMM5,0.23327257186174394,55.508429077633416,0.0
KDM3B,0.23325941115617752,55.50306023837647,0.0
ITIH4,0.23314162939786912,55.49769139911951,0.0
PHF10,0.23311509490013121,55.49232255986256,0.0
CCDC9,0.23305810689926149,55.486953720605605,0.0
BICD1,0.23305668085813522,55.48158488134865,0.0
MAP7D3,0.23305465281009674,55.4762160420917,0.0
TNFRSF13B,0.2330416515469551,55.47084720283475,0.0
SLC16A14,0.23298896700143815,55.465478363577795,0.0
TAP2,0.2329634204506874,55.46010952432084,0.0
THOP1,0.23293183594942093,55.45474068506388,0.0
ECHS1,0.2328256076867998,55.44937184580694,1.0
TES,0.23280578181147576,55.44400300654998,0.0
GALNT10,0.23277964293956757,55.43863416729303,0.0
OR2A1,0.23273815959692,55.43326532803607,0.0
ARHGEF28,0.23270293325185776,55.427896488779126,0.0
SGK3,0.23260581195354463,55.422527649522166,0.0
VTCN1,0.23256500959396362,55.41715881026522,0.0
NTSR1,0.2325541593134403,55.41178997100826,0.0
HIST1H2BJ,0.23253628984093666,55.406421131751316,0.0
TMBIM1,0.23241250067949296,55.40105229249437,0.0
RPL9,0.23241212517023085,55.39568345323741,0.0
UGGT2,0.23240469694137572,55.390314613980465,0.0
SCAI,0.23234229683876037,55.384945774723505,0.0
IKZF1,0.23230352699756623,55.37957693546656,0.0
LY6E,0.23227268010377883,55.3742080962096,0.0
ZNF646,0.23224624693393708,55.368839256952654,0.0
ANGPT4,0.23222207725048066,55.363470417695694,0.0
LNPEP,0.23221385329961777,55.35810157843875,0.0
INTS4,0.232200425863266,55.35273273918179,0.0
HCFC2,0.23217192739248277,55.34736389992484,0.0
ST8SIA1,0.23214949071407318,55.341995060667884,0.0
VIMP,0.23206283301115035,55.33662622141093,0.0
FBXO28,0.2320366770029068,55.33125738215398,0.0
LIPH,0.23191796243190765,55.325888542897026,0.0
NLK,0.23187125325202942,55.32051970364007,0.0
STT3B,0.23180651515722275,55.31515086438312,0.0
PCDHGC5,0.231727434694767,55.30978202512616,0.0
TUBA8,0.23168565183877946,55.304413185869215,0.0
RPL21,0.23149943500757217,55.299044346612256,0.0
ULBP1,0.23148949742317199,55.29367550735531,0.0
FLAD1,0.2314536988735199,55.28830666809835,0.0
FBXO18,0.23143181800842286,55.282937828841405,0.0
PLRG1,0.23142901808023453,55.277568989584445,0.0
ENOPH1,0.2314076691865921,55.2722001503275,0.0
MBOAT2,0.2313719466328621,55.26683131107054,0.0
ARHGAP6,0.23133193254470824,55.261462471813594,0.0
EIF4G3,0.2312638908624649,55.25609363255665,0.0
RHCG,0.23123471140861512,55.25072479329969,0.0
WFIKKN2,0.2312191590666771,55.24535595404274,0.0
TLDC2,0.23117650300264359,55.239987114785784,0.0
LOR,0.23108362555503845,55.23461827552884,0.0
NEK11,0.23108066022396087,55.22924943627188,0.0
BFAR,0.23101838082075118,55.223880597014926,0.0
MRPS21,0.2310158297419548,55.21851175775797,0.0
EIF3I,0.2309994876384735,55.21314291850102,0.0
TAS2R7,0.2309509500861168,55.20777407924407,0.0
CEP85L,0.23093560487031936,55.202405239987115,0.0
IRF9,0.23093031942844391,55.19703640073016,0.0
NIF3L1,0.23089434206485748,55.19166756147321,0.0
GOLT1B,0.23088590800762177,55.18629872221625,0.0
LMNB1,0.23083238452672958,55.180929882959305,0.0
TUBA1C,0.23082112967967988,55.175561043702345,0.0
MAF1,0.2307940259575844,55.1701922044454,0.0
CLPTM1,0.230773489177227,55.16482336518844,0.0
GCK,0.230761142851282,55.159454525931494,1.0
KCNK5,0.2307603619992733,55.154085686674534,0.0
GABRA2,0.23072039037942887,55.14871684741759,0.0
OR4F5,0.23060278743505477,55.14334800816063,0.0
DLG4,0.23055084198713302,55.137979168903684,0.0
AKAP3,0.23049135729670525,55.132610329646724,0.0
CHRAC1,0.2304674506187439,55.12724149038978,0.0
ZADH2,0.23042747229337693,55.12187265113283,0.0
CHKB,0.2303844079375267,55.11650381187587,0.0
RREB1,0.2303740546107292,55.11113497261893,0.0
CLEC11A,0.23032112419605255,55.10576613336197,0.0
KRT28,0.23028807565569878,55.10039729410502,0.0
SEPSECS,0.23027323931455612,55.09502845484806,0.0
SF3B3,0.23026290237903596,55.08965961559112,0.0
STRADB,0.23018063604831696,55.08429077633416,0.0
MXD4,0.23017547875642777,55.078921937077205,0.0
PRKCDBP,0.23012059628963472,55.07355309782025,0.0
RNF34,0.23007314503192902,55.0681842585633,0.0
LAMTOR1,0.23006231486797332,55.06281541930635,0.0
RPL10A,0.2300536096096039,55.057446580049394,0.0
TIPRL,0.22991908639669417,55.05207774079244,0.0
SASS6,0.22991737872362136,55.04670890153549,0.0
HMGB2,0.22985315322875977,55.04134006227853,0.0
RBBP5,0.22981197983026505,55.03597122302158,0.0
ANTXR1,0.22977468371391296,55.030602383764624,0.0
GNA13,0.22973991185426712,55.02523354450768,0.0
DDX46,0.22973214983940124,55.01986470525072,0.0
DNTTIP1,0.22969232201576234,55.01449586599377,0.0
PTGES2,0.22968559712171555,55.00912702673681,0.0
EI24,0.2296561747789383,55.00375818747987,0.0
CSRNP3,0.22964124679565429,54.99838934822291,0.0
GRAMD1A,0.22946463525295258,54.99302050896596,0.0
IL25,0.22943760007619857,54.987651669709,0.0
PACS1,0.22936984598636628,54.98228283045206,0.0
APLP1,0.2293362483382225,54.97691399119511,0.0
VMP1,0.22930524349212647,54.97154515193815,0.0
CCNY,0.2292967274785042,54.966176312681206,0.0
B3GNT6,0.22929015681147574,54.960807473424246,0.0
ODAM,0.2292595736682415,54.955438634167294,0.0
MSI2,0.22923312783241273,54.95006979491034,0.0
RP9,0.2292173193522202,54.94470095565339,1.0
APOA5,0.2291928142309189,54.939332116396436,0.0
CYR61,0.22913180738687516,54.93396327713948,0.0
CRNKL1,0.2291308730840683,54.92859443788253,0.0
NLRP6,0.22911750227212907,54.92322559862558,0.0
ANP32E,0.22910079061985017,54.91785675936862,0.0
CREG1,0.2290836751461029,54.91248792011167,0.0
DUS2,0.2290608510375023,54.90711908085471,0.0
MKRN1,0.22905375361442565,54.90175024159777,0.0
DCUN1D1,0.22901510894298555,54.89638140234081,0.0
RHOT1,0.228959059715271,54.89101256308386,0.0
FARSB,0.2289366751909256,54.8856437238269,0.0
RPL7A,0.2289351522922516,54.88027488456996,0.0
OLIG1,0.22893114537000656,54.874906045313,0.0
NUP188,0.2289196014404297,54.86953720605605,0.0
SULT1A1,0.22891567647457123,54.86416836679909,0.0
SLC32A1,0.2289027601480484,54.858799527542146,0.0
PPFIA4,0.2288274958729744,54.85343068828519,0.0
ARHGEF17,0.22882624715566635,54.84806184902824,0.0
SEC16A,0.2287646323442459,54.842693009771295,0.0
HIST1H1E,0.22863311618566512,54.837324170514336,0.0
SSH2,0.22861203998327256,54.83195533125739,0.0
CUZD1,0.22860318869352342,54.82658649200043,0.0
SLC26A9,0.22858541384339331,54.821217652743485,0.0
PADI1,0.22858359068632125,54.815848813486525,0.0
PCSK2,0.22856151461601257,54.81047997422957,0.0
FGF2,0.22855472862720488,54.80511113497262,0.0
ADAD1,0.22851259112358094,54.79974229571567,0.0
KRT83,0.22850396707654,54.794373456458715,0.0
EML4,0.22849103212356567,54.78900461720176,0.0
BCL3,0.22847359329462053,54.78363577794481,0.0
CSNK2B,0.22842997461557388,54.77826693868786,0.0
CENPB,0.2284207224845886,54.7728980994309,0.0
ANTXR2,0.22839896827936174,54.76752926017395,0.0
AKIRIN2,0.22831206470727922,54.76216042091699,0.0
YIPF6,0.2282880961894989,54.756791581660046,0.0
PTAR1,0.22825229167938232,54.751422742403086,0.0
TXNL4B,0.22824330180883406,54.74605390314614,0.0
TLCD1,0.2281842604279518,54.74068506388918,0.0
KLHL26,0.2281794488430023,54.735316224632236,0.0
VPS13B,0.22817448136210441,54.729947385375276,1.0
STK38L,0.22813190519809723,54.72457854611833,0.0
ST5,0.22804467976093293,54.71920970686137,0.0
HTR7,0.22797240018844606,54.713840867604425,0.0
BIK,0.22796430736780166,54.70847202834748,0.0
STAG2,0.22795734256505967,54.70310318909052,0.0
SNX18,0.2279098778963089,54.697734349833574,0.0
DDX3Y,0.2278587371110916,54.692365510576614,0.0
KLF6,0.2277738243341446,54.68699667131966,0.0
DHFR,0.2277149848639965,54.68162783206271,0.0
MVB12A,0.227702796459198,54.67625899280576,0.0
RPL8,0.22770075350999833,54.670890153548804,0.0
ZFAND6,0.22769145369529725,54.66552131429185,0.0
CAB39,0.22767684757709503,54.6601524750349,0.0
MPHOSPH8,0.22764620631933213,54.654783635777946,0.0
TTC31,0.22764458507299423,54.649414796520986,0.0
FLI1,0.22761322557926178,54.64404595726404,0.0
HIST2H2BE,0.2275967463850975,54.63867711800708,0.0
CSTF1,0.2274490475654602,54.633308278750135,0.0
FCER2,0.2274320565164089,54.627939439493176,0.0
GLTSCR2,0.2274049460887909,54.62257060023623,0.0
AP1AR,0.22738736420869826,54.61720176097927,0.0
SLITRK1,0.22727142870426179,54.611832921722325,0.0
SMG7,0.2272554814815521,54.606464082465365,0.0
KLC3,0.2272231288254261,54.60109524320842,0.0
PSMD11,0.22715942263603212,54.59572640395146,0.0
TSR1,0.22713624835014343,54.590357564694514,0.0
PCSK7,0.22702360153198242,54.584988725437555,0.0
PSD,0.22696166187524797,54.57961988618061,0.0
RPH3AL,0.2269258514046669,54.57425104692365,0.0
SIK2,0.2268809661269188,54.568882207666704,0.0
DNAJC10,0.22686639577150344,54.56351336840976,0.0
RNF115,0.22682160437107085,54.5581445291528,0.0
UBE4A,0.2267947643995285,54.55277568989585,0.0
TCP10L,0.2267378091812134,54.54740685063889,0.0
HN1L,0.22671528905630112,54.54203801138194,0.0
MON2,0.2266838252544403,54.53666917212499,0.0
CA7,0.22666577845811844,54.531300332868035,0.0
INPP5D,0.22666292488574982,54.52593149361108,0.0
C12orf49,0.2266577363014221,54.52056265435413,0.0
PECR,0.2266512393951416,54.51519381509718,0.0
VASN,0.22664358019828795,54.509824975840225,0.0
PRKG2,0.22664135992527007,54.504456136583265,0.0
IL34,0.2265675038099289,54.49908729732632,0.0
DNAJB1,0.22655137181282042,54.49371845806936,0.0
CALCRL,0.22655002251267434,54.488349618812414,0.0
KRT81,0.22654164135456084,54.482980779555454,0.0
LMOD2,0.22653471678495407,54.47761194029851,0.0
IPO5,0.2265027403831482,54.47224310104155,0.0
THYN1,0.2264898017048836,54.466874261784604,0.0
FAM46C,0.22647980749607086,54.461505422527644,0.0
PIAS4,0.22642567306756972,54.4561365832707,0.0
CELSR2,0.22631569504737853,54.45076774401374,0.0
EIF4EBP1,0.2262633413076401,54.44539890475679,0.0
PDXK,0.22624587267637253,54.44003006549983,0.0
TRAPPC12,0.22606337517499925,54.43466122624289,0.0
CYP4B1,0.2260254755616188,54.42929238698594,0.0
FIP1L1,0.22594441175460817,54.42392354772898,0.0
CHD9,0.22586809694767,54.41855470847203,0.0
ALG3,0.2258674477155392,54.41318586921508,1.0
CPT1C,0.22586540430784224,54.407817029958125,0.0
MSN,0.22585757821798325,54.40244819070117,0.0
PPP6R3,0.2258474588394165,54.39707935144422,0.0
SLC1A4,0.22584401369094848,54.39171051218727,0.0
RPL35,0.22584352195262908,54.386341672930314,0.0
ZC3H12D,0.22577085644006728,54.380972833673354,0.0
KIFC1,0.22575125843286514,54.37560399441641,0.0
B4GALNT3,0.22569915950298308,54.37023515515945,0.0
DPY19L2,0.22566212266683577,54.3648663159025,0.0
DPY19L3,0.22565440684556962,54.359497476645544,0.0
PDGFD,0.22560190111398698,54.3541286373886,0.0
RPL23,0.22557692974805832,54.34875979813164,0.0
MEI1,0.22556361556053162,54.34339095887469,0.0
TENM4,0.22556016594171524,54.33802211961773,0.0
KLF10,0.22549806386232377,54.33265328036079,0.0
ITGAX,0.22549122124910354,54.32728444110383,0.0
FGFBP1,0.2254556141793728,54.32191560184688,0.0
RDH14,0.22543765604496002,54.31654676258992,0.0
HSD11B2,0.22541647973849294,54.31117792333298,1.0
BRF2,0.2253680109977722,54.30580908407602,0.0
KANK1,0.22530032470822334,54.30044024481907,0.0
CRB3,0.22527648285031318,54.29507140556211,0.0
TRIM47,0.22523815482854842,54.289702566305166,0.0
HTR2C,0.22521189898252486,54.28433372704822,0.0
FAF1,0.22518140822649002,54.27896488779126,0.0
DTNB,0.22510217875242233,54.27359604853431,0.0
HEATR1,0.2250749409198761,54.268227209277356,0.0
DDX5,0.2249878764152527,54.2628583700204,0.0
USP12,0.22493050396442413,54.25748953076345,0.0
PCGF6,0.22492648661136627,54.2521206915065,0.0
ARHGEF10,0.2249147891998291,54.246751852249545,0.0
NCAN,0.22489878088235854,54.24138301299259,0.0
IGLL1,0.2248872146010399,54.23601417373563,0.0
MSANTD2,0.22480527460575103,54.23064533447869,0.0
EPX,0.22475045919418335,54.22527649522173,0.0
IL23A,0.22474144399166107,54.21990765596478,0.0
PDAP1,0.22469501048326493,54.21453881670782,0.0
MAPK4,0.22465749382972716,54.20916997745088,0.0
AQR,0.2246532991528511,54.20380113819392,0.0
HMGN2,0.22465211153030396,54.19843229893697,0.0
PTPN6,0.22461602687835694,54.19306345968001,0.0
ATG14,0.22458207458257676,54.187694620423066,0.0
BSDC1,0.2245441898703575,54.18232578116611,0.0
MAN2C1,0.22452492713928224,54.17695694190916,0.0
HELZ,0.2245178684592247,54.1715881026522,0.0
SPG7,0.22445493340492248,54.166219263395256,0.0
STOX1,0.22437344044446944,54.160850424138296,0.0
SULT1C2,0.22436447963118553,54.15548158488135,0.0
EPS8L3,0.22430623918771744,54.1501127456244,0.0
EML5,0.22419204488396643,54.144743906367445,0.0
SERPINB9,0.22417346835136415,54.13937506711049,0.0
ZNFX1,0.22416410446166993,54.13400622785354,0.0
VPS4A,0.22410203516483307,54.12863738859659,0.0
PPCDC,0.22407216131687163,54.123268549339635,0.0
KPNA6,0.2240657091140747,54.11789971008268,0.0
ARCN1,0.22404247522354126,54.11253087082572,0.0
ARHGEF7,0.22403394281864167,54.10716203156878,0.0
LRRC59,0.22398792058229447,54.10179319231182,0.0
PSME4,0.22395310401916504,54.09642435305487,0.0
CDK3,0.22394435852766037,54.09105551379791,0.0
NR5A1,0.22387071698904037,54.085686674540966,0.0
MUL1,0.22384200245141983,54.080317835284006,0.0
ST3GAL4,0.22382195070385932,54.07494899602706,0.0
ATL1,0.22381790429353715,54.0695801567701,0.0
POLR3GL,0.22375741899013518,54.064211317513156,0.0
BHLHA15,0.22375476658344268,54.058842478256196,0.0
NDC80,0.2237414836883545,54.05347363899925,0.0
RNF139,0.22373950630426406,54.04810479974229,0.0
ZBTB8OS,0.22372657507658006,54.042735960485345,0.0
ATP11B,0.2237127497792244,54.037367121228385,0.0
DPH5,0.2236954927444458,54.03199828197144,0.0
AOX1,0.22369466722011566,54.02662944271448,0.0
ELP2,0.22369111627340316,54.021260603457534,0.0
GPALPP1,0.22367530018091203,54.01589176420059,0.0
RNF41,0.22365865707397461,54.01052292494363,0.0
PTPRCAP,0.2236439600586891,54.00515408568668,0.0
CATSPERB,0.22363964468240738,53.999785246429724,0.0
SNX11,0.22361770272254944,53.99441640717277,0.0
RASSF7,0.22361138761043547,53.98904756791582,0.0
GYG2,0.22360289245843887,53.983678728658866,0.0
SCGN,0.22359713837504386,53.97830988940191,0.0
ITGA2B,0.2235286206007004,53.97294105014496,0.0
USP33,0.22349870651960374,53.967572210888,0.0
OR2L5,0.22348393201828004,53.962203371631055,0.0
PRIM2,0.22343832701444627,53.956834532374096,0.0
UBAP1,0.22343598008155824,53.95146569311715,0.0
CSTF3,0.2234274134039879,53.94609685386019,0.0
CORO1B,0.22342220693826675,53.940728014603245,0.0
ITIH3,0.22338747382164,53.935359175346285,0.0
LYZL4,0.2233828604221344,53.92999033608934,0.0
ECSCR,0.2233762577176094,53.92462149683238,0.0
POLDIP2,0.22335707843303682,53.919252657575434,0.0
UGT2B4,0.22328785806894302,53.913883818318475,0.0
SMG8,0.2232500985264778,53.90851497906153,0.0
HNRNPR,0.22320104390382767,53.90314613980457,0.0
AMBP,0.2231967806816101,53.897777300547624,0.0
RWDD1,0.22317335605621338,53.892408461290664,0.0
RRH,0.2231239765882492,53.88703962203372,0.0
USP15,0.22308888733386995,53.88167078277676,0.0
LITAF,0.22308555692434312,53.87630194351981,0.0
IL36RN,0.22303791865706443,53.87093310426286,0.0
CLK3,0.22299912869930266,53.86556426500591,0.0
TXLNB,0.22298806607723237,53.860195425748955,0.0
MRPS10,0.22297820448875427,53.854826586492,0.0
WEE1,0.22295163124799727,53.84945774723505,0.0
CCL18,0.222945836186409,53.84408890797809,0.0
CSRP2,0.2229399099946022,53.838720068721145,0.0
CYTH2,0.22292547374963761,53.833351229464185,0.0
APOBEC3C,0.22286613583564757,53.82798239020724,0.0
FEM1B,0.22283543050289153,53.82261355095028,0.0
CCL8,0.22282014191150665,53.817244711693334,0.0
ACBD4,0.22281425595283508,53.811875872436374,0.0
GALNT2,0.2227698028087616,53.80650703317943,0.0
SRSF4,0.22269246727228165,53.80113819392247,0.0
VEGFC,0.22267874479293823,53.795769354665524,0.0
ZKSCAN5,0.22264608442783357,53.790400515408564,0.0
POLR1D,0.22262466251850127,53.78503167615162,0.0
BRCC3,0.22261089831590652,53.77966283689466,0.0
USP11,0.22256094515323638,53.77429399763771,0.0
IMP4,0.2223858579993248,53.76892515838075,0.0
PGLYRP3,0.2223852664232254,53.76355631912381,0.0
OAS2,0.22236717939376832,53.75818747986685,0.0
SLC29A3,0.22234025597572327,53.7528186406099,0.0
FAHD1,0.22233528643846512,53.74744980135294,0.0
CIB1,0.2223227858543396,53.742080962096,0.0
SLC23A1,0.22225648760795594,53.736712122839045,0.0
HDAC9,0.22214966863393784,53.73134328358209,0.0
DNAJC13,0.22211498022079468,53.72597444432514,0.0
GRIA3,0.22209383100271224,53.72060560506819,0.0
RGL3,0.22207814753055571,53.715236765811234,0.0
SLC52A3,0.22197276949882508,53.70986792655428,0.0
OR4C5,0.22196925282478333,53.70449908729733,0.0
STX17,0.2219380483031273,53.69913024804037,0.0
CHAF1B,0.22191587686538697,53.69376140878342,0.0
PCGF1,0.22188571244478225,53.688392569526464,0.0
CCDC88C,0.22186893820762635,53.68302373026952,0.0
VPS16,0.22186238020658494,53.67765489101256,0.0
ZNF689,0.22185913920402528,53.67228605175561,0.0
TTF1,0.22183288484811783,53.66691721249865,0.0
AMOTL1,0.22182730585336685,53.66154837324171,0.0
EIF5A2,0.22177750170230864,53.65617953398475,0.0
MYB,0.22176510095596313,53.6508106947278,0.0
PPP1R16A,0.2217446520924568,53.64544185547084,0.0
BLVRA,0.2217445120215416,53.6400730162139,0.0
NFYC,0.22173236906528473,53.63470417695694,0.0
ZSWIM8,0.22162944525480271,53.62933533769999,0.0
AGAP2,0.2216152921319008,53.62396649844303,0.0
MAP3K3,0.22161004692316055,53.618597659186086,0.0
REEP4,0.22160537242889405,53.61322881992913,0.0
PABPC1,0.22155755162239074,53.60785998067218,0.0
FAM20A,0.2214957594871521,53.60249114141522,0.0
SMNDC1,0.22148702144622803,53.597122302158276,0.0
TEAD3,0.22147616147994995,53.59175346290132,0.0
PPP1R8,0.22145753651857375,53.58638462364437,0.0
SLC10A3,0.22144034430384635,53.58101578438742,0.0
TASP1,0.22138756215572358,53.57564694513046,0.0
LST1,0.22138492465019227,53.57027810587351,0.0
DTD1,0.22133710831403733,53.56490926661655,0.0
ARPC2,0.2213154226541519,53.55954042735961,0.0
HSF2BP,0.22128290683031082,53.55417158810265,0.0
MATN3,0.2212665393948555,53.5488027488457,0.0
SERPINI1,0.22124136313796045,53.54343390958874,0.0
KSR1,0.22123062014579772,53.5380650703318,0.0
RHPN2,0.22121233940124513,53.53269623107484,0.0
MED30,0.22121051847934722,53.52732739181789,0.0
CISD1,0.22119394689798355,53.52195855256093,0.0
RSPH4A,0.22118489518761636,53.516589713303986,0.0
KDM4B,0.22118348628282547,53.51122087404703,0.0
DSN1,0.22116833925247192,53.50585203479008,0.0
DPPA2,0.22112756222486496,53.50048319553312,0.0
SEPW1,0.2210976466536522,53.495114356276176,0.0
IPP,0.22107704132795333,53.489745517019216,0.0
PREX2,0.22105758711695672,53.48437667776227,0.0
SNRNP35,0.22100935727357865,53.47900783850531,0.0
CETN3,0.22091563940048217,53.473638999248365,0.0
KIAA1551,0.2208923265337944,53.468270159991405,0.0
MPP6,0.2208755984902382,53.46290132073446,0.0
CTU1,0.22085892409086227,53.45753248147751,0.0
IFITM1,0.22073567062616348,53.452163642220555,0.0
FEZF1,0.22071057111024855,53.4467948029636,0.0
TAF9,0.2206745058298111,53.44142596370665,0.0
NUTM1,0.22063638269901276,53.4360571244497,0.0
FBLN5,0.2206255540251732,53.43068828519274,0.0
AATK,0.22060758024454116,53.42531944593579,0.0
SPIDR,0.22059866935014724,53.41995060667883,0.0
TMEM131,0.22058240473270416,53.414581767421886,0.0
MRPS15,0.22056874781847,53.409212928164926,0.0
CMIP,0.22055045366287232,53.40384408890798,0.0
EEF1G,0.22054229080677032,53.39847524965102,0.0
SCARA3,0.22053400576114654,53.393106410394076,0.0
CENPL,0.22051188945770264,53.387737571137116,0.0
IKZF3,0.2204703211784363,53.38236873188017,0.0
NUDC,0.22042296081781387,53.37699989262321,0.0
ATXN3,0.22040553241968155,53.371631053366265,0.0
TSSC4,0.220375956594944,53.366262214109305,0.0
VPS45,0.2203604444861412,53.36089337485236,0.0
GDF5,0.2203426867723465,53.3555245355954,0.0
NBEAL1,0.2203403815627098,53.350155696338454,0.0
SSH1,0.2203216955065727,53.344786857081495,0.0
RANBP1,0.22027117908000945,53.33941801782455,0.0
SEPN1,0.22025382965803147,53.33404917856759,0.0
FAM84B,0.22022607252001764,53.328680339310644,0.0
TPCN2,0.22020310163497925,53.32331150005369,0.0
XPO4,0.22016556710004806,53.31794266079674,0.0
EEF2K,0.22014556378126143,53.312573821539786,0.0
LMAN2,0.22014106214046478,53.307204982282826,0.0
STON2,0.22008994817733765,53.30183614302588,0.0
CAPN3,0.2200889527797699,53.29646730376892,0.0
FBXO38,0.22008428871631622,53.291098464511975,0.0
FADD,0.22007505595684052,53.285729625255016,0.0
DTX3L,0.2200494736433029,53.28036078599807,0.0
CHST10,0.22004830986261367,53.27499194674111,0.0
SMU1,0.22000211477279663,53.269623107484165,0.0
ADAM23,0.21998922973871232,53.264254268227205,0.0
ZNF207,0.21998708248138427,53.25888542897026,0.0
TBC1D23,0.21997980326414107,53.2535165897133,0.0
MSH5,0.21997050642967225,53.248147750456354,0.0
FZD8,0.219943168759346,53.242778911199395,0.0
KRT7,0.21994231194257735,53.23741007194245,0.0
ABCC5,0.2199096918106079,53.23204123268549,0.0
RPF2,0.21987520456314086,53.226672393428544,0.0
BCL10,0.2198232442140579,53.221303554171584,0.0
RGS1,0.21976136267185212,53.21593471491464,0.0
GRK5,0.21974985748529435,53.21056587565768,0.0
PES1,0.2197457641363144,53.20519703640073,0.0
MESP1,0.2197304829955101,53.19982819714377,0.0
SCAMP5,0.21971436217427254,53.19445935788683,0.0
PARP10,0.21968796849250793,53.18909051862987,0.0
CALM1,0.21968298703432082,53.18372167937292,0.0
ZC3H12C,0.2196776047348976,53.17835284011597,0.0
UBXN4,0.2196490377187729,53.17298400085902,0.0
GABRE,0.21962739527225494,53.167615161602065,0.0
FRMD8,0.21962626725435258,53.162246322345105,0.0
GANAB,0.21957723498344422,53.15687748308816,0.0
UFM1,0.21956130713224412,53.1515086438312,0.0
CHP2,0.21955666020512582,53.146139804574254,0.0
CCDC58,0.21954801827669143,53.140770965317294,0.0
CDH7,0.21949837505817413,53.13540212606035,0.0
ETFB,0.21941373646259307,53.13003328680339,0.0
FBXO40,0.21941241174936293,53.124664447546444,0.0
GIN1,0.21940992623567582,53.119295608289484,0.0
PPFIBP2,0.21938614696264266,53.11392676903254,0.0
VCAM1,0.2193782389163971,53.10855792977558,0.0
ZBTB11,0.21936420649290084,53.10318909051863,0.0
CCDC93,0.2193605497479439,53.09782025126167,0.0
GNB4,0.2193598747253418,53.09245141200473,0.0
CMSS1,0.21934378072619437,53.08708257274777,0.0
UBA2,0.21928917169570922,53.08171373349082,0.0
SNRPA,0.2192119538784027,53.07634489423386,0.0
PRUNE2,0.2191969558596611,53.07097605497692,0.0
CHGB,0.21918778717517853,53.06560721571996,0.0
FCGR2B,0.21917040795087814,53.06023837646301,0.0
FIGF,0.2191600739955902,53.05486953720605,0.0
DIP2A,0.21915920376777648,53.04950069794911,0.0
FASTKD2,0.21912535905504404,53.044131858692154,1.0
MCTS1,0.21906791478395463,53.038763019435194,0.0
LSM2,0.21897438019514084,53.03339418017825,0.0
KCNA5,0.218952015042305,53.02802534092129,0.0
UBE2E3,0.21892179399728776,53.02265650166434,0.0
GEN1,0.21891924142837524,53.017287662407384,0.0
SDCBP,0.21889005452394486,53.01191882315044,0.0
EDEM1,0.2188797190785408,53.00654998389348,0.0
VGLL1,0.2188760295510292,53.00118114463653,0.0
KPNA3,0.21887006908655166,52.99581230537957,0.0
ISG15,0.2188653066754341,52.99044346612263,0.0
RPS8,0.2188437506556511,52.98507462686567,0.0
IQUB,0.2188292160630226,52.97970578760872,0.0
EIF5B,0.21879426538944244,52.97433694835176,0.0
IPO8,0.2187371850013733,52.96896810909482,0.0
CLP1,0.2187296822667122,52.96359926983786,0.0
LSM7,0.21869834661483764,52.95823043058091,0.0
OR2T5,0.2186877742409706,52.95286159132395,0.0
DHFRL1,0.21863728761672974,52.94749275206701,0.0
ANAPC7,0.21856381744146347,52.94212391281005,0.0
CTTNBP2,0.21856041699647905,52.9367550735531,0.0
CLMN,0.2185521438717842,52.93138623429614,0.0
SERBP1,0.21853926926851272,52.926017395039196,0.0
ARPC4,0.21853701397776604,52.920648555782236,0.0
DNAJB12,0.21851204931735993,52.91527971652529,0.0
SDF2,0.21850349754095078,52.90991087726833,0.0
TCF25,0.218474580347538,52.904542038011385,0.0
FAM160A2,0.21846925169229509,52.89917319875443,0.0
CBX4,0.21819083243608475,52.89380435949747,0.0
RCC1,0.21816902980208397,52.88843552024053,0.0
KDM3A,0.21810948401689528,52.88306668098357,0.0
RAP1GAP,0.21810816079378129,52.87769784172662,0.0
DMPK,0.2180684670805931,52.87232900246966,0.0
C11orf63,0.21806571930646895,52.86696016321272,0.0
TMPPE,0.2179880678653717,52.86159132395576,0.0
CCDC94,0.21797531172633172,52.85622248469881,0.0
CREB3L4,0.21796207129955292,52.85085364544185,0.0
SLAMF6,0.21795277670025826,52.845484806184906,0.0
AGAP3,0.21794614493846892,52.84011596692795,0.0
SPICE1,0.21793656051158905,52.834747127671,0.0
RBP7,0.21792553067207338,52.82937828841404,0.0
SRD5A1,0.21787102073431014,52.824009449157096,0.0
CLEC4C,0.21786696910858155,52.818640609900136,0.0
RBM23,0.2178481139242649,52.81327177064319,0.0
ARAP2,0.21771730929613115,52.80790293138623,0.0
PPIE,0.2176795095205307,52.802534092129285,0.0
PSMD8,0.2176097646355629,52.797165252872325,0.0
TARBP2,0.21760339587926864,52.79179641361538,0.0
TLK1,0.21757870763540268,52.78642757435842,0.0
CNOT11,0.21753023117780684,52.781058735101475,0.0
LECT2,0.21753000617027282,52.775689895844515,0.0
TMEM106C,0.21752240806818007,52.77032105658756,0.0
SLC9A5,0.21752016693353654,52.76495221733062,0.0
SP7,0.2174683004617691,52.75958337807366,0.0
RPL30,0.21746813803911208,52.75421453881671,0.0
KHSRP,0.21740934252738953,52.74884569955975,0.0
CDKN2B,0.2173380970954895,52.743476860302806,0.0
NUB1,0.2173379987478256,52.738108021045846,0.0
TMSB10,0.2172879621386528,52.7327391817889,0.0
RHOT2,0.2172873556613922,52.72737034253194,0.0
PCP4L1,0.21727710515260695,52.722001503274996,0.0
IRX1,0.2172757551074028,52.716632664018036,0.0
TAS1R3,0.21725041568279266,52.71126382476109,0.0
XPO6,0.21724450290203096,52.70589498550413,0.0
NANS,0.21720673143863678,52.700526146247185,0.0
RETSAT,0.2171999216079712,52.695157306990225,0.0
YARS2,0.21719857901334763,52.68978846773328,0.0
GTF2F2,0.2171842485666275,52.68441962847632,0.0
TAL1,0.21717694997787476,52.679050789219374,0.0
ANKRD13A,0.21713532507419586,52.673681949962415,0.0
ZNF394,0.2171347290277481,52.66831311070547,0.0
NRG4,0.21713335514068605,52.66294427144851,0.0
CYP27A1,0.21712661907076836,52.657575432191564,0.0
ZC3HAV1,0.21709794402122498,52.652206592934604,0.0
FRAT1,0.2170528292655945,52.64683775367766,0.0
BRAT1,0.21694994866847991,52.6414689144207,0.0
KIF9,0.2169213503599167,52.63610007516375,0.0
TBX22,0.2168667791305848,52.6307312359068,1.0
KLF11,0.21684268414974212,52.62536239664984,0.0
WTAP,0.21681718081235885,52.619993557392895,0.0
GNGT2,0.21681150197982788,52.614624718135936,0.0
RRAGB,0.21678376197814941,52.60925587887899,0.0
EPN1,0.21677499115467072,52.60388703962203,0.0
GABBR2,0.21673857867717744,52.598518200365085,0.0
ESD,0.21668574959039688,52.593149361108125,0.0
PLEKHG2,0.21659910008311273,52.58778052185118,0.0
QPRT,0.21656882762908936,52.58241168259422,0.0
FOSL2,0.21656492501497268,52.577042843337274,0.0
HIST1H2BO,0.21652723401784896,52.571674004080315,0.0
UACA,0.21650633513927459,52.56630516482337,0.0
MANEAL,0.2164614573121071,52.56093632556641,0.0
MYO5C,0.21645684987306596,52.555567486309464,0.0
HYPK,0.2163965545594692,52.550198647052504,0.0
ERF,0.2163728579878807,52.54482980779556,0.0
TAF12,0.21633359268307686,52.5394609685386,0.0
ZNF768,0.2163250595331192,52.53409212928165,0.0
FAM35A,0.21628058105707168,52.52872329002469,0.0
SFXN1,0.21621389985084533,52.52335445076775,0.0
CLDN16,0.21621364504098892,52.51798561151079,0.0
GPATCH2L,0.21620035469532012,52.51261677225384,0.0
OTUB1,0.21610964834690094,52.50724793299688,0.0
UBXN10,0.21608853042125703,52.50187909373993,0.0
CFI,0.21607474684715272,52.49651025448298,0.0
TULP4,0.21606255024671556,52.491141415226025,0.0
PHF2,0.21600764691829683,52.48577257596908,0.0
HDAC7,0.2160065069794655,52.48040373671212,0.0
PARP14,0.21598581075668336,52.475034897455174,0.0
NVL,0.215958821028471,52.469666058198214,0.0
ST13,0.21594899967312814,52.46429721894127,0.0
TNFAIP2,0.21581974029541015,52.45892837968431,0.0
LIX1L,0.21580530405044557,52.453559540427364,0.0
GINS4,0.21578663289546968,52.448190701170404,0.0
CTAGE5,0.2156963139772415,52.44282186191346,0.0
PI4KB,0.21563246548175813,52.4374530226565,0.0
SIPA1L1,0.21560854762792586,52.43208418339955,0.0
VWA9,0.21559779942035676,52.42671534414259,0.0
MRPL43,0.2155635580420494,52.42134650488565,0.0
ZMYM6,0.2155627876520157,52.41597766562869,0.0
UBE2NL,0.21556058824062346,52.41060882637174,0.0
PON3,0.21555624902248383,52.40523998711478,0.0
MID1,0.21555491536855698,52.39987114785784,0.0
AZI2,0.2155228450894356,52.39450230860088,0.0
DAGLB,0.21551983654499055,52.38913346934393,0.0
ZNF496,0.2154921308159828,52.38376463008697,0.0
TADA2B,0.2154855474829674,52.37839579083003,0.0
LMLN,0.21548036783933638,52.37302695157307,0.0
INPP5F,0.21537868231534957,52.36765811231612,0.0
TK1,0.21532833725214004,52.36228927305916,0.0
DNAJC7,0.2152981400489807,52.35692043380221,0.0
FAT2,0.21529681012034416,52.35155159454526,0.0
ADSSL1,0.21528735905885696,52.346182755288304,0.0
BCAT1,0.21527042761445045,52.34081391603136,0.0
MTMR9,0.2151634246110916,52.3354450767744,0.0
DCP1B,0.21515973657369614,52.33007623751745,0.0
WFDC2,0.21512940376996995,52.32470739826049,0.0
CDK5RAP1,0.2150831028819084,52.31933855900355,0.0
FAM131B,0.2150639794766903,52.31396971974659,0.0
RUNX3,0.21504881232976913,52.30860088048964,0.0
PPP6C,0.21500770449638368,52.30323204123268,0.0
CDH15,0.21500423401594163,52.29786320197574,0.0
DENND4A,0.21500185281038284,52.29249436271878,0.0
MT1B,0.21499237716197966,52.28712552346183,0.0
FBXL20,0.2149322159588337,52.28175668420487,0.0
RIOK3,0.2148984417319298,52.27638784494793,0.0
MUM1,0.21483650654554368,52.27101900569097,0.0
NFKBIB,0.21481899470090865,52.26565016643402,0.0
RNF19A,0.2148148536682129,52.26028132717706,0.0
CCNDBP1,0.21472716927528382,52.254912487920116,0.0
FGF4,0.2147071808576584,52.249543648663156,0.0
DNPEP,0.21457139551639556,52.24417480940621,0.0
LPIN3,0.21456263065338135,52.23880597014925,0.0
ARHGAP36,0.21454802379012108,52.2334371308923,0.0
PIK3R3,0.21449869275093078,52.228068291635346,0.0
BTAF1,0.21437182575464248,52.22269945237839,0.0
CORO2A,0.214291712641716,52.21733061312144,0.0
RRAGD,0.21422918140888214,52.21196177386449,0.0
PHLPP1,0.21417751014232636,52.20659293460754,0.0
BAIAP2,0.2140512213110924,52.20122409535058,0.0
RNF167,0.21401190161705017,52.19585525609364,0.0
ACSBG1,0.21398072093725204,52.19048641683668,0.0
ZMAT5,0.2139504909515381,52.18511757757973,0.0
PGR,0.21394539922475814,52.17974873832277,0.0
CASD1,0.2139433205127716,52.174379899065826,0.0
COPZ2,0.21390849798917771,52.16901105980887,0.0
GFM2,0.21388545632362366,52.16364222055192,0.0
CYP2R1,0.21386502534151078,52.15827338129496,0.0
MOB4,0.21383819505572318,52.152904542038016,0.0
CAMK1D,0.21378689855337143,52.147535702781056,0.0
NFKBIE,0.21378428488969803,52.14216686352411,0.0
UBE2D1,0.2137254945933819,52.13679802426715,0.0
CCDC65,0.2136801451444626,52.131429185010205,0.0
CCDC146,0.21366456896066666,52.126060345753245,0.0
OR2AJ1,0.21363233774900436,52.1206915064963,0.0
NCAPG,0.21358156055212021,52.11532266723934,0.0
PCNP,0.2135704219341278,52.109953827982395,0.0
ATHL1,0.2135043889284134,52.104584988725435,0.0
CMTR1,0.21346837431192398,52.09921614946849,0.0
TMEM138,0.2134274194053575,52.09384731021153,1.0
MYO9B,0.213413767516613,52.08847847095458,0.0
TAS2R40,0.21340788677334785,52.083109631697624,0.0
FBXO45,0.21335045695304872,52.07774079244067,0.0
NT5C3A,0.21329316794872283,52.072371953183726,0.0
SEMA6C,0.21328116506338118,52.067003113926766,0.0
PCDHGA12,0.21327687203884124,52.06163427466982,0.0
DDX18,0.2132141560316086,52.05626543541286,0.0
ARHGEF4,0.21318443417549132,52.050896596155916,0.0
FADS1,0.21316852420568466,52.045527756898956,0.0
KIF23,0.21315146684646608,52.04015891764201,0.0
BIVM,0.21311484277248383,52.03479007838505,0.0
PCOLCE,0.2130400836467743,52.029421239128105,0.0
SOS2,0.21303391754627227,52.024052399871145,0.0
TAOK3,0.2130304753780365,52.0186835606142,0.0
TAS2R13,0.21302094161510468,52.01331472135724,0.0
SIM2,0.2130128875374794,52.007945882100294,0.0
CLEC4D,0.21294552832841873,52.002577042843335,0.0
CECR1,0.21292784214019775,51.99720820358639,0.0
SYNPO2L,0.21292077898979186,51.99183936432943,0.0
OPRK1,0.21288621723651885,51.986470525072484,0.0
IL17C,0.2128267303109169,51.981101685815524,0.0
NKD2,0.2128140926361084,51.97573284655858,0.0
ALPK2,0.21279354393482208,51.97036400730162,0.0
POC5,0.21278454661369323,51.964995168044666,0.0
P2RX3,0.21273088157176973,51.959626328787714,0.0
NOBOX,0.2127222254872322,51.95425748953076,0.0
CBR1,0.21270554661750793,51.94888865027381,0.0
ZNF85,0.21269584074616432,51.943519811016856,0.0
SAPCD1,0.21268210113048552,51.93815097175991,0.0
PALMD,0.21265692859888077,51.93278213250295,0.0
MRC2,0.21265252828598022,51.927413293246005,0.0
TMEM245,0.21263752430677413,51.922044453989045,0.0
PSMD9,0.2126244455575943,51.9166756147321,0.0
SNX7,0.2124938741326332,51.91130677547514,0.0
ELF2,0.2124306559562683,51.905937936218194,0.0
TSC22D3,0.21238604336977004,51.900569096961235,0.0
C10orf88,0.21234796643257142,51.89520025770429,0.0
UNC50,0.21231259405612946,51.88983141844733,0.0
CNTNAP3,0.21229283958673478,51.884462579190384,0.0
NPLOC4,0.21228947192430497,51.879093739933424,0.0
PHYH,0.21220685592047253,51.87372490067648,1.0
SERPINI2,0.21220381408929825,51.86835606141952,0.0
MAST1,0.21219466179609298,51.86298722216257,0.0
MRGPRX1,0.21219206973910332,51.85761838290561,0.0
NOP56,0.2121606707572937,51.85224954364867,0.0
CD34,0.2121606335043907,51.84688070439171,0.0
OAZ2,0.21214634627103807,51.84151186513476,0.0
ATP5L,0.21203839480876924,51.8361430258778,0.0
TMEM25,0.21203738301992417,51.83077418662086,0.0
ZFAND2A,0.21197305172681807,51.8254053473639,0.0
CD9,0.2119520679116249,51.820036508106945,0.0
EPB41L1,0.2119496300816536,51.81466766884999,0.0
SGMS1,0.21191822439432145,51.80929882959304,0.0
EVI5L,0.21181583702564238,51.80392999033609,0.0
WDR75,0.21181171238422394,51.798561151079134,0.0
THEM6,0.21178050041198732,51.79319231182219,0.0
BTBD1,0.2117690145969391,51.78782347256523,0.0
HABP4,0.21176889091730117,51.782454633308284,0.0
SIAH1,0.21175719052553177,51.777085794051324,0.0
PPP1R3B,0.21165431514382363,51.77171695479438,0.0
ME1,0.21164983361959458,51.76634811553742,0.0
RTP3,0.21163623183965682,51.76097927628047,0.0
MOSPD3,0.2116309568285942,51.75561043702351,0.0
VAMP7,0.21149362921714782,51.75024159776657,0.0
PGGT1B,0.2114742860198021,51.74487275850961,0.0
SCG2,0.21145649999380112,51.73950391925266,0.0
DPYSL2,0.21145395189523697,51.7341350799957,0.0
RPL11,0.2114458903670311,51.72876624073876,0.0
CAMK2A,0.21130921095609664,51.7233974014818,0.0
ACAP3,0.21129332929849626,51.71802856222485,0.0
ICAM2,0.21128124743700027,51.71265972296789,0.0
SMCO1,0.21123443990945817,51.70729088371095,0.0
FAM83G,0.21122052222490312,51.70192204445399,0.0
MFHAS1,0.21119972616434096,51.696553205197034,0.0
MDGA2,0.21119531989097595,51.69118436594008,0.0
MUT,0.21119243949651717,51.68581552668313,0.0
SLC25A38,0.21116472631692887,51.680446687426176,0.0
CDX4,0.21111348569393157,51.675077848169224,0.0
C4BPA,0.2110930971801281,51.66970900891227,0.0
FOXB1,0.21109081134200097,51.66434016965532,0.0
MRPL45,0.2110829696059227,51.65897133039837,0.0
SLC6A15,0.2110484167933464,51.65360249114141,0.0
CDR2L,0.21102612912654878,51.64823365188447,0.0
SMARCD1,0.21101967096328736,51.64286481262751,0.0
CCKBR,0.21100375652313233,51.63749597337056,0.0
KCNQ3,0.2109726622700691,51.6321271341136,0.0
SPAG9,0.21089995354413987,51.62675829485666,0.0
TRA2B,0.21088118702173234,51.6213894555997,0.0
FOCAD,0.21078000962734222,51.61602061634275,0.0
CSPG5,0.2107452556490898,51.61065177708579,0.0
ANO5,0.21074153780937194,51.60528293782885,0.0
NAGS,0.21070751249790193,51.59991409857189,0.0
ISCA1,0.21070730686187744,51.59454525931494,0.0
PSMD14,0.21070704013109207,51.58917642005798,0.0
RPS16,0.2106730803847313,51.583807580801036,0.0
SP110,0.21066223680973054,51.578438741544076,0.0
RGS2,0.21062106639146805,51.57306990228713,0.0
NUDCD2,0.21060449928045272,51.56770106303017,0.0
GNG4,0.21056459993124008,51.562332223773225,0.0
ERAP2,0.21055662333965303,51.556963384516266,0.0
AMIGO1,0.21054161041975022,51.55159454525931,0.0
CD22,0.2105394572019577,51.54622570600236,0.0
DHRS13,0.21053173691034316,51.54085686674541,0.0
GABARAPL1,0.210491643846035,51.535488027488455,0.0
TMEM62,0.2104511708021164,51.5301191882315,0.0
CCDC15,0.21044472455978394,51.52475034897455,0.0
AKAP1,0.2104401633143425,51.5193815097176,0.0
CSDE1,0.21040261685848236,51.51401267046065,0.0
GPSM1,0.21037435680627822,51.50864383120369,0.0
OSMR,0.21033491492271422,51.503274991946746,0.0
ZNF280C,0.21033044308423995,51.49790615268979,0.0
PMF1,0.21032771617174148,51.49253731343284,0.0
ENKD1,0.21016861051321029,51.48716847417588,0.0
SLC29A2,0.21008062958717347,51.481799634918936,0.0
CCDC90B,0.21006668210029603,51.476430795661976,0.0
GCG,0.21005100160837173,51.47106195640503,0.0
CHURC1,0.21004256010055541,51.46569311714807,0.0
MAP1LC3A,0.21002851873636247,51.460324277891125,0.0
LIN28B,0.21002182960510254,51.454955438634165,0.0
SPRYD4,0.21001581698656083,51.44958659937722,0.0
ZNF471,0.21001314669847487,51.44421776012026,0.0
EML6,0.20999622941017151,51.438848920863315,0.0
RBM12B,0.20998238325119017,51.433480081606355,0.0
HFE2,0.20993914902210237,51.4281112423494,0.0
RBFA,0.20988961011171342,51.42274240309245,0.0
RAD51AP1,0.209804005920887,51.4173735638355,0.0
PTGDR,0.20972537398338317,51.412004724578544,0.0
DHH,0.20968414843082428,51.40663588532159,0.0
TMPRSS13,0.20968178957700728,51.40126704606464,0.0
TXLNA,0.2096704885363579,51.395898206807686,0.0
ELP4,0.20966362357139587,51.39052936755073,0.0
IRS2,0.20958549678325653,51.38516052829378,0.0
CDK5R1,0.20958444029092788,51.379791689036836,0.0
IER2,0.20957277417182923,51.374422849779876,0.0
THAP8,0.209572134912014,51.36905401052293,0.0
JPH3,0.20950896739959718,51.36368517126597,0.0
NUP54,0.20946767330169677,51.358316332009025,0.0
RIT1,0.20943657606840133,51.352947492752065,0.0
MARCH3,0.20943401455879213,51.34757865349512,0.0
ATF1,0.20943204760551454,51.34220981423816,0.0
FAM207A,0.20939122140407562,51.336840974981214,0.0
PNMA3,0.2093888133764267,51.331472135724255,0.0
GPN1,0.20927827060222626,51.32610329646731,0.0
B3GNT5,0.20921439081430435,51.32073445721035,0.0
SERINC2,0.20919479578733444,51.315365617953404,0.0
SFXN2,0.20919258147478104,51.309996778696444,0.0
RAB11FIP1,0.20910292714834214,51.3046279394395,0.0
THOC2,0.20905629247426988,51.29925910018254,0.0
ARRDC3,0.20905429869890213,51.29389026092559,0.0
PIGG,0.20904775857925414,51.288521421668634,0.0
ANGPTL2,0.20903461724519729,51.28315258241168,0.0
GREM1,0.20899378061294555,51.27778374315473,0.0
IRAK4,0.20896772146224976,51.272414903897776,0.0
DENND2C,0.2089309275150299,51.26704606464082,0.0
FANCC,0.2089001089334488,51.26167722538387,0.0
CYBRD1,0.20884081423282624,51.25630838612692,0.0
RASAL3,0.20883077383041382,51.250939546869965,0.0
BCL2A1,0.20881943702697753,51.24557070761302,0.0
SNRPB,0.2088036298751831,51.24020186835606,0.0
PGLYRP4,0.20880121141672134,51.234833029099114,0.0
PTPRE,0.20879352539777757,51.229464189842155,0.0
ENTPD7,0.20872897505760193,51.22409535058521,0.0
XIRP1,0.208699132502079,51.21872651132825,0.0
RBCK1,0.20868728309869766,51.213357672071304,0.0
SLC7A6,0.20865795612335206,51.207988832814344,0.0
AMER3,0.2085970714688301,51.2026199935574,0.0
RPS24,0.2085878536105156,51.19725115430044,0.0
NUP205,0.20856305062770844,51.19188231504349,0.0
CXCL1,0.20855324864387512,51.18651347578653,0.0
NELL2,0.2085437923669815,51.18114463652959,0.0
HIBCH,0.2085186645388603,51.17577579727263,0.0
CXorf57,0.20849567651748657,51.17040695801568,0.0
TMPRSS5,0.20841826498508453,51.16503811875872,0.0
FKBP1B,0.20839601308107375,51.15966927950177,0.0
ASB15,0.20834056735038758,51.15430044024482,0.0
SERAC1,0.2083391562104225,51.148931600987865,0.0
CAB39L,0.20833659172058105,51.14356276173091,0.0
OR5L2,0.20831494256854058,51.13819392247396,0.0
COPZ1,0.20829419940710067,51.13282508321701,0.0
CCDC6,0.2082674652338028,51.127456243960054,0.0
IRAK3,0.20826484709978105,51.122087404703095,0.0
CLEC6A,0.20823819935321808,51.11671856544615,0.0
CYTIP,0.2082378625869751,51.11134972618919,0.0
PPP1R18,0.2081962712109089,51.105980886932244,0.0
FAM120B,0.20817696452140808,51.1006120476753,0.0
CCS,0.2081719845533371,51.09524320841834,0.0
HOOK3,0.208171109855175,51.08987436916139,0.0
FAM96B,0.20813321322202682,51.08450552990443,0.0
CYP2J2,0.20806256234645842,51.07913669064749,0.0
MINOS1,0.2080276519060135,51.07376785139053,0.0
GFOD1,0.20802365988492966,51.06839901213358,0.0
BRSK1,0.2079785108566284,51.06303017287662,0.0
RAB40B,0.20796180367469788,51.05766133361968,0.0
MAN1A2,0.2079211175441742,51.05229249436272,0.0
KLK6,0.20788510888814926,51.04692365510577,0.0
MYL3,0.2078540503978729,51.04155481584881,0.0
PLEKHA5,0.2078281193971634,51.03618597659187,0.0
PIGW,0.2077833116054535,51.03081713733491,0.0
IL9,0.2077750265598297,51.02544829807796,0.0
PJA2,0.2077506572008133,51.020079458821,0.0
IL17RC,0.20773716717958451,51.01471061956405,0.0
PURA,0.20772895216941833,51.009341780307096,0.0
NR0B2,0.20768688917160033,51.003972941050144,0.0
GRIN2C,0.2076825961470604,50.99860410179319,0.0
EMILIN3,0.20761336386203766,50.99323526253624,0.0
VENTX,0.20758024007081985,50.987866423279286,0.0
MTSS1,0.20754687935113908,50.98249758402233,0.0
IL12A,0.2074224531650543,50.97712874476537,0.0
MXD3,0.2074105903506279,50.97175990550843,0.0
OR2T7,0.20734593644738197,50.96639106625148,0.0
CPB1,0.20723164454102516,50.96102222699452,0.0
PTPRZ1,0.20721016973257064,50.95565338773758,0.0
NCK2,0.20713732093572618,50.95028454848062,0.0
AP1G2,0.2071303740143776,50.94491570922367,0.0
RAC2,0.20702522695064546,50.93954686996671,0.0
BIN1,0.20697617381811143,50.93417803070977,0.0
CD19,0.20693646371364594,50.92880919145281,0.0
RECQL5,0.20684335604310036,50.92344035219586,0.0
RPS3,0.20681106969714164,50.9180715129389,0.0
GDAP1,0.20676312744617462,50.912702673681956,0.0
TCEAL1,0.2067597985267639,50.907333834424996,0.0
NFXL1,0.2067517787218094,50.90196499516805,0.0
VPS29,0.2067437119781971,50.89659615591109,0.0
GDF15,0.20674143880605697,50.89122731665414,0.0
KLHL22,0.20672979652881623,50.885858477397186,0.0
GNG12,0.2066908523440361,50.88048963814023,0.0
USP3,0.206657312810421,50.87512079888328,0.0
ORC5,0.2065896898508072,50.86975195962633,0.0
LRRC14,0.2065728023648262,50.864383120369375,0.0
CAMK4,0.2065370760858059,50.85901428111242,0.0
LIN7B,0.20652981251478195,50.85364544185546,0.0
TBC1D10A,0.2064692944288254,50.84827660259852,0.0
FLYWCH2,0.2064553454518318,50.84290776334156,0.0
SPRR2A,0.20641460195183753,50.83753892408461,0.0
C9orf116,0.20635027438402176,50.83217008482765,0.0
MRPL17,0.20632496625185012,50.82680124557071,0.0
FPR2,0.2062096953392029,50.82143240631376,0.0
SP140L,0.20620142668485641,50.8160635670568,0.0
APOBEC2,0.20617672204971313,50.810694727799856,0.0
IFIT2,0.20612789392471315,50.805325888542896,0.0
ZNF829,0.20611830353736876,50.79995704928595,0.0
SGCA,0.20610371828079224,50.79458821002899,0.0
TMUB2,0.20609849393367768,50.789219370772045,0.0
TXNDC15,0.2060766339302063,50.783850531515085,0.0
SPRED2,0.20604126006364823,50.77848169225814,0.0
PSD3,0.20603805780410767,50.77311285300118,0.0
PTBP2,0.20603466033935547,50.767744013744235,0.0
NLGN1,0.20592278093099595,50.762375174487275,0.0
PPP4R4,0.20590658336877823,50.75700633523033,0.0
PLA2G4C,0.2058777019381523,50.75163749597337,0.0
CCT6A,0.2058616727590561,50.74626865671642,0.0
SERPINB11,0.20584809631109238,50.740899817459464,0.0
AIMP1,0.20583734661340714,50.73553097820251,0.0
BAZ2B,0.20583400130271912,50.73016213894556,0.0
HLA-DRB1,0.20581260472536086,50.724793299688606,0.0
POLA1,0.20579974204301835,50.719424460431654,0.0
ATF7IP,0.205768321454525,50.7140556211747,0.0
ITGAE,0.20567502975463867,50.70868678191774,0.0
SNX9,0.20552575439214707,50.703317942660796,0.0
KIFC2,0.20550742447376252,50.697949103403836,0.0
TSPAN17,0.20547129064798356,50.69258026414689,0.0
ABCG2,0.2054708868265152,50.687211424889945,0.0
CDC37,0.2054612636566162,50.681842585632985,0.0
MICALL1,0.20539973080158233,50.67647374637604,0.0
DUSP22,0.20538857877254485,50.67110490711908,0.0
RNF135,0.20538656935095786,50.665736067862134,0.0
PDLIM4,0.20534856915473937,50.660367228605175,0.0
IRAK1,0.20534686446189881,50.65499838934823,0.0
TAS2R14,0.2053270734846592,50.64962955009127,0.0
PSMD3,0.20514180064201354,50.644260710834324,0.0
FAM134C,0.20513361543416977,50.638891871577364,0.0
DCAF17,0.20509819239377974,50.63352303232042,0.0
KIAA0922,0.2050624668598175,50.62815419306346,0.0
DNAJA4,0.20504604727029802,50.622785353806506,0.0
TTF2,0.2050281785428524,50.617416514549554,0.0
RPS21,0.2050141915678978,50.6120476752926,0.0
ZNF346,0.20500673800706865,50.60667883603565,0.0
MKNK2,0.20498124361038209,50.601309996778696,0.0
UBTD1,0.20497223287820815,50.59594115752174,0.0
POLL,0.20493796914815904,50.59057231826479,0.0
HOXA11,0.20492037609219552,50.58520347900783,0.0
ERAP1,0.20491237044334412,50.579834639750885,0.0
CDR2,0.2048608258366585,50.574465800493925,0.0
KIF5C,0.20482974201440812,50.56909696123698,0.0
RBM4,0.20480386763811112,50.56372812198002,0.0
ARG2,0.2047935262322426,50.558359282723075,0.0
PEA15,0.20478216633200647,50.55299044346613,0.0
JOSD2,0.20470023453235625,50.54762160420917,0.0
LRRC32,0.2046953484416008,50.542252764952224,0.0
COX7B2,0.20464968383312226,50.536883925695264,0.0
MRPL13,0.20462856888771058,50.53151508643832,0.0
PLAC1,0.2046017974615097,50.52614624718136,0.0
SPIC,0.20458125546574593,50.52077740792441,0.0
RAC3,0.20454830080270767,50.51540856866745,0.0
MRPL39,0.2045212373137474,50.51003972941051,0.0
NPAS4,0.2044919215142727,50.50467089015355,0.0
OR4C15,0.20448674708604814,50.4993020508966,0.0
SST,0.204414439201355,50.49393321163964,0.0
IFI44,0.20437897443771363,50.4885643723827,0.0
KRT74,0.20434445068240165,50.48319553312574,0.0
TCF21,0.2043053463101387,50.477826693868785,0.0
JPH4,0.20422861874103546,50.47245785461183,0.0
ZNF331,0.2042040303349495,50.46708901535488,0.0
SRP19,0.20419962853193283,50.46172017609793,0.0
NXT1,0.2041936680674553,50.456351336840974,0.0
CPNE5,0.20419324189424515,50.45098249758402,0.0
EXOSC7,0.20419231802225113,50.44561365832707,0.0
PIP4K2A,0.20418713241815567,50.44024481907011,0.0
SNRNP70,0.20407018363475798,50.434875979813164,0.0
SULT2A1,0.20392972379922866,50.429507140556204,0.0
DRG1,0.2039187327027321,50.42413830129926,0.0
KCNIP4,0.20389149934053422,50.4187694620423,0.0
CARS,0.20384418070316315,50.41340062278535,0.0
PEAR1,0.20382911562919617,50.40803178352841,0.0
FCN3,0.20382451713085176,50.40266294427145,0.0
NOL9,0.20377763658761977,50.3972941050145,0.0
ADCY10,0.2037411540746689,50.39192526575754,0.0
ZBTB49,0.20371159315109252,50.3865564265006,0.0
PCIF1,0.2036770686507225,50.38118758724364,0.0
CLU,0.203630468249321,50.37581874798669,0.0
MYLPF,0.20356832444667816,50.37044990872973,0.0
STK10,0.2035052292048931,50.36508106947279,0.0
RALY,0.20344695895910264,50.35971223021583,0.0
IPPK,0.2034430146217346,50.354343390958874,0.0
DNHD1,0.20344106405973433,50.34897455170192,0.0
PPAN,0.2034204512834549,50.34360571244497,0.0
MKI67,0.20336884260177612,50.338236873188016,0.0
ADAM11,0.20336490571498872,50.332868033931064,0.0
SET,0.2033372402191162,50.32749919467411,0.0
MC2R,0.20333248972892762,50.32213035541716,0.0
GRIA1,0.20332583263516427,50.3167615161602,0.0
ZNF25,0.20332200676202775,50.31139267690325,0.0
CLDN4,0.20319029986858367,50.30602383764629,0.0
PFKFB4,0.2030724436044693,50.30065499838935,0.0
OR2T29,0.20306881964206697,50.29528615913239,0.0
C10orf90,0.2029999725520611,50.28991731987544,0.0
PARP4,0.2029828056693077,50.28454848061848,0.0
HOXA9,0.20296575427055358,50.27917964136154,0.0
HOXC6,0.20294996947050095,50.27381080210459,0.0
SESTD1,0.20293264985084533,50.26844196284763,0.0
TNFAIP8L2,0.20291897058486938,50.26307312359069,0.0
PLAUR,0.20286296755075456,50.25770428433373,0.0
SPPL2A,0.20284933000802993,50.25233544507678,0.0
PSMC5,0.2028082251548767,50.24696660581982,0.0
DENND6A,0.2027739554643631,50.241597766562876,0.0
TECRL,0.20276153534650804,50.236228927305916,0.0
C2orf88,0.20274263322353364,50.23086008804897,0.0
SP6,0.20274116694927216,50.22549124879201,0.0
C14orf166,0.20262073427438737,50.220122409535065,0.0
FAM160B2,0.20260234028100968,50.214753570278106,0.0
CASC5,0.2025108203291893,50.20938473102115,0.0
REEP5,0.2024660512804985,50.2040158917642,0.0
CTRC,0.20246052742004395,50.19864705250725,0.0
OR2W3,0.20238835513591766,50.193278213250295,0.0
MFSD6,0.2023712456226349,50.18790937399334,0.0
OSBPL3,0.20235413163900376,50.18254053473639,0.0
HBD,0.20235076993703843,50.17717169547944,0.0
ALS2CR12,0.2023364543914795,50.17180285622248,0.0
AJAP1,0.20228760316967964,50.16643401696553,0.0
CA6,0.2022559568285942,50.16106517770857,0.0
DBX1,0.2021683558821678,50.15569633845163,0.0
RNF40,0.20216214507818223,50.15032749919467,0.0
TAF9B,0.2021232433617115,50.14495865993772,0.0
UBE2F,0.20212287604808807,50.13958982068076,0.0
USPL1,0.2020459458231926,50.134220981423816,0.0
SMOC2,0.20202039629220964,50.12885214216687,0.0
ALDH4A1,0.20201381742954255,50.12348330290991,0.0
BTN3A3,0.2020120993256569,50.118114463652965,0.0
GNL1,0.20199499502778054,50.112745624396005,0.0
GMPR,0.2019834965467453,50.10737678513906,0.0
CDH11,0.20196788385510445,50.1020079458821,0.0
ZNF608,0.20195532739162445,50.096639106625155,0.0
STRADA,0.20195384174585343,50.091270267368195,0.0
PARP12,0.20193086117506026,50.08590142811124,0.0
FZD9,0.20186603367328643,50.08053258885429,0.0
KCMF1,0.20183707028627396,50.07516374959734,0.0
SCN4B,0.20182230919599534,50.069794910340384,0.0
MRPS30,0.20180812776088713,50.06442607108343,0.0
SAP30,0.20180216878652574,50.05905723182648,0.0
SULT1C4,0.20171114504337312,50.053688392569526,0.0
DLGAP4,0.20167168378829955,50.04831955331257,0.0
ESF1,0.20157939642667771,50.04295071405562,0.0
RPL13,0.20156379789113998,50.03758187479866,0.0
EDF1,0.2015398234128952,50.032213035541716,0.0
ABHD2,0.20147996991872788,50.026844196284756,0.0
TRAPPC13,0.20147834718227386,50.02147535702781,0.0
SPHKAP,0.20147518813610077,50.01610651777085,0.0
SMC1B,0.2014561414718628,50.010737678513905,0.0
PARD6A,0.20130910128355026,50.005368839256946,0.0
PACRG,0.20126171931624412,50.0,0.0
ANP32A,0.20123587548732758,49.99463116074305,0.0
CNOT8,0.20115818530321122,49.989262321486095,0.0
FXR2,0.2011285185813904,49.98389348222914,0.0
TRIM22,0.20110583454370498,49.97852464297219,0.0
TMEM181,0.20109549015760422,49.97315580371524,0.0
SSBP3,0.20109236985445023,49.967786964458284,0.0
PIGK,0.20106440484523774,49.96241812520133,0.0
RBM6,0.20104338675737382,49.95704928594438,0.0
NEK3,0.2010049343109131,49.951680446687426,0.0
GUCD1,0.20099949687719346,49.946311607430474,0.0
C9orf43,0.20099897235631942,49.94094276817352,0.0
CPAMD8,0.20098083317279816,49.93557392891657,0.0
TACC1,0.20096722915768622,49.930205089659616,0.0
MED12L,0.20096419975161553,49.92483625040266,0.0
SLC2A1,0.20095257312059403,49.91946741114571,0.0
C2orf80,0.20088141560554504,49.91409857188876,0.0
SESN2,0.20087789446115495,49.908729732631805,0.0
ASMTL,0.20085570961236954,49.90336089337485,0.0
SH3BP4,0.20082406401634217,49.8979920541179,0.0
S100A10,0.20077346712350846,49.89262321486095,0.0
LYPLAL1,0.20076750516891478,49.887254375603995,0.0
SCAF8,0.20076654106378555,49.88188553634704,0.0
SCAND1,0.20075083076953887,49.87651669709009,0.0
ART3,0.20072816610336303,49.87114785783314,0.0
TRAPPC2L,0.20070771723985673,49.865779018576184,0.0
TCAIM,0.20067893862724304,49.86041017931923,0.0
VPRBP,0.2006599247455597,49.85504134006228,0.0
HS6ST2,0.2006021946668625,49.849672500805326,0.0
TSPAN31,0.20059141218662263,49.84430366154837,0.0
TEF,0.2005272775888443,49.83893482229142,0.0
CLDN6,0.20047881230711936,49.83356598303447,0.0
IL22RA1,0.20043967217206954,49.828197143777516,0.0
EIF3L,0.20041945055127144,49.82282830452056,0.0
TTL,0.20041623264551162,49.81745946526361,0.0
ZNF557,0.20038432776927947,49.81209062600666,0.0
STARD3NL,0.20037461519241334,49.806721786749705,0.0
LSP1,0.2003690391778946,49.80135294749275,0.0
ZNF862,0.20024493783712388,49.7959841082358,0.0
PBX3,0.20021723955869675,49.79061526897885,0.0
RPL31,0.2002056509256363,49.785246429721894,0.0
CALHM2,0.20019346475601196,49.77987759046494,0.0
RPL5,0.2001622125506401,49.77450875120799,0.0
C8orf33,0.20010890066623688,49.76913991195104,0.0
KLHDC8B,0.2000994324684143,49.763771072694084,0.0
BLNK,0.20006751120090485,49.75840223343713,0.0
YPEL3,0.2000064119696617,49.75303339418018,0.0
AHSA2,0.19998506754636763,49.747664554923226,0.0
COMMD2,0.19995377510786055,49.74229571566627,0.0
AGRP,0.1998772844672203,49.73692687640932,0.0
DCAF11,0.19977326542139054,49.73155803715237,0.0
KIF21B,0.1997222676873207,49.726189197895415,0.0
TEC,0.19968982338905333,49.72082035863846,0.0
BVES,0.1996721789240837,49.71545151938151,0.0
NUDT21,0.19966739043593407,49.71008268012456,0.0
ZBTB46,0.19965913891792297,49.704713840867605,0.0
NSUN6,0.1996556729078293,49.69934500161065,0.0
OR4F4,0.19964927583932876,49.6939761623537,0.0
SUDS3,0.19964073747396469,49.68860732309675,0.0
ISCU,0.19947128370404243,49.683238483839794,0.0
TESK2,0.1994306206703186,49.67786964458284,0.0
TOM1,0.19941753670573234,49.67250080532589,0.0
POLDIP3,0.19937460720539094,49.667131966068936,0.0
MICAL1,0.19936206936836243,49.661763126811984,0.0
LRFN2,0.1993468686938286,49.65639428755503,0.0
ATP5D,0.19934114068746567,49.65102544829808,0.0
ZNF143,0.19931095987558364,49.645656609041126,0.0
NCKAP1L,0.1992649808526039,49.64028776978417,0.0
GAS7,0.1991608515381813,49.63491893052722,0.0
EFNB3,0.19914885014295577,49.62955009127027,0.0
CCR10,0.19910687655210496,49.624181252013315,0.0
UGT1A6,0.19909660518169403,49.61881241275636,0.0
FOXF1,0.1990819737315178,49.61344357349941,0.0
NFKB2,0.1990341067314148,49.60807473424246,0.0
THUMPD3,0.19899300634860992,49.602705894985505,0.0
TRIM71,0.19895837008953093,49.59733705572855,0.0
NEU2,0.19893729835748672,49.5919682164716,0.0
KLHL12,0.19893585294485092,49.58659937721465,0.0
IL12RB2,0.19891015365719794,49.581230537957694,0.0
PACSIN2,0.19886362478137015,49.57586169870074,0.0
TNFRSF19,0.19885234981775285,49.57049285944379,0.0
MOV10L1,0.1988385498523712,49.565124020186836,0.0
SLC12A9,0.19882535338401794,49.55975518092988,0.0
RPS28,0.19881951361894606,49.55438634167293,0.0
C7orf55,0.19881456196308137,49.54901750241598,0.0
KCNK1,0.1987973026931286,49.543648663159026,0.0
BANF1,0.19874531626701356,49.53827982390207,0.0
FBXO6,0.1986383855342865,49.53291098464512,0.0
SNRPD2,0.19862631112337112,49.52754214538817,0.0
CKS2,0.19858597368001937,49.522173306131215,0.0
GGT6,0.19856597036123275,49.51680446687426,0.0
KIAA1549L,0.19855722039937973,49.51143562761731,0.0
PVALB,0.19853098690509796,49.50606678836036,0.0
ARMCX1,0.1985057085752487,49.500697949103404,0.0
GRAMD1B,0.19841791838407516,49.49532910984645,0.0
C2,0.1984129697084427,49.4899602705895,0.0
WDR82,0.19836595505475998,49.48459143133255,0.0
RPS2,0.19834540486335756,49.479222592075594,0.0
NOVA1,0.19828851521015167,49.47385375281864,0.0
HIC2,0.19828099012374878,49.46848491356169,0.0
ZNF74,0.198258388787508,49.463116074304736,0.0
TMEM185A,0.19825124442577363,49.45774723504778,0.0
UBAC2,0.19820462614297868,49.45237839579083,0.0
FAM127A,0.1982012063264847,49.44700955653388,0.0
PAK6,0.19817520380020143,49.441640717276925,0.0
DMRT3,0.19816890954971314,49.43627187801997,0.0
DUSP19,0.1981448248028755,49.43090303876302,0.0
NOP58,0.1981132984161377,49.42553419950607,0.0
SLTM,0.19806149303913118,49.420165360249115,0.0
BAG5,0.19803594648838044,49.41479652099216,0.0
SEC31B,0.1980303019285202,49.40942768173521,0.0
DERL2,0.19802431464195253,49.40405884247826,0.0
TPM4,0.19801447093486785,49.398690003221304,0.0
IFITM2,0.19801187962293626,49.39332116396435,0.0
NOL6,0.19794050008058547,49.3879523247074,0.0
CABYR,0.1979341149330139,49.382583485450446,0.0
AICDA,0.19792803823947908,49.377214646193494,0.0
ENOSF1,0.19790186882019042,49.37184580693654,0.0
GPRASP2,0.19788819774985314,49.36647696767959,0.0
FAM114A1,0.19785361737012863,49.361108128422636,0.0
SUSD4,0.19777121096849443,49.35573928916568,0.0
CHKA,0.1977163627743721,49.35037044990873,0.0
IAPP,0.19762589484453202,49.34500161065178,0.0
GPR137B,0.1976202607154846,49.339632771394825,0.0
PORCN,0.1975880687529186,49.33426393213787,1.0
ASTL,0.19757973104715348,49.32889509288092,0.0
GDF1,0.19755709320306777,49.32352625362397,0.0
TMC6,0.1975485734641552,49.318157414367015,0.0
WDR20,0.19753972440958023,49.31278857511006,0.0
SIAH2,0.1975209593772888,49.30741973585311,0.0
RASSF4,0.19751009196043015,49.30205089659616,0.0
HMX1,0.19747980684041977,49.296682057339204,0.0
RSU1,0.19747327268123627,49.29131321808225,0.0
PSME2,0.1974218487739563,49.2859443788253,0.0
SELL,0.19740817248821257,49.280575539568346,0.0
WDR33,0.19737079590559006,49.275206700311394,0.0
TAS2R19,0.1973649337887764,49.26983786105444,0.0
CCK,0.1973424434661865,49.26446902179749,0.0
SHQ1,0.1973187044262886,49.259100182540536,0.0
DOK6,0.1973162055015564,49.25373134328358,0.0
ADARB2,0.1972890727221966,49.24836250402663,0.0
MURC,0.1972742959856987,49.24299366476967,0.0
SLC35C2,0.19727217704057692,49.237624825512725,0.0
FSCN1,0.19726313650608063,49.23225598625577,0.0
KANSL3,0.19725582599639893,49.22688714699882,0.0
UBE2D4,0.19723593145608903,49.22151830774187,0.0
MRGBP,0.1972105547785759,49.216149468484915,0.0
TM9SF2,0.19719158858060837,49.21078062922796,0.0
MMP20,0.19718175157904624,49.20541178997101,0.0
OR8G5,0.1971580371260643,49.20004295071406,0.0
SNED1,0.19710695296525954,49.194674111457104,0.0
ADRB1,0.19709544628858566,49.18930527220015,0.0
DPYSL3,0.1970908060669899,49.1839364329432,0.0
AGO3,0.19708241894841194,49.178567593686246,0.0
MALSU1,0.1970568723976612,49.17319875442929,0.0
ITFG1,0.19705156683921815,49.16782991517234,0.0
ACBD7,0.19704586640000343,49.16246107591539,0.0
OR11H1,0.19699330031871795,49.157092236658436,0.0
CLTA,0.19698186814785004,49.15172339740148,0.0
RFX5,0.196938955783844,49.14635455814453,0.0
POLR2J,0.19692962393164634,49.14098571888758,0.0
LZTS2,0.1969130553305149,49.135616879630625,0.0
COQ3,0.19683382660150528,49.13024804037367,0.0
TXLNG,0.1968079298734665,49.12487920111672,0.0
ZBTB6,0.19678674936294555,49.11951036185977,0.0
SPSB1,0.1967800922691822,49.114141522602814,0.0
MR1,0.19677620381116867,49.10877268334586,0.0
SRP68,0.19677540063858032,49.1034038440889,0.0
FAM73B,0.19675656259059907,49.09803500483196,0.0
FGD6,0.19672752618789674,49.092666165575004,0.0
TBC1D24,0.19670803993940353,49.08729732631805,0.0
LARP4,0.19667970836162568,49.0819284870611,0.0
OR51G1,0.19660574868321418,49.076559647804146,0.0
MYOT,0.1965174615383148,49.07119080854719,0.0
ZNF532,0.19647698774933814,49.06582196929024,0.0
MYH13,0.19647654742002488,49.06045313003329,0.0
PQLC1,0.19646103754639627,49.055084290776335,0.0
TIMP2,0.19644500315189362,49.04971545151938,0.0
MRPL24,0.19643223136663437,49.04434661226243,0.0
OR7G1,0.19641390740871428,49.03897777300548,0.0
STEAP3,0.19634097516536714,49.033608933748525,0.0
VTN,0.1962529629468918,49.02824009449157,0.0
GABRA1,0.196194851398468,49.02287125523462,0.0
MLEC,0.19618455767631532,49.01750241597767,0.0
TRIM23,0.19617556408047676,49.012133576720714,0.0
TBC1D22A,0.19611793309450148,49.00676473746376,0.0
PNKD,0.1961177870631218,49.00139589820681,0.0
SLC25A10,0.19607763439416886,48.996027058949856,0.0
MICAL3,0.19603841453790666,48.990658219692904,0.0
RALBP1,0.19600193947553635,48.98528938043595,0.0
QSOX2,0.19600049704313277,48.979920541179,0.0
PDCD6IP,0.19597445279359818,48.97455170192204,0.0
RABL2A,0.19592820405960082,48.969182862665086,0.0
SHMT1,0.1959125354886055,48.96381402340813,0.0
ETNK2,0.1958753727376461,48.95844518415119,0.0
SUSD1,0.19583629071712494,48.953076344894235,0.0
BAZ1A,0.19574007540941238,48.94770750563728,0.0
CARF,0.1957399480044842,48.94233866638033,0.0
DCXR,0.1956850305199623,48.93696982712338,0.0
ZNF341,0.19568312019109727,48.931600987866425,0.0
TLR7,0.19567335098981858,48.92623214860947,0.0
NPDC1,0.19564410150051117,48.92086330935252,0.0
RBM14,0.19562212973833085,48.91549447009557,0.0
OR10H3,0.195591052621603,48.910125630838614,0.0
IL1RL1,0.1955806002020836,48.90475679158166,0.0
SYT11,0.19554870277643205,48.89938795232471,0.0
CMYA5,0.1954754114151001,48.894019113067756,0.0
COG8,0.19546768963336944,48.8886502738108,0.0
C10orf55,0.1954019695520401,48.88328143455385,0.0
NOX5,0.1953880548477173,48.8779125952969,0.0
CAV3,0.19529215544462203,48.872543756039946,0.0
RPS15,0.1952895328402519,48.86717491678299,0.0
SRGN,0.19528028517961502,48.86180607752604,0.0
EBF4,0.195279823243618,48.85643723826909,0.0
C7,0.195265843719244,48.851068399012135,0.0
APCS,0.1952534943819046,48.84569955975518,0.0
EMP2,0.19525096714496612,48.84033072049823,0.0
SAE1,0.19515247493982316,48.83496188124127,0.0
PAPD4,0.1951086163520813,48.82959304198432,0.0
CLK4,0.19509392380714416,48.824224202727365,0.0
IGF2BP1,0.19499119967222214,48.81885536347042,0.0
FOXJ2,0.19497234672307967,48.81348652421347,0.0
MLLT6,0.19497181177139283,48.808117684956514,0.0
C17orf102,0.19491222202777864,48.80274884569956,0.0
CDRT15,0.19487698525190353,48.79738000644261,0.0
KISS1R,0.19486925303936004,48.792011167185656,0.0
SNRPF,0.1948692336678505,48.7866423279287,0.0
POLR2B,0.19485880807042122,48.78127348867175,0.0
RPP38,0.1948432892560959,48.7759046494148,0.0
PNPLA4,0.19483483731746673,48.770535810157845,0.0
SGSM1,0.19479916989803314,48.76516697090089,0.0
PGLYRP1,0.19478006511926652,48.75979813164394,0.0
WWC1,0.19477986097335814,48.75442929238699,0.0
MGME1,0.19476283639669417,48.749060453130035,0.0
SGCE,0.194737009704113,48.74369161387308,0.0
SEPT6,0.19472199603915213,48.73832277461613,0.0
ECI1,0.19470823854207991,48.73295393535918,0.0
GLTSCR1L,0.19466267228126527,48.727585096102224,0.0
OR5F1,0.1946273759007454,48.72221625684527,0.0
TLR6,0.19461191669106484,48.71684741758832,0.0
TPPP,0.1946016162633896,48.711478578331366,0.0
TM4SF1,0.19453100860118866,48.70610973907441,0.0
EMC2,0.19452110677957535,48.700740899817454,0.0
SLFN11,0.194513638317585,48.6953720605605,0.0
PPP1R13B,0.19450275897979735,48.69000322130355,0.0
KCNC3,0.19446960985660552,48.684634382046596,0.0
KIAA1462,0.1944200426340103,48.67926554278965,0.0
TAS2R30,0.1942439079284668,48.6738967035327,0.0
PRG4,0.19424230009317398,48.668527864275745,0.0
FBXO10,0.19419295489788055,48.66315902501879,0.0
ATP5G3,0.1941889449954033,48.65779018576184,0.0
SNX4,0.19414718449115753,48.65242134650489,0.0
CRCP,0.19412537068128585,48.647052507247935,0.0
MCC,0.194122214615345,48.64168366799098,0.0
DHX34,0.19411158338189125,48.63631482873403,0.0
TM4SF19,0.19409918487071992,48.63094598947708,0.0
SMPD2,0.1940760001540184,48.625577150220124,0.0
SLC39A1,0.1940622165799141,48.62020831096317,0.0
PNOC,0.19405956715345382,48.61483947170622,0.0
MRPL11,0.19402690529823302,48.609470632449266,0.0
SDF2L1,0.19401957243680953,48.604101793192314,0.0
RHBDL1,0.19400957971811295,48.59873295393536,0.0
FAM129B,0.1939585253596306,48.59336411467841,0.0
RAB11FIP5,0.19395093321800233,48.587995275421456,0.0
OSER1,0.19392998218536378,48.5826264361645,0.0
TYMS,0.19392626136541366,48.57725759690755,0.0
BNIP3,0.19390499889850615,48.5718887576506,0.0
OR2A4,0.19389740601181985,48.56651991839364,0.0
DDX53,0.19382285252213477,48.561151079136685,0.0
RLTPR,0.19375324845314026,48.55578223987973,0.0
DMRTC2,0.19370620399713517,48.55041340062278,0.0
DBP,0.1937022790312767,48.545044561365835,0.0
PCBP3,0.19362143725156783,48.53967572210888,0.0
EBAG9,0.19359842985868453,48.53430688285193,0.0
MLC1,0.19359513819217683,48.52893804359498,0.0
MLTK,0.1935773104429245,48.523569204338024,0.0
TAPBP,0.1935667522251606,48.51820036508107,0.0
RASEF,0.19355517923831939,48.51283152582412,0.0
MTMR6,0.19352612346410752,48.507462686567166,0.0
SRSF5,0.19351147711277009,48.50209384731021,0.0
PROSER2,0.19344649761915206,48.49672500805326,0.0
PSMA3,0.19343515932559968,48.49135616879631,0.0
IL18R1,0.19343089163303376,48.485987329539356,0.0
TSNARE1,0.19340912103652955,48.4806184902824,0.0
ANAPC16,0.19339653551578523,48.47524965102545,0.0
SNRNP48,0.1933906778693199,48.4698808117685,0.0
PTCH2,0.19338058829307556,48.464511972511545,0.0
SMARCA1,0.19333695024251937,48.45914313325459,0.0
NKX2-3,0.19333244413137435,48.45377429399764,0.0
FAM189B,0.19333188459277154,48.44840545474069,0.0
DNAJB4,0.1933293253183365,48.443036615483734,0.0
ATG2A,0.19328438192605973,48.437667776226775,0.0
DOCK9,0.1932787023484707,48.43229893696982,0.0
OR10P1,0.1932601034641266,48.42693009771287,0.0
MGST3,0.19324420690536498,48.42156125845592,0.0
MAD2L1BP,0.193232724070549,48.416192419198964,0.0
TFAP4,0.1932163342833519,48.41082357994201,0.0
GIPC2,0.19319758117198943,48.405454740685066,0.0
ELF1,0.19312090799212456,48.40008590142811,0.0
ITGB7,0.19309909343719484,48.39471706217116,0.0
COPG2,0.19307361245155336,48.38934822291421,0.0
USP25,0.1930584967136383,48.383979383657255,0.0
LARP4B,0.19302928596735,48.3786105444003,0.0
DUSP23,0.19297362864017487,48.37324170514335,0.0
PPP6R1,0.19294489175081253,48.3678728658864,0.0
RPL28,0.19294032454490662,48.362504026629445,0.0
PPL,0.19293309897184371,48.35713518737249,0.0
MFSD2A,0.19289382994174958,48.35176634811554,0.0
COMMD9,0.19286083653569222,48.34639750885859,0.0
CCDC136,0.1928361937403679,48.341028669601634,0.0
CD47,0.1928171321749687,48.33565983034468,0.0
ESX1,0.19279951080679894,48.33029099108773,0.0
GLOD4,0.19274773299694062,48.324922151830776,0.0
MRPL4,0.19270587861537933,48.319553312573824,0.0
BCAM,0.192704276740551,48.31418447331687,0.0
PAPD7,0.19265503883361818,48.30881563405992,0.0
MRPS31,0.19262801259756088,48.303446794802966,0.0
FASTK,0.1925921157002449,48.298077955546006,0.0
SYS1,0.192478808760643,48.29270911628905,0.0
CCDC87,0.19246100038290023,48.2873402770321,0.0
SRP54,0.19246001467108725,48.28197143777515,0.0
STARD3,0.19245624393224717,48.276602598518195,0.0
RAB3B,0.19245227575302123,48.27123375926124,0.0
ADAMTS12,0.19242328852415086,48.2658649200043,0.0
KCNJ6,0.19236816316843033,48.260496080747345,0.0
CEP112,0.19235191494226456,48.25512724149039,0.0
ZRSR2,0.1922906182706356,48.24975840223344,0.0
JMY,0.19228316992521285,48.24438956297649,0.0
DHX15,0.1922210857272148,48.239020723719534,0.0
USP35,0.19221183508634568,48.23365188446258,0.0
UBQLN1,0.19214155673980712,48.22828304520563,0.0
OR4S2,0.19207483306527137,48.222914205948676,0.0
NUDT6,0.19206986129283904,48.21754536669172,0.0
AK3,0.19203806668519974,48.21217652743477,0.0
PSMA4,0.19203141182661057,48.20680768817782,0.0
FAM208B,0.19202136546373366,48.201438848920866,0.0
RPL15,0.19201231971383095,48.19607000966391,0.0
EVX2,0.1920047476887703,48.19070117040696,0.0
NTSR2,0.19198988974094391,48.18533233115001,0.0
ZC3H7B,0.19197655767202376,48.179963491893055,0.0
RBMX,0.19193335697054864,48.1745946526361,0.0
AP3M1,0.1918975293636322,48.16922581337914,0.0
FRA10AC1,0.19187478125095367,48.16385697412219,0.0
ZC3H13,0.1918676644563675,48.15848813486524,0.0
OR2T1,0.19185613989830017,48.153119295608285,0.0
MISP,0.19184171706438063,48.14775045635133,0.0
RALGAPA1,0.1918344959616661,48.14238161709438,0.0
RPAP1,0.1918017730116844,48.13701277783743,0.0
FANCE,0.19170560389757157,48.131643938580474,0.0
CNTN4,0.19166061729192735,48.12627509932353,0.0
TMA7,0.19164390489459038,48.120906260066576,0.0
ATG4A,0.19163168519735335,48.11553742080962,0.0
RBM38,0.19159500449895858,48.11016858155267,0.0
BPIFA3,0.19155798852443695,48.10479974229572,0.0
RBMX2,0.19153281375765802,48.099430903038765,0.0
UBQLN2,0.19152630418539046,48.09406206378181,0.0
COL6A6,0.19152324944734572,48.08869322452486,0.0
TAL2,0.1914726674556732,48.08332438526791,0.0
RBM47,0.19144932553172112,48.077955546010955,0.0
DUSP9,0.19140086621046065,48.072586706754,0.0
GPR155,0.19137821197509766,48.06721786749705,0.0
TRAPPC9,0.19136003106832505,48.0618490282401,0.0
RRP1,0.1913467302918434,48.056480188983144,0.0
MSH4,0.1912766382098198,48.05111134972619,0.0
GCNT2,0.19125149846076966,48.04574251046924,0.0
MAPK12,0.19124922156333923,48.040373671212286,0.0
KIAA0232,0.1912376120686531,48.035004831955334,0.0
SH3KBP1,0.19122225418686867,48.029635992698374,0.0
HECW1,0.1911955416202545,48.02426715344142,0.0
TUBE1,0.19117505103349686,48.01889831418447,0.0
TRIM24,0.19116481989622117,48.013529474927516,0.0
ALS2CL,0.19116114377975463,48.00816063567056,0.0
TMEM92,0.19113450199365617,48.00279179641361,0.0
TM9SF3,0.19106983095407487,47.99742295715666,0.0
RBM27,0.19106147587299346,47.992054117899706,0.0
FAM118B,0.191046991199255,47.98668527864276,0.0
PLAGL2,0.19101724475622178,47.98131643938581,0.0
NECAP2,0.19097205772995948,47.975947600128855,0.0
OR5P2,0.19096943587064744,47.9705787608719,0.0
IL19,0.1909306451678276,47.96520992161495,0.0
SLC7A2,0.19092964455485345,47.959841082358,0.0
THUMPD2,0.19087780341506005,47.954472243101044,0.0
ACVR1C,0.19085937589406968,47.94910340384409,0.0
PTK6,0.19080640599131585,47.94373456458714,0.0
CSRP2BP,0.19075429812073708,47.938365725330186,0.0
MRPL27,0.19075147360563277,47.932996886073234,0.0
SPOCK1,0.19070249199867248,47.92762804681628,0.0
DPPA3,0.1906987525522709,47.92225920755933,0.0
SLC25A31,0.1906695581972599,47.916890368302376,0.0
MRPL46,0.19064246714115143,47.91152152904542,0.0
POLR2H,0.19060386717319489,47.90615268978847,0.0
TLX3,0.19059676975011824,47.90078385053151,0.0
OR52N4,0.19059022665023803,47.89541501127456,0.0
KHNYN,0.19057277143001555,47.890046172017605,0.0
IL15,0.1905383825302124,47.88467733276065,0.0
TSEN34,0.19043080359697342,47.8793084935037,0.0
OMD,0.19040582999587058,47.87393965424675,0.0
A1BG,0.19039497300982475,47.868570814989795,0.0
ENOX1,0.19039156436920165,47.86320197573284,0.0
PDLIM2,0.19037763848900796,47.85783313647589,0.0
RGS10,0.19036781042814255,47.852464297218944,0.0
MMAB,0.19034545570611955,47.84709545796199,0.0
POF1B,0.19017991572618484,47.84172661870504,0.0
RNPEPL1,0.1901750944554806,47.836357779448086,0.0
UBXN6,0.1900717630982399,47.83098894019113,0.0
CATSPER3,0.19002919048070907,47.82562010093418,0.0
CDC42EP3,0.19001406580209732,47.82025126167723,0.0
IGFBP4,0.18996935486793518,47.814882422420276,0.0
SLC27A6,0.1899414613842964,47.80951358316332,0.0
MAGEH1,0.18992671892046928,47.80414474390637,0.0
CCDC85B,0.18986729085445403,47.79877590464942,0.0
RPL22,0.18984100520610808,47.793407065392465,0.0
CHDH,0.18979053795337678,47.78803822613551,0.0
MTMR4,0.18976448178291322,47.78266938687856,0.0
SLC30A7,0.1897350460290909,47.77730054762161,0.0
MINK1,0.18969006538391114,47.771931708364654,0.0
SIPA1L2,0.18967632502317427,47.7665628691077,0.0
ANKS1A,0.18961868062615395,47.76119402985074,0.0
COMMD3,0.18961352854967117,47.75582519059379,0.0
KANSL2,0.18960444256663322,47.75045635133684,0.0
KCNH4,0.18959427922964095,47.745087512079884,0.0
ACSF2,0.18959322050213814,47.73971867282293,0.0
B4GALNT4,0.18958736062049866,47.73434983356598,0.0
BLCAP,0.18958346247673036,47.728980994309026,0.0
NEUROG3,0.18955466747283936,47.72361215505207,0.0
C20orf96,0.18952492177486419,47.71824331579512,0.0
TGFB1I1,0.18951925337314607,47.712874476538175,0.0
MOAP1,0.1895131066441536,47.70750563728122,0.0
TFG,0.189471635222435,47.70213679802427,0.0
MYOM3,0.18947108536958696,47.69676795876732,0.0
PPP2CB,0.18946485221385956,47.691399119510365,0.0
OR5D18,0.18944383636116982,47.68603028025341,0.0
ATP6V1B2,0.18943295106291771,47.68066144099646,0.0
ATP4A,0.1893530569970608,47.67529260173951,0.0
MRPS24,0.18934605568647384,47.669923762482554,0.0
WWP1,0.18930948674678802,47.6645549232256,0.0
MBOAT1,0.18928738608956336,47.65918608396865,0.0
SLC35F6,0.1892825797200203,47.653817244711696,0.0
AP3M2,0.18925129026174545,47.648448405454744,0.0
TBC1D2,0.1892066277563572,47.64307956619779,0.0
NMI,0.18920226842164994,47.63771072694084,0.0
C21orf59,0.18917428255081176,47.63234188768388,0.0
POPDC2,0.1891184464097023,47.626973048426926,0.0
MRPL42,0.18911771327257157,47.62160420916997,0.0
ZNF622,0.18911727368831635,47.61623536991302,0.0
DGCR6L,0.1891096904873848,47.61086653065607,0.0
MGAT4A,0.18909220546483993,47.605497691399115,0.0
CUL2,0.1890580475330353,47.60012885214216,0.0
OR5V1,0.18903946727514268,47.59476001288521,0.0
SKOR2,0.18903061226010323,47.58939117362826,0.0
ABRA,0.18899682760238648,47.584022334371305,0.0
TUBD1,0.18899521380662918,47.57865349511435,0.0
SCHIP1,0.18894853293895722,47.57328465585741,0.0
CTPS1,0.18893372416496276,47.567915816600454,0.0
MEX3B,0.18892836943268776,47.5625469773435,0.0
ACTG2,0.18883648216724397,47.55717813808655,0.0
BTBD10,0.1887976847589016,47.551809298829596,0.0
HIST1H2BM,0.1887744791805744,47.54644045957264,0.0
RHOD,0.18876820132136346,47.54107162031569,0.0
ICT1,0.18875544369220734,47.53570278105874,0.0
MEDAG,0.18873904794454574,47.530333941801786,0.0
ALKBH7,0.1886461518704891,47.52496510254483,0.0
SPAG7,0.1886085845530033,47.51959626328788,0.0
FGD3,0.18857482820749283,47.51422742403093,0.0
SMPD3,0.1885721877217293,47.508858584773975,0.0
NICN1,0.18853832632303238,47.50348974551702,0.0
FBXO44,0.1885327562689781,47.49812090626007,0.0
LRRC16B,0.1884953871369362,47.49275206700311,0.0
TMEM69,0.1884634181857109,47.48738322774616,0.0
ZDHHC8,0.18845203667879104,47.482014388489205,0.0
ARL6IP6,0.1884043859284277,47.47664554923225,1.0
POP1,0.18836873918771743,47.4712767099753,0.0
RAB4A,0.18833772093057632,47.46590787071835,0.0
EIF3J,0.18832473680377007,47.460539031461394,0.0
AASDH,0.18831310719251632,47.45517019220444,0.0
OR4P4,0.18828279301524162,47.44980135294749,0.0
PCDHA4,0.18824560940265656,47.444432513690536,0.0
KLRF1,0.18820540159940718,47.439063674433584,0.0
MED26,0.18819523006677627,47.43369483517664,0.0
PDE3B,0.18817567452788353,47.428325995919685,0.0
DOC2A,0.1881479039788246,47.42295715666273,0.0
MLLT4,0.1881186157464981,47.41758831740578,0.0
OR4F6,0.1881021685898304,47.41221947814883,0.0
PCGF3,0.18808859437704087,47.406850638891875,0.0
DUS3L,0.18801905438303948,47.40148179963492,0.0
NEURL1B,0.18801470026373862,47.39611296037797,0.0
TCEA2,0.18799590468406677,47.39074412112102,0.0
KCNK9,0.18799286037683488,47.385375281864064,0.0
STEAP2,0.18798497542738915,47.38000644260711,0.0
KLHL23,0.18798068687319755,47.37463760335016,0.0
ACVR1B,0.18794155418872832,47.369268764093206,0.0
UBA52,0.1879380911588669,47.36389992483625,0.0
CHAMP1,0.18792443871498107,47.358531085579294,0.0
CDC42SE1,0.1879120260477066,47.35316224632234,0.0
RBM24,0.18789626210927962,47.34779340706539,0.0
ATP5S,0.1878877893090248,47.342424567808436,0.0
NRBP2,0.18786026239395143,47.33705572855148,0.0
TUBAL3,0.1877946637570858,47.33168688929453,0.0
MAMSTR,0.1877690501511097,47.32631805003758,0.0
CPSF4,0.18771117478609084,47.320949210780626,0.0
NT5C1A,0.18769675269722938,47.31558037152367,0.0
MED13,0.18768521398305893,47.31021153226672,0.0
LHX6,0.18765564858913422,47.30484269300977,0.0
FGF13,0.1876479834318161,47.299473853752815,0.0
SCML2,0.1876266784965992,47.29410501449587,0.0
NIPSNAP3A,0.18762336522340775,47.28873617523892,0.0
GPN2,0.18761134669184684,47.283367335981964,0.0
SCIN,0.18753024116158484,47.27799849672501,0.0
HES7,0.1875256583094597,47.27262965746806,0.0
GRWD1,0.18751743510365487,47.267260818211106,0.0
RTP4,0.1875089295208454,47.261891978954154,0.0
NAA15,0.18747683241963387,47.2565231396972,0.0
EPS15L1,0.1874137192964554,47.25115430044025,0.0
RPS6KC1,0.18740135729312896,47.245785461183296,0.0
ZNF385B,0.18737614750862122,47.24041662192634,0.0
C14orf80,0.18735410422086715,47.23504778266939,0.0
ELMO1,0.18731711208820342,47.22967894341244,0.0
RPS18,0.1873045802116394,47.22431010415548,0.0
FAM107A,0.18729902133345605,47.218941264898525,0.0
GTPBP4,0.187289035320282,47.21357242564157,0.0
WWC2,0.18728480413556098,47.20820358638462,0.0
NLGN3,0.18727098852396012,47.20283474712767,0.0
ETF1,0.18726686611771584,47.197465907870715,0.0
WDR5,0.18724734634160994,47.19209706861376,0.0
GIP,0.18714058995246888,47.18672822935681,0.0
MMRN2,0.1871217183768749,47.18135939009986,0.0
CLASP2,0.1871212050318718,47.175990550842904,0.0
MIS12,0.18711986392736435,47.17062171158595,0.0
ZSCAN25,0.18711665719747544,47.165252872329,0.0
TRIM5,0.18711477369070054,47.15988403307205,0.0
ELMOD3,0.18709335699677468,47.1545151938151,0.0
DCAF15,0.1870824694633484,47.14914635455815,0.0
E2F7,0.18707468509674072,47.143777515301196,0.0
POLR2I,0.18702710717916488,47.13840867604424,0.0
HEXDC,0.18698201775550843,47.13303983678729,0.0
ZMYM4,0.18698179572820664,47.12767099753034,0.0
ADSS,0.18694598376750945,47.122302158273385,0.0
PPP1R3D,0.18692731112241745,47.11693331901643,0.0
TEX264,0.18690606951713562,47.11156447975948,0.0
C17orf82,0.18687588945031167,47.10619564050253,0.0
OR14C36,0.1868647404015064,47.100826801245574,0.0
ZMAT3,0.18682371377944945,47.095457961988615,0.0
RABEPK,0.18682330399751662,47.09008912273166,0.0
RECQL,0.186819589138031,47.08472028347471,0.0
MRPS33,0.18680937141180037,47.07935144421776,0.0
PHF13,0.18678038865327834,47.073982604960804,0.0
ZNF664,0.18674363046884537,47.06861376570385,0.0
STX1A,0.18674246072769166,47.0632449264469,0.0
PTGFRN,0.1867360934615135,47.057876087189946,0.0
ELP5,0.18670706301927567,47.05250724793299,0.0
GRAP,0.18669644147157669,47.04713840867604,0.0
FAM19A4,0.18665810972452163,47.04176956941909,0.0
KDM5D,0.18664002045989037,47.036400730162136,0.0
RRNAD1,0.186637045443058,47.03103189090518,0.0
PRICKLE2,0.18659709095954896,47.02566305164823,0.0
OR52E8,0.18659068122506142,47.020294212391285,0.0
GPT,0.18658527433872224,47.01492537313433,0.0
RPS14,0.18657260537147521,47.00955653387738,0.0
ACSL6,0.18651869818568229,47.00418769462043,0.0
TMA16,0.1865110993385315,46.998818855363474,0.0
ZNF230,0.18651056066155433,46.99345001610652,0.0
ZSCAN29,0.1865028217434883,46.98808117684957,0.0
PLGRKT,0.1864901751279831,46.982712337592616,0.0
UNC93B1,0.18647486269474028,46.977343498335664,0.0
CAPNS2,0.1864558517932892,46.97197465907871,0.0
OR4K5,0.1864545851945877,46.96660581982176,0.0
CST2,0.18644856438040733,46.961236980564806,0.0
UBE2V1,0.18643252179026604,46.955868141307846,0.0
WDR52,0.1864282563328743,46.95049930205089,0.0
MSGN1,0.18642295598983766,46.94513046279394,0.0
CLCN4,0.18634651973843575,46.93976162353699,0.0
FGF12,0.1863308772444725,46.934392784280035,0.0
PLEKHH3,0.18628831803798676,46.92902394502308,0.0
AMOTL2,0.1861649386584759,46.92365510576613,0.0
TGOLN2,0.18616254329681398,46.91828626650918,0.0
UBE2D2,0.1861576996743679,46.912917427252225,0.0
DCAF12,0.18613185733556747,46.90754858799527,0.0
RPL36A,0.18610479906201363,46.90217974873832,0.0
ZNF512B,0.18608265668153762,46.89681090948137,0.0
ARL4D,0.18604156225919724,46.891442070224414,0.0
POLE3,0.18603036925196648,46.88607323096746,0.0
OTP,0.1860058695077896,46.880704391710516,0.0
DCUN1D2,0.18599510937929153,46.87533555245356,0.0
RPL10,0.18593109548091888,46.86996671319661,0.0
CYTH3,0.1858787439763546,46.86459787393966,0.0
IL32,0.18584019392728807,46.859229034682706,0.0
PHTF2,0.18583667278289795,46.85386019542575,0.0
CARNS1,0.1858334332704544,46.8484913561688,0.0
CDK16,0.18578926622867584,46.84312251691185,0.0
OR2AP1,0.18578083589673042,46.837753677654895,0.0
HDHD3,0.18575403168797494,46.83238483839794,0.0
DENND2A,0.1856999382376671,46.82701599914098,0.0
CRLF3,0.1856391876935959,46.82164715988403,0.0
ATP1B3,0.18562787920236587,46.81627832062708,0.0
BTG2,0.18562031760811806,46.810909481370125,0.0
FMNL2,0.18553432896733285,46.80554064211317,0.0
ZNF83,0.18550325483083724,46.80017180285622,0.0
HNRNPLL,0.18546997010707855,46.79480296359927,0.0
NUP210L,0.1854004070162773,46.789434124342314,0.0
DYNLT1,0.1853811800479889,46.78406528508536,0.0
DTX2,0.1853665828704834,46.77869644582841,0.0
SON,0.1853625386953354,46.773327606571456,0.0
HOXA10,0.1853354625403881,46.767958767314504,0.0
KIR2DL4,0.18531512096524239,46.76258992805755,0.0
GK5,0.1852378249168396,46.7572210888006,0.0
GTF3C6,0.1852177783846855,46.751852249543646,0.0
SLC12A3,0.1851549781858921,46.74648341028669,0.0
PABPC1L,0.18514754995703697,46.74111457102975,0.0
POLR2K,0.18512851744890213,46.735745731772795,0.0
FAM3C,0.18511952608823776,46.73037689251584,0.0
RAB26,0.18511800169944764,46.72500805325889,0.0
OR52N5,0.1851167231798172,46.71963921400194,0.0
CLTCL1,0.18508512675762176,46.714270374744984,0.0
SRPX,0.18507666438817977,46.70890153548803,0.0
FARP1,0.18506887704133987,46.70353269623108,0.0
PTRHD1,0.18504770919680597,46.698163856974126,0.0
CDK11A,0.18493589758872986,46.692795017717174,0.0
TRPC1,0.18493192493915558,46.687426178460214,0.0
SEC16B,0.1849292516708374,46.68205733920326,0.0
TPRKB,0.18488830626010894,46.67668849994631,0.0
CARS2,0.18485845476388932,46.671319660689356,0.0
ABCD4,0.18485584408044814,46.6659508214324,0.0
GTF2H2C,0.18482554480433463,46.66058198217545,0.0
TIFAB,0.1847932182252407,46.6552131429185,0.0
LRRC23,0.18474273160099983,46.649844303661546,0.0
RIC8B,0.18464289158582686,46.64447546440459,0.0
KIAA1841,0.18462662547826766,46.63910662514764,0.0
ABCA9,0.1845935344696045,46.63373778589069,0.0
UBL7,0.18459158539772033,46.628368946633735,0.0
EXOSC4,0.18456996083259583,46.62300010737678,0.0
ZNF326,0.1845120407640934,46.61763126811983,0.0
PMM1,0.1844923183321953,46.61226242886288,0.0
DNAJC4,0.18448096215724946,46.606893589605924,0.0
SPATA5L1,0.18446603268384934,46.60152475034898,0.0
TSPAN18,0.1844544753432274,46.596155911092026,0.0
CASC4,0.1844266265630722,46.590787071835074,0.0
HTR6,0.18440806344151497,46.58541823257812,0.0
ANKZF1,0.18438493609428405,46.58004939332117,0.0
RAB3IL1,0.1843825064599514,46.574680554064216,0.0
ARHGAP17,0.18437213748693465,46.56931171480726,0.0
TAS2R50,0.1843348741531372,46.56394287555031,0.0
FAM204A,0.18433189541101455,46.55857403629335,0.0
FAM188B,0.18432305455207826,46.5532051970364,0.0
CCDC154,0.1842598170042038,46.547836357779445,0.0
OR2M3,0.18423878401517868,46.54246751852249,0.0
POGZ,0.18420225205539748,46.53709867926554,1.0
PPP1CA,0.18420224785804748,46.53172984000859,0.0
UTF1,0.1841180980205536,46.526361000751635,0.0
ELAVL2,0.18406000956892968,46.52099216149468,0.0
ESRP1,0.1840442717075348,46.51562332223773,0.0
NADSYN1,0.18400966376066208,46.51025448298078,0.0
GPAM,0.18399313539266587,46.504885643723824,0.0
DNAJB5,0.18398004174232482,46.49951680446687,0.0
PCNXL2,0.183973977714777,46.49414796520992,0.0
FAM114A2,0.18387387543916703,46.488779125952966,0.0
ELAVL4,0.18385984003543854,46.483410286696014,0.0
NSUN5,0.18382220789790155,46.47804144743906,0.0
EIF4E2,0.18381014913320542,46.47267260818211,0.0
SLC38A7,0.18378182649612426,46.46730376892516,0.0
MED15,0.18374533355236053,46.46193492966821,0.0
OPRD1,0.18373068571090698,46.45656609041126,0.0
KIAA1033,0.18371541798114777,46.451197251154305,0.0
CBR3,0.1836599364876747,46.44582841189735,0.0
SLC36A1,0.18355386853218078,46.4404595726404,0.0
DNAI2,0.18350115343928336,46.43509073338345,0.0
SORCS3,0.18349306285381317,46.429721894126494,0.0
TTLL11,0.18348798304796218,46.42435305486954,0.0
FBN3,0.18348393738269805,46.41898421561258,0.0
LRRC6,0.1834692656993866,46.41361537635563,0.0
KCNE2,0.18343677297234534,46.40824653709868,0.0
GZF1,0.18342614471912383,46.402877697841724,0.0
TNRC18,0.18337987512350082,46.39750885858477,0.0
KRT79,0.18337105512619017,46.39214001932782,0.0
TMEM176B,0.18334685564041137,46.386771180070866,0.0
ZKSCAN7,0.18331823498010635,46.381402340813914,0.0
PSMA6,0.18328925520181655,46.37603350155696,0.0
TRIM44,0.18328746780753136,46.37066466230001,0.0
TMED9,0.18328305333852768,46.365295823043056,0.0
ZNF792,0.1832791566848755,46.3599269837861,0.0
TMEM87B,0.1832651674747467,46.35455814452915,0.0
ZNF317,0.18326314985752107,46.3491893052722,0.0
EFCAB14,0.18324732780456543,46.343820466015245,0.0
MTG2,0.18321115374565125,46.33845162675829,0.0
MRPS11,0.18318414986133574,46.33308278750134,0.0
ELF3,0.1831705838441849,46.327713948244394,0.0
EFCAB7,0.18309673592448233,46.32234510898744,0.0
OVOL1,0.1830871284008026,46.31697626973049,0.0
KRT36,0.18308261930942535,46.311607430473536,0.0
THSD1,0.1830696865916252,46.306238591216584,0.0
WSB1,0.18303917422890664,46.30086975195963,0.0
TAB3,0.1830046609044075,46.29550091270268,0.0
FAM175B,0.18299859911203384,46.29013207344572,0.0
PPDPF,0.18298524841666222,46.284763234188766,0.0
CYTH4,0.18298373967409134,46.27939439493181,0.0
RRAGC,0.18296124935150146,46.27402555567486,0.0
PTPRN2,0.18295664414763452,46.26865671641791,0.0
HNRNPD,0.18294920325279235,46.263287877160955,0.0
TMEM167B,0.18292520195245743,46.257919037904,0.0
KCNJ13,0.1829158991575241,46.25255019864705,0.0
CCL20,0.18290857672691346,46.2471813593901,0.0
PPIC,0.1828886464238167,46.241812520133145,0.0
NSL1,0.18288582488894461,46.23644368087619,0.0
DHRS9,0.18286136016249657,46.23107484161924,0.0
YAF2,0.18284981995820998,46.22570600236229,0.0
PRRG2,0.18281878381967545,46.220337163105334,0.0
SRRM2,0.18280206695199014,46.21496832384838,0.0
RASSF8,0.1827995017170906,46.20959948459143,0.0
PARP9,0.18274153918027877,46.204230645334476,0.0
DENND5A,0.18271371722221375,46.198861806077524,0.0
RAP2B,0.1827106259763241,46.19349296682057,0.0
PKN1,0.18269353210926056,46.188124127563626,0.0
FKBP9,0.18268976509571075,46.18275528830667,0.0
TLX2,0.18258607387542725,46.17738644904972,0.0
GABRG2,0.1825739026069641,46.17201760979277,0.0
ARFIP1,0.1825707033276558,46.166648770535815,0.0
ASAP2,0.1825663834810257,46.16127993127886,0.0
USP34,0.18254463151097297,46.15591109202191,0.0
SASH1,0.18252596408128738,46.15054225276495,0.0
OR10AG1,0.1825094610452652,46.145173413508,0.0
CLIP3,0.182498200237751,46.139804574251045,0.0
TCF19,0.18240212351083757,46.13443573499409,0.0
RPA2,0.18227060437202453,46.12906689573714,0.0
MANEA,0.1822691597044468,46.12369805648019,0.0
ZCCHC11,0.18226398304104804,46.118329217223234,0.0
FBXO21,0.1822276830673218,46.11296037796628,0.0
TAS1R1,0.18221369087696077,46.10759153870933,0.0
TTC19,0.1821844018995762,46.102222699452376,0.0
JAKMIP2,0.18217864856123925,46.096853860195424,0.0
C16orf45,0.18217648491263388,46.09148502093847,0.0
NANP,0.18214873746037483,46.08611618168152,0.0
HOXD3,0.18213961720466615,46.080747342424566,0.0
GSAP,0.1820889599621296,46.07537850316761,0.0
PPP2R5B,0.1820644721388817,46.07000966391066,0.0
MPG,0.18206281140446662,46.06464082465371,0.0
RPUSD4,0.1820575214922428,46.059271985396755,0.0
KRT32,0.18203610479831694,46.0539031461398,0.0
TMEM208,0.18201631158590317,46.04853430688286,0.0
THSD7B,0.18198495283722876,46.043165467625904,0.0
MMP19,0.1819793663918972,46.03779662836895,0.0
SGCB,0.18196810334920882,46.032427789112,0.0
RHPN1,0.18196683824062349,46.027058949855046,0.0
CLK2,0.18195398300886154,46.02169011059809,0.0
PIK3R2,0.18195185512304307,46.016321271341134,0.0
STOX2,0.18194931298494338,46.01095243208418,0.0
KRT82,0.18193025663495063,46.00558359282723,0.0
GLB1L2,0.18188198432326316,46.000214753570276,0.0
UPRT,0.18186599463224412,45.99484591431332,0.0
LMBRD2,0.18183857649564744,45.98947707505637,0.0
CUEDC2,0.18182341158390045,45.98410823579942,0.0
C16orf62,0.1818067729473114,45.978739396542466,0.0
MEP1A,0.1817847341299057,45.97337055728551,0.0
PPP1R3A,0.18178222179412842,45.96800171802856,0.0
MRPL28,0.18166176602244377,45.96263287877161,0.0
MSRB1,0.18166030198335648,45.957264039514655,0.0
PLEKHG5,0.181654641777277,45.9518952002577,0.0
FAHD2B,0.1815999187529087,45.94652636100075,0.0
PPP1CC,0.18157864809036256,45.9411575217438,0.0
HID1,0.18157817497849466,45.935788682486844,0.0
SMCR8,0.1815422922372818,45.93041984322989,0.0
RANGRF,0.18148663341999055,45.92505100397294,0.0
SYNC,0.1814740389585495,45.91968216471599,0.0
PDE9A,0.18143102005124093,45.914313325459034,0.0
PRKCB,0.18141129165887832,45.90894448620209,0.0
ZFYVE9,0.1813928470015526,45.903575646945136,0.0
BST2,0.18133191913366317,45.89820680768818,0.0
CNNM1,0.18132276087999344,45.89283796843123,0.0
ERCC6L2,0.181317600607872,45.88746912917428,0.0
CAMK1G,0.1812843605875969,45.88210028991732,0.0
HRH3,0.18127227798104287,45.876731450660365,0.0
FUCA1,0.1812300518155098,45.87136261140341,0.0
PTPRA,0.18119452744722367,45.86599377214646,0.0
MAST3,0.18119287639856338,45.86062493288951,0.0
HOXC12,0.1811825767159462,45.855256093632555,0.0
CD40,0.18118032366037368,45.8498872543756,0.0
FOSB,0.1811559319496155,45.84451841511865,0.0
PRSS8,0.18113115727901458,45.8391495758617,0.0
WDR61,0.18109773993492126,45.833780736604744,0.0
ZBTB38,0.18108210265636443,45.82841189734779,0.0
SPINK7,0.18107616528868675,45.82304305809084,0.0
RNF43,0.1810353845357895,45.817674218833886,0.0
EIF3E,0.18102506697177886,45.812305379576934,0.0
UBXN1,0.18098429664969445,45.80693654031998,0.0
CYTH1,0.1809263288974762,45.80156770106303,0.0
FBXO7,0.1809132032096386,45.796198861806076,0.0
PCYOX1,0.18090665638446807,45.79083002254912,0.0
OR13H1,0.18090177923440934,45.78546118329217,0.0
IRF2BP2,0.1808725565671921,45.78009234403522,0.0
FBXO41,0.18086316734552382,45.77472350477827,0.0
HIST1H2BB,0.18085033670067788,45.76935466552132,0.0
OR4C11,0.1807985670864582,45.76398582626437,0.0
ZNF607,0.1807831846177578,45.758616987007414,0.0
NR2C1,0.18075208514928817,45.753248147750455,0.0
FSD2,0.1806993305683136,45.7478793084935,0.0
CCL22,0.18069757223129274,45.74251046923655,0.0
PELP1,0.18069009929895402,45.7371416299796,0.0
G0S2,0.1806795544922352,45.731772790722644,0.0
ENTPD6,0.18065622299909592,45.72640395146569,0.0
NFIA,0.1806417852640152,45.72103511220874,0.0
HINT2,0.1806362733244896,45.715666272951786,0.0
MGST1,0.18062658458948136,45.710297433694834,0.0
POLR2F,0.1805933304131031,45.70492859443788,0.0
UPP1,0.1805805280804634,45.69955975518093,0.0
PRTFDC1,0.18054428622126578,45.694190915923976,0.0
TCF20,0.18053094893693925,45.68882207666702,0.0
CABLES1,0.18050449043512345,45.68345323741007,0.0
ADCK4,0.18048305213451385,45.67808439815312,0.0
MIPEP,0.18042830377817154,45.672715558896165,0.0
TMEM71,0.1804080583155155,45.66734671963921,0.0
CTDSPL,0.18039221465587615,45.66197788038226,0.0
GIMAP8,0.18035859763622283,45.65660904112531,0.0
CLCF1,0.18034162670373916,45.651240201868355,0.0
CWF19L1,0.1803288832306862,45.6458713626114,0.0
ZNF436,0.18027715086936952,45.64050252335445,0.0
SLC38A11,0.18024250417947768,45.635133684097504,0.0
HIST1H2BH,0.18015499860048295,45.62976484484055,0.0
KCTD14,0.18014217764139176,45.6243960055836,0.0
DCAF5,0.18014170676469804,45.619027166326646,0.0
CETN1,0.1800714023411274,45.613658327069686,0.0
CKS1B,0.18004048466682435,45.60828948781273,0.0
OR2K2,0.18003632947802545,45.60292064855578,0.0
SCRN1,0.18001766353845597,45.59755180929883,0.0
COA1,0.18000174164772034,45.592182970041875,0.0
CBLL1,0.17982858419418335,45.58681413078492,0.0
AMY2B,0.17981238663196564,45.58144529152797,0.0
DLGAP1,0.17966491281986235,45.57607645227102,0.0
PPCS,0.17965431287884712,45.570707613014065,0.0
DDX39B,0.17964041903614997,45.56533877375711,0.0
VTA1,0.17961746975779533,45.55996993450016,0.0
HLA-DMB,0.17960349321365357,45.55460109524321,0.0
METTL22,0.17959866672754288,45.549232255986254,0.0
IFI44L,0.17956630513072014,45.5438634167293,0.0
RBM45,0.17956411987543106,45.53849457747235,0.0
PHF20L1,0.1795608788728714,45.533125738215396,0.0
RAI2,0.17954217046499252,45.527756898958444,0.0
OR4K2,0.1795419543981552,45.52238805970149,0.0
TBR1,0.17954141274094582,45.51701922044454,0.0
EIF1AY,0.17944894954562188,45.511650381187586,0.0
GABRD,0.17942935228347778,45.50628154193063,0.0
LONRF2,0.17939694076776505,45.50091270267368,0.0
TMEM59,0.1793943926692009,45.495543863416735,0.0
DGKH,0.1793876089155674,45.49017502415978,0.0
CORIN,0.17938563525676726,45.48480618490282,0.0
SH3RF2,0.1793762743473053,45.47943734564587,0.0
POLR2D,0.17936224713921547,45.47406850638892,0.0
FCAMR,0.1793469749391079,45.468699667131965,0.0
SECISBP2L,0.1793031059205532,45.46333082787501,0.0
OR56A4,0.17926297336816788,45.45796198861806,0.0
ZDHHC4,0.17926202788949014,45.45259314936111,0.0
ABTB2,0.17926173582673072,45.447224310104154,0.0
ZDHHC7,0.17923539727926255,45.4418554708472,0.0
TMEM41B,0.17923482432961463,45.43648663159025,0.0
TMEM39B,0.1792267993092537,45.431117792333296,0.0
GPATCH4,0.1792100489139557,45.425748953076344,0.0
IL3RA,0.1792042389512062,45.42038011381939,0.0
SNRPD1,0.17919985353946685,45.41501127456244,0.0
RASAL1,0.17914848029613495,45.409642435305486,0.0
SEMA4B,0.1791469320654869,45.40427359604853,0.0
CDK18,0.1791159488260746,45.39890475679158,0.0
TCN2,0.1791073352098465,45.39353591753463,0.0
AGTRAP,0.17905631363391877,45.388167078277675,0.0
IL24,0.17904435396194457,45.38279823902072,0.0
KIRREL2,0.17904292345046996,45.37742939976377,0.0
POLR2M,0.17901743352413177,45.37206056050682,0.0
C11orf49,0.1790071740746498,45.366691721249865,0.0
WFIKKN1,0.17892860770225524,45.36132288199291,0.0
RIN3,0.17892828360199928,45.355954042735966,0.0
TMEM33,0.17891201823949815,45.350585203479014,0.0
TECTA,0.17885292693972588,45.345216364222054,0.0
SMN2,0.17884594798088074,45.3398475249651,0.0
SNPH,0.17878780215978624,45.33447868570815,0.0
YTHDF1,0.17878771722316741,45.329109846451196,0.0
ORAI3,0.17878018021583558,45.32374100719424,0.0
ARHGAP18,0.17875886857509612,45.31837216793729,0.0
PDK1,0.17874225601553917,45.31300332868034,0.0
MLLT10,0.17862871140241623,45.307634489423386,0.0
LDHD,0.17861377000808715,45.30226565016643,0.0
PTH2R,0.17857397273182868,45.29689681090948,0.0
OR2W1,0.17857393622398376,45.29152797165253,0.0
PSMB9,0.17857073619961739,45.286159132395575,0.0
TNIK,0.17852997034788132,45.28079029313862,0.0
RASGEF1A,0.17851808667182922,45.27542145388167,0.0
WHSC1L1,0.17850818037986754,45.27005261462472,0.0
INMT,0.17848480343818665,45.264683775367764,0.0
FGF1,0.1784728080034256,45.25931493611081,0.0
USP45,0.17845029681921004,45.25394609685386,0.0
CHCHD6,0.17844388335943223,45.24857725759691,0.0
STXBP4,0.17843622490763664,45.243208418339954,0.0
SMS,0.17843593209981917,45.237839579083,0.0
MRPL50,0.17837208211421968,45.23247073982605,0.0
YIPF1,0.17836850136518478,45.227101900569096,0.0
CPNE7,0.1783635936677456,45.22173306131214,0.0
NAGK,0.1783481203019619,45.21636422205519,0.0
GPN3,0.17831844240427017,45.21099538279824,0.0
GAPDHS,0.17827467769384384,45.205626543541285,0.0
GNL3L,0.17827085107564927,45.20025770428433,0.0
HOXD12,0.17826301157474517,45.19488886502738,0.0
TXNDC16,0.17825669497251512,45.18952002577043,0.0
APOOL,0.1782505467534065,45.184151186513475,0.0
FBXO22,0.17823320329189302,45.17878234725652,0.0
STX1B,0.17823229357600212,45.17341350799957,0.0
IRF8,0.1782241530716419,45.16804466874262,0.0
MYH8,0.17819982543587684,45.162675829485664,0.0
MAPK1IP1L,0.17817753553390503,45.15730699022871,0.0
HSPA12B,0.17814970016479492,45.15193815097176,0.0
C6,0.1781352624297142,45.146569311714806,0.0
RARRES3,0.17806704714894295,45.141200472457854,0.0
TAS2R31,0.1780645005404949,45.1358316332009,0.0
MOB3C,0.17802675142884256,45.13046279394395,0.0
FRAT2,0.17800951525568962,45.125093954686996,0.0
DDX17,0.17800266444683074,45.11972511543004,0.0
TPGS2,0.17798975259065627,45.11435627617309,0.0
MSL2,0.17795707881450654,45.10898743691614,0.0
STARD4,0.1779570385813713,45.103618597659185,0.0
CATSPERG,0.17790742516517638,45.09824975840223,0.0
CAMSAP1,0.17789956480264663,45.09288091914528,0.0
RPL37,0.17779364287853242,45.08751207988833,0.0
C1orf109,0.17774773389101028,45.08214324063138,0.0
OR2T10,0.1776914767920971,45.07677440137442,0.0
VPS9D1,0.17766942828893661,45.07140556211747,0.0
MOXD1,0.17766535580158233,45.06603672286052,0.0
NACAD,0.17765606194734573,45.060667883603564,0.0
AUH,0.1776453971862793,45.05529904434661,0.0
PSME3,0.17756243348121642,45.04993020508966,0.0
LYL1,0.177556774020195,45.044561365832706,0.0
EXOC6B,0.17748309671878815,45.039192526575754,0.0
TUBB2A,0.17746716812253,45.0338236873188,0.0
OR4A16,0.1774475947022438,45.02845484806185,0.0
ZMAT2,0.17744069546461105,45.023086008804896,0.0
FBXW11,0.17743359208106996,45.01771716954794,0.0
ASNSD1,0.17742983102798462,45.01234833029099,0.0
HOMER1,0.17741101384162902,45.00697949103404,0.0
ACIN1,0.17739880084991455,45.001610651777085,0.0
XK,0.17735919058322908,44.99624181252013,0.0
BRIX1,0.17733071073889733,44.99087297326318,0.0
WDR45B,0.17732517421245575,44.98550413400623,0.0
LILRB1,0.17730551064014435,44.980135294749275,0.0
HRSP12,0.17725930586457253,44.97476645549232,0.0
TSR3,0.17723606675863265,44.96939761623537,0.0
MIEF2,0.17721119970083238,44.96402877697842,0.0
PDK3,0.17719509154558183,44.958659937721464,0.0
C7orf63,0.17718508020043372,44.95329109846451,0.0
ENTHD2,0.17701748609542847,44.94792225920756,0.0
KHDRBS3,0.17694125920534134,44.942553419950606,0.0
OR10H2,0.17692849710583686,44.93718458069365,0.0
SCLY,0.17690871581435202,44.9318157414367,0.0
ANAPC11,0.17690595984458923,44.92644690217975,0.0
NEIL1,0.17690472304821014,44.921078062922795,0.0
CDRT4,0.17689068168401717,44.91570922366584,0.0
OGFOD1,0.17688654810190202,44.91034038440889,0.0
RNASE1,0.17683333903551102,44.90497154515194,0.0
RAB13,0.17682012617588044,44.899602705894985,0.0
CCDC158,0.1767484299838543,44.89423386663803,0.0
TMBIM4,0.17672915533185005,44.88886502738108,0.0
PAFAH2,0.17671990096569062,44.88349618812413,0.0
RNASE4,0.17669755220413208,44.878127348867174,0.0
HOXA6,0.17668331861495973,44.87275850961022,0.0
KCNJ5,0.17663774341344834,44.86738967035327,0.0
MBIP,0.17663335800170898,44.862020831096316,0.0
DDAH2,0.17660110592842101,44.856651991839364,0.0
TMEM8B,0.1765965297818184,44.85128315258241,0.0
CCNI,0.1765880838036537,44.84591431332546,0.0
APOLD1,0.17657729908823966,44.840545474068506,0.0
CCDC103,0.17657638788223268,44.83517663481155,0.0
PLCXD3,0.17656945139169694,44.8298077955546,0.0
KLHL8,0.1765507325530052,44.82443895629765,0.0
SLC35G2,0.1765424832701683,44.819070117040695,0.0
RNF8,0.17652675360441208,44.81370127778374,0.0
GMPPB,0.17651624381542205,44.80833243852679,0.0
TMEM201,0.17647026777267455,44.80296359926984,0.0
CAMKK1,0.17643897086381913,44.797594760012885,0.0
ADAMTS17,0.17643823772668837,44.79222592075593,0.0
TRAM1,0.17641086131334305,44.78685708149898,0.0
MARCH5,0.17635980546474456,44.78148824224203,0.0
SNRPB2,0.17633978128433228,44.776119402985074,0.0
TBC1D9,0.17633093446493148,44.77075056372812,0.0
ACBD5,0.17628660649061204,44.76538172447117,0.0
TBC1D12,0.17626484483480453,44.760012885214216,0.0
PRKAA1,0.17626023441553115,44.754644045957264,0.0
ATP8B4,0.17624711543321608,44.74927520670031,0.0
OR51E2,0.17622080743312835,44.74390636744336,0.0
MAGI3,0.17620112597942353,44.738537528186406,0.0
PIGZ,0.17618939578533171,44.73316868892945,0.0
DGUOK,0.17606683671474457,44.7277998496725,0.0
SEMA3D,0.1760340116918087,44.72243101041555,0.0
PXDC1,0.17597076594829558,44.717062171158595,0.0
OR1E1,0.1759307086467743,44.71169333190164,0.0
TSPAN14,0.17592260017991065,44.70632449264469,0.0
CAND1,0.17591568380594252,44.70095565338774,0.0
OR2J1,0.17587602660059928,44.695586814130785,0.0
POU2F2,0.17587174996733665,44.69021797487383,0.0
OR2T35,0.175869882106781,44.68484913561688,0.0
OR2M4,0.17586743831634521,44.67948029635993,0.0
WIPI1,0.17584742605686188,44.674111457102974,0.0
RPL6,0.17582345232367516,44.66874261784602,0.0
KNOP1,0.1758047714829445,44.66337377858907,0.0
IFITM5,0.1757455587387085,44.658004939332116,0.0
CCDC151,0.17573097944259644,44.65263610007516,0.0
FBXL4,0.17572827786207199,44.64726726081821,0.0
PSMB8,0.17572608441114426,44.64189842156126,0.0
FBLIM1,0.17571479976177215,44.636529582304306,0.0
CTTNBP2NL,0.17569711059331894,44.63116074304735,0.0
SKP1,0.1756831333041191,44.6257919037904,0.0
GALM,0.17568018808960914,44.62042306453345,0.0
WAS,0.17567535489797592,44.615054225276495,0.0
RCL1,0.17563218325376512,44.60968538601954,0.0
BEX2,0.17558655068278312,44.60431654676259,0.0
TRIM52,0.1755674071609974,44.59894770750564,0.0
XPR1,0.17554903626441956,44.593578868248684,0.0
ARAP1,0.17554680705070497,44.58821002899173,0.0
SPAST,0.17549630403518676,44.58284118973478,0.0
MTNR1A,0.17548954635858535,44.57747235047783,0.0
STX7,0.17548013105988503,44.572103511220874,0.0
PPP1R9B,0.17544994950294496,44.56673467196392,0.0
BATF2,0.17541121765971185,44.56136583270697,0.0
METTL2B,0.17540634647011757,44.555996993450016,0.0
UBE2T,0.17537605240941048,44.55062815419306,0.0
RNF130,0.1753215491771698,44.54525931493611,0.0
RPL26L1,0.17531519532203674,44.53989047567916,0.0
METTL4,0.1753094084560871,44.534521636422205,0.0
RSPH1,0.17528767883777618,44.52915279716525,0.0
PRTG,0.17528403103351592,44.5237839579083,0.0
BRSK2,0.17525801211595535,44.51841511865135,0.0
DMXL1,0.17524791583418847,44.513046279394395,0.0
PSMA5,0.17524096742272377,44.50767744013744,0.0
DOCK10,0.17520984560251235,44.50230860088049,0.0
ACCS,0.1752096027135849,44.49693976162354,0.0
CTSZ,0.17520837634801864,44.491570922366584,0.0
CXCL2,0.1752040207386017,44.48620208310963,0.0
ARHGAP11A,0.17519350722432137,44.48083324385268,0.0
TMEM176A,0.17517977356910705,44.475464404595726,0.0
TMEM182,0.17517935633659362,44.470095565338774,0.0
TUBB2B,0.17517546564340591,44.46472672608182,0.0
SF3A2,0.1751648284494877,44.45935788682487,0.0
AEN,0.17516210451722145,44.453989047567916,0.0
NUP37,0.17515165954828263,44.44862020831096,0.0
OR51T1,0.17512864246964455,44.44325136905401,0.0
IMMP1L,0.17506711706519126,44.43788252979706,0.0
OR2G6,0.1750344768166542,44.432513690540105,0.0
SPAG4,0.1749872922897339,44.42714485128315,0.0
DUS1L,0.17498173639178277,44.4217760120262,0.0
OR4N4,0.1749647118151188,44.41640717276925,0.0
FAM60A,0.1749275803565979,44.411038333512295,0.0
TRIM8,0.17487659752368928,44.40566949425534,0.0
MLX,0.17487224861979483,44.40030065499839,0.0
RNASEK,0.17485746666789054,44.39493181574144,0.0
LUC7L3,0.1748323030769825,44.389562976484484,0.0
FAM195A,0.17481620907783507,44.38419413722753,0.0
CARD8,0.17481300979852676,44.37882529797058,0.0
ATP6V1G3,0.1747852474451065,44.373456458713626,0.0
VPS26B,0.17477849125862122,44.368087619456674,0.0
GAR1,0.174767854064703,44.36271878019972,0.0
ADRA1B,0.17471002638339997,44.35734994094277,0.0
ORAI2,0.17469311654567718,44.351981101685816,0.0
DGCR6,0.17461828013073724,44.34661226242886,1.0
SH3YL1,0.17458317726850509,44.34124342317191,0.0
KCTD5,0.17457576841115952,44.33587458391496,0.0
TMED3,0.17456577718257904,44.330505744658005,0.0
DIO3,0.17456382513046265,44.32513690540105,0.0
GSX2,0.17456372678279877,44.3197680661441,0.0
TSPAN33,0.17453595697879792,44.31439922688715,0.0
DHRS1,0.1745081827044487,44.309030387630195,0.0
TSEN54,0.17444194108247757,44.30366154837324,0.0
ARRDC1,0.17441470995545388,44.29829270911629,0.0
DDX10,0.17440562099218368,44.29292386985934,0.0
BOLA3,0.1743654265999794,44.287555030602384,0.0
FAM69B,0.17434207797050477,44.28218619134543,0.0
SPAG16,0.17433787360787392,44.27681735208848,0.0
DNTTIP2,0.17431899458169936,44.271448512831526,0.0
OR4S1,0.17424304112792016,44.26607967357457,0.0
SERPINA6,0.17418687790632248,44.26071083431762,0.0
MRPL19,0.17416492477059364,44.25534199506067,0.0
LY86,0.1741340860724449,44.249973155803715,0.0
CDC40,0.17395830005407334,44.24460431654676,0.0
FGF18,0.17386377602815628,44.23923547728981,0.0
TRPC4AP,0.17383430302143096,44.23386663803286,0.0
SIRT5,0.17380803897976876,44.228497798775905,0.0
TBC1D8B,0.17377752512693406,44.22312895951895,0.0
AIDA,0.17376186922192574,44.217760120262,0.0
MRPL2,0.17375639081001282,44.21239128100505,0.0
FUK,0.17373541444540025,44.207022441748094,0.0
C14orf1,0.17365985810756684,44.20165360249114,0.0
ANKRD23,0.1736391842365265,44.19628476323419,0.0
CCDC71,0.1736377015709877,44.190915923977236,0.0
CPQ,0.17363545745611192,44.185547084720284,0.0
CNOT2,0.17362596318125725,44.18017824546333,0.0
KRBA1,0.17356586456298828,44.17480940620638,0.0
OR1L1,0.17355984821915627,44.169440566949426,0.0
GDPD3,0.17353712171316146,44.16407172769247,0.0
ZNF354B,0.17353005036711694,44.15870288843552,0.0
CMPK1,0.17350369989871978,44.15333404917857,0.0
LSM12,0.17344260290265084,44.147965209921615,0.0
ZNF408,0.17344101091383002,44.14259637066466,1.0
GPRC5C,0.1734291598200798,44.13722753140771,0.0
ZNF160,0.17338793873786926,44.13185869215076,0.0
VPS28,0.1733688272535801,44.126489852893805,0.0
CRYBA4,0.17331245467066764,44.12112101363685,0.0
MCF2L,0.17326829582452774,44.1157521743799,0.0
METTL17,0.17326484769582748,44.11038333512295,0.0
BCAP29,0.17326483950018884,44.105014495865994,0.0
LY96,0.1731972336769104,44.09964565660904,0.0
SLC37A3,0.17319648042321206,44.09427681735209,0.0
SLC9B2,0.17319467887282372,44.088907978095136,0.0
CD53,0.1731453374028206,44.083539138838184,0.0
MARCH7,0.17310433983802795,44.07817029958123,0.0
TMCO3,0.17308258563280104,44.07280146032428,0.0
ZNF518B,0.17306532561779023,44.067432621067326,0.0
PLEKHA4,0.17306314632296563,44.06206378181037,0.0
OR8H3,0.17298745214939118,44.05669494255342,0.0
SNAPC5,0.17296974509954452,44.05132610329647,0.0
PDZD2,0.17296557873487473,44.045957264039515,0.0
PHLDA1,0.17296479940414428,44.04058842478256,0.0
FAM193A,0.17296153753995896,44.03521958552561,0.0
DDX52,0.17295464277267455,44.02985074626866,0.0
SKIV2L2,0.17295027524232864,44.024481907011705,0.0
TAS1R2,0.1729460723698139,44.01911306775475,0.0
THBD,0.1729077361524105,44.0137442284978,0.0
SHCBP1,0.17284073680639267,44.00837538924085,0.0
GPR126,0.17282938659191133,44.003006549983894,0.0
MYO1G,0.1728028953075409,43.99763771072694,0.0
OR52A1,0.17278583496809005,43.99226887146999,0.0
NET1,0.172761170566082,43.986900032213036,0.0
LLPH,0.17275820001959802,43.98153119295608,0.0
GRINA,0.17275065556168556,43.97616235369913,0.0
VPS37B,0.17274535447359085,43.97079351444218,0.0
WBP11,0.172713240981102,43.965424675185226,0.0
CTDSPL2,0.17269263938069343,43.96005583592827,0.0
GOLGA7,0.17268747836351395,43.95468699667132,0.0
PLSCR2,0.17268596440553666,43.94931815741437,0.0
PAGE2,0.17267332822084427,43.943949318157415,0.0
WDR63,0.17263302132487296,43.93858047890046,0.0
TMEM9B,0.17262840792536735,43.93321163964351,0.0
RPL34,0.17257427126169206,43.92784280038656,0.0
PICK1,0.17255704402923583,43.922473961129604,0.0
MAOB,0.17255316972732543,43.91710512187265,0.0
EIF5,0.17255086898803712,43.9117362826157,0.0
USP48,0.17253508269786835,43.90636744335875,0.0
TNNC1,0.17250295132398605,43.900998604101794,0.0
MAMDC2,0.17247295528650283,43.89562976484484,0.0
LAMTOR3,0.17245970517396927,43.89026092558789,0.0
SYPL2,0.1724581703543663,43.884892086330936,0.0
OR9A2,0.17243827879428864,43.87952324707398,0.0
TCEAL4,0.17242840081453323,43.87415440781703,0.0
RNF5,0.17237709686160088,43.86878556856008,0.0
ARPC5L,0.17234456539154053,43.863416729303125,0.0
MAP7D2,0.1722608268260956,43.85804789004617,0.0
UMOD,0.17225293666124344,43.85267905078922,0.0
ING3,0.1722523182630539,43.84731021153227,0.0
ZNF615,0.17221189737319947,43.841941372275315,0.0
RNGTT,0.17219651117920876,43.836572533018355,0.0
SLC35C1,0.17216651067137717,43.83120369376141,0.0
IGFBP5,0.17216379940509796,43.82583485450446,0.0
C1QL1,0.17213426083326339,43.820466015247504,0.0
OR6N2,0.17213010489940644,43.81509717599055,0.0
HIST1H2BN,0.17212718948721886,43.8097283367336,0.0
PEBP4,0.17211790159344673,43.804359497476646,0.0
ENDOV,0.1721055269241333,43.798990658219694,0.0
UBE2E2,0.17209586650133132,43.79362181896274,0.0
TRIM9,0.1720934085547924,43.78825297970579,0.0
GRIK1,0.17207474038004875,43.782884140448836,0.0
ARMCX2,0.1720632091164589,43.77751530119188,0.0
OR7D2,0.17201660498976706,43.77214646193493,0.0
MED13L,0.1719803534448147,43.76677762267798,0.0
TRMT2B,0.17197572067379951,43.761408783421025,0.0
FAM46A,0.17189617753028869,43.75603994416407,0.0
PLEKHO2,0.17187491059303284,43.75067110490712,0.0
KLHL2,0.17187133580446243,43.74530226565017,0.0
ALDH9A1,0.17186327576637267,43.739933426393215,0.0
DGCR2,0.17182257800148085,43.73456458713626,1.0
CDK14,0.17181912809610367,43.72919574787931,0.0
KDM4D,0.1717821925878525,43.72382690862236,0.0
OR51G2,0.17172374650835992,43.718458069365404,0.0
HEBP2,0.17170895412564277,43.71308923010845,0.0
TTC14,0.1716941349208355,43.7077203908515,0.0
RAD18,0.171659155189991,43.702351551594546,0.0
HAO1,0.1716581679880619,43.696982712337594,0.0
CATSPER1,0.17150215730071067,43.69161387308064,0.0
RPL35A,0.17148822247982026,43.68624503382369,0.0
HKR1,0.17143128290772439,43.680876194566736,0.0
USP20,0.1713929571211338,43.67550735530978,0.0
CNR2,0.17138275057077407,43.67013851605283,0.0
C1orf127,0.1713456928730011,43.66476967679588,0.0
GCLM,0.17132230177521707,43.659400837538925,0.0
PPFIA2,0.17130470648407936,43.65403199828197,0.0
KLHL25,0.17129828855395318,43.64866315902502,0.0
TVP23B,0.17129290848970413,43.64329431976807,0.0
KDM4A,0.17127575278282164,43.637925480511115,0.0
MMP11,0.17125718295574188,43.63255664125416,0.0
TSPAN32,0.17119857668876648,43.62718780199721,0.0
EIF3G,0.17116210609674454,43.62181896274026,0.0
EIF2A,0.17115127742290498,43.616450123483304,0.0
FAM189A2,0.17111015543341637,43.61108128422635,0.0
NUDT3,0.17104868814349175,43.6057124449694,0.0
RASL11B,0.1710372507572174,43.600343605712446,0.0
CEP19,0.17096578553318978,43.59497476645549,0.0
ECHDC1,0.17093897461891175,43.58960592719854,0.0
IL27,0.17093298137187957,43.58423708794159,0.0
STRA13,0.17092230767011643,43.578868248684635,0.0
OR4K1,0.17091552689671516,43.57349940942768,0.0
RNF165,0.17085996717214585,43.56813057017072,0.0
OR3A3,0.17083921134471894,43.56276173091377,0.0
NRSN2,0.17083154395222663,43.557392891656825,0.0
CPM,0.17082542032003403,43.55202405239987,0.0
RNF168,0.17078967243433,43.54665521314292,0.0
TMEM45A,0.17074646055698395,43.54128637388597,0.0
EIF1B,0.1707363933324814,43.535917534629014,0.0
GDF7,0.170732931047678,43.53054869537206,0.0
BCL2L13,0.17071006521582605,43.52517985611511,0.0
DPEP3,0.17068687900900842,43.51981101685816,0.0
FAP,0.1706603981554508,43.514442177601204,0.0
S100A13,0.1706602916121483,43.50907333834425,0.0
NKX1-1,0.17061271518468857,43.5037044990873,0.0
EMP3,0.1705951750278473,43.498335659830346,0.0
HERPUD1,0.1705580994486809,43.49296682057339,0.0
RAP2A,0.17052699327468873,43.48759798131644,0.0
GC,0.17051977813243865,43.48222914205949,0.0
SURF4,0.1704670839011669,43.476860302802535,0.0
FBXO32,0.17043239995837212,43.47149146354558,0.0
MRPL1,0.17042774558067322,43.46612262428863,0.0
NUDT16L1,0.17037881314754486,43.46075378503168,0.0
SGK1,0.17036810144782066,43.455384945774725,0.0
OR5L1,0.17034950256347656,43.45001610651777,0.0
TM2D1,0.17029546871781348,43.44464726726082,0.0
FAM208A,0.1702691450715065,43.43927842800387,0.0
PLIN4,0.17025972455739974,43.433909588746914,0.0
BHLHE40,0.17025583535432814,43.428540749489954,0.0
MYBPC1,0.17023175582289696,43.423171910233,0.0
SRRM1,0.1702016718685627,43.417803070976056,0.0
CDC42BPA,0.17019357532262802,43.412434231719104,0.0
MAGEB18,0.17012234553694724,43.40706539246215,0.0
TDRD3,0.17011976838111878,43.4016965532052,0.0
SHISA5,0.17011339515447615,43.396327713948246,0.0
OSBPL9,0.17003345638513565,43.39095887469129,0.0
UQCR11,0.1700001448392868,43.38559003543434,0.0
OR13C2,0.1699852541089058,43.38022119617739,0.0
MLF1,0.16998382955789565,43.374852356920435,0.0
OR2A14,0.16998215541243553,43.36948351766348,0.0
LNX2,0.1699721857905388,43.36411467840653,0.0
LDOC1,0.16993051022291183,43.35874583914958,0.0
NAA10,0.16991023495520427,43.353376999892625,1.0
MRPL37,0.16987517699599267,43.34800816063567,0.0
OR11A1,0.16987373307347298,43.34263932137872,0.0
DESI1,0.1698155291378498,43.33727048212177,0.0
NEK10,0.16981496289372444,43.331901642864814,0.0
NT5E,0.16977448239922524,43.32653280360786,0.0
CD81,0.1697504960000515,43.32116396435091,0.0
MYL4,0.16970236375927925,43.315795125093956,0.0
LGALS2,0.16967629939317702,43.310426285837,0.0
OR2T4,0.16966977268457412,43.30505744658005,0.0
KDELR3,0.16966282799839974,43.29968860732309,0.0
OR13J1,0.16964961886405944,43.29431976806614,0.0
MAOA,0.16960387006402017,43.288950928809186,0.0
TBCB,0.1695793390274048,43.28358208955223,0.0
FRMPD1,0.16956003978848458,43.27821325029529,0.0
C5orf22,0.16952896863222122,43.272844411038335,0.0
LAGE3,0.16941697150468826,43.26747557178138,0.0
RRP7A,0.16940132156014442,43.26210673252443,0.0
ZNF529,0.1692290909588337,43.25673789326748,0.0
TFAP2D,0.16922538876533508,43.251369054010524,0.0
ENHO,0.1692012220621109,43.24600021475357,0.0
FBRS,0.16915985569357872,43.24063137549662,0.0
PACS2,0.16915801018476487,43.23526253623967,0.0
FMO2,0.16915393993258476,43.229893696982714,0.0
ZNF136,0.16911780908703805,43.22452485772576,0.0
FAM160B1,0.1690930999815464,43.21915601846881,0.0
CLDN19,0.16908007576616843,43.213787179211856,1.0
FAM168B,0.16906531304121017,43.2084183399549,0.0
ACOT11,0.16906454116106034,43.20304950069795,0.0
ANKRD10,0.16904463171958922,43.197680661441,0.0
RGS6,0.16903558745980263,43.192311822184045,0.0
CD40LG,0.16902059838175773,43.18694298292709,0.0
TTLL6,0.16900360137224196,43.18157414367014,0.0
SLC41A1,0.1690024621784687,43.17620530441319,0.0
SAAL1,0.16899492740631103,43.170836465156235,0.0
GLTP,0.1689883828163147,43.16546762589928,0.0
BIVM-ERCC5,0.16895816698670388,43.16009878664232,0.0
ADPGK,0.16895123645663263,43.15472994738537,0.0
SEPT8,0.16894085705280304,43.14936110812842,0.0
PSMD6,0.16892705857753754,43.14399226887147,0.0
LMAN2L,0.1689182087779045,43.13862342961452,0.0
PRKRIP1,0.1689056195318699,43.133254590357566,0.0
QRICH1,0.16889038309454918,43.127885751100614,0.0
ZNF511,0.1688898928463459,43.12251691184366,0.0
NUDT15,0.1688810892403126,43.11714807258671,0.0
MUCL1,0.16877407655119897,43.111779233329756,0.0
OSBPL5,0.16876948475837708,43.1064103940728,0.0
SIGIRR,0.16874909847974778,43.10104155481585,0.0
RPS11,0.16873725801706313,43.0956727155589,0.0
FBXO3,0.16869418323040009,43.090303876301945,0.0
C6orf48,0.16866652742028237,43.08493503704499,0.0
DAB2IP,0.1686660021543503,43.07956619778804,0.0
TMEM179B,0.16866324618458747,43.07419735853109,0.0
ZNF700,0.16864691600203513,43.068828519274135,0.0
TMEM134,0.16864316090941428,43.06345968001718,0.0
CATSPER2,0.16863473728299141,43.05809084076023,0.0
ANLN,0.16861459836363793,43.05272200150328,0.0
LMAN1L,0.16857682541012764,43.047353162246324,0.0
DBNDD2,0.16850381195545197,43.04198432298937,0.0
SOX14,0.1684521332383156,43.03661548373242,0.0
EVPL,0.16843861863017082,43.03124664447546,0.0
ERH,0.16834286749362945,43.02587780521851,0.0
TRHDE,0.1683196797966957,43.020508965961554,0.0
POMP,0.16831795275211334,43.0151401267046,0.0
STRIP2,0.16831774711608888,43.00977128744765,0.0
BARX1,0.16826812848448752,43.0044024481907,0.0
ARL5A,0.16824196204543113,42.99903360893375,0.0
MBTD1,0.16823666989803315,42.9936647696768,0.0
TMEM260,0.16821035221219063,42.988295930419845,0.0
SYNPO,0.16815921887755395,42.98292709116289,0.0
CPNE8,0.16808966994285585,42.97755825190594,0.0
OR51A4,0.16806540936231612,42.97218941264899,0.0
KRR1,0.1680523231625557,42.966820573392035,0.0
CDC5L,0.16805146336555482,42.96145173413508,0.0
OR5D14,0.16805130615830421,42.95608289487813,0.0
ADD3,0.16804653480648996,42.95071405562118,0.0
ZNF211,0.16800894662737847,42.945345216364224,0.0
CCNYL1,0.16797572150826454,42.93997637710727,0.0
HEATR6,0.16796375066041946,42.93460753785032,0.0
SNTB2,0.1679427742958069,42.929238698593366,0.0
PATL1,0.16793035864830017,42.92386985933641,0.0
ZNF12,0.16791544631123542,42.91850102007946,0.0
LRRC45,0.16788256242871286,42.91313218082251,0.0
SUGP2,0.16787149310111998,42.907763341565555,0.0
PLXNC1,0.16784968003630638,42.9023945023086,0.0
KLHL42,0.1678144983947277,42.89702566305165,0.0
DENR,0.16780053079128265,42.89165682379469,0.0
DALRD3,0.16778546422719956,42.88628798453774,0.0
REXO4,0.16777437627315522,42.880919145280785,0.0
ZNF593,0.1677350305020809,42.87555030602383,0.0
MTPAP,0.1677021123468876,42.87018146676688,0.0
MORC4,0.16763892844319345,42.864812627509934,0.0
ISCA2,0.16756544262170792,42.85944378825298,0.0
HIST1H2AJ,0.16753735169768333,42.85407494899603,0.0
FAM127C,0.16752975955605506,42.84870610973908,0.0
PCF11,0.16751209869980813,42.843337270482124,0.0
TAS2R20,0.16749888211488723,42.83796843122517,0.0
TMEM168,0.16747709438204766,42.83259959196822,0.0
MYBPC2,0.16745889633893968,42.827230752711266,0.0
MYOZ1,0.16744554787874222,42.82186191345431,0.0
ZNF569,0.16743161752820016,42.81649307419736,0.0
RPL3L,0.1674315258860588,42.81112423494041,0.0
CACNA1G,0.16741663739085197,42.805755395683455,0.0
GTF2A2,0.16738223657011986,42.8003865564265,0.0
PAQR3,0.16731378361582755,42.79501771716955,0.0
ZC3H7A,0.16731155812740325,42.7896488779126,0.0
IGDCC4,0.16729412004351615,42.784280038655645,0.0
TAS2R38,0.16727998107671738,42.77891119939869,0.0
GPBP1L1,0.1672756090760231,42.77354236014174,0.0
HIVEP2,0.16726326197385788,42.76817352088479,0.0
OR1L8,0.16722443029284478,42.76280468162783,0.0
RPL26,0.16721565946936606,42.757435842370874,0.0
APH1B,0.16721116304397582,42.75206700311392,0.0
HOXB6,0.16718874350190163,42.74669816385697,0.0
STOML1,0.16718041598796846,42.74132932460002,0.0
EFNA3,0.1671735391020775,42.735960485343064,0.0
TMEM150A,0.16715621948242188,42.73059164608611,0.0
MRPL21,0.16713637486100197,42.725222806829166,0.0
PSMB7,0.16713314205408097,42.71985396757221,0.0
PDE7A,0.1670873872935772,42.71448512831526,0.0
FGD4,0.1670854687690735,42.70911628905831,0.0
SAMD4B,0.167067514359951,42.703747449801355,0.0
CRHBP,0.16702190637588502,42.6983786105444,0.0
RBM17,0.16699887663125992,42.69300977128745,0.0
PSMD1,0.1669801227748394,42.6876409320305,0.0
MAPRE3,0.16693078503012657,42.682272092773545,0.0
C19orf60,0.1669083297252655,42.67690325351659,0.0
ZDHHC20,0.16689423844218254,42.67153441425964,0.0
PARN,0.1668908827006817,42.66616557500269,0.0
SF3A3,0.1668746739625931,42.660796735745734,0.0
LIPF,0.16686745956540108,42.65542789648878,0.0
MXRA8,0.16686163768172263,42.65005905723183,0.0
VWA1,0.16685864180326462,42.644690217974876,0.0
KLHL7,0.16685407972545363,42.63932137871792,1.0
NECAP1,0.16684726476669312,42.63395253946097,0.0
KLHDC1,0.16678111776709556,42.62858370020402,0.0
MFAP1,0.16676705405116082,42.62321486094706,0.0
NONO,0.16676667854189872,42.617846021690106,0.0
SH3BGR,0.1667606294155121,42.61247718243315,0.0
KCNAB2,0.16673177480697632,42.6071083431762,0.0
KIAA0408,0.16672372743487357,42.60173950391925,0.0
KIAA1244,0.16668671146035194,42.596370664662295,0.0
SNX8,0.16663668006658555,42.59100182540534,0.0
TMEM184C,0.16662814617156982,42.5856329861484,0.0
OXLD1,0.1666174367070198,42.580264146891444,0.0
LRP11,0.16661252379417418,42.57489530763449,0.0
PLB1,0.1665838085114956,42.56952646837754,0.0
CCDC106,0.1665511816740036,42.56415762912059,0.0
MFSD3,0.16654183641076087,42.558788789863634,0.0
RSPH3,0.16651881188154222,42.55341995060668,0.0
CPLX2,0.16650956720113755,42.54805111134973,0.0
UBA7,0.16646414399147033,42.542682272092776,0.0
CAPN10,0.1664412349462509,42.53731343283582,0.0
IFRD2,0.1664237380027771,42.53194459357887,0.0
NMRK2,0.16641992181539536,42.52657575432192,0.0
PPIL4,0.16639758944511412,42.521206915064965,0.0
PRR14,0.16637312695384027,42.51583807580801,0.0
SSU72,0.16635830774903299,42.51046923655106,0.0
RPUSD3,0.166318279504776,42.50510039729411,0.0
OR2M2,0.16631334871053696,42.499731558037155,0.0
TM2D2,0.16630496978759765,42.494362718780195,0.0
E2F6,0.1662996828556061,42.48899387952324,0.0
ENSA,0.16623593866825104,42.48362504026629,0.0
LAP3,0.16619838625192643,42.47825620100934,0.0
TJAP1,0.1661926656961441,42.472887361752385,0.0
EPPK1,0.1661803402006626,42.46751852249543,0.0
EIF4A1,0.16616078466176987,42.46214968323848,0.0
ITM2A,0.16615743562579155,42.45678084398153,0.0
LUC7L2,0.16615685671567917,42.45141200472458,0.0
EME1,0.16613679900765418,42.44604316546763,0.0
LPAR6,0.16606801524758338,42.440674326210676,0.0
PDZD11,0.1660652980208397,42.43530548695372,0.0
PRDM15,0.16605910956859588,42.42993664769677,0.0
TLE1,0.16605088487267494,42.42456780843982,0.0
PGLS,0.166045393794775,42.419198969182865,0.0
TPRA1,0.16602171659469606,42.41383012992591,0.0
HIST1H2AB,0.16600869297981263,42.40846129066896,0.0
ELP6,0.1659786693751812,42.40309245141201,0.0
CERS5,0.1659533716738224,42.397723612155055,0.0
FXYD1,0.1659250520169735,42.3923547728981,0.0
BCL6B,0.16592468321323395,42.38698593364115,0.0
NUDT9,0.165915397554636,42.3816170943842,0.0
SNX12,0.16589694917201997,42.376248255127244,0.0
NPPB,0.16589178740978242,42.37087941587029,0.0
OR1Q1,0.1658908985555172,42.36551057661334,0.0
NXPE3,0.16585358008742332,42.360141737356386,0.0
ZNF585A,0.16580096185207366,42.35477289809943,0.0
TSPO,0.16576513648033142,42.349404058842474,0.0
MPDU1,0.1657415360212326,42.34403521958552,0.0
PPM1L,0.1657248169183731,42.33866638032857,0.0
NOD1,0.16571267396211625,42.333297541071616,0.0
ZZEF1,0.16571253836154937,42.32792870181466,0.0
NAA20,0.16569480821490287,42.32255986255771,0.0
NUDT12,0.16567359417676925,42.31719102330076,0.0
CPE,0.16565296053886414,42.31182218404381,0.0
BRI3BP,0.16562875360250473,42.30645334478686,0.0
AAMDC,0.16562124267220496,42.30108450552991,0.0
STMN4,0.1655893877148628,42.295715666272955,0.0
PRR3,0.16556001007556914,42.290346827016,0.0
CPXM2,0.16555277407169341,42.28497798775905,0.0
RNF207,0.1655198261141777,42.2796091485021,0.0
SS18L2,0.16549476832151414,42.274240309245144,0.0
QRSL1,0.16546987146139144,42.26887146998819,0.0
AGMAT,0.16546443328261376,42.26350263073124,0.0
RAB5A,0.1654295079410076,42.258133791474286,0.0
SEMA3G,0.16541197001934052,42.25276495221733,0.0
PANK4,0.1653338521718979,42.24739611296038,0.0
TMEM18,0.16531776413321495,42.24202727370343,0.0
PCDHB14,0.16526593267917633,42.236658434446475,0.0
HIST1H2AG,0.16523390263319016,42.23128959518952,0.0
H1FX,0.1652202419936657,42.22592075593256,0.0
AMDHD2,0.16521677374839783,42.22055191667561,0.0
KLK9,0.1652166463434696,42.21518307741866,0.0
MAPK10,0.16520004943013192,42.209814238161705,0.0
SPACA4,0.16519248783588408,42.20444539890475,0.0
DEPDC1B,0.16517720147967338,42.1990765596478,0.0
ZNF227,0.16513199210166932,42.19370772039085,0.0
RFX2,0.1651284545660019,42.188338881133895,0.0
TBC1D10B,0.1650823563337326,42.18297004187694,0.0
BZW2,0.16508210971951484,42.17760120261999,0.0
TAS2R42,0.1650807425379753,42.172232363363044,0.0
TOM1L1,0.16507447212934495,42.16686352410609,0.0
ZSWIM4,0.1650623671710491,42.16149468484914,0.0
ADPRHL1,0.16505593657493592,42.156125845592186,0.0
GYPC,0.16502876952290535,42.15075700633523,0.0
IGBP1,0.16501784324645996,42.14538816707828,0.0
ARFIP2,0.16498291566967965,42.14001932782133,0.0
OR51E1,0.16496315002441406,42.134650488564375,0.0
RPL14,0.16493814885616304,42.12928164930742,0.0
TBCA,0.16489866375923157,42.12391281005047,0.0
SH3BP5L,0.16486684903502463,42.11854397079352,0.0
RNF25,0.16484977304935455,42.113175131536565,0.0
DXO,0.16480512470006942,42.10780629227961,0.0
LYRM5,0.16479259058833123,42.10243745302266,0.0
SOCS6,0.1647747278213501,42.09706861376571,0.0
TSPYL2,0.16475958228111268,42.091699774508754,0.0
ENPP6,0.1647406652569771,42.086330935251794,0.0
AWAT2,0.16465060263872147,42.08096209599484,0.0
JOSD1,0.16463895589113237,42.07559325673789,0.0
ALPK1,0.16462669670581817,42.07022441748094,0.0
TRIM35,0.16460008099675177,42.064855578223984,0.0
CUEDC1,0.164581398665905,42.05948673896703,0.0
FAM96A,0.16456240117549897,42.05411789971008,0.0
COMMD6,0.1645394057035446,42.048749060453126,0.0
RRP9,0.16450076028704644,42.04338022119617,0.0
ZHX1,0.16449479162693023,42.03801138193922,0.0
VPS37A,0.164426089823246,42.032642542682275,0.0
OR51A2,0.16440978422760963,42.02727370342532,0.0
TAS2R10,0.16439393386244774,42.02190486416837,0.0
RNF181,0.16439235359430313,42.01653602491142,0.0
MINPP1,0.16433167830109596,42.011167185654465,0.0
MUSTN1,0.16430288255214692,42.00579834639751,0.0
TSN,0.16428097784519197,42.00042950714056,0.0
RAB6B,0.1642746075987816,41.99506066788361,0.0
OXSM,0.16427193954586983,41.989691828626654,0.0
ABHD4,0.16426072716712953,41.9843229893697,0.0
STARD10,0.16425933688879013,41.97895415011275,0.0
HLF,0.16417254507541656,41.973585310855796,0.0
PREX1,0.16417237967252732,41.96821647159884,0.0
ASTN1,0.16416990458965303,41.96284763234189,0.0
KLHL3,0.16416033655405043,41.95747879308493,0.0
FAM122B,0.1641552269458771,41.95210995382798,0.0
FAM53C,0.16413611695170402,41.946741114571026,0.0
OR14A16,0.16409945264458656,41.94137227531407,0.0
PMPCA,0.164084351810582,41.93600343605712,1.0
ATP6V1A,0.16406650023816302,41.93063459680017,1.0
UBN2,0.16400346755981446,41.925265757543215,0.0
MRPS35,0.163905531167984,41.91989691828626,0.0
C8orf82,0.16386440470814706,41.91452807902931,0.0
ZNF75A,0.16384683251380922,41.90915923977236,0.0
CRTAC1,0.16383391693234445,41.903790400515405,0.0
UBE2K,0.1638242334127426,41.89842156125845,0.0
NKG7,0.16381627023220063,41.89305272200151,0.0
AHDC1,0.1638047769665718,41.887683882744554,0.0
SFT2D2,0.16380415707826615,41.8823150434876,0.0
EPHX1,0.16378303319215776,41.87694620423065,0.0
DLGAP2,0.163767309486866,41.871577364973696,0.0
ZNF577,0.16374440416693686,41.86620852571674,0.0
TIFA,0.16373856216669083,41.86083968645979,0.0
SETD4,0.16373735368251802,41.85547084720284,0.0
SAMD1,0.1637231081724167,41.850102007945885,0.0
ETNPPL,0.16371388360857964,41.84473316868893,0.0
NRBF2,0.1636860504746437,41.83936432943198,0.0
AP2A1,0.16366078779101373,41.83399549017503,0.0
CWC25,0.16360950395464896,41.828626650918075,0.0
FN3KRP,0.163592129945755,41.82325781166112,0.0
TMEM167A,0.16359144523739816,41.81788897240416,0.0
PIM1,0.1635800153017044,41.81252013314721,0.0
OR6C70,0.16354312896728515,41.80715129389026,0.0
CENPP,0.16350116580724716,41.801782454633305,0.0
TRAPPC1,0.1633957952260971,41.79641361537635,0.0
WHAMM,0.1633356235921383,41.7910447761194,0.0
TBC1D21,0.1633272148668766,41.78567593686245,0.0
FN3K,0.16313207074999808,41.780307097605494,0.0
CSTF2,0.16308828368782996,41.77493825834854,0.0
RCAN1,0.16306296363472939,41.76956941909159,0.0
OR13C9,0.1629995621740818,41.764200579834636,0.0
SP140,0.16298393458127974,41.75883174057769,0.0
ANKRD28,0.16297746300697327,41.75346290132074,0.0
USP32,0.1629762254655361,41.748094062063785,0.0
SIGLEC10,0.16295406371355056,41.74272522280683,0.0
EXOSC5,0.1629502110183239,41.73735638354988,0.0
KLHL31,0.16290110424160958,41.73198754429293,0.0
OR52N1,0.16288774609565734,41.726618705035975,0.0
SLC25A34,0.16287677213549615,41.72124986577902,0.0
B3GNT9,0.16284339874982834,41.71588102652207,0.0
HDGFL1,0.162794179469347,41.71051218726512,0.0
MXRA7,0.16278782486915588,41.705143348008164,0.0
LBX1,0.16267273128032683,41.69977450875121,0.0
ITLN1,0.16267093047499656,41.69440566949426,0.0
MRPL34,0.1626499615609646,41.6890368302373,0.0
BOLA1,0.1625773698091507,41.68366799098035,0.0
EMILIN2,0.16254975274205208,41.678299151723394,0.0
CACNA2D3,0.16254907995462417,41.67293031246644,0.0
TMEM50B,0.1625358611345291,41.66756147320949,0.0
CCDC71L,0.16253034472465516,41.662192633952536,0.0
DENND5B,0.1625296376645565,41.65682379469558,0.0
THOC7,0.16252374202013015,41.65145495543863,0.0
DPYD,0.16249077171087264,41.64608611618168,0.0
SLC25A22,0.16234664991497993,41.640717276924725,0.0
ASPSCR1,0.16234641373157502,41.63534843766777,0.0
CRMP1,0.16234614625573157,41.62997959841082,0.0
SLC13A4,0.16229512095451354,41.62461075915387,0.0
RPAIN,0.1622061848640442,41.61924191989692,0.0
FIBP,0.1622001752257347,41.61387308063997,0.0
HSPA2,0.16214472874999047,41.60850424138302,0.0
OR4A47,0.1621409110724926,41.603135402126064,0.0
TRMT61B,0.16212640851736068,41.59776656286911,0.0
RUFY2,0.16209233701229095,41.59239772361216,0.0
SIGLEC1,0.1620852068066597,41.587028884355206,0.0
HTATSF1,0.16208430528640747,41.58166004509825,0.0
FAM65A,0.1620722845196724,41.5762912058413,0.0
IQCK,0.16207011565566062,41.57092236658435,0.0
FAM127B,0.16206575259566308,41.565553527327395,0.0
CNNM2,0.16201473027467728,41.56018468807044,0.0
CCR1,0.16196303367614745,41.55481584881349,0.0
UBE2V2,0.16194451302289964,41.54944700955653,0.0
KPNA4,0.16193986609578132,41.54407817029958,0.0
ACAD11,0.16191022098064423,41.538709331042625,0.0
KIAA1429,0.16190667003393172,41.53334049178567,0.0
SREK1IP1,0.16189135015010833,41.52797165252872,0.0
TENC1,0.16186978816986083,41.52260281327177,0.0
SYNGR2,0.1618581533432007,41.517233974014815,0.0
TRAPPC4,0.1618514433503151,41.51186513475786,0.0
TCEB2,0.16181055903434755,41.50649629550091,0.0
PSMG2,0.16178875043988228,41.50112745624396,0.0
C1R,0.16177529990673065,41.495758616987004,0.0
AVEN,0.16172644570469857,41.49038977773005,0.0
SURF6,0.1616807021200657,41.4850209384731,0.0
PUS1,0.1616741254925728,41.47965209921615,0.0
ZBTB8A,0.16167343705892562,41.4742832599592,0.0
FLG2,0.16164055839180946,41.46891442070225,0.0
BTN3A1,0.16160898581147193,41.463545581445295,0.0
AIF1L,0.16158949062228203,41.45817674218834,0.0
ENGASE,0.16154623478651048,41.45280790293139,0.0
R3HDM2,0.16150827929377556,41.44743906367444,0.0
FGD2,0.16147654205560685,41.442070224417485,0.0
FEM1A,0.16147416830062866,41.43670138516053,0.0
GTPBP1,0.16146933808922767,41.43133254590358,0.0
MON1B,0.16145954579114913,41.42596370664663,0.0
CMBL,0.16142617389559746,41.42059486738967,0.0
C1orf123,0.16140958219766616,41.415226028132714,0.0
RNF180,0.16140176728367805,41.40985718887576,0.0
SLC35F5,0.1613419309258461,41.40448834961881,0.0
PLBD2,0.16131950169801712,41.39911951036186,0.0
LSMEM2,0.16131673902273178,41.393750671104904,0.0
AC004381.6,0.1613005630671978,41.38838183184795,0.0
ATP10A,0.16122261434793472,41.383012992591,0.0
CCZ1,0.16119872257113457,41.377644153334046,0.0
FUNDC2,0.16118498891592026,41.37227531407709,0.0
OR2L2,0.1611829914152622,41.36690647482014,0.0
NHLH1,0.16116421222686766,41.36153763556319,0.0
TRPV6,0.16114229187369347,41.356168796306235,0.0
ZNF507,0.1611284300684929,41.35079995704928,0.0
PPFIA3,0.16111310049891472,41.34543111779233,0.0
MGEA5,0.16108481511473655,41.340062278535385,0.0
CTDSP1,0.16103027909994125,41.33469343927843,0.0
ABCG4,0.1610277459025383,41.32932460002148,0.0
ZNF10,0.161018006503582,41.32395576076453,0.0
NUDT1,0.16101735085248947,41.318586921507574,0.0
PLEKHH1,0.16100724563002586,41.31321808225062,0.0
BAG2,0.16098144948482512,41.30784924299367,0.0
ACOT7,0.1609572798013687,41.302480403736716,0.0
NTPCR,0.16086919382214546,41.29711156447976,0.0
OR4D1,0.16086593568325042,41.29174272522281,0.0
ITFG2,0.1608286239206791,41.28637388596586,0.0
C20orf144,0.16081392467021943,41.2810050467089,0.0
OR5B21,0.1607959397137165,41.275636207451946,0.0
OR2L13,0.1607852503657341,41.27026736819499,0.0
TRAPPC3,0.16077176108956337,41.26489852893804,0.0
ODF3,0.16077004820108415,41.25952968968109,0.0
RPL36,0.16076163724064826,41.254160850424135,0.0
OR2T34,0.16073566377162934,41.24879201116718,0.0
LDHAL6B,0.16071551516652108,41.24342317191023,0.0
FCGR2A,0.16067254170775414,41.23805433265328,0.0
INIP,0.16065694764256477,41.232685493396325,0.0
HES4,0.16064841374754907,41.22731665413937,0.0
STX11,0.16064030081033706,41.22194781488242,0.0
FAM212B,0.16059683114290238,41.21657897562547,0.0
MYBL1,0.16058221608400344,41.211210136368514,0.0
C2CD2,0.1605426199734211,41.20584129711156,0.0
DNAJC15,0.16051470786333083,41.200472457854616,0.0
STATH,0.1604929208755493,41.19510361859766,0.0
TCTEX1D4,0.16047563403844833,41.18973477934071,0.0
IFIT5,0.16046322509646416,41.18436594008376,0.0
ZNF236,0.1604607492685318,41.178997100826805,0.0
EVI2A,0.16044583469629287,41.17362826156985,0.0
PM20D2,0.16040510311722755,41.1682594223129,0.0
DEDD2,0.16035341918468476,41.16289058305595,0.0
PIAS2,0.16033357679843901,41.157521743798995,0.0
ZNF268,0.16033160537481309,41.152152904542035,0.0
BANP,0.16033028215169906,41.14678406528508,0.0
DIS3L,0.16033017188310622,41.14141522602813,0.0
OR56B1,0.16028641015291215,41.13604638677118,0.0
PSMB1,0.16028512567281722,41.130677547514225,0.0
LRCH1,0.16028034538030625,41.12530870825727,0.0
OR52K1,0.1601960502564907,41.11993986900032,0.0
THEM4,0.16018705815076828,41.11457102974337,0.0
CLINT1,0.16016888841986657,41.109202190486414,0.0
OR4M1,0.16015795916318892,41.10383335122946,0.0
PHAX,0.1601454347372055,41.09846451197251,0.0
ARHGAP10,0.16012847870588304,41.093095672715556,0.0
LIMD1,0.16012649089097977,41.0877268334586,0.0
TROVE2,0.16007117554545403,41.08235799420165,0.0
XRN2,0.1600662425160408,41.0769891549447,0.0
STK33,0.16005662456154823,41.071620315687746,0.0
ORAOV1,0.1600550465285778,41.0662514764308,0.0
FAM129A,0.16005364134907724,41.06088263717385,0.0
DIABLO,0.16005297154188156,41.055513797916895,0.0
FAM58A,0.16005157306790352,41.05014495865994,0.0
TRIM26,0.16002598106861116,41.04477611940299,0.0
AKR1B15,0.16002099066972733,41.03940728014604,0.0
MAP4K5,0.16000872254371643,41.034038440889084,0.0
GCNT1,0.15999542772769929,41.02866960163213,0.0
PARVB,0.159971734136343,41.02330076237518,0.0
RAP2C,0.15995969846844674,41.017931923118226,0.0
NEURL2,0.15991674065589906,41.01256308386127,0.0
TRAPPC6B,0.15991547852754592,41.007194244604314,0.0
GOSR1,0.15984078496694565,41.00182540534736,0.0
MSI1,0.15983318537473679,40.99645656609041,0.0
TMEM19,0.15980266779661179,40.991087726833456,0.0
MEA1,0.15979695096611976,40.9857188875765,0.0
OR6C65,0.1596946433186531,40.98035004831955,0.0
MAP2K6,0.1596945084631443,40.9749812090626,0.0
SETD3,0.1596922270953655,40.969612369805645,0.0
CAMSAP2,0.15967915654182435,40.96424353054869,0.0
HSD17B14,0.15961436405777932,40.95887469129174,0.0
WDHD1,0.15961068943142892,40.95350585203479,0.0
USP40,0.15960282385349273,40.948137012777835,0.0
AURKAIP1,0.15958955511450768,40.94276817352088,0.0
OR4D6,0.1595872759819031,40.93739933426393,0.0
RRP36,0.15956384763121606,40.93203049500698,0.0
FAM73A,0.15955867618322372,40.92666165575003,0.0
KLHL38,0.15952378287911415,40.92129281649308,0.0
UAP1,0.15950113534927368,40.915923977236126,0.0
CCDC28A,0.15949591919779776,40.91055513797917,0.0
MFSD7,0.15948773995041848,40.90518629872222,0.0
LMO1,0.15947266072034835,40.89981745946527,0.0
DDX49,0.15945173650979996,40.894448620208316,0.0
ELF4,0.15944670513272285,40.88907978095136,0.0
LRRN3,0.15942074805498124,40.8837109416944,0.0
GALNT3,0.15941066592931746,40.87834210243745,0.0
LIPN,0.1593231275677681,40.8729732631805,0.0
SP8,0.15932263880968095,40.867604423923545,0.0
VSTM2L,0.15929036289453508,40.86223558466659,0.0
MUC13,0.15928107798099517,40.85686674540964,0.0
SEPT3,0.15924930274486543,40.85149790615269,0.0
SEC14L1,0.15921271368861198,40.846129066895735,0.0
PLXDC2,0.1592077098786831,40.84076022763878,0.0
OR5AS1,0.15920330807566643,40.83539138838183,0.0
EXOSC6,0.15918813794851303,40.83002254912488,0.0
OR8G1,0.15915411040186883,40.824653709867924,0.0
PSMB5,0.15915030464529992,40.81928487061097,0.0
TPPP3,0.15907528325915338,40.81391603135402,0.0
TMEM164,0.15906779691576958,40.808547192097066,0.0
CST1,0.15904056802392005,40.80317835284011,0.0
NELFCD,0.15900372862815856,40.79780951358316,0.0
HIST1H2BC,0.15899472013115884,40.79244067432621,0.0
MCF2,0.1589946009218693,40.78707183506926,0.0
RPL39,0.1589437671005726,40.78170299581231,0.0
FOXRED2,0.15893185511231422,40.77633415655536,0.0
ZNF18,0.1589310422539711,40.770965317298405,0.0
MRPL38,0.15893061608076095,40.76559647804145,0.0
OR11L1,0.1589009016752243,40.7602276387845,0.0
SENP7,0.15886468142271043,40.75485879952755,0.0
CAPZA1,0.15881445109844208,40.749489960270594,0.0
DTX1,0.15879005417227746,40.744121121013634,0.0
GPSM3,0.1587737277150154,40.73875228175668,0.0
ZNF419,0.1587701752781868,40.73338344249973,0.0
TSPAN3,0.15876104310154915,40.72801460324278,0.0
IER3IP1,0.1587477758526802,40.722645763985824,0.0
ARHGEF9,0.1587378591299057,40.71727692472887,0.0
PLIN5,0.15873327925801278,40.71190808547192,0.0
RBM10,0.15872169509530068,40.706539246214966,0.0
OR52E6,0.15869322121143342,40.70117040695801,0.0
MYADM,0.15868920981884002,40.69580156770106,0.0
PRIMPOL,0.15865985304117203,40.69043272844411,0.0
NIT2,0.15864911675453186,40.685063889187155,0.0
CKLF,0.15862141773104668,40.6796950499302,0.0
SLC23A3,0.15859160646796228,40.67432621067325,0.0
PFKFB1,0.15857505723834037,40.6689573714163,0.0
NR2C2AP,0.15852769538760186,40.663588532159345,0.0
HIST1H2BL,0.15847370475530625,40.65821969290239,0.0
SSC5D,0.1584586903452873,40.65285085364544,0.0
NSMF,0.1584461010992527,40.647482014388494,0.0
RPS23,0.15838999003171922,40.64211317513154,0.0
PLAC9,0.1583767741918564,40.63674433587459,0.0
APOO,0.15834410041570662,40.631375496617636,0.0
ZNF446,0.15829479768872262,40.62600665736068,0.0
SHD,0.15829084813594818,40.62063781810373,0.0
B3GALT4,0.15826872289180755,40.61526897884677,0.0
RUSC2,0.15819065421819686,40.60990013958982,0.0
SUV39H2,0.1581639088690281,40.604531300332866,0.0
ZNF585B,0.15812353193759918,40.59916246107591,0.0
ZMYM3,0.15808669179677964,40.59379362181896,0.0
C8orf4,0.15803646743297578,40.58842478256201,0.0
FSIP2,0.15803016051650048,40.583055943305055,0.0
HLA-DQB2,0.15800315737724305,40.5776871040481,0.0
FITM1,0.15798713117837906,40.57231826479115,0.0
APEX2,0.1579817295074463,40.5669494255342,0.0
ZNF526,0.15797577947378158,40.561580586277245,0.0
CERS4,0.15795807987451554,40.55621174702029,0.0
MRTO4,0.15795627236366272,40.55084290776334,0.0
TSPAN4,0.15793686732649803,40.54547406850639,0.0
MTFP1,0.1579132556915283,40.540105229249434,0.0
ZNF671,0.15790091902017594,40.53473638999248,0.0
TRMT1L,0.15789712145924567,40.52936755073553,0.0
TMEFF1,0.15788075923919678,40.523998711478576,0.0
GNPDA2,0.15784115046262742,40.518629872221624,0.0
VILL,0.1577947109937668,40.51326103296467,0.0
BLZF1,0.15772985965013503,40.507892193707725,0.0
FAM109A,0.15771871954202651,40.50252335445077,0.0
ZNF263,0.15769705772399903,40.49715451519382,0.0
DUT,0.1576655775308609,40.49178567593687,0.0
PSPC1,0.15761971101164818,40.486416836679915,0.0
LYVE1,0.1575994722545147,40.48104799742296,0.0
SBK1,0.15758982822299003,40.475679158166,0.0
LPXN,0.15758928656578064,40.47031031890905,0.0
FXYD5,0.15753137245774268,40.4649414796521,0.0
KBTBD7,0.157527806609869,40.459572640395145,0.0
DYNC1LI2,0.15752242952585221,40.45420380113819,0.0
ABLIM2,0.15751821398735047,40.44883496188124,0.0
IGSF10,0.15746837258338928,40.44346612262429,0.0
IGFBP6,0.1574524499475956,40.438097283367334,0.0
PHTF1,0.15745119303464888,40.43272844411038,0.0
OR1C1,0.15743885710835456,40.42735960485343,0.0
TAS2R3,0.15742174461483954,40.421990765596476,0.0
LRRC8C,0.1573844760656357,40.41662192633952,0.0
KIRREL,0.15737832263112067,40.41125308708257,0.0
OR9K2,0.15734425708651542,40.40588424782562,0.0
C18orf8,0.15732789784669876,40.400515408568666,0.0
CLEC3B,0.15732454508543015,40.39514656931171,0.0
CRYZL1,0.15732076466083528,40.38977773005476,0.0
MXRA5,0.15729664713144303,40.38440889079781,0.0
ZNF205,0.15726284310221672,40.379040051540855,0.0
NDC1,0.15722076445817948,40.37367121228391,0.0
PPP1R3F,0.1572088897228241,40.36830237302696,0.0
VAT1L,0.1571812868118286,40.362933533770004,0.0
NCEH1,0.15717828050255775,40.35756469451305,0.0
UNC13C,0.15714778006076813,40.3521958552561,0.0
SERF2,0.1570342466235161,40.34682701599914,0.0
SERINC5,0.156975144892931,40.34145817674219,0.0
UBE3C,0.15687083899974824,40.336089337485234,0.0
DTX3,0.15684237703680992,40.33072049822828,0.0
MRPS2,0.1568215399980545,40.32535165897133,0.0
AHCYL2,0.1568082630634308,40.319982819714376,0.0
PRPF39,0.1566566288471222,40.31461398045742,0.0
NRD1,0.15665112286806107,40.30924514120047,0.0
TMEM223,0.15664254650473594,40.30387630194352,0.0
ZCCHC10,0.15663204416632653,40.298507462686565,0.0
ROGDI,0.15663102716207505,40.29313862342961,0.0
TFDP3,0.15660222247242928,40.28776978417266,0.0
ZFYVE1,0.15659521222114564,40.28240094491571,0.0
ZNF514,0.15657661110162735,40.277032105658755,0.0
TMEM140,0.15657371133565903,40.2716632664018,0.0
BTNL8,0.1565607011318207,40.26629442714485,0.0
NEUROD6,0.1565267726778984,40.2609255878879,0.0
TOMM40L,0.15650904029607773,40.255556748630944,0.0
INPP1,0.1564825288951397,40.25018790937399,0.0
RMDN1,0.1564728759229183,40.24481907011704,0.0
SLC18B1,0.15647183507680892,40.239450230860086,0.0
CYP8B1,0.15646630823612212,40.23408139160314,0.0
TEX261,0.15644706040620804,40.22871255234619,0.0
SERPING1,0.15644033774733543,40.223343713089236,0.0
PTX3,0.15643118619918822,40.21797487383228,0.0
PLCZ1,0.15642563700675965,40.21260603457533,0.0
MCEE,0.15639688894152642,40.20723719531837,0.0
SLCO4A1,0.15638149678707122,40.20186835606142,0.0
SLCO4C1,0.15637188032269478,40.196499516804465,0.0
NAP1L2,0.1563630811870098,40.19113067754751,0.0
ZNHIT3,0.15636176839470864,40.18576183829056,0.0
OR6C74,0.1563039429485798,40.18039299903361,0.0
PITHD1,0.15629287362098693,40.175024159776655,0.0
OR2B3,0.1562904752790928,40.1696553205197,0.0
LDB2,0.15628477111458777,40.16428648126275,0.0
GMPPA,0.1562780797481537,40.1589176420058,0.0
TIMM10B,0.1562628775835037,40.153548802748844,0.0
NMNAT3,0.15624575316905975,40.14817996349189,0.0
NEUROD2,0.156243284791708,40.14281112423494,0.0
OGFR,0.1562429301440716,40.137442284977986,0.0
KLF16,0.1562027543783188,40.13207344572103,0.0
KIAA1586,0.15619135051965713,40.12670460646408,0.0
FAM13C,0.15617688596248627,40.12133576720713,0.0
TSR2,0.15613287985324859,40.115966927950176,0.0
IGSF8,0.1561097614467144,40.11059808869322,0.0
PHLDA3,0.1560915119946003,40.10522924943627,0.0
PDE10A,0.15607163906097413,40.09986041017932,0.0
NOSIP,0.15605984181165694,40.09449157092237,0.0
SMIM19,0.15605895966291428,40.08912273166542,0.0
DPY19L4,0.15600756406784058,40.08375389240847,0.0
RALGPS2,0.1560053661465645,40.07838505315151,0.0
FAM102B,0.15599743127822877,40.073016213894554,0.0
PCDHGC3,0.1559952139854431,40.0676473746376,0.0
CD302,0.1559537634253502,40.06227853538065,0.0
IL13,0.15594873428344727,40.0569096961237,0.0
FAM122A,0.15592143386602403,40.051540856866744,0.0
ZNF213,0.15589720010757446,40.04617201760979,0.0
FHL3,0.15588276833295822,40.04080317835284,0.0
NOVA2,0.15587188452482223,40.035434339095886,0.0
OSBP,0.15586085319519044,40.03006549983893,0.0
ARPC5,0.15584818348288537,40.02469666058198,0.0
ADCK2,0.15584433302283288,40.01932782132503,0.0
AKAP11,0.1558440737426281,40.013958982068075,0.0
PPIL3,0.15583845153450965,40.00859014281112,0.0
AP3S2,0.15583510100841522,40.00322130355417,0.0
SGTB,0.15581537038087845,39.99785246429722,0.0
SMTNL2,0.15581129342317582,39.992483625040265,0.0
COPS4,0.15579399466514587,39.98711478578331,0.0
FCGR3A,0.15578092336654664,39.98174594652636,0.0
TYMP,0.15577027723193168,39.97637710726941,0.0
MRPS36,0.15576030164957047,39.971008268012454,0.0
DCAKD,0.1557511419057846,39.9656394287555,0.0
LBH,0.1557142198085785,39.96027058949855,0.0
ZNF672,0.15571284070611,39.9549017502416,0.0
CTLA4,0.1557011641561985,39.94953291098465,0.0
ARIH1,0.15562066435813904,39.9441640717277,0.0
MLLT11,0.15556331872940063,39.93879523247074,0.0
LENG8,0.1555570639669895,39.933426393213786,0.0
SIKE1,0.1555516980588436,39.92805755395683,0.0
NOL12,0.1555427022278309,39.92268871469988,0.0
RP11-407N17.3,0.15553859174251555,39.91731987544293,0.0
ANKRD32,0.15552134290337563,39.911951036185975,0.0
TSPAN9,0.15551386550068855,39.90658219692902,0.0
CNTN3,0.15551213324069976,39.90121335767207,0.0
ADCY8,0.15548543334007264,39.89584451841512,0.0
LRRC16A,0.15547713711857797,39.890475679158165,0.0
PTH,0.1554691955447197,39.88510683990121,0.0
ZNF112,0.15546722263097762,39.87973800064426,0.0
CILP,0.15542686656117438,39.87436916138731,0.0
TRIM3,0.15541100054979323,39.869000322130354,0.0
OR4C12,0.15537512972950934,39.8636314828734,0.0
TC2N,0.15535360127687453,39.85826264361645,0.0
SLBP,0.15534743219614028,39.852893804359496,0.0
ASB6,0.15533094555139543,39.847524965102544,0.0
RNASE13,0.1552916370332241,39.84215612584559,0.0
TBC1D3,0.15527019575238227,39.83678728658864,0.0
OR2M5,0.1552665539085865,39.831418447331686,0.0
SLC1A5,0.15525312647223471,39.82604960807473,0.0
SSH3,0.15524372830986977,39.82068076881778,0.0
TCTA,0.15522263795137406,39.815311929560835,0.0
TGDS,0.15519326776266099,39.809943090303875,0.0
SF3B4,0.15516421049833298,39.80457425104692,0.0
PDE6H,0.15516144694327427,39.79920541178997,1.0
MOGAT2,0.15515783280134202,39.79383657253302,0.0
TMEM248,0.15511881038546563,39.788467733276065,0.0
SRPK3,0.1550910584628582,39.78309889401911,0.0
SEC62,0.15508393868803977,39.77773005476216,0.0
NEDD8,0.15505389571189881,39.77236121550521,0.0
TRIM40,0.15503640919923783,39.766992376248254,0.0
OR8S1,0.15501033812761306,39.7616235369913,0.0
WDR96,0.1549827814102173,39.75625469773435,0.0
PRKAG3,0.15495967268943786,39.750885858477396,0.0
SRP14,0.15493284910917282,39.74551701922044,0.0
MPND,0.1549265779554844,39.74014817996349,0.0
NAT8L,0.15490187406539918,39.73477934070654,0.0
AP1S1,0.1548922434449196,39.729410501449586,0.0
SSTR5,0.1548824667930603,39.72404166219263,0.0
GTF2E1,0.15486881509423256,39.71867282293568,0.0
RPS4Y1,0.15482884347438813,39.71330398367873,0.0
DIP2C,0.15482804998755456,39.707935144421775,0.0
PSKH2,0.15480662658810615,39.70256630516482,0.0
SCAND3,0.15479111522436143,39.69719746590787,0.0
KLHDC4,0.1547548033297062,39.69182862665092,0.0
MED27,0.15475468710064888,39.686459787393964,0.0
GDPD1,0.15474889054894447,39.68109094813702,0.0
RMND5B,0.15474141165614128,39.675722108880066,0.0
LRRC42,0.1547401651740074,39.67035326962311,0.0
CCDC159,0.1547191895544529,39.664984430366154,0.0
GPR158,0.15470945164561273,39.6596155911092,0.0
PHLDB1,0.15468920171260833,39.65424675185225,0.0
SOCS4,0.15468811839818955,39.648877912595296,0.0
RIOK1,0.1546744167804718,39.64350907333834,0.0
OR2F2,0.15465100780129432,39.63814023408139,0.0
RWDD4,0.15464804992079734,39.63277139482444,0.0
OR5K2,0.1546410895884037,39.627402555567485,0.0
ADPRHL2,0.15461383908987045,39.62203371631053,0.0
BCAS1,0.1545762948691845,39.61666487705358,0.0
PRPF4,0.15456286641955375,39.61129603779663,1.0
ZNF33A,0.15454662665724755,39.605927198539675,0.0
YIPF3,0.15452693477272988,39.60055835928272,0.0
LYSMD2,0.15452646240592002,39.59518952002577,0.0
PLCL2,0.1544873371720314,39.58982068076882,0.0
ATP13A3,0.15447945147752762,39.584451841511864,0.0
CXCR5,0.1544465534389019,39.57908300225491,0.0
NAAA,0.15441646203398704,39.57371416299796,0.0
DNAJC27,0.15439221486449242,39.568345323741006,0.0
INF2,0.15438444465398787,39.562976484484054,0.0
CHRNB1,0.15436403527855874,39.5576076452271,0.0
LCN12,0.15435980036854743,39.55223880597015,0.0
OR4C46,0.1543384775519371,39.546869966713196,0.0
SLC35A4,0.15432035997509957,39.54150112745624,0.0
FAM46B,0.154319603741169,39.53613228819929,0.0
OR2T27,0.15429636538028718,39.53076344894234,0.0
SLC27A3,0.15428757071495056,39.525394609685385,0.0
MCHR1,0.15428356006741523,39.52002577042843,0.0
TSPYL1,0.15426289215683936,39.51465693117148,0.0
CLPB,0.15423741787672043,39.50928809191453,0.0
CDC42BPG,0.15423734933137895,39.503919252657575,0.0
FOXA3,0.15423011258244515,39.49855041340062,0.0
SWI5,0.15422983542084695,39.49318157414367,0.0
GOLGA8A,0.1541898161172867,39.48781273488672,0.0
TEX19,0.15416691750288009,39.482443895629764,0.0
CCDC113,0.15415215045213698,39.47707505637281,0.0
MLK4,0.15410251691937446,39.47170621711586,0.0
MRPL36,0.15409616753458977,39.466337377858906,0.0
HSD11B1,0.1540542170405388,39.46096853860195,0.0
FBXO17,0.1540267549455166,39.455599699345,0.0
DUSP2,0.15402008071541787,39.45023086008805,0.0
U2AF2,0.15401540026068689,39.444862020831096,0.0
RBMXL1,0.15400426238775253,39.43949318157414,0.0
MBD1,0.15399644523859024,39.43412434231719,0.0
LSM6,0.15398996323347092,39.42875550306024,0.0
GMPR2,0.15397918745875358,39.423386663803285,0.0
COPRS,0.15396518707275392,39.41801782454633,0.0
SSTR3,0.153959521651268,39.41264898528938,0.0
PIK3R5,0.15394021794199944,39.40728014603243,0.0
DNASE1L1,0.15393211022019387,39.401911306775474,0.0
GIMAP4,0.1538902536034584,39.39654246751852,0.0
SYNJ2BP,0.1538505882024765,39.39117362826157,0.0
TCEAL8,0.15380561128258705,39.38580478900462,0.0
SLFN5,0.15379502326250077,39.380435949747664,0.0
CD79B,0.1537681631743908,39.37506711049071,0.0
NAA40,0.15376806035637855,39.36969827123376,0.0
TEX15,0.15373813435435296,39.364329431976806,0.0
SI,0.15373702198266984,39.35896059271985,0.0
STK31,0.15372173562645913,39.3535917534629,0.0
DMC1,0.153714407235384,39.34822291420595,0.0
ZNF770,0.15370325669646262,39.342854074948995,0.0
RPP30,0.1536808729171753,39.33748523569204,0.0
MRPL48,0.15365785583853722,39.33211639643509,0.0
OR2C3,0.15365018770098687,39.32674755717814,0.0
MTFR1L,0.1536235421895981,39.321378717921185,0.0
SMYD5,0.15362149849534035,39.31600987866423,0.0
SLC25A46,0.1535974085330963,39.31064103940728,0.0
AKR1E2,0.15355899557471275,39.30527220015033,0.0
ITGB3BP,0.15350395515561105,39.299903360893374,0.0
OR6Q1,0.15347154513001443,39.29453452163642,0.0
COLEC10,0.1533864662051201,39.28916568237947,0.0
PDZD8,0.15337260514497758,39.283796843122516,0.0
PMS1,0.15333216339349748,39.278428003865564,0.0
SLC9C1,0.15329447835683824,39.27305916460861,0.0
GPR124,0.15324539914727212,39.26769032535166,0.0
SNRPG,0.15322381407022476,39.262321486094706,0.0
PHRF1,0.15321739464998246,39.25695264683775,0.0
PAX1,0.15318275839090348,39.2515838075808,0.0
MACROD1,0.1531691275537014,39.24621496832385,0.0
SGK2,0.15313660576939583,39.240846129066895,0.0
METTL18,0.15312956199049949,39.23547728980994,0.0
ZFP28,0.1531193621456623,39.23010845055299,0.0
ABCA10,0.15310438722372055,39.22473961129604,0.0
CKAP2,0.15309470444917678,39.219370772039085,0.0
ZNF439,0.15308182090520858,39.21400193278213,0.0
DNAJB14,0.15304281562566757,39.20863309352518,0.0
SYCP2,0.1530354619026184,39.20326425426823,0.0
KNG1,0.15300799086689948,39.197895415011274,0.0
TRIM72,0.15298685505986215,39.19252657575432,0.0
IMPA2,0.15298352539539337,39.18715773649737,0.0
UBALD2,0.15297323018312453,39.181788897240416,0.0
CILP2,0.15297270864248275,39.176420057983464,0.0
TRIM16L,0.1529630057513714,39.17105121872651,0.0
EIF3F,0.1528357170522213,39.16568237946956,0.0
NAT9,0.15283371582627298,39.160313540212606,0.0
LIPE,0.1528202198445797,39.15494470095565,0.0
FAM133B,0.15281990468502044,39.1495758616987,0.0
NKAP,0.15280659943819047,39.14420702244175,0.0
TTC18,0.15278908759355544,39.138838183184795,0.0
SLC15A4,0.15277769565582275,39.13346934392784,0.0
RPS6KA4,0.1527746208012104,39.12810050467089,0.0
AES,0.15274424999952316,39.12273166541394,0.0
OR7E24,0.1527310311794281,39.117362826156985,0.0
BTBD6,0.15272505283355714,39.11199398690003,0.0
TAS2R39,0.15272264629602433,39.10662514764308,0.0
C15orf59,0.15269581526517867,39.10125630838613,0.0
OR2A2,0.15267600417137145,39.095887469129174,0.0
IRF2BPL,0.1526496820151806,39.09051862987222,0.0
CGRRF1,0.15261780023574828,39.08514979061527,0.0
TTC40,0.1526041716337204,39.079780951358316,0.0
HMGN4,0.15259934440255166,39.07441211210136,0.0
DNAJC2,0.15259907394647598,39.06904327284441,0.0
DSCR3,0.152597888559103,39.06367443358746,0.0
CYP2S1,0.15252538695931434,39.058305594330506,0.0
KANK4,0.15251269191503525,39.05293675507355,0.0
ITPRIP,0.15249929204583168,39.0475679158166,0.0
HBA2,0.15248613581061363,39.04219907655965,0.0
ARPC1A,0.1524859346449375,39.036830237302695,0.0
RNF114,0.1524782471358776,39.03146139804574,0.0
ISLR,0.15246497467160225,39.02609255878879,0.0
ZNF783,0.1524604946374893,39.02072371953184,0.0
LACC1,0.15244797766208648,39.015354880274884,0.0
OR51B2,0.15242836251854897,39.00998604101793,0.0
TRDMT1,0.15240481346845627,39.00461720176098,0.0
KCTD6,0.15235921368002892,38.99924836250403,0.0
TNNI2,0.15235356837511063,38.993879523247074,0.0
C20orf27,0.15234535485506057,38.98851068399012,0.0
POMK,0.15232759243861804,38.98314184473317,1.0
SVIP,0.15230351984500884,38.977773005476216,0.0
ZFAND3,0.1522939458489418,38.97240416621926,0.0
MED18,0.15229269713163376,38.96703532696231,0.0
AS3MT,0.15229252427816392,38.96166648770536,0.0
ZXDC,0.15227696001529695,38.956297648448405,0.0
KLHL32,0.15223380029201508,38.95092880919145,0.0
TCEAL3,0.15222630575299262,38.9455599699345,0.0
SNX21,0.15222567394375802,38.94019113067755,0.0
AKR1B10,0.15222017094492912,38.934822291420595,0.0
AMMECR1L,0.15221354886889457,38.92945345216364,0.0
CDH24,0.15219008699059486,38.92408461290669,0.0
TNFRSF12A,0.15217636227607728,38.91871577364974,0.0
ELOVL6,0.1521667256951332,38.913346934392784,0.0
ANKFN1,0.1521453432738781,38.90797809513583,0.0
CNPY4,0.1521332360804081,38.90260925587888,0.0
CCDC53,0.15212772637605668,38.897240416621926,0.0
CCDC130,0.1521275222301483,38.891871577364974,0.0
ARMC6,0.1521117255091667,38.88650273810802,0.0
AKTIP,0.15209182277321814,38.88113389885107,0.0
LRP3,0.1520906761288643,38.875765059594116,0.0
CSTF2T,0.15207964256405831,38.87039622033716,0.0
DOCK3,0.1520598955452442,38.86502738108021,0.0
C15orf39,0.15204570591449737,38.85965854182326,0.0
ZSWIM7,0.15204270109534263,38.854289702566305,0.0
CCNJL,0.15202820897102357,38.84892086330935,0.0
MSS51,0.15202123895287514,38.8435520240524,0.0
AKAP14,0.1519990049302578,38.83818318479545,0.0
AIM1L,0.15199803560972214,38.832814345538495,0.0
MCFD2,0.15199688896536828,38.82744550628154,0.0
LDLRAD4,0.15196975991129874,38.82207666702459,0.0
PPP3CC,0.15195741802453994,38.81670782776764,0.0
NKTR,0.15187893360853194,38.811338988510684,0.0
TBC1D10C,0.15185538902878762,38.80597014925373,0.0
AFAP1L1,0.15182559564709663,38.80060130999678,0.0
CORO2B,0.15179440900683402,38.795232470739826,0.0
BLID,0.1517934739589691,38.78986363148287,0.0
ADCK1,0.15179073363542556,38.78449479222592,0.0
CPSF6,0.1517798863351345,38.77912595296897,0.0
CD276,0.15175867453217506,38.773757113712016,0.0
PLSCR1,0.15173176527023316,38.76838827445506,0.0
SKP2,0.15172459557652473,38.76301943519811,0.0
OR2J2,0.15171417966485023,38.75765059594116,0.0
POP5,0.15164509937167167,38.752281756684205,0.0
MICU3,0.1516401872038841,38.74691291742725,0.0
ROPN1B,0.15163141191005708,38.7415440781703,0.0
PNPLA7,0.15160831809043884,38.73617523891335,0.0
C1RL,0.15160672441124917,38.730806399656394,0.0
TPD52L1,0.1515977017581463,38.72543756039944,0.0
KCNJ9,0.1515921302139759,38.72006872114249,0.0
SLC25A39,0.15158255472779275,38.71469988188554,0.0
TTC13,0.15158097743988036,38.709331042628584,0.0
NPIPA1,0.15157243087887765,38.70396220337163,0.0
RASSF3,0.15155806243419648,38.69859336411468,0.0
GLB1L,0.1515577182173729,38.693224524857726,0.0
CALR3,0.15155111029744148,38.68785568560077,0.0
ZFAND2B,0.15152572020888327,38.68248684634382,0.0
CSDC2,0.15148276463150978,38.67711800708687,0.0
TMEM87A,0.15147456973791124,38.671749167829915,0.0
TP53INP2,0.1514735221862793,38.66638032857296,0.0
AOC3,0.1514704219996929,38.66101148931601,0.0
DDIT4L,0.15144791677594185,38.65564265005906,0.0
ESCO1,0.15143356546759607,38.650273810802105,0.0
CREM,0.151428409665823,38.64490497154515,0.0
SUMO4,0.1514220878481865,38.6395361322882,0.0
LEPROT,0.1514148712158203,38.63416729303125,0.0
NDST4,0.15139742717146873,38.628798453774294,0.0
GGH,0.1513733446598053,38.62342961451734,0.0
HEPACAM2,0.15134442299604417,38.61806077526039,0.0
NAALADL2,0.15134244337677955,38.612691936003436,0.0
TNFRSF6B,0.151337830722332,38.607323096746484,0.0
BDH2,0.1513104185461998,38.60195425748953,0.0
PQLC2,0.15126032009720802,38.59658541823258,0.0
EIF1,0.15123187527060508,38.591216578975626,0.0
RABL6,0.15117836594581605,38.58584773971867,0.0
OR2M7,0.1511661686003208,38.58047890046172,0.0
C1orf115,0.151155324280262,38.57511006120477,0.0
HTRA3,0.15113186314702035,38.569741221947815,0.0
CMTM5,0.15112861916422843,38.56437238269086,0.0
TG,0.15110862553119658,38.55900354343391,0.0
ARGLU1,0.15110202133655548,38.55363470417696,0.0
ZNF484,0.1510473109781742,38.548265864920005,0.0
OR2F1,0.151024529337883,38.54289702566305,0.0
TMEM186,0.1509936921298504,38.5375281864061,0.0
RAB2B,0.15097036361694335,38.53215934714915,0.0
OR9G4,0.150959163159132,38.526790507892194,0.0
MOB3A,0.1509508468210697,38.52142166863524,0.0
RBM15B,0.1509028472006321,38.51605282937829,0.0
PHF11,0.15086566880345345,38.510683990121336,0.0
TRIM69,0.15083940252661704,38.505315150864384,0.0
UGT1A4,0.1507829211652279,38.49994631160743,0.0
DGAT2L6,0.1507708616554737,38.49457747235048,0.0
OR5D13,0.15075429752469063,38.489208633093526,0.0
TMEM141,0.1507529318332672,38.48383979383657,0.0
SPSB3,0.15073072761297227,38.47847095457962,0.0
LIME1,0.15069883540272713,38.47310211532267,0.0
KDELC1,0.15068010687828065,38.467733276065715,0.0
NUDCD1,0.15065151825547218,38.46236443680876,0.0
OSM,0.15064368695020675,38.45699559755181,0.0
AIG1,0.15063155442476273,38.45162675829486,0.0
OR14I1,0.1506050430238247,38.446257919037905,0.0
CPSF3L,0.15060462057590485,38.44088907978095,0.0
NMB,0.1505689352750778,38.435520240524,0.0
KDELC2,0.15052346065640448,38.43015140126705,0.0
PVR,0.1505116656422615,38.424782562010094,0.0
CPED1,0.15044796392321585,38.41941372275314,0.0
OR2T2,0.1504380002617836,38.41404488349619,0.0
KIAA1432,0.15042288973927498,38.408676044239236,0.0
BUD31,0.15041569918394088,38.40330720498228,0.0
OR13C8,0.1504048489034176,38.39793836572533,0.0
C17orf49,0.15039058327674865,38.39256952646838,0.0
SLC41A3,0.15038936138153075,38.387200687211426,0.0
NARFL,0.15037701204419135,38.38183184795447,0.0
HIST2H2AB,0.150330301374197,38.37646300869752,0.0
CHTF8,0.1503271907567978,38.37109416944057,0.0
METTL5,0.1503234587609768,38.365725330183615,0.0
LAS1L,0.15032291486859323,38.36035649092666,0.0
SLC36A4,0.15030422955751419,38.35498765166971,0.0
KLHDC10,0.15029902383685112,38.34961881241276,0.0
GGCT,0.15029087886214257,38.344249973155804,0.0
PNCK,0.1502903126180172,38.33888113389885,0.0
KCTD9,0.1502796269953251,38.3335122946419,0.0
LHX8,0.1502503864467144,38.32814345538495,0.0
FNDC1,0.1502428688108921,38.322774616127994,0.0
SNTB1,0.15023917108774185,38.31740577687104,0.0
ZNF432,0.15022743493318558,38.31203693761409,0.0
KCTD3,0.1502061277627945,38.306668098357136,0.0
ATP12A,0.15019305646419526,38.30129925910018,0.0
OR5B12,0.1501690022647381,38.29593041984323,0.0
ASB11,0.15013165771961212,38.29056158058628,0.0
TNFRSF21,0.15012621656060218,38.285192741329325,0.0
STX2,0.15011327862739562,38.27982390207237,0.0
EFNA2,0.15011052712798117,38.27445506281542,0.0
ZMAT1,0.14997415542602538,38.26908622355847,0.0
OR11G2,0.14995656833052634,38.263717384301515,0.0
MAP4K3,0.14995408579707145,38.25834854504456,0.0
SLCO5A1,0.14994719699025155,38.25297970578761,0.0
ZNF75D,0.14991448149085046,38.24761086653066,0.0
PSMA7,0.1499073438346386,38.242242027273704,0.0
ASB13,0.14989274889230728,38.23687318801675,0.0
PPP3R2,0.1498681664466858,38.2315043487598,0.0
MARK1,0.1498243048787117,38.226135509502846,0.0
STK24,0.14974051341414452,38.220766670245894,0.0
CST6,0.14973207488656043,38.21539783098894,0.0
CDT1,0.14971703067421913,38.21002899173199,0.0
PCOLCE2,0.14962728470563888,38.204660152475036,0.0
TSEN2,0.14961499869823455,38.19929131321808,0.0
OR2T8,0.14961442202329636,38.19392247396113,0.0
CD1B,0.1496037259697914,38.18855363470418,0.0
OSBPL7,0.14958299994468688,38.183184795447225,0.0
OR13A1,0.1495717979967594,38.17781595619027,0.0
NMT2,0.14956792443990707,38.17244711693332,0.0
FAM98B,0.14955728948116304,38.16707827767637,0.0
AKAP17A,0.14951648265123368,38.16170943841941,0.0
SDE2,0.14948659390211105,38.15634059916246,0.0
MIER2,0.14947017058730125,38.15097175990551,0.0
CD300LG,0.1494682140648365,38.14560292064856,0.0
MAN2B2,0.14945003092288972,38.140234081391604,0.0
PF4,0.14944387823343278,38.13486524213465,0.0
METTL7A,0.1494401976466179,38.1294964028777,0.0
ZCCHC12,0.14939794465899467,38.124127563620746,0.0
WDR74,0.14934684038162233,38.11875872436379,0.0
MARCH2,0.1493436574935913,38.11338988510684,0.0
SEMA4D,0.14929763376712799,38.10802104584989,0.0
HEMGN,0.14925050288438796,38.102652206592936,0.0
LURAP1,0.14922278374433517,38.09728336733598,0.0
ISY1,0.14918940290808677,38.09191452807903,0.0
RIN2,0.14918276518583298,38.08654568882208,0.0
PPP1R16B,0.14914164766669274,38.081176849565125,0.0
UAP1L1,0.14912926480174066,38.07580801030817,0.0
RAB36,0.1491060547530651,38.07043917105122,0.0
PRPF40B,0.1490806445479393,38.06507033179427,0.0
UHRF1BP1L,0.14907355308532716,38.059701492537314,0.0
ARMC10,0.14907145574688913,38.05433265328036,0.0
GPAA1,0.14906832873821257,38.04896381402341,0.0
C5orf45,0.14902403429150582,38.04359497476646,0.0
HERC4,0.14901708513498307,38.038226135509504,0.0
GIMAP6,0.1489970177412033,38.03285729625255,0.0
TIGD5,0.14895738661289215,38.0274884569956,0.0
C15orf52,0.14895112439990044,38.02211961773864,0.0
OR4F15,0.1489439457654953,38.01675077848169,0.0
OR1A1,0.1489405006170273,38.01138193922474,0.0
PPP1R14B,0.1489190086722374,38.00601309996779,0.0
GCH1,0.14890672117471696,38.000644260710835,0.0
HNRNPDL,0.1488977327942848,37.99527542145388,0.0
KIAA1199,0.14888302087783814,37.98990658219693,0.0
SLC16A6,0.1488829657435417,37.98453774293998,0.0
TMEM132E,0.1488613210618496,37.979168903683025,0.0
HERPUD2,0.1488532654941082,37.97380006442607,0.0
DAGLA,0.14882871359586716,37.96843122516912,0.0
ZNF587,0.14880320876836778,37.96306238591217,0.0
SPA17,0.14880274310708047,37.957693546655214,0.0
ZNF212,0.14878586307168007,37.95232470739826,0.0
BAI1,0.14876563996076583,37.94695586814131,0.0
C1QTNF9,0.14874952659010887,37.941587028884356,0.0
POP7,0.1487439639866352,37.936218189627404,0.0
SLC4A8,0.14873641282320021,37.93084935037045,0.0
TRDN,0.14873233065009117,37.9254805111135,0.0
PAPOLG,0.1487310141324997,37.920111671856546,0.0
FBXL19,0.1487303704023361,37.91474283259959,0.0
FAM178A,0.14870867729187012,37.90937399334264,0.0
RAMP1,0.1486777015030384,37.90400515408569,0.0
CCDC167,0.14864171892404557,37.898636314828735,0.0
OR9G1,0.1486390620470047,37.893267475571776,0.0
GNAI1,0.14861849173903466,37.88789863631482,0.0
OR8J3,0.1485910326242447,37.88252979705787,0.0
TIPIN,0.14857716634869575,37.877160957800925,0.0
ZFP64,0.1485110767185688,37.87179211854397,0.0
ZNF251,0.14849546998739244,37.86642327928702,0.0
CACNA1I,0.14848806709051132,37.86105444003007,0.0
SWAP70,0.14848098233342172,37.855685600773114,0.0
OR7G2,0.14845592752099038,37.85031676151616,0.0
ACAP1,0.14844326600432395,37.84494792225921,0.0
POLI,0.14844198897480965,37.839579083002256,0.0
SCFD2,0.1484307214617729,37.834210243745304,0.0
ANKRD39,0.1484250843524933,37.82884140448835,0.0
PHOSPHO1,0.1484067142009735,37.8234725652314,0.0
NT5C3B,0.14839892610907554,37.818103725974446,0.0
OR9Q1,0.14839278385043145,37.81273488671749,0.0
HIST2H2AC,0.14838173389434814,37.80736604746054,0.0
ZDHHC2,0.14837613627314566,37.80199720820359,0.0
ZNF34,0.14837223365902902,37.796628368946635,0.0
PLA2G2A,0.1483651153743267,37.79125952968968,0.0
SMIM15,0.14835707768797873,37.78589069043273,0.0
ALKBH5,0.14834939390420915,37.78052185117578,0.0
CDC42EP1,0.14830724895000458,37.775153011918825,0.0
CASP14,0.14830542132258415,37.76978417266187,0.0
KLHL9,0.1482708916068077,37.76441533340492,0.0
ASTN2,0.1482202060520649,37.75904649414797,0.0
OR52E4,0.1481134243309498,37.75367765489101,0.0
FAM69C,0.1480916664004326,37.748308815634054,0.0
SYNCRIP,0.1480850324034691,37.7429399763771,0.0
PPIG,0.1480756387114525,37.737571137120156,0.0
RBM34,0.14803945943713187,37.7322022978632,0.0
RPE,0.14802630096673966,37.72683345860625,0.0
JKAMP,0.14801472872495652,37.7214646193493,0.0
RBP5,0.14800987169146537,37.716095780092346,0.0
DIEXF,0.14800838604569436,37.71072694083539,0.0
NUDT18,0.1479872427880764,37.70535810157844,0.0
C14orf159,0.14795431420207023,37.69998926232149,0.0
OR13G1,0.1479170598089695,37.694620423064535,0.0
LGI2,0.14789996668696404,37.68925158380758,0.0
CYB5A,0.14789780527353286,37.68388274455063,0.0
MORC1,0.14789415523409843,37.67851390529368,0.0
UEVLD,0.14789230078458787,37.673145066036724,0.0
PHKG1,0.14788773357868196,37.66777622677977,0.0
TMEM99,0.14782312288880348,37.66240738752282,0.0
RNF150,0.14778129607439042,37.65703854826587,0.0
OR5T2,0.1477549746632576,37.651669709008914,0.0
SLC25A36,0.14774730131030084,37.64630086975196,0.0
SEZ6L2,0.14769291505217552,37.64093203049501,0.0
OR52I1,0.14768158569931983,37.635563191238056,0.0
LDOC1L,0.14762719422578813,37.6301943519811,0.0
WDR83OS,0.1475757911801338,37.62482551272414,0.0
PLA2G16,0.1475418120622635,37.61945667346719,0.0
OR9A4,0.1475085936486721,37.61408783421024,0.0
CARD6,0.1474693886935711,37.608718994953286,0.0
PRPSAP1,0.14745658561587333,37.60335015569634,0.0
C11orf54,0.14740823805332184,37.59798131643939,0.0
ZNF175,0.14735809192061425,37.592612477182435,0.0
SELO,0.14735673367977142,37.58724363792548,0.0
ZBTB14,0.14734566658735276,37.58187479866853,0.0
TDRP,0.14733127877116203,37.57650595941158,0.0
L3HYPDH,0.14732156619429587,37.571137120154624,0.0
SLC16A5,0.1473097376525402,37.56576828089767,0.0
ANKRD12,0.14730211198329926,37.56039944164072,0.0
MRPL49,0.1472916081547737,37.555030602383766,0.0
ZC3H15,0.14727716147899628,37.549661763126814,0.0
ARMC8,0.14724593982100487,37.54429292386986,0.0
ZNF133,0.1472317695617676,37.53892408461291,0.0
OR5P3,0.14721739217638968,37.533555245355956,0.0
CISH,0.1471072919666767,37.528186406099,0.0
MANBAL,0.14709158316254617,37.52281756684205,0.0
ANGEL1,0.14709153175354003,37.5174487275851,0.0
HOXB5,0.14703333526849746,37.512079888328145,0.0
STX6,0.14699776768684386,37.50671104907119,0.0
RNF17,0.14699641540646552,37.50134220981424,0.0
NUDT14,0.14699505865573884,37.49597337055729,0.0
FUOM,0.14696327298879625,37.490604531300335,0.0
RTP2,0.14695809036493301,37.485235692043375,0.0
DCP1A,0.14688941463828087,37.47986685278642,0.0
ANKHD1-EIF4EBP3,0.14684499204158782,37.47449801352947,0.0
ETAA1,0.1468447268009186,37.46912917427252,0.0
TTC12,0.1468062698841095,37.46376033501557,0.0
PCDH1,0.14676487520337106,37.45839149575862,0.0
NLRP12,0.1467617504298687,37.453022656501666,0.0
ZNF277,0.14676002636551858,37.44765381724471,0.0
PDE11A,0.14674440324306487,37.44228497798776,0.0
OR5D16,0.1467163823544979,37.43691613873081,0.0
SDR39U1,0.14670202732086182,37.431547299473856,0.0
CNTF,0.14669669419527054,37.4261784602169,0.0
TUSC1,0.146686340123415,37.42080962095995,0.0
HMG20B,0.14667533636093139,37.415440781703,0.0
KCTD7,0.14664973989129065,37.410071942446045,0.0
WDR13,0.1465899921953678,37.40470310318909,0.0
TAF5,0.14656920954585076,37.39933426393214,0.0
CEL,0.1465619497001171,37.39396542467519,0.0
ADH6,0.14655895605683328,37.388596585418234,0.0
HSD11B1L,0.14654891863465308,37.38322774616128,0.0
TNKS1BP1,0.14653343185782433,37.37785890690433,0.0
KCNJ12,0.14651757180690766,37.37249006764738,0.0
ABCB8,0.1465117447078228,37.367121228390424,0.0
OR6B2,0.146491077542305,37.36175238913347,0.0
PGAM4,0.14649022370576859,37.35638354987651,0.0
SORCS2,0.14645715281367302,37.35101471061956,0.0
SMYD4,0.1464415393769741,37.345645871362606,0.0
MRS2,0.14644147157669068,37.340277032105654,0.0
CHCHD7,0.14643052443861962,37.3349081928487,0.0
HIST3H2A,0.14638774544000627,37.32953935359175,0.0
DNAH14,0.14635385125875472,37.3241705143348,0.0
OR6M1,0.14633125215768814,37.31880167507785,0.0
NT5C,0.1462995633482933,37.3134328358209,0.0
PAG1,0.14629872962832452,37.308063996563945,0.0
SLC35D2,0.14629407748579978,37.30269515730699,0.0
HCRTR2,0.1462750531733036,37.29732631805004,0.0
CD93,0.1462649807333946,37.29195747879309,0.0
PGK2,0.14625417366623877,37.286588639536134,0.0
C17orf62,0.14625412076711655,37.28121980027918,0.0
OR6F1,0.14624161124229432,37.27585096102223,0.0
PTCHD2,0.14623623117804527,37.270482121765276,0.0
UBASH3B,0.1462153322994709,37.265113282508324,0.0
GIPR,0.14621238112449647,37.25974444325137,0.0
UCKL1,0.1461901545524597,37.25437560399442,0.0
CLEC2B,0.14616636484861373,37.249006764737466,0.0
HERC6,0.1461640104651451,37.24363792548051,0.0
KCNS3,0.1461283817887306,37.23826908622356,0.0
METAP1,0.1461166575551033,37.23290024696661,0.0
IQCH,0.14607932716608046,37.227531407709655,0.0
ZSCAN20,0.14607425555586814,37.2221625684527,0.0
MMP16,0.146037295460701,37.21679372919574,0.0
UBE2J2,0.1459938257932663,37.21142488993879,0.0
TNS4,0.14599263817071914,37.20605605068184,0.0
OR4D10,0.14597758576273917,37.200687211424885,0.0
ASB8,0.14591632410883904,37.19531837216793,0.0
ACTBL2,0.14587994590401648,37.18994953291098,0.0
LRRC28,0.14587989151477815,37.184580693654034,0.0
C19orf43,0.14583999812602996,37.17921185439708,0.0
ZNF215,0.1458236001431942,37.17384301514013,0.0
CPNE9,0.14582305997610093,37.168474175883176,0.0
ERLIN1,0.14580978378653525,37.163105336626224,0.0
ZNF624,0.14576921463012696,37.15773649736927,0.0
FMO4,0.1457662895321846,37.15236765811232,0.0
TPSAB1,0.1457566000521183,37.146998818855366,0.0
MALL,0.1457432635128498,37.14162997959841,0.0
MSRB2,0.14573680534958838,37.13626114034146,0.0
KIAA0930,0.14571929723024368,37.13089230108451,0.0
SLC8A3,0.1457107551395893,37.125523461827555,0.0
ZNF780B,0.14570787772536278,37.1201546225706,0.0
RNF214,0.14567539915442468,37.11478578331365,0.0
RTFDC1,0.1456472933292389,37.1094169440567,0.0
STMN3,0.1456194579601288,37.104048104799745,0.0
SCAF4,0.1455578923225403,37.09867926554279,0.0
CLEC4M,0.1455500341951847,37.09331042628584,0.0
GANC,0.14552221596240997,37.08794158702888,0.0
EPB41L4A,0.1455153726041317,37.08257274777193,0.0
ATCAY,0.1455088384449482,37.077203908514974,0.0
ARHGAP19,0.14548832625150682,37.07183506925802,0.0
ZNF480,0.14546836614608766,37.06646623000107,0.0
AWAT1,0.14545815363526343,37.061097390744116,0.0
TDRD1,0.1454245701432228,37.055728551487164,0.0
SEPHS2,0.1454084947705269,37.05035971223021,0.0
RYR3,0.14538416266441345,37.044990872973266,0.0
OR1J2,0.14535789862275122,37.03962203371631,0.0
SVOP,0.1453096777200699,37.03425319445936,0.0
TMEM159,0.14529365226626395,37.02888435520241,0.0
ZNF234,0.14520207345485686,37.023515515945455,0.0
FBXL15,0.14519446417689325,37.0181466766885,0.0
KIAA1191,0.1451620951294899,37.01277783743155,0.0
OR2T11,0.14516112059354783,37.0074089981746,0.0
THSD4,0.1451590947806835,37.002040158917644,0.0
HIGD1B,0.14512163177132606,36.99667131966069,0.0
EIF4A3,0.14510966688394547,36.99130248040374,0.0
SLC35B3,0.14509380087256432,36.98593364114679,0.0
OR5B2,0.14507718607783318,36.980564801889834,0.0
GNAI3,0.14506741464138032,36.97519596263288,0.0
SNN,0.14505680352449418,36.96982712337593,0.0
TRAF7,0.14504576548933984,36.964458284118976,0.0
GSPT1,0.14502412378787993,36.95908944486202,0.0
OR2J3,0.1449914902448654,36.95372060560507,0.0
DUSP13,0.14496870785951615,36.94835176634811,0.0
ARHGEF3,0.14493594244122504,36.94298292709116,0.0
LRRC20,0.14489105641841887,36.937614087834206,0.0
FBXL3,0.14488620832562446,36.93224524857725,0.0
OR52W1,0.1448738731443882,36.9268764093203,0.0
GLIPR1,0.1448611930012703,36.92150757006335,0.0
TRIM39,0.14484902322292328,36.916138730806395,0.0
DHRS2,0.14479839578270912,36.91076989154945,0.0
ALS2CR11,0.14477332606911658,36.9054010522925,0.0
ST8SIA5,0.14476897567510605,36.900032213035544,0.0
ALKBH8,0.14476890116930008,36.89466337377859,0.0
PPP2R5E,0.14473255649209021,36.88929453452164,0.0
SEMA6B,0.14469850286841393,36.883925695264686,0.0
DFFA,0.14468815922737122,36.878556856007734,0.0
TMLHE,0.14468502774834632,36.87318801675078,0.0
ATPAF1,0.14468487203121186,36.86781917749383,0.0
KATNAL2,0.14466429874300957,36.862450338236876,0.0
SAMD8,0.14466169178485871,36.85708149897992,0.0
DYX1C1,0.14465514719486236,36.85171265972297,0.0
PLEKHA8,0.14464753717184067,36.84634382046602,0.0
TMEM203,0.14463542997837067,36.840974981209065,0.0
ZNF839,0.14463068023324013,36.83560614195211,0.0
EIF4EBP2,0.14458673000335692,36.83023730269516,0.0
PDE1A,0.14457351788878442,36.82486846343821,0.0
IRGQ,0.14456773325800895,36.81949962418125,0.0
KLHL36,0.1445603922009468,36.814130784924295,0.0
LAMTOR4,0.14450567811727524,36.80876194566734,0.0
ABI3,0.14450085386633874,36.80339310641039,0.0
FAM174B,0.1444992184638977,36.79802426715344,0.0
ANKEF1,0.1444963090121746,36.792655427896484,0.0
BAG4,0.1444835141301155,36.78728658863953,0.0
ZNF292,0.14447017684578894,36.78191774938258,0.0
KCND3,0.14446474760770797,36.776548910125626,0.0
OR2B6,0.1444602780044079,36.77118007086868,0.0
ABHD6,0.1444496288895607,36.76581123161173,0.0
PRKD2,0.14444852769374847,36.760442392354776,0.0
SLC7A8,0.14444587230682374,36.75507355309782,0.0
NAT6,0.14443347677588464,36.74970471384087,0.0
NME5,0.14442248716950418,36.74433587458392,0.0
ARL5B,0.1444163791835308,36.738967035326965,0.0
CACFD1,0.14440944865345956,36.73359819607001,0.0
TMEM261,0.14440039917826653,36.72822935681306,0.0
ROBO4,0.14439816623926163,36.72286051755611,0.0
OR10AD1,0.14438030049204825,36.717491678299155,0.0
ITIH1,0.14437058717012405,36.7121228390422,0.0
GBX2,0.14435201957821847,36.70675399978525,0.0
RAPGEF3,0.14430231973528862,36.7013851605283,0.0
PDP2,0.14429198876023291,36.696016321271344,0.0
OR10H4,0.14424722790718078,36.69064748201439,0.0
INTS8,0.14422001391649247,36.68527864275744,0.0
DDX4,0.14419164583086969,36.67990980350048,0.0
GPCPD1,0.14418573677539825,36.674540964243526,0.0
BROX,0.1441839188337326,36.669172124986574,0.0
C12orf45,0.1441298618912697,36.66380328572962,0.0
ZFP41,0.1441205248236656,36.65843444647267,0.0
PPM1A,0.14410687386989593,36.653065607215716,0.0
GNG2,0.1441049598157406,36.64769676795876,0.0
CDK2AP2,0.14410020858049394,36.64232792870181,0.0
CD38,0.14408587515354157,36.63695908944486,0.0
OR10Q1,0.14407348558306693,36.63159025018791,0.0
HNRNPA3,0.14405542388558387,36.62622141093096,0.0
ZNF747,0.14403462037444115,36.62085257167401,0.0
FAM57A,0.14399544671177864,36.615483732417054,0.0
GRIPAP1,0.1439843252301216,36.6101148931601,0.0
PPM1E,0.1439823918044567,36.60474605390315,0.0
MAT2B,0.14394446611404418,36.599377214646196,0.0
TMC5,0.14394434094429015,36.594008375389244,0.0
HECTD4,0.14394162371754646,36.58863953613229,0.0
OR5W2,0.14393852800130844,36.58327069687534,0.0
BEX4,0.14393092170357705,36.577901857618386,0.0
CLYBL,0.1439137913286686,36.57253301836143,0.0
EXTL2,0.1439087375998497,36.56716417910448,0.0
CIZ1,0.14382338374853135,36.56179533984753,0.0
LARP6,0.1437919944524765,36.556426500590575,0.0
BHMT2,0.14377786293625833,36.551057661333616,0.0
C1orf52,0.14376799762248993,36.54568882207666,0.0
TEKT4,0.14375694319605828,36.54031998281971,0.0
RSRC2,0.14373720064759254,36.53495114356276,0.0
DIAPH2,0.1437230758368969,36.529582304305805,0.0
ISG20L2,0.14371167570352555,36.52421346504885,0.0
ST7L,0.14370862692594527,36.5188446257919,0.0
CYB5R4,0.1436886005103588,36.51347578653495,0.0
PRRC1,0.14367882832884787,36.508106947277994,0.0
YTHDF3,0.14367301762104034,36.50273810802104,0.0
URGCP,0.14365975186228752,36.49736926876409,0.0
CHERP,0.14365117028355598,36.492000429507144,0.0
CAMKK2,0.14362648725509644,36.48663159025019,0.0
HDAC10,0.14358790069818497,36.48126275099324,0.0
APC2,0.14355515837669372,36.475893911736286,0.0
HFM1,0.14354827180504798,36.47052507247933,0.0
MTCP1,0.14354071617126465,36.46515623322238,0.0
ZMYM5,0.1435290016233921,36.45978739396543,0.0
SMAP2,0.14351921826601027,36.454418554708475,0.0
PAPOLB,0.14348279312252998,36.44904971545152,0.0
SEMA7A,0.143470212072134,36.44368087619457,0.0
PRRT3,0.1434267580509186,36.43831203693762,0.0
OR1N2,0.14340990409255028,36.432943197680665,0.0
FAM104B,0.14340909346938133,36.42757435842371,0.0
ARHGEF37,0.14340525195002557,36.42220551916676,0.0
CYP2C18,0.14336436241865158,36.41683667990981,0.0
RCOR3,0.14335969984531402,36.41146784065285,0.0
FAM213A,0.14334381446242334,36.406099001395894,0.0
FHDC1,0.14334228858351708,36.40073016213894,0.0
SLC38A1,0.14331858083605767,36.39536132288199,0.0
MTMR11,0.14331226721405982,36.389992483625036,0.0
FAM50A,0.14328378438949585,36.384623644368084,0.0
ZNF431,0.14327092990279197,36.37925480511113,0.0
TCP10,0.14326474219560623,36.37388596585418,0.0
KIAA0319,0.14319441169500352,36.368517126597226,0.0
OSGEPL1,0.14317715764045716,36.36314828734027,0.0
ZNF426,0.14316345751285553,36.35777944808332,0.0
SPANXN3,0.14316222071647644,36.352410608826375,0.0
ST7,0.14316198006272315,36.34704176956942,0.0
DYRK4,0.143159718811512,36.34167293031247,0.0
NAPG,0.1430985614657402,36.33630409105552,0.0
CRIP1,0.1430814690887928,36.330935251798564,0.0
UTP14A,0.14305486902594566,36.32556641254161,0.0
SNCG,0.14303696751594544,36.32019757328466,0.0
TCEAL2,0.14300786480307578,36.31482873402771,0.0
AAMP,0.14297535344958306,36.309459894770754,0.0
CMTM6,0.14297499358654023,36.3040910555138,0.0
IGIP,0.14296789914369584,36.29872221625685,0.0
TBL1XR1,0.14296093061566353,36.293353376999896,0.0
C12orf10,0.14295748099684716,36.28798453774294,0.0
SNRPA1,0.1429441548883915,36.282615698485984,0.0
SCAMP1,0.14293798357248305,36.27724685922903,0.0
NIPA2,0.14289573654532434,36.27187801997208,0.0
CNOT7,0.14287117272615432,36.266509180715126,0.0
DUSP27,0.14287070482969283,36.26114034145817,0.0
ACSF3,0.14286561608314513,36.25577150220122,0.0
OR6V1,0.14285909682512282,36.25040266294427,0.0
OR8D2,0.14282517805695533,36.245033823687315,0.0
TAS2R41,0.14281494319438934,36.23966498443036,0.0
ZPBP2,0.142804766446352,36.23429614517341,0.0
ZFYVE21,0.14278929978609084,36.22892730591646,0.0
DAZAP2,0.14278146773576736,36.223558466659505,0.0
SULT1A2,0.14273213520646094,36.21818962740256,0.0
IL18RAP,0.14271595254540442,36.212820788145606,0.0
FRMD5,0.14270878061652184,36.207451948888654,0.0
CDKN2AIPNL,0.14268841817975045,36.2020831096317,0.0
UGT2A1,0.1426525183022022,36.19671427037475,0.0
OR10C1,0.14265207573771477,36.191345431117796,0.0
EFTUD1,0.14263055548071862,36.18597659186084,0.0
OR4K15,0.14261237978935243,36.18060775260389,0.0
SLC30A10,0.14260267838835716,36.17523891334694,0.0
CPLX3,0.14257646426558496,36.169870074089985,0.0
DYRK2,0.1425670452415943,36.16450123483303,0.0
HSD17B3,0.14255681112408639,36.15913239557608,0.0
HSD17B8,0.1425296373665333,36.15376355631913,0.0
ZNF428,0.14252581149339677,36.148394717062175,0.0
TBCCD1,0.1425194337964058,36.143025877805215,0.0
SLC15A3,0.1425186961889267,36.13765703854826,0.0
TUBB8,0.14246819838881492,36.13228819929131,0.0
ZNF721,0.14245438277721406,36.12691936003436,0.0
UCK1,0.14243411794304847,36.121550520777404,0.0
CD33,0.1424165979027748,36.11618168152045,0.0
U2SURP,0.1424161173403263,36.1108128422635,0.0
LSM10,0.14240933507680892,36.105444003006546,0.0
CDC42EP4,0.1423944801092148,36.100075163749594,0.0
SLC35A5,0.14235319197177887,36.09470632449264,0.0
THTPA,0.14232684224843978,36.08933748523569,0.0
FUNDC1,0.14230289980769156,36.083968645978736,0.0
NKX2-2,0.1422959603369236,36.07859980672179,0.0
SLC18A1,0.1422882042825222,36.07323096746484,0.0
RNF11,0.1422833025455475,36.067862128207885,0.0
WDR27,0.14227569177746774,36.06249328895093,0.0
FAM184A,0.14226145744323732,36.05712444969398,0.0
TAS2R5,0.14224960654973984,36.05175561043703,0.0
TRIM36,0.1422445669770241,36.046386771180075,0.0
H2AFJ,0.1422422558069229,36.04101793192312,0.0
ANKIB1,0.14221921935677528,36.03564909266617,0.0
OR5AP2,0.14215947240591048,36.03028025340922,0.0
RRAD,0.1421221226453781,36.024911414152264,0.0
SNX6,0.14211900606751443,36.01954257489531,0.0
MRPL9,0.14211055114865304,36.01417373563835,0.0
IP6K1,0.14208721816539766,36.0088048963814,0.0
OR8I2,0.14206847697496414,36.003436057124446,0.0
PCDHGA6,0.14206813722848893,35.998067217867494,0.0
CDC6,0.14206724166870116,35.99269837861054,0.0
COL21A1,0.1420559488236904,35.98732953935359,0.0
FAM117A,0.14205070212483406,35.981960700096636,0.0
OR5AR1,0.14199870079755783,35.97659186083968,0.0
OR51F2,0.14197978898882865,35.97122302158273,0.0
OR6B3,0.14191739186644553,35.96585418232578,0.0
C15orf40,0.14188969060778617,35.960485343068825,0.0
MSMO1,0.14185675978660583,35.95511650381187,0.0
ZSCAN31,0.14181531667709352,35.94974766455492,0.0
TBC1D25,0.14181374609470368,35.94437882529797,0.0
IMP3,0.14179013520479203,35.93900998604102,0.0
FCF1,0.14175058901309967,35.93364114678407,0.0
SPRYD7,0.1417409934103489,35.928272307527116,0.0
EHD2,0.14173846542835236,35.922903468270164,0.0
NUFIP2,0.14171997606754302,35.91753462901321,0.0
CCDC107,0.14171068072319032,35.91216578975626,0.0
POMZP3,0.14169278144836425,35.906796950499306,0.0
STARD8,0.14168741479516028,35.90142811124235,0.0
OR5AK2,0.14168287441134453,35.8960592719854,0.0
KCNH8,0.1416816808283329,35.89069043272845,0.0
ZNF347,0.14166899248957635,35.885321593471495,0.0
KRCC1,0.14166067391633988,35.87995275421454,0.0
WDR5B,0.1416529469192028,35.87458391495758,0.0
EMILIN1,0.1416432701051235,35.86921507570063,0.0
UTP18,0.14162845760583878,35.86384623644368,0.0
SLC25A29,0.14162668138742446,35.858477397186725,0.0
YWHAH,0.1416116625070572,35.85310855792977,0.0
APPBP2,0.14160106629133223,35.84773971867282,0.0
CYB5D1,0.14159554615616798,35.84237087941587,0.0
P2RX6,0.14156638830900192,35.837002040158914,0.0
C11orf24,0.14154416918754578,35.83163320090196,0.0
IAH1,0.141532251983881,35.82626436164501,0.0
OR1J4,0.14153210073709488,35.82089552238806,0.0
GJB4,0.14152553528547288,35.815526683131104,0.0
KIN,0.14150927290320398,35.81015784387415,0.0
KCNC1,0.14148671701550483,35.8047890046172,0.0
NUDT22,0.14147112295031547,35.79942016536025,0.0
C9orf114,0.1414650209248066,35.7940513261033,0.0
MOGAT1,0.14145229309797286,35.78868248684635,0.0
PUF60,0.1414390414953232,35.783313647589395,0.0
SLC16A7,0.14142166525125505,35.77794480833244,0.0
KLC1,0.14140495657920837,35.77257596907549,0.0
TAS2R1,0.14139133393764497,35.76720712981854,0.0
CIRBP,0.14135767742991448,35.761838290561585,0.0
COA4,0.14128297790884972,35.75646945130463,0.0
ARL8A,0.14126627370715142,35.75110061204768,0.0
OR6C4,0.14124614968895913,35.74573177279072,0.0
ZNF559,0.14120008945465087,35.74036293353377,0.0
OR2V2,0.14108502939343454,35.734994094276814,0.0
CTIF,0.14105968475341796,35.72962525501986,0.0
LEPROTL1,0.1410509392619133,35.72425641576291,0.0
YIF1B,0.1410469725728035,35.718887576505956,0.0
ENDOD1,0.141025048494339,35.713518737249004,0.0
ENTPD4,0.14102167785167694,35.70814989799205,0.0
ZFAND1,0.14099123924970627,35.7027810587351,0.0
NME2,0.14098509550094604,35.697412219478146,0.0
MRPL10,0.1409714139997959,35.69204338022119,0.0
PRPS1L1,0.14097072407603264,35.68667454096424,0.0
DGKA,0.14096638262271882,35.68130570170729,0.0
TEX30,0.14093633145093917,35.675936862450335,0.0
TMEM11,0.14091239348053933,35.67056802319338,0.0
EIF4E3,0.14086954891681672,35.66519918393643,0.0
TAF5L,0.14086539074778556,35.659830344679484,0.0
CCDC141,0.14085574001073836,35.65446150542253,0.0
SMCO4,0.14080044478178025,35.64909266616558,0.0
OR6C2,0.14078542590141296,35.64372382690863,0.0
OR5J2,0.1407404750585556,35.638354987651674,0.0
NENF,0.14073541536927223,35.63298614839472,0.0
ATAT1,0.1406910978257656,35.62761730913777,0.0
SPIN2B,0.14068749621510507,35.622248469880816,0.0
LCLAT1,0.140639229118824,35.61687963062386,0.0
ABHD17A,0.14061772227287292,35.61151079136691,0.0
DYNLT3,0.14058503955602647,35.60614195210995,0.0
ACP6,0.1405722238123417,35.600773112853,0.0
DIRAS1,0.14056193232536315,35.595404273596046,0.0
HOGA1,0.14054729416966438,35.59003543433909,0.0
TECPR2,0.14052510038018226,35.58466659508214,0.0
RWDD2B,0.14050865545868874,35.57929775582519,0.0
OR5C1,0.140484207123518,35.573928916568235,0.0
SP9,0.1404818631708622,35.56856007731128,0.0
DDX60L,0.14047010689973832,35.56319123805433,0.0
FAM193B,0.14046164676547052,35.55782239879738,0.0
KBTBD2,0.14045137539505959,35.552453559540425,0.0
SLC48A1,0.1404407203197479,35.54708472028347,0.0
BTBD2,0.14041163697838782,35.54171588102652,0.0
PMEPA1,0.14040934517979622,35.53634704176957,0.0
RILP,0.14040761888027192,35.530978202512614,0.0
OR2A5,0.14039495587348938,35.52560936325567,0.0
STEAP4,0.14036987721920013,35.520240523998716,0.0
PTGR1,0.14036353155970574,35.51487168474176,0.0
OR10J5,0.14035768136382104,35.50950284548481,0.0
ELAVL3,0.14034192860126496,35.50413400622786,0.0
RFWD2,0.14029550850391387,35.498765166970905,0.0
ZNF510,0.1402856059372425,35.49339632771395,0.0
HNRNPA0,0.14027955532073974,35.488027488457,0.0
RPRD2,0.14027439057826996,35.48265864920005,0.0
AP4S1,0.14027118682861328,35.47728980994309,0.0
SMIM7,0.1402576357126236,35.471920970686135,0.0
ZSWIM1,0.14022921472787858,35.46655213142918,0.0
OR52H1,0.14022794216871262,35.46118329217223,0.0
BEX5,0.14021422564983368,35.45581445291528,0.0
RNPEP,0.14020933955907822,35.450445613658324,0.0
MOSPD1,0.1402067668735981,35.44507677440137,0.0
OR51F1,0.14020560383796693,35.43970793514442,0.0
KLK3,0.1401814579963684,35.434339095887466,0.0
TM9SF4,0.1401681087911129,35.428970256630514,0.0
MAFF,0.14014064744114876,35.42360141737356,0.0
METAP1D,0.1401159182190895,35.41823257811661,0.0
SCAMP4,0.14010911732912062,35.412863738859656,0.0
B4GALT4,0.14004265367984772,35.4074948996027,0.0
WDR44,0.14003984183073043,35.40212606034575,0.0
NXPH3,0.14000654518604277,35.3967572210888,0.0
OR52A5,0.13997693359851837,35.391388381831845,0.0
FRG1,0.13992926516369278,35.3860195425749,1.0
ZBTB16,0.1399281144142151,35.38065070331795,0.0
HNRNPUL2,0.13988632336258888,35.375281864060995,0.0
PRICKLE3,0.13986036479473113,35.36991302480404,0.0
COA6,0.13983342200517654,35.36454418554709,0.0
GON4L,0.13983333706855774,35.35917534629014,0.0
OR4C6,0.13982453271746637,35.353806507033184,0.0
SEC22A,0.13982332721352578,35.34843766777623,0.0
LYRM4,0.1398136705160141,35.34306882851928,0.0
MROH7,0.13977067321538925,35.33769998926232,0.0
ZNF597,0.13975517824292183,35.332331150005366,0.0
SGK223,0.13972833678126334,35.326962310748414,0.0
CYP4F22,0.13972396031022072,35.32159347149146,0.0
OR2Z1,0.1397206813097,35.31622463223451,0.0
AK8,0.13971498236060143,35.310855792977556,0.0
FBXO9,0.13967398628592492,35.3054869537206,0.0
CDC42EP5,0.13967231437563896,35.30011811446365,0.0
HIST3H3,0.1396513655781746,35.2947492752067,0.0
ZNF275,0.13964902237057686,35.289380435949745,0.0
TRIM41,0.1396368220448494,35.28401159669279,0.0
ETNK1,0.13960994482040406,35.27864275743584,0.0
BEND7,0.13959914222359657,35.27327391817889,0.0
IGFN1,0.13959691524505616,35.267905078921935,0.0
UBXN2A,0.1395934723317623,35.26253623966498,0.0
PLCD1,0.13957327082753182,35.25716740040803,0.0
PJA1,0.13956521153450013,35.25179856115108,0.0
PROSER1,0.13956243470311164,35.24642972189413,0.0
UBALD1,0.13955681547522544,35.24106088263718,0.0
ANKRD54,0.13955280035734177,35.235692043380226,0.0
USB1,0.13954364135861397,35.23032320412327,0.0
C1orf122,0.1395037963986397,35.22495436486632,0.0
CHD5,0.1394819900393486,35.21958552560937,0.0
TMED5,0.13945482596755027,35.214216686352415,0.0
NAP1L3,0.1394256003201008,35.208847847095456,0.0
MRAS,0.13941526785492897,35.2034790078385,0.0
CRIPAK,0.13939742371439934,35.19811016858155,0.0
TAOK1,0.13938582688570023,35.1927413293246,0.0
NOP9,0.1393836982548237,35.187372490067645,0.0
ZCCHC4,0.1393742933869362,35.18200365081069,0.0
WDR37,0.13937253430485724,35.17663481155374,0.0
WDR73,0.13936268910765648,35.17126597229679,0.0
PAIP2,0.13927048370242118,35.165897133039834,0.0
PNMT,0.13925354480743407,35.16052829378288,0.0
CLCN5,0.13916648626327516,35.15515945452593,0.0
BAI3,0.1391652375459671,35.14979061526898,0.0
SLC50A1,0.13916323110461234,35.144421776012024,0.0
ZNF580,0.1391539417207241,35.13905293675507,0.0
OR6B1,0.13914954662322998,35.13368409749812,0.0
ENPP4,0.13909361585974694,35.128315258241166,0.0
PPP1R7,0.13907704427838324,35.12294641898421,0.0
GKAP1,0.1390748791396618,35.11757757972726,0.0
OR10J1,0.13902532458305358,35.11220874047031,0.0
SERHL2,0.13896356225013734,35.10683990121336,0.0
CHMP4A,0.13896235674619675,35.10147106195641,0.0
ZCCHC17,0.13894043415784835,35.09610222269946,0.0
OR1N1,0.13893546685576438,35.090733383442505,0.0
ZNF746,0.138914655148983,35.08536454418555,0.0
DERA,0.13889601975679397,35.0799957049286,0.0
LRRC37A3,0.1388943038880825,35.07462686567165,0.0
TDP2,0.1388930484652519,35.06925802641469,0.0
OR8H2,0.13889004066586494,35.063889187157734,0.0
GRAMD1C,0.13888510391116143,35.05852034790078,0.0
AAED1,0.13887620642781257,35.05315150864383,0.0
TMEM14A,0.1388727158308029,35.047782669386876,0.0
LYRM2,0.13885705471038817,35.042413830129924,0.0
CLPSL1,0.13885665237903594,35.03704499087297,0.0
GPR183,0.1388530910015106,35.03167615161602,0.0
IRX4,0.13885253816843032,35.026307312359066,0.0
GCN1L1,0.13883273750543595,35.02093847310211,0.0
PTPRN,0.1387813374400139,35.01556963384516,0.0
SH3BGRL,0.13871980756521224,35.01020079458821,0.0
ZSCAN12,0.1387196622788906,35.004831955331255,0.0
KIAA0907,0.13871366307139396,34.9994631160743,0.0
TMC7,0.13871329352259637,34.99409427681735,0.0
SLC16A4,0.1387092038989067,34.9887254375604,0.0
CLIC2,0.13868842869997025,34.983356598303445,0.0
RND1,0.13865486457943915,34.97798775904649,0.0
OR12D3,0.13863354921340942,34.97261891978954,0.0
CCDC30,0.13860128596425056,34.967250080532594,0.0
OR2AT4,0.13856558576226236,34.96188124127564,0.0
EXOC3L2,0.13855928257107736,34.95651240201869,0.0
OR2V1,0.13855222538113593,34.951143562761736,0.0
STK19,0.138551265001297,34.94577472350478,0.0
TMEM163,0.13852349892258645,34.940405884247824,0.0
RADIL,0.13849450424313545,34.93503704499087,0.0
C6orf89,0.13849342837929726,34.92966820573392,0.0
SLC27A5,0.13847377002239228,34.924299366476966,0.0
RHOF,0.138418747484684,34.91893052722001,0.0
AKAP8L,0.13839394971728325,34.91356168796306,0.0
FBXW2,0.13838615268468857,34.90819284870611,0.0
UPF3B,0.13838162943720816,34.902824009449155,0.0
NINJ2,0.1383677326142788,34.8974551701922,0.0
RPUSD1,0.13836223930120467,34.89208633093525,0.0
UVRAG,0.13831616640090943,34.8867174916783,0.0
WEE2,0.13831496387720107,34.881348652421345,0.0
GBGT1,0.13830622881650925,34.87597981316439,0.0
IMPG2,0.13830300122499467,34.87061097390744,0.0
TOB2,0.13827514946460723,34.86524213465049,0.0
ANKRD9,0.13824457079172134,34.859873295393534,0.0
OR51I2,0.1382085859775543,34.85450445613658,0.0
SKAP1,0.13820647075772285,34.84913561687963,0.0
NIPAL3,0.13817675933241844,34.843766777622676,0.0
LONRF1,0.13817146569490432,34.83839793836572,0.0
FBXO34,0.1381643109023571,34.83302909910878,0.0
LCT,0.13816214278340339,34.827660259851825,0.0
SLC2A10,0.13813771829009056,34.82229142059487,0.0
PHF8,0.13811637237668037,34.81692258133792,0.0
OR4N2,0.13810780718922616,34.81155374208097,0.0
FNBP1,0.1381069876253605,34.806184902824015,0.0
CDH4,0.1380966417491436,34.800816063567055,0.0
PHF7,0.13809119611978532,34.7954472243101,0.0
PHF1,0.1380760505795479,34.79007838505315,0.0
GABPB2,0.13806937709450723,34.7847095457962,0.0
AP5B1,0.13805247768759726,34.779340706539244,0.0
IGSF3,0.1380421429872513,34.77397186728229,0.0
TSPAN8,0.13804123401641846,34.76860302802534,0.0
AVL9,0.13800800815224648,34.763234188768386,0.0
ST6GALNAC6,0.1380008265376091,34.757865349511434,0.0
TATDN1,0.13799413964152335,34.75249651025448,0.0
FEZF2,0.13799027130007743,34.74712767099753,0.0
METTL7B,0.13798945769667625,34.741758831740576,0.0
PRR5,0.13796990290284156,34.73638999248362,0.0
WDR17,0.1379557654261589,34.73102115322667,0.0
TAF1L,0.13795318454504013,34.72565231396972,0.0
RNF44,0.1379452794790268,34.720283474712765,0.0
MRPL52,0.13793662264943124,34.71491463545581,0.0
LMO3,0.13793595805764197,34.70954579619886,0.0
OR4X2,0.13791030645370483,34.70417695694191,0.0
ZNF821,0.1379030577838421,34.698808117684955,0.0
AKR1C4,0.13789192140102385,34.69343927842801,0.0
PCYOX1L,0.13782102316617967,34.68807043917106,0.0
YRDC,0.13779895156621932,34.682701599914104,0.0
KIAA0368,0.13777613565325736,34.67733276065715,0.0
KIF13A,0.13774890825152397,34.67196392140019,0.0
PCDH17,0.13773124516010285,34.66659508214324,0.0
ZCCHC8,0.1377115122973919,34.661226242886286,0.0
OR8K5,0.1377055123448372,34.655857403629334,0.0
GNRH1,0.1376976788043976,34.65048856437238,0.0
TRABD,0.1376746691763401,34.64511972511543,0.0
OR4A5,0.13766457736492158,34.639750885858476,0.0
CACNA1E,0.13764724284410476,34.63438204660152,0.0
COL13A1,0.13760782331228255,34.62901320734457,0.0
MRPL54,0.1376015767455101,34.62364436808762,0.0
PLSCR4,0.13759543150663375,34.618275528830665,0.0
OR13C4,0.13755108043551445,34.61290668957371,0.0
SERINC3,0.13754928559064866,34.60753785031676,0.0
RPA4,0.13748048320412637,34.60216901105981,0.0
ADI1,0.13744649067521095,34.596800171802855,0.0
ZNF45,0.1374458409845829,34.5914313325459,0.0
OR7A10,0.13739717975258828,34.58606249328895,0.0
MRPL35,0.13738899677991867,34.580693654032,0.0
APOBEC3G,0.13738537728786468,34.575324814775044,0.0
LRP5L,0.13737836182117463,34.56995597551809,0.0
ATXN7L3B,0.13735301792621613,34.56458713626114,0.0
GTPBP8,0.1373217724263668,34.559218297004186,0.0
OR5H6,0.1373205952346325,34.55384945774724,0.0
OVGP1,0.13731748685240747,34.54848061849029,0.0
OR1K1,0.13731276467442513,34.543111779233335,0.0
PPIL1,0.13726028874516488,34.53774293997638,0.0
CAMK2N1,0.1372513197362423,34.53237410071942,0.0
OR4K13,0.13724845945835112,34.52700526146247,0.0
ZNF300,0.137247484177351,34.52163642220552,0.0
C18orf21,0.13721234872937202,34.516267582948565,0.0
HMGXB4,0.1371456727385521,34.51089874369161,0.0
RBM42,0.1371387332677841,34.50552990443466,0.0
ARHGAP22,0.13711745217442511,34.50016106517771,0.0
MKLN1,0.13708798736333846,34.494792225920754,0.0
KANK3,0.13706027194857598,34.4894233866638,0.0
LPHN2,0.1370263509452343,34.48405454740685,0.0
TBXA2R,0.13702463135123252,34.4786857081499,0.0
OR2T33,0.1370209939777851,34.473316868892944,0.0
ZNF397,0.13697261214256287,34.46794802963599,0.0
SPON2,0.13696237057447433,34.46257919037904,0.0
DDI2,0.13693731352686883,34.457210351122086,0.0
TSPAN13,0.13690463602542877,34.45184151186513,0.0
OR10A7,0.1369002044200897,34.44647267260818,0.0
IGSF9,0.13689824864268302,34.44110383335123,0.0
OR10A6,0.1368950016796589,34.435734994094275,0.0
ROPN1L,0.1368949469178915,34.43036615483732,0.0
MPZL2,0.1368923716247082,34.42499731558037,0.0
PAFAH1B2,0.13686270639300346,34.41962847632342,0.0
OR2T12,0.1368611216545105,34.41425963706647,0.0
GNA14,0.13681700751185416,34.40889079780952,0.0
SAMD9,0.13677358627319336,34.40352195855256,0.0
PCDHB5,0.13677203506231309,34.39815311929561,0.0
FAM8A1,0.1367483340203762,34.392784280038654,0.0
ANKRD49,0.13674630150198935,34.3874154407817,0.0
ENPEP,0.1367410823702812,34.38204660152475,0.0
ATG4C,0.1367332585155964,34.376677762267796,0.0
JMJD8,0.13672915548086167,34.371308923010844,0.0
THUMPD1,0.13669628500938416,34.36594008375389,0.0
LRRN4CL,0.13668747544288634,34.36057124449694,0.0
COMMD8,0.13666238859295846,34.355202405239986,0.0
SRPX2,0.13665831163525582,34.34983356598303,0.0
ANKRD37,0.13663526326417924,34.34446472672608,0.0
OR10K1,0.13659641072154044,34.33909588746913,0.0
HSPA13,0.13657823577523232,34.333727048212175,0.0
FRMD4B,0.1365778185427189,34.32835820895522,0.0
SENP5,0.136558123677969,34.32298936969827,0.0
SAMD11,0.13653497472405435,34.31762053044132,0.0
PALM2-AKAP2,0.13652238696813584,34.312251691184365,0.0
OR52L1,0.13648535683751106,34.30688285192741,0.0
ZNF444,0.13648344352841377,34.30151401267046,0.0
OR5M11,0.1364715039730072,34.29614517341351,0.0
TMEM106B,0.13646547570824624,34.290776334156554,0.0
ALDH3A1,0.1364041894674301,34.2854074948996,0.0
DHRSX,0.13639178052544593,34.28003865564265,0.0
NHLH2,0.1363520011305809,34.2746698163857,0.0
FAF2,0.13630638346076013,34.26930097712875,0.0
HDGFRP3,0.13627682998776436,34.26393213787179,0.0
CENPQ,0.13626551553606986,34.25856329861484,0.0
CDC42EP2,0.13623628169298171,34.253194459357886,0.0
RNASE6,0.13622617796063424,34.24782562010093,0.0
OR2B2,0.1362185634672642,34.24245678084398,0.0
TMEM150C,0.13618115559220315,34.23708794158703,0.0
OR2T3,0.13614556491374968,34.231719102330075,0.0
CEPT1,0.1361393541097641,34.22635026307312,0.0
PAAF1,0.1361227326095104,34.22098142381617,0.0
FAM155B,0.13611566051840782,34.21561258455922,0.0
DEDD,0.13605127707123757,34.210243745302265,0.0
SYBU,0.13604049757122993,34.20487490604531,0.0
FAM150B,0.13603782579302787,34.19950606678836,0.0
SOAT2,0.13602383881807328,34.19413722753141,0.0
ZNF528,0.1360180012881756,34.188768388274454,0.0
OR9Q2,0.1359890468418598,34.1833995490175,0.0
ZNF404,0.13596743419766427,34.17803070976055,0.0
LHX5,0.1359670229256153,34.172661870503596,0.0
OR2G3,0.13594893515110015,34.16729303124664,0.0
ECHDC3,0.13594605252146721,34.16192419198969,0.0
OR52R1,0.13594555258750915,34.15655535273274,0.0
TMEM47,0.13593579232692718,34.151186513475785,0.0
CD37,0.13591836467385293,34.14581767421883,0.0
NBPF15,0.1358837179839611,34.14044883496189,0.0
C7orf50,0.13586195483803748,34.13507999570493,0.0
C14orf93,0.1358356222510338,34.129711156447975,0.0
MRPS6,0.13583314940333366,34.12434231719102,0.0
MPV17L2,0.13581618964672088,34.11897347793407,0.0
ZFYVE27,0.13581211119890213,34.11360463867712,0.0
NKIRAS1,0.135793723911047,34.108235799420164,0.0
LMF2,0.13579110726714133,34.10286696016321,0.0
MCM9,0.13577835932374,34.09749812090626,0.0
SPATA2L,0.1357540987432003,34.09212928164931,0.0
OLFML2A,0.13573906123638152,34.086760442392354,0.0
OR8D1,0.13571727871894837,34.0813916031354,0.0
IQSEC1,0.13570488840341569,34.07602276387845,0.0
DIS3L2,0.13569603115320206,34.070653924621496,0.0
TGFBRAP1,0.13568908348679543,34.06528508536454,0.0
RPUSD2,0.13567372858524324,34.05991624610759,0.0
UBAP2L,0.13566272035241128,34.05454740685064,0.0
TTC7B,0.1356291003525257,34.049178567593685,0.0
PIK3CD,0.13560492545366287,34.04380972833673,0.0
CDIP1,0.1355834998190403,34.03844088907978,0.0
OR6C75,0.13558007329702376,34.03307204982283,0.0
GTF3C4,0.13552158400416375,34.027703210565875,0.0
SYN1,0.13548104614019393,34.02233437130892,0.0
ZKSCAN2,0.13544945865869523,34.01696553205197,0.0
VSIG10,0.13544668182730674,34.01159669279502,0.0
OR2G2,0.13543822914361953,34.006227853538064,0.0
AACS,0.13543326258659363,34.00085901428112,0.0
FAXDC2,0.13539626002311705,33.99549017502416,0.0
OR9I1,0.13536416366696358,33.990121335767206,0.0
ZNF217,0.13532597571611404,33.984752496510254,0.0
SCRN3,0.13530024662613868,33.9793836572533,0.0
TMEM101,0.13528433293104172,33.97401481799635,0.0
TAS2R8,0.13523655757308006,33.968645978739396,0.0
MRPL32,0.13523186594247819,33.96327713948244,0.0
GM2A,0.1352038525044918,33.95790830022549,0.0
RAB20,0.13517143577337265,33.95253946096854,0.0
TRPT1,0.13515369445085526,33.947170621711585,0.0
PRELID1,0.1351501852273941,33.94180178245463,0.0
CLASRP,0.1351354666054249,33.93643294319768,0.0
ARHGAP39,0.13513415604829787,33.93106410394073,0.0
C4BPB,0.13511165380477905,33.925695264683775,0.0
OR8K1,0.13510191068053246,33.92032642542682,0.0
LYNX1,0.13508122339844703,33.91495758616987,0.0
FAM219A,0.13506845608353615,33.90958874691292,0.0
MS4A7,0.1350577749311924,33.904219907655964,0.0
NSFL1C,0.13505520895123482,33.89885106839901,0.0
RRP15,0.13505474999547004,33.89348222914206,0.0
LCMT2,0.13502101823687554,33.888113389885106,0.0
EGFL8,0.1350111186504364,33.88274455062815,0.0
TMTC2,0.13499561399221421,33.8773757113712,0.0
ZNF37A,0.1349777787923813,33.87200687211425,0.0
DCAF4,0.13497526571154594,33.866638032857296,0.0
ZNF184,0.13494677990674972,33.86126919360034,0.0
TRAPPC2,0.13491916730999948,33.85590035434339,0.0
C7orf26,0.13487754464149476,33.85053151508644,0.0
MOGAT3,0.13487114384770393,33.845162675829485,0.0
SLC8B1,0.13486353531479836,33.83979383657253,0.0
HEATR3,0.13484498709440232,33.83442499731558,0.0
KCNH5,0.13483800664544104,33.82905615805863,0.0
C1orf198,0.1347784146666527,33.823687318801674,0.0
FOLH1,0.13477256149053574,33.81831847954472,0.0
HSPA14,0.1347637064754963,33.81294964028777,0.0
GZMK,0.13475948050618172,33.80758080103082,0.0
RCCD1,0.1347547300159931,33.802211961773864,0.0
KLHDC3,0.13473547324538232,33.79684312251691,0.0
OR8B4,0.13468316644430162,33.79147428325996,0.0
HHLA3,0.13466290086507798,33.786105444003006,0.0
ZNF791,0.13465498387813568,33.78073660474605,0.0
FUT9,0.13465321958065032,33.7753677654891,0.0
OR52N2,0.13463976606726646,33.76999892623215,0.0
APOL6,0.13459328413009644,33.764630086975195,0.0
GPR83,0.13459060825407504,33.75926124771824,0.0
SYTL4,0.13458073288202285,33.75389240846129,0.0
SURF2,0.13457818031311036,33.74852356920434,0.0
ST6GAL1,0.134571373462677,33.743154729947385,0.0
MRPL53,0.13451546281576157,33.73778589069043,0.0
WDR89,0.1345041386783123,33.73241705143348,0.0
MAT1A,0.13449667245149613,33.72704821217653,0.0
RMND5A,0.1344834417104721,33.721679372919574,0.0
FLRT1,0.13446279242634773,33.71631053366262,0.0
OR2AE1,0.13434199020266532,33.71094169440567,0.0
TEX29,0.1343310907483101,33.705572855148716,0.0
OR2L8,0.1343182161450386,33.700204015891764,0.0
ZDHHC5,0.13430797308683395,33.69483517663481,0.0
SEC61G,0.1342714808881283,33.68946633737786,0.0
MARCH6,0.1342519588768482,33.684097498120906,0.0
FSTL3,0.13423840329051018,33.67872865886395,0.0
TTC32,0.13423720598220826,33.673359819607,0.0
OR5AU1,0.1342208705842495,33.66799098035005,0.0
PHC3,0.13420446440577508,33.662622141093095,0.0
SHROOM1,0.1341984301805496,33.65725330183614,0.0
S100A16,0.13417593389749527,33.65188446257919,0.0
DPH6,0.134175643324852,33.64651562332224,0.0
MAP7,0.13416363894939423,33.641146784065285,0.0
METTL23,0.13416073396801947,33.63577794480833,0.0
NOP16,0.13414126187562941,33.63040910555138,0.0
KLHL6,0.13411871790885926,33.62504026629443,0.0
SLC2A4RG,0.13406361639499664,33.619671427037474,0.0
TNFAIP6,0.13404609337449075,33.61430258778052,0.0
EID2B,0.1340244561433792,33.60893374852357,0.0
DMTN,0.13401572927832603,33.603564909266616,0.0
LRRC40,0.13401081264019013,33.598196070009664,0.0
CCDC69,0.1340087153017521,33.59282723075271,0.0
OR4C13,0.1339976094663143,33.58745839149576,0.0
ARHGAP20,0.1339974232017994,33.582089552238806,0.0
ANKRD18A,0.13398318290710448,33.57672071298185,0.0
TMEM50A,0.1339786395430565,33.5713518737249,0.0
LRRC57,0.13396529331803322,33.56598303446795,0.0
ZNF846,0.13391102626919746,33.560614195210995,0.0
MED7,0.1339001476764679,33.55524535595404,0.0
PSTPIP1,0.1338845118880272,33.54987651669709,0.0
C1QTNF2,0.1338751994073391,33.54450767744014,0.0
NLRC4,0.1338701605796814,33.539138838183185,0.0
SENP3,0.13382311463356017,33.53376999892623,0.0
PMFBP1,0.13378530293703078,33.52840115966928,0.0
RHBDD1,0.13377897590398788,33.52303232041233,0.0
HEMK1,0.13377804085612297,33.517663481155374,0.0
GPR133,0.13376306369900703,33.51229464189842,0.0
OR2T6,0.13374142572283745,33.50692580264147,0.0
OR8A1,0.1337333470582962,33.501556963384516,0.0
MYT1L,0.13369737416505814,33.49618812412756,0.0
ZNF776,0.1336713083088398,33.49081928487061,0.0
SLCO3A1,0.13365420177578927,33.48545044561366,0.0
NOTCH2NL,0.1336442619562149,33.480081606356705,0.0
OR10A5,0.1336296260356903,33.47471276709975,0.0
NPEPL1,0.13360590487718582,33.4693439278428,0.0
ZNF23,0.1336032286286354,33.46397508858585,0.0
PYROXD2,0.13357350081205369,33.458606249328895,0.0
SLC25A35,0.13356011509895324,33.45323741007194,0.0
OR6A2,0.1335574321448803,33.44786857081499,0.0
SNRPE,0.13355187624692916,33.44249973155804,0.0
CHST2,0.13354120627045632,33.437130892301084,0.0
OR2A25,0.1335324764251709,33.43176205304413,0.0
SPDL1,0.13351335898041725,33.42639321378718,0.0
SRSF6,0.13350782692432403,33.42102437453023,0.0
SLC6A12,0.13349181190133094,33.415655535273274,0.0
TIAM1,0.133427707105875,33.41028669601632,0.0
C3orf58,0.13342422544956206,33.40491785675937,0.0
PAK7,0.13341937586665154,33.399549017502416,0.0
KCNJ4,0.13341601714491844,33.39418017824546,0.0
PAPLN,0.1334134079515934,33.38881133898851,0.0
ZNF304,0.13340105935931207,33.38344249973156,0.0
SHC4,0.13335686326026916,33.378073660474605,0.0
IGSF1,0.13333861753344536,33.37270482121765,0.0
SCOC,0.13333627432584763,33.3673359819607,0.0
CHML,0.1333354100584984,33.36196714270375,0.0
TMCC2,0.13333091586828233,33.356598303446795,0.0
PIR,0.13328729644417764,33.35122946418984,0.0
OR6C6,0.1332847647368908,33.34586062493289,0.0
ATP6V1E2,0.13327478542923926,33.34049178567594,0.0
CYP7B1,0.13324419632554055,33.335122946418984,0.0
COL23A1,0.13323036581277847,33.32975410716203,0.0
OARD1,0.13322723507881165,33.32438526790508,0.0
R3HDM4,0.13321743607521058,33.319016428648126,0.0
OR2AK2,0.13321373611688614,33.313647589391174,0.0
RANBP17,0.1332028366625309,33.30827875013422,0.0
DUSP14,0.1332022599875927,33.30290991087727,0.0
OR10H1,0.1331876315176487,33.297541071620316,0.0
SNCAIP,0.13318394795060157,33.29217223236336,0.0
SLC45A4,0.13317956775426865,33.28680339310641,0.0
TTC23,0.13316072821617125,33.28143455384946,0.0
C1D,0.13315983414649962,33.276065714592505,0.0
SLC25A44,0.13313361629843712,33.27069687533555,0.0
OR2L3,0.1331225723028183,33.2653280360786,0.0
SPC24,0.13311491161584854,33.25995919682165,0.0
GBP1,0.1331103779375553,33.254590357564695,0.0
FPGT-TNNI3K,0.13306946754455568,33.24922151830774,0.0
TEKT1,0.13305276557803153,33.24385267905079,0.0
DTWD1,0.13298445641994477,33.23848383979384,0.0
SH3GLB1,0.13297493308782576,33.233115000536884,0.0
FUCA2,0.13296434804797172,33.22774616127993,0.0
OR4E2,0.13295239582657814,33.22237732202298,0.0
GPANK1,0.1329108826816082,33.217008482766026,0.0
RAB24,0.13288030475378038,33.21163964350907,0.0
C19orf25,0.13286639228463173,33.20627080425212,0.0
HAVCR1,0.13285026773810388,33.20090196499517,0.0
TTC39C,0.13281087279319764,33.195533125738216,0.0
C5orf51,0.13279198631644248,33.19016428648126,0.0
SLC25A27,0.13278912454843522,33.18479544722431,0.0
PLEKHA6,0.1327625498175621,33.17942660796736,0.0
TSPAN6,0.1327556498348713,33.174057768710405,0.0
SH3BP5,0.13274904415011407,33.16868892945345,0.0
TRIM65,0.132747171074152,33.1633200901965,0.0
MSANTD4,0.1327262431383133,33.15795125093955,0.0
TMED7,0.13271436020731925,33.152582411682594,0.0
CDS1,0.1327043168246746,33.14721357242564,0.0
MPEG1,0.1326611667871475,33.14184473316869,0.0
FAHD2A,0.1326427474617958,33.13647589391174,0.0
OR10A2,0.13262414559721947,33.131107054654784,0.0
MAN1A1,0.13255494236946105,33.12573821539783,0.0
OLFM1,0.13253502994775773,33.12036937614088,0.0
NBPF12,0.1324891559779644,33.115000536883926,0.0
ERP29,0.1324452929198742,33.10963169762697,0.0
FAM98C,0.13242873921990395,33.10426285837002,0.0
OR4D5,0.13241448849439622,33.09889401911307,0.0
PARS2,0.13240478336811065,33.093525179856115,0.0
PPIP5K1,0.13237680196762086,33.08815634059916,0.0
OR5T1,0.132364671677351,33.08278750134221,0.0
ZNF524,0.13232849091291427,33.07741866208526,0.0
PCDHB7,0.13232290893793106,33.072049822828305,0.0
ZNF697,0.1322814017534256,33.06668098357135,0.0
ZNF764,0.13228004723787307,33.0613121443144,0.0
PHF19,0.1322626993060112,33.05594330505745,0.0
POLE2,0.13223799392580987,33.050574465800494,0.0
REPS1,0.1322256177663803,33.04520562654354,0.0
ZNF254,0.1322163537144661,33.03983678728659,0.0
OR5B17,0.13221546858549119,33.034467948029636,0.0
PLXDC1,0.13221501633524896,33.029099108772684,0.0
TLE6,0.13219817951321602,33.02373026951573,0.0
ZNF574,0.13215781822800637,33.01836143025878,0.0
EED,0.13212441727519036,33.012992591001826,0.0
TCEB3B,0.1321012072265148,33.00762375174487,0.0
RIPK2,0.13208176642656327,33.00225491248792,0.0
PPP1R11,0.13208151012659072,32.99688607323097,0.0
DNASE1L3,0.13207036331295968,32.991517233974015,0.0
OR13C3,0.13202494531869888,32.98614839471706,0.0
PAFAH1B3,0.13199952393770217,32.98077955546011,0.0
OR6C1,0.13197470009326934,32.97541071620316,0.0
OR52I2,0.13195119723677634,32.970041876946205,0.0
TSNAX,0.13194491490721702,32.96467303768925,0.0
OR2AG2,0.13193596974015237,32.9593041984323,0.0
ZNF564,0.13193515539169312,32.95393535917535,0.0
NDRG4,0.1319093756377697,32.948566519918394,0.0
OR10W1,0.13183644339442252,32.94319768066144,0.0
OR5T3,0.13183151707053184,32.93782884140449,0.0
FAM195B,0.13182552382349969,32.932460002147536,0.0
OR4C3,0.13182277232408524,32.927091162890584,0.0
RNF128,0.13181305080652236,32.92172232363363,0.0
CHCHD5,0.13181148171424867,32.91635348437668,0.0
C9orf142,0.13179193288087845,32.910984645119726,0.0
WWC3,0.1317626528441906,32.90561580586277,0.0
ATXN3L,0.13174696639180183,32.90024696660582,0.0
TMEM259,0.13171692490577697,32.89487812734887,0.0
KIAA1549,0.1316802516579628,32.889509288091915,0.0
OR3A1,0.1316780388355255,32.88414044883496,0.0
IL9R,0.13166951164603233,32.87877160957801,0.0
C2orf76,0.13166004195809364,32.87340277032106,0.0
GIMAP7,0.13164497092366217,32.868033931064105,0.0
JAZF1,0.13164492174983025,32.86266509180715,0.0
CATSPER4,0.13162109032273292,32.8572962525502,0.0
EFCAB2,0.13161953762173653,32.85192741329325,0.0
ZNF414,0.1316145084798336,32.846558574036294,0.0
HCRTR1,0.13160335570573806,32.84118973477934,0.0
ZSCAN30,0.13158415332436563,32.83582089552239,0.0
PRODH,0.13155470415949821,32.830452056265436,0.0
SLC51A,0.13153162300586702,32.82508321700848,0.0
FBXO24,0.1315292477607727,32.81971437775153,0.0
OR10J3,0.13152916505932807,32.81434553849458,0.0
KLHL13,0.13152840957045556,32.808976699237625,0.0
CWC15,0.1314941130578518,32.80360785998067,0.0
AGPAT5,0.13148065730929376,32.79823902072372,0.0
ZP2,0.13144670203328132,32.79287018146677,0.0
PSMA1,0.13144210427999498,32.787501342209815,0.0
SRSF9,0.1314301572740078,32.78213250295286,0.0
GAL3ST3,0.1314079374074936,32.77676366369591,0.0
CNOT6L,0.1313953682780266,32.77139482443896,0.0
PHF12,0.13137708231806755,32.766025985182004,0.0
C1orf159,0.13135054484009742,32.76065714592505,0.0
KLF9,0.13132938966155053,32.7552883066681,0.0
EBPL,0.1312919430434704,32.74991946741115,0.0
EID2,0.13128956481814386,32.744550628154194,0.0
ZNF32,0.13127584159374237,32.73918178889724,0.0
UGT1A9,0.131275200098753,32.73381294964029,0.0
NR0B1,0.13125983402132987,32.728444110383336,0.0
KHK,0.13125861287117005,32.72307527112638,0.0
NAP1L5,0.13123731538653374,32.71770643186943,0.0
DUSP5,0.1312217891216278,32.71233759261248,0.0
FBXL6,0.1312214344739914,32.706968753355525,0.0
PSMD12,0.13119825720787048,32.70159991409857,0.0
AIFM3,0.13116699531674386,32.69623107484162,0.0
VWA5B2,0.13116174638271333,32.69086223558467,0.0
THAP5,0.13113245889544486,32.685493396327715,0.0
SLC35B1,0.13108646050095557,32.68012455707076,0.0
REEP3,0.131080012768507,32.67475571781381,0.0
CASKIN2,0.13106005638837814,32.66938687855686,0.0
SPC25,0.13101949393749238,32.664018039299904,0.0
RNF125,0.13099756985902786,32.65864920004295,0.0
ARPC1B,0.13099283054471017,32.653280360786,0.0
OR10A4,0.1309877373278141,32.647911521529046,0.0
OR1J1,0.1309826098382473,32.642542682272094,0.0
RHOQ,0.13091895580291749,32.63717384301514,0.0
C12orf65,0.1309114806354046,32.63180500375819,0.0
KPRP,0.13088909164071083,32.626436164501236,0.0
ZNHIT6,0.13088385611772538,32.62106732524428,0.0
PKHD1L1,0.13088367357850075,32.61569848598733,0.0
RNF6,0.1308400198817253,32.61032964673038,0.0
BRI3,0.13082114309072496,32.604960807473425,0.0
DTYMK,0.13079878315329552,32.59959196821647,0.0
CPNE6,0.13079860880970956,32.59422312895952,0.0
CDA,0.1307843431830406,32.58885428970257,0.0
NCLN,0.13078128769993783,32.583485450445615,0.0
ZDHHC21,0.1307734429836273,32.57811661118866,0.0
OR1G1,0.13075183033943177,32.57274777193171,0.0
VCPKMT,0.13074640333652496,32.56737893267476,0.0
OR5M3,0.13071196302771568,32.562010093417804,0.0
TM4SF20,0.1306991271674633,32.55664125416085,0.0
LHPP,0.1306881934404373,32.5512724149039,0.0
OR11H6,0.13067653477191926,32.545903575646946,0.0
EME2,0.13067201599478723,32.54053473638999,0.0
ARRDC2,0.13067166581749917,32.53516589713304,0.0
SLC25A28,0.13060320541262627,32.52979705787609,0.0
MRPL15,0.13058464154601096,32.524428218619136,0.0
PXK,0.13057134598493575,32.51905937936218,0.0
ZNF500,0.13050612360239028,32.51369054010523,0.0
USP46,0.13050591498613356,32.50832170084828,0.0
PPM1J,0.13049649223685264,32.502952861591325,0.0
RPS6KL1,0.13048141300678254,32.49758402233437,0.0
OR51A7,0.13047385960817337,32.49221518307742,0.0
MROH2A,0.1304729849100113,32.48684634382046,0.0
RNF126,0.1304658144712448,32.48147750456351,0.0
PTER,0.1304633177816868,32.47610866530656,0.0
GALNT12,0.13045781031250953,32.47073982604961,0.0
SEC22C,0.13042104691267015,32.46537098679266,0.0
LSM5,0.13041288778185844,32.460002147535704,0.0
CLCA1,0.1303998477756977,32.45463330827875,0.0
DDA1,0.13039236068725585,32.4492644690218,0.0
LPCAT4,0.13038682118058204,32.443895629764846,0.0
BABAM1,0.13035765513777733,32.43852679050789,0.0
HMHA1,0.13033874928951264,32.43315795125094,0.0
C18orf25,0.13033269122242927,32.42778911199399,0.0
ZBTB1,0.13032956644892693,32.422420272737035,0.0
OR1A2,0.13030517250299453,32.41705143348008,0.0
ABCC3,0.13028823286294938,32.41168259422313,0.0
PRADC1,0.13028439208865167,32.40631375496618,0.0
DUSP28,0.13028313964605331,32.400944915709225,0.0
OCEL1,0.13026381954550742,32.39557607645227,0.0
KIAA1522,0.13026148751378058,32.39020723719532,0.0
ZBED3,0.13026032596826553,32.38483839793837,0.0
PSPN,0.13023967444896697,32.379469558681414,0.0
METTL9,0.130219267308712,32.37410071942446,0.0
NKAPL,0.130217794328928,32.36873188016751,0.0
OR52D1,0.13018018528819084,32.363363040910556,0.0
ZNF527,0.1301628313958645,32.357994201653604,0.0
OR3A2,0.13014592379331588,32.35262536239665,0.0
HNRNPH3,0.13012208193540573,32.34725652313969,0.0
HLA-DQA2,0.13007438108325003,32.34188768388274,0.0
OR52B2,0.1300605997443199,32.33651884462579,0.0
SLC13A3,0.13004411533474922,32.33115000536884,0.0
OXNAD1,0.13003880754113198,32.32578116611189,0.0
RPH3A,0.13002811819314958,32.320412326854935,0.0
SCGB3A1,0.12999077066779136,32.31504348759798,0.0
FNBP4,0.12998188361525537,32.30967464834103,0.0
PSMA2,0.12997455671429634,32.30430580908408,0.0
STARD5,0.12995066940784455,32.298936969827125,0.0
URM1,0.1299442432820797,32.29356813057017,0.0
BLK,0.12992018833756447,32.28819929131322,0.0
OR52K2,0.129896130412817,32.28283045205627,0.0
PLEKHG4,0.12987005412578584,32.277461612799314,0.0
ADPRH,0.12986872345209122,32.27209277354236,0.0
GPR176,0.12986165434122085,32.26672393428541,0.0
OGFRL1,0.12986112609505654,32.261355095028456,0.0
GABRB1,0.12983627766370773,32.255986255771504,0.0
DCUN1D4,0.12981486022472383,32.25061741651455,0.0
OSCP1,0.12980121672153472,32.2452485772576,0.0
DPH7,0.12980045154690742,32.239879738000646,0.0
UBE2E1,0.12979671731591225,32.23451089874369,0.0
SLC13A5,0.12976695448160172,32.22914205948674,0.0
ERI2,0.12975763753056527,32.22377322022979,0.0
MXD1,0.12974701598286628,32.21840438097283,0.0
STAU2,0.12974546626210212,32.213035541715875,0.0
CEP68,0.1297418750822544,32.20766670245892,0.0
DNLZ,0.12973534762859346,32.20229786320197,0.0
APITD1,0.12973209246993064,32.196929023945025,0.0
CDK19,0.12969524562358856,32.19156018468807,0.0
ASB16,0.12964787930250168,32.18619134543112,0.0
HCFC1R1,0.12964247092604636,32.18082250617417,0.0
TOR4A,0.12962098568677902,32.175453666917214,0.0
ZBTB5,0.12961977124214172,32.17008482766026,0.0
OR51V1,0.12959857955574988,32.16471598840331,0.0
MTRF1,0.129595547914505,32.159347149146356,0.0
UGT1A5,0.12957846745848656,32.1539783098894,0.0
ARRDC4,0.12957606986165046,32.14860947063245,0.0
ZNF841,0.12956421151757241,32.1432406313755,0.0
ECHDC2,0.12954414039850234,32.137871792118545,0.0
CCDC155,0.12953656613826753,32.13250295286159,0.0
OR6T1,0.12952193543314933,32.12713411360464,0.0
TSC22D4,0.1295168474316597,32.12176527434769,0.0
PPP1R14A,0.12951250821352006,32.116396435090735,0.0
QSER1,0.12950876653194426,32.11102759583378,0.0
FILIP1L,0.12950849533081055,32.10565875657683,0.0
BCORL1,0.12948646470904351,32.10028991731988,0.0
ADPRM,0.12948201969265938,32.094921078062924,0.0
CD6,0.12947148308157921,32.08955223880597,0.0
PSMC3IP,0.12945211231708526,32.08418339954902,0.0
MOK,0.12940785586833953,32.07881456029206,0.0
OR4D2,0.12939368858933448,32.07344572103511,0.0
TAS2R16,0.1293919302523136,32.068076881778154,0.0
ACYP2,0.1293892614543438,32.06270804252121,0.0
TST,0.1293828956782818,32.057339203264256,0.0
SYT7,0.12938257083296775,32.0519703640073,0.0
MESDC1,0.12937622889876366,32.04660152475035,0.0
GXYLT2,0.12932030260562896,32.0412326854934,0.0
OR1M1,0.1293185479938984,32.035863846236445,0.0
TSPAN15,0.1292833924293518,32.03049500697949,0.0
RQCD1,0.12928338572382927,32.02512616772254,0.0
VAMP4,0.1292593814432621,32.01975732846559,0.0
CARD16,0.12925902605056763,32.014388489208635,0.0
PRKX,0.12925514355301856,32.00901964995168,0.0
OR14J1,0.12923208102583886,32.00365081069473,0.0
MAGOHB,0.1292317032814026,31.998281971437777,0.0
EFHC2,0.12921594455838203,31.992913132180824,0.0
YPEL1,0.12920921742916108,31.987544292923868,0.0
SCFD1,0.129208292812109,31.982175453666915,0.0
INPP5J,0.12920103147625922,31.976806614409963,0.0
YPEL2,0.12919115647673607,31.97143777515301,0.0
FAM135A,0.12916679456830024,31.966068935896057,0.0
PLCD4,0.12916260808706284,31.960700096639105,0.0
HSPA1L,0.12914240583777428,31.955331257382152,0.0
OAS3,0.12914139702916144,31.9499624181252,0.0
OR1E2,0.1290396809577942,31.944593578868247,0.0
MTUS2,0.12901905849575995,31.939224739611294,0.0
CLEC4G,0.12899597808718682,31.93385590035434,0.0
OR8H1,0.12893900349736215,31.92848706109739,0.0
ZNF280D,0.128938677161932,31.92311822184044,0.0
C20orf26,0.1289220333099365,31.917749382583487,0.0
SPATS2,0.1289152294397354,31.912380543326535,0.0
SLC25A23,0.12890017926692962,31.907011704069582,0.0
OR5K1,0.12885916754603385,31.90164286481263,0.0
TPRG1L,0.12881678193807602,31.896274025555677,0.0
MYNN,0.1287836067378521,31.890905186298724,0.0
FAM126B,0.12876796647906302,31.88553634704177,0.0
MON1A,0.12876124307513237,31.88016750778482,0.0
ARHGEF26,0.12872881889343263,31.874798668527866,0.0
PPP2R5A,0.12872462794184686,31.869429829270914,0.0
CCDC127,0.12871586084365844,31.86406099001396,0.0
ADAT1,0.1287152424454689,31.858692150757008,0.0
PAN3,0.12871089354157447,31.853323311500052,0.0
ARHGAP31,0.12868024110794068,31.8479544722431,0.0
CCSER1,0.1286524385213852,31.842585632986147,0.0
VSTM4,0.12864175587892532,31.837216793729194,0.0
FAM222A,0.1285763241350651,31.83184795447224,0.0
THEMIS2,0.12854925990104676,31.82647911521529,0.0
OMA1,0.1284763552248478,31.821110275958336,0.0
UBXN2B,0.1284646324813366,31.815741436701384,0.0
TNNT1,0.12837656810879708,31.81037259744443,0.0
FYTTD1,0.1283537559211254,31.80500375818748,0.0
NCBP2L,0.12835301607847213,31.799634918930526,0.0
CEP170,0.1283508948981762,31.794266079673573,0.0
S100A2,0.12829073667526245,31.78889724041662,0.0
TMEM185B,0.1282887876033783,31.78352840115967,0.0
PPP2R4,0.1282566212117672,31.77815956190272,0.0
OR8B2,0.1282401718199253,31.772790722645766,0.0
FAM131A,0.1282374881207943,31.767421883388813,0.0
MROH7-TTC4,0.12822701409459114,31.76205304413186,0.0
IRF4,0.12819699496030806,31.756684204874908,0.0
ZCCHC9,0.12818920463323594,31.751315365617955,0.0
PQLC3,0.12817065864801408,31.745946526361003,0.0
KIAA1731,0.12815738394856452,31.74057768710405,0.0
FAM103A1,0.1281499482691288,31.735208847847098,0.0
FAM89B,0.12814492732286453,31.729840008590145,0.0
ATP5SL,0.1281159810721874,31.724471169333192,0.0
OSGIN2,0.12809958010911943,31.719102330076236,0.0
STEAP1,0.12807246148586274,31.713733490819283,0.0
AZU1,0.12806974723935127,31.70836465156233,0.0
CBX7,0.128054728358984,31.702995812305378,0.0
TAS2R60,0.12804344817996025,31.697626973048425,0.0
ZFP1,0.12804214358329774,31.692258133791473,0.0
OR5H15,0.12801108807325362,31.68688929453452,0.0
RNPS1,0.1279870055615902,31.681520455277568,0.0
LRRC4C,0.12794323936104773,31.676151616020615,0.0
ZNF503,0.12790199220180512,31.670782776763662,0.0
EMC9,0.12788729295134543,31.66541393750671,0.0
C1orf216,0.12788324058055878,31.660045098249757,0.0
RAB33A,0.12787519991397858,31.654676258992804,0.0
UBXN11,0.12787317708134652,31.64930741973585,0.0
OR2A12,0.1278705082833767,31.643938580478903,0.0
OR1S2,0.12786150947213173,31.63856974122195,0.0
ASB10,0.12785934284329414,31.633200901964997,0.0
DPF3,0.12782009541988373,31.627832062708045,0.0
RP11-724O16.1,0.12780722975730896,31.622463223451092,0.0
ZNF784,0.1277683913707733,31.61709438419414,0.0
SLX4IP,0.1277494139969349,31.611725544937187,0.0
PLEKHM3,0.12771404907107353,31.606356705680234,0.0
OR8B3,0.12767541259527207,31.60098786642328,0.0
CYP39A1,0.12767292633652688,31.59561902716633,0.0
PIM3,0.1276636950671673,31.590250187909376,0.0
MIEN1,0.12765046432614327,31.58488134865242,0.0
ATAD2,0.12761677503585817,31.579512509395467,0.0
STON1,0.12761665880680084,31.574143670138515,0.0
OR10V1,0.12754679545760156,31.568774830881562,0.0
NXT2,0.12751199752092363,31.56340599162461,0.0
BTG1,0.1275117963552475,31.558037152367657,0.0
SCN2B,0.12749140411615373,31.552668313110704,0.0
MEIS3,0.12747958973050116,31.54729947385375,0.0
ZNF586,0.12746982499957085,31.5419306345968,0.0
CHRM5,0.12746893092989922,31.536561795339846,0.0
TMEM175,0.12744566053152084,31.531192956082894,0.0
ZNF777,0.12743570208549498,31.52582411682594,0.0
CDC37L1,0.1274319186806679,31.52045527756899,0.0
USP31,0.12742916420102118,31.515086438312036,0.0
ZNF256,0.12741838321089743,31.509717599055083,0.0
PIM2,0.12736398875713348,31.504348759798134,0.0
SLC25A33,0.12735755294561385,31.49897992054118,0.0
MST1,0.12733613327145576,31.49361108128423,0.0
OR1B1,0.12731593251228332,31.488242242027276,0.0
KCTD2,0.12730231285095214,31.482873402770323,0.0
GPR52,0.12729780450463296,31.47750456351337,0.0
PCDHGB1,0.12729418873786927,31.472135724256418,0.0
DAPK2,0.12728669866919518,31.466766884999466,0.0
TRIB3,0.12725741565227508,31.461398045742513,0.0
C16orf70,0.12724517658352852,31.45602920648556,0.0
GPR17,0.1272343322634697,31.450660367228604,0.0
ONECUT2,0.1272111013531685,31.44529152797165,0.0
SOCS5,0.1271749548614025,31.4399226887147,0.0
RHOG,0.12716155052185057,31.434553849457746,0.0
TRADD,0.127154178917408,31.429185010200793,0.0
SGMS2,0.12714879736304283,31.42381617094384,0.0
OR8B12,0.12712059393525124,31.418447331686888,0.0
TMEM123,0.1270953081548214,31.413078492429936,0.0
C2orf68,0.12705907821655274,31.407709653172983,0.0
GRIK2,0.12705400288105012,31.40234081391603,0.0
TOB1,0.12702102065086365,31.396971974659078,0.0
C10orf32,0.12700525000691415,31.391603135402125,0.0
TMED4,0.12692652642726898,31.386234296145172,0.0
GORASP2,0.12692568749189376,31.38086545688822,0.0
OR5H14,0.1269243597984314,31.375496617631267,0.0
KLHL15,0.1269143119454384,31.370127778374318,0.0
CCDC33,0.12691349163651466,31.364758939117365,0.0
ATP8A1,0.12685728296637536,31.359390099860413,0.0
TMEM143,0.1268516644835472,31.35402126060346,0.0
SYN3,0.12684887051582336,31.348652421346507,0.0
OR2H2,0.12684725373983383,31.343283582089555,0.0
CIRH1A,0.12683323845267297,31.337914742832602,0.0
C4orf3,0.12682435438036918,31.33254590357565,0.0
OR8D4,0.12678657695651055,31.327177064318697,0.0
ZSCAN32,0.12677471861243247,31.321808225061744,0.0
OR8J1,0.12676874697208404,31.316439385804788,0.0
GAB3,0.1267613559961319,31.311070546547835,0.0
SPATA2,0.12671945467591286,31.305701707290883,0.0
OR56A1,0.1267119586467743,31.30033286803393,0.0
JDP2,0.12669621929526328,31.294964028776977,0.0
OR56A3,0.12669001296162605,31.289595189520025,0.0
RHOU,0.1266588993370533,31.284226350263072,0.0
SCAF1,0.12659841552376747,31.27885751100612,0.0
FOXS1,0.12655173614621162,31.273488671749167,0.0
NFU1,0.12654511705040933,31.268119832492214,0.0
MGAT3,0.12650094032287598,31.26275099323526,0.0
FAM118A,0.1264493629336357,31.25738215397831,0.0
ALDH8A1,0.12643450051546096,31.252013314721356,0.0
OR1L4,0.1264293797314167,31.246644475464404,0.0
SELK,0.12641989067196846,31.24127563620745,0.0
ZNF70,0.12641638070344924,31.235906796950495,0.0
COMMD5,0.12640728056430817,31.23053795769355,0.0
CMC1,0.1263556405901909,31.225169118436597,0.0
F12,0.12632657289505006,31.219800279179644,0.0
ANO4,0.1263204723596573,31.21443143992269,0.0
CREB3L1,0.12631968557834625,31.20906260066574,0.0
SOGA2,0.12629487738013268,31.203693761408786,0.0
AKIRIN1,0.12626383006572722,31.198324922151834,0.0
OR2Y1,0.1261905275285244,31.19295608289488,0.0
MPHOSPH10,0.126179089397192,31.18758724363793,0.0
ZNF688,0.12616690769791603,31.182218404380972,0.0
FAM45A,0.1261608362197876,31.17684956512402,0.0
OR8K3,0.12613914981484414,31.171480725867067,0.0
ABHD8,0.1261366054415703,31.166111886610114,0.0
HTATIP2,0.12613097131252288,31.16074304735316,0.0
ZNF383,0.12610914632678033,31.15537420809621,0.0
SRRD,0.12609309628605841,31.150005368839256,0.0
TAS2R9,0.12606433108448983,31.144636529582304,0.0
NLRP5,0.1260123297572136,31.13926769032535,0.0
MTFR1,0.1259993240237236,31.1338988510684,0.0
CLSTN3,0.12599042803049088,31.128530011811446,0.0
ZBTB22,0.12596341371536254,31.123161172554493,0.0
C6orf47,0.1259292408823967,31.11779233329754,0.0
OR5I1,0.12591773346066476,31.112423494040588,0.0
TRAPPC5,0.12590432167053223,31.107054654783635,0.0
ST3GAL1,0.12589144185185433,31.10168581552668,0.0
TCHH,0.12587463036179541,31.096316976269726,0.0
EPM2AIP1,0.1258710153400898,31.09094813701278,0.0
APIP,0.1258641630411148,31.085579297755828,0.0
RND2,0.12585839554667472,31.080210458498875,0.0
PRR12,0.1258527860045433,31.074841619241923,0.0
OR6K3,0.12584560140967369,31.06947277998497,0.0
ZNF224,0.1258389823138714,31.064103940728018,0.0
QTRTD1,0.12583878263831139,31.058735101471065,0.0
RNF212,0.12578047588467597,31.053366262214112,0.0
ZNRF1,0.1257735885679722,31.047997422957156,0.0
TICAM2,0.12575431689620017,31.042628583700203,0.0
OR1I1,0.12573129683732986,31.03725974444325,0.0
ZNF44,0.12572667449712754,31.031890905186298,0.0
SMIM14,0.12572479695081712,31.026522065929345,0.0
OR4B1,0.12572261095046997,31.021153226672393,0.0
RAMP3,0.12572110667824746,31.01578438741544,0.0
OR52B6,0.12570283710956573,31.010415548158488,0.0
SEMA4G,0.12568133398890496,31.005046708901535,0.0
IQSEC2,0.1256812795996666,30.999677869644582,0.0
ABCA13,0.12565480172634125,30.99430903038763,0.0
KCNA4,0.12564613819122314,30.988940191130677,0.0
KIAA1958,0.12563616335391997,30.983571351873724,0.0
RPF1,0.12562691643834115,30.97820251261677,0.0
ANKRD44,0.12559428662061692,30.97283367335982,0.0
TNIP3,0.12556696385145188,30.967464834102863,0.0
ZSCAN9,0.1255512833595276,30.96209599484591,0.0
TTC38,0.1255483843386173,30.956727155588958,0.0
MYCBP,0.12549919188022612,30.951358316332012,0.0
LAMB4,0.12548930943012238,30.94598947707506,0.0
FAM199X,0.12548008039593697,30.940620637818107,0.0
NAALADL1,0.125401072204113,30.935251798561154,0.0
FRMPD3,0.12538704350590707,30.9298829593042,0.0
LYRM7,0.1253537617623806,30.92451412004725,0.0
ZNF449,0.1253446139395237,30.919145280790296,0.0
OR4D11,0.12533341199159623,30.91377644153334,0.0
C14orf119,0.12533125504851342,30.908407602276387,0.0
ATG16L2,0.12530665546655656,30.903038763019435,0.0
ANKRD36,0.12526982203125953,30.897669923762482,0.0
BCL2L12,0.12520302459597588,30.89230108450553,0.0
CMAS,0.125183042883873,30.886932245248577,0.0
PRKCE,0.12517448142170906,30.881563405991624,0.0
KIAA2013,0.12516046091914176,30.87619456673467,0.0
FBP1,0.1251397103071213,30.87082572747772,0.0
C6orf62,0.12512766867876052,30.865456888220766,0.0
FAM76A,0.12512580081820487,30.860088048963814,0.0
MSANTD3,0.12511751651763917,30.85471920970686,0.0
AIM1,0.1251166895031929,30.84935037044991,0.0
CA11,0.12505076304078103,30.843981531192956,0.0
REEP1,0.1250208757817745,30.838612691936003,0.0
PIN4,0.12501969784498215,30.833243852679047,0.0
AMIGO2,0.12500029802322388,30.827875013422094,0.0
TMUB1,0.12499933764338493,30.82250617416514,0.0
STK17A,0.12499051913619041,30.817137334908196,0.0
CD27,0.12498799189925194,30.811768495651243,0.0
GNMT,0.12497780099511147,30.80639965639429,0.0
IER5L,0.12492115572094917,30.801030817137338,0.0
CNTNAP4,0.12491018772125244,30.795661977880386,0.0
ORMDL2,0.12489468082785607,30.790293138623433,0.0
HAGHL,0.12485765516757966,30.78492429936648,0.0
MMD,0.12484105676412582,30.779555460109524,0.0
TCP11L2,0.1248322993516922,30.77418662085257,0.0
ZNF384,0.12482192069292068,30.76881778159562,0.0
DPP8,0.12478249743580819,30.763448942338666,0.0
SPATA22,0.1247711107134819,30.758080103081713,0.0
APOPT1,0.12474650603510128,30.75271126382476,1.0
NABP1,0.12473314106464387,30.747342424567808,0.0
IRX5,0.1247263342142105,30.741973585310856,0.0
GPR125,0.12469721138477326,30.736604746053903,0.0
MINA,0.1246748760342598,30.73123590679695,0.0
SIMC1,0.12467475831508637,30.725867067539998,0.0
CCDC101,0.12467130273580551,30.720498228283045,0.0
OR6C3,0.12462553828954696,30.715129389026092,0.0
FAM3A,0.12456747740507126,30.70976054976914,0.0
GPR22,0.12451078370213509,30.704391710512187,0.0
OR5B3,0.12450457513332366,30.69902287125523,0.0
ZC2HC1A,0.12447175458073616,30.69365403199828,0.0
PARP8,0.12445308789610862,30.688285192741326,0.0
TSPAN2,0.12444829568266869,30.682916353484373,0.0
IP6K3,0.12443340793251992,30.677547514227427,0.0
NTM,0.12442368641495705,30.672178674970475,0.0
NSG2,0.124385866522789,30.666809835713522,0.0
ELMSAN1,0.12436277940869331,30.66144099645657,0.0
ZNF398,0.12435067147016525,30.656072157199617,0.0
ZNF410,0.12433677315711975,30.650703317942664,0.0
TDRD6,0.12433060482144356,30.645334478685708,0.0
B3GNTL1,0.12432745099067688,30.639965639428755,0.0
ALYREF,0.12429202124476432,30.634596800171803,0.0
HMBOX1,0.1242824025452137,30.62922796091485,0.0
ZNF180,0.12427929937839508,30.623859121657897,0.0
THSD7A,0.12427652552723885,30.618490282400945,0.0
RCSD1,0.12427366748452187,30.613121443143992,0.0
SLC35A3,0.12426915168762206,30.60775260388704,0.0
H3F3C,0.1242664910852909,30.602383764630087,0.0
PCTP,0.12425948977470398,30.597014925373134,0.0
ZCWPW1,0.12425863221287728,30.59164608611618,0.0
HECA,0.12423652112483978,30.58627724685923,0.0
RP11-512M8.5,0.12422023713588715,30.580908407602276,0.0
C1orf50,0.12421132475137711,30.575539568345324,0.0
ZSWIM3,0.12420018464326858,30.57017072908837,0.0
TROAP,0.12419816851615906,30.564801889831415,0.0
C8orf59,0.12413854673504829,30.559433050574462,0.0
OR4N5,0.1241317294538021,30.55406421131751,0.0
GPAT2,0.124112219363451,30.548695372060557,0.0
AFTPH,0.12408527880907058,30.543326532803604,0.0
SEP15,0.12405713722109794,30.53795769354666,0.0
OR6Y1,0.12403550893068313,30.532588854289706,0.0
SELM,0.12402608394622802,30.527220015032754,0.0
NPM3,0.12402259707450866,30.5218511757758,0.0
OR6K2,0.12401197627186775,30.51648233651885,0.0
PLCH1,0.12400189936161041,30.511113497261892,0.0
COPE,0.12399603724479676,30.50574465800494,0.0
FRMD3,0.12399287894368172,30.500375818747987,0.0
MROH8,0.12398862540721893,30.495006979491034,0.0
ZNF41,0.12398006841540336,30.48963814023408,0.0
ITGB6,0.12396876886487007,30.48426930097713,0.0
TET3,0.12395469099283218,30.478900461720176,0.0
ELSPBP1,0.12391177043318749,30.473531622463224,0.0
SCML1,0.12391033247113228,30.46816278320627,0.0
HDC,0.12388898804783821,30.46279394394932,0.0
EPHA8,0.12388387322425842,30.457425104692366,0.0
OR2S2,0.12388289570808411,30.452056265435413,0.0
BRICD5,0.12384629100561143,30.44668742617846,0.0
TRABD2B,0.1238417647778988,30.441318586921508,0.0
CYGB,0.1238414280116558,30.435949747664555,0.0
TMEM127,0.12383273634988229,30.4305809084076,1.0
MRPS18A,0.12381677478551864,30.425212069150646,0.0
MMRN1,0.12379856333136559,30.419843229893694,0.0
ZNF382,0.12379247695207596,30.41447439063674,0.0
SEMA6D,0.12379039525985717,30.40910555137979,0.0
ARL1,0.12377910241484642,30.403736712122836,0.0
DCST1,0.1237381361424923,30.39836787286589,0.0
HES3,0.1237311378121376,30.392999033608938,0.0
RALGPS1,0.12371023744344711,30.387630194351985,0.0
MAP3K2,0.12369422167539597,30.382261355095032,0.0
OR1L3,0.1236820362508297,30.376892515838076,0.0
ZDHHC24,0.1236736498773098,30.371523676581123,0.0
UBR7,0.12366374209523201,30.36615483732417,0.0
STAC,0.12364374324679375,30.360785998067218,0.0
STK39,0.12363823428750038,30.355417158810265,0.0
CBX6,0.12363456785678864,30.350048319553313,0.0
OR2B11,0.12362983450293541,30.34467948029636,0.0
DHRS12,0.12361961379647254,30.339310641039408,0.0
BRWD3,0.12353274300694465,30.333941801782455,0.0
KCNT1,0.12352758273482323,30.328572962525502,0.0
GYS2,0.12350605949759483,30.32320412326855,0.0
SAP30L,0.12349355071783066,30.317835284011597,0.0
RALYL,0.12348981350660324,30.312466444754644,0.0
FNDC4,0.12348038405179977,30.30709760549769,0.0
FAM109B,0.12347427085042,30.30172876624074,0.0
RBM48,0.12347321584820747,30.296359926983783,0.0
ERCC6L,0.12347095757722855,30.29099108772683,0.0
ARHGEF2,0.12346817553043365,30.285622248469878,0.0
PPBP,0.12345170006155967,30.280253409212925,0.0
GATAD1,0.12344566881656646,30.274884569955972,0.0
GFOD2,0.12343640401959419,30.26951573069902,0.0
INA,0.12338697910308838,30.264146891442067,0.0
SHFM1,0.12338050082325935,30.25877805218512,0.0
GRASP,0.12337213084101677,30.25340921292817,0.0
EVA1B,0.12335741594433784,30.248040373671216,0.0
PCDHGA1,0.12334570586681366,30.24267153441426,0.0
INTS5,0.12333714291453361,30.237302695157307,0.0
CLIC6,0.12333339527249336,30.231933855900355,0.0
VMAC,0.12331374660134316,30.226565016643402,0.0
ZBTB45,0.1232919491827488,30.22119617738645,0.0
TXNDC2,0.12327745333313941,30.215827338129497,0.0
CYP2A13,0.12327645868062972,30.210458498872544,0.0
MROH2B,0.12327257320284843,30.20508965961559,0.0
DND1,0.12325474023818969,30.19972082035864,0.0
OR6S1,0.12324208617210389,30.194351981101686,0.0
EXD3,0.1232300914824009,30.188983141844734,0.0
LPAR3,0.12321538403630257,30.18361430258778,0.0
ZDHHC12,0.12318174168467522,30.17824546333083,0.0
CCL11,0.1231742575764656,30.172876624073876,0.0
CSMD3,0.12316088601946831,30.167507784816923,0.0
ARMC1,0.12314826399087905,30.162138945559967,0.0
CABS1,0.12314058393239975,30.156770106303014,0.0
PCNXL3,0.12310095578432083,30.15140126704606,0.0
OR5AC2,0.12309253886342049,30.14603242778911,0.0
OR1D2,0.1230734907090664,30.140663588532156,0.0
GALE,0.12307268008589745,30.135294749275204,0.0
GAL3ST4,0.12304203435778618,30.12992591001825,0.0
MMAA,0.1230381578207016,30.124557070761306,0.0
FSCB,0.12303589582443238,30.119188231504353,0.0
C1orf168,0.12302583679556847,30.1138193922474,0.0
ITPRIPL2,0.12300750017166137,30.108450552990444,0.0
UGT1A7,0.12300692796707154,30.10308171373349,0.0
KLK7,0.12299593538045883,30.09771287447654,0.0
TMEM104,0.12298782616853714,30.092344035219586,0.0
CHST1,0.12294501215219497,30.086975195962633,0.0
NLN,0.12293512225151063,30.08160635670568,0.0
OR13C5,0.12292639687657356,30.076237517448728,0.0
TRMT61A,0.12291932478547096,30.070868678191776,0.0
ZNF831,0.12289047464728356,30.065499838934823,0.0
OSBPL6,0.12287934944033622,30.06013099967787,0.0
IQCG,0.12287860289216042,30.054762160420918,0.0
OR10G8,0.12284147292375565,30.049393321163965,0.0
NLRP4,0.12280401438474656,30.044024481907012,0.0
OR51B4,0.12280111163854598,30.03865564265006,0.0
TXNDC12,0.12279524207115174,30.033286803393107,0.0
KIAA0195,0.12278815880417823,30.02791796413615,0.0
TOMM20L,0.12278807982802391,30.0225491248792,0.0
KRBA2,0.12274405285716057,30.017180285622246,0.0
YAE1D1,0.12273293659090996,30.011811446365293,0.0
C9orf84,0.12268104553222656,30.00644260710834,0.0
RABL2B,0.12263650745153427,30.001073767851388,0.0
OR7C2,0.12259618639945984,29.995704928594435,0.0
RNF103,0.12258288338780403,29.990336089337482,0.0
LIPJ,0.12257179841399193,29.984967250080537,0.0
CCDC67,0.12253766357898713,29.979598410823584,0.0
AKIP1,0.1225277155637741,29.974229571566628,0.0
GRIK4,0.12247454524040222,29.968860732309675,0.0
OR8U1,0.12247419953346253,29.963491893052723,0.0
OR12D2,0.12247111946344376,29.95812305379577,0.0
CD69,0.12245661094784736,29.952754214538817,0.0
IER3,0.12243342995643616,29.947385375281865,0.0
WDR54,0.12241877987980843,29.942016536024912,0.0
OR2C1,0.12239648997783661,29.93664769676796,0.0
METTL2A,0.12238685563206672,29.931278857511007,0.0
TFDP2,0.12234706953167915,29.925910018254054,0.0
MICU1,0.12234670370817184,29.9205411789971,0.0
ZNF146,0.12234048321843147,29.91517233974015,0.0
C17orf80,0.12233733907341957,29.909803500483196,0.0
THAP4,0.12232879772782326,29.904434661226244,0.0
OR51B6,0.12231191992759705,29.89906582196929,0.0
TPH1,0.12228820249438285,29.893696982712335,0.0
PSMG3,0.12221067696809769,29.888328143455382,0.0
ZNF517,0.12217935100197792,29.88295930419843,0.0
EPSTI1,0.12212022170424461,29.877590464941477,0.0
CTD-2207O23.3,0.12209113985300064,29.872221625684524,0.0
OR5K4,0.12207712903618813,29.86685278642757,0.0
TFR2,0.12206687033176422,29.86148394717062,0.0
CMTM3,0.12206216901540756,29.856115107913666,0.0
ALKBH3,0.12205671072006226,29.850746268656714,0.0
NIPAL2,0.12205555215477944,29.84537742939977,0.0
OR10A3,0.12205477356910706,29.840008590142812,0.0
RNF169,0.12204791456460953,29.83463975088586,0.0
LIPK,0.12198967449367046,29.829270911628907,0.0
KDELR1,0.12198391705751419,29.823902072371954,0.0
OR2D2,0.12197200506925583,29.818533233115,0.0
OR2D3,0.12196776792407035,29.81316439385805,0.0
SPSB4,0.12196146324276924,29.807795554601096,0.0
ZNF613,0.12193013578653336,29.802426715344144,0.0
APBB1IP,0.12192670181393624,29.79705787608719,0.0
FAM212A,0.12192605584859847,29.79168903683024,0.0
SFT2D1,0.12191836386919022,29.786320197573286,0.0
ANO9,0.12189796045422555,29.780951358316333,0.0
CARD11,0.12184143960475921,29.77558251905938,0.0
ABHD3,0.12184007912874222,29.770213679802428,0.0
FAM126A,0.12183790430426597,29.764844840545475,0.0
ARHGAP30,0.12182139158248902,29.75947600128852,0.0
SLX1A,0.12178934961557389,29.754107162031566,0.0
C12orf55,0.12175726443529129,29.748738322774614,0.0
DCUN1D5,0.12169511318206787,29.74336948351766,0.0
ZNF320,0.1216870367527008,29.73800064426071,0.0
ZCCHC7,0.12167007997632026,29.732631805003756,0.0
OR5M8,0.12166783064603806,29.727262965746803,0.0
TMEM86B,0.12166601717472077,29.72189412648985,0.0
PUS3,0.12165443673729896,29.716525287232898,0.0
EFNA1,0.12164936065673829,29.711156447975945,0.0
LMOD1,0.1216467909514904,29.705787608718996,0.0
MSH5-SAPCD1,0.1215835265815258,29.700418769462043,0.0
OR10G3,0.1215497076511383,29.69504993020509,0.0
NUDT2,0.12149050459265709,29.689681090948138,0.0
FSBP,0.1214797243475914,29.684312251691185,0.0
OR52E2,0.12147881090641022,29.678943412434233,0.0
C2orf42,0.12147072181105614,29.67357457317728,0.0
SLC26A7,0.12145472690463066,29.668205733920328,0.0
OR51I1,0.12143024206161498,29.662836894663375,0.0
CDKN2AIP,0.12142794653773308,29.657468055406422,0.0
GTDC1,0.12141349390149117,29.65209921614947,0.0
SCAMP2,0.12136450931429862,29.646730376892517,0.0
ZNF132,0.12132734656333924,29.641361537635564,0.0
OR51S1,0.1212894931435585,29.63599269837861,0.0
FBXL22,0.12128555476665497,29.63062385912166,0.0
WNT8B,0.12128412052989006,29.625255019864703,0.0
MYO16,0.12127745598554611,29.61988618060775,0.0
SAFB2,0.1212139792740345,29.614517341350798,0.0
BPHL,0.12119470536708832,29.609148502093845,0.0
YIPF4,0.12119152992963791,29.603779662836892,0.0
CDK15,0.12118075042963028,29.59841082357994,0.0
OR1S1,0.12116655632853508,29.593041984322987,0.0
OR51D1,0.12112724408507347,29.587673145066034,0.0
OR56B4,0.12110566571354867,29.58230430580908,0.0
OPN3,0.12110474333167076,29.57693546655213,0.0
AP2S1,0.12107780650258064,29.571566627295176,0.0
KBTBD3,0.12107491642236709,29.566197788038227,0.0
ZNF438,0.12105268388986587,29.560828948781275,0.0
MTMR7,0.12104305475950242,29.555460109524322,0.0
TMEM74B,0.12103333324193954,29.55009127026737,0.0
OR2AG1,0.12101955413818359,29.544722431010417,0.0
HIVEP3,0.12100613266229629,29.539353591753464,0.0
OR51B5,0.12099911049008369,29.53398475249651,0.0
WDR78,0.1209969013929367,29.52861591323956,0.0
OR6C68,0.12099142298102379,29.523247073982606,0.0
ACTR3B,0.1209504097700119,29.517878234725654,0.0
ZACN,0.12094986587762832,29.5125093954687,0.0
LRRC8D,0.12092318311333657,29.50714055621175,0.0
ADAMTS19,0.12091917097568512,29.501771716954796,0.0
PTPRH,0.12091894745826721,29.496402877697843,0.0
RIC3,0.12090468406677246,29.491034038440887,0.0
ZNF358,0.12090203016996384,29.485665199183934,0.0
PDZRN4,0.12083859592676163,29.48029635992698,0.0
SPATS2L,0.1207817703485489,29.47492752067003,0.0
FAM98A,0.12075975835323334,29.469558681413076,0.0
FIBIN,0.12075449302792549,29.464189842156124,0.0
AP3S1,0.12073973789811135,29.45882100289917,0.0
ZNF614,0.12073961347341537,29.45345216364222,0.0
IFFO2,0.12069605886936188,29.448083324385266,0.0
SARDH,0.12068790048360825,29.442714485128313,0.0
SLC25A16,0.12068155705928803,29.43734564587136,0.0
FLVCR2,0.12067129313945771,29.43197680661441,0.0
RIN1,0.12066100016236306,29.42660796735746,0.0
C11orf30,0.12062536478042603,29.421239128100506,0.0
SPECC1L-ADORA2A,0.12060590907931328,29.415870288843553,0.0
EEFSEC,0.12059404104948043,29.4105014495866,0.0
CCT6B,0.12059139460325241,29.405132610329648,0.0
H3F3B,0.12058418318629265,29.399763771072696,0.0
TMEM139,0.12058202475309372,29.394394931815743,0.0
ANKRD35,0.12058062106370926,29.38902609255879,0.0
APOL4,0.1205519899725914,29.383657253301838,0.0
STC2,0.12050468027591706,29.378288414044885,0.0
AGFG2,0.12050234824419022,29.372919574787932,0.0
OR7A5,0.12049907296895981,29.36755073553098,0.0
DR1,0.12049872651696206,29.362181896274027,0.0
C19orf54,0.12049654275178909,29.35681305701707,0.0
SYNGR1,0.12047629952430725,29.35144421776012,0.0
NPC1L1,0.12045128121972085,29.346075378503166,0.0
CCDC117,0.12044184505939484,29.340706539246213,0.0
OR1L6,0.12041632905602455,29.33533769998926,0.0
TATDN3,0.12041504830121993,29.329968860732308,0.0
CENPN,0.12040626779198646,29.324600021475355,0.0
WDR31,0.12040023431181908,29.319231182218402,0.0
LRRC37B,0.12038561552762986,29.31386234296145,0.0
LZTS3,0.120372574031353,29.308493503704497,0.0
CDCA2,0.12035339549183846,29.303124664447544,0.0
SHISA3,0.12033631652593613,29.297755825190592,0.0
FAM227B,0.12033198848366737,29.292386985933643,0.0
HIST1H3A,0.12032782956957817,29.28701814667669,0.0
ST18,0.12032194584608077,29.281649307419737,0.0
NUDT4,0.12027394920587539,29.276280468162785,0.0
MRPL55,0.1202502004802227,29.270911628905832,0.0
TMEM63C,0.12023739591240883,29.26554278964888,0.0
SOGA1,0.12022917047142982,29.260173950391927,0.0
OR10G2,0.12020604312419891,29.254805111134974,0.0
OR6N1,0.12018017917871475,29.24943627187802,0.0
IKZF4,0.12017291411757469,29.24406743262107,0.0
GNA15,0.12017041966319084,29.238698593364116,0.0
IRF5,0.12016826048493386,29.233329754107164,0.0
CNPPD1,0.12015078812837601,29.22796091485021,0.0
PCDHGA10,0.12013241276144981,29.222592075593255,0.0
FBXL8,0.12013153359293938,29.217223236336302,0.0
MGAM,0.12010481506586075,29.21185439707935,0.0
NT5C1B,0.12006974965333939,29.206485557822397,0.0
OR7A17,0.1200641743838787,29.201116718565444,0.0
SCG3,0.12006211876869202,29.19574787930849,0.0
PYCARD,0.12004032209515572,29.19037904005154,0.0
BCL7B,0.12002652212977409,29.185010200794586,0.0
CACUL1,0.11998006850481033,29.179641361537634,0.0
L2HGDH,0.1199745275080204,29.17427252228068,0.0
GPER1,0.1199268415570259,29.16890368302373,0.0
ESRRA,0.11992615684866906,29.163534843766776,0.0
PIK3IP1,0.11989730671048164,29.158166004509823,0.0
OR4K14,0.11989395618438721,29.152797165252874,0.0
IL5,0.11989210769534112,29.14742832599592,0.0
PCDHGA5,0.11986672133207321,29.14205948673897,0.0
KATNBL1,0.11985514983534813,29.136690647482016,0.0
CYP21A2,0.11984969526529313,29.131321808225064,0.0
CPPED1,0.11984368562698364,29.12595296896811,0.0
SLC9C2,0.11983752846717835,29.12058412971116,0.0
CYP3A43,0.11981915682554245,29.115215290454206,0.0
DCAF16,0.11981842890381814,29.109846451197253,0.0
AP5S1,0.11980209052562714,29.1044776119403,0.0
ZNF561,0.11975479200482368,29.099108772683348,0.0
OR5M9,0.11975093111395836,29.093739933426395,0.0
API5,0.11972416713833808,29.08837109416944,0.0
ZNF649,0.11970259398221969,29.083002254912486,0.0
RASL12,0.11969923451542855,29.077633415655534,0.0
C1orf222,0.11968577206134796,29.07226457639858,0.0
SV2C,0.11968025714159011,29.06689573714163,0.0
AZI1,0.11965538412332535,29.061526897884676,0.0
OR10H5,0.11962654218077659,29.056158058627723,0.0
PWWP2B,0.11960790902376175,29.05078921937077,0.0
TUBB1,0.11959599554538727,29.045420380113818,0.0
PRKACG,0.11959557235240936,29.040051540856865,0.0
PRRG4,0.11957487538456917,29.034682701599912,0.0
TMEM243,0.11956096291542054,29.02931386234296,0.0
CD72,0.11955856755375863,29.023945023086007,0.0
KRBOX4,0.11955339536070823,29.018576183829055,0.0
OR52M1,0.11952129825949669,29.013207344572105,0.0
RNF145,0.11950341388583183,29.007838505315153,0.0
NUDT16,0.11949151828885078,29.0024696660582,0.0
OR10S1,0.11948754116892815,28.997100826801248,0.0
MAK16,0.11947989985346794,28.991731987544295,0.0
TMEM135,0.11947832331061363,28.986363148287342,0.0
GRAMD3,0.11947732642292977,28.98099430903039,0.0
ZC3H6,0.11946484297513962,28.975625469773437,0.0
ASB2,0.11939965635538101,28.970256630516484,0.0
SLC7A6OS,0.11939233615994453,28.96488779125953,0.0
VWA7,0.11938266307115555,28.95951895200258,0.0
MARCH9,0.11934367418289185,28.954150112745623,0.0
DDX31,0.11933194622397422,28.94878127348867,0.0
MARCH8,0.11931999251246453,28.943412434231718,0.0
ZER1,0.11931875571608544,28.938043594974765,0.0
RP11-468E2.4,0.11931247487664223,28.932674755717812,0.0
ZNF808,0.11927333697676659,28.92730591646086,0.0
TBX19,0.11926537603139878,28.921937077203907,0.0
S100A12,0.1192622572183609,28.916568237946954,0.0
MAPK13,0.1192571334540844,28.91119939869,0.0
ARHGAP19-SLIT1,0.1192390039563179,28.90583055943305,0.0
OSTC,0.1192255288362503,28.900461720176096,0.0
ZDHHC1,0.11921252682805061,28.895092880919144,0.0
OR51Q1,0.11921176612377167,28.88972404166219,0.0
MTMR1,0.11916658729314804,28.88435520240524,0.0
COMMD3-BMI1,0.11915312260389328,28.878986363148286,0.0
FARP2,0.11912884935736656,28.873617523891337,0.0
PACRGL,0.11911819875240326,28.868248684634384,0.0
SH2B2,0.1190976619720459,28.86287984537743,0.0
OR5A2,0.11908897161483764,28.85751100612048,0.0
DYRK3,0.11908785328269005,28.852142166863526,0.0
PTPN5,0.11904768943786621,28.846773327606574,0.0
EIF4E,0.11902291029691696,28.84140448834962,0.0
QPCTL,0.11900835633277893,28.83603564909267,0.0
METRNL,0.1189955234527588,28.830666809835716,0.0
ZNF775,0.11899358183145523,28.825297970578763,0.0
FAM213B,0.11899218410253525,28.819929131321807,0.0
LILRB5,0.11899082139134406,28.814560292064854,0.0
OR7D4,0.11895625591278076,28.8091914528079,0.0
CACTIN,0.11894977763295174,28.80382261355095,0.0
TSSK1B,0.11890075653791428,28.798453774293996,0.0
FSTL4,0.11890066489577293,28.793084935037044,0.0
ARID5A,0.11887463033199311,28.78771609578009,0.0
PRDM12,0.11886503621935844,28.78234725652314,0.0
ZSCAN18,0.11884138137102127,28.776978417266186,0.0
ACYP1,0.1188354529440403,28.771609578009233,0.0
OR6X1,0.11881982609629631,28.76624073875228,0.0
FBXL14,0.11880158483982087,28.760871899495328,0.0
RASL11A,0.11879626885056496,28.755503060238375,0.0
ABHD17B,0.11879342272877694,28.750134220981423,0.0
ANO8,0.1187794677913189,28.74476538172447,0.0
MSMB,0.11872811764478683,28.73939654246752,0.0
LIN37,0.11871987655758857,28.734027703210568,0.0
KANSL1L,0.11865218058228492,28.728658863953616,0.0
TBPL1,0.11865192726254463,28.723290024696663,0.0
OR4K17,0.11861043721437455,28.71792118543971,0.0
SLC35G1,0.11858817636966705,28.712552346182758,0.0
PPP3CB,0.11857519075274467,28.707183506925805,0.0
TOR3A,0.11857228130102157,28.701814667668852,0.0
SEZ6,0.11856841444969177,28.6964458284119,0.0
STXBP6,0.1185680665075779,28.691076989154947,0.0
RWDD2A,0.11854746341705322,28.68570814989799,0.0
ZNF606,0.11850707381963729,28.68033931064104,0.0
SETMAR,0.11849074959754943,28.674970471384086,0.0
SOCS2,0.11848619803786278,28.669601632127133,0.0
SERP2,0.1184134341776371,28.66423279287018,0.0
TRUB1,0.11836884692311286,28.658863953613228,0.0
B4GALT2,0.11835307478904725,28.653495114356275,0.0
LGI3,0.11835110336542129,28.648126275099322,0.0
ZDBF2,0.11832557022571563,28.64275743584237,0.0
FAM175A,0.11831684783101082,28.637388596585417,0.0
GDF10,0.11830358430743218,28.632019757328464,0.0
OR6K6,0.11826368421316147,28.626650918071512,0.0
CD101,0.11825032830238343,28.62128207881456,0.0
CRAMP1L,0.11824526898562908,28.615913239557607,0.0
FAM64A,0.11823426708579063,28.610544400300654,0.0
FAM111A,0.11804594601058774,28.6051755610437,1.0
SLC9A2,0.11802852153778076,28.599806721786752,0.0
TAF3,0.11800608783960342,28.5944378825298,0.0
TMEM255B,0.11799410730600357,28.589069043272847,0.0
SNX24,0.1179627887904644,28.583700204015894,0.0
RELT,0.11795861423015594,28.57833136475894,0.0
KBTBD8,0.11795531213283539,28.57296252550199,0.0
MYEOV2,0.11794777140021324,28.567593686245036,0.0
PUSL1,0.11792898327112197,28.562224846988084,0.0
KBTBD6,0.11791873723268509,28.55685600773113,0.0
IPCEF1,0.11788434088230133,28.551487168474175,0.0
ZNF554,0.11787515506148338,28.546118329217222,0.0
CSNK2A2,0.1178642451763153,28.54074948996027,0.0
FAM217B,0.11783911660313606,28.535380650703317,0.0
KCNH1,0.11783776357769966,28.530011811446364,0.0
EFCAB5,0.11782010793685913,28.52464297218941,0.0
SLC6A1,0.11781737953424454,28.51927413293246,0.0
TMCO4,0.1178067684173584,28.513905293675506,0.0
HIST3H2BB,0.1178013913333416,28.508536454418554,0.0
LIPM,0.11779522597789764,28.5031676151616,0.0
ZNF181,0.11775379627943039,28.49779877590465,0.0
ARHGDIG,0.11773810535669327,28.492429936647696,0.0
OR13D1,0.11773111000657081,28.487061097390743,0.0
FAM120AOS,0.1177203930914402,28.48169225813379,0.0
PDDC1,0.1177152544260025,28.476323418876838,0.0
ABHD1,0.11771186515688896,28.470954579619885,0.0
CENPBD1,0.1176912322640419,28.465585740362933,0.0
OR5AN1,0.11768674850463867,28.460216901105984,0.0
TYW5,0.11761953532695771,28.45484806184903,0.0
MYPOP,0.11761263906955718,28.44947922259208,0.0
C7orf43,0.11758964359760285,28.444110383335126,0.0
OR10G7,0.11757723838090897,28.438741544078173,0.0
TLDC1,0.11756855174899102,28.43337270482122,0.0
ZNF343,0.11756849363446235,28.428003865564268,0.0
MBNL3,0.1175680436193943,28.422635026307315,0.0
RASD2,0.11756739914417266,28.41726618705036,0.0
ZNF195,0.11756395027041436,28.411897347793406,0.0
MTCH1,0.11749211624264717,28.406528508536454,0.0
FAM63A,0.11744387298822404,28.4011596692795,0.0
OR10G9,0.11742793917655944,28.39579083002255,0.0
PRCC,0.1174256332218647,28.390421990765596,0.0
KCNJ3,0.1173977643251419,28.385053151508643,0.0
C8orf44-SGK3,0.1173815056681633,28.37968431225169,0.0
ARHGAP28,0.11731432005763054,28.374315472994738,0.0
ARHGAP9,0.11731385812163353,28.368946633737785,0.0
CDK5R2,0.11729229241609573,28.363577794480832,0.0
OR13F1,0.11726647168397904,28.35820895522388,0.0
FAM134A,0.11719728857278824,28.352840115966927,0.0
PSG9,0.11715720519423485,28.347471276709975,0.0
DNPH1,0.11715401932597161,28.342102437453022,0.0
TSSK3,0.11713886633515358,28.33673359819607,0.0
FAM188A,0.11713051870465278,28.331364758939117,0.0
INMT-FAM188B,0.11710546836256981,28.32599591968216,0.0
FGF22,0.11706405803561211,28.320627080425215,0.0
INCA1,0.11704020276665687,28.315258241168262,0.0
CLIC3,0.11703751683235168,28.30988940191131,0.0
ZYG11B,0.11703605055809022,28.304520562654357,0.0
PKP3,0.11699974238872528,28.299151723397404,0.0
ADCK5,0.11699808686971665,28.29378288414045,0.0
MAP3K10,0.11698116213083268,28.2884140448835,0.0
MALT1,0.11696310713887215,28.283045205626543,0.0
CD58,0.11694344878196716,28.27767636636959,0.0
OR51L1,0.11692077070474624,28.272307527112638,0.0
DERL3,0.11678013205528259,28.266938687855685,0.0
DENND1C,0.11678002551198005,28.261569848598732,0.0
STK17B,0.11677626967430114,28.25620100934178,0.0
WDR76,0.11676421388983727,28.250832170084827,0.0
C11orf73,0.11674102172255515,28.245463330827874,0.0
HDGF,0.1167286641895771,28.24009449157092,0.0
ZNF687,0.11671257838606834,28.23472565231397,0.0
CDV3,0.1167042963206768,28.229356813057016,0.0
PCDHGA11,0.11668440103530883,28.223987973800064,0.0
TSPEAR,0.116670361161232,28.21861913454311,0.0
KBTBD13,0.11666730716824532,28.21325029528616,0.0
GID4,0.1166573204100132,28.207881456029206,0.0
SPOCD1,0.11661334484815597,28.202512616772253,0.0
ZNF121,0.11660526022315025,28.1971437775153,0.0
LINGO1,0.11656128019094467,28.191774938258344,0.0
ST3GAL2,0.11651659980416298,28.186406099001392,0.0
CYP3A4,0.11647285893559456,28.181037259744446,0.0
NLRC3,0.11646995544433594,28.175668420487494,0.0
PUS10,0.1164590634405613,28.17029958123054,0.0
ZG16B,0.11644129902124405,28.16493074197359,0.0
NOC4L,0.11642649248242379,28.159561902716636,0.0
CYP4F11,0.11642282456159592,28.154193063459683,0.0
DCK,0.1164202518761158,28.148824224202727,0.0
SPRY3,0.11641286686062813,28.143455384945774,0.0
DAAM2,0.1163823738694191,28.13808654568882,0.0
DPCR1,0.11638080179691315,28.13271770643187,0.0
RNF122,0.11636987999081612,28.127348867174916,0.0
ELL3,0.11636759862303733,28.121980027917964,0.0
KIF4A,0.11636586114764214,28.11661118866101,0.0
CHURC1-FNTB,0.1163535051047802,28.11124234940406,0.0
MYLIP,0.11634907796978951,28.105873510147106,0.0
C4orf32,0.11633051037788392,28.100504670890153,0.0
FDX1L,0.11629758626222611,28.0951358316332,0.0
OR6C76,0.11627374291419983,28.089766992376248,0.0
ZNF583,0.11625945195555687,28.084398153119295,0.0
LRP12,0.11619371250271797,28.079029313862343,0.0
SRGAP1,0.11614201068878174,28.07366047460539,0.0
OSBPL2,0.11610558405518531,28.068291635348437,0.0
PLCH2,0.11609833166003228,28.062922796091485,0.0
SLC35A2,0.11609778255224228,28.05755395683453,0.0
TPSB2,0.11607251539826394,28.052185117577576,0.0
TMEM39A,0.11607229933142663,28.04681627832063,0.0
GEMIN8,0.11605714559555054,28.041447439063678,0.0
OR10R2,0.11605205908417701,28.036078599806725,0.0
OR5A1,0.11604229360818863,28.030709760549772,0.0
OR4D9,0.11603658348321914,28.02534092129282,0.0
SLC16A2,0.11603356003761292,28.019972082035867,0.0
FOXR2,0.11603244096040725,28.01460324277891,0.0
BCL2L14,0.11602855175733566,28.00923440352196,0.0
PAPPA,0.1160174086689949,28.003865564265006,0.0
PLEKHF2,0.11600534543395043,27.998496725008053,0.0
TMEM128,0.11597602367401123,27.9931278857511,0.0
OR5H2,0.11597343757748604,27.987759046494148,0.0
ZDHHC17,0.11594082564115524,27.982390207237195,0.0
TCEB1,0.11590340435504913,27.977021367980242,0.0
HDDC3,0.11588989868760109,27.97165252872329,0.0
SLC25A43,0.11586499810218812,27.966283689466337,0.0
FOXN2,0.11578476577997207,27.960914850209384,0.0
ARHGAP4,0.11571416854858399,27.955546010952432,0.0
TOLLIP,0.1157078891992569,27.95017717169548,0.0
GSDMB,0.1156744658946991,27.944808332438527,0.0
OR5K3,0.11564544513821602,27.939439493181574,0.0
ATF7IP2,0.11560832113027572,27.93407065392462,0.0
PTCRA,0.11557044684886933,27.92870181466767,0.0
LRRC47,0.11555880084633827,27.923332975410712,0.0
RAB12,0.11555370837450027,27.91796413615376,0.0
ZNF395,0.1155321590602398,27.912595296896807,0.0
C6orf120,0.11553189754486085,27.90722645763986,0.0
RBM7,0.1155057467520237,27.90185761838291,0.0
SKOR1,0.11547503620386124,27.896488779125956,0.0
BTG3,0.11544914245605468,27.891119939869004,0.0
ACTL8,0.11544695347547532,27.88575110061205,0.0
SLC45A1,0.11543375626206398,27.880382261355095,0.0
C11orf68,0.11542692333459854,27.875013422098142,0.0
LAPTM5,0.11541702821850777,27.86964458284119,0.0
LRRC58,0.11541693508625031,27.864275743584237,0.0
C16orf89,0.11538552418351174,27.858906904327284,0.0
UGT1A10,0.1153805710375309,27.85353806507033,0.0
MPPED2,0.11534107625484466,27.84816922581338,0.0
LRRTM2,0.11530422642827035,27.842800386556426,0.0
TCTEX1D2,0.11528747901320457,27.837431547299474,0.0
N4BP1,0.11525714322924614,27.83206270804252,0.0
ZBTB26,0.11525416299700737,27.82669386878557,0.0
ZBTB10,0.11524067521095276,27.821325029528616,0.0
TVP23C,0.11524045094847679,27.815956190271663,0.0
SERGEF,0.11523561254143715,27.81058735101471,0.0
C19orf47,0.11523347645998001,27.805218511757758,0.0
CCDC109B,0.11523047760128975,27.799849672500805,0.0
UHMK1,0.11521640941500663,27.794480833243853,0.0
TRPV5,0.11519809886813163,27.789111993986896,0.0
TPD52,0.11519322842359543,27.783743154729944,0.0
ZNF581,0.11514486148953437,27.77837431547299,0.0
CDPF1,0.11513581648468971,27.77300547621604,0.0
PIK3R6,0.11512793004512786,27.767636636959093,0.0
UGT1A1,0.11507695615291595,27.76226779770214,0.0
ATP6V0D2,0.1150763712823391,27.756898958445188,0.0
C10orf2,0.11506923623383045,27.751530119188235,0.0
SLC25A51,0.11504527181386948,27.74616127993128,0.0
ZNF267,0.11502969861030579,27.740792440674326,0.0
OR10K2,0.1150074228644371,27.735423601417374,0.0
TOR1B,0.1150068111717701,27.73005476216042,0.0
SLC30A3,0.11499715447425843,27.72468592290347,0.0
RCAN2,0.11499571725726128,27.719317083646516,0.0
OR7C1,0.11493912786245346,27.713948244389563,0.0
OR8B8,0.11493874937295914,27.70857940513261,0.0
GCNT4,0.11493845283985138,27.703210565875658,0.0
TDRKH,0.11491638794541359,27.697841726618705,0.0
ADAMTS6,0.1149100549519062,27.692472887361752,0.0
EPHA1,0.11489673778414726,27.6871040481048,0.0
EPHA6,0.11489212736487389,27.681735208847847,0.0
CENPM,0.11486763954162597,27.676366369590895,0.0
C6orf136,0.11485115438699722,27.670997530333942,0.0
RDM1,0.11484505906701088,27.66562869107699,0.0
AK4,0.11481565907597542,27.660259851820037,0.0
FZD10,0.11480529010295867,27.65489101256308,0.0
ZNF623,0.11479539275169373,27.649522173306128,0.0
PRSS16,0.11472763419151306,27.644153334049175,0.0
SLC22A1,0.11470701396465302,27.638784494792223,0.0
PCBD2,0.11469086930155754,27.63341565553527,0.0
C2orf49,0.11468982771039009,27.628046816278324,0.0
GFRA4,0.11468812599778175,27.62267797702137,0.0
IFIT3,0.11468650177121162,27.61730913776442,0.0
TMEM44,0.11457877457141877,27.611940298507463,0.0
MAP3K19,0.11452380120754242,27.60657145925051,0.0
SYTL2,0.11451437249779702,27.601202619993558,0.0
TMEM41A,0.11449805423617362,27.595833780736605,0.0
NBL1,0.1144949346780777,27.590464941479652,0.0
FRMPD2,0.11449386551976204,27.5850961022227,0.0
ZNF800,0.11449020877480506,27.579727262965747,0.0
C19orf44,0.11445170640945435,27.574358423708794,0.0
TMCC1,0.11444515213370324,27.568989584451842,0.0
PRAM1,0.11444499492645263,27.56362074519489,0.0
GPR180,0.11443784311413766,27.558251905937936,0.0
TREH,0.11438412591814995,27.552883066680984,0.0
SYNDIG1,0.11437349915504455,27.54751422742403,0.0
RGS8,0.11436814293265343,27.54214538816708,0.0
ZBED4,0.11435255855321884,27.536776548910126,0.0
RNF26,0.11433264017105102,27.531407709653173,0.0
UNC5A,0.11430818103253841,27.52603887039622,0.0
GLS2,0.11428926065564156,27.520670031139264,0.0
LRRC41,0.11428578868508339,27.515301191882312,0.0
ZNF131,0.11426463648676873,27.50993235262536,0.0
CTCFL,0.11422284990549088,27.504563513368407,0.0
FAM200A,0.11420859768986702,27.499194674111454,0.0
RNF185,0.11419384256005287,27.4938258348545,0.0
SYT6,0.11413456201553344,27.488456995597556,0.0
NGB,0.11410282179713249,27.483088156340603,0.0
KY,0.11409897431731224,27.477719317083647,0.0
DUSP8,0.11408070176839828,27.472350477826694,0.0
TNFSF12,0.11407512649893761,27.46698163856974,0.0
NME8,0.114042878895998,27.46161279931279,0.0
ATP11C,0.11404260024428367,27.456243960055836,0.0
CADM4,0.11397095844149589,27.450875120798884,0.0
TMEM80,0.11395926848053932,27.44550628154193,0.0
CENPV,0.11394268050789833,27.44013744228498,0.0
GLTSCR1,0.11392635554075241,27.434768603028026,0.0
KIAA1143,0.1139232948422432,27.429399763771073,0.0
LY75-CD302,0.11390338540077209,27.42403092451412,0.0
ZNF91,0.1138455979526043,27.418662085257168,0.0
MAGIX,0.1138402357697487,27.413293246000215,0.0
PABPC5,0.11379474252462388,27.407924406743263,0.0
OR4L1,0.11379427686333657,27.40255556748631,0.0
ZNF154,0.1137922041118145,27.397186728229357,0.0
ERV3-1,0.11378140822052955,27.391817888972405,0.0
RMDN2,0.11376858577132225,27.38644904971545,0.0
PCDHGA9,0.11376333311200142,27.381080210458496,0.0
OLFM4,0.1137319952249527,27.375711371201543,0.0
FGFBP2,0.113691546022892,27.37034253194459,0.0
OR5H1,0.11368411630392075,27.364973692687638,0.0
ICOSLG,0.11368337199091912,27.359604853430685,0.0
OR7G3,0.11367937773466111,27.35423601417374,0.0
OR10G4,0.11366652622818947,27.348867174916787,0.0
KCTD21,0.11366442441940308,27.34349833565983,0.0
CXorf40A,0.11366206258535386,27.33812949640288,0.0
DUOX1,0.11365127414464951,27.332760657145926,0.0
P2RY8,0.11363891363143921,27.327391817888973,0.0
PRPF38A,0.1136053405702114,27.32202297863202,0.0
SLC44A1,0.1136007197201252,27.316654139375068,0.0
ABCC12,0.11358998715877533,27.311285300118115,0.0
KCNE4,0.11353250741958618,27.305916460861162,0.0
DLGAP3,0.11348301097750664,27.30054762160421,0.0
ZC3H8,0.11346582919359208,27.295178782347257,0.0
GRAMD4,0.11344537883996964,27.289809943090305,0.0
ARHGAP15,0.11343014240264893,27.284441103833352,0.0
DET1,0.11339568197727204,27.2790722645764,0.0
TCL1A,0.11338458955287933,27.273703425319447,0.0
KNCN,0.11335031241178513,27.268334586062494,0.0
ARL14EP,0.11333730891346931,27.26296574680554,0.0
YJEFN3,0.11333055272698403,27.25759690754859,0.0
SPAG8,0.11332973316311837,27.252228068291632,0.0
PNRC1,0.113283871114254,27.24685922903468,0.0
AMMECR1,0.11328053697943688,27.241490389777727,0.0
ZNF677,0.11326280981302261,27.236121550520775,0.0
PPP4R1,0.11324939355254174,27.230752711263822,0.0
RPRD1A,0.1132470652461052,27.22538387200687,0.0
LAYN,0.11320623606443406,27.220015032749917,0.0
P2RY12,0.11317970603704453,27.21464619349297,0.0
CTSW,0.11314198672771454,27.209277354236015,0.0
ZKSCAN4,0.11314163133502006,27.203908514979062,0.0
OTOGL,0.11310931295156479,27.19853967572211,0.0
STAC2,0.11310734152793885,27.193170836465157,0.0
SORCS1,0.11309715732932091,27.187801997208204,0.0
C10orf118,0.11308954656124115,27.18243315795125,0.0
LOH12CR1,0.1130822867155075,27.1770643186943,0.0
CRISPLD1,0.11305759251117706,27.171695479437346,0.0
ILKAP,0.11303609535098076,27.166326640180394,0.0
L3MBTL4,0.11302905231714248,27.16095780092344,0.0
ADAMTS8,0.11301663964986801,27.15558896166649,0.0
HOXC11,0.11292866468429566,27.150220122409536,0.0
IGSF22,0.11289819926023484,27.144851283152583,0.0
PHACTR1,0.11288973167538643,27.13948244389563,0.0
IQCF1,0.11284008845686913,27.134113604638678,0.0
ZNF605,0.11282972991466522,27.128744765381725,0.0
LSM14B,0.11281612887978554,27.123375926124773,0.0
PDGFRL,0.11279789730906487,27.118007086867816,0.0
CD248,0.11279668807983398,27.112638247610864,0.0
TMEM171,0.11276855170726777,27.10726940835391,0.0
CTC-432M15.3,0.11273569762706756,27.10190056909696,0.0
C12orf29,0.11273125037550927,27.096531729840006,0.0
NANOS1,0.11272835731506348,27.091162890583053,0.0
ZSCAN5A,0.11268865615129471,27.0857940513261,0.0
PLD4,0.1126430906355381,27.080425212069148,0.0
C19orf57,0.11260637044906616,27.0750563728122,0.0
SLC37A1,0.11259756311774254,27.069687533555246,0.0
CIDEC,0.11259755343198777,27.064318694298294,0.0
EID3,0.11258832141757011,27.05894985504134,0.0
NRIP2,0.1125830128788948,27.05358101578439,0.0
B3GNT8,0.1125703513622284,27.048212176527436,0.0
ORMDL3,0.11256667077541352,27.042843337270483,0.0
SIDT1,0.11251082271337509,27.03747449801353,0.0
PLCXD1,0.11250441148877144,27.032105658756578,0.0
TMEM242,0.11247513964772224,27.026736819499625,0.0
WDR18,0.11247502192854882,27.021367980242673,0.0
RNF24,0.1124683290719986,27.01599914098572,0.0
SPPL3,0.11246538534760475,27.010630301728767,0.0
ZUFSP,0.11244985014200211,27.005261462471815,0.0
ZNF621,0.11244898587465287,26.999892623214862,0.0
ZNF253,0.11244408637285233,26.99452378395791,0.0
SLAMF7,0.11242963075637817,26.989154944700957,0.0
CHKB-CPT1B,0.11240488514304162,26.983786105444,0.0
RPP25,0.11237759813666344,26.978417266187048,0.0
ZNF844,0.11236823499202728,26.973048426930095,0.0
FER1L6,0.11236600577831268,26.967679587673143,0.0
TRMT12,0.11234861761331558,26.96231074841619,0.0
RIMBP2,0.11230252906680108,26.956941909159237,0.0
IL18BP,0.11224558800458909,26.951573069902285,0.0
TOX2,0.11221400946378708,26.946204230645332,0.0
MAEL,0.11220650896430015,26.94083539138838,0.0
GMFB,0.11219729110598564,26.93546655213143,0.0
LAMP3,0.11217956617474556,26.930097712874478,0.0
FGB,0.11216539815068245,26.924728873617525,0.0
XRRA1,0.112162846326828,26.919360034360572,0.0
ZFYVE28,0.1121611662209034,26.91399119510362,0.0
C10orf35,0.11215520277619362,26.908622355846667,0.0
SPERT,0.11214381083846092,26.903253516589714,0.0
ASB9,0.11214253827929496,26.897884677332762,0.0
FNDC5,0.11213821619749069,26.89251583807581,0.0
HIST1H2AA,0.11213671639561654,26.887146998818857,0.0
TSSC1,0.11209413409233093,26.881778159561904,0.0
ZNF250,0.11205531433224677,26.87640932030495,0.0
REPIN1,0.1120514765381813,26.871040481048,0.0
NUF2,0.11201645657420159,26.865671641791046,0.0
OR5R1,0.11199598461389541,26.860302802534093,0.0
SEZ6L,0.1119807444512844,26.85493396327714,0.0
PLEKHA2,0.11193187013268471,26.849565124020184,0.0
PHF17,0.11188505068421364,26.844196284763232,0.0
HOMER3,0.11187160462141037,26.83882744550628,0.0
PRMT8,0.11187056601047515,26.833458606249327,0.0
MORN4,0.11186453849077224,26.828089766992374,0.0
CYSLTR2,0.11185551508703036,26.82272092773542,1.0
DNAJC25,0.11184841468930244,26.81735208847847,0.0
CLDN15,0.1118244968354702,26.811983249221516,0.0
SLC44A5,0.11178193092346192,26.806614409964563,0.0
FAM171A1,0.11176297962665557,26.80124557070761,0.0
KIAA0513,0.11175193041563034,26.79587673145066,0.0
MRI1,0.11172565072774887,26.79050789219371,0.0
ZNF771,0.1117214173078537,26.785139052936756,0.0
HYKK,0.1117002822458744,26.779770213679804,0.0
TENM1,0.11168931946158409,26.77440137442285,0.0
NACC2,0.11166682913899421,26.7690325351659,0.0
GIMAP2,0.11163451299071311,26.763663695908946,0.0
OCIAD2,0.11162486374378204,26.758294856651993,0.0
FAM76B,0.1116238109767437,26.75292601739504,0.0
CYB561D1,0.11160105094313622,26.747557178138088,0.0
ZNF282,0.11159188523888589,26.742188338881135,0.0
KIAA1614,0.11157073527574539,26.736819499624183,0.0
HAPLN3,0.11156408265233039,26.73145066036723,0.0
GPR153,0.11152873337268829,26.726081821110277,0.0
C5orf28,0.11151601821184158,26.720712981853325,0.0
SNX22,0.11151413396000862,26.71534414259637,0.0
FMO5,0.11148416846990586,26.709975303339416,0.0
OR5M1,0.11144431456923484,26.704606464082463,0.0
GHRH,0.11141235157847404,26.69923762482551,0.0
SPATC1L,0.11137894093990326,26.693868785568558,0.0
ZNF691,0.11137060448527336,26.688499946311605,0.0
CDC42SE2,0.11133782789111138,26.683131107054653,0.0
IDO1,0.1113060660660267,26.6777622677977,0.0
TMEM53,0.11129808500409126,26.672393428540747,0.0
BTBD11,0.11128749996423722,26.667024589283795,0.0
SH3D21,0.11128648817539215,26.661655750026846,0.0
GEMIN6,0.11128560304641724,26.656286910769893,0.0
B3GAT1,0.11126418560743331,26.65091807151294,0.0
TNNC2,0.11123740151524544,26.645549232255988,0.0
WBP1L,0.11122226864099502,26.640180392999035,0.0
TEKT5,0.11121200025081635,26.634811553742082,0.0
UBE2R2,0.11120597347617149,26.62944271448513,0.0
FSTL5,0.11118080243468284,26.624073875228177,0.0
CCDC181,0.11114780828356743,26.618705035971225,0.0
PCDHGB6,0.1111449047923088,26.613336196714272,0.0
KIAA0754,0.11114192977547646,26.60796735745732,0.0
LTK,0.11113758310675621,26.602598518200367,0.0
PAPD5,0.11112935990095138,26.597229678943414,0.0
CAMKMT,0.11112859547138214,26.59186083968646,0.0
NTN3,0.111107337474823,26.58649200042951,0.0
CNTN6,0.11109727025032043,26.581123161172552,0.0
EMP1,0.11109457686543464,26.5757543219156,0.0
RPP14,0.11109044775366783,26.570385482658647,0.0
DTD2,0.11108995005488395,26.565016643401695,0.0
ZNF766,0.1110784612596035,26.559647804144742,0.0
C11orf1,0.11106576547026634,26.55427896488779,0.0
KCNH7,0.11105362325906754,26.548910125630837,0.0
GLCCI1,0.11101750656962395,26.543541286373884,0.0
SAPCD2,0.11098407953977585,26.53817244711693,0.0
CLCA4,0.11098001301288604,26.53280360785998,0.0
EP400NL,0.11097897551953792,26.527434768603026,0.0
CMTM8,0.11097653210163116,26.522065929346077,0.0
ZNF652,0.11096834689378739,26.516697090089124,0.0
ZNF506,0.11094420030713081,26.51132825083217,0.0
KLKB1,0.11092525497078895,26.50595941157522,0.0
CDYL,0.11089710295200347,26.500590572318266,0.0
SLC39A9,0.11086475178599357,26.495221733061314,0.0
ODF4,0.11083720475435258,26.48985289380436,0.0
PSTK,0.11082911789417267,26.48448405454741,0.0
NOL10,0.1108156569302082,26.479115215290456,0.0
OGFOD2,0.11075299009680747,26.473746376033503,0.0
DCST2,0.11071580648422241,26.46837753677655,0.0
NR1I3,0.1106886975467205,26.463008697519598,0.0
ZNF440,0.11068316176533699,26.457639858262645,0.0
FBXL7,0.11068209931254387,26.452271019005693,0.0
OVCH1,0.11067736744880677,26.446902179748736,0.0
FBXO8,0.1106737345457077,26.441533340491784,0.0
CYP4F3,0.11066448241472245,26.43616450123483,0.0
GALNT6,0.11061775609850884,26.43079566197788,0.0
MS4A3,0.11060169488191604,26.425426822720926,0.0
CHI3L1,0.11058196872472763,26.420057983463973,0.0
AK5,0.11057319045066834,26.41468914420702,0.0
CSNK2A3,0.11053255274891853,26.409320304950068,0.0
WDSUB1,0.11047324314713478,26.403951465693115,0.0
COQ10B,0.11046510040760041,26.398582626436163,0.0
TRIM31,0.11045785918831826,26.39321378717921,0.0
PDE8B,0.11040104776620865,26.387844947922257,0.0
WNK4,0.11031809598207473,26.38247610866531,0.0
LYPLA2,0.11031611859798432,26.377107269408356,0.0
TRAPPC8,0.11031104996800423,26.371738430151403,0.0
PLEKHG4B,0.11029830425977707,26.36636959089445,0.0
PRAME,0.11026923954486847,26.361000751637498,0.0
SPATA17,0.11023717895150184,26.355631912380545,0.0
CLEC1A,0.11022927239537239,26.350263073123593,0.0
CCDC51,0.11016782969236374,26.34489423386664,0.0
FOXO6,0.11010007262229919,26.339525394609687,0.0
CAPN11,0.11009553745388985,26.334156555352735,0.0
ZBTB25,0.11008203327655793,26.328787716095782,0.0
OR11H4,0.11007466390728951,26.32341887683883,0.0
KCTD19,0.11006926447153091,26.318050037581877,0.0
KCNN4,0.11006497740745544,26.31268119832492,0.0
NBPF20,0.11005540266633033,26.307312359067968,0.0
FAM49A,0.11004958823323249,26.301943519811015,0.0
LRRN2,0.11004099324345588,26.296574680554063,0.0
TMC4,0.11003361418843269,26.29120584129711,0.0
PTGES3L-AARSD1,0.10997304767370224,26.285837002040157,0.0
RENBP,0.10995635464787483,26.280468162783205,0.0
GRAP2,0.10995024144649505,26.275099323526252,0.0
LHCGR,0.10994471237063408,26.2697304842693,0.0
A2ML1,0.10994327291846276,26.264361645012347,0.0
CYP2C9,0.10981490612030029,26.258992805755394,0.0
ZNF417,0.10981293320655823,26.25362396649844,0.0
RAB25,0.10980439633131027,26.24825512724149,0.0
PALM2,0.10979535430669785,26.24288628798454,0.0
PTCHD4,0.10975694730877876,26.237517448727587,0.0
PKDREJ,0.10974872931838035,26.232148609470634,0.0
PCDHB10,0.10971143171191215,26.226779770213682,0.0
WASF3,0.10970379263162613,26.22141093095673,0.0
ZXDA,0.10968219712376595,26.216042091699777,0.0
GMFG,0.10967514365911483,26.210673252442824,0.0
TP53TG5,0.10964889004826546,26.20530441318587,0.0
KIAA1683,0.10959429517388344,26.19993557392892,0.0
LACE1,0.1095800943672657,26.194566734671966,0.0
ZNF177,0.109519474953413,26.189197895415013,0.0
SYTL3,0.10950039550662041,26.18382905615806,0.0
TFPI2,0.10948878526687622,26.178460216901104,0.0
SULT2B1,0.10947195515036583,26.173091377644152,0.0
C1orf105,0.10946795791387558,26.1677225383872,0.0
ZNF680,0.10946003198623658,26.162353699130247,0.0
LRFN4,0.10941390544176102,26.156984859873294,0.0
TMC3,0.10941167920827866,26.15161602061634,0.0
PAIP2B,0.10940955653786659,26.14624718135939,0.0
OAF,0.10940559953451157,26.140878342102436,0.0
ZNF707,0.10938234701752662,26.135509502845483,0.0
OSBP2,0.10936153382062912,26.13014066358853,0.0
HTR3C,0.10932216867804527,26.124771824331578,0.0
ZNF558,0.1093196488916874,26.119402985074625,0.0
SERPINB8,0.1093107931315899,26.114034145817673,0.0
SGOL2,0.10929977893829346,26.10866530656072,0.0
IKBKE,0.10927739143371581,26.10329646730377,0.0
IGSF21,0.1092684544622898,26.09792762804682,0.0
ART4,0.10926284715533256,26.092558788789866,0.0
FAM206A,0.10925649106502533,26.087189949532913,0.0
RNF166,0.10923991873860359,26.08182111027596,0.0
MTSS1L,0.10923361331224442,26.076452271019008,0.0
FUBP3,0.10922834053635597,26.071083431762055,0.0
VSIG2,0.10922774747014045,26.065714592505103,0.0
AKT1S1,0.10922400429844856,26.06034575324815,0.0
WNK3,0.10921139195561409,26.054976913991197,0.0
COX4I2,0.10918863341212273,26.049608074734245,0.0
KCNA3,0.10918352901935577,26.04423923547729,0.0
GPX8,0.10917953327298165,26.038870396220336,0.0
ZNF516,0.10917536988854408,26.033501556963383,0.0
ZNF248,0.10917153358459472,26.02813271770643,0.0
CKAP2L,0.10915534570813179,26.022763878449478,0.0
PRICKLE4,0.1091111272573471,26.017395039192525,0.0
IBA57,0.10910536944866181,26.012026199935573,0.0
ZFP14,0.10910450220108033,26.00665736067862,0.0
PRIM1,0.10909832864999772,26.001288521421667,0.0
TMEM234,0.10904038920998574,25.995919682164715,0.0
GABRG1,0.10902608409523964,25.990550842907762,0.0
LRMP,0.10898171663284302,25.98518200365081,0.0
MSL3,0.1089687779545784,25.979813164393857,0.0
SLC16A9,0.10896405875682831,25.974444325136904,0.0
ZNF470,0.10894933193922043,25.969075485879955,0.0
CDKL3,0.10894756764173508,25.963706646623002,0.0
UBE2S,0.10892286300659179,25.95833780736605,0.0
TRMT10B,0.10891172811388969,25.952968968109097,0.0
CD300C,0.1089029423892498,25.947600128852145,0.0
ZKSCAN1,0.10888096168637276,25.942231289595192,0.0
SLC46A3,0.10887431204319001,25.93686245033824,0.0
SYNE3,0.10885056853294373,25.931493611081287,0.0
OR10T2,0.10882844626903534,25.926124771824334,0.0
KLHDC9,0.10881272405385971,25.92075593256738,0.0
KMO,0.10881212279200554,25.91538709331043,0.0
CTD-3074O7.11,0.10880747586488723,25.910018254053472,0.0
GHDC,0.10877433866262436,25.90464941479652,0.0
GPRC5D,0.10877288356423379,25.899280575539567,0.0
ZNF584,0.10874934941530227,25.893911736282615,0.0
ATP2B3,0.10874256119132042,25.888542897025662,0.0
MEF2B,0.10873786136507987,25.88317405776871,0.0
RBM44,0.10872817635536194,25.877805218511757,0.0
STK32A,0.10872406736016274,25.872436379254804,0.0
ASF1B,0.10869851559400559,25.86706753999785,0.0
ZFP30,0.10867163762450219,25.8616987007409,0.0
SGPP2,0.10865463316440582,25.856329861483946,0.0
IGFLR1,0.10865176245570182,25.850961022226993,0.0
ZC3H3,0.10865043625235557,25.84559218297004,0.0
SLC26A8,0.10864767283201218,25.840223343713088,0.0
ZNRF2,0.10864494740962982,25.834854504456136,0.0
S100PBP,0.10860985666513442,25.829485665199186,0.0
TRIM15,0.10860312432050705,25.824116825942234,0.0
COL6A5,0.1085611056536436,25.81874798668528,0.0
CALB2,0.10854349955916405,25.81337914742833,0.0
BST1,0.10848494321107864,25.808010308171376,0.0
RFFL,0.10848454013466835,25.802641468914423,0.0
NFKBIL1,0.10847720205783844,25.79727262965747,0.0
HDGFRP2,0.10843517705798149,25.791903790400518,0.0
EIF4E1B,0.10835007578134537,25.786534951143565,0.0
TMEM88,0.1083405077457428,25.781166111886613,0.0
CTSS,0.10831700339913368,25.775797272629656,0.0
ZNF415,0.10830675214529037,25.770428433372704,0.0
HIST1H1A,0.10829048678278923,25.76505959411575,0.0
METTL10,0.10827402845025062,25.7596907548588,0.0
RAB33B,0.1082460768520832,25.754321915601846,0.0
GPR137,0.10823948010802269,25.748953076344893,0.0
CDC20B,0.10815828740596771,25.74358423708794,0.0
GPR27,0.10814948827028274,25.738215397830988,0.0
RNF152,0.10807323604822158,25.732846558574035,0.0
GCA,0.10804145112633705,25.727477719317083,0.0
NAA38,0.10803735703229904,25.72210888006013,0.0
RAB39A,0.10801490098237991,25.716740040803177,0.0
ELFN1,0.10801052823662757,25.711371201546225,0.0
CPSF7,0.10800461918115616,25.706002362289272,0.0
RETN,0.10799802616238594,25.70063352303232,0.0
ZNF418,0.10799711421132088,25.695264683775363,0.0
C12orf43,0.10790784507989884,25.689895844518418,0.0
ZNF550,0.10788149461150169,25.684527005261465,0.0
ATP10B,0.10787522271275521,25.679158166004513,0.0
SLC10A4,0.10787188485264779,25.67378932674756,0.0
STYK1,0.10785325542092324,25.668420487490607,0.0
NAIP,0.1078381896018982,25.663051648233655,0.0
MPLKIP,0.10783727914094925,25.657682808976702,0.0
ZNF845,0.10783424973487854,25.65231396971975,0.0
GPR65,0.10777743831276894,25.646945130462797,0.0
RNF144A,0.10776293724775314,25.64157629120584,0.0
FAM24A,0.10771545320749283,25.636207451948888,0.0
GMEB2,0.10768933892250061,25.630838612691935,0.0
OR51M1,0.10767141506075859,25.625469773434983,0.0
SYTL5,0.10767035186290741,25.62010093417803,0.0
SUV420H1,0.1076525017619133,25.614732094921077,0.0
PDZD4,0.10765151381492614,25.609363255664125,0.0
UPB1,0.10764689818024635,25.603994416407172,0.0
BZRAP1,0.10758900120854378,25.59862557715022,0.0
REXO1,0.10758674293756484,25.593256737893267,0.0
FANCB,0.1075830951333046,25.587887898636314,0.0
CCNL1,0.10752666667103768,25.58251905937936,0.0
GATSL3,0.10745550096035003,25.57715022012241,0.0
ZFP62,0.10744584500789642,25.571781380865456,0.0
RPP21,0.10744292214512825,25.566412541608504,0.0
SLFN12,0.10743598416447639,25.561043702351547,0.0
PLEKHA3,0.10740179941058159,25.555674863094595,0.0
COL22A1,0.10738998278975487,25.55030602383765,0.0
RBMS3,0.10738747045397759,25.544937184580697,0.0
TKTL1,0.1073763020336628,25.539568345323744,0.0
SLC6A13,0.10736859515309334,25.53419950606679,0.0
LRRC8B,0.1073555164039135,25.52883066680984,0.0
RASGEF1C,0.10734632015228271,25.523461827552886,0.0
UPK1B,0.10731961503624916,25.518092988295933,0.0
CEA,0.10730760842561722,25.51272414903898,0.0
RAPGEFL1,0.107277512550354,25.507355309782024,0.0
CTD-2140B24.4,0.10724798813462258,25.501986470525072,0.0
SLC14A2,0.10713913440704345,25.49661763126812,0.0
MARCH1,0.10712751671671868,25.491248792011167,0.0
PLEKHO1,0.10711324810981751,25.485879952754214,0.0
GIMAP1,0.1071090742945671,25.48051111349726,0.0
FAM102A,0.10710578262805939,25.47514227424031,0.0
ZNF684,0.10707053542137146,25.469773434983356,0.0
SIGLEC6,0.10705905482172966,25.464404595726403,0.0
SRFBP1,0.10705272182822227,25.45903575646945,0.0
ELTD1,0.10703265890479088,25.453666917212498,0.0
BRD3,0.10702027082443237,25.448298077955545,0.0
PAIP1,0.10701378509402275,25.442929238698593,0.0
UCK2,0.10701345503330231,25.43756039944164,0.0
TSNAXIP1,0.1070083387196064,25.432191560184688,0.0
SYDE1,0.10700123310089112,25.42682272092773,0.0
RTEL1-TNFRSF6B,0.10698439180850983,25.42145388167078,0.0
CD2,0.10696730390191078,25.416085042413826,0.0
TCN1,0.10691540986299515,25.41071620315688,0.0
IL7R,0.10689205303788185,25.405347363899928,0.0
SYT17,0.10688574127852916,25.399978524642975,0.0
GCSAM,0.10687605440616607,25.394609685386023,0.0
GSG2,0.10686910226941108,25.38924084612907,0.0
ADAMTS15,0.10686077028512955,25.383872006872117,0.0
IL15RA,0.1068461611866951,25.378503167615165,0.0
CYP4F2,0.10684506297111511,25.37313432835821,0.0
ADCY2,0.10684254243969918,25.367765489101256,0.0
ZNF562,0.1068413347005844,25.362396649844303,0.0
ZNF570,0.1068042866885662,25.35702781058735,0.0
INPP4B,0.10678793340921403,25.351658971330398,0.0
FAM78A,0.10677926987409592,25.346290132073445,0.0
SLC12A8,0.10677916035056115,25.340921292816493,0.0
COL26A1,0.1067509688436985,25.33555245355954,0.0
EEPD1,0.10673628151416778,25.330183614302587,0.0
DENND4B,0.10670244060456753,25.324814775045635,0.0
UBD,0.1066751904785633,25.319445935788682,0.0
GTF2A1L,0.10666429325938225,25.31407709653173,0.0
C19orf18,0.10665111169219017,25.308708257274777,0.0
MDGA1,0.10662165731191635,25.303339418017824,0.0
MUC21,0.10659381449222564,25.29797057876087,0.0
MICB,0.10654355213046074,25.292601739503915,0.0
GPR37,0.10652280375361442,25.287232900246963,0.0
FAM135B,0.10647787749767304,25.28186406099001,0.0
ZNF814,0.1064472459256649,25.276495221733065,0.0
ZNF259,0.10642948448657989,25.271126382476112,0.0
DRC1,0.10639388635754585,25.26575754321916,0.0
ZCCHC24,0.1063789777457714,25.260388703962207,0.0
TRIM58,0.10637854412198067,25.255019864705254,0.0
BRINP3,0.1063538633286953,25.2496510254483,0.0
S100A7,0.10634327679872513,25.24428218619135,0.0
ZNF442,0.10633942186832428,25.238913346934392,0.0
GEMIN7,0.10631036385893822,25.23354450767744,0.0
AFP,0.10629680678248406,25.228175668420487,0.0
RFXAP,0.10624356046319008,25.222806829163535,0.0
ADAP1,0.1062227301299572,25.217437989906582,0.0
OR52J3,0.10619651451706887,25.21206915064963,0.0
MARC1,0.10617040544748306,25.206700311392677,0.0
ZRANB3,0.10616142600774765,25.201331472135724,0.0
CST7,0.1061440035700798,25.19596263287877,0.0
LNP1,0.10612003356218339,25.19059379362182,0.0
ZNF362,0.10611507967114449,25.185224954364866,0.0
TCEAL7,0.10611212477087975,25.179856115107913,0.0
CYP2B6,0.10611201748251915,25.17448727585096,0.0
IGF2BP3,0.10609560906887054,25.169118436594008,0.0
MASP2,0.10608912259340286,25.163749597337056,0.0
DAP,0.10608303919434547,25.1583807580801,0.0
ZNF616,0.10605846121907234,25.153011918823147,0.0
TYROBP,0.10603529438376427,25.147643079566194,0.0
C4orf21,0.10603313222527504,25.14227424030924,0.0
GAS2,0.10602455064654351,25.136905401052296,0.0
GSK3A,0.10601859092712403,25.131536561795343,0.0
SH2D4A,0.10600870475172997,25.12616772253839,0.0
CBLC,0.1060056857764721,25.120798883281438,0.0
NGEF,0.10596464574337006,25.115430044024485,0.0
KCTD18,0.1059634692966938,25.110061204767533,0.0
P2RY11,0.1059327855706215,25.104692365510576,0.0
GNRHR,0.10591379627585411,25.099323526253624,0.0
ARL4A,0.10591310784220695,25.09395468699667,0.0
MMP1,0.10588835254311561,25.08858584773972,0.0
TPTE2,0.10586703047156334,25.083217008482766,0.0
MMP25,0.10585003495216369,25.077848169225813,0.0
ZNF653,0.10584805458784104,25.07247932996886,0.0
FAM92A1,0.10581301301717758,25.067110490711908,0.0
CRP,0.10579323396086693,25.061741651454955,0.0
ESAM,0.10573642775416374,25.056372812198003,0.0
CEACAM6,0.10572668761014939,25.05100397294105,0.0
UBE2Z,0.10572387501597405,25.045635133684097,0.0
IGDCC3,0.10570357143878936,25.040266294427145,0.0
PKMYT1,0.10564094111323356,25.034897455170192,0.0
ZNF629,0.10562125369906425,25.02952861591324,0.0
TXNL1,0.10560598969459534,25.024159776656283,0.0
HAO2,0.10560220777988434,25.01879093739933,0.0
FBXO46,0.10557059049606324,25.013422098142378,0.0
KCNAB3,0.1055653527379036,25.008053258885425,0.0
ZNF17,0.10555199533700943,25.002684419628473,0.0
RBKS,0.10554839745163917,24.997315580371524,0.0
OR5M10,0.10552260428667068,24.99194674111457,0.0
HIST1H2AD,0.10551097169518471,24.98657790185762,0.0
ST6GALNAC2,0.10550785884261131,24.981209062600666,0.0
PI4K2B,0.10549459159374237,24.975840223343713,0.0
CDH12,0.10545888915657997,24.97047138408676,0.0
BEST4,0.10544317290186882,24.965102544829808,0.0
OR1F1,0.10543567836284637,24.959733705572855,0.0
HIST1H2BA,0.10541824400424957,24.954364866315903,0.0
C5orf34,0.10541523173451424,24.94899602705895,0.0
SH3BP1,0.10538777112960815,24.943627187801997,0.0
STK32B,0.1053796499967575,24.938258348545045,0.0
NPIPB3,0.10536007881164551,24.932889509288092,0.0
AKAP7,0.10535156205296517,24.92752067003114,0.0
TTYH3,0.10531768128275872,24.922151830774187,0.0
SESN3,0.10529237687587738,24.916782991517234,0.0
SLC37A2,0.10526408925652504,24.91141415226028,0.0
KRTAP10-7,0.1052209571003914,24.90604531300333,0.0
IQCJ-SCHIP1,0.1052025742828846,24.900676473746376,0.0
RP11-73M18.2,0.1052007645368576,24.895307634489424,0.0
IQSEC3,0.10517359599471092,24.88993879523247,0.0
FAM168A,0.10517083033919335,24.88456995597552,0.0
ADCY1,0.10516794621944428,24.879201116718566,0.0
CCDC135,0.10516747310757638,24.873832277461613,0.0
KCTD11,0.10516309216618538,24.86846343820466,0.0
ASUN,0.10515691339969635,24.863094598947708,0.0
LSMEM1,0.10515416264533997,24.857725759690755,0.0
DUSP18,0.10512038841843604,24.852356920433802,0.0
FAM110B,0.10509765818715096,24.84698808117685,0.0
TEX12,0.10509189032018185,24.841619241919897,0.0
FBXO31,0.10508655533194541,24.836250402662944,0.0
CAPN15,0.1050646685063839,24.830881563405992,0.0
TRIM11,0.10505636334419251,24.82551272414904,0.0
N6AMT2,0.1050548605620861,24.820143884892087,0.0
FCHO1,0.10504272431135178,24.814775045635134,0.0
TTBK1,0.10502710863947869,24.80940620637818,0.0
SOX15,0.1050102636218071,24.80403736712123,0.0
IFNA5,0.10497948229312896,24.798668527864276,0.0
CYP46A1,0.1049734853208065,24.793299688607323,0.0
ZNF699,0.10497067645192146,24.78793084935037,0.0
VPS4B,0.10495736375451088,24.782562010093418,0.0
IRF2BP1,0.10494864135980606,24.777193170836465,0.0
ZFP91,0.10492988526821137,24.771824331579513,0.0
REM1,0.10491388887166977,24.76645549232256,0.0
ZNF879,0.10488665550947189,24.761086653065608,0.0
ADAMTS16,0.10487494021654128,24.755717813808655,0.0
SERPINB3,0.10475396662950516,24.750348974551702,0.0
C14orf39,0.10475023314356804,24.74498013529475,0.0
ZNF565,0.10472312048077584,24.739611296037797,0.0
HMGN5,0.10471134260296822,24.734242456780844,0.0
ZNF628,0.10468623265624047,24.72887361752389,0.0
TMEM241,0.10463974699378013,24.72350477826694,0.0
ZFYVE19,0.10463596358895302,24.718135939009986,0.0
THAP3,0.10459473431110382,24.712767099753034,0.0
ZNF319,0.10458271577954292,24.70739826049608,0.0
ZBTB39,0.10458245575428009,24.70202942123913,0.0
TESK1,0.1045759916305542,24.696660581982176,0.0
KCNK10,0.1045755185186863,24.691291742725223,0.0
UMODL1,0.10457191243767738,24.68592290346827,0.0
PCDHGB3,0.10450424924492836,24.680554064211318,0.0
ATG10,0.10450263395905494,24.675185224954365,0.0
BPIFC,0.10449646711349488,24.669816385697413,0.0
VWCE,0.10443791449069977,24.66444754644046,0.0
RSBN1L,0.10441201701760291,24.659078707183507,0.0
TBKBP1,0.1043952114880085,24.653709867926555,0.0
SIGLEC14,0.1043931394815445,24.648341028669602,0.0
THRSP,0.1043914258480072,24.64297218941265,0.0
MVB12B,0.10438909828662872,24.637603350155697,0.0
FBXL13,0.10435575246810913,24.632234510898744,0.0
ZBED6CL,0.10434667393565178,24.62686567164179,0.0
KCNMB4,0.10432258173823357,24.621496832384835,0.0
DUSP10,0.10431887283921241,24.616127993127886,0.0
KIAA1324L,0.1042902983725071,24.610759153870934,0.0
PTGES,0.10426297709345818,24.60539031461398,0.0
TMEM204,0.10425208508968353,24.60002147535703,0.0
HRH2,0.10422564297914505,24.594652636100076,0.0
EFCC1,0.10421507135033607,24.589283796843123,0.0
RASGEF1B,0.10421189665794373,24.58391495758617,0.0
NREP,0.10413352251052857,24.578546118329218,0.0
ZNF2,0.10410574525594711,24.573177279072265,0.0
UBQLN4,0.10410229265689849,24.567808439815312,0.0
TTPAL,0.10410009250044823,24.56243960055836,0.0
CDK17,0.10409937426447868,24.557070761301407,0.0
ATP2C2,0.10409175306558609,24.55170192204445,0.0
PIK3C2B,0.10407828390598298,24.546333082787502,0.0
GIF,0.10406416207551956,24.54096424353055,0.0
TSPYL5,0.10401588156819344,24.535595404273597,0.0
SLC9A3,0.10397472903132439,24.530226565016644,0.0
TRIML2,0.10395976677536964,24.52485772575969,0.0
GRIK5,0.10391161367297172,24.51948888650274,0.0
C7orf60,0.1038833774626255,24.514120047245786,0.0
DPYSL5,0.10387902706861496,24.508751207988833,0.0
PNMA5,0.1038326971232891,24.50338236873188,0.0
CSMD2,0.10381877198815345,24.498013529474928,0.0
SMOX,0.10380798056721688,24.492644690217976,0.0
ZNF454,0.10379007533192634,24.48727585096102,0.0
EFS,0.10378141775727272,24.481907011704067,0.0
TTC22,0.10377134382724762,24.476538172447118,0.0
KRT222,0.10374022424221038,24.471169333190165,0.0
TESC,0.10372251197695732,24.465800493933212,0.0
ASIC4,0.10371956452727318,24.46043165467626,0.0
CYP2C8,0.10369965881109237,24.455062815419307,0.0
FRMPD4,0.10368710160255432,24.449693976162354,0.0
OPCML,0.1036824993789196,24.4443251369054,0.0
GLIPR1L1,0.10367785207927227,24.43895629764845,0.0
SFMBT2,0.10367332026362419,24.433587458391496,0.0
TRMT44,0.1036648504436016,24.428218619134544,0.0
CXorf23,0.10365566313266754,24.42284977987759,0.0
ATRNL1,0.10363971218466758,24.417480940620635,0.0
SNX16,0.10363931581377983,24.412112101363682,0.0
HELB,0.10360006913542748,24.406743262106733,0.0
MAATS1,0.10358570516109467,24.40137442284978,0.0
AGPAT4,0.10357039794325829,24.396005583592828,0.0
C1orf21,0.10355486944317818,24.390636744335875,0.0
SULT1C3,0.10354598239064217,24.385267905078923,0.0
DHX37,0.1035365715622902,24.37989906582197,0.0
BACH2,0.10352953374385834,24.374530226565017,0.0
ZNF708,0.10349211320281029,24.369161387308065,0.0
DEXI,0.1034757025539875,24.363792548051112,0.0
DPP6,0.1034710438037471,24.35842370879416,1.0
NMRK1,0.1034365251660347,24.353054869537203,0.0
KIAA2022,0.1034358985722065,24.34768603028025,0.0
LY9,0.10340191349387169,24.342317191023298,0.0
LPAR2,0.10340104848146439,24.33694835176635,0.0
RBM41,0.10333920568227768,24.331579512509396,0.0
DAPP1,0.10333858504891395,24.326210673252444,0.0
CLEC2D,0.10329919531941414,24.32084183399549,0.0
ZNF79,0.10326449573040009,24.31547299473854,0.0
HNRNPUL2-BSCL2,0.10322434008121491,24.310104155481586,0.0
ZNF117,0.10322309285402298,24.304735316224633,0.0
GPR135,0.10319869220256805,24.29936647696768,0.0
RPL39L,0.10318788215517997,24.293997637710728,0.0
OIT3,0.10316538289189339,24.288628798453775,0.0
BHLHB9,0.10314665213227273,24.28325995919682,0.0
PCDHGA7,0.10312482677400112,24.277891119939866,0.0
CWH43,0.1031020849943161,24.272522280682917,0.0
TIGD2,0.10307938382029533,24.267153441425965,0.0
APMAP,0.1030435711145401,24.261784602169012,0.0
SECTM1,0.10303479433059692,24.25641576291206,0.0
ZMAT4,0.10300502553582191,24.251046923655107,0.0
ZNF786,0.10297250747680664,24.245678084398154,0.0
CLEC5A,0.10296819135546684,24.2403092451412,0.0
DENND1A,0.102939423173666,24.23494040588425,0.0
PKNOX2,0.10288889333605766,24.229571566627296,0.0
SLC6A7,0.1028766617178917,24.224202727370344,0.0
KLHL28,0.10285593420267106,24.218833888113387,0.0
PRELID2,0.10281512439250946,24.213465048856435,0.0
SLC39A3,0.10280302241444587,24.208096209599482,0.0
LDLRAD3,0.1027681589126587,24.202727370342533,0.0
ELOVL7,0.10275200605392457,24.19735853108558,0.0
RTN2,0.10274764075875283,24.191989691828628,0.0
NLRP11,0.10270254462957382,24.186620852571675,0.0
C8B,0.10269244909286498,24.181252013314722,0.0
PCDHGB7,0.10263775810599327,24.17588317405777,0.0
TCEANC,0.1026332676410675,24.170514334800817,0.0
RIMKLA,0.10257863029837608,24.165145495543864,0.0
MAP1LC3C,0.10253256037831307,24.159776656286912,0.0
SLC22A23,0.10252410620450973,24.15440781702996,0.0
GRIK3,0.10251345261931419,24.149038977773003,0.0
CD200,0.10244107097387314,24.14367013851605,0.0
ZNF804A,0.10243465714156627,24.138301299259098,0.0
ZCCHC2,0.1024251252412796,24.13293246000215,0.0
PUS7L,0.10242127254605293,24.127563620745196,0.0
GPR173,0.10237808376550675,24.122194781488243,0.0
ZFP90,0.10237667188048363,24.11682594223129,0.0
NACA2,0.10232927948236466,24.111457102974338,0.0
TMEM183A,0.10227861702442169,24.106088263717385,0.0
OTOA,0.10227737575769424,24.100719424460433,0.0
HS1BP3,0.10226106345653534,24.09535058520348,0.0
SLC45A3,0.1022576242685318,24.089981745946528,0.0
C17orf47,0.10225152969360352,24.08461290668957,0.0
C17orf58,0.1022484190762043,24.07924406743262,0.0
CSF2RA,0.10222754627466202,24.073875228175666,0.0
ZNF763,0.10222721174359321,24.068506388918713,0.0
GTPBP10,0.10221091210842133,24.063137549661764,0.0
CDCA7,0.10220546871423722,24.05776871040481,0.0
DMKN,0.10217764973640442,24.05239987114786,0.0
SLC5A2,0.10216050371527671,24.047031031890906,0.0
KCNU1,0.10215254575014114,24.041662192633954,0.0
DDTL,0.10215031132102012,24.036293353377,0.0
CYP4Z1,0.1021484337747097,24.03092451412005,0.0
ALOX5AP,0.10211805626749992,24.025555674863096,0.0
GRM2,0.10209115967154503,24.020186835606143,0.0
ATXN7L1,0.10207942128181458,24.014817996349187,0.0
ZNF667,0.1020746260881424,24.009449157092234,0.0
JMJD4,0.1020647943019867,24.00408031783528,0.0
SLC25A42,0.10204558372497559,23.99871147857833,0.0
PARD6B,0.10204178839921951,23.99334263932138,0.0
DDHD1,0.10202100574970245,23.987973800064427,0.0
BOK,0.10201768949627876,23.982604960807475,0.0
RNF112,0.1019171118736267,23.977236121550522,0.0
ADAM28,0.1018973559141159,23.97186728229357,0.0
ZNF100,0.10186487957835197,23.966498443036617,0.0
CYP2D6,0.10185870565474034,23.961129603779664,0.0
GHRHR,0.1018394909799099,23.95576076452271,0.0
APOM,0.10183654576539994,23.950391925265755,0.0
ZNF600,0.10182577520608901,23.945023086008803,0.0
LBP,0.10179503858089448,23.93965424675185,0.0
MOCOS,0.10179257392883301,23.934285407494897,0.0
AVPR1A,0.10178948640823364,23.928916568237945,0.0
ZNF92,0.10170772671699524,23.923547728980996,0.0
KATNAL1,0.10170535445213318,23.918178889724043,0.0
DCHS2,0.10169934369623661,23.91281005046709,0.0
KLK13,0.10169111713767051,23.907441211210138,0.0
ZNF676,0.10167701691389083,23.902072371953185,0.0
TNFSF14,0.10165603905916214,23.896703532696232,0.0
SLAIN2,0.10163899660110473,23.89133469343928,0.0
ELOVL5,0.10161746963858605,23.885965854182327,0.0
LIMK1,0.10160571560263634,23.88059701492537,0.0
TNFSF9,0.10158014670014381,23.87522817566842,0.0
CCL14,0.10157691612839699,23.869859336411466,0.0
ZNF589,0.10152671560645103,23.864490497154513,0.0
ATP13A4,0.10147519409656525,23.85912165789756,0.0
VWA5A,0.10147258713841438,23.85375281864061,0.0
ELMOD2,0.10144411250948906,23.84838397938366,0.0
SLC5A12,0.10144060850143433,23.843015140126706,0.0
CD244,0.10141776576638221,23.837646300869753,0.0
HJURP,0.10141175985336304,23.8322774616128,0.0
RP11-529K1.3,0.10136848166584969,23.826908622355848,0.0
JHDM1D,0.10128468126058579,23.821539783098896,0.0
IGF2BP2,0.1012509822845459,23.81617094384194,0.0
MGAT5B,0.10122310072183609,23.810802104584987,0.0
MCOLN2,0.10120366737246514,23.805433265328034,0.0
MUM1L1,0.10118576884269714,23.80006442607108,0.0
KCNT2,0.10117267146706581,23.79469558681413,0.0
ITGAD,0.10115051791071891,23.789326747557176,0.0
ZXDB,0.10114847496151924,23.783957908300227,0.0
ZNF391,0.10114294290542603,23.778589069043274,0.0
LIPG,0.10113753005862236,23.77322022978632,0.0
C11orf57,0.1011065199971199,23.76785139052937,0.0
SEPT11,0.10108816400170326,23.762482551272416,0.0
PLA2G4F,0.1010471060872078,23.757113712015464,0.0
SLC30A8,0.10101687610149383,23.75174487275851,0.0
ATP8B3,0.10094872489571571,23.746376033501555,0.0
TSPAN11,0.10092131420969963,23.741007194244602,0.0
IFNGR2,0.10089807212352753,23.73563835498765,0.0
PCDHB8,0.10084830373525619,23.730269515730697,0.0
TSACC,0.1008092388510704,23.724900676473744,0.0
ANKMY1,0.10080884397029877,23.719531837216792,0.0
AQPEP,0.10079737678170204,23.714162997959843,0.0
DEPTOR,0.10075656175613404,23.70879415870289,0.0
SYT16,0.10074673667550087,23.703425319445937,0.0
PCED1B,0.10074151232838631,23.698056480188985,0.0
PRRG1,0.1007156677544117,23.692687640932032,0.0
NEK6,0.1007138080894947,23.68731880167508,0.0
RIBC2,0.10069781094789505,23.681949962418123,0.0
ASB3,0.10069041401147842,23.67658112316117,0.0
ERICH1,0.10065265148878097,23.671212283904218,0.0
ZNF711,0.10061139687895775,23.665843444647265,0.0
PIWIL3,0.1006084218621254,23.660474605390313,0.0
SDS,0.10054252669215202,23.65510576613336,0.0
CNKSR3,0.10051996037364005,23.649736926876407,0.0
VNN3,0.10046232528984547,23.64436808761946,0.0
LRRN1,0.10041229873895645,23.638999248362506,0.0
PGM2L1,0.10040638372302055,23.633630409105553,0.0
USP44,0.1003802053630352,23.6282615698486,0.0
OCLN,0.1003697395324707,23.622892730591648,0.0
TBCEL,0.10033806264400483,23.617523891334695,0.0
LYSMD1,0.10029128715395927,23.61215505207774,0.0
SMIM12,0.10027472078800201,23.606786212820786,0.0
SDR9C7,0.10026979297399521,23.601417373563834,0.0
ZBTB47,0.100260791182518,23.59604853430688,0.0
ZNF880,0.10024942196905613,23.59067969504993,0.0
WSCD1,0.1002338632941246,23.585310855792976,0.0
SLC22A11,0.1001999020576477,23.579942016536027,0.0
EFCAB12,0.10019577667117119,23.574573177279074,0.0
RGS19,0.10019130632281303,23.56920433802212,0.0
SEL1L3,0.1001597747206688,23.56383549876517,0.0
IRS4,0.10014687851071358,23.558466659508216,0.0
PHLDB3,0.10013583227992058,23.553097820251264,0.0
PITPNC1,0.10013342425227165,23.547728980994307,0.0
NLGN4X,0.10010567978024483,23.542360141737355,0.0
ZNF567,0.10001911222934723,23.536991302480402,0.0
OIP5,0.1000049814581871,23.53162246322345,0.0
VSIG8,0.09997991099953651,23.526253623966497,0.0
CAPZA3,0.09997128546237946,23.520884784709544,0.0
SZRD1,0.09996232464909553,23.51551594545259,0.0
TMEM170A,0.0999397687613964,23.510147106195642,0.0
CYP2C19,0.09992293380200863,23.50477826693869,0.0
FAM222B,0.09990753158926964,23.499409427681737,0.0
SERPINB12,0.09990722462534904,23.494040588424784,0.0
PCDH19,0.09987822696566581,23.488671749167832,0.0
SEC14L2,0.09985103234648704,23.48330290991088,0.0
SERPINF2,0.09984958469867707,23.477934070653923,0.0
LRRC61,0.09976149052381515,23.47256523139697,0.0
SPRED1,0.09973910227417945,23.467196392140018,0.0
C14orf142,0.09973301067948341,23.461827552883065,0.0
UTS2R,0.09972703754901886,23.456458713626112,0.0
ZNF704,0.09971443638205528,23.45108987436916,0.0
ADAM8,0.09969679936766625,23.445721035112207,0.0
TRIM17,0.09966491609811783,23.440352195855258,0.0
PCNX,0.09955801852047444,23.434983356598305,0.0
SYCE1,0.09955267310142517,23.429614517341353,0.0
C11orf84,0.09951147288084031,23.4242456780844,0.0
PRG2,0.09949524179100991,23.418876838827448,0.0
ANKRD13C,0.09947240427136421,23.41350799957049,0.0
ZNF461,0.09943819940090179,23.40813916031354,0.0
TMEM97,0.0994046874344349,23.402770321056586,0.0
TREM2,0.09940024614334106,23.397401481799633,0.0
MROH6,0.0993586726486683,23.39203264254268,0.0
ANKRD18B,0.09934981912374496,23.386663803285728,0.0
PDHA2,0.09933058433234691,23.381294964028775,0.0
C16orf72,0.0993087962269783,23.375926124771823,0.0
COL24A1,0.09930456355214119,23.370557285514874,0.0
ZFHX4,0.09927068948745728,23.36518844625792,0.0
DESI2,0.09926792830228806,23.35981960700097,0.0
GPR68,0.09926113039255142,23.354450767744016,0.0
KCNK6,0.0992410309612751,23.349081928487063,0.0
CCDC38,0.0991676427423954,23.343713089230107,0.0
METTL21B,0.09916353151202202,23.338344249973154,0.0
ZNF493,0.09914944767951965,23.3329754107162,0.0
PCDHGB2,0.09914365261793137,23.32760657145925,0.0
CLHC1,0.09908776879310607,23.322237732202296,0.0
MPPE1,0.09903971627354621,23.316868892945344,0.0
FAM90A1,0.09902701303362846,23.31150005368839,0.0
ODF3L1,0.09899520576000213,23.30613121443144,0.0
ZNF555,0.09899020045995713,23.30076237517449,0.0
SCARF2,0.09898581951856614,23.295393535917537,0.0
RP11-1099M24.7,0.09898527115583419,23.290024696660584,0.0
ZNF836,0.09897279441356659,23.28465585740363,0.0
FCGR1A,0.09894554391503334,23.279287018146675,0.0
NUTM2B,0.09891981706023216,23.273918178889723,0.0
GCHFR,0.09890717789530754,23.26854933963277,0.0
RUNDC3B,0.098902278393507,23.263180500375817,0.0
RNFT2,0.0988965816795826,23.257811661118865,0.0
GAL3ST1,0.09889184758067131,23.252442821861912,0.0
LTB4R,0.09888950735330582,23.24707398260496,0.0
ZFP69,0.09888947978615761,23.241705143348007,0.0
DAK,0.0988786943256855,23.236336304091054,0.0
FTCD,0.09886944144964219,23.230967464834105,0.0
LAIR1,0.09883060529828072,23.225598625577152,0.0
TRIM7,0.09877087324857711,23.2202297863202,0.0
SPSB2,0.09876054003834725,23.214860947063247,0.0
RNF19B,0.09875427931547165,23.20949210780629,0.0
CARD9,0.09871823191642762,23.20412326854934,0.0
MTX3,0.0986977458000183,23.198754429292386,0.0
ABHD13,0.09863868318498134,23.193385590035433,0.0
SLC35F3,0.09862440899014473,23.18801675077848,0.0
TSEN15,0.0986223004758358,23.182647911521528,0.0
ZBTB34,0.09861130118370057,23.177279072264575,0.0
POLQ,0.09857373312115669,23.171910233007623,0.0
ARMCX5,0.09857106730341911,23.16654139375067,0.0
RP11-287D1.3,0.098548074811697,23.16117255449372,0.0
AP1S3,0.09854211509227753,23.155803715236768,0.0
ANKRD55,0.09853934720158578,23.150434875979816,0.0
RP11-762I7.5,0.09853303283452988,23.14506603672286,0.0
UBTD2,0.09852290675044059,23.139697197465907,0.0
FAM32A,0.09851814731955529,23.134328358208954,0.0
ADAL,0.09848400428891183,23.128959518952,0.0
TNP1,0.09846663922071457,23.12359067969505,0.0
FAM124B,0.09842300787568092,23.118221840438096,0.0
ZNF287,0.09841068238019943,23.112853001181143,0.0
PARD6G,0.09839137494564057,23.10748416192419,0.0
PPP2R2B,0.09834410920739174,23.102115322667238,0.0
THAP6,0.09832795858383178,23.096746483410286,0.0
ZNF365,0.0983270339667797,23.091377644153336,0.0
FCER1A,0.0982779935002327,23.086008804896384,0.0
TSPAN1,0.09823941588401794,23.08063996563943,0.0
CBX8,0.09823597595095634,23.075271126382475,0.0
ZNF785,0.09823059514164925,23.069902287125522,0.0
ZNF519,0.09822224006056786,23.06453344786857,0.0
NEIL3,0.09820961728692054,23.059164608611617,0.0
NRN1,0.09820790365338325,23.053795769354664,0.0
KIAA2018,0.09815559759736062,23.048426930097712,0.0
USP43,0.09815554916858674,23.04305809084076,0.0
STYX,0.09810849577188492,23.037689251583807,0.0
SMCO3,0.0981074720621109,23.032320412326854,0.0
RP1-130H16.18,0.09808423593640328,23.0269515730699,0.0
AQP9,0.09808301627635956,23.021582733812952,0.0
LILRA6,0.09805236458778381,23.016213894556,0.0
RP11-468E2.2,0.09801807552576065,23.010845055299043,0.0
ZNF93,0.09801380410790443,23.00547621604209,0.0
TTC6,0.09800391867756844,23.000107376785138,0.0
TACR3,0.09797999933362007,22.994738537528185,0.0
CHST13,0.09797046110033988,22.989369698271233,0.0
FAM214B,0.09792014807462693,22.98400085901428,0.0
KLK11,0.09789108261466026,22.978632019757327,0.0
CCL4,0.09788659662008285,22.973263180500375,0.0
TMEM255A,0.09784676283597946,22.967894341243422,0.0
BCDIN3D,0.09781958907842636,22.96252550198647,0.0
CR1,0.09779717847704887,22.957156662729517,0.0
SREK1,0.09778346866369247,22.951787823472568,0.0
BEND5,0.09771399274468422,22.946418984215615,0.0
STX12,0.09771339520812035,22.94105014495866,0.0
NLGN4Y,0.09770725294947624,22.935681305701706,0.0
GAL3ST2,0.09770377203822136,22.930312466444754,0.0
PPP2R2C,0.09769248515367508,22.9249436271878,0.0
TNK1,0.09768358692526817,22.91957478793085,0.0
CES4A,0.09756225422024727,22.914205948673896,0.0
ZNF433,0.09754728749394417,22.908837109416943,0.0
COL28A1,0.0975450947880745,22.90346827015999,0.0
TEKT3,0.09753661677241325,22.898099430903038,0.0
ASZ1,0.09749714657664299,22.892730591646085,0.0
NLRP13,0.09746644645929337,22.887361752389136,0.0
CLSTN2,0.09743386805057526,22.881992913132184,0.0
HSPBAP1,0.09742683321237564,22.876624073875227,0.0
ZNF333,0.09740053415298462,22.871255234618275,0.0
SLC5A9,0.09739268198609352,22.865886395361322,0.0
SLC25A41,0.09730608835816383,22.86051755610437,0.0
ERMAP,0.09730171710252762,22.855148716847417,0.0
KRTAP10-5,0.09728904962539672,22.849779877590464,0.0
SLITRK5,0.09726293422281743,22.84441103833351,0.0
DFFB,0.0972353145480156,22.83904219907656,0.0
DSTYK,0.09723258465528488,22.833673359819606,0.0
RIMKLB,0.09721775576472283,22.828304520562654,0.0
ZNF568,0.097213114798069,22.8229356813057,0.0
TSPAN5,0.09720872938632966,22.817566842048752,0.0
DPEP1,0.09719610959291458,22.8121980027918,0.0
ZNF548,0.09718903675675392,22.806829163534843,0.0
GSTT2,0.09717907458543777,22.80146032427789,0.0
SNX32,0.09717019647359848,22.796091485020938,0.0
L1TD1,0.09715471640229226,22.790722645763985,0.0
SLC25A14,0.09713323935866355,22.785353806507032,0.0
C2orf16,0.09710578322410583,22.77998496725008,0.0
CNIH3,0.09710281044244766,22.774616127993127,0.0
SCGB1D2,0.09707800820469856,22.769247288736175,0.0
BOP1,0.09707198143005372,22.763878449479222,0.0
KIF4B,0.09705688282847405,22.75850961022227,0.0
ZNF235,0.09700250774621963,22.753140770965317,0.0
C1orf174,0.09695918262004852,22.747771931708368,0.0
GABRQ,0.09689170271158218,22.74240309245141,0.0
ZC2HC1C,0.0968536026775837,22.73703425319446,0.0
ABCG8,0.09682661928236484,22.731665413937506,0.0
ANKRD34A,0.0968178316950798,22.726296574680553,0.0
DRAM1,0.09680102616548539,22.7209277354236,0.0
TRAF3IP3,0.09678629487752914,22.715558896166648,0.0
HAAO,0.0967294529080391,22.710190056909695,0.0
TTC39B,0.09670630916953087,22.704821217652743,0.0
CDKN3,0.09670097380876541,22.69945237839579,0.0
ISG20,0.09669966921210289,22.694083539138838,0.0
KLK5,0.09667731896042824,22.688714699881885,0.0
KRT80,0.09667362198233605,22.683345860624932,0.0
NSG1,0.09665675349533558,22.677977021367983,0.0
ASPHD1,0.09665305614471435,22.672608182111027,0.0
PLA1A,0.09661458507180214,22.667239342854074,0.0
UGT1A3,0.09658123478293419,22.66187050359712,0.0
PCDH20,0.0965802550315857,22.65650166434017,0.0
ARL4C,0.0965737260878086,22.651132825083216,0.0
SPRN,0.09657252430915833,22.645763985826264,0.0
EHF,0.09655091091990471,22.64039514656931,0.0
KLF12,0.09654150232672691,22.63502630731236,0.0
ZNF486,0.09648265540599824,22.629657468055406,0.0
GOLGA8M,0.09647193625569343,22.624288628798453,0.0
GET4,0.09645819589495659,22.6189197895415,0.0
IL1RAP,0.09645814746618271,22.613550950284548,0.0
AMDHD1,0.0964425377547741,22.608182111027595,0.0
FFAR4,0.09642445892095566,22.602813271770643,0.0
NECAB1,0.09641710370779037,22.59744443251369,0.0
RXFP1,0.09640672393143176,22.592075593256737,0.0
FGF5,0.09640412181615829,22.586706753999785,0.0
NETO2,0.09637650549411773,22.581337914742832,0.0
KCND1,0.09636171385645867,22.57596907548588,0.0
KCTD4,0.09635091498494149,22.570600236228927,0.0
C1orf101,0.0963493525981903,22.565231396971974,0.0
ARHGEF35,0.0963465467095375,22.55986255771502,0.0
WDR72,0.09632891342043877,22.55449371845807,0.0
ZNF264,0.0963010273873806,22.549124879201116,0.0
PCSK4,0.09629323482513427,22.543756039944164,0.0
C10orf54,0.09623065292835235,22.53838720068721,0.0
PCSK9,0.09622030183672906,22.53301836143026,0.0
EVA1A,0.09620993435382844,22.527649522173306,0.0
ZNF576,0.09619091898202896,22.522280682916353,0.0
GSE1,0.0961739294230938,22.5169118436594,0.0
ZNF324B,0.09613696485757828,22.511543004402448,0.0
TNN,0.0960743971168995,22.506174165145495,0.0
C9orf40,0.09607032909989358,22.500805325888543,0.0
PCDHB4,0.09606852829456329,22.49543648663159,0.0
NAALAD2,0.09606082737445831,22.490067647374637,0.0
CDYL2,0.09604032561182976,22.484698808117685,0.0
RAB41,0.09601343944668769,22.479329968860732,0.0
ENTPD3,0.09600240662693978,22.47396112960378,0.0
PLLP,0.09596811234951019,22.468592290346827,0.0
HIST2H2BF,0.09589345753192902,22.463223451089874,0.0
UBFD1,0.09587584882974624,22.45785461183292,0.0
KCNRG,0.09587170630693435,22.45248577257597,0.0
SIGLEC7,0.09586715325713158,22.447116933319016,0.0
ASB5,0.09581888392567635,22.441748094062064,0.0
SNX30,0.09581804275512695,22.43637925480511,0.0
CLEC4F,0.09580993801355361,22.431010415548158,0.0
FAM3D,0.09579567313194275,22.425641576291206,0.0
DIRC2,0.09574913196265697,22.420272737034253,0.0
ZNF311,0.09574441611766815,22.4149038977773,0.0
ASB12,0.09574321135878563,22.409535058520348,0.0
UTS2B,0.09569430500268936,22.404166219263395,0.0
SOX30,0.09567225873470306,22.398797380006442,0.0
C10orf11,0.09566693753004074,22.39342854074949,0.0
GOLGA8H,0.09564947113394737,22.388059701492537,0.0
MBLAC1,0.09564456567168236,22.382690862235584,0.0
RPP40,0.09563509970903397,22.377322022978632,0.0
KSR2,0.09563207104802132,22.37195318372168,0.0
PAQR5,0.09561043903231621,22.366584344464727,0.0
AUNIP,0.09558422192931175,22.361215505207774,0.0
STAP1,0.0955561377108097,22.35584666595082,0.0
PLA2R1,0.0955421544611454,22.35047782669387,0.0
C8G,0.09550190269947052,22.345108987436916,0.0
LRRIQ1,0.09550119265913963,22.339740148179963,0.0
SPATA31E1,0.0954606518149376,22.33437130892301,0.0
ST6GAL2,0.09545689821243286,22.329002469666058,0.0
FBXL18,0.09538534805178642,22.323633630409105,0.0
OXTR,0.09538424015045166,22.318264791152153,0.0
ZP3,0.09533648937940598,22.3128959518952,0.0
SLC46A1,0.09530854597687721,22.307527112638248,0.0
NSUN7,0.09530810341238975,22.302158273381295,0.0
RP11-542C16.2,0.09530062973499298,22.296789434124342,0.0
ZNF662,0.09529984816908836,22.29142059486739,0.0
B4GALT6,0.09527811184525489,22.286051755610437,0.0
SOHLH2,0.0952489860355854,22.280682916353484,0.0
ADAM32,0.095218226313591,22.27531407709653,0.0
CAPN9,0.09520841166377067,22.26994523783958,0.0
ZNF273,0.0951925277709961,22.264576398582626,0.0
KCNA6,0.09519054964184762,22.259207559325674,0.0
TESPA1,0.09517533704638481,22.25383872006872,0.0
PSMA8,0.09514743834733963,22.24846988081177,0.0
SULT1A4,0.09511169865727424,22.243101041554816,0.0
VASH1,0.0951015219092369,22.237732202297863,0.0
SH2D2A,0.09509889632463456,22.23236336304091,0.0
SKA1,0.09507537856698037,22.226994523783958,0.0
CYP27C1,0.0950095884501934,22.221625684527005,0.0
HIPK4,0.09499481245875359,22.216256845270053,0.0
CALML5,0.09498939961194992,22.2108880060131,0.0
CALN1,0.09497818276286125,22.205519166756147,0.0
AURKC,0.0949751615524292,22.200150327499195,0.0
FCRL4,0.0949175663292408,22.194781488242242,0.0
ZNF675,0.09485166296362876,22.18941264898529,0.0
PCDH11X,0.0948462039232254,22.184043809728337,0.0
PRR16,0.09483935087919235,22.178674970471384,0.0
CD96,0.09483475014567375,22.17330613121443,0.0
CHI3L2,0.09482825174927711,22.16793729195748,0.0
SULT1B1,0.09479918256402016,22.162568452700526,0.0
ERCC6-PGBD3,0.09477567449212074,22.157199613443574,0.0
OMG,0.09475284218788146,22.15183077418662,0.0
ZNF43,0.09474234580993653,22.14646193492967,0.0
HECTD2,0.0947399951517582,22.141093095672716,0.0
SCRG1,0.09473948925733566,22.135724256415763,0.0
EFCAB6,0.09469029605388642,22.13035541715881,0.0
EPHA10,0.09467812106013299,22.124986577901858,0.0
MIER3,0.09466929882764816,22.119617738644905,0.0
TJP3,0.09464713037014008,22.114248899387952,0.0
MAMDC4,0.09461420327425003,22.108880060131,0.0
CMPK2,0.09461139664053916,22.103511220874047,0.0
RP11-192H23.4,0.09460624456405639,22.098142381617095,0.0
TRIM29,0.09460234344005584,22.092773542360142,0.0
TMEM110,0.09459577575325966,22.08740470310319,0.0
FAM124A,0.09458620697259904,22.082035863846237,0.0
SYCE1L,0.09458611160516739,22.076667024589284,0.0
WDR43,0.09457582384347915,22.07129818533233,0.0
KIAA1211L,0.09456677883863449,22.06592934607538,0.0
POGK,0.09452781528234482,22.060560506818426,0.0
LGALS9C,0.09450955465435981,22.055191667561473,0.0
TCFL5,0.09440861046314239,22.04982282830452,0.0
LIMD2,0.09434674754738807,22.044453989047568,0.0
SLCO1C1,0.09434216991066932,22.039085149790616,0.0
CTBS,0.09429482147097587,22.033716310533663,0.0
CREBRF,0.0942443199455738,22.02834747127671,0.0
IFNL3,0.09422983527183533,22.022978632019758,0.0
DPEP2,0.09421542286872864,22.017609792762805,0.0
DUOXA1,0.09420013129711151,22.012240953505852,0.0
KNDC1,0.09416338279843331,22.0068721142489,0.0
ZNF425,0.09414483532309532,22.001503274991947,0.0
ZBTB9,0.09412895068526268,21.996134435734994,0.0
ZNF750,0.0940840408205986,21.99076559647804,0.0
DNAAF3,0.0940087080001831,21.98539675722109,0.0
DLX4,0.09399512484669685,21.980027917964136,0.0
PCDHGA4,0.09396708384156227,21.974659078707184,0.0
LRRC46,0.09395195096731186,21.96929023945023,0.0
GSTT2B,0.09394782930612564,21.96392140019328,0.0
HS3ST3B1,0.09394733756780624,21.958552560936326,0.0
ZBTB41,0.09391228407621384,21.953183721679373,0.0
MAN1C1,0.09391149207949638,21.94781488242242,0.0
SLC35E3,0.09390792325139045,21.942446043165468,0.0
TFF1,0.09390642493963242,21.937077203908515,0.0
SLC5A10,0.09387367367744445,21.931708364651563,0.0
LCK,0.09386569857597352,21.92633952539461,0.0
CHRND,0.09383368417620659,21.920970686137657,0.0
MCF2L2,0.09378336220979691,21.915601846880705,0.0
ZNF502,0.0937589317560196,21.910233007623752,0.0
P2RY6,0.0937414027750492,21.9048641683668,0.0
PCDHA3,0.09373544156551361,21.899495329109847,0.0
CADM1,0.09372113570570946,21.894126489852894,0.0
DNAJC12,0.09371421635150909,21.88875765059594,0.0
DMGDH,0.09371405690908433,21.88338881133899,0.0
POLN,0.0936870388686657,21.878019972082036,0.0
CLEC17A,0.09368345141410828,21.872651132825084,0.0
NOXRED1,0.09365113973617553,21.86728229356813,0.0
ZNF14,0.09363033771514892,21.86191345431118,0.0
CHMP4C,0.09361789971590043,21.856544615054226,0.0
PWWP2A,0.0936042383313179,21.851175775797273,0.0
ATXN7L2,0.09360188394784927,21.84580693654032,0.0
SLC36A3,0.09359596371650696,21.840438097283368,0.0
C11orf65,0.09355269372463226,21.835069258026415,0.0
SLC35E4,0.09355236291885376,21.829700418769463,0.0
APOBEC3H,0.09353179261088371,21.82433157951251,0.0
GDPGP1,0.09349511638283729,21.818962740255557,0.0
MOB3B,0.09348799809813499,21.813593900998605,0.0
FAM151A,0.09348024576902389,21.808225061741652,0.0
NUDT13,0.09344733767211437,21.8028562224847,0.0
BRINP2,0.09338955208659172,21.797487383227747,0.0
UBE2F-SCLY,0.09338459074497223,21.792118543970794,0.0
NRROS,0.09337061420083045,21.78674970471384,0.0
ACKR4,0.09336908310651779,21.781380865456885,0.0
ZNF572,0.09336894229054452,21.776012026199936,0.0
YOD1,0.09329616799950599,21.770643186942984,0.0
TEX101,0.09326123893260956,21.76527434768603,0.0
LCORL,0.09322936981916427,21.75990550842908,0.0
ZFAND4,0.0932180866599083,21.754536669172126,0.0
IFNLR1,0.09315952956676483,21.749167829915173,0.0
CPXM1,0.09315785393118858,21.74379899065822,0.0
SGK494,0.09314280897378921,21.738430151401268,0.0
TMEM132B,0.09311476200819016,21.733061312144315,0.0
ABCC2,0.0931100033223629,21.727692472887362,0.0
ZNF223,0.09309727102518081,21.72232363363041,0.0
TNMD,0.09309585765004158,21.716954794373457,0.0
ZNF626,0.09309544675052166,21.7115859551165,0.0
P4HA3,0.09308290481567383,21.706217115859552,0.0
ZFP37,0.09307668805122375,21.7008482766026,0.0
NME9,0.09302575886249542,21.695479437345647,0.0
ZNF571,0.09297671094536782,21.690110598088694,0.0
TCL1B,0.09296591952443123,21.68474175883174,0.0
NARG2,0.09290029257535934,21.67937291957479,0.0
PCDHA5,0.0928844839334488,21.674004080317836,0.0
BMP8A,0.09286776557564735,21.668635241060883,0.0
PCDH8,0.09285205155611038,21.66326640180393,0.0
HSD17B6,0.09280696585774421,21.657897562546978,0.0
TIAF1,0.09279455617070198,21.652528723290025,0.0
VNN2,0.09278759211301804,21.64715988403307,0.0
PRR15,0.09278448447585105,21.641791044776117,0.0
TRPV3,0.09277811720967293,21.636422205519168,0.0
PARPBP,0.09277034401893616,21.631053366262215,0.0
NSUN3,0.09274683743715287,21.625684527005262,0.0
CPEB1,0.09271729290485382,21.62031568774831,0.0
ACKR2,0.09270369783043861,21.614946848491357,0.0
GRPR,0.09268465861678124,21.609578009234404,0.0
NAA30,0.09267933070659637,21.60420916997745,0.0
LPAR5,0.09264526590704918,21.5988403307205,0.0
IL1RAPL1,0.09260058403015137,21.593471491463546,0.0
C16orf59,0.09254228100180625,21.588102652206594,0.0
GPR21,0.09254037588834763,21.58273381294964,0.0
ANXA9,0.09253721460700035,21.577364973692685,0.0
SPINK13,0.09249888136982917,21.571996134435736,0.0
ZCWPW2,0.09248988628387451,21.566627295178783,0.0
CSNK1A1L,0.0924844890832901,21.56125845592183,0.0
GSG1L,0.09246939197182655,21.555889616664878,0.0
ITGBL1,0.09243812337517739,21.550520777407925,0.0
RUNDC3A,0.09243353083729744,21.545151938150973,0.0
RFPL2,0.0923809327185154,21.53978309889402,0.0
TMCC3,0.09238026961684227,21.534414259637067,0.0
LRRC36,0.09236569106578826,21.529045420380115,0.0
CTRL,0.09230630174279213,21.523676581123162,0.0
RNF121,0.09226485788822174,21.51830774186621,0.0
EXO5,0.09225068464875222,21.512938902609253,0.0
SH2D1A,0.09222512543201447,21.5075700633523,0.0
TLR1,0.09217873513698578,21.50220122409535,0.0
ARL10,0.09216830730438233,21.4968323848384,0.0
EPHX4,0.09213801473379135,21.491463545581446,0.0
GRM5,0.0920776754617691,21.486094706324494,0.0
TMEM132C,0.09206130281090737,21.48072586706754,0.0
CPN1,0.09205669909715652,21.47535702781059,0.0
MACC1,0.09205379262566567,21.469988188553636,0.0
CNKSR2,0.09204360023140908,21.464619349296683,0.0
ASB14,0.09204135462641716,21.45925051003973,0.0
RGS17,0.09201431125402451,21.453881670782778,0.0
ZNF140,0.09201266914606095,21.448512831525825,0.0
DHDH,0.09200005531311035,21.44314399226887,0.0
TMEM64,0.0919992409646511,21.437775153011916,0.0
ZNF551,0.0919855035841465,21.432406313754967,0.0
TRH,0.09198362827301025,21.427037474498015,0.0
CHRNA5,0.09196882545948029,21.421668635241062,0.0
ZNF324,0.09190336838364602,21.41629979598411,0.0
NCAM2,0.09185496792197227,21.410930956727157,0.0
DTX4,0.09185420200228692,21.405562117470204,0.0
KAZALD1,0.09184815585613251,21.40019327821325,0.0
RANBP10,0.09182501956820488,21.3948244389563,0.0
AC068533.7,0.09182045571506023,21.389455599699346,0.0
SLC36A2,0.09181952401995659,21.384086760442393,0.0
HIST1H2AH,0.09180217906832695,21.378717921185437,0.0
PITPNM3,0.09177593271244447,21.373349081928485,1.0
NRG3,0.09176575168967246,21.367980242671532,0.0
DENND1B,0.09175342693924904,21.362611403414583,0.0
ASB7,0.09175080880522728,21.35724256415763,0.0
RIMS4,0.09174848571419716,21.351873724900678,0.0
XXYLT1,0.09171750321984291,21.346504885643725,0.0
DNAJB13,0.09170819818973541,21.341136046386772,0.0
STRC,0.09165468066930771,21.33576720712982,0.0
CNRIP1,0.0916525386273861,21.330398367872867,0.0
KIAA1210,0.09163004904985428,21.325029528615914,0.0
MTHFD2L,0.09161465987563133,21.31966068935896,0.0
UGT1A8,0.09161413311958314,21.31429185010201,0.0
LYPD6B,0.09161383509635926,21.308923010845053,0.0
SLC41A2,0.09160946607589722,21.3035541715881,0.0
CYP2W1,0.09156979396939277,21.298185332331148,0.0
GSG1,0.09152851440012455,21.2928164930742,0.0
LAD1,0.09152019396424294,21.287447653817246,0.0
THAP9,0.09150350317358971,21.282078814560293,0.0
ACER3,0.09144628122448921,21.27670997530334,0.0
MSLNL,0.09143320471048355,21.271341136046388,0.0
PTGDR2,0.09140560030937195,21.265972296789435,0.0
FABP2,0.09136779755353927,21.260603457532483,0.0
CLDND2,0.09136195853352547,21.25523461827553,0.0
LRRN4,0.09135742709040642,21.249865779018577,0.0
HDX,0.09135167002677917,21.24449693976162,0.0
PODXL2,0.09134431183338165,21.23912810050467,0.0
PTGFR,0.09133850485086441,21.233759261247716,0.0
GULP1,0.0913379393517971,21.228390421990763,0.0
PCDHB16,0.0913363479077816,21.223021582733814,0.0
FBLN7,0.09132704026997089,21.21765274347686,0.0
IFNA6,0.09129226878285408,21.21228390421991,0.0
ASRGL1,0.09128734469413757,21.206915064962956,0.0
CARD14,0.0912374995648861,21.201546225706004,0.0
CMTM4,0.0912210151553154,21.19617738644905,0.0
KIAA1715,0.09120735600590706,21.1908085471921,0.0
GRIN3B,0.09120262637734414,21.185439707935146,0.0
NNAT,0.09117987155914306,21.180070868678193,0.0
NYAP2,0.09117724895477294,21.174702029421237,0.0
ANGPTL7,0.09116646945476532,21.169333190164284,0.0
TMEM169,0.0911512702703476,21.16396435090733,0.0
B3GAT2,0.09114736169576645,21.15859551165038,0.0
ZNF596,0.0911305733025074,21.15322667239343,0.0
TMEM119,0.09112661704421043,21.147857833136477,0.0
NPM2,0.09111267626285553,21.142488993879525,0.0
BATF3,0.09106594398617744,21.137120154622572,0.0
GH2,0.09106325581669808,21.13175131536562,0.0
SYCP1,0.09104713574051856,21.126382476108667,0.0
FAM120C,0.09104120060801506,21.121013636851714,0.0
MPZL3,0.0910142794251442,21.11564479759476,0.0
C1orf106,0.09101089164614677,21.110275958337805,0.0
SPACA1,0.09100396931171417,21.104907119080853,0.0
PPAT,0.09098445102572442,21.0995382798239,0.0
FAM171B,0.09087579101324081,21.094169440566947,0.0
PIK3C2G,0.09086565114557743,21.088800601309995,0.0
ZAP70,0.09083747640252113,21.083431762053046,0.0
FPR3,0.09082530997693539,21.078062922796093,0.0
NPNT,0.09080867990851402,21.07269408353914,0.0
SLC39A12,0.09079995006322861,21.067325244282188,0.0
WDR88,0.09076403453946114,21.061956405025235,0.0
MUC6,0.09076122045516968,21.056587565768282,0.0
TRIM74,0.09073567241430283,21.05121872651133,0.0
ANKRD29,0.09072308465838433,21.045849887254377,0.0
AXDND1,0.09070253074169159,21.04048104799742,0.0
SLC2A13,0.090692338347435,21.03511220874047,0.0
SCEL,0.09068790785968303,21.029743369483516,0.0
CNKSR1,0.09068042635917664,21.024374530226563,0.0
A4GNT,0.09066804051399231,21.01900569096961,0.0
CLEC10A,0.0906664788722992,21.01363685171266,0.0
UTP15,0.09064814820885658,21.00826801245571,0.0
ZNF202,0.0906078800559044,21.002899173198756,0.0
SLC5A4,0.0905836671590805,20.997530333941803,0.0
PAK3,0.09057140722870827,20.99216149468485,0.0
FCGR3B,0.0905664585530758,20.986792655427898,0.0
TBXAS1,0.0905613049864769,20.981423816170945,0.0
KIAA1024,0.09056074172258377,20.97605497691399,0.0
CCL16,0.09050853997468948,20.970686137657037,0.0
EMID1,0.09048330187797546,20.965317298400084,0.0
CCL19,0.0904735155403614,20.95994845914313,0.0
FUT1,0.09047326557338238,20.95457961988618,0.0
SMPDL3A,0.09045800194144249,20.949210780629226,0.0
ZNF587B,0.09045135825872422,20.943841941372277,0.0
ZNF782,0.09044400006532669,20.938473102115324,0.0
CADM2,0.09042146876454353,20.93310426285837,0.0
FLT3LG,0.09040735140442849,20.92773542360142,0.0
DLEC1,0.09038507118821144,20.922366584344466,0.0
ASB18,0.0903834655880928,20.916997745087514,0.0
CCDC74A,0.09038243815302849,20.91162890583056,0.0
TMEM206,0.09037663862109184,20.906260066573605,0.0
AC121757.1,0.09036707654595375,20.900891227316652,0.0
CIDEB,0.09035966843366623,20.8955223880597,0.0
PLD5,0.09035049006342888,20.890153548802747,0.0
HSPA12A,0.0903390772640705,20.884784709545794,0.0
GXYLT1,0.09033672660589218,20.879415870288845,0.0
CD3D,0.09033286347985267,20.874047031031893,0.0
PPP1R32,0.09031985849142074,20.86867819177494,0.0
NFKBID,0.09031465798616409,20.863309352517987,0.0
SLC15A1,0.09031066820025443,20.857940513261035,0.0
ZNF749,0.09029483497142791,20.852571674004082,0.0
TIGD7,0.09028840512037277,20.84720283474713,0.0
SOWAHB,0.09027917087078094,20.841833995490173,0.0
C1orf173,0.09027214422821998,20.83646515623322,0.0
SH2D1B,0.09026869460940361,20.831096316976268,0.0
DCAF12L2,0.09026210457086563,20.825727477719315,0.0
CD83,0.09025482311844826,20.820358638462363,0.0
PRSS45,0.09024402350187302,20.81498979920541,0.0
CHAC2,0.09024015218019485,20.80962095994846,0.0
TMEM151A,0.09022025540471076,20.80425212069151,0.0
FANCD2OS,0.0902144644409418,20.798883281434556,0.0
ASAH2,0.0901358388364315,20.793514442177603,0.0
SHISA4,0.09010485485196114,20.78814560292065,0.0
C6orf165,0.09007987566292286,20.782776763663698,0.0
MARCH10,0.09004723355174064,20.777407924406745,0.0
ZKSCAN3,0.09004483446478843,20.77203908514979,0.0
FAM53A,0.09004314094781876,20.766670245892836,0.0
FBXL17,0.09002284035086631,20.761301406635884,0.0
C2CD2L,0.09002272039651871,20.75593256737893,0.0
AMH,0.09001629501581192,20.75056372812198,0.0
HCAR2,0.0900136347860098,20.745194888865026,0.0
RNF138,0.09000721573829651,20.739826049608077,0.0
SYT13,0.08999035581946373,20.734457210351124,0.0
SENP8,0.08998526930809021,20.72908837109417,0.0
ECT2L,0.08990232348442077,20.72371953183722,0.0
C1orf189,0.08989865519106388,20.718350692580266,0.0
SPNS3,0.08989218100905419,20.712981853323313,0.0
ULBP2,0.08988104313611985,20.707613014066357,0.0
RPL10L,0.08987477794289589,20.702244174809405,0.0
CCDC102B,0.08980871289968491,20.696875335552452,0.0
TSC22D2,0.08977583423256874,20.6915064962955,0.0
CNTNAP5,0.08976477980613709,20.686137657038547,0.0
ACR,0.08973269239068031,20.680768817781594,0.0
DDN,0.08972441852092743,20.67539997852464,0.0
CD300LF,0.08971957601606846,20.670031139267692,0.0
WDR49,0.08971058018505573,20.66466230001074,0.0
FGGY,0.0897054724395275,20.659293460753787,0.0
ZNF728,0.08968723118305207,20.653924621496834,0.0
SYT3,0.08964419662952423,20.64855578223988,0.0
KRTAP5-9,0.0896139197051525,20.64318694298293,0.0
TMEM86A,0.08959148600697517,20.637818103725973,0.0
BCAS4,0.0895775206387043,20.63244926446902,0.0
GPHA2,0.08957662507891655,20.627080425212068,0.0
UGT2B15,0.08957253322005272,20.621711585955115,0.0
ZNF740,0.08956731036305428,20.616342746698162,0.0
PCDH7,0.08956535160541534,20.61097390744121,0.0
SLC24A5,0.08956228643655777,20.605605068184257,0.0
USP51,0.08955431282520294,20.600236228927308,0.0
PARP11,0.08952652662992477,20.594867389670355,0.0
FYB,0.08952046781778336,20.589498550413403,0.0
FSD1,0.08949166312813758,20.58412971115645,0.0
RGS22,0.08947063982486725,20.578760871899497,0.0
GP1BA,0.08946961537003517,20.57339203264254,0.0
RHAG,0.08945779576897621,20.56802319338559,0.0
KLRC4,0.08944499976933003,20.562654354128636,0.0
CD3G,0.08943572193384171,20.557285514871683,0.0
TNFRSF8,0.08940255865454674,20.55191667561473,0.0
SEPT14,0.089387958496809,20.546547836357778,0.0
EGR4,0.0893790140748024,20.541178997100825,0.0
PRR11,0.08937175497412682,20.535810157843873,0.0
ZNF345,0.08936727643013001,20.530441318586924,0.0
ZNF670,0.08935753405094146,20.52507247932997,0.0
SLITRK3,0.08935441970825195,20.51970364007302,0.0
KIAA0226,0.08934761211276054,20.514334800816066,0.0
LRCH2,0.08932091817259788,20.508965961559113,0.0
FAM81B,0.08925306871533394,20.503597122302157,0.0
RCAN3,0.08918803259730339,20.498228283045204,0.0
LILRB2,0.08918571174144745,20.49285944378825,0.0
CASC1,0.08918566852807999,20.4874906045313,0.0
SAA1,0.08913941904902459,20.482121765274346,0.0
ZNF619,0.08913625665009021,20.476752926017394,0.0
GPR146,0.08906380534172058,20.47138408676044,0.0
GRID2IP,0.0890417218208313,20.46601524750349,0.0
RP5-1021I20.4,0.08903982788324356,20.46064640824654,0.0
TMC8,0.08897388204932213,20.455277568989587,0.0
ZNF19,0.08896570950746537,20.449908729732634,0.0
TTC39A,0.08893795534968377,20.44453989047568,0.0
FMO3,0.08893590793013573,20.439171051218725,0.0
KCTD8,0.08891460224986077,20.433802211961773,0.0
ZNF222,0.08890526965260506,20.42843337270482,0.0
RASA4B,0.08888059072196483,20.423064533447867,0.0
TRIM43,0.08887130469083786,20.417695694190915,0.0
GABRA4,0.08886607736349106,20.412326854933962,0.0
ADAM18,0.0888572659343481,20.40695801567701,0.0
C3orf67,0.0888423141092062,20.401589176420057,0.0
THAP10,0.08883981257677079,20.396220337163104,0.0
EFCAB13,0.08883562609553337,20.390851497906155,0.0
RNF32,0.08883338384330272,20.385482658649202,0.0
SYNPR,0.08881406038999558,20.38011381939225,0.0
TMEM145,0.08880674242973327,20.374744980135297,0.0
ZNF599,0.08878879472613335,20.36937614087834,0.0
NTS,0.08877983391284942,20.36400730162139,0.0
ZNF69,0.0887778252363205,20.358638462364436,0.0
RNF170,0.08876388221979141,20.353269623107483,0.0
TRIM46,0.08876215368509292,20.34790078385053,0.0
DNAJC28,0.0887495793402195,20.342531944593578,0.0
RP11-977G19.10,0.08873988091945648,20.337163105336625,0.0
KLF14,0.08873347342014312,20.331794266079672,0.0
PROKR1,0.08872825503349305,20.32642542682272,0.0
KIAA0947,0.08871928751468658,20.32105658756577,0.0
CENPI,0.08871487602591514,20.315687748308818,0.0
MSL1,0.08871422782540321,20.310318909051865,0.0
C22orf23,0.08869893476366997,20.30495006979491,0.0
HRASLS5,0.08868236914277076,20.299581230537957,0.0
SLA,0.08864457532763481,20.294212391281004,0.0
CD207,0.08864405155181884,20.28884355202405,0.0
CCDC34,0.08864055871963501,20.2834747127671,0.0
LRRC71,0.08862998411059379,20.278105873510146,0.0
NAIF1,0.08861975222826005,20.272737034253193,0.0
DOC2B,0.08860736414790153,20.26736819499624,0.0
ZBTB44,0.08853947594761849,20.261999355739288,0.0
ORM1,0.08853714689612388,20.256630516482335,0.0
USP27X,0.08853437080979347,20.251261677225386,0.0
TMPRSS11D,0.08851473778486252,20.245892837968434,0.0
GPR56,0.08842803910374641,20.24052399871148,0.0
GALNT4,0.08842730820178986,20.235155159454525,0.0
SMIM3,0.08842125907540321,20.229786320197572,0.0
SLC31A2,0.0884123146533966,20.22441748094062,0.0
KIRREL3,0.08839548975229264,20.219048641683667,0.0
ZNF334,0.08837721198797226,20.213679802426714,0.0
UBE2U,0.08835681527853012,20.20831096316976,0.0
CCDC11,0.08834932893514633,20.20294212391281,0.0
ASB17,0.08834510818123817,20.197573284655856,0.0
MFAP3L,0.08832916617393494,20.192204445398904,0.0
PCDHA13,0.088300671428442,20.186835606141955,0.0
LIX1,0.08828376606106758,20.181466766885002,0.0
SEL1L2,0.08828121349215508,20.17609792762805,0.0
DEFA3,0.08825931288301944,20.170729088371093,0.0
C10orf12,0.08825833573937417,20.16536024911414,0.0
FHL5,0.08825009018182754,20.159991409857188,0.0
ZNF618,0.08824226409196853,20.154622570600235,0.0
TRAM1L1,0.08822752386331559,20.149253731343283,0.0
MYOZ3,0.08819605708122254,20.14388489208633,0.0
RNF133,0.08818383365869523,20.138516052829377,0.0
ZNF850,0.08817839697003364,20.133147213572425,0.0
TMEM91,0.08817594647407531,20.127778374315472,0.0
ZNF354C,0.08817297965288162,20.12240953505852,0.0
HS3ST6,0.08816072568297387,20.11704069580157,0.0
C10orf68,0.08814538344740867,20.111671856544618,0.0
SPATA31A7,0.08813061937689781,20.106303017287665,0.0
SMAGP,0.08811526075005531,20.10093417803071,0.0
GP2,0.08811329081654548,20.095565338773756,0.0
MAP6D1,0.08809731155633926,20.090196499516804,0.0
PIF1,0.088093351572752,20.08482766025985,0.0
TDP1,0.08804742619395256,20.0794588210029,0.0
ZNF789,0.0880328007042408,20.074089981745946,0.0
CCDC64B,0.08801729381084442,20.068721142488993,0.0
FGF17,0.08801625296473503,20.06335230323204,0.0
ZSCAN16,0.08801486492156982,20.057983463975088,0.0
PRAMEF17,0.0880062684416771,20.052614624718135,0.0
F2RL2,0.08800367191433907,20.047245785461186,0.0
ENTPD2,0.0879995159804821,20.041876946204233,0.0
C10orf71,0.08798862099647523,20.036508106947277,0.0
ZNF717,0.08796841949224472,20.031139267690325,0.0
CARD18,0.08796129897236823,20.025770428433372,0.0
GMEB1,0.08795289918780327,20.02040158917642,0.0
CCDC112,0.08792914152145385,20.015032749919467,0.0
ZNF563,0.0878957312554121,20.009663910662514,0.0
PDXP,0.08788700364530086,20.00429507140556,0.0
LENG9,0.0878472775220871,19.99892623214861,0.0
CD52,0.08784227892756462,19.993557392891656,0.0
ZNF141,0.08780820146203042,19.988188553634703,0.0
PABPC3,0.08780794255435467,19.98281971437775,0.0
PRMT10,0.08778160139918327,19.9774508751208,0.0
DUSP15,0.08777549043297768,19.97208203586385,0.0
NUTM2A,0.08774878680706025,19.966713196606893,0.0
TLR8,0.08774776309728623,19.96134435734994,0.0
CCDC157,0.08773409239947796,19.955975518092988,0.0
ZNF280B,0.08772706128656864,19.950606678836035,0.0
C3orf20,0.08771527521312236,19.945237839579082,0.0
ZNF200,0.08769007325172425,19.93986900032213,0.0
ZNF665,0.08766606338322162,19.934500161065177,0.0
ANKRD45,0.08764928132295609,19.929131321808224,0.0
PLA2G1B,0.08762151971459389,19.923762482551272,0.0
CCNI2,0.08761726059019566,19.91839364329432,0.0
KRTAP10-10,0.08761308453977108,19.913024804037367,0.0
QPCT,0.08760686293244362,19.907655964780417,0.0
PPP1R1B,0.08760642111301423,19.90228712552346,0.0
CD1C,0.087595234811306,19.89691828626651,0.0
HVCN1,0.08759399428963661,19.891549447009556,0.0
TOR2A,0.08758777529001235,19.886180607752603,0.0
TRIM14,0.08758430033922196,19.88081176849565,0.0
RSAD2,0.08756783679127693,19.875442929238698,0.0
MYLK4,0.08754922971129417,19.870074089981745,0.0
PCDHGB4,0.08751561678946018,19.864705250724793,0.0
RTKN2,0.0875108301639557,19.85933641146784,0.0
ZNF778,0.08749452084302903,19.853967572210887,0.0
KIAA1009,0.08748858124017715,19.848598732953935,0.0
LURAP1L,0.08748381957411766,19.843229893696982,0.0
SLC7A9,0.08748115673661232,19.837861054440033,0.0
CCDC73,0.08747915178537369,19.832492215183077,0.0
MFSD4,0.08745513558387756,19.827123375926124,0.0
ZNF28,0.08744973987340927,19.82175453666917,0.0
NEDD8-MDP1,0.08740271627902985,19.81638569741222,0.0
FXYD7,0.08739159777760505,19.811016858155266,0.0
FAM104A,0.08738585710525512,19.805648018898314,0.0
HMGB3,0.08737253174185752,19.80027917964136,0.0
RP4-539M6.19,0.08736197799444198,19.79491034038441,0.0
CCDC126,0.0873583011329174,19.789541501127456,0.0
CADM3,0.08733411431312561,19.784172661870503,0.0
PPP2R2D,0.08732750713825226,19.77880382261355,0.0
ZMYND19,0.08732675388455391,19.773434983356598,0.0
FOLR3,0.08728404492139816,19.768066144099645,0.0
KBTBD11,0.08725684620440007,19.762697304842693,0.0
CD300LB,0.08724095299839973,19.75732846558574,0.0
IZUMO1,0.08723395690321922,19.751959626328787,0.0
RAPGEF5,0.08721095472574233,19.746590787071835,0.0
IRX2,0.08716191127896308,19.741221947814882,0.0
ZNF546,0.0871613122522831,19.73585310855793,0.0
TEX9,0.08715052828192711,19.730484269300977,0.0
ACTL7A,0.08714923411607742,19.725115430044024,0.0
JMJD7-PLA2G4B,0.0871401596814394,19.71974659078707,0.0
HOXC5,0.08712522312998772,19.71437775153012,0.0
SPDYE4,0.08711359649896622,19.709008912273166,0.0
LRRC8E,0.08709555268287658,19.703640073016214,0.0
CTSE,0.08709212392568588,19.69827123375926,0.0
EXTL1,0.08709024041891097,19.69290239450231,0.0
PDE7B,0.0870756410062313,19.687533555245356,0.0
PARVG,0.08705418780446053,19.682164715988403,0.0
CLNK,0.08705388680100441,19.67679587673145,0.0
RP11-637O19.3,0.08701567649841309,19.671427037474498,0.0
ICAM5,0.08701349571347236,19.666058198217545,0.0
CEACAM5,0.08697417750954628,19.660689358960592,0.0
CXCR6,0.08697034418582916,19.65532051970364,0.0
PCDHB6,0.08691428899765015,19.649951680446687,0.0
GINS3,0.08690852373838424,19.644582841189735,0.0
LRRD1,0.08690129369497299,19.639214001932782,0.0
ZNF560,0.08688879534602165,19.63384516267583,0.0
KIF6,0.08688452988862991,19.628476323418877,0.0
PLEKHN1,0.08686376065015793,19.623107484161924,0.0
RP11-47I22.4,0.0868439294397831,19.61773864490497,0.0
RP11-447L10.1,0.0868389829993248,19.61236980564802,0.0
XXbac-BPG32J3.20,0.08683769814670086,19.607000966391066,0.0
SHE,0.08680125772953033,19.601632127134113,0.0
C9orf3,0.0867916215211153,19.59626328787716,0.0
CCL26,0.08676784411072731,19.590894448620208,0.0
CD163L1,0.0867668054997921,19.585525609363255,0.0
SNURF,0.08671503663063049,19.580156770106303,0.0
UTP23,0.08668535277247429,19.57478793084935,0.0
SLC9A4,0.08666640892624855,19.569419091592398,0.0
IGFALS,0.08664211519062519,19.564050252335445,0.0
HEXIM2,0.08660846278071403,19.558681413078492,0.0
CMC4,0.08660565167665482,19.55331257382154,0.0
SERPINB4,0.08660099357366562,19.547943734564587,0.0
RP11-385D13.1,0.0865744709968567,19.542574895307634,0.0
IFNA8,0.08656729683279991,19.53720605605068,0.0
ZBTB12,0.08656673841178417,19.53183721679373,0.0
FMN2,0.08656460791826248,19.526468377536776,0.0
ZNF610,0.08656377568840981,19.521099538279824,0.0
SSMEM1,0.08655958734452725,19.51573069902287,0.0
CXCL16,0.08654400259256363,19.51036185976592,0.0
GPR3,0.08650410547852516,19.504993020508966,0.0
ZP4,0.08647555746138096,19.499624181252013,0.0
SRCIN1,0.08644758462905884,19.49425534199506,0.0
PSCA,0.08642767742276192,19.488886502738108,0.0
ZNF582,0.08641543239355087,19.483517663481155,0.0
PRM2,0.08641134575009346,19.478148824224203,0.0
SPOCK2,0.08640050962567329,19.47277998496725,0.0
C20orf196,0.086388099193573,19.467411145710297,0.0
TMEM256-PLSCR3,0.08638356477022172,19.462042306453345,0.0
ARRDC5,0.08636249639093876,19.456673467196392,0.0
SLA2,0.08635928928852081,19.45130462793944,0.0
ST8SIA6,0.08634435161948203,19.445935788682487,0.0
PRR7,0.0863441400229931,19.440566949425534,0.0
SAMSN1,0.08634318709373474,19.43519811016858,0.0
SRMS,0.08634303100407123,19.42982927091163,0.0
C1QTNF3,0.08631657734513283,19.424460431654676,0.0
KCNB2,0.08631148189306259,19.419091592397724,0.0
ZNF765,0.08630761131644249,19.41372275314077,0.0
TBC1D3F,0.08628492914140225,19.40835391388382,0.0
SCML4,0.08623159900307656,19.402985074626866,0.0
APOBEC3A,0.08619669824838638,19.397616235369913,0.0
DPP10,0.08619421944022179,19.39224739611296,0.0
CCDC122,0.08619007542729377,19.386878556856008,0.0
CLVS1,0.08618696928024291,19.381509717599055,0.0
CCR6,0.08618396706879139,19.376140878342103,0.0
SLAMF1,0.0861672356724739,19.37077203908515,0.0
CYP2A7,0.08615645691752434,19.365403199828197,0.0
TAGAP,0.08613985106348991,19.360034360571245,0.0
THNSL1,0.08613767847418785,19.354665521314292,0.0
GHRL,0.08612849190831184,19.34929668205734,0.0
NUDT11,0.08612112700939178,19.343927842800387,0.0
FAM86B1,0.08611980527639389,19.338559003543434,0.0
CXCL3,0.0861161082983017,19.33319016428648,0.0
DPYS,0.08611475229263306,19.32782132502953,0.0
THAP2,0.08611082434654235,19.322452485772576,0.0
TNFSF13B,0.08610270246863365,19.317083646515623,0.0
WAPAL,0.08608261123299599,19.31171480725867,0.0
RGL4,0.08607113361358643,19.306345968001718,0.0
SPIN3,0.08606457635760308,19.300977128744766,0.0
MAMLD1,0.08605922982096673,19.295608289487813,0.0
YIPF7,0.08603916168212891,19.29023945023086,0.0
TVP23C-CDRT4,0.0860354371368885,19.284870610973908,0.0
ANKRD46,0.08603107258677482,19.279501771716955,0.0
CSNK2B-LY6G5B-1181,0.0860062800347805,19.274132932460002,0.0
S100A3,0.08600480109453201,19.26876409320305,0.0
NPSR1,0.08595553673803806,19.263395253946097,0.0
NEFH,0.08595073819160462,19.258026414689144,0.0
SCT,0.08594945073127747,19.252657575432192,0.0
TMEM132D,0.08594614639878273,19.24728873617524,0.0
RCOR2,0.08589631468057632,19.241919896918287,0.0
TTLL8,0.0858937319368124,19.236551057661334,0.0
SMAP1,0.08587331399321556,19.23118221840438,0.0
THEMIS,0.0858541376888752,19.22581337914743,0.0
TGIF2-C20orf24,0.085845497995615,19.220444539890476,0.0
ZNF229,0.08582432940602303,19.215075700633523,0.0
CEACAM21,0.08582342863082885,19.20970686137657,0.0
WFDC9,0.08582077845931053,19.204338022119618,0.0
ZNF793,0.0858099065721035,19.198969182862665,0.0
PLA2G4E,0.08578702472150326,19.193600343605713,0.0
ZNF594,0.08575877025723458,19.18823150434876,0.0
SYT12,0.08575674220919609,19.182862665091807,0.0
CCDC36,0.08575551211833954,19.177493825834855,0.0
NAT8,0.0857529129832983,19.172124986577902,0.0
IGSF9B,0.08574155792593956,19.16675614732095,0.0
SLC16A13,0.08567202016711235,19.161387308063997,0.0
TACR2,0.08566060066223144,19.156018468807044,0.0
TRIM62,0.08565660715103149,19.15064962955009,0.0
FAM9B,0.08565484955906869,19.14528079029314,0.0
TCEAL5,0.08563336655497551,19.139911951036186,0.0
MARCH11,0.08562982231378555,19.134543111779234,0.0
DGKB,0.08562609665095806,19.12917427252228,0.0
ZNF30,0.085623699426651,19.12380543326533,0.0
CALML3,0.085618781670928,19.118436594008376,0.0
GRP,0.08561475351452827,19.113067754751423,0.0
ZNF891,0.0856005758047104,19.10769891549447,0.0
STK32C,0.08559505566954613,19.102330076237518,0.0
MAL2,0.08557732850313186,19.096961236980565,0.0
NEU4,0.08554688990116119,19.091592397723613,0.0
BTBD8,0.08554423823952675,19.08622355846666,0.0
CD300E,0.08553989939391612,19.080854719209704,0.0
MTFR2,0.08553928136825562,19.075485879952755,0.0
RGAG1,0.08552833870053292,19.070117040695802,0.0
PHACTR3,0.08551039919257164,19.06474820143885,0.0
SLC10A7,0.0854848500341177,19.059379362181897,0.0
GNRH2,0.08545518964529038,19.054010522924944,0.0
ZNF799,0.08542022630572318,19.04864168366799,0.0
C9orf91,0.08537204340100288,19.04327284441104,0.0
ZNF490,0.08536060899496078,19.037904005154086,0.0
VMO1,0.08534975871443748,19.032535165897134,0.0
MMP28,0.08534236326813698,19.02716632664018,0.0
B4GALNT2,0.08531711027026176,19.02179748738323,0.0
PTGER1,0.08531157299876213,19.016428648126276,0.0
AC003005.4,0.08530601449310779,19.01105980886932,0.0
CCKAR,0.08530407100915909,19.00569096961237,0.0
LINGO2,0.08529915884137154,19.000322130355418,0.0
C17orf59,0.08525920882821084,18.994953291098465,0.0
CCDC17,0.0852133460342884,18.989584451841512,0.0
RNF217,0.08520832732319832,18.98421561258456,0.0
TSSK2,0.08519227690994739,18.978846773327607,0.0
RGPD6,0.08516002744436264,18.973477934070655,0.0
AL161784.1,0.08515504151582717,18.968109094813702,0.0
ALPP,0.08515059612691403,18.96274025555675,0.0
CRNN,0.08514583855867386,18.957371416299797,0.0
KIF12,0.08513348512351512,18.952002577042844,0.0
RP11-574K11.31,0.08510593697428703,18.946633737785888,0.0
TRIM6,0.08509581498801708,18.941264898528935,0.0
CENPK,0.08506182581186295,18.935896059271986,0.0
PRDM9,0.08501616939902305,18.930527220015033,0.0
ZNF682,0.0849787324666977,18.92515838075808,0.0
TMEM106A,0.0849712260067463,18.919789541501128,0.0
C17orf67,0.08496319837868213,18.914420702244175,0.0
TMEM117,0.08494433909654617,18.909051862987223,0.0
KCNS2,0.08494081795215606,18.90368302373027,0.0
RP11-145E5.5,0.08493740521371365,18.898314184473318,0.0
SWT1,0.08490912467241288,18.892945345216365,0.0
ZNF286B,0.08490637317299843,18.887576505959412,0.0
TEX11,0.08489829748868942,18.88220766670246,0.0
RBPJL,0.0848915409296751,18.876838827445503,0.0
ZNF169,0.08488330766558647,18.87146998818855,0.0
LACRT,0.08488317765295506,18.8661011489316,0.0
FXYD2,0.08488237112760544,18.86073230967465,0.0
LIM2,0.08486451208591461,18.855363470417696,0.0
PPP5D1,0.084810995683074,18.849994631160744,0.0
LTB4R2,0.08480555415153504,18.84462579190379,0.0
ST6GALNAC1,0.08480378985404968,18.83925695264684,0.0
ABHD12B,0.08478143140673637,18.833888113389886,0.0
HTR1F,0.08477835431694984,18.828519274132933,0.0
ZNF483,0.08477735072374344,18.82315043487598,0.0
C12orf50,0.08477679938077927,18.817781595619028,0.0
KISS1,0.08477214649319649,18.81241275636207,0.0
CHADL,0.08475182130932808,18.80704391710512,0.0
CLVS2,0.08474548310041427,18.80167507784817,0.0
FCRL5,0.08473448194563389,18.796306238591217,0.0
ZNF473,0.08472279533743858,18.790937399334265,0.0
PVRIG,0.08470048829913139,18.785568560077312,0.0
FXYD4,0.08469410687685013,18.78019972082036,0.0
TVP23A,0.08466053828597069,18.774830881563407,0.0
GALNT5,0.08465697839856148,18.769462042306454,0.0
KLHDC8A,0.08464278355240822,18.7640932030495,0.0
DDX25,0.08462059497833252,18.75872436379255,0.0
SLCO6A1,0.08461073599755764,18.753355524535596,0.0
ZNF443,0.08457967340946197,18.747986685278644,0.0
KCNS1,0.08456055000424385,18.742617846021687,0.0
USP6,0.08455778062343597,18.737249006764735,0.0
HIATL1,0.0845519345253706,18.731880167507786,0.0
TNFAIP8L1,0.08453762084245682,18.726511328250833,0.0
CTC-360G5.8,0.08453557305037976,18.72114248899388,0.0
ZNF460,0.08453400582075118,18.715773649736928,0.0
SLC22A2,0.08452581018209457,18.710404810479975,0.0
TNFSF15,0.0845242165029049,18.705035971223023,0.0
UNC80,0.08452313616871834,18.69966713196607,0.0
KLHL35,0.08450610935688019,18.694298292709117,0.0
PIP5KL1,0.08449763879179954,18.688929453452165,0.0
SAMD14,0.08448655381798745,18.683560614195212,0.0
CCDC125,0.08446114473044872,18.678191774938256,0.0
TSKS,0.08445717394351959,18.672822935681303,0.0
ZNF611,0.08444667160511017,18.66745409642435,0.0
PCDHAC2,0.08443542830646038,18.6620852571674,0.0
FAM111B,0.08441151231527329,18.65671641791045,0.0
HCAR3,0.08440250977873802,18.651347578653496,0.0
SSUH2,0.08440119922161102,18.645978739396543,0.0
TRIM10,0.08438412621617317,18.64060990013959,0.0
LILRB3,0.08438221961259842,18.635241060882638,0.0
TREX2,0.08436212837696075,18.629872221625686,0.0
MNDA,0.08436108678579331,18.624503382368733,0.0
POU5F1B,0.08435798212885856,18.61913454311178,0.0
PCDHGA3,0.08434440940618515,18.613765703854828,0.0
CASS4,0.08433611243963242,18.60839686459787,0.0
XKR6,0.08431409522891045,18.60302802534092,0.0
HIST1H1B,0.08429960906505585,18.597659186083966,0.0
ZNF681,0.08429063633084297,18.592290346827017,0.0
TMEM27,0.0842813029885292,18.586921507570064,0.0
PRRT1,0.08426831737160682,18.581552668313112,0.0
ZBTB8B,0.08420929461717605,18.57618382905616,0.0
SRSF12,0.08420168906450272,18.570814989799207,0.0
CCR8,0.08420007191598415,18.565446150542254,0.0
RP5-966M1.6,0.08418916463851929,18.5600773112853,0.0
CYB5RL,0.08417322598397732,18.55470847202835,0.0
SLC8A2,0.08417219519615174,18.549339632771396,0.0
EPT1,0.0841584973037243,18.54397079351444,0.0
PM20D1,0.08414765559136868,18.538601954257487,0.0
FUT4,0.084144988656044,18.533233115000534,0.0
CCR4,0.0841410756111145,18.527864275743582,0.0
PCDHA6,0.08412795513868332,18.522495436486633,0.0
LPHN1,0.08410962000489235,18.51712659722968,0.0
GPR45,0.08410729318857194,18.511757757972727,0.0
FGL1,0.08409523144364357,18.506388918715775,0.0
CMTM1,0.08409481830894946,18.501020079458822,0.0
ADD2,0.08407926894724368,18.49565124020187,0.0
CAGE1,0.0840637668967247,18.490282400944917,0.0
NYAP1,0.08405589833855628,18.484913561687964,0.0
TNFSF4,0.0840435229241848,18.47954472243101,0.0
IL17RB,0.08402542099356651,18.474175883174055,0.0
NCCRP1,0.08400545790791511,18.468807043917103,0.0
SLC2A14,0.08399568870663643,18.46343820466015,0.0
KRTAP10-1,0.08398413695394993,18.458069365403198,0.0
HS6ST3,0.08398282751441002,18.45270052614625,0.0
PGAM2,0.08396172188222409,18.447331686889296,0.0
HEATR4,0.08392905443906784,18.441962847632343,0.0
CSNK1G1,0.0839179165661335,18.43659400837539,0.0
CCRL2,0.08391208946704865,18.431225169118438,0.0
TMPRSS11E,0.08384991064667702,18.425856329861485,0.0
MMEL1,0.08383831530809402,18.420487490604533,0.0
ZNF107,0.08382476083934307,18.41511865134758,0.0
ACSBG2,0.08382101505994796,18.409749812090624,0.0
PROCA1,0.08380598574876785,18.40438097283367,0.0
ZNF416,0.08376433998346329,18.39901213357672,0.0
ZNF737,0.08376026637852192,18.393643294319766,0.0
ZNF773,0.08373478576540946,18.388274455062813,0.0
C12orf76,0.083695637434721,18.382905615805864,0.0
MAGEA11,0.08369210511445999,18.37753677654891,0.0
C16orf87,0.0836658887565136,18.37216793729196,0.0
CH17-132F21.1,0.08365997970104218,18.366799098035006,0.0
AOAH,0.0836278848350048,18.361430258778054,0.0
LRRC4B,0.083623868227005,18.3560614195211,0.0
RTN4RL1,0.08362328596413135,18.35069258026415,0.0
LCOR,0.08360410407185555,18.345323741007196,0.0
PCDHB11,0.08358004614710808,18.33995490175024,0.0
NXPH2,0.08357461765408516,18.334586062493287,0.0
KCNV2,0.08355514407157898,18.329217223236334,0.0
LRRC1,0.08353767395019532,18.32384838397938,0.0
CCDC169-SOHLH2,0.08350827470421791,18.31847954472243,0.0
B3GALT1,0.08345765098929406,18.31311070546548,0.0
SPRR2D,0.08340479917824269,18.307741866208527,0.0
ASAH2B,0.08335677459836006,18.302373026951575,0.0
LEPREL1,0.08335368409752845,18.297004187694622,0.0
UFSP1,0.08334986194968223,18.29163534843767,0.0
PCDHA10,0.08334848061203956,18.286266509180717,0.0
ZNF804B,0.083335742354393,18.280897669923764,0.0
GPR63,0.08333352580666542,18.275528830666808,0.0
MIA2,0.08333209864795207,18.270159991409855,0.0
TAC3,0.083262462541461,18.264791152152902,0.0
MLNR,0.08324561789631843,18.25942231289595,0.0
HBM,0.08323702551424503,18.254053473638997,0.0
KEL,0.0832140251994133,18.248684634382045,0.0
C9orf9,0.08321258686482906,18.243315795125095,0.0
ZNF724P,0.08320363909006119,18.237946955868143,0.0
RHD,0.08315764479339123,18.23257811661119,0.0
MCTP2,0.08314102850854396,18.227209277354238,0.0
ADAM20,0.08311487957835198,18.221840438097285,0.0
SWSAP1,0.08310731500387192,18.216471598840332,0.0
CCDC19,0.08310682252049446,18.21110275958338,0.0
GOLGA8R,0.08310249969363212,18.205733920326423,0.0
ZDHHC15,0.08308704569935799,18.20036508106947,0.0
ZNF286A,0.08307760134339333,18.194996241812518,0.0
IL31RA,0.0830446045845747,18.189627402555566,0.0
MAGEB2,0.08302154690027237,18.184258563298613,0.0
DIRAS2,0.08301578015089035,18.17888972404166,0.0
SLC1A7,0.08301293179392814,18.17352088478471,0.0
DEPDC7,0.0830045610666275,18.16815204552776,0.0
ADAD2,0.08299366012215614,18.162783206270806,0.0
GSTA5,0.08299334533512592,18.157414367013853,0.0
INSL3,0.08298614546656609,18.1520455277569,0.0
LRRC31,0.08294961862266063,18.146676688499948,0.0
ZNF852,0.08290480077266693,18.141307849242992,0.0
FBXW10,0.08290305621922016,18.13593900998604,0.0
RIMS3,0.08288010209798813,18.130570170729086,0.0
KCNH6,0.08286047577857972,18.125201331472134,0.0
ZFP82,0.0828520968556404,18.11983249221518,0.0
ZFY,0.08284367695450782,18.11446365295823,0.0
ASPHD2,0.08282067775726318,18.10909481370128,0.0
MMP27,0.08273207135498524,18.103725974444327,0.0
ULBP3,0.08272925838828087,18.098357135187374,0.0
SLC1A6,0.08272319994866847,18.09298829593042,0.0
RNF182,0.08271019123494625,18.08761945667347,0.0
ZNF530,0.08270956352353095,18.082250617416516,0.0
PTGER2,0.08270809724926949,18.076881778159564,0.0
COL20A1,0.08269878178834915,18.071512938902607,0.0
GPATCH2,0.082657365873456,18.066144099645655,0.0
ZNF165,0.08265041075646877,18.060775260388702,0.0
VGLL3,0.08265035897493363,18.05540642113175,0.0
ARHGEF19,0.08261485770344734,18.050037581874797,0.0
ZFP69B,0.08261022977530956,18.044668742617844,0.0
SEC14L6,0.08258711285889149,18.039299903360895,0.0
SLC9A7,0.08256675451993942,18.033931064103943,0.0
ZNF627,0.0825608253479004,18.02856222484699,0.0
BAI2,0.08254471942782401,18.023193385590037,0.0
GK2,0.08253751173615456,18.017824546333085,0.0
LZTS1,0.0825352817773819,18.012455707076132,0.0
SYCN,0.08252511024475098,18.007086867819176,0.0
WISP3,0.08249636702239513,18.001718028562223,0.0
ZNF77,0.08248131163418293,17.99634918930527,0.0
HPSE,0.08245090022683144,17.990980350048318,0.0
IGSF5,0.08240839391946793,17.985611510791365,0.0
STRA8,0.08240198157727718,17.980242671534413,0.0
PCDHA1,0.08239452987909317,17.97487383227746,0.0
CPEB3,0.08236428275704384,17.96950499302051,0.0
C15orf57,0.08235078416764736,17.964136153763558,0.0
ZNF488,0.08234917409718037,17.958767314506606,0.0
CNNM3,0.08234440833330155,17.953398475249653,0.0
HIST1H1T,0.08233272507786751,17.9480296359927,0.0
C16orf96,0.08231964372098446,17.942660796735748,0.0
PRR5-ARHGAP8,0.08229089826345444,17.93729195747879,0.0
MAGEC2,0.08228591680526734,17.93192311822184,0.0
FANK1,0.08228441663086414,17.926554278964886,0.0
GDF9,0.08228205479681491,17.921185439707934,0.0
TMEM37,0.08228118941187859,17.91581660045098,0.0
ZBTB32,0.08226012513041496,17.91044776119403,0.0
SLC47A2,0.08225735165178776,17.905078921937076,0.0
MTMR8,0.08225680366158486,17.899710082680127,0.0
CTC-512J12.6,0.08223839066922664,17.894341243423174,0.0
ANKRD20A1,0.08223214708268642,17.88897240416622,0.0
MYL10,0.08222527876496315,17.88360356490927,0.0
SLC17A1,0.08222436532378197,17.878234725652316,0.0
PPP1R36,0.08222058527171612,17.87286588639536,0.0
SIGLEC5,0.08221491202712058,17.867497047138407,0.0
DMRTA1,0.082205555960536,17.862128207881455,0.0
GTSF1,0.0821964468806982,17.856759368624502,0.0
FAM81A,0.08218782469630241,17.85139052936755,0.0
PPIL6,0.08218414783477783,17.846021690110597,0.0
SLITRK4,0.08218246549367905,17.840652850853644,0.0
H1FNT,0.08217814266681671,17.83528401159669,0.0
SIGLEC9,0.082158188149333,17.829915172339742,0.0
RELL2,0.08213820531964303,17.82454633308279,0.0
RFPL3,0.08213472999632358,17.819177493825837,0.0
TCTEX1D1,0.08211945332586765,17.813808654568884,0.0
AVPR1B,0.08211422935128213,17.80843981531193,0.0
LANCL3,0.08209262676537037,17.803070976054975,0.0
SLC17A3,0.0820727989077568,17.797702136798023,0.0
EIF2S3L,0.0820710003376007,17.79233329754107,0.0
PGA3,0.08206594176590443,17.786964458284118,0.0
CDX1,0.08205983713269234,17.781595619027165,0.0
KIAA1407,0.08205735981464386,17.776226779770212,0.0
C1orf226,0.0820504106581211,17.77085794051326,0.0
CNFN,0.08203322887420654,17.765489101256307,0.0
UGT2B7,0.0820308368653059,17.760120261999358,0.0
ZNF566,0.08202176615595817,17.754751422742405,0.0
C4orf33,0.08202059678733349,17.749382583485453,0.0
SPATA6L,0.08201962634921074,17.7440137442285,0.0
LRFN5,0.08201178833842278,17.738644904971544,0.0
GPRC6A,0.08199156187474728,17.73327606571459,0.0
CTRB1,0.08194975331425666,17.72790722645764,0.0
ZAN,0.08192671909928322,17.722538387200686,0.0
LA16c-431H6.6,0.08191443905234337,17.717169547943733,0.0
VWC2L,0.08190285935997962,17.71180070868678,0.0
FAM178B,0.08188765123486519,17.706431869429828,0.0
FOXI2,0.08187808021903038,17.701063030172875,0.0
PRSS50,0.08187521547079087,17.695694190915923,0.0
SIGLEC8,0.08186832070350647,17.690325351658974,0.0
IRAK1BP1,0.08183088973164558,17.68495651240202,0.0
GLP1R,0.08180746659636498,17.67958767314507,0.0
SYTL1,0.08179855495691299,17.674218833888116,0.0
LGALS7,0.0817844346165657,17.66884999463116,0.0
MROH9,0.08174541890621186,17.663481155374207,0.0
RP13-279N23.2,0.08174503333866596,17.658112316117254,0.0
CHIT1,0.08173898234963417,17.6527434768603,0.0
GALNT9,0.0817357175052166,17.64737463760335,0.0
H2BFWT,0.08173235058784485,17.642005798346396,0.0
SLC13A2,0.0817210204899311,17.636636959089444,0.0
C16orf11,0.08171794228255749,17.63126811983249,0.0
MAP3K7CL,0.08171400129795074,17.62589928057554,0.0
FBXW12,0.08170577436685562,17.62053044131859,0.0
CFHR4,0.08169340342283249,17.615161602061637,0.0
RINL,0.08167232051491738,17.609792762804684,0.0
ACCSL,0.08167168945074081,17.604423923547728,0.0
ZNF781,0.08167112991213799,17.599055084290775,0.0
MC3R,0.08166810646653175,17.593686245033823,0.0
TNFRSF18,0.0816476333886385,17.58831740577687,0.0
EPPIN-WFDC6,0.08162998333573342,17.582948566519917,0.0
VWA2,0.08159779012203217,17.577579727262965,0.0
CNEP1R1,0.08157236278057098,17.572210888006012,0.0
NECAB2,0.08156780675053596,17.56684204874906,0.0
LIN52,0.08154954090714454,17.561473209492107,0.0
CYP2A6,0.08154210075736046,17.556104370235154,0.0
TRHR,0.08153247162699699,17.550735530978205,0.0
SULT6B1,0.08151794299483299,17.545366691721252,0.0
PTGER3,0.08151540048420429,17.5399978524643,0.0
ACRBP,0.08148369342088699,17.534629013207343,0.0
KIAA1467,0.08146072551608086,17.52926017395039,0.0
NBPF3,0.08145269826054573,17.523891334693438,0.0
PCDP1,0.0814439058303833,17.518522495436486,0.0
IGSF11,0.08143549188971519,17.513153656179533,0.0
TREM1,0.08141767606139183,17.50778481692258,0.0
CXorf38,0.08137734346091748,17.502415977665628,0.0
ETV7,0.08133247792720795,17.497047138408675,0.0
C7orf31,0.08133013099431992,17.491678299151722,0.0
SPESP1,0.0813047256320715,17.48630945989477,0.0
SAA4,0.08129945546388626,17.48094062063782,0.0
KLRC4-KLRK1,0.08129505664110184,17.475571781380868,0.0
FAM122C,0.08126545548439026,17.470202942123912,0.0
CCDC27,0.08123045936226844,17.46483410286696,0.0
HMGCLL1,0.08121957033872604,17.459465263610007,0.0
CSTA,0.0812158513814211,17.454096424353054,0.0
CCDC178,0.08119704797863961,17.4487275850961,0.0
FKBP6,0.08118702322244645,17.44335874583915,0.0
RHOXF1,0.08118370398879052,17.437989906582196,0.0
FCRL1,0.08117837645113468,17.432621067325243,0.0
TRIM51,0.08116914555430413,17.42725222806829,0.0
C9,0.08116095587611198,17.421883388811338,0.0
GPR139,0.08114753812551498,17.41651454955439,0.0
ERN2,0.08113872036337852,17.411145710297436,0.0
FAM221A,0.08113672211766243,17.405776871040484,0.0
GTF3A,0.08113664910197257,17.400408031783527,0.0
ASAH2C,0.08113604485988617,17.395039192526575,0.0
NPY4R,0.08112587742507457,17.389670353269622,0.0
GLYATL1,0.08111867904663086,17.38430151401267,0.0
ARMC12,0.08110553324222565,17.378932674755717,0.0
OAZ3,0.08110444769263267,17.373563835498764,0.0
RTN4R,0.08106222674250603,17.36819499624181,0.0
CTD-2545G14.7,0.08106190115213394,17.36282615698486,0.0
NOL4,0.08105773031711579,17.357457317727906,0.0
ZNF709,0.08105556294322014,17.352088478470954,0.0
OLFML2B,0.08104005716741085,17.346719639214005,0.0
LY6K,0.08102815598249435,17.341350799957052,0.0
CLEC2L,0.08099508285522461,17.335981960700096,0.0
IGFBP1,0.08094145432114601,17.330613121443143,0.0
MPV17L,0.080940742790699,17.32524428218619,0.0
ZNF549,0.08092882744967937,17.319875442929238,0.0
HHIPL1,0.0809238538146019,17.314506603672285,0.0
BATF,0.08091010227799415,17.309137764415333,0.0
RASL10A,0.08090395554900169,17.30376892515838,0.0
ZNF497,0.08089101165533066,17.298400085901427,0.0
ARMC9,0.08087495788931846,17.293031246644475,0.0
CYP4A11,0.08085784614086151,17.287662407387522,0.0
MZB1,0.08085168339312077,17.28229356813057,0.0
ZNF185,0.080821792781353,17.27692472887362,0.0
ADIRF,0.08082156106829644,17.271555889616668,0.0
ADAM2,0.08081228137016297,17.26618705035971,0.0
CCNJ,0.08080417215824127,17.26081821110276,0.0
ELOVL2,0.08079888373613357,17.255449371845806,0.0
NT5C1B-RDH14,0.08073605224490166,17.250080532588854,0.0
C9orf131,0.0807209562510252,17.2447116933319,0.0
SYT4,0.0807201735675335,17.23934285407495,0.0
GPRIN1,0.08071301952004432,17.233974014817996,0.0
ART5,0.08071273937821388,17.228605175561043,0.0
ISPD,0.08071099892258644,17.22323633630409,0.0
CASC10,0.08070296719670296,17.217867497047138,0.0
MICALCL,0.08070188201963902,17.212498657790185,0.0
CA10,0.08069266565144062,17.207129818533236,0.0
PRSS12,0.08068348281085491,17.20176097927628,0.0
MAP4K1,0.08067650757730008,17.196392140019327,0.0
KCNA7,0.08065647706389427,17.191023300762375,0.0
AC074212.3,0.08064231649041176,17.185654461505422,0.0
CD180,0.08063799552619458,17.18028562224847,0.0
SLITRK2,0.08063088878989219,17.174916782991517,0.0
ADM2,0.08062829300761223,17.169547943734564,0.0
UGT2B17,0.0806111965328455,17.16417910447761,0.0
ZNF816,0.08060165867209435,17.15881026522066,0.0
FAM110A,0.08059060350060462,17.153441425963706,0.0
L34079.2,0.08057715147733688,17.148072586706753,0.0
ZFYVE20,0.0805365178734064,17.1427037474498,0.0
AMY2A,0.0805357750505209,17.13733490819285,0.0
RAET1G,0.08051987998187542,17.131966068935895,0.0
SPRR2G,0.08051823079586029,17.126597229678943,0.0
SLC35F4,0.0805168941617012,17.12122839042199,0.0
FATE1,0.08051561079919338,17.115859551165038,0.0
HEPHL1,0.08051411025226116,17.110490711908085,0.0
KCNK17,0.0805133156478405,17.105121872651132,0.0
LRRC37A,0.08051002100110054,17.09975303339418,0.0
NHLRC1,0.0804942399263382,17.094384194137227,0.0
GPR85,0.08048723377287388,17.089015354880274,0.0
KLRB1,0.08043214380741119,17.08364651562332,0.0
KHDRBS2,0.0804158054292202,17.07827767636637,0.0
PRAP1,0.08039288781583309,17.072908837109416,0.0
ZNF57,0.08037082776427269,17.067539997852464,0.0
RNF175,0.08034139648079872,17.06217115859551,0.0
LINS,0.08032681755721569,17.05680231933856,0.0
UPK3B,0.08032424449920654,17.051433480081606,0.0
SUCNR1,0.0803197231143713,17.046064640824653,0.0
PDE6C,0.08030086532235145,17.0406958015677,0.0
ZC3H10,0.08027840182185172,17.035326962310748,0.0
FGFBP3,0.0802692174911499,17.029958123053795,0.0
ZP1,0.08026194758713245,17.024589283796843,0.0
GPR116,0.08022721819579601,17.01922044453989,0.0
BTNL2,0.08021703250706196,17.013851605282937,0.0
OSCAR,0.08021354153752328,17.008482766025985,0.0
EMR1,0.0801776759326458,17.003113926769032,0.0
WDR93,0.08016687482595444,16.99774508751208,0.0
TNFSF8,0.08016199693083763,16.992376248255127,0.0
TIGIT,0.08014942407608032,16.987007408998174,0.0
DCAF12L1,0.08014729768037795,16.98163856974122,0.0
RP11-162P23.2,0.08010965250432492,16.97626973048427,0.0
TMEM184A,0.08007162846624852,16.970900891227316,0.0
ZNF620,0.08002960607409478,16.965532051970364,0.0
PI15,0.08002384193241596,16.96016321271341,0.0
UTS2,0.08001523539423942,16.95479437345646,0.0
MGAT4C,0.08000966459512711,16.949425534199506,0.0
EDA2R,0.07997847124934196,16.944056694942553,0.0
AADACL4,0.07995946183800698,16.9386878556856,0.0
FAM186B,0.07995909005403519,16.933319016428648,0.0
C17orf70,0.07994828410446644,16.927950177171695,0.0
ZNF813,0.0799442857503891,16.922581337914743,0.0
HUS1B,0.07991551533341408,16.91721249865779,0.0
KCNG1,0.07989071048796177,16.911843659400837,0.0
QRFP,0.07988967336714267,16.906474820143885,0.0
GPR75-ASB3,0.07988932393491269,16.901105980886932,0.0
CAPN6,0.07985231913626194,16.89573714162998,0.0
PLIN1,0.07984295785427094,16.890368302373027,0.0
CD86,0.07983129061758518,16.884999463116074,0.0
ACTRT3,0.07981953397393227,16.87963062385912,0.0
CPA5,0.07980610951781272,16.87426178460217,0.0
PROK1,0.07980165854096413,16.868892945345216,0.0
FETUB,0.0797910239547491,16.863524106088263,0.0
C3orf14,0.07977522425353527,16.85815526683131,0.0
NMUR2,0.07977035529911518,16.852786427574358,0.0
ACTR3C,0.07976115867495537,16.847417588317406,0.0
CORT,0.07975471839308738,16.842048749060453,0.0
SASH3,0.07973444685339928,16.8366799098035,0.0
AQP10,0.07973365485668182,16.831311070546548,0.0
RP11-108K14.8,0.0797191746532917,16.825942231289595,0.0
GUCY1A2,0.07971794940531254,16.820573392032642,0.0
CAPN13,0.07969085536897183,16.81520455277569,0.0
ZPBP,0.07969001941382885,16.809835713518737,0.0
LRRC25,0.07967182695865631,16.804466874261784,0.0
HOXD8,0.07966379597783088,16.799098035004832,0.0
HPDL,0.07964885383844375,16.79372919574788,0.0
IL7,0.07962756231427193,16.788360356490927,0.0
KLHL11,0.07961792424321175,16.782991517233974,0.0
ASIC1,0.07961654327809811,16.77762267797702,0.0
IYD,0.07961433827877044,16.77225383872007,0.0
BTBD16,0.07960468530654907,16.766884999463116,0.0
POLR2J2,0.07958691194653511,16.761516160206163,0.0
ZNF430,0.07958233505487441,16.75614732094921,0.0
FBXO36,0.07957318872213363,16.750778481692258,0.0
SNX20,0.07956095673143863,16.745409642435305,0.0
USP41,0.0795441746711731,16.740040803178353,0.0
KCNMB3,0.07954262122511864,16.7346719639214,0.0
RP11-295P9.3,0.07953631207346916,16.729303124664447,0.0
VIT,0.07953420281410217,16.723934285407495,0.0
PRSS36,0.07952744998037815,16.718565446150542,0.0
ARHGEF38,0.07950307764112949,16.71319660689359,0.0
VWA3B,0.07949881516396999,16.707827767636637,0.0
P2RY10,0.07948596030473709,16.702458928379684,0.0
SLC5A11,0.07946638353168964,16.69709008912273,0.0
TIGD4,0.07945491448044777,16.69172124986578,0.0
METTL8,0.07943204455077649,16.686352410608826,0.0
ZNF214,0.07942687571048737,16.680983571351874,0.0
TAF7L,0.0794168159365654,16.67561473209492,0.0
ORM2,0.07940783575177193,16.67024589283797,0.0
PDILT,0.07940178103744984,16.664877053581016,0.0
SNX31,0.07938932813704014,16.659508214324063,0.0
MTERFD1,0.07938891798257827,16.65413937506711,0.0
CD80,0.07938319370150566,16.648770535810158,0.0
KCNJ15,0.07937533333897591,16.643401696553205,0.0
HIST1H4A,0.0793455719947815,16.638032857296253,0.0
ZNF835,0.07932960502803325,16.6326640180393,0.0
FAM153A,0.07931674085557461,16.627295178782347,0.0
SLC44A4,0.07931282222270966,16.621926339525395,0.0
LONRF3,0.07930012419819832,16.616557500268442,0.0
CEACAM7,0.07926124073565007,16.61118866101149,0.0
ZNF441,0.07923864871263504,16.605819821754537,0.0
TUSC5,0.07921752892434597,16.600450982497584,0.0
CDR1,0.07920441180467605,16.59508214324063,0.0
RP11-474G23.1,0.07918096706271172,16.58971330398368,0.0
PANX2,0.0791725568473339,16.584344464726726,0.0
DCAF10,0.07916828021407127,16.578975625469774,0.0
LRFN1,0.07916073352098466,16.57360678621282,0.0
CCDC171,0.07913749366998672,16.56823794695587,0.0
NDNF,0.07913014069199562,16.562869107698916,0.0
ICOS,0.07912696599960327,16.557500268441963,0.0
RP11-613M10.8,0.07911222204566001,16.55213142918501,0.0
SKA3,0.07907927855849266,16.546762589928058,0.0
IL17REL,0.07907560020685196,16.541393750671105,0.0
CCL7,0.07904137596487999,16.536024911414152,0.0
ESPNL,0.07901329174637794,16.5306560721572,0.0
KCNMB2,0.07901297397911548,16.525287232900247,0.0
C17orf66,0.07901007011532783,16.519918393643295,0.0
C10orf137,0.0789879746735096,16.514549554386342,0.0
STX16-NPEPL1,0.07897972948849201,16.50918071512939,0.0
ZNF71,0.07895026057958603,16.503811875872437,0.0
AADAC,0.07894707918167114,16.498443036615484,0.0
YPEL4,0.07892743274569511,16.49307419735853,0.0
RAB6C,0.07891689278185368,16.48770535810158,0.0
MPPED1,0.078902081027627,16.482336518844626,0.0
C6orf10,0.0788639321923256,16.476967679587673,0.0
ZNF853,0.07885887548327446,16.47159884033072,0.0
KRTAP19-2,0.07884016856551171,16.466230001073768,0.0
KLK10,0.07883435450494289,16.460861161816815,0.0
AKR1CL1,0.0788205623626709,16.455492322559863,0.0
LRRC48,0.07881982848048211,16.45012348330291,0.0
ASPRV1,0.07879728376865387,16.444754644045958,0.0
CTD-2545M3.6,0.07879056707024575,16.439385804789005,0.0
C2orf27A,0.07878868803381919,16.434016965532052,0.0
TTC29,0.0787874162197113,16.4286481262751,0.0
GPR162,0.07876348085701465,16.423279287018147,0.0
CCDC170,0.07872020825743675,16.417910447761194,0.0
RAB40A,0.07871955446898937,16.41254160850424,0.0
DCAF4L1,0.07871537283062935,16.40717276924729,0.0
ZNF714,0.07871341034770012,16.401803929990336,0.0
NPL,0.07867901958525181,16.396435090733384,0.0
TMEM189-UBE2V1,0.07867551930248737,16.39106625147643,0.0
PYHIN1,0.07866903245449067,16.38569741221948,0.0
CYB5R2,0.07854621894657612,16.380328572962526,0.0
CDNF,0.07854489237070084,16.374959733705573,0.0
ACOXL,0.07853470519185066,16.36959089444862,0.0
SCGB3A2,0.0785238079726696,16.364222055191668,0.0
RP11-729L2.2,0.07851560637354851,16.358853215934715,0.0
ANKRD42,0.0784213475883007,16.353484376677763,0.0
CXCL9,0.0784014455974102,16.34811553742081,0.0
LCTL,0.07838399261236191,16.342746698163857,0.0
AP000295.9,0.07837475016713143,16.337377858906905,0.0
TMEM52B,0.0783704299479723,16.332009019649952,0.0
CDKL2,0.07835729010403156,16.326640180393,0.0
SAMD13,0.07835673242807388,16.321271341136047,0.0
TDRD5,0.0783539790660143,16.315902501879094,0.0
GHSR,0.078322309628129,16.31053366262214,0.0
GPR35,0.07831434383988381,16.30516482336519,0.0
TMEM110-MUSTN1,0.07829851731657982,16.299795984108236,0.0
DDI1,0.07829673737287521,16.294427144851284,0.0
UPP2,0.07825533300638199,16.28905830559433,0.0
CXorf67,0.0782482534646988,16.28368946633738,0.0
BSPRY,0.07824246473610401,16.278320627080426,0.0
ANKRD22,0.07824137508869171,16.272951787823473,0.0
ATP13A5,0.07824083194136619,16.26758294856652,0.0
IGSF6,0.07823223322629928,16.262214109309568,0.0
NFAM1,0.07821429893374443,16.256845270052615,0.0
BTBD17,0.07821110561490059,16.251476430795663,0.0
LYG2,0.07820811308920383,16.24610759153871,0.0
ILDR2,0.07819968722760677,16.240738752281754,0.0
PROX2,0.07818372584879399,16.235369913024805,0.0
MAGEE2,0.07818273007869721,16.230001073767852,0.0
SMEK2,0.07816323041915893,16.2246322345109,0.0
RP11-371E8.4,0.07815504372119904,16.219263395253947,0.0
C17orf53,0.07814736291766167,16.213894555996994,0.0
FAM24B,0.07814447842538357,16.20852571674004,0.0
UPK3A,0.07811782658100128,16.20315687748309,0.0
HHIPL2,0.0781070314347744,16.197788038226136,0.0
STPG2,0.07808183506131172,16.192419198969183,0.0
AC003006.7,0.07807944715023041,16.18705035971223,0.0
CBWD6,0.07801336161792279,16.181681520455278,0.0
PRSS22,0.07798519991338253,16.176312681198326,0.0
PIDD,0.07798071131110192,16.17094384194137,0.0
TMEM229B,0.07797011211514474,16.16557500268442,0.0
RP11-508N12.4,0.07797006033360958,16.160206163427468,0.0
KIAA0895L,0.07796632125973701,16.154837324170515,0.0
CHRM1,0.07794543951749802,16.149468484913562,0.0
NAMPTL,0.07794418185949326,16.14409964565661,0.0
NUP62CL,0.07792801335453987,16.138730806399657,0.0
FAM21B,0.07792061939835548,16.133361967142704,0.0
LPPR3,0.07787584960460663,16.127993127885752,0.0
USP49,0.07787426784634591,16.1226242886288,0.0
ERBB2IP,0.07786156125366687,16.117255449371847,0.0
GOLGA8B,0.07784916907548904,16.111886610114894,0.0
CEND1,0.07784861773252487,16.106517770857938,0.0
RP11-426L16.10,0.07779700160026551,16.101148931600985,0.0
DQX1,0.07779132835566997,16.095780092344036,0.0
SLC16A10,0.07777892798185349,16.090411253087083,0.0
WFDC6,0.0777608823031187,16.08504241383013,0.0
ZNF208,0.07775424644351006,16.079673574573178,0.0
ACPL2,0.07775131836533547,16.074304735316225,0.0
ZNF233,0.07775086462497711,16.068935896059273,0.0
SIGLECL1,0.07774117775261402,16.06356705680232,0.0
CELA3A,0.07772939018905163,16.058198217545367,0.0
ZNF8,0.07772876806557179,16.052829378288415,0.0
EBLN1,0.07771554440259934,16.047460539031462,0.0
CCDC120,0.07770539224147796,16.04209169977451,0.0
PCDHGC4,0.07768683806061745,16.036722860517553,0.0
FUT10,0.07767419666051864,16.031354021260604,0.0
MEIG1,0.0776711031794548,16.02598518200365,0.0
ZNF823,0.07766284942626953,16.0206163427467,0.0
AMIGO3,0.07765558995306492,16.015247503489746,0.0
SIGLEC11,0.0776443399488926,16.009878664232794,0.0
MYLK2,0.07762662544846535,16.00450982497584,0.0
HRG,0.07761000841856003,15.999140985718888,0.0
CRISP3,0.07760416194796563,15.993772146461934,0.0
AKAP5,0.07757010012865066,15.988403307204981,0.0
HNF4G,0.07755919098854065,15.983034467948029,0.0
GZMM,0.07753555625677108,15.977665628691076,0.0
KRTAP10-3,0.07752619534730912,15.972296789434123,0.0
ZNF552,0.07751378379762172,15.96692795017717,0.0
CNIH2,0.07750975266098976,15.96155911092022,0.0
SLC6A17,0.0774945892393589,15.956190271663267,0.0
SLC6A16,0.0774718850851059,15.950821432406315,0.0
RP11-296A16.1,0.077471674233675,15.945452593149362,0.0
GLYATL2,0.0774535309523344,15.94008375389241,0.0
RP11-697E2.6,0.07744534835219383,15.934714914635457,0.0
AANAT,0.07743602842092515,15.929346075378504,0.0
RP1-309K20.6,0.07742854356765747,15.92397723612155,0.0
ZNF669,0.07739958502352237,15.918608396864597,0.0
GPR61,0.0773907370865345,15.913239557607644,0.0
GPR123,0.07738592736423015,15.907870718350692,0.0
MB21D1,0.07735488265752792,15.90250187909374,0.0
SOGA3,0.07734250649809837,15.897133039836786,0.0
SLC35F1,0.07733520418405533,15.891764200579836,0.0
SYDE2,0.07732554748654366,15.886395361322883,0.0
KIAA0101,0.07732275575399399,15.88102652206593,0.0
XCR1,0.07732108794152737,15.875657682808978,0.0
TRPM5,0.07732023373246193,15.870288843552025,0.0
CDHR4,0.07730883136391639,15.864920004295072,0.0
ZNF578,0.07729123160243034,15.859551165038118,0.0
THEM5,0.07728775329887867,15.854182325781165,0.0
ZNF696,0.07726835086941719,15.848813486524213,0.0
LILRA1,0.07726767919957638,15.84344464726726,0.0
DEF6,0.07726233862340451,15.838075808010307,0.0
POTEM,0.07725863009691239,15.832706968753355,0.0
HPCAL4,0.07725176252424718,15.827338129496402,0.0
ALDH3B2,0.07724222540855408,15.821969290239451,0.0
IL11,0.07721095606684684,15.816600450982499,0.0
LHX9,0.07719903811812401,15.811231611725546,0.0
NAA60,0.0771743468940258,15.805862772468593,0.0
HS3ST4,0.07715346515178681,15.80049393321164,0.0
RTN4RL2,0.07715028785169124,15.795125093954688,0.0
MS4A1,0.0771187711507082,15.789756254697734,0.0
HYAL3,0.07711645029485226,15.784387415440781,0.0
UCP3,0.07711096741259098,15.779018576183828,0.0
ANKRD30A,0.07710136361420154,15.773649736926876,0.0
ZNF283,0.07707103863358497,15.768280897669923,0.0
PGBD2,0.07706138864159584,15.76291205841297,0.0
KRTCAP3,0.07705578990280629,15.757543219156018,0.0
C10orf32-ASMT,0.0770555917173624,15.752174379899067,0.0
FAM86B2,0.07705204710364341,15.746805540642114,0.0
C16orf92,0.07702403999865055,15.741436701385162,0.0
OR14K1,0.07701184377074241,15.736067862128209,0.0
LPHN3,0.07700049243867398,15.730699022871256,0.0
ZNF257,0.07699475139379501,15.725330183614302,0.0
CTD-2287O16.3,0.0769703958183527,15.71996134435735,0.0
PRTN3,0.07696031592786312,15.714592505100397,0.0
BCL2L15,0.07695908509194851,15.709223665843444,0.0
RP1-27O5.3,0.07695718593895436,15.703854826586491,0.0
ISY1-RAB43,0.07695541605353355,15.698485987329539,0.0
MIA,0.07693998999893666,15.693117148072586,0.0
PABPN1L,0.07693252451717854,15.687748308815634,0.0
ABCC11,0.0769309464842081,15.682379469558683,0.0
CELF5,0.07692522704601287,15.67701063030173,0.0
ZIK1,0.07692112922668456,15.671641791044777,0.0
MAGEA4,0.07691967487335205,15.666272951787825,0.0
TMEM74,0.07691572792828083,15.660904112530872,0.0
DAZL,0.0768972471356392,15.655535273273918,0.0
ZNF720,0.07686975561082363,15.650166434016965,0.0
PCDHGA2,0.07682418711483478,15.644797594760012,0.0
ELAC1,0.07681502997875214,15.63942875550306,0.0
AL645608.1,0.07680139057338238,15.634059916246107,0.0
C15orf27,0.0767946895211935,15.628691076989154,0.0
ERO1LB,0.07675969824194909,15.623322237732202,0.0
NPVF,0.07673366963863373,15.617953398475247,0.0
CCSAP,0.07671864926815034,15.612584559218298,0.0
NANOS3,0.07671127170324325,15.607215719961346,0.0
PIH1D2,0.07669447846710682,15.601846880704393,0.0
PHOSPHO2,0.07666788622736931,15.59647804144744,0.0
HLA-DOB,0.07665308564901352,15.591109202190486,0.0
PGA5,0.07665116712450981,15.585740362933533,0.0
CCDC144NL,0.07661617919802666,15.58037152367658,0.0
NRIP3,0.07658682838082313,15.575002684419628,0.0
RAB30,0.07655769474804401,15.569633845162675,0.0
WDR64,0.0765458356589079,15.564265005905723,0.0
SHROOM4,0.07652382887899875,15.55889616664877,0.0
C19orf73,0.07651595696806908,15.553527327391818,0.0
SLC38A4,0.07651441097259522,15.548158488134863,0.0
FAM72B,0.07650861516594887,15.542789648877914,0.0
KCNK12,0.07650805041193962,15.537420809620961,0.0
PPAP2B,0.07650273069739341,15.532051970364009,0.0
CSH2,0.07648709490895271,15.526683131107056,0.0
UGT2B10,0.07648614048957825,15.521314291850102,0.0
ADAM30,0.07647917456924916,15.515945452593149,0.0
UGT2B11,0.07647468522191048,15.510576613336196,0.0
NUGGC,0.0764715913683176,15.505207774079244,0.0
SLC29A4,0.07646960243582726,15.499838934822291,0.0
TBC1D3B,0.07645857408642769,15.494470095565338,0.0
PARP15,0.07643716260790825,15.489101256308386,0.0
PTPLAD1,0.07642894759774208,15.483732417051431,0.0
PYY,0.07639154605567455,15.478363577794479,0.0
MGARP,0.07638706676661969,15.47299473853753,0.0
FAM86C1,0.0763869859278202,15.467625899280577,0.0
PMP2,0.0763854704797268,15.462257060023624,0.0
CBLN1,0.0763712279498577,15.45688822076667,0.0
AKNAD1,0.07636839896440506,15.451519381509717,0.0
BTLA,0.07635470107197762,15.446150542252765,0.0
GAREM,0.07635338678956032,15.440781702995812,0.0
DCDC1,0.07633809335529804,15.43541286373886,0.0
ACP5,0.07633106522262097,15.430044024481907,0.0
ABHD17C,0.07631893754005432,15.424675185224954,0.0
LRRC34,0.07631150037050247,15.419306345968002,0.0
PAQR6,0.07628998793661594,15.413937506711047,0.0
GOLGA6B,0.07628926523029804,15.408568667454098,0.0
PABPC1L2A,0.07628207169473171,15.403199828197145,0.0
GLIPR1L2,0.07627456709742546,15.397830988940193,0.0
SPIN4,0.07626847513020038,15.39246214968324,0.0
HENMT1,0.07625166550278664,15.387093310426286,0.0
KCNB1,0.0762410495430231,15.381724471169333,0.0
APOBEC3D,0.07623360604047776,15.37635563191238,0.0
RP11-438J1.1,0.07621529363095761,15.370986792655428,0.0
NLRP8,0.07621148638427258,15.365617953398475,0.0
C14orf37,0.07620376497507095,15.360249114141522,0.0
TKTL2,0.07612832449376583,15.35488027488457,0.0
CTD-2616J11.11,0.07611994370818138,15.349511435627615,0.0
PRR22,0.07610826045274735,15.344142596370663,0.0
GCSAML,0.07610357329249381,15.338773757113714,0.0
LILRA3,0.07607537396252155,15.333404917856761,0.0
SLC30A2,0.0760741800069809,15.328036078599808,0.0
KRTAP10-6,0.07605405077338219,15.322667239342854,0.0
HTR3B,0.07604913115501404,15.317298400085901,0.0
LSAMP,0.07604690417647361,15.311929560828949,0.0
TCEANC2,0.07601275146007538,15.306560721571996,0.0
NWD1,0.07600240744650363,15.301191882315043,0.0
RP11-986E7.7,0.07597547136247158,15.29582304305809,0.0
TRIML1,0.07597277276217937,15.290454203801138,0.0
CNBD1,0.07596177980303764,15.285085364544186,0.0
CXCR1,0.07595641799271106,15.279716525287231,0.0
LILRA5,0.07592371553182602,15.274347686030278,0.0
HEATR5A,0.07590902708470822,15.26897884677333,0.0
C11orf70,0.07587039358913898,15.263610007516377,0.0
C9orf117,0.075851159542799,15.258241168259424,0.0
KIAA0895,0.07584929540753364,15.25287232900247,0.0
MFI2,0.07584688067436218,15.247503489745517,0.0
PARP6,0.07582752481102943,15.242134650488564,0.0
ZMYND12,0.07581767998635769,15.236765811231612,0.0
MRAP2,0.07581485286355019,15.23139697197466,0.0
RUFY4,0.07581272535026073,15.226028132717706,0.0
VWA3A,0.07581129185855388,15.220659293460754,0.0
ADTRP,0.07580887265503407,15.2152904542038,0.0
IL22RA2,0.0758014116436243,15.209921614946847,0.0
BEND2,0.0757808867841959,15.204552775689894,0.0
KRTAP19-5,0.0757567647844553,15.199183936432945,0.0
FAM149A,0.07575050406157971,15.193815097175992,0.0
LMTK3,0.07571205720305443,15.188446257919038,0.0
MADCAM1,0.07571151927113533,15.183077418662085,0.0
C4orf46,0.07562439441680908,15.177708579405133,0.0
SYT15,0.07561965472996235,15.17233974014818,0.0
CCDC147,0.07557684406638146,15.166970900891227,0.0
SLC39A11,0.07552050501108169,15.161602061634275,0.0
SPOCK3,0.0755169328302145,15.156233222377322,0.0
KRT40,0.07551428228616715,15.15086438312037,0.0
CENPW,0.07550559677183628,15.145495543863415,0.0
TDRD10,0.0755042176693678,15.140126704606462,0.0
SRPR,0.075496381893754,15.13475786534951,0.0
GALR2,0.0754669152200222,15.12938902609256,0.0
ITPKA,0.07546409666538238,15.124020186835608,0.0
FCAR,0.07546332888305188,15.118651347578654,0.0
SOWAHD,0.0754405714571476,15.113282508321701,0.0
IRGC,0.07544043473899364,15.107913669064748,0.0
PRAMEF10,0.07543514184653759,15.102544829807796,0.0
TMEM200A,0.07543017044663429,15.097175990550843,0.0
AP000275.65,0.07540345527231693,15.09180715129389,0.0
PGC,0.075389913469553,15.086438312036938,0.0
ANXA2R,0.07537844963371754,15.081069472779983,0.0
PBX4,0.07537547163665295,15.07570063352303,0.0
CDHR3,0.07537231855094433,15.070331794266078,0.0
RP11-133K1.2,0.07536478340625763,15.064962955009126,0.0
C9orf41,0.07534857168793678,15.059594115752176,0.0
KIR3DX1,0.07533450499176979,15.054225276495222,0.0
TTLL13,0.07532029077410698,15.04885643723827,0.0
NKPD1,0.07530159577727318,15.043487597981317,0.0
RAB40AL,0.07529494762420655,15.038118758724364,0.0
ZIM2,0.07527791857719421,15.032749919467411,0.0
SPATA32,0.07527334801852703,15.027381080210459,0.0
C16orf54,0.07526148781180382,15.022012240953506,0.0
ZNF429,0.07526140324771405,15.016643401696554,0.0
HTR1E,0.0752557285130024,15.0112745624396,0.0
MSLN,0.07525161541998386,15.005905723182646,0.0
PCDHB17,0.07525111511349677,15.000536883925694,0.0
ZNF736,0.07523716092109681,14.995168044668741,0.0
LRRIQ3,0.07522212266921997,14.989799205411792,0.0
TGM5,0.07521978951990604,14.984430366154838,0.0
PRDM11,0.07521375343203544,14.979061526897885,0.0
PSD4,0.07520137429237365,14.973692687640932,0.0
KAZN,0.07519667074084282,14.96832384838398,0.0
FOXD2,0.07519560530781746,14.962955009127027,0.0
MRO,0.0751735907047987,14.957586169870074,0.0
PLEK2,0.07515669837594033,14.952217330613122,0.0
C1orf94,0.07514977231621742,14.946848491356167,0.0
KIAA0825,0.07509573474526406,14.941479652099215,0.0
SERTAD4,0.07508452087640763,14.936110812842262,0.0
IL1RL2,0.07505172863602638,14.93074197358531,0.0
TRIM34,0.07505057081580162,14.925373134328357,0.0
METTL6,0.07502857148647309,14.920004295071406,0.0
MAGEA10,0.07502574026584626,14.914635455814453,0.0
PRAMEF12,0.07501806207001209,14.9092666165575,0.0
MBLAC2,0.07500796541571617,14.903897777300548,0.0
PI3,0.07500123828649521,14.898528938043595,0.0
BOLL,0.07499886080622672,14.893160098786643,0.0
S100P,0.0749981790781021,14.88779125952969,0.0
FAM110C,0.07499669902026654,14.882422420272738,0.0
CPZ,0.07498672977089882,14.877053581015783,0.0
AMY1A,0.07496828958392143,14.87168474175883,0.0
LCE2B,0.074961082264781,14.866315902501878,0.0
ATP4B,0.07494556121528148,14.860947063244925,0.0
ZSCAN23,0.0749306745827198,14.855578223987973,0.0
KLHL34,0.07492787092924118,14.850209384731022,0.0
RHBG,0.07492269612848759,14.844840545474069,0.0
LY6G6D,0.07491295747458934,14.839471706217116,0.0
BSX,0.07491275183856487,14.834102866960164,0.0
NOX1,0.07490720711648464,14.828734027703211,0.0
RAB43,0.07489791065454483,14.823365188446259,0.0
TNFAIP8,0.07489182390272617,14.817996349189306,0.0
SPRR1A,0.0748653121292591,14.812627509932351,0.0
GALNT13,0.07485801354050636,14.807258670675399,0.0
SCGB2A1,0.07485452704131604,14.801889831418446,0.0
AMELX,0.07485062219202518,14.796520992161494,0.0
ABHD14A-ACY1,0.07484663613140582,14.79115215290454,0.0
EXD1,0.0748020749539137,14.785783313647588,0.0
C11orf45,0.07478822171688079,14.780414474390637,0.0
PHLDA2,0.07477155216038227,14.775045635133685,0.0
RSPH6A,0.07476266473531723,14.769676795876732,0.0
CCDC172,0.07475745230913163,14.76430795661978,0.0
EQTN,0.07475459948182106,14.758939117362827,0.0
LRRC52,0.07475384883582592,14.753570278105874,0.0
XXbac-BPG181M17.5,0.07474521994590759,14.748201438848922,0.0
PRAMEF13,0.07473902143537998,14.742832599591967,0.0
FAM72D,0.07468171194195747,14.737463760335014,0.0
MS4A8,0.07467845268547535,14.732094921078062,0.0
TFAP2E,0.07465441152453423,14.72672608182111,0.0
C14orf105,0.07465156838297844,14.721357242564157,0.0
SH2D3A,0.07464612200856209,14.715988403307206,0.0
TLR10,0.07464022524654865,14.710619564050253,0.0
C12orf40,0.07462794594466686,14.7052507247933,0.0
KIAA0226L,0.07462316639721393,14.699881885536348,0.0
SLC17A4,0.07462113834917546,14.694513046279395,0.0
KLHDC7B,0.07460165359079837,14.689144207022443,0.0
RHCE,0.0745959471911192,14.68377536776549,0.0
AC037459.4,0.07459499388933181,14.678406528508535,0.0
TMPRSS7,0.07459209151566029,14.673037689251583,0.0
ZNF138,0.07455702312290668,14.66766884999463,0.0
PKIB,0.07455223388969898,14.662300010737678,0.0
LCE1B,0.0745402466505766,14.656931171480725,0.0
C10orf95,0.0745383657515049,14.651562332223772,0.0
SMIM21,0.07453523278236389,14.646193492966821,0.0
NHSL2,0.0745113581418991,14.640824653709869,0.0
TAC4,0.07450944818556308,14.635455814452916,0.0
KCNG2,0.07447769343852997,14.630086975195963,0.0
CXCL5,0.0744619283825159,14.62471813593901,0.0
EFCAB4B,0.07443861216306687,14.619349296682058,0.0
MRPL30,0.07443599924445152,14.613980457425106,0.0
KLRG1,0.07443436086177826,14.608611618168151,0.0
HTR5A,0.0744329635053873,14.603242778911198,0.0
SPRR1B,0.07442753799259663,14.597873939654246,0.0
CDH20,0.07440392784774304,14.592505100397293,0.0
PURG,0.07438094988465309,14.58713626114034,0.0
ADAM7,0.07436666116118432,14.581767421883388,0.0
LY6G6F,0.07435880824923516,14.576398582626437,0.0
ZNF124,0.07434346079826355,14.571029743369484,0.0
ZNF155,0.07434160858392716,14.565660904112532,0.0
ZNF468,0.07433463037014007,14.56029206485558,0.0
EPPIN,0.07432710714638233,14.554923225598627,0.0
CHAC1,0.07430604621767997,14.549554386341674,0.0
RPS6KA6,0.074295012652874,14.54418554708472,0.0
MOBP,0.07428839579224586,14.538816707827767,0.0
UCN2,0.07427904903888702,14.533447868570814,0.0
MEX3D,0.07427165433764457,14.528079029313862,0.0
CLCA2,0.07425749897956849,14.522710190056909,0.0
ZNF534,0.07424634732306004,14.517341350799956,0.0
RP11-196G11.1,0.07424535565078258,14.511972511543004,0.0
HBQ1,0.07424445264041424,14.506603672286053,0.0
C1orf116,0.07423871345818042,14.5012348330291,0.0
CSH1,0.07421966977417468,14.495865993772147,0.0
LILRB4,0.07420489080250263,14.490497154515195,0.0
GAB4,0.07418009229004383,14.485128315258242,0.0
IFNL1,0.07416899353265763,14.47975947600129,0.0
TRAT1,0.07416246943175793,14.474390636744335,0.0
ITFG3,0.0741392694413662,14.469021797487382,0.0
UBBP4,0.07412410564720631,14.46365295823043,0.0
SEC14L5,0.07411082200706005,14.458284118973477,0.0
CATSPERD,0.07410328686237336,14.452915279716525,0.0
FAM65C,0.0740874633193016,14.447546440459572,0.0
PCDHA2,0.07408646754920482,14.44217760120262,0.0
ANKRD7,0.07405674383044243,14.436808761945668,0.0
RLN3,0.07404712587594986,14.431439922688716,0.0
ZNF660,0.07404310181736946,14.426071083431763,0.0
ESM1,0.07400939911603928,14.42070224417481,0.0
CLEC18A,0.07400532439351082,14.415333404917858,0.0
PLA2G12B,0.07398734018206596,14.409964565660903,0.0
CYP2F1,0.0739862535148859,14.40459572640395,0.0
GPBAR1,0.07396903708577156,14.399226887146998,0.0
CDRT1,0.07396106347441674,14.393858047890046,0.0
DPF1,0.07395292930305004,14.388489208633093,0.0
CMA1,0.0739482019096613,14.38312036937614,0.0
C2orf44,0.07393267638981342,14.377751530119188,0.0
PCDHA8,0.0739217683672905,14.372382690862235,0.0
KRTAP20-1,0.07390186861157418,14.367013851605284,0.0
RGS20,0.07389634847640991,14.361645012348331,0.0
CEACAM3,0.0738899689167738,14.356276173091379,0.0
SLAMF8,0.07387509495019913,14.350907333834426,0.0
FAM26E,0.07387163527309895,14.345538494577474,0.0
FAM84A,0.07384704351425171,14.34016965532052,0.0
PCDHB2,0.07384435087442398,14.334800816063566,0.0
FSIP1,0.07383657619357109,14.329431976806614,0.0
KIF25,0.07381306551396846,14.324063137549661,0.0
AGBL1,0.07379386946558952,14.318694298292709,0.0
UNC5D,0.07376505136489868,14.313325459035756,0.0
POU2AF1,0.07373344749212266,14.307956619778803,0.0
WBP2NL,0.07371971793472767,14.30258778052185,0.0
CCDC148,0.07371933348476886,14.2972189412649,0.0
FUT6,0.07371915504336357,14.291850102007947,0.0
CTD-2528L19.4,0.07368763610720634,14.286481262750995,0.0
UGT3A1,0.07366866134107113,14.281112423494042,0.0
HCAR1,0.07366716712713242,14.275743584237087,0.0
SHCBP1L,0.0736642986536026,14.270374744980135,0.0
C9orf171,0.07365414500236511,14.265005905723182,0.0
CCDC89,0.07365019395947456,14.25963706646623,0.0
C2orf43,0.07359845042228699,14.254268227209277,0.0
GDA,0.07359712794423104,14.248899387952324,0.0
CSN2,0.0735749538987875,14.243530548695372,0.0
ZNF674,0.07357188165187836,14.238161709438419,0.0
ANGPTL5,0.0735451053828001,14.232792870181466,0.0
GLRA2,0.0735438946634531,14.227424030924515,0.0
KRTAP26-1,0.07354010678827763,14.222055191667563,0.0
SLC38A8,0.07353710420429707,14.21668635241061,0.0
MCHR2,0.07352175749838352,14.211317513153658,0.0
XKR4,0.0735063798725605,14.205948673896703,0.0
ARHGEF16,0.07348741888999939,14.20057983463975,0.0
SPANXN4,0.07348546646535396,14.195210995382798,0.0
WDR65,0.073485267162323,14.189842156125845,0.0
UPK1A,0.0734833985567093,14.184473316868893,0.0
SLC22A15,0.07348243519663811,14.17910447761194,0.0
TEX37,0.07348119579255581,14.173735638354987,0.0
TMEM45B,0.07347355708479882,14.168366799098035,0.0
CNTLN,0.07347030006349087,14.16299795984108,0.0
KRTAP19-8,0.07346727661788463,14.157629120584131,0.0
ZNF221,0.07342598848044872,14.152260281327179,0.0
IFNA2,0.07331212460994721,14.146891442070226,0.0
CHRNA2,0.07327197305858135,14.141522602813271,0.0
SLC22A6,0.07325498051941395,14.136153763556319,0.0
SNTG2,0.07324930056929588,14.130784924299366,0.0
PPAP2C,0.07324642390012741,14.125416085042414,0.0
SYT9,0.07323191501200199,14.12004724578546,0.0
RP11-500M8.7,0.07321660965681076,14.114678406528508,0.0
ANO7,0.07321156226098538,14.109309567271556,0.0
HUNK,0.07320272922515869,14.103940728014603,0.0
KRTAP10-8,0.07319539561867713,14.09857188875765,0.0
CD8B,0.0731909740716219,14.093203049500696,0.0
CTXN1,0.07318418473005295,14.087834210243747,0.0
CDH26,0.07315320558845997,14.082465370986794,0.0
TFF3,0.07314566187560559,14.077096531729842,0.0
GCOM1,0.07313984669744969,14.071727692472887,0.0
C1QTNF7,0.07313879504799843,14.066358853215934,0.0
CTAG2,0.07313844449818134,14.060990013958982,0.0
ADC,0.07313767932355404,14.05562117470203,0.0
ZNF296,0.07312302216887474,14.050252335445077,0.0
AGMO,0.07310872972011566,14.044883496188124,0.0
SLFN13,0.07309096083045005,14.039514656931171,0.0
SULT4A1,0.07308616414666176,14.034145817674219,0.0
GOLGA6L10,0.07308415360748768,14.028776978417264,0.0
ENTPD8,0.07308373004198074,14.023408139160315,0.0
PCDHA9,0.07307526171207428,14.018039299903363,0.0
TIGD6,0.07307024076581001,14.01267046064641,0.0
C2orf78,0.07306496798992157,14.007301621389455,0.0
CCL13,0.07305957600474358,14.001932782132503,0.0
CLDN20,0.07305089905858039,13.99656394287555,0.0
AC004076.9,0.07304871417582035,13.991195103618598,0.0
BCMO1,0.07302852123975753,13.985826264361645,0.0
LY6H,0.07302823290228844,13.980457425104692,0.0
ZNF774,0.07302399910986423,13.97508858584774,0.0
TRPC5,0.0730091828852892,13.969719746590787,0.0
ST6GALNAC5,0.07300864085555077,13.964350907333834,0.0
WBSCR27,0.07299904339015484,13.95898206807688,0.0
MAB21L3,0.07298751920461655,13.95361322881993,0.0
WBSCR17,0.07296820543706417,13.948244389562978,0.0
CXorf21,0.07295692414045334,13.942875550306026,0.0
SSX1,0.07294191792607307,13.937506711049071,0.0
TMOD4,0.07293657846748829,13.932137871792118,0.0
PRL,0.07290341407060623,13.926769032535166,0.0
KIF2B,0.07288348786532879,13.921400193278213,0.0
KRTDAP,0.07288234531879426,13.91603135402126,0.0
SLC17A2,0.07287858240306377,13.910662514764308,0.0
SPRR3,0.07287711389362812,13.905293675507355,0.0
ZNF396,0.07286638766527176,13.899924836250403,0.0
MLANA,0.07286521345376969,13.894555996993448,0.0
RAD51AP2,0.0728641051799059,13.889187157736496,0.0
CCDC41,0.07285997048020362,13.883818318479547,0.0
CALML4,0.07284614145755768,13.878449479222594,0.0
DEFB119,0.07282441705465317,13.87308063996564,0.0
RIT2,0.07280995696783066,13.867711800708687,0.0
BEND6,0.07278684340417385,13.862342961451734,0.0
ZNF713,0.07278537899255752,13.856974122194782,0.0
CPN2,0.07277964428067207,13.851605282937829,0.0
CRTAM,0.07277609333395958,13.846236443680876,0.0
PNLIPRP3,0.07277082167565822,13.840867604423924,0.0
SLC35G3,0.07275171838700771,13.835498765166971,0.0
ALLC,0.07274744175374508,13.830129925910018,0.0
DSPP,0.07274291925132274,13.824761086653064,0.0
DKKL1,0.07273936495184899,13.819392247396111,0.0
XYLB,0.07273108065128327,13.814023408139162,0.0
CHDC2,0.07271753996610641,13.80865456888221,0.0
CTC-454I21.3,0.07271116003394126,13.803285729625255,0.0
DEFB126,0.07270802445709705,13.797916890368302,0.0
PLEKHS1,0.07269625216722489,13.79254805111135,0.0
ZBTB37,0.07268827855587005,13.787179211854397,0.0
NMBR,0.07267378680408002,13.781810372597445,0.0
ZNF543,0.07266355231404305,13.776441533340492,0.0
RP11-295K3.1,0.07266316823661327,13.77107269408354,0.0
STON1-GTF2A1L,0.07264989353716374,13.765703854826587,0.0
FFAR1,0.0726256150752306,13.760335015569632,0.0
ZNF114,0.07262251153588295,13.75496617631268,0.0
KIAA1147,0.07261383049190044,13.749597337055727,0.0
BNIPL,0.07260988503694535,13.744228497798778,0.0
ZNF99,0.07260343059897423,13.738859658541823,0.0
DIO1,0.07260115668177605,13.73349081928487,0.0
C9orf69,0.07259313017129898,13.728121980027918,0.0
C17orf74,0.07258759215474128,13.722753140770966,0.0
C3orf22,0.0725681520998478,13.717384301514013,0.0
ZNF701,0.07255519554018974,13.71201546225706,0.0
CPA1,0.07254612483084202,13.706646623000108,0.0
IQCJ,0.07254018001258374,13.701277783743155,0.0
GPR84,0.07253828980028629,13.695908944486202,0.0
ZRSR1,0.07253175936639308,13.690540105229248,0.0
SPINK4,0.07252584360539913,13.685171265972295,0.0
TTC24,0.07250439114868641,13.679802426715343,0.0
SIRPG,0.07249534726142884,13.674433587458394,0.0
ASTE1,0.07248897850513458,13.66906474820144,0.0
PON1,0.07247676812112332,13.663695908944486,0.0
CCDC132,0.0724526111036539,13.658327069687534,0.0
AMICA1,0.07241609245538712,13.652958230430581,0.0
KRTAP10-11,0.07239222303032875,13.647589391173629,0.0
ZNF485,0.07239220030605793,13.642220551916676,0.0
FAM101B,0.07238387502729893,13.636851712659723,0.0
WFDC8,0.07235118746757507,13.63148287340277,0.0
ARL11,0.07232788428664208,13.626114034145816,0.0
CABP5,0.07232675217092037,13.620745194888864,0.0
HTR1D,0.07231185995042325,13.615376355631911,0.0
SERPINA11,0.07231088168919086,13.610007516374958,0.0
SMEK1,0.07231071293354034,13.604638677118007,0.0
CFHR1,0.0723093755543232,13.599269837861055,0.0
ZNF367,0.07228639125823974,13.593900998604102,0.0
NPFFR2,0.07224009186029434,13.58853215934715,0.0
CHRM4,0.07223647572100163,13.583163320090197,0.0
PCNXL4,0.07223476618528366,13.577794480833244,0.0
PRR19,0.0722161278128624,13.572425641576292,0.0
PRAMEF1,0.07221076488494874,13.567056802319339,0.0
CD48,0.07219763621687889,13.561687963062386,0.0
AP000349.1,0.07219185940921306,13.556319123805432,0.0
DCLK3,0.07218069918453693,13.55095028454848,0.0
GPR112,0.07217842154204845,13.545581445291527,0.0
IVL,0.07217790372669697,13.540212606034574,0.0
ATP5EP2,0.07217346653342246,13.534843766777623,0.0
ZNF20,0.07215037159621715,13.52947492752067,0.0
FAM228B,0.07214216180145741,13.524106088263718,0.0
POPDC3,0.07213671244680882,13.518737249006765,0.0
KRT39,0.07213652692735195,13.513368409749813,0.0
SPN,0.07211323529481888,13.50799957049286,0.0
DRAXIN,0.07207761108875274,13.502630731235907,0.0
LCN15,0.07206393405795097,13.497261891978955,0.0
FOXB2,0.07204881459474563,13.491893052722,0.0
SMR3A,0.07204300127923488,13.486524213465048,0.0
CMTM2,0.07202294170856476,13.481155374208095,0.0
IFNL2,0.07202146574854851,13.475786534951142,0.0
C15orf43,0.07201950997114182,13.47041769569419,0.0
SPDYE1,0.07200399674475193,13.465048856437239,0.0
RP11-155D18.14,0.07199631445109844,13.459680017180286,0.0
AGXT2,0.07198824696242809,13.454311177923334,0.0
ZNF284,0.07198464125394821,13.448942338666381,0.0
CTD-3148I10.9,0.07196774929761887,13.443573499409428,0.0
SLC38A5,0.07196409441530704,13.438204660152476,0.0
MATN4,0.07194782048463821,13.432835820895523,0.0
FAM101A,0.07194099724292755,13.42746698163857,0.0
TMEM102,0.07193912900984287,13.422098142381616,0.0
C8orf34,0.07192226946353912,13.416729303124663,0.0
C10orf82,0.07190921269357205,13.41136046386771,0.0
GPRIN2,0.07190444283187389,13.405991624610758,0.0
RBM43,0.07189614847302436,13.400622785353805,0.0
PRR5L,0.07189571261405944,13.395253946096854,0.0
FAM133A,0.07186632491648197,13.389885106839902,0.0
NBPF10,0.07185647971928119,13.38451626758295,0.0
FAM150A,0.07182906605303288,13.379147428325997,0.0
KRTAP8-1,0.07182550989091396,13.373778589069044,0.0
CTAGE15,0.07182246819138527,13.368409749812091,0.0
CSF3,0.07180707827210427,13.363040910555139,0.0
S100A5,0.07177004478871822,13.357672071298184,0.0
C7orf34,0.07175323106348515,13.352303232041232,0.0
UGT2B28,0.0717509925365448,13.346934392784279,0.0
PAGE3,0.07173805311322212,13.341565553527326,0.0
RP11-613M10.9,0.07172673977911473,13.336196714270374,0.0
RP11-176H8.1,0.07171237207949162,13.330827875013423,0.0
RNASE2,0.07171117216348648,13.32545903575647,0.0
ZNF729,0.07170277535915374,13.320090196499518,0.0
KIAA1377,0.07169356197118759,13.314721357242565,0.0
NKAIN2,0.07169067151844502,13.309352517985612,0.0
C17orf61-PLSCR3,0.07167346104979515,13.30398367872866,0.0
IGFL2,0.07166506759822369,13.298614839471707,0.0
ITIH6,0.07166116498410702,13.293246000214754,0.0
ATP5J2-PTCD1,0.07163637541234494,13.2878771609578,0.0
RNF148,0.0716328952461481,13.282508321700847,0.0
RFTN2,0.07160146273672581,13.277139482443895,0.0
C4orf19,0.0715986218303442,13.271770643186942,0.0
IGFL1,0.0715941496193409,13.26640180392999,0.0
NLRP7,0.07158908247947693,13.261032964673038,0.0
CCDC116,0.07158303484320641,13.255664125416086,0.0
ZSCAN1,0.07157686613500118,13.250295286159133,0.0
TEX13A,0.07157427072525024,13.24492644690218,0.0
DMRT1,0.07156640365719795,13.239557607645228,0.0
KIAA1045,0.07156409695744514,13.234188768388275,0.0
DNAJB8,0.07155993320047856,13.228819929131323,0.0
DYDC1,0.07155358977615833,13.223451089874368,0.0
SIGLEC12,0.07155258692800999,13.218082250617416,0.0
C11orf52,0.07154788821935654,13.212713411360463,0.0
STH,0.07154651768505574,13.20734457210351,0.0
ATP6AP1L,0.0715436052531004,13.201975732846558,0.0
TIMD4,0.07152185142040253,13.196606893589605,0.0
HIST1H2BF,0.07151912525296211,13.191238054332654,0.0
AC026407.1,0.07151441611349582,13.185869215075702,0.0
TNFSF18,0.07150432132184506,13.180500375818749,0.0
CTD-2587H24.4,0.0714890044182539,13.175131536561796,0.0
HSD3B2,0.0714846596121788,13.169762697304844,0.0
CELA2A,0.07148381881415844,13.164393858047891,0.0
RP11-514O12.4,0.07147934138774872,13.159025018790938,0.0
SLC22A7,0.07147592343389989,13.153656179533984,0.0
SYT14,0.07147294171154499,13.148287340277031,0.0
CRH,0.0714378148317337,13.142918501020079,0.0
SLCO1A2,0.07143672108650208,13.137549661763126,0.0
IQCF5,0.07141913175582885,13.132180822506173,0.0
FUT3,0.07141780108213425,13.12681198324922,0.0
SDCBP2,0.07141657024621964,13.12144314399227,0.0
ELFN2,0.07141595371067525,13.116074304735317,0.0
SLAIN1,0.0714157223701477,13.110705465478365,0.0
C17orf107,0.07138830758631229,13.105336626221412,0.0
PSORS1C1,0.07138770371675492,13.09996778696446,0.0
TCEAL6,0.07138446979224682,13.094598947707507,0.0
GPR97,0.0713767722249031,13.089230108450552,0.0
KLRC1,0.07136944942176342,13.0838612691936,0.0
SERPINA12,0.07136630415916442,13.078492429936647,0.0
TCTE3,0.07134179249405861,13.073123590679694,0.0
NLRP14,0.07133287563920021,13.067754751422742,0.0
NIPA1,0.07132671177387237,13.062385912165789,0.0
MBD3L1,0.07130934745073318,13.057017072908836,0.0
NAT16,0.07130330726504326,13.051648233651886,0.0
SBSN,0.07130186259746552,13.046279394394933,0.0
ANKRD30B,0.07127626575529575,13.04091055513798,0.0
PCDHA12,0.07125132754445077,13.035541715881028,0.0
FIBCD1,0.07124754600226879,13.030172876624075,0.0
P2RX5-TAX1BP3,0.07124586626887322,13.024804037367122,0.0
C1QL2,0.07124498970806599,13.019435198110168,0.0
RP11-45M22.4,0.07124042138457298,13.014066358853215,0.0
GLI4,0.07122067846357823,13.008697519596263,0.0
AP000758.1,0.07121370248496532,13.00332868033931,0.0
SIRPD,0.07120406813919544,12.997959841082357,0.0
RP4-559A3.7,0.07120377123355866,12.992591001825405,0.0
GBP5,0.07118954174220563,12.987222162568452,0.0
KLK2,0.07118098810315132,12.981853323311501,0.0
RASSF6,0.07114122472703457,12.976484484054549,0.0
CCDC3,0.07112945653498173,12.971115644797596,0.0
KIAA1755,0.07111059240996838,12.965746805540643,0.0
GPR144,0.07109309509396552,12.96037796628369,0.0
TTC36,0.0710906483232975,12.955009127026736,0.0
LRG1,0.07109058648347855,12.949640287769784,0.0
TCHHL1,0.07108580768108368,12.944271448512831,0.0
AC024592.12,0.07102910429239273,12.938902609255878,0.0
GPR160,0.0710157535970211,12.933533769998926,0.0
FAM83C,0.07100392766296863,12.928164930741973,0.0
METTL21A,0.07098144963383675,12.92279609148502,0.0
IL17B,0.0709683895111084,12.917427252228068,0.0
SPATA8,0.07095477692782878,12.912058412971117,0.0
SIGLEC15,0.0709158007055521,12.906689573714164,0.0
ZDHHC19,0.07090940549969674,12.901320734457212,0.0
CLEC18C,0.07090587206184865,12.895951895200259,0.0
RP11-123K3.4,0.07090357840061187,12.890583055943306,0.0
ASIC5,0.07090350911021233,12.885214216686352,0.0
CTAGE1,0.07090288028120995,12.8798453774294,0.0
MT1HL1,0.07088922336697578,12.874476538172447,0.0
SMR3B,0.07088570222258568,12.869107698915494,0.0
SLC25A18,0.07083187326788902,12.863738859658541,0.0
HEATR2,0.07082863226532936,12.858370020401589,0.0
ASPDH,0.07082145474851131,12.853001181144636,0.0
FGF6,0.07081945724785328,12.847632341887682,0.0
CCDC63,0.07081773579120636,12.842263502630733,0.0
RP11-125O5.2,0.07080954313278198,12.83689466337378,0.0
S100Z,0.070802928134799,12.831525824116827,0.0
SCGB2B2,0.07080139331519604,12.826156984859875,0.0
SULT1A3,0.07079638242721557,12.82078814560292,0.0
OXGR1,0.07078742794692516,12.815419306345968,0.0
TAGLN3,0.07076849341392517,12.810050467089015,0.0
RBM11,0.07075851820409298,12.804681627832062,0.0
UBQLNL,0.07075670287013054,12.79931278857511,0.0
CTD-2116N17.1,0.07075397148728371,12.793943949318157,0.0
C7orf61,0.07074613124132156,12.788575110061204,0.0
KRTAP19-1,0.07073144689202308,12.783206270804252,0.0
RP11-1055B8.7,0.07072709314525127,12.777837431547297,0.0
GAST,0.07072189897298813,12.772468592290348,0.0
LETM2,0.07070694975554943,12.767099753033396,0.0
AC103809.2,0.07070543169975281,12.761730913776443,0.0
GABRA3,0.07070286683738232,12.75636207451949,0.0
GGT2,0.07069260962307453,12.750993235262536,0.0
MND1,0.0706837859004736,12.745624396005583,0.0
SH2D5,0.07067542225122452,12.74025555674863,0.0
RP11-216L13.17,0.07066883072257042,12.734886717491678,0.0
CTD-3222D19.2,0.0706556785851717,12.729517878234725,0.0
WISP1,0.07065233886241913,12.724149038977773,0.0
TTC23L,0.07062902189791202,12.71878019972082,0.0
GALNT8,0.07061233147978782,12.713411360463866,0.0
CTD-2561J22.3,0.07059536501765251,12.708042521206913,0.0
ANTXRL,0.07057958096265793,12.702673681949964,0.0
MARVELD3,0.07056746780872344,12.697304842693011,0.0
PTPN7,0.07055701054632664,12.691936003436059,0.0
AL021546.6,0.07053826302289963,12.686567164179104,0.0
BEGAIN,0.07053017541766167,12.681198324922152,0.0
HAPLN4,0.07051360122859478,12.675829485665199,0.0
C2orf15,0.07051270715892315,12.670460646408246,0.0
KIAA1598,0.07049912475049495,12.665091807151294,0.0
HNRNPCL1,0.07049407958984374,12.659722967894341,0.0
SPPL2C,0.07046906091272831,12.654354128637388,0.0
GPR39,0.0704660288989544,12.648985289380436,0.0
MEIOB,0.0704633854329586,12.643616450123481,0.0
CSHL1,0.07046032026410103,12.638247610866532,0.0
GRM4,0.07044854946434498,12.63287877160958,0.0
PRDM7,0.07044276930391788,12.627509932352627,0.0
CLDN23,0.07042997181415558,12.622141093095674,0.0
TMEM35,0.07042969912290573,12.61677225383872,0.0
AFM,0.07041661255061626,12.611403414581767,0.0
PATE1,0.0703975323587656,12.606034575324815,0.0
PKD2L2,0.07039007209241391,12.600665736067862,0.0
FAM228A,0.07037903293967247,12.59529689681091,0.0
PELI2,0.07037599720060825,12.589928057553957,0.0
LRRTM4,0.0703686498105526,12.584559218297004,0.0
CPA4,0.0703679457306862,12.57919037904005,0.0
CTD-3214H19.4,0.07036768943071366,12.573821539783097,0.0
AC073610.5,0.07036599889397621,12.568452700526148,0.0
SPATC1,0.07034080922603607,12.563083861269195,0.0
GDAP1L1,0.07033434174954892,12.557715022012243,0.0
BIRC7,0.07033396698534489,12.552346182755288,0.0
SYCE2,0.07032082751393318,12.546977343498336,0.0
PASD1,0.07031126730144024,12.541608504241383,0.0
SUSD5,0.07029503099620342,12.53623966498443,0.0
DAOA,0.0702900592237711,12.530870825727478,0.0
TMEM31,0.07028702609241008,12.525501986470525,0.0
TMEM252,0.07027975134551526,12.520133147213572,0.0
PPM1H,0.07027454674243927,12.51476430795662,0.0
C1orf167,0.07026891447603703,12.509395468699665,0.0
GZMH,0.07026823759078979,12.504026629442713,0.0
KIAA2026,0.07025829181075097,12.498657790185762,0.0
TTC9B,0.07024406678974629,12.49328895092881,0.0
CHRNA6,0.07022785358130931,12.487920111671857,0.0
GBP6,0.07018077559769154,12.482551272414904,0.0
RP11-343C2.7,0.07018054202198983,12.477182433157951,0.0
IGLON5,0.07017218917608262,12.471813593900999,0.0
TREML1,0.07016741186380386,12.466444754644046,0.0
CFHR3,0.07016223184764385,12.461075915387093,0.0
OVCA2,0.07016166783869267,12.45570707613014,0.0
PPP1R27,0.07014079168438911,12.450338236873188,0.0
CIB3,0.07012601234018803,12.444969397616235,0.0
ERMARD,0.07011347003281117,12.439600558359283,0.0
MIR3654,0.07010979428887368,12.43423171910233,0.0
SCGB1C1,0.07010008953511715,12.428862879845378,0.0
GDPD2,0.07009735554456711,12.423494040588425,0.0
SLC35E2,0.07009132988750935,12.418125201331472,0.0
OCLM,0.07008787393569946,12.41275636207452,0.0
C11orf80,0.07007374353706837,12.407387522817567,0.0
ACER2,0.0700711503624916,12.402018683560614,0.0
PCDHA11,0.07006583474576474,12.396649844303662,0.0
PDIK1L,0.07005236707627774,12.391281005046709,0.0
SLC6A20,0.07004977278411388,12.385912165789756,0.0
CTD-2535L24.2,0.07004424445331096,12.380543326532804,0.0
YBX2,0.07002809941768647,12.375174487275851,0.0
CKLF-CMTM1,0.07001555226743221,12.369805648018898,0.0
RP11-190A12.7,0.07000141106545925,12.364436808761946,0.0
SELV,0.06999090425670147,12.359067969504993,0.0
HSPB9,0.06999031640589237,12.35369913024804,0.0
DUSP4,0.06998971700668336,12.348330290991088,0.0
EFHB,0.06997696571052074,12.342961451734135,0.0
CC2D2B,0.06997180730104446,12.337592612477183,0.0
AC018470.1,0.06996821910142899,12.33222377322023,0.0
POTED,0.06996448263525963,12.326854933963277,0.0
DEFB116,0.06993757411837578,12.321486094706325,0.0
KRTAP10-12,0.06992243342101574,12.316117255449372,0.0
POTEC,0.06991747058928013,12.310748416192418,0.0
TBC1D3C,0.06989640705287456,12.305379576935467,0.0
HAS3,0.06988174431025981,12.300010737678514,0.0
ZFP2,0.06987255476415158,12.294641898421562,0.0
ASB4,0.06986140832304955,12.289273059164609,0.0
CCDC104,0.06983847990632057,12.283904219907656,0.0
FCRL3,0.06982725635170936,12.278535380650704,0.0
CTC-398G3.6,0.06982227824628354,12.273166541393751,0.0
TRABD2A,0.06982205398380756,12.267797702136798,0.0
OTOP2,0.069808429479599,12.262428862879846,0.0
ZNF878,0.0698038950562477,12.257060023622893,0.0
KHDC3L,0.06980148255825043,12.25169118436594,0.0
PSG1,0.0697989422827959,12.246322345108988,0.0
PIGX,0.06979373693466187,12.240953505852033,0.0
BOD1L2,0.06978237926959992,12.235584666595082,0.0
TBC1D26,0.06977964453399181,12.23021582733813,0.0
C10orf62,0.06977831572294235,12.224846988081177,0.0
LDLRAD1,0.0697762567549944,12.219478148824225,0.0
TMEM174,0.06977409236133099,12.214109309567272,0.0
SPANXD,0.06976499669253826,12.208740470310318,0.0
GABARAPL3,0.06975871436297894,12.203371631053367,0.0
RP11-831H9.11,0.06975658014416694,12.198002791796414,0.0
SERTM1,0.0697530072182417,12.192633952539461,0.0
KCNJ14,0.06975262463092805,12.187265113282509,0.0
NR1I2,0.06974443569779396,12.181896274025556,0.0
AL163636.6,0.06972774863243103,12.176527434768602,0.0
CTD-2192J16.24,0.069725776091218,12.171158595511649,0.0
ZNF491,0.06970798783004284,12.165789756254698,0.0
C3orf30,0.0696977823972702,12.160420916997746,0.0
GABRP,0.06969717517495155,12.155052077740793,0.0
DYNAP,0.06969443187117577,12.14968323848384,0.0
ZNF90,0.06968502439558506,12.144314399226888,0.0
TTLL10,0.06967737413942814,12.138945559969933,0.0
CXCL11,0.0696647148579359,12.133576720712982,0.0
AL121963.1,0.06966074220836163,12.12820788145603,0.0
CCDC121,0.06964759975671768,12.122839042199077,0.0
THEG,0.06964539363980293,12.117470202942124,0.0
AC069368.3,0.06961068399250507,12.112101363685172,0.0
MORN3,0.0695845402777195,12.106732524428217,0.0
RHBDL2,0.06957700662314892,12.101363685171266,0.0
UCMA,0.06954367943108082,12.095994845914314,0.0
REG3A,0.06952874325215816,12.090626006657361,0.0
STC1,0.0695266243070364,12.085257167400409,0.0
MILR1,0.0695138406008482,12.079888328143456,0.0
MAPK15,0.0694922637194395,12.074519488886502,0.0
FCRL2,0.06948515698313713,12.069150649629549,0.0
SPATA33,0.0694671668112278,12.063781810372598,0.0
PNLIPRP1,0.06945885866880416,12.058412971115645,0.0
PRRG3,0.06945311948657036,12.053044131858693,0.0
GPR148,0.06944596171379089,12.04767529260174,0.0
TPD52L3,0.06944561451673507,12.042306453344786,0.0
GALNT14,0.06944556571543217,12.036937614087833,0.0
C1QTNF6,0.06944318413734436,12.031568774830882,0.0
GP9,0.06942659988999367,12.02619993557393,0.0
ZNF705B,0.0694245882332325,12.020831096316977,0.0
CHIA,0.06942266710102558,12.015462257060024,0.0
TP53I13,0.06939520500600338,12.010093417803072,0.0
TCERG1L,0.06939083375036717,12.004724578546117,0.0
PYDC1,0.06937872394919395,11.999355739289165,0.0
KRTAP5-4,0.06937529928982258,11.993986900032214,0.0
KLRC2,0.0693596601486206,11.988618060775261,0.0
CRCT1,0.0693532608449459,11.983249221518308,0.0
MC4R,0.06934500448405742,11.977880382261356,0.0
HCRT,0.0693351872265339,11.972511543004401,0.0
KRTAP12-2,0.06932040192186832,11.967142703747449,0.0
KCNF1,0.06931881904602051,11.961773864490498,0.0
HSD17B13,0.06931314691901207,11.956405025233545,0.0
ZCCHC3,0.0693090844899416,11.951036185976593,0.0
HOXC9,0.06929793618619443,11.94566734671964,0.0
PVRL1,0.0692888606339693,11.940298507462686,0.0
ARHGAP11B,0.0692874826490879,11.934929668205733,0.0
CLUL1,0.06926848143339157,11.92956082894878,0.0
RPL17-C18orf32,0.06925774328410625,11.92419198969183,0.0
ADAT2,0.06925548426806927,11.918823150434877,0.0
C2orf71,0.06924557238817215,11.913454311177924,0.0
RHOH,0.06924175024032593,11.90808547192097,0.0
PPAN-P2RY11,0.06923028789460658,11.902716632664017,0.0
ZNF625-ZNF20,0.06922604851424694,11.897347793407064,0.0
C4orf26,0.0692238014191389,11.891978954150114,0.0
BTNL9,0.06922254264354706,11.88661011489316,0.0
C1orf64,0.06919430680572987,11.881241275636208,0.0
SLC26A1,0.06919287741184235,11.875872436379256,0.0
CCR9,0.06919166818261147,11.870503597122301,0.0
GOLGA8F,0.0691713523119688,11.865134757865349,0.0
ZNF716,0.06916529275476932,11.859765918608396,0.0
KCNK15,0.06916405409574508,11.854397079351445,0.0
HORMAD2,0.0691515065729618,11.849028240094492,0.0
HSF5,0.06914636455476283,11.84365940083754,0.0
KRTAP6-3,0.06914625726640225,11.838290561580585,0.0
CCDC24,0.06914548501372338,11.832921722323633,0.0
C21orf58,0.06914395950734616,11.82755288306668,0.0
CDRT15L2,0.06913555227220058,11.82218404380973,0.0
SH2D4B,0.06913062334060668,11.816815204552777,0.0
C11orf82,0.06910900063812733,11.811446365295824,0.0
GOLGA6A,0.06909250654280186,11.80607752603887,0.0
ZNF157,0.06908718273043632,11.800708686781917,0.0
GPR18,0.06907714456319809,11.795339847524964,0.0
NUDT17,0.06906666420400143,11.789971008268013,0.0
CTD-2192J16.20,0.069060343131423,11.78460216901106,0.0
SIT1,0.06905544698238372,11.779233329754108,0.0
CELF3,0.06905157342553139,11.773864490497154,0.0
SAMD3,0.06904901452362537,11.768495651240201,0.0
SPINK2,0.06904583238065243,11.763126811983248,0.0
NPFFR1,0.06904276199638844,11.757757972726296,0.0
MT4,0.06903943754732608,11.752389133469345,0.0
HHLA2,0.0690206840634346,11.747020294212392,0.0
C1orf87,0.0690169706940651,11.74165145495544,0.0
CCL17,0.06901206448674202,11.736282615698485,0.0
UNC5CL,0.06899837143719197,11.730913776441533,0.0
HARBI1,0.06898525469005108,11.72554493718458,0.0
PPP1R17,0.06898342669010163,11.720176097927629,0.0
TSSK6,0.06897528730332851,11.714807258670676,0.0
GP1BB,0.06893642991781235,11.709438419413724,0.0
CTB-50L17.14,0.06892593801021576,11.70406958015677,0.0
SPATA31A2,0.06890762075781823,11.698700740899817,0.0
CORO7-PAM16,0.06890400648117065,11.693331901642864,0.0
RP11-343C2.9,0.06889286413788795,11.687963062385911,0.0
ERP27,0.06889184266328811,11.68259422312896,0.0
AP000304.12,0.0688792385160923,11.677225383872008,0.0
ZDHHC22,0.06887351050972938,11.671856544615054,0.0
PTRH1,0.06885594055056572,11.6664877053581,0.0
CD84,0.06884948536753654,11.661118866101148,0.0
ZFP3,0.06884244941174984,11.655750026844196,0.0
SFTA3,0.06881487965583802,11.650381187587245,0.0
KCNN1,0.06878202371299266,11.645012348330292,0.0
TMCO2,0.06877369880676269,11.639643509073338,0.0
SLC10A1,0.06874448619782925,11.634274669816385,0.0
ADAM21,0.06874179132282734,11.628905830559432,0.0
DARC,0.06873808801174164,11.62353699130248,0.0
RP11-795F19.5,0.0687358669936657,11.618168152045527,0.0
SEC14L3,0.06872256509959698,11.612799312788576,0.0
LRRC3,0.06872140131890773,11.607430473531624,0.0
RHOV,0.0687169961631298,11.60206163427467,0.0
SLC38A9,0.06869913041591644,11.596692795017717,0.0
GLB1L3,0.06869163736701012,11.591323955760764,0.0
HIST1H2BI,0.06868513226509095,11.585955116503811,0.0
CARHSP1,0.06867907755076885,11.58058627724686,0.0
ADRB3,0.06867754645645618,11.575217437989908,0.0
SPATA4,0.06867013573646545,11.569848598732953,0.0
CGA,0.06866125613451005,11.564479759476,0.0
FAM47E,0.06865917630493641,11.559110920219048,0.0
DMRTB1,0.06864001378417015,11.553742080962095,0.0
GPR78,0.06863942742347717,11.548373241705143,0.0
BMP3,0.06863938830792904,11.543004402448192,0.0
PRH2,0.06863290965557098,11.537635563191238,0.0
ATP6V1G2-DDX39B,0.06862910464406013,11.532266723934285,0.0
ZNF692,0.06862235181033612,11.526897884677332,0.0
FMR1NB,0.06860863082110882,11.52152904542038,0.0
MAGEB1,0.06859461702406407,11.516160206163427,0.0
ASCL3,0.06858826205134391,11.510791366906476,0.0
MCMDC2,0.06856754906475544,11.505422527649522,0.0
C22orf31,0.06855830140411853,11.500053688392569,0.0
PCDHB13,0.06855567321181297,11.494684849135616,0.0
TGM7,0.06855306960642338,11.489316009878664,0.0
C12orf36,0.06854903511703014,11.483947170621711,0.0
TMSB15B,0.06854501217603684,11.478578331364758,0.0
CD79A,0.0685416053980589,11.473209492107808,0.0
SSX4,0.06853644661605358,11.467840652850853,0.0
PCDHB3,0.06852992326021194,11.4624718135939,0.0
UROC1,0.06852411478757858,11.457102974336948,0.0
CCDC160,0.06851561479270458,11.451734135079995,0.0
DNTT,0.06851426921784878,11.446365295823043,0.0
GPR101,0.0685067854821682,11.440996456566092,0.0
OTUB2,0.06847242489457131,11.435627617309137,0.0
LRRC24,0.06847074963152408,11.430258778052185,0.0
FAIM3,0.06841314807534218,11.424889938795232,0.0
TRIM49B,0.06841061152517795,11.41952109953828,0.0
KLRD1,0.0684035748243332,11.414152260281327,0.0
ITPRIPL1,0.06840095184743404,11.408783421024376,0.0
KDM4E,0.06839797496795655,11.403414581767422,0.0
CCDC64,0.06838711760938168,11.398045742510469,0.0
GOLGA8J,0.06837411671876907,11.392676903253516,0.0
GPR142,0.06835491843521595,11.387308063996564,0.0
STX19,0.0683547843247652,11.381939224739611,0.0
NTNG1,0.06835203841328621,11.376570385482658,0.0
FAM83F,0.068330929428339,11.371201546225706,0.0
SLC28A2,0.06832881011068821,11.365832706968753,0.0
ZNF101,0.06831659078598022,11.3604638677118,0.0
LTC4S,0.06830772906541824,11.355095028454848,0.0
CDADC1,0.06830180361866951,11.349726189197895,0.0
KRTAP5-10,0.06829855479300022,11.344357349940942,0.0
TMEM257,0.06829414032399654,11.338988510683992,0.0
KRTAP4-2,0.0682930365204811,11.333619671427037,0.0
RP1-4G17.5,0.06825744844973088,11.328250832170085,0.0
CEACAM16,0.06825489141047,11.322881992913132,0.0
KRTAP4-11,0.06823863610625266,11.31751315365618,0.0
C6orf58,0.0682356171309948,11.312144314399227,0.0
RNASE3,0.06822180859744549,11.306775475142274,0.0
SSTR4,0.06822156272828579,11.301406635885321,0.0
RPRM,0.06821906119585038,11.296037796628369,0.0
RP11-234B24.6,0.06820960976183414,11.290668957371416,0.0
BPIFB2,0.06820770353078842,11.285300118114463,0.0
CALML6,0.06820021979510785,11.27993127885751,0.0
FAM187A,0.06819505617022514,11.274562439600558,0.0
TPTE,0.06818634532392025,11.269193600343606,0.0
URAD,0.06817824132740498,11.263824761086653,0.0
PBLD,0.06817513257265091,11.2584559218297,0.0
SPINK6,0.0681717973202467,11.253087082572748,0.0
RNASEK-C17orf49,0.06815095692873001,11.247718243315795,0.0
KRTAP10-4,0.06814435906708241,11.242349404058842,0.0
C19orf70,0.06814259923994541,11.23698056480189,0.0
GNLY,0.06812647916376591,11.231611725544937,0.0
ZNF98,0.06810859441757203,11.226242886287984,0.0
CXorf58,0.06810537204146386,11.220874047031032,0.0
FAM105A,0.06810101009905338,11.215505207774079,0.0
CD1E,0.06807925030589104,11.210136368517126,0.0
DEFB118,0.06806150451302528,11.204767529260174,0.0
FCRLB,0.06805569007992744,11.199398690003221,0.0
ARMC3,0.0680518101900816,11.194029850746269,0.0
SLC10A2,0.06804948449134826,11.188661011489316,0.0
CPA6,0.06803615540266036,11.183292172232363,0.0
SPDYA,0.06801414228975773,11.17792333297541,0.0
ZNF705G,0.06801100373268128,11.172554493718458,0.0
GYPA,0.06800054758787155,11.167185654461505,0.0
RBBP8NL,0.06799764186143875,11.161816815204553,0.0
CCL1,0.06798367947340012,11.1564479759476,0.0
C21orf91,0.06797715090215206,11.151079136690647,0.0
LGSN,0.06795931942760944,11.145710297433695,0.0
SLC4A9,0.06795196570456027,11.140341458176742,0.0
CCBL2,0.0679519534111023,11.13497261891979,0.0
CD160,0.06794950366020203,11.129603779662837,0.0
GSC2,0.06794264726340771,11.124234940405884,0.0
ODF3B,0.06793861389160157,11.118866101148932,0.0
TGIF2LX,0.0679381936788559,11.113497261891979,0.0
GLIS1,0.06793169938027858,11.108128422635026,0.0
CDCA4,0.06791763119399548,11.102759583378074,0.0
CAPN8,0.06790736839175224,11.097390744121121,0.0
CRISP2,0.0678704958409071,11.092021904864168,0.0
SLC15A2,0.06786661110818386,11.086653065607216,0.0
MYBPH,0.06783331222832203,11.081284226350263,0.0
EBLN2,0.0678213931620121,11.07591538709331,0.0
ACTL9,0.06780854426324368,11.070546547836358,0.0
C10orf107,0.06780429221689702,11.065177708579405,0.0
LRRC26,0.067798525467515,11.059808869322453,0.0
MEX3A,0.06779678240418434,11.0544400300655,0.0
SCIMP,0.0677761223167181,11.049071190808547,0.0
SPANXN2,0.06777405999600887,11.043702351551595,0.0
CLDN2,0.06775810159742832,11.038333512294642,0.0
PTCHD1,0.06775212027132511,11.03296467303769,0.0
VN1R1,0.06775107942521572,11.027595833780737,0.0
MDH1B,0.0677491270005703,11.022226994523784,0.0
APOA1BP,0.06774660907685756,11.016858155266831,0.0
GALNTL5,0.06772604063153267,11.011489316009879,0.0
DEFB4A,0.06770962253212928,11.006120476752926,0.0
TRIM50,0.06770562902092933,11.000751637495974,0.0
LHB,0.06770082637667656,10.99538279823902,0.0
AC011530.4,0.06767951548099518,10.990013958982068,0.0
MLN,0.06766388192772865,10.984645119725116,0.0
CTD-2006C1.10,0.06763778887689113,10.979276280468163,0.0
MAS1,0.06762702316045761,10.97390744121121,0.0
CNBD2,0.06762230321764946,10.968538601954258,0.0
HORMAD1,0.06761561222374439,10.963169762697305,0.0
TRIM67,0.06760164760053158,10.957800923440352,0.0
RP11-286N22.8,0.06758650913834571,10.9524320841834,0.0
AC003002.6,0.06757411099970341,10.947063244926447,0.0
C1QTNF9B,0.06756179481744766,10.941694405669494,0.0
C7orf73,0.06754782535135746,10.936325566412542,0.0
LRRTM1,0.06754097081720829,10.93095672715559,0.0
RAD51L3-RFFL,0.06753574311733246,10.925587887898637,0.0
OVCH2,0.06751647740602493,10.920219048641684,0.0
GUCA1C,0.0675142366439104,10.914850209384731,0.0
VSIG1,0.06751188673079014,10.909481370127779,0.0
GPR149,0.06750067435204983,10.904112530870826,0.0
C3orf17,0.06750041395425796,10.898743691613873,0.0
FAM19A1,0.06749359965324402,10.89337485235692,0.0
FABP6,0.06748985461890697,10.888006013099968,0.0
CCL24,0.06748745553195476,10.882637173843015,0.0
SCGB2A2,0.06746875420212746,10.877268334586063,0.0
DLK2,0.06746643185615539,10.87189949532911,0.0
NPIPB8,0.06744367964565753,10.866530656072158,0.0
BPIFB4,0.06741241775453091,10.861161816815205,0.0
GPR113,0.06740887835621834,10.85579297755825,0.0
DMP1,0.06740007214248181,10.8504241383013,0.0
CXCL13,0.06739750802516938,10.845055299044347,0.0
KLHL10,0.06739668622612953,10.839686459787394,0.0
B3GNT4,0.06738871298730373,10.834317620530442,0.0
KRTAP19-4,0.06738369464874268,10.828948781273489,0.0
IDI2,0.06735867857933045,10.823579942016535,0.0
FCRLA,0.06734985560178756,10.818211102759584,0.0
TSGA13,0.0673403188586235,10.812842263502631,0.0
NPAS1,0.06733780838549137,10.807473424245678,0.0
SLC34A3,0.0673177607357502,10.802104584988726,0.0
SCP2D1,0.06731742694973945,10.796735745731773,0.0
C2orf54,0.06730964854359626,10.79136690647482,0.0
LST3,0.06729963943362235,10.785998067217868,0.0
CCDC74B,0.0672886162996292,10.780629227960915,0.0
PPP1R42,0.06726463921368123,10.775260388703963,0.0
C6orf118,0.06726456508040428,10.76989154944701,0.0
RP13-512J5.1,0.06725879311561585,10.764522710190057,0.0
FAM167A,0.06725484803318978,10.759153870933105,0.0
JSRP1,0.06724180094897747,10.75378503167615,0.0
SLC7A3,0.0672246590256691,10.7484161924192,0.0
PNLDC1,0.06718255802989007,10.743047353162247,0.0
MSANTD3-TMEFF1,0.06718112565577031,10.737678513905294,0.0
SMPDL3B,0.06716825738549233,10.732309674648342,0.0
TMPRSS4,0.06716780103743077,10.726940835391389,0.0
STPG1,0.06715920306742192,10.721571996134434,0.0
LRRC29,0.0671464141458273,10.716203156877484,0.0
GOLGA8T,0.0671247161924839,10.710834317620531,0.0
LAIR2,0.06712471395730972,10.705465478363578,0.0
SLFN12L,0.06712000332772732,10.700096639106626,0.0
POTEB2,0.06711498983204364,10.694727799849673,0.0
CALCB,0.06711190417408944,10.689358960592719,0.0
LCA5L,0.06710618361830711,10.683990121335766,0.0
RPS10-NUDT3,0.06707943715155125,10.678621282078815,0.0
C19orf59,0.06707807406783103,10.673252442821862,0.0
CLRN3,0.06707395724952221,10.66788360356491,0.0
PIH1D3,0.067073505371809,10.662514764307957,0.0
TMIGD2,0.06705069318413734,10.657145925051005,0.0
SLC6A14,0.06704823113977909,10.65177708579405,0.0
CELA1,0.06703006848692894,10.6464082465371,0.0
C4orf50,0.06701988913118839,10.641039407280147,0.0
RTBDN,0.06701661869883538,10.635670568023194,0.0
TMEM133,0.06701113358139991,10.630301728766241,0.0
RFESD,0.06700107716023922,10.624932889509289,0.0
SLC22A24,0.06699251160025596,10.619564050252334,0.0
C2orf66,0.06698685027658939,10.614195210995382,0.0
RP11-598P20.5,0.06698130704462528,10.60882637173843,0.0
SLFNL1,0.06697866879403591,10.603457532481478,0.0
C2orf27B,0.06696755141019821,10.598088693224526,0.0
AC003002.4,0.0669198639690876,10.592719853967573,0.0
CD5L,0.06691873520612716,10.587351014710618,0.0
LILRA4,0.06691362783312797,10.581982175453666,0.0
C7orf49,0.06691041402518749,10.576613336196715,0.0
IL21R,0.06689473018050193,10.571244496939762,0.0
RP11-484M3.5,0.06689424365758896,10.56587565768281,0.0
TRIM6-TRIM34,0.06688297204673291,10.560506818425857,0.0
GCNT3,0.06687674932181835,10.555137979168903,0.0
NRSN1,0.06687653921544552,10.54976913991195,0.0
AC040977.1,0.06684496998786926,10.544400300654997,0.0
MS4A2,0.0668431393802166,10.539031461398046,0.0
NXPE4,0.0668316524475813,10.533662622141094,0.0
AC010646.3,0.06682932265102863,10.528293782884141,0.0
C22orf42,0.06682221852242946,10.522924943627189,0.0
CTB-96E2.2,0.0668210357427597,10.517556104370234,0.0
GPR114,0.06680865623056889,10.512187265113281,0.0
IL21,0.066792668774724,10.50681842585633,0.0
C9orf173,0.06676655486226082,10.501449586599378,0.0
CD164L2,0.06675197035074235,10.496080747342425,0.0
SPIN2A,0.06674780808389187,10.490711908085473,0.0
CTD-2510F5.6,0.06674308665096759,10.485343068828518,0.0
MTERFD2,0.06673600561916829,10.479974229571566,0.0
SETD8,0.06673368327319622,10.474605390314613,0.0
C20orf195,0.06672012247145176,10.469236551057662,0.0
TINAG,0.06671741344034672,10.46386771180071,0.0
NKAIN3,0.06671118214726449,10.458498872543757,0.0
AC103801.2,0.06670785993337632,10.453130033286802,0.0
GPR1,0.06669378541409969,10.44776119402985,0.0
ACTL10,0.06669307760894298,10.442392354772897,0.0
SLC35D3,0.0666897390037775,10.437023515515946,0.0
KCTD16,0.06668867841362953,10.431654676258994,0.0
SNTG1,0.0666874535381794,10.426285837002041,0.0
C6ORF165,0.06667603105306626,10.420916997745087,0.0
NKX2-4,0.06667424216866494,10.415548158488134,0.0
PPAPDC1A,0.06666404716670513,10.410179319231181,0.0
P2RY13,0.06665819995105267,10.40481047997423,0.0
ZAR1,0.06664878502488136,10.399441640717278,0.0
GPR150,0.06661713905632496,10.394072801460325,0.0
RP11-463C8.4,0.06661470830440522,10.388703962203373,0.0
PDZD9,0.06658304408192635,10.383335122946418,0.0
USP26,0.06657874323427677,10.377966283689465,0.0
XKR3,0.0665695246309042,10.372597444432513,0.0
SIRPB1,0.06656868010759354,10.367228605175562,0.0
CHRNB3,0.06656118780374527,10.36185976591861,0.0
RP11-463D19.2,0.06655187867581844,10.356490926661657,0.0
KRTAP10-2,0.06654854714870453,10.351122087404702,0.0
DNAJC22,0.0665483046323061,10.34575324814775,0.0
LRRC55,0.06654194667935372,10.340384408890797,0.0
CTB-54O9.9,0.06653546914458275,10.335015569633846,0.0
GOLGA6C,0.06652969047427178,10.329646730376894,0.0
KRTAP19-6,0.06652805991470814,10.32427789111994,0.0
FAM46D,0.06651955917477607,10.318909051862986,0.0
ATP6C,0.066497553139925,10.313540212606034,0.0
KRTAP4-6,0.06648975275456906,10.308171373349081,0.0
CCDC129,0.06648560427129269,10.302802534092129,0.0
RDH8,0.06646876744925975,10.297433694835178,0.0
LCE3E,0.06645789071917534,10.292064855578225,0.0
ZNF322,0.06644078455865383,10.28669601632127,0.0
ENTHD1,0.06643120907247066,10.281327177064318,0.0
SLC22A16,0.06640592738986015,10.275958337807365,0.0
ZNF726,0.06639086492359639,10.270589498550413,0.0
PRLH,0.06638704128563404,10.265220659293462,0.0
KRTAP12-3,0.06638687029480934,10.25985182003651,0.0
FAXC,0.066378852725029,10.254482980779557,0.0
SUN5,0.0663771778345108,10.249114141522602,0.0
C3orf36,0.06636295802891254,10.24374530226565,0.0
OXER1,0.06634414307773114,10.238376463008697,0.0
PSG2,0.06633537076413631,10.233007623751744,0.0
TTC9,0.06633132994174958,10.227638784494793,0.0
INHBC,0.06633029654622077,10.22226994523784,0.0
DIO2,0.06629860289394855,10.216901105980886,0.0
CEACAM8,0.06628765165805817,10.211532266723934,0.0
TEX40,0.0662795752286911,10.206163427466981,0.0
TMPRSS9,0.06627716422080994,10.200794588210028,0.0
RIPPLY1,0.0662767231464386,10.195425748953078,0.0
STARD6,0.06625463217496871,10.190056909696125,0.0
LRRC15,0.06623739041388035,10.18468807043917,0.0
RP11-872D17.8,0.06623608246445656,10.179319231182218,0.0
ECM2,0.06621488556265831,10.173950391925265,0.0
FDXACB1,0.06619654968380928,10.168581552668313,0.0
CCBL1,0.06619225442409515,10.16321271341136,0.0
DEFB121,0.06618871502578258,10.157843874154409,0.0
TNFRSF17,0.06617426574230194,10.152475034897455,0.0
PRAMEF14,0.06616992093622684,10.147106195640502,0.0
C1orf172,0.06616915576159954,10.14173735638355,0.0
TMEM151B,0.06616705432534217,10.136368517126597,0.0
FAM217A,0.06616464033722877,10.130999677869644,0.0
SLC6A18,0.06615721508860588,10.125630838612693,0.0
BLOC1S5-TXNDC5,0.06614961363375187,10.12026199935574,0.0
ENPP7,0.06614435687661172,10.114893160098786,0.0
CTC-479C5.12,0.06614014767110347,10.109524320841834,0.0
NPB,0.06613994091749191,10.10415548158488,0.0
NPY,0.06613592505455017,10.098786642327928,0.0
CCL4L1,0.06612616963684559,10.093417803070977,0.0
GJB7,0.06611097790300846,10.088048963814025,0.0
RFPL4A,0.0661073736846447,10.08268012455707,0.0
WSCD2,0.06609998121857644,10.077311285300118,0.0
RP11-5A19.5,0.06608253903687,10.071942446043165,0.0
RP11-302M6.4,0.06606189832091332,10.066573606786212,0.0
GOLGA8K,0.06605371572077275,10.06120476752926,0.0
EGFL6,0.0660511989146471,10.055835928272309,0.0
KRTAP4-4,0.06604098938405514,10.050467089015354,0.0
KIAA1279,0.06603404544293881,10.045098249758402,0.0
CTD-3214H19.16,0.06603296659886837,10.03972941050145,0.0
NBPF6,0.06601651944220066,10.034360571244497,0.0
RP11-565P22.6,0.06601193994283676,10.028991731987544,0.0
WFDC10B,0.06600632667541503,10.023622892730593,0.0
C16orf71,0.06599071696400642,10.018254053473639,0.0
C10orf113,0.06598947718739509,10.012885214216686,0.0
CTC-429P9.4,0.06598139926791191,10.007516374959733,0.0
AC061992.1,0.06597896963357926,10.00214753570278,0.0
SMIM8,0.06597240343689918,9.996778696445828,0.0
CD5,0.06596945263445378,9.991409857188875,0.0
BCL2L10,0.06596196889877319,9.986041017931925,0.0
PLEKHG7,0.06594447642564774,9.98067217867497,0.0
RP11-944L7.5,0.0659387469291687,9.975303339418018,0.0
IFRG15,0.06593502834439277,9.969934500161065,0.0
H2BFM,0.06593346074223519,9.964565660904112,0.0
ZNF474,0.06592332758009434,9.95919682164716,0.0
FABP9,0.06591777168214322,9.953827982390209,0.0
LGALS12,0.0658901259303093,9.948459143133254,0.0
ILDR1,0.06587740182876586,9.943090303876302,0.0
ASCL4,0.06587079912424088,9.937721464619349,0.0
AP003068.6,0.06584503091871738,9.932352625362396,0.0
FAM3B,0.06584447361528874,9.926983786105444,0.0
RNF103-CHMP3,0.06583855487406254,9.921614946848491,0.0
LRGUK,0.06582153923809528,9.916246107591538,0.0
KLK15,0.06581732630729675,9.910877268334586,0.0
UBQLN3,0.06580956019461155,9.905508429077633,0.0
C3orf84,0.06580419428646564,9.90013958982068,0.0
PLAC8L1,0.06579889953136445,9.894770750563728,0.0
TEPP,0.0657974787056446,9.889401911306775,0.0
PTGES3L,0.06579621322453022,9.884033072049823,0.0
VCX,0.06577570103108883,9.87866423279287,0.0
DEFB128,0.06577305234968663,9.873295393535917,0.0
C1orf186,0.0657579630613327,9.867926554278965,0.0
CCL23,0.06575388610363006,9.862557715022012,0.0
FAM194A,0.06573450416326523,9.85718887576506,0.0
CTD-2132N18.3,0.06572655923664569,9.851820036508107,0.0
HOXC10,0.06572634167969227,9.846451197251154,0.0
NKAIN4,0.06572243198752403,9.841082357994202,0.0
PRAMEF2,0.06571825593709946,9.835713518737249,0.0
RP11-603J24.9,0.06571817398071289,9.830344679480296,0.0
SLC28A3,0.06571022123098373,9.824975840223344,0.0
TMEM180,0.06569663174450398,9.819607000966391,0.0
FFAR3,0.06569580025970936,9.814238161709438,0.0
BPI,0.06569371372461319,9.808869322452486,0.0
GCNT7,0.06568068079650402,9.803500483195533,0.0
NXF2B,0.06563481539487839,9.79813164393858,0.0
GPR119,0.06562103293836116,9.792762804681628,0.0
RP11-599B13.6,0.065614452958107,9.787393965424675,0.0
KRTAP2-3,0.06561254784464836,9.782025126167722,0.0
PRSS38,0.0656052578240633,9.77665628691077,0.0
AMZ1,0.06559440717101098,9.771287447653817,0.0
SEPT1,0.06559430174529553,9.765918608396865,0.0
C9orf152,0.06557042971253395,9.760549769139912,0.0
FAM154B,0.06556182652711869,9.75518092988296,0.0
PSAPL1,0.06555077321827411,9.749812090626007,0.0
SUSD3,0.06554392352700233,9.744443251369054,0.0
GPR26,0.06553506776690483,9.739074412112101,0.0
GOLGA8I,0.06552990227937698,9.733705572855149,0.0
CFHR5,0.06550549529492855,9.728336733598196,0.0
RSC1A1,0.06547171473503113,9.722967894341243,0.0
CLPSL2,0.06547098867595195,9.71759905508429,0.0
LCE3A,0.06546974815428257,9.712230215827338,0.0
NANOS2,0.0654657669365406,9.706861376570386,0.0
FAM218A,0.06544704884290695,9.701492537313433,0.0
TSNAX-DISC1,0.06544125042855739,9.69612369805648,0.0
RP11-618P17.4,0.06543498300015926,9.690754858799528,0.0
SSX3,0.06542714014649391,9.685386019542575,0.0
TM4SF5,0.06542063541710377,9.680017180285622,0.0
RP3-468K18.5,0.0654201090335846,9.67464834102867,0.0
AMELY,0.06539533175528049,9.669279501771717,0.0
RP4-583P15.15,0.06537883132696151,9.663910662514764,0.0
KIAA1644,0.06535853110253811,9.658541823257812,0.0
SCTR,0.0653485856950283,9.653172984000859,0.0
PHF16,0.06534600146114826,9.647804144743906,0.0
ZFP92,0.06534382551908494,9.642435305486954,0.0
HIST1H4E,0.06533730328083039,9.637066466230001,0.0
GOLGA6L2,0.06532580330967903,9.631697626973049,0.0
C9orf163,0.06531918384134769,9.626328787716096,0.0
GPR25,0.06531275287270547,9.620959948459143,0.0
C1QTNF8,0.0653115950524807,9.61559110920219,0.0
PHF15,0.06530969627201558,9.610222269945238,0.0
PNLIPRP2,0.06529313772916794,9.604853430688285,0.0
CTD-2369P2.12,0.06528073400259018,9.599484591431333,0.0
TRIM49,0.06527295298874378,9.59411575217438,0.0
ZNF625,0.06524759456515312,9.588746912917427,0.0
SOX21,0.06524556837975978,9.583378073660475,0.0
C15orf60,0.06523098535835743,9.578009234403522,0.0
C16orf86,0.06523022539913655,9.57264039514657,0.0
CCRN4L,0.06522210724651814,9.567271555889617,0.0
C15orf26,0.06521706320345402,9.561902716632664,0.0
PAQR8,0.06521583311259746,9.556533877375712,0.0
RPRML,0.06519695371389389,9.551165038118759,0.0
SLC25A2,0.06517322398722172,9.545796198861806,0.0
KRTAP6-1,0.06517273150384426,9.540427359604852,0.0
ZNF860,0.06517065241932869,9.535058520347901,0.0
SPRR2E,0.06516543217003345,9.529689681090948,0.0
TMEM42,0.06515538096427917,9.524320841833996,0.0
GRXCR2,0.06514141447842121,9.518952002577043,0.0
KHDC1L,0.06513459160923958,9.51358316332009,0.0
WFDC3,0.06512608490884304,9.508214324063138,0.0
PYDC2,0.06512487679719925,9.502845484806185,0.0
TM6SF2,0.06511571742594242,9.497476645549233,0.0
SYT8,0.06511471942067146,9.49210780629228,0.0
ERVW-1,0.06511403359472752,9.486738967035327,0.0
BTG4,0.06511276736855506,9.481370127778375,0.0
TCTE1,0.06510707288980484,9.476001288521422,0.0
BPIFB3,0.06509416699409484,9.470632449264468,0.0
TMEM89,0.06509229056537151,9.465263610007517,0.0
MMP24,0.06509216018021106,9.459894770750564,0.0
CRISP1,0.06508181802928448,9.454525931493611,0.0
RP11-77K12.1,0.06507755555212498,9.449157092236659,0.0
CYP4A22,0.0650694128125906,9.443788252979706,0.0
LYRM9,0.06503512300550937,9.438419413722752,0.0
IL37,0.06499605253338814,9.4330505744658,0.0
FAM229B,0.06499169915914535,9.427681735208848,0.0
SAGE1,0.0649895891547203,9.422312895951896,0.0
CTD-2278I10.6,0.06498921811580657,9.416944056694943,0.0
ACRV1,0.06497644521296024,9.41157521743799,0.0
ANKUB1,0.06496925428509712,9.406206378181036,0.0
ARIH2OS,0.06496866010129451,9.400837538924085,0.0
WDR86,0.06494823098182678,9.395468699667132,0.0
PRM1,0.06494571194052697,9.39009986041018,0.0
CCL4L2,0.06491521000862122,9.384731021153227,0.0
NPS,0.06490823775529861,9.379362181896274,0.0
CDKL4,0.06490811444818974,9.373993342639322,0.0
ZNF492,0.06490598320960998,9.368624503382367,0.0
SLC52A1,0.06490546315908433,9.363255664125417,0.0
C1QL3,0.06490289904177189,9.357886824868464,0.0
LY6G5C,0.06487732827663421,9.352517985611511,0.0
CLDN3,0.06487631872296333,9.347149146354559,0.0
RP4-734P14.4,0.06487107202410698,9.341780307097606,0.0
NPBWR1,0.06483468003571033,9.336411467840652,0.0
CFHR2,0.06483003720641137,9.3310426285837,0.0
BTNL3,0.06481398232281207,9.325673789326748,0.0
ARL13A,0.06478918753564358,9.320304950069795,0.0
ARPC4-TTLL3,0.06478793397545815,9.314936110812843,0.0
CASP5,0.06478101424872876,9.30956727155589,0.0
CTD-2583A14.9,0.06477355994284154,9.304198432298936,0.0
SLC35E2B,0.06475695334374905,9.298829593041983,0.0
ZMYND15,0.06473513245582581,9.293460753785032,0.0
FAM9A,0.06472231149673462,9.28809191452808,0.0
DUSP21,0.06471759639680386,9.282723075271127,0.0
S1PR5,0.06470893248915673,9.277354236014174,0.0
ACOT6,0.06469209231436253,9.27198539675722,0.0
STMN2,0.0646743506193161,9.266616557500267,0.0
PMF1-BGLAP,0.06467085555195809,9.261247718243316,0.0
RP11-87C12.2,0.06466583907604218,9.255878878986364,0.0
GOLGA8G,0.06466111093759537,9.250510039729411,0.0
LRIT2,0.06463892795145512,9.245141200472458,0.0
ANKRD33,0.06463720090687275,9.239772361215506,0.0
RP11-444E17.6,0.06463417932391166,9.234403521958551,0.0
RP11-212D19.4,0.06463290266692638,9.229034682701599,0.0
PLCXD2,0.06460643447935581,9.223665843444648,0.0
CDH19,0.06459905207157135,9.218297004187695,0.0
C6orf15,0.06457539536058902,9.212928164930743,0.0
CXCL17,0.06455003321170807,9.20755932567379,0.0
IL1RAPL2,0.06453329361975194,9.202190486416836,0.0
IL1A,0.06452824398875237,9.196821647159883,0.0
KCNK16,0.06451223343610764,9.191452807902932,0.0
RHOXF2B,0.06451051533222199,9.18608396864598,0.0
C14orf178,0.0645085707306862,9.180715129389027,0.0
SHOX,0.0645050659775734,9.175346290132074,0.0
TMEM40,0.0644810687750578,9.16997745087512,0.0
FBXO15,0.06447198800742626,9.164608611618167,0.0
PRAMEF4,0.0644589476287365,9.159239772361214,0.0
LHFP,0.06445463597774506,9.153870933104264,0.0
SERINC4,0.06445211172103882,9.148502093847311,0.0
TLX1,0.06444601900875568,9.143133254590358,0.0
MOS,0.06443718448281288,9.137764415333404,0.0
TNFSF12-TNFSF13,0.06443206891417504,9.132395576076451,0.0
DYDC2,0.06442349776625633,9.127026736819499,0.0
ZNF547,0.06441574320197105,9.121657897562548,0.0
NPIPB7,0.06441428996622563,9.116289058305595,0.0
FRG1B,0.06438952386379242,9.110920219048642,0.0
TRIM39-RPP21,0.06438804008066654,9.10555137979169,0.0
PHF21B,0.06438104771077632,9.100182540534735,0.0
FMO1,0.06437084972858428,9.094813701277783,0.0
DUPD1,0.06434864811599254,9.08944486202083,0.0
RBAK-RBAKDN,0.06434145458042621,9.08407602276388,0.0
KCNC2,0.0643284983932972,9.078707183506927,0.0
GAGE2D,0.0642875760793686,9.073338344249974,0.0
CCDC153,0.06427430212497712,9.06796950499302,0.0
MUC15,0.06427291706204415,9.062600665736067,0.0
ZNF479,0.06427103094756603,9.057231826479114,0.0
AC010547.9,0.06426987946033477,9.051862987222163,0.0
SLC22A8,0.06426441855728626,9.04649414796521,0.0
LYG1,0.06426044590771199,9.041125308708258,0.0
C2orf73,0.06425134018063546,9.035756469451304,0.0
SPAG11B,0.0642476249486208,9.030387630194351,0.0
PDZD3,0.0642474863678217,9.025018790937398,0.0
HTR3E,0.06424573734402657,9.019649951680448,0.0
LAX1,0.06421767473220825,9.014281112423495,0.0
PCDHAC1,0.06421680115163327,9.008912273166542,0.0
EFCAB11,0.06420209407806396,9.003543433909588,0.0
CTD-2192J16.22,0.06419808231294155,8.998174594652635,0.0
CRIP3,0.06418983601033687,8.992805755395683,0.0
RP11-178C3.1,0.06418456509709358,8.98743691613873,0.0
TMEM251,0.06418297328054905,8.982068076881779,0.0
KIAA1430,0.06416843757033348,8.976699237624826,0.0
AC005358.1,0.06414834856986999,8.971330398367874,0.0
KRTAP9-9,0.06414731778204441,8.96596155911092,0.0
MTL5,0.0641464676707983,8.960592719853967,0.0
LEPRE1,0.06413998566567898,8.955223880597014,0.0
CTC-487M23.8,0.0641244251281023,8.949855041340063,0.0
RP11-298I3.5,0.06409434862434864,8.94448620208311,0.0
GOLGA8S,0.064088499173522,8.939117362826158,0.0
FAM180A,0.06408131271600723,8.933748523569204,0.0
TMEM26,0.06407067738473415,8.928379684312251,0.0
PRAMEF22,0.06405077241361141,8.923010845055298,0.0
C9orf50,0.06405045054852962,8.917642005798346,0.0
GPR64,0.06404278725385666,8.912273166541395,0.0
LEKR1,0.06403585597872734,8.906904327284442,0.0
CXXC11,0.06402414552867412,8.901535488027488,0.0
AGAP5,0.064016268029809,8.896166648770535,0.0
PPIAL4A,0.06401448510587215,8.890797809513582,0.0
JAKMIP3,0.06400610394775867,8.88542897025663,0.0
SPATA16,0.06400448158383369,8.880060130999679,0.0
HIST1H3D,0.06400164999067784,8.874691291742726,0.0
C18orf56,0.06399910673499107,8.869322452485772,0.0
DFNB59,0.0639755167067051,8.86395361322882,0.0
AC135048.1,0.06396951526403427,8.858584773971867,0.0
EFCAB1,0.06395725794136524,8.853215934714914,0.0
GPR111,0.06394829005002975,8.847847095457961,0.0
RP11-152F13.10,0.06393091678619385,8.84247825620101,0.0
TBPL2,0.06392747536301613,8.837109416944058,0.0
ZPLD1,0.06391890645027161,8.831740577687103,0.0
BTN1A1,0.06391604728996754,8.82637173843015,0.0
LCE1D,0.06389774791896344,8.821002899173198,0.0
HTN3,0.06388890333473682,8.815634059916245,0.0
TAAR1,0.06388486288487912,8.810265220659295,0.0
KIR3DL1,0.0638838492333889,8.804896381402342,0.0
ZNRF4,0.0638723075389862,8.799527542145388,0.0
KCNK18,0.06385218501091003,8.794158702888435,0.0
PPM1M,0.06384890638291836,8.788789863631482,0.0
PMCH,0.06384469456970691,8.78342102437453,0.0
CT45A5,0.06384064331650734,8.778052185117577,0.0
PAMR1,0.06384002044796944,8.772683345860626,0.0
CAMK2N2,0.06382443606853486,8.767314506603672,0.0
C8orf12,0.06382350102066994,8.761945667346719,0.0
SLC7A13,0.06381617709994317,8.756576828089766,0.0
FAM71C,0.06381589211523533,8.751207988832814,0.0
XKR9,0.06379901878535747,8.745839149575861,0.0
PTH2,0.06378963403403759,8.74047031031891,0.0
SLC22A13,0.06378583833575249,8.735101471061956,0.0
FAM177B,0.06378009654581547,8.729732631805003,0.0
PDZK1IP1,0.0637774981558323,8.72436379254805,0.0
KRTAP5-6,0.06377510540187359,8.718994953291098,0.0
UGT2A3,0.06377112902700902,8.713626114034145,0.0
CTC-435M10.3,0.06376627162098884,8.708257274777194,0.0
NAA11,0.06375839300453663,8.702888435520242,0.0
FSHB,0.06375572085380554,8.697519596263287,0.0
ZNF730,0.06374283879995346,8.692150757006335,0.0
MAGEC3,0.06374233514070511,8.686781917749382,0.0
FAM86A,0.0637323584407568,8.68141307849243,0.0
RP11-12J10.3,0.06372936964035034,8.676044239235477,0.0
WIBG,0.06372189484536647,8.670675399978526,0.0
SAMD5,0.06372041255235672,8.665306560721572,0.0
MS4A6A,0.06371733658015728,8.659937721464619,0.0
TOMM70A,0.06371723897755147,8.654568882207666,0.0
TMPRSS11F,0.06371177621185779,8.649200042950714,0.0
HIST1H3B,0.06370177529752255,8.643831203693761,0.0
AC006538.4,0.06369756907224655,8.63846236443681,0.0
RBMXL2,0.06369202360510826,8.633093525179856,0.0
C11orf87,0.06369024664163589,8.627724685922903,0.0
FAM115A,0.06368131190538406,8.62235584666595,0.0
LBX2,0.06368041932582855,8.616987007408998,0.0
OPALIN,0.06367932371795178,8.611618168152045,0.0
RAB42,0.06366116069257259,8.606249328895093,0.0
CD70,0.06365514807403087,8.60088048963814,0.0
C22orf24,0.06364790834486485,8.595511650381187,0.0
GDPD4,0.06363186873495578,8.590142811124235,0.0
FTMT,0.06360528729856015,8.584773971867282,0.0
AL022328.1,0.0636011928319931,8.57940513261033,0.0
MEPE,0.06359891667962074,8.574036293353377,0.0
C11orf53,0.0635917216539383,8.568667454096426,0.0
OR10Z1,0.06359113901853561,8.563298614839471,0.0
C20orf197,0.06359036155045032,8.557929775582519,0.0
CGB7,0.06358859837055206,8.552560936325566,0.0
CCL28,0.06358317956328392,8.547192097068613,0.0
PRR15L,0.06356660462915897,8.54182325781166,0.0
TRIM42,0.06356396526098251,8.536454418554708,0.0
FAM153C,0.06356318220496178,8.531085579297756,0.0
C6orf201,0.06356040351092815,8.525716740040803,0.0
EPGN,0.06354834251105786,8.52034790078385,0.0
PRLHR,0.06354380138218403,8.514979061526898,0.0
MEF2BNB-MEF2B,0.06353877894580365,8.509610222269945,0.0
RFPL4AL1,0.06352524980902671,8.504241383012992,0.0
RNMTL1,0.0635093729943037,8.49887254375604,0.0
SPZ1,0.06350810006260872,8.493503704499087,0.0
GALR1,0.0635060053318739,8.488134865242134,0.0
RP11-399J13.3,0.06350316070020198,8.482766025985182,0.0
SERPINA9,0.06350113600492477,8.47739718672823,0.0
BHLHE41,0.06347588077187538,8.472028347471277,0.0
SLC7A4,0.0634754627943039,8.466659508214324,0.0
CGB,0.06347217559814453,8.461290668957371,0.0
TMSB15A,0.06344327479600906,8.455921829700419,0.0
SLC16A12,0.06344319768249988,8.450552990443466,0.0
ZFP91-CNTF,0.06342105753719807,8.445184151186513,0.0
C12orf66,0.06341793574392796,8.43981531192956,0.0
C5orf64,0.06341245658695698,8.434446472672608,0.0
SOHLH1,0.06340335905551911,8.429077633415655,0.0
RP11-691N7.6,0.06340180151164532,8.423708794158703,0.0
SERPINB13,0.0633864425122738,8.41833995490175,0.0
C1orf74,0.06337535120546818,8.412971115644797,0.0
TGIF2LY,0.06337105631828308,8.407602276387845,0.0
KRBOX1,0.06335905939340591,8.402233437130892,0.0
GSDMC,0.06335735395550728,8.39686459787394,0.0
CYLC2,0.06334908008575439,8.391495758616987,0.0
LPPR1,0.06334773860871792,8.386126919360034,0.0
ZNF654,0.06333467625081539,8.380758080103082,0.0
TPSD1,0.06333435885608196,8.375389240846129,0.0
VCX2,0.0633312813937664,8.370020401589176,0.0
ZNF321P,0.06332567445933819,8.364651562332224,0.0
CEMP1,0.0633050937205553,8.359282723075271,0.0
SPP2,0.06329881101846695,8.353913883818318,0.0
MIA-RAB4B,0.06329653896391392,8.348545044561366,0.0
RP11-343C2.12,0.06329568475484848,8.343176205304413,0.0
SDR42E1,0.06328711472451687,8.33780736604746,0.0
POU5F2,0.06326327286660671,8.332438526790508,0.0
KRTAP19-3,0.06325943879783154,8.327069687533555,0.0
LEPREL2,0.0632410641759634,8.321700848276603,0.0
KCNMB1,0.06321850568056106,8.31633200901965,0.0
MARCH4,0.06321464329957963,8.310963169762697,0.0
PATL2,0.06319817379117013,8.305594330505745,0.0
SRRM3,0.06319600902497768,8.300225491248792,0.0
FAM181B,0.06319524124264717,8.29485665199184,0.0
RP11-51F16.8,0.06319129094481468,8.289487812734887,0.0
TBC1D29,0.06317714229226112,8.284118973477934,0.0
NBPF16,0.06317089833319187,8.278750134220981,0.0
TMEM154,0.06315880790352821,8.273381294964029,0.0
MIOX,0.06313804872334003,8.268012455707076,0.0
NMUR1,0.06313320845365525,8.262643616450124,0.0
NPIPA5,0.06313263028860092,8.257274777193171,0.0
MRGPRF,0.06312855333089828,8.251905937936218,0.0
ZNF679,0.06311732903122902,8.246537098679266,0.0
TMCO5A,0.06311650387942791,8.241168259422313,0.0
WASH4P,0.06311514526605606,8.23579942016536,0.0
PRH1,0.06310636550188065,8.230430580908408,0.0
GOLGA6L6,0.06310363151133061,8.225061741651455,0.0
KLRC3,0.06309126690030098,8.219692902394502,0.0
ANKRD20A2,0.06308641582727433,8.21432406313755,0.0
CTD-3138B18.4,0.0630764227360487,8.208955223880597,0.0
PRAMEF6,0.06307069584727287,8.203586384623645,0.0
METRN,0.06306721717119217,8.198217545366692,0.0
XAGE3,0.06305240280926228,8.19284870610974,0.0
PSG5,0.06305183917284012,8.187479866852787,0.0
CDH22,0.0630491778254509,8.182111027595834,0.0
RP11-886H22.1,0.06304448433220386,8.176742188338881,0.0
ALG1L,0.06304009556770325,8.171373349081929,0.0
CTD-2207O23.10,0.0630312528461218,8.166004509824976,0.0
PCDH11Y,0.06302221454679965,8.160635670568023,0.0
G6PC2,0.06301763504743577,8.15526683131107,0.0
FAM26F,0.06301004178822041,8.149897992054118,0.0
CIB4,0.06299971342086792,8.144529152797165,0.0
FIGLA,0.06298848576843738,8.139160313540213,0.0
CCL15,0.06298115886747838,8.13379147428326,0.0
IL36A,0.06297666281461715,8.128422635026308,0.0
PSG3,0.0629745077341795,8.123053795769355,0.0
TMEM210,0.06297014392912388,8.117684956512402,0.0
GPR182,0.06296391375362873,8.11231611725545,0.0
RP13-672B3.2,0.06295250654220581,8.106947277998497,0.0
KLHDC7A,0.06294928342103959,8.101578438741544,0.0
C15orf48,0.06293997541069984,8.096209599484592,0.0
SYS1-DBNDD2,0.0629371576011181,8.090840760227639,0.0
DACH2,0.06290889643132687,8.085471920970685,0.0
CST9,0.062908348813653,8.080103081713734,0.0
HIST1H2AK,0.06290579587221146,8.074734242456781,0.0
AD000671.6,0.06290528848767281,8.069365403199829,0.0
SPRR4,0.06287781484425067,8.063996563942876,0.0
CARTPT,0.06286931335926056,8.058627724685923,0.0
FAM180B,0.0628667190670967,8.053258885428969,0.0
FAM196A,0.06286405436694623,8.047890046172018,0.0
ARMS2,0.06286292485892772,8.042521206915065,0.0
TNFRSF13C,0.06286165565252304,8.037152367658113,0.0
TTLL9,0.06285191290080547,8.03178352840116,0.0
C1orf111,0.06285108998417854,8.026414689144207,0.0
CD1A,0.06283319219946862,8.021045849887255,0.0
RP11-321M21.3,0.06283193603157997,8.015677010630302,0.0
PSG11,0.06282836124300957,8.01030817137335,0.0
TMED7-TICAM2,0.06282159388065338,8.004939332116397,0.0
FXYD6-FXYD2,0.06280575171113015,7.999570492859444,0.0
IL4I1,0.06279087513685226,7.994201653602491,0.0
TMEM66,0.0627899881452322,7.988832814345538,0.0
FAM89A,0.06277855075895786,7.983463975088585,0.0
RP11-507M3.1,0.06277582831680775,7.978095135831634,0.0
TTC16,0.06276746317744256,7.972726296574681,0.0
SLC39A5,0.06276498027145863,7.967357457317728,0.0
C16orf80,0.06276274807751178,7.961988618060775,0.0
C1orf65,0.06276077665388584,7.956619778803822,0.0
RTDR1,0.06275881491601468,7.95125093954687,0.0
ISX,0.06273898482322693,7.945882100289918,0.0
ERAS,0.06273794807493686,7.940513261032965,0.0
MRAP,0.06272150911390781,7.9351444217760125,0.0
ZNF732,0.06271343529224396,7.929775582519059,0.0
GPX5,0.06271041966974736,7.924406743262106,0.0
PHYHIPL,0.06270554922521114,7.919037904005154,0.0
TMED6,0.06269713826477527,7.913669064748201,0.0
ALOX15B,0.062690756842494,7.908300225491249,0.0
VHLL,0.0626844521611929,7.902931386234297,0.0
PTTG2,0.06264070384204387,7.897562546977344,0.0
CLRN1,0.062600626796484,7.8921937077203905,0.0
GOLGA8Q,0.06259417198598385,7.886824868463438,0.0
DEFB125,0.0625881303101778,7.881456029206485,0.0
CTD-2105E13.6,0.0625801358371973,7.8760871899495335,0.0
KRTAP9-1,0.06257806085050106,7.870718350692581,0.0
AC007204.1,0.06257472187280655,7.865349511435628,0.0
SPDYE3,0.06256986930966377,7.859980672178675,0.0
LEPREL4,0.06256878301501274,7.854611832921722,0.0
C10orf128,0.06255950219929218,7.849242993664769,0.0
C5orf54,0.06255801618099213,7.843874154407817,0.0
RP11-571M6.15,0.06255009658634662,7.838505315150865,0.0
RNF186,0.0625470019876957,7.833136475893912,0.0
TCP10L2,0.06254632063210011,7.827767636636959,0.0
PLA2G4D,0.06254363805055618,7.822398797380006,0.0
CTD-2207O23.12,0.06254125386476517,7.817029958123054,0.0
HIST1H2BG,0.06253255009651185,7.811661118866101,0.0
FAM71F1,0.06251823417842388,7.806292279609149,0.0
LUZP4,0.06251109838485717,7.8009234403521965,0.0
TMEM155,0.06250998862087727,7.795554601095243,0.0
LRRC66,0.06250738836824894,7.79018576183829,0.0
FAM162B,0.06250452511012554,7.784816922581338,0.0
KRTAP2-4,0.06250093504786491,7.779448083324385,0.0
C8A,0.0624914176762104,7.774079244067432,0.0
GJD4,0.06248774789273739,7.768710404810481,0.0
LY6G6C,0.062482090666890144,7.763341565553528,0.0
MKX,0.062466491013765335,7.7579727262965745,0.0
RPSAP58,0.062457017600536346,7.752603887039622,0.0
FERD3L,0.0624311525374651,7.747235047782669,0.0
KLK12,0.06242278181016445,7.741866208525716,0.0
GLYAT,0.06240669004619122,7.736497369268765,0.0
GPR75,0.06239614933729172,7.731128530011812,0.0
RP11-15E18.4,0.06239202544093132,7.725759690754859,0.0
AMY1C,0.0623920027166605,7.720390851497906,0.0
WFDC12,0.06238982826471329,7.715022012240953,0.0
MBD3L3,0.062369213253259656,7.709653172984001,0.0
IFNA16,0.06236230805516243,7.704284333727049,0.0
KRTAP12-4,0.062355199828743935,7.698915494470096,0.0
KLRG2,0.06235133968293667,7.693546655213143,0.0
C15orf54,0.06233800947666168,7.68817781595619,0.0
EMR2,0.062336570397019384,7.682808976699238,0.0
AP002884.3,0.06233162544667721,7.677440137442285,0.0
MMD2,0.062324033305048945,7.672071298185331,0.0
XKRX,0.062323597818613054,7.6667024589283805,0.0
KRT37,0.06232132613658905,7.661333619671427,0.0
ZNF280A,0.062316945567727086,7.655964780414474,0.0
HRH4,0.062304920703172686,7.650595941157522,0.0
RP11-89K11.1,0.06229402013123035,7.645227101900569,0.0
SERPINA4,0.062291478738188744,7.639858262643616,0.0
C9orf66,0.062278902158141136,7.634489423386665,0.0
MEGT1,0.06226808279752731,7.629120584129712,0.0
FBXO48,0.06226590611040592,7.6237517448727585,0.0
CGB8,0.06225593499839306,7.618382905615806,0.0
XPNPEP2,0.06225318722426891,7.613014066358853,0.0
C22orf29,0.06224009692668915,7.6076452271019,0.0
AC002398.9,0.062228846549987796,7.602276387844947,0.0
RP11-1084J3.4,0.06222611516714096,7.596907548587996,0.0
ABHD16B,0.06222228519618511,7.591538709331043,0.0
RBM46,0.06222215257585049,7.58616987007409,0.0
DEFB127,0.06221402324736118,7.580801030817137,0.0
RP11-467N20.5,0.06220323145389557,7.575432191560185,0.0
CNPY1,0.06220305524766445,7.570063352303231,0.0
APOL5,0.06218935512006283,7.56469451304628,0.0
KAAG1,0.06218041330575943,7.559325673789327,0.0
RP11-712L6.5,0.062169671431183814,7.553956834532374,0.0
C14orf180,0.06216369941830635,7.548587995275422,0.0
FAM47B,0.06214603967964649,7.543219156018469,0.0
FAM179A,0.06214257553219795,7.537850316761515,0.0
PLA2G5,0.062138210982084274,7.532481477504563,0.0
HIST1H4K,0.06213032864034176,7.527112638247611,0.0
TGM6,0.06211853548884392,7.521743798990658,0.0
CSAG1,0.06208677291870117,7.516374959733706,0.0
S100A7A,0.062072737887501714,7.511006120476753,0.0
HS3ST5,0.06206844262778759,7.5056372812198,0.0
MYEOV,0.06204896606504917,7.500268441962847,0.0
CCER1,0.062044549733400345,7.494899602705896,0.0
ACY3,0.06204055473208427,7.4895307634489425,0.0
ANKRD20A4,0.06203811727464199,7.48416192419199,0.0
GALR3,0.06203628852963448,7.478793084935037,0.0
RP11-101E3.5,0.06203200221061707,7.473424245678084,0.0
PRDM8,0.06202755644917488,7.468055406421131,0.0
ZNF501,0.062013513222336766,7.462686567164178,0.0
C20orf112,0.06200632378458977,7.457317727907227,0.0
TRIM64C,0.06199371367692948,7.451948888650274,0.0
SLC13A1,0.06199325360357762,7.446580049393321,0.0
C5orf55,0.061987051367759706,7.441211210136369,0.0
SERPINE3,0.06198445111513138,7.435842370879415,0.0
C12orf54,0.061984064802527425,7.430473531622463,0.0
NKX2-8,0.061967677623033526,7.425104692365511,0.0
RP11-293I14.2,0.06195590831339359,7.419735853108558,0.0
EVI2B,0.061949532479047775,7.414367013851606,0.0
AC006486.9,0.06194937936961651,7.408998174594653,0.0
TRIM48,0.061933132633566854,7.403629335337699,0.0
ENPP5,0.0619298055768013,7.398260496080747,0.0
TUBA3D,0.06192280352115631,7.392891656823794,0.0
RP11-644F5.10,0.06191990450024605,7.387522817566842,0.0
DUXA,0.061919182911515235,7.38215397830989,0.0
EFCAB10,0.06191585026681423,7.376785139052937,0.0
RP11-302B13.5,0.061907459422945975,7.371416299795984,0.0
CGB2,0.06187796853482723,7.366047460539031,0.0
CXorf22,0.06185976192355156,7.360678621282078,0.0
FAM209A,0.061852964013814925,7.3553097820251265,0.0
SIAH3,0.061849961057305336,7.349940942768174,0.0
KRTAP4-12,0.061848024278879164,7.344572103511221,0.0
FAM187B,0.06183753460645676,7.339203264254268,0.0
DEFB136,0.06182072795927525,7.333834424997315,0.0
TMEM249,0.06181471794843674,7.328465585740362,0.0
MAS1L,0.061804745346307755,7.323096746483411,0.0
LRRC14B,0.06180263571441173,7.317727907226458,0.0
ANKRD62,0.06177625171840191,7.312359067969505,0.0
VCX3A,0.061773724108934405,7.306990228712553,0.0
SPDYC,0.06177067793905735,7.301621389455599,0.0
TSHB,0.061770053952932356,7.296252550198647,0.0
SLC25A47,0.06176898255944252,7.290883710941694,0.0
SPANXN5,0.06176745742559433,7.285514871684742,0.0
CLDN22,0.06176743358373642,7.28014603242779,0.0
GAGE1,0.06174756102263927,7.274777193170837,0.0
NMS,0.061734363064169885,7.269408353913883,0.0
GLRA4,0.06173081137239933,7.264039514656931,0.0
GPR12,0.061729774624109265,7.258670675399978,0.0
LPPR5,0.06172951422631741,7.253301836143026,0.0
C20orf201,0.06172573156654835,7.247932996886074,0.0
AC040160.1,0.06172287464141846,7.242564157629121,0.0
B3GNT3,0.061696146801114085,7.237195318372168,0.0
RPS4Y2,0.06169489063322544,7.231826479115215,0.0
RGAG4,0.06168609969317913,7.226457639858262,0.0
EXOC3L1,0.0616812888532877,7.22108880060131,0.0
ZNF385D,0.06167991161346435,7.215719961344358,0.0
RNASE10,0.061667480319738385,7.210351122087405,0.0
CHST4,0.061643854901194575,7.204982282830452,0.0
RAET1E,0.06164246685802936,7.199613443573499,0.0
ZBBX,0.06164044626057148,7.194244604316546,0.0
DEFB108B,0.06163829527795315,7.188875765059594,0.0
RP11-96O20.4,0.06159482933580875,7.183506925802642,0.0
MAGEA12,0.061589532718062404,7.178138086545689,0.0
KIR2DL1,0.06157893761992454,7.172769247288737,0.0
ZSCAN5C,0.06156247146427631,7.167400408031783,0.0
KRTAP13-3,0.061555270850658414,7.162031568774831,0.0
SERPINB10,0.06155483238399029,7.156662729517878,0.0
C9orf24,0.06155308708548546,7.151293890260925,0.0
RP11-683L23.1,0.0615526482462883,7.145925051003974,0.0
DEFB115,0.06154373772442341,7.140556211747021,0.0
WFDC11,0.0615291316062212,7.135187372490067,0.0
PAEP,0.06151263117790222,7.129818533233115,0.0
HIST1H3E,0.06150781139731407,7.124449693976162,0.0
IQCF3,0.06149827092885971,7.1190808547192095,0.0
MBL2,0.06149666495621205,7.113712015462258,0.0
ZNF66,0.061494245380163196,7.108343176205305,0.0
COX6B2,0.06149411052465439,7.102974336948352,0.0
DDX26B,0.06149226650595665,7.097605497691399,0.0
KRTAP22-1,0.06146485023200512,7.092236658434446,0.0
LHFPL3,0.06146478541195392,7.086867819177494,0.0
AC011308.1,0.06146341562271118,7.08149897992054,0.0
RP11-761B3.1,0.061450633034110066,7.076130140663589,0.0
AGAP2-AS1,0.061441926285624504,7.070761301406636,0.0
FAM71E1,0.0614405881613493,7.065392462149683,0.0
C14orf177,0.061420252174139024,7.06002362289273,0.0
IGFL3,0.06138816364109516,7.054654783635778,0.0
ADM5,0.061378948763012885,7.049285944378825,0.0
USP17L2,0.06136673018336296,7.043917105121873,0.0
DCAF8L2,0.06136602759361267,7.038548265864921,0.0
RP11-322E11.6,0.061356031149625775,7.033179426607967,0.0
TMEM82,0.06135491244494915,7.027810587351015,0.0
GOLGA6L4,0.06134071387350559,7.022441748094062,0.0
SH2D7,0.061335429176688196,7.017072908837109,0.0
LY6D,0.06132662855088711,7.011704069580158,0.0
SEC14L4,0.06132597588002682,7.006335230323205,0.0
GABRG3,0.06131915897130966,7.000966391066251,0.0
FUT7,0.06131241582334042,6.995597551809299,0.0
RP11-332O19.5,0.06129532381892204,6.990228712552346,0.0
RP11-867G23.8,0.06129443868994713,6.9848598732953935,0.0
C2orf48,0.061293212324380876,6.97949103403844,0.0
NXPH4,0.06128691919147968,6.974122194781489,0.0
CPXCR1,0.06128142289817333,6.968753355524536,0.0
PRSS54,0.061273878812789916,6.963384516267583,0.0
LRRC3B,0.06127261482179165,6.95801567701063,0.0
AC010642.1,0.06127026714384556,6.952646837753678,0.0
GPR20,0.061270206794142724,6.947277998496724,0.0
HMGB4,0.06126404032111168,6.941909159239773,0.0
ASMT,0.06125105135142803,6.93654031998282,0.0
TEX22,0.0612353902310133,6.931171480725867,0.0
FDCSP,0.06123169548809528,6.9258026414689144,0.0
PRAMEF7,0.06122750975191593,6.920433802211962,0.0
ACPT,0.061223474144935605,6.915064962955009,0.0
AL031666.2,0.06122281700372696,6.909696123698056,0.0
FADS6,0.061217940971255304,6.904327284441105,0.0
KRTAP1-4,0.06120848581194878,6.898958445184151,0.0
BRS3,0.06120014004409313,6.893589605927199,0.0
ZGLP1,0.061195990443229674,6.888220766670246,0.0
NCR3,0.061195454001426695,6.882851927413293,0.0
RP11-389E17.1,0.06118309162557125,6.87748308815634,0.0
SRCRB4D,0.06117911152541637,6.872114248899389,0.0
RP11-80A15.1,0.06116652376949787,6.866745409642435,0.0
CCL27,0.06116461046040058,6.861376570385483,0.0
B3GALTL,0.06116376779973507,6.85600773112853,0.0
ZNF678,0.061163581907749176,6.8506388918715775,0.0
GPR19,0.06114223003387451,6.845270052614624,0.0
WDR16,0.0611407320946455,6.839901213357671,0.0
LRRC73,0.06111154519021511,6.83453237410072,0.0
AC012493.2,0.06110033802688122,6.829163534843767,0.0
MEGF9,0.06109732873737812,6.823794695586814,0.0
HIST1H4C,0.06107559688389301,6.818425856329862,0.0
C2orf82,0.06104699522256851,6.813057017072908,0.0
FAM129C,0.06103799417614937,6.8076881778159555,0.0
RP5-850E9.3,0.06102872043848038,6.802319338559004,0.0
UCN3,0.06101905554533005,6.796950499302051,0.0
ST20-MTHFS,0.06099794842302799,6.7915816600450984,0.0
GPR62,0.06099620833992958,6.786212820788146,0.0
CLDN25,0.06098871268332005,6.780843981531193,0.0
C2CD4A,0.06098758317530155,6.77547514227424,0.0
MINOS1-NBL1,0.06098395399749279,6.770106303017287,0.0
CTC-273B12.7,0.06098347678780556,6.764737463760335,0.0
C11orf42,0.06098041906952858,6.759368624503383,0.0
MCCD1,0.06097158156335354,6.75399978524643,0.0
IFNA4,0.06094038859009743,6.748630945989477,0.0
MS4A5,0.06093517020344734,6.743262106732524,0.0
NBPF4,0.06092234626412392,6.737893267475571,0.0
HIST1H2AI,0.06091681458055973,6.732524428218619,0.0
C7orf55-LUC7L2,0.060891734436154366,6.727155588961667,0.0
RHOXF2,0.060889268293976784,6.721786749704714,0.0
SCRT2,0.06087791733443737,6.7164179104477615,0.0
HIAT1,0.06086555533111095,6.711049071190808,0.0
PIGY,0.0608613520860672,6.705680231933855,0.0
AMBN,0.06085873208940029,6.700311392676903,0.0
PRAMEF19,0.06085691228508949,6.694942553419951,0.0
AL441883.1,0.06084870584309101,6.689573714162998,0.0
GJD3,0.06083143763244152,6.684204874906046,0.0
C6orf195,0.06081958413124085,6.678836035649092,0.0
CCDC142,0.060814832150936124,6.6734671963921395,0.0
ANP32D,0.060813712701201436,6.668098357135187,0.0
KRT26,0.06080896928906441,6.662729517878235,0.0
KRTAP9-2,0.06079840436577797,6.6573606786212824,0.0
RERGL,0.06079526357352734,6.65199183936433,0.0
FAM170A,0.06079194769263267,6.646623000107377,0.0
TIGD3,0.060789470374584195,6.641254160850424,0.0
HSPE1-MOB4,0.060783997550606726,6.635885321593471,0.0
INS-IGF2,0.06078205369412899,6.630516482336519,0.0
TP53TG3D,0.06078159548342228,6.625147643079567,0.0
HES2,0.06077749654650688,6.619778803822614,0.0
PRKRIR,0.06076512821018696,6.614409964565661,0.0
FCRL6,0.06076120175421238,6.609041125308708,0.0
WBSCR28,0.060743598639965056,6.603672286051755,0.0
HIST1H2AL,0.06074042543768883,6.5983034467948025,0.0
GGTLC1,0.06073392629623413,6.592934607537851,0.0
B3GNT1,0.060733089596033095,6.587565768280898,0.0
LYPD1,0.06073213629424572,6.5821969290239455,0.0
TMEM150B,0.06071910858154297,6.576828089766992,0.0
AC005609.1,0.06071684397757053,6.571459250510039,0.0
LRRC27,0.060714307427406314,6.566090411253087,0.0
RP11-321N4.5,0.06070630066096783,6.560721571996135,0.0
C17orf103,0.060703784599900244,6.555352732739182,0.0
RP11-664I21.6,0.060700277984142306,6.54998389348223,0.0
KRTAP9-7,0.06069910041987896,6.544615054225276,0.0
SPANXC,0.060681849345564844,6.5392462149683235,0.0
C7orf41,0.060681719705462454,6.533877375711371,0.0
MAGEA8,0.060671859234571454,6.528508536454418,0.0
NPAP1,0.060670031234622,6.5231396971974664,0.0
PSG4,0.060659389942884445,6.517770857940514,0.0
DKFZP761J1410,0.06065133474767208,6.512402018683561,0.0
GOLGA6D,0.060649356618523595,6.507033179426608,0.0
ROPN1,0.06063363626599312,6.501664340169655,0.0
PLK5,0.06063328869640827,6.496295500912702,0.0
RP11-248J23.7,0.06063278056681156,6.490926661655751,0.0
C2CD4B,0.06063127890229225,6.485557822398798,0.0
RP11-468E2.6,0.06062693260610104,6.480188983141845,0.0
RP1-241P17.4,0.060626881569623946,6.474820143884892,0.0
TMEM254,0.06062256284058094,6.469451304627939,0.0
ZNF738,0.060617371276021,6.4640824653709865,0.0
AC010336.1,0.06061689183115959,6.458713626114034,0.0
PCDHGA8,0.060599785298109055,6.453344786857082,0.0
DSCR4,0.06058547198772431,6.4479759476001295,0.0
ARMCX6,0.060584473237395284,6.442607108343176,0.0
KRTAP3-1,0.06057182028889656,6.437238269086223,0.0
C1orf145,0.0605535551905632,6.431869429829271,0.0
KRTAP12-1,0.0605527576059103,6.426500590572318,0.0
SPACA3,0.06053111776709556,6.421131751315366,0.0
RAB7L1,0.060524202138185504,6.415762912058414,0.0
RERG,0.06052308194339275,6.41039407280146,0.0
TMX2-CTNND1,0.06052067615091801,6.4050252335445075,0.0
TREML2,0.06052015051245689,6.399656394287555,0.0
ZNF487,0.06052008643746376,6.394287555030602,0.0
IL31,0.060506122186779976,6.388918715773649,0.0
LUZP2,0.0604981929063797,6.383549876516698,0.0
C6orf211,0.060498126223683356,6.378181037259745,0.0
DEPDC4,0.06048976555466652,6.372812198002792,0.0
SSX5,0.06047912389039993,6.367443358745839,0.0
FXYD3,0.06047543436288834,6.362074519488886,0.0
VPREB1,0.060455548018217085,6.356705680231933,0.0
SDHAF1,0.06045450381934643,6.351336840974982,0.0
C19orf66,0.060444293543696404,6.345968001718029,0.0
PODN,0.0604330338537693,6.340599162461076,0.0
TMEM213,0.06043229289352894,6.335230323204123,0.0
BHLHE22,0.06042670011520386,6.3298614839471705,0.0
CBLN4,0.06041824221611023,6.324492644690218,0.0
GBP7,0.060411335155367854,6.319123805433266,0.0
ALPPL2,0.06040813736617565,6.3137549661763135,0.0
TMIE,0.06040393002331257,6.30838612691936,0.0
NPIPB6,0.06040024571120739,6.303017287662407,0.0
AADACL2,0.060396629571914676,6.297648448405455,0.0
FAM183B,0.06039239838719368,6.292279609148502,0.0
C14orf79,0.06038566790521145,6.2869107698915485,0.0
RFPL3S,0.06038160547614098,6.281541930634598,0.0
APOF,0.0603797759860754,6.276173091377644,0.0
RXFP3,0.060361961647868154,6.2708042521206915,0.0
TMEM130,0.06035766787827015,6.265435412863739,0.0
OR2A42,0.06035766266286373,6.260066573606786,0.0
LGALS7B,0.06034095473587513,6.254697734349833,0.0
C6orf1,0.06033378504216671,6.249328895092881,0.0
ENDOU,0.060320628061890605,6.243960055835928,0.0
FRMD1,0.06030598096549511,6.238591216578976,0.0
DCAF4L2,0.060300301387906076,6.233222377322023,0.0
RP11-1012A1.4,0.060294609144330026,6.22785353806507,0.0
IFI27L1,0.06029210761189461,6.222484698808118,0.0
RP11-849F2.7,0.060279718786478045,6.217115859551165,0.0
APOC4-APOC2,0.06027793660759926,6.211747020294212,0.0
SPATA12,0.0602718498557806,6.20637818103726,0.0
KIAA0247,0.060264840722084045,6.201009341780307,0.0
C9orf96,0.06024501994252205,6.1956405025233545,0.0
LINGO4,0.060230154544115067,6.190271663266402,0.0
FLJ00273,0.06022998616099358,6.184902824009449,0.0
IFNA7,0.060227970406413076,6.179533984752497,0.0
LCE2D,0.060225113108754155,6.174165145495544,0.0
KRTAP5-5,0.060209427028894424,6.168796306238591,0.0
TMC2,0.06020764485001564,6.163427466981639,0.0
AC011997.1,0.06018734239041805,6.158058627724686,0.0
SUV420H2,0.060176949575543405,6.152689788467733,0.0
DMRTC1,0.06017364151775837,6.147320949210781,0.0
TMPRSS11A,0.06016608104109764,6.141952109953828,0.0
FABP7,0.060164423659443855,6.1365832706968755,0.0
C2ORF15,0.06015754230320454,6.131214431439923,0.0
TREML4,0.060155782103538516,6.12584559218297,0.0
CES5A,0.060139792039990425,6.120476752926017,0.0
TBC1D3G,0.06013020686805248,6.115107913669065,0.0
MAGEB4,0.06012605056166649,6.109739074412112,0.0
GAL,0.06012071706354618,6.104370235155159,0.0
AARD,0.06011110842227936,6.099001395898207,0.0
PSG8,0.060103870928287506,6.093632556641254,0.0
HEPACAM,0.060103335231542585,6.088263717384301,0.0
NT5M,0.06007522568106651,6.082894878127349,0.0
PAQR9,0.06007463037967682,6.077526038870396,0.0
PRSS48,0.060072201490402224,6.072157199613444,0.0
C15orf65,0.06006973572075367,6.066788360356491,0.0
ZNF788,0.06006050556898117,6.0614195210995385,0.0
HIST1H3I,0.060058020427823065,6.056050681842586,0.0
AL133373.1,0.0600372776389122,6.050681842585633,0.0
PPAP2A,0.06003625728189945,6.045313003328681,0.0
CLC,0.06003357246518135,6.039944164071728,0.0
C1orf204,0.060020576044917104,6.034575324814774,0.0
DPPA5,0.060016831010580064,6.029206485557823,0.0
LSMD1,0.060010761767625806,6.02383764630087,0.0
CCDC173,0.06001037061214447,6.0184688070439165,0.0
GPR34,0.0599959708750248,6.013099967786965,0.0
C9orf139,0.059976553171873094,6.007731128530012,0.0
RP11-834C11.12,0.059975161030888555,6.002362289273059,0.0
LRRC30,0.059968724474310876,5.996993450016107,0.0
IDO2,0.05996660813689232,5.991624610759154,0.0
KRTAP5-1,0.05996521934866905,5.986255771502201,0.0
S100G,0.05996423363685608,5.980886932245249,0.0
SERPINA7,0.05996339209377766,5.975518092988296,0.0
GRAMD2,0.05996088944375515,5.970149253731343,0.0
C9orf129,0.05995643846690655,5.96478041447439,0.0
TM4SF4,0.059952306747436526,5.959411575217438,0.0
AC110615.1,0.05994998551905155,5.954042735960485,0.0
OVCH1-AS1,0.05994683355093002,5.948673896703532,0.0
FAM110D,0.059945501014590265,5.94330505744658,0.0
SLC25A48,0.05993035733699799,5.937936218189628,0.0
GPR32,0.05991964600980282,5.932567378932674,0.0
PTPLB,0.059913836792111395,5.9271985396757225,0.0
LCE3D,0.059912634640932085,5.92182970041877,0.0
C11orf58,0.05990907922387123,5.916460861161816,0.0
SPRR2B,0.059907054901123045,5.911092021904865,0.0
TRAPPC2P1,0.059893321618437766,5.905723182647912,0.0
MS4A4E,0.059886134788393976,5.900354343390958,0.0
RPA3-AS1,0.05987611971795559,5.894985504134007,0.0
RP11-793H13.10,0.05987375527620316,5.889616664877054,0.0
AC073063.1,0.05987038761377335,5.8842478256201005,0.0
HIST1H4H,0.05986413545906544,5.878878986363148,0.0
FAM19A2,0.059856506437063216,5.873510147106196,0.0
GPR110,0.059849170967936516,5.868141307849243,0.0
C15orf37,0.05984854772686958,5.86277246859229,0.0
C6orf223,0.05983996987342834,5.857403629335338,0.0
BHLHE23,0.05983704216778278,5.852034790078385,0.0
MUC7,0.059834977611899376,5.846665950821432,0.0
KLK1,0.059823987260460856,5.84129711156448,0.0
SLURP1,0.05981865413486957,5.835928272307527,0.0
ERO1L,0.05981610007584095,5.830559433050574,0.0
ACRC,0.05980774350464344,5.825190593793622,0.0
RP1-66C13.4,0.05979901067912578,5.819821754536669,0.0
FRMD7,0.059794165566563605,5.814452915279716,0.0
KRTAP20-2,0.05979388728737831,5.8090840760227636,0.0
CCDC96,0.05978843979537487,5.803715236765812,0.0
SSX4B,0.059785204008221626,5.798346397508858,0.0
CST5,0.05978025197982788,5.792977558251906,0.0
RP11-166B2.1,0.05977565459907055,5.787608718994954,0.0
MAGEB3,0.05976891182363033,5.782239879738,0.0
IFNW1,0.05976562164723873,5.776871040481048,0.0
INSL5,0.0597643356770277,5.771502201224096,0.0
C11orf85,0.05974045433104038,5.766133361967142,0.0
GNG5P2,0.059737074002623555,5.76076452271019,0.0
GYPB,0.05972815975546837,5.755395683453238,0.0
RDH16,0.05972452983260155,5.7500268441962845,0.0
AC104534.3,0.05971972905099392,5.744658004939332,0.0
LCE3C,0.05971364676952362,5.739289165682379,0.0
PODNL1,0.05971033424139023,5.733920326425427,0.0
CASQ1,0.05970985405147076,5.728551487168474,0.0
AC009065.1,0.05970227122306824,5.723182647911521,0.0
KIAA0020,0.05969470255076885,5.717813808654569,0.0
GPR6,0.05969191044569015,5.712444969397616,0.0
COX18,0.059690367057919504,5.707076130140663,0.0
C4orf51,0.05968887731432915,5.701707290883711,0.0
GLT6D1,0.05967971980571747,5.696338451626758,0.0
CARKD,0.059678458422422406,5.6909696123698055,0.0
PAGE4,0.05967627540230751,5.685600773112853,0.0
MS4A6E,0.05967005304992199,5.6802319338559,0.0
RP11-1220K2.2,0.05966956801712513,5.6748630945989476,0.0
FRG2B,0.05965800322592259,5.669494255341996,0.0
AADACL3,0.05965624004602432,5.664125416085042,0.0
CYTL1,0.059643006324768065,5.65875657682809,0.0
CT47B1,0.059642307460308075,5.653387737571137,0.0
RNF151,0.05964195132255554,5.648018898314184,0.0
NEURL,0.059629911184310914,5.642650059057232,0.0
GOLT1A,0.059627095609903334,5.637281219800279,0.0
NAPRT1,0.05962640084326267,5.631912380543326,0.0
OTOS,0.059611625596880914,5.626543541286374,0.0
FAM47A,0.05960938483476639,5.621174702029421,0.0
HIATL2,0.05960091128945351,5.6158058627724685,0.0
LCE1C,0.05959637947380543,5.610437023515516,0.0
SLC24A3,0.05959383100271225,5.605068184258563,0.0
CTD-2410N18.5,0.059583780169487,5.599699345001611,0.0
DPRX,0.0595722459256649,5.594330505744658,0.0
URGCP-MRPS24,0.05957082509994507,5.588961666487705,0.0
FKBP1C,0.059569929540157315,5.583592827230753,0.0
AC018867.2,0.05956559963524342,5.5782239879738,0.0
AGPAT6,0.05956325009465217,5.572855148716847,0.0
SPINK14,0.05955299511551857,5.567486309459895,0.0
DEFB123,0.059548544138669966,5.562117470202942,0.0
PRSS33,0.059542391821742056,5.5567486309459895,0.0
C6orf222,0.059537652507424356,5.551379791689037,0.0
AGPAT9,0.05953611396253109,5.546010952432084,0.0
LGALS14,0.05952970646321774,5.5406421131751316,0.0
DEFB105A,0.05952587351202965,5.535273273918179,0.0
FAM78B,0.05952422097325325,5.529904434661226,0.0
CAPN12,0.05952031351625919,5.524535595404274,0.0
ADAM29,0.059504967927932736,5.519166756147321,0.0
NCMAP,0.05950113236904144,5.513797916890368,0.0
IZUMO2,0.059494301304221155,5.508429077633416,0.0
TMEM158,0.059480149671435355,5.503060238376463,0.0
SLC28A1,0.05947881154716015,5.49769139911951,0.0
TMEM194A,0.05947614572942257,5.492322559862558,0.0
RFPL4B,0.05945510566234589,5.486953720605605,0.0
AC010327.2,0.05944713316857815,5.4815848813486525,0.0
OR1D5,0.05943819470703602,5.4762160420917,0.0
MDS2,0.05943631157279015,5.470847202834747,0.0
ACOT12,0.059432875365018845,5.465478363577795,0.0
VASH2,0.059414055198431015,5.460109524320842,0.0
CCDC70,0.05940375253558159,5.454740685063889,0.0
LRRTM3,0.059397882968187335,5.449371845806937,0.0
LCE2A,0.05938629880547523,5.444003006549984,0.0
ACTRT1,0.05937437526881695,5.438634167293031,0.0
NME1-NME2,0.05936767421662807,5.433265328036079,0.0
GPR174,0.05935918129980564,5.427896488779125,0.0
FAM198B,0.05934290699660778,5.4225276495221735,0.0
ZSWIM2,0.059340004622936246,5.417158810265221,0.0
ART1,0.05932934917509556,5.411789971008267,0.0
C16orf98,0.0593239713460207,5.406421131751316,0.0
CTD-2369P2.10,0.05931149460375309,5.401052292494363,0.0
TM4SF2,0.059311258047819136,5.39568345323741,0.0
RPTN,0.059310394898056985,5.390314613980458,0.0
R3HDML,0.059309082478284834,5.384945774723505,0.0
ANXA10,0.059299076721072194,5.379576935466552,0.0
C13orf45,0.05929317250847817,5.3742080962096,0.0
C17orf104,0.05928900204598904,5.368839256952647,0.0
CCDC140,0.05927787721157074,5.363470417695694,0.0
OTUD6A,0.059273995086550714,5.358101578438742,0.0
C1orf54,0.05926577635109424,5.352732739181789,0.0
AQP7,0.05924639664590359,5.3473638999248365,0.0
PCDHB1,0.059244774654507636,5.341995060667883,0.0
CTAGE6,0.059241612628102305,5.336626221410931,0.0
HIST1H2AM,0.05923932231962681,5.331257382153979,0.0
LRRIQ4,0.059235457330942154,5.325888542897025,0.0
DCDC2B,0.0592339675873518,5.320519703640073,0.0
TMPRSS12,0.05922159366309643,5.315150864383121,0.0
C2orf50,0.059202343598008154,5.309782025126167,0.0
ARID3C,0.059195551648736,5.304413185869215,0.0
PNPLA5,0.05919095613062382,5.299044346612263,0.0
CAPS2,0.05918257273733616,5.293675507355309,0.0
RP1-317E23.6,0.059176099672913554,5.2883066680983575,0.0
RP11-315D16.2,0.059155327081680295,5.282937828841405,0.0
SPAG11A,0.05914903394877911,5.277568989584451,0.0
CSN3,0.059145760163664816,5.272200150327499,0.0
DEFB104A,0.05913167670369148,5.266831311070547,0.0
GPR156,0.059118586033582686,5.261462471813594,0.0
RARRES2,0.05910315923392773,5.256093632556641,0.0
PFN3,0.059092723205685614,5.250724793299689,0.0
C17orf98,0.059081637859344484,5.245355954042736,0.0
C16orf91,0.05907823629677296,5.239987114785783,0.0
ZNF556,0.05905117690563202,5.234618275528831,0.0
GPR115,0.059040884301066396,5.229249436271878,0.0
ZNF837,0.059038070961833,5.223880597014925,0.0
AP000721.4,0.05903616212308407,5.218511757757973,0.0
SEMG2,0.059032445400953294,5.2131429185010205,0.0
CCL15-CCL14,0.059031568467617035,5.207774079244067,0.0
FAM132A,0.05902884565293789,5.202405239987115,0.0
NUTM2D,0.05902823582291603,5.197036400730163,0.0
DBX2,0.05902376994490623,5.191667561473209,0.0
KRTAP3-3,0.05902266763150692,5.186298722216256,0.0
TMEM61,0.05901028998196125,5.180929882959305,0.0
C1ORF220,0.059009468927979467,5.175561043702351,0.0
PRAC1,0.05900371074676514,5.1701922044453985,0.0
PPY,0.05900161899626255,5.164823365188447,0.0
GPR151,0.05899461023509502,5.159454525931493,0.0
OLAH,0.05899081453680992,5.154085686674541,0.0
ZBED2,0.058987827599048616,5.148716847417589,0.0
AL359736.1,0.05897868946194649,5.143348008160635,0.0
TCF23,0.058950258418917656,5.137979168903683,0.0
ARL14,0.05893937423825264,5.132610329646731,0.0
FAM183A,0.0589234571903944,5.127241490389778,0.0
KRTAP4-1,0.05891948863863945,5.121872651132825,0.0
C1QL4,0.058918824419379234,5.116503811875872,0.0
CST8,0.058909622579813005,5.11113497261892,0.0
ZNF80,0.05888312086462975,5.105766133361967,0.0
CHRNA10,0.05887070372700691,5.100397294105014,0.0
MAGEB16,0.05885986723005772,5.095028454848062,0.0
SLC26A10,0.05884159542620182,5.089659615591109,0.0
UNC93A,0.05883585438132286,5.084290776334156,0.0
CBLN2,0.05882018394768238,5.0789219370772045,0.0
NKG2-E,0.058819455280900004,5.073553097820251,0.0
SCRT1,0.05881827287375927,5.068184258563298,0.0
FTHL17,0.05880608484148979,5.062815419306347,0.0
PVRL2,0.058806050941348074,5.057446580049393,0.0
TMEM239,0.05880500040948391,5.05207774079244,0.0
MS4A10,0.058803487196564676,5.046708901535489,0.0
PDZD7,0.05880204550921917,5.041340062278535,0.0
SPINK9,0.05879076831042766,5.0359712230215825,0.0
WFDC13,0.058785169199109075,5.03060238376463,0.0
C10orf111,0.058777394145727156,5.025233544507677,0.0
SPATA21,0.05877701267600059,5.019864705250725,0.0
WFDC5,0.05877203531563282,5.014495865993772,0.0
RP11-57H12.6,0.05876617170870304,5.009127026736819,0.0
SMIM11,0.05875694900751114,5.003758187479867,0.0
RP11-434D12.1,0.05875491835176945,4.998389348222914,0.0
AC106876.2,0.05874794647097588,4.993020508965962,0.0
DLEU7,0.058732374012470244,4.987651669709009,0.0
POC1B-GALNT4,0.058727866411209105,4.982282830452056,0.0
AC002985.3,0.05871655866503715,4.976913991195104,0.0
C1orf213,0.058696751669049266,4.971545151938151,0.0
RP11-408E5.4,0.05869211070239544,4.966176312681198,0.0
FLJ20306,0.05868946984410286,4.9608074734242456,0.0
KIR3DL3,0.05868905931711197,4.955438634167293,0.0
AL138764.1,0.058680595457553865,4.95006979491034,0.0
RARRES1,0.058679017797112466,4.944700955653388,0.0
PSORS1C2,0.0586731169372797,4.939332116396435,0.0
HIST1H4F,0.058658096194267276,4.933963277139482,0.0
C17orf50,0.058654344826936725,4.92859443788253,0.0
IL20,0.05864280723035335,4.923225598625577,0.0
CTD-2267D19.3,0.05863616764545441,4.917856759368624,0.0
BPIFA2,0.05863496661186218,4.912487920111672,0.0
C17orf77,0.05863392427563667,4.907119080854719,0.0
CCDC42,0.05863097608089447,4.9017502415977665,0.0
CCL25,0.05862362124025822,4.896381402340814,0.0
KRTAP5-8,0.05862241201102734,4.891012563083861,0.0
UGT2A2,0.058619269356131556,4.885643723826909,0.0
HIST1H3F,0.05861841477453709,4.880274884569956,0.0
SAC3D1,0.05860037319362164,4.874906045313003,0.0
KRTAP9-3,0.05859312564134598,4.869537206056051,0.0
TAAR6,0.05859098583459854,4.864168366799098,0.0
DEFB132,0.058580247685313225,4.858799527542145,0.0
KRTAP17-1,0.05857905112206936,4.853430688285193,0.0
OR11H12,0.05855690315365791,4.84806184902824,0.0
AL445989.1,0.058553940057754515,4.8426930097712875,0.0
FAM47E-STBD1,0.05854623168706894,4.837324170514335,0.0
MAGEB10,0.05854359902441501,4.831955331257382,0.0
KIAA1919,0.05854309387505054,4.8265864920004296,0.0
GJA9,0.058530495315790174,4.821217652743477,0.0
DEC1,0.05852568857371807,4.815848813486524,0.0
PPM1N,0.0585148386657238,4.810479974229572,0.0
RSPO4,0.05850398577749729,4.805111134972619,0.0
SAMD15,0.058501452580094336,4.799742295715666,0.0
C9orf47,0.058489758521318436,4.794373456458714,0.0
PROL1,0.05847383253276348,4.789004617201761,0.0
IL17D,0.058469340577721594,4.783635777944808,0.0
GOT1L1,0.058462264761328694,4.778266938687856,0.0
GJA10,0.058456632494926455,4.772898099430903,0.0
SLC25A53,0.05845462530851364,4.7675292601739505,0.0
SPANXN1,0.05845204032957554,4.762160420916998,0.0
LPPR4,0.05844979621469974,4.756791581660045,0.0
RP11-343C2.11,0.05844718106091022,4.751422742403093,0.0
NTN5,0.058443906530737874,4.74605390314614,0.0
RP11-201K10.3,0.058443484082818034,4.740685063889187,0.0
FAM47C,0.0584396917372942,4.735316224632234,0.0
PPP1R1C,0.05843906030058861,4.729947385375282,0.0
C1orf141,0.05843710415065288,4.724578546118329,0.0
FAM26D,0.05842043273150921,4.719209706861376,0.0
FOLR4,0.0584086399525404,4.713840867604424,0.0
AL592284.1,0.05840800665318966,4.7084720283474715,0.0
TPRG1,0.058406618610024455,4.703103189090518,0.0
HSPB2-C11orf52,0.05840399898588657,4.697734349833566,0.0
MS4A12,0.05840378813445568,4.6923655105766136,0.0
TMEM144,0.05838762819766998,4.686996671319661,0.0
BMP15,0.0583874698728323,4.681627832062708,0.0
CXXC4,0.05838436596095562,4.676258992805756,0.0
GML,0.058369896933436395,4.670890153548803,0.0
SPAM1,0.058354342356324196,4.66552131429185,0.0
VSTM1,0.05835232362151146,4.660152475034898,0.0
EEF1E1-BLOC1S5,0.05833701118826866,4.654783635777945,0.0
ANKRD34B,0.05832790359854698,4.6494147965209915,0.0
FMO6P,0.058325137943029404,4.64404595726404,0.0
GLOD5,0.05832414031028747,4.638677118007087,0.0
SLC9B1,0.058317631110548974,4.633308278750134,0.0
IFNA10,0.05830135457217693,4.627939439493182,0.0
RNASE7,0.0582917932420969,4.622570600236229,0.0
LINC00696,0.0582841407507658,4.617201760979276,0.0
ZNF595,0.05828353352844715,4.611832921722324,0.0
GRIK1-AS2,0.058279034495353696,4.606464082465371,0.0
C5orf58,0.05827774479985237,4.601095243208418,0.0
RP11-998D10.1,0.0582733403891325,4.595726403951466,0.0
RP11-404P21.8,0.05827157162129879,4.590357564694513,0.0
SMTNL1,0.05827075392007828,4.58498872543756,0.0
ZNF630,0.058250004053115846,4.579619886180607,0.0
CTB-186H2.3,0.05824153684079647,4.5742510469236555,0.0
FBXO39,0.05823998339474201,4.568882207666702,0.0
ITLN2,0.05823443718254566,4.563513368409749,0.0
DEFB113,0.05823379047214985,4.5581445291527976,0.0
SPATS1,0.05822630412876606,4.552775689895845,0.0
TGM4,0.05822054296731949,4.547406850638891,0.0
PSG6,0.05821038745343685,4.54203801138194,0.0
C1orf200,0.05820651240646839,4.536669172124987,0.0
HIST1H4D,0.058204106986522675,4.5313003328680335,0.0
CXorf65,0.05820171609520912,4.525931493611082,0.0
SNTN,0.058195846527814864,4.520562654354129,0.0
C19orf45,0.058192461356520654,4.5151938150971755,0.0
AC012123.1,0.05818913094699383,4.509824975840224,0.0
RP11-211G3.3,0.05818910449743271,4.504456136583271,0.0
CCDC176,0.05818714238703251,4.499087297326318,0.0
ZCCHC13,0.05816872492432594,4.493718458069365,0.0
CTD-2215E18.1,0.05815739370882511,4.488349618812413,0.0
C10orf67,0.05815585665404797,4.48298077955546,0.0
CTC-554D6.1,0.05814308524131775,4.477611940298507,0.0
OPN5,0.05814162120223045,4.472243101041555,0.0
C9orf85,0.05812130533158779,4.466874261784602,0.0
TXNRD3NB,0.05812111720442772,4.461505422527649,0.0
KRTAP4-16P,0.05812061131000519,4.456136583270697,0.0
LILRA2,0.058117995783686635,4.450767744013744,0.0
GUCA2B,0.0581084743142128,4.445398904756791,0.0
IFLTD1,0.05810039527714252,4.4400300654998395,0.0
ZDHHC11B,0.05809871293604374,4.434661226242886,0.0
AC007040.11,0.058098075538873674,4.429292386985933,0.0
GPR141,0.05808775350451469,4.423923547728981,0.0
C17orf100,0.05805043317377567,4.418554708472029,0.0
RFX8,0.0580486211925745,4.413185869215075,0.0
CARD17,0.05804203525185585,4.407817029958123,0.0
LRTM2,0.05803353749215603,4.402448190701171,0.0
PRR18,0.058030112832784655,4.3970793514442175,0.0
C8orf86,0.058029786124825476,4.391710512187265,0.0
IFNA21,0.05802662894129753,4.386341672930313,0.0
C20orf141,0.058025334030389786,4.3809728336733595,0.0
CTB-102L5.4,0.05802316702902317,4.375603994416407,0.0
SLC25A21-AS1,0.058022135868668556,4.370235155159455,0.0
FAM71B,0.05802156887948513,4.364866315902502,0.0
HIST1H3G,0.058019588515162465,4.359497476645549,0.0
TMEM200B,0.058018877357244494,4.354128637388597,0.0
KRTAP1-1,0.05801391638815403,4.348759798131644,0.0
ZCCHC16,0.05801145955920219,4.343390958874691,0.0
RP11-1105G2.3,0.058008314296603206,4.338022119617738,0.0
AC015989.2,0.057994502037763594,4.332653280360786,0.0
OCM,0.05799207054078579,4.327284441103833,0.0
CTC-260F20.3,0.057986211776733396,4.3219156018468805,0.0
ZNF525,0.05798050463199615,4.316546762589928,0.0
FAM9C,0.05797367654740811,4.311177923332975,0.0
EMR3,0.0579686414450407,4.305809084076023,0.0
HIST1H4J,0.05796780586242676,4.30044024481907,0.0
AP000867.1,0.057960322871804235,4.295071405562117,0.0
AQP12A,0.057958817854523656,4.289702566305165,0.0
FRG2,0.057956117764115335,4.284333727048213,0.0
TPRX2P,0.05795215331017971,4.278964887791259,0.0
TMEM190,0.05794905349612236,4.273596048534307,0.0
RP1-127H14.3,0.05794611983001232,4.268227209277354,0.0
ZNF645,0.057937512174248695,4.2628583700204015,0.0
PLA2G2C,0.057929613441228864,4.257489530763449,0.0
RP11-257K9.8,0.05791936926543713,4.252120691506496,0.0
GDF5OS,0.0579052921384573,4.2467518522495435,0.0
DEFA6,0.05790438391268253,4.241383012992591,0.0
AC010441.1,0.05789272822439671,4.236014173735638,0.0
DYTN,0.05789029821753502,4.230645334478686,0.0
CCDC83,0.057879361882805826,4.225276495221733,0.0
CLEC9A,0.05787677653133869,4.21990765596478,0.0
TMEM125,0.05786893032491207,4.214538816707828,0.0
C11orf72,0.057862839102745055,4.209169977450875,0.0
SPINT4,0.057860054075717926,4.203801138193922,0.0
NPIPB15,0.057847975939512256,4.19843229893697,0.0
PAGE5,0.057834827527403834,4.193063459680017,0.0
MAGEA6,0.05782460942864418,4.1876946204230645,0.0
CAPS,0.05779364556074142,4.182325781166112,0.0
C19orf33,0.05779078043997288,4.176956941909159,0.0
NXPH1,0.0577841117978096,4.171588102652207,0.0
AC018816.3,0.057778187468647955,4.166219263395254,0.0
PF4V1,0.05777126438915729,4.160850424138301,0.0
C3orf65,0.05777040384709835,4.155481584881349,0.0
MLF1IP,0.05776070840656757,4.150112745624396,0.0
GP5,0.05775813795626163,4.144743906367443,0.0
HIGD2B,0.05774942897260189,4.139375067110491,0.0
NUPL1,0.05774864293634892,4.134006227853538,0.0
IQCC,0.057742231711745265,4.1286373885965855,0.0
SLX1B,0.05772213861346245,4.123268549339633,0.0
C1QTNF4,0.05771880634129047,4.11789971008268,0.0
NLRP10,0.05771710127592087,4.1125308708257275,0.0
KRTAP23-1,0.05771184377372265,4.107162031568775,0.0
MAGEB5,0.05770601481199265,4.101793192311822,0.0
AC026703.1,0.057701578736305235,4.09642435305487,0.0
KRTAP10-9,0.05769256129860878,4.091055513797917,0.0
TMEM215,0.05767644271254539,4.085686674540964,0.0
PTX4,0.0576693769544363,4.080317835284012,0.0
GPR157,0.05766564831137657,4.074948996027059,0.0
CKMT1B,0.057664256542921066,4.069580156770106,0.0
P2RX1,0.05764561556279659,4.064211317513154,0.0
ZCCHC18,0.057642067223787306,4.058842478256201,0.0
RP11-446E24.4,0.05764132738113403,4.0534736389992485,0.0
GPRIN3,0.05762798339128494,4.048104799742296,0.0
C12orf44,0.05761620216071606,4.042735960485342,0.0
RAET1L,0.057611556351184846,4.037367121228391,0.0
AL133481.1,0.057604174688458444,4.031998281971438,0.0
SMIM4,0.05760406628251076,4.026629442714484,0.0
DKK4,0.05759810395538807,4.021260603457533,0.0
FAM163B,0.057590969279408454,4.01589176420058,0.0
TMEM8C,0.05758125595748424,4.010522924943627,0.0
FAM83A,0.05756506212055683,4.005154085686675,0.0
PPP1R14D,0.057557597383856775,3.999785246429722,0.0
AC114494.1,0.05755745992064476,3.994416407172769,0.0
HDHD1,0.05755462199449539,3.989047567915817,0.0
HRASLS2,0.05753811188042164,3.983678728658864,0.0
KRTAP9-8,0.05753580555319786,3.978309889401911,0.0
ZSCAN5B,0.05752587839961052,3.972941050144959,0.0
ZNF727,0.05750832967460155,3.9675722108880063,0.0
RP11-383H13.1,0.057502942904829976,3.962203371631053,0.0
LELP1,0.057499220967292784,3.9568345323741005,0.0
C4orf45,0.05748569183051586,3.9514656931171483,0.0
ACER1,0.05747697800397873,3.9460968538601953,0.0
CTC-349C3.1,0.05747634582221508,3.9407280146032426,0.0
TMEM198,0.05747588910162449,3.9353591753462904,0.0
KRTAP4-5,0.05746948197484016,3.9299903360893373,0.0
MAGEB6,0.05746933408081532,3.9246214968323847,0.0
CLEC4A,0.057462877780199054,3.9192526575754325,0.0
TMEM121,0.05746193937957287,3.9138838183184794,0.0
AC006435.1,0.05745292752981186,3.908514979061527,0.0
AP000350.4,0.05744880847632885,3.9031461398045746,0.0
FAM19A3,0.05743510462343693,3.8977773005476215,0.0
INSM2,0.05741893202066421,3.892408461290669,0.0
LALBA,0.05741691328585148,3.887039622033716,0.0
CST11,0.057415771484375,3.881670782776764,0.0
TMIGD1,0.057410487160086635,3.876301943519811,0.0
SMPX,0.057408970594406125,3.870933104262858,0.0
IQCF2,0.05740885585546494,3.865564265005906,0.0
DEFB106A,0.05740767866373062,3.860195425748953,0.0
ZNF81,0.057403869554400445,3.8548265864920004,0.0
IFNB1,0.05740369446575642,3.849457747235048,0.0
KRTAP9-4,0.057382486015558246,3.844088907978095,0.0
LCN9,0.05738199427723885,3.8387200687211425,0.0
SSX7,0.057368232682347295,3.8333512294641903,0.0
HIST1H2AE,0.05736106894910335,3.827982390207237,0.0
AC003101.1,0.05735941343009472,3.8226135509502845,0.0
AL583828.1,0.05735507048666477,3.8172447116933323,0.0
NKAIN1,0.057348836585879324,3.8118758724363793,0.0
SLC25A52,0.05733000971376896,3.8065070331794266,0.0
PSMB11,0.05731879845261574,3.8011381939224735,0.0
C1orf177,0.05730595774948597,3.7957693546655213,0.0
CMKLR1,0.05730508491396904,3.7904005154085687,0.0
SUN3,0.05729283355176449,3.7850316761516156,0.0
AL627171.2,0.057292009517550466,3.7796628368946634,0.0
MMP10,0.05729176178574562,3.774293997637711,0.0
H1FOO,0.05727796740829945,3.7689251583807577,0.0
DEFA4,0.057277504727244376,3.7635563191238055,0.0
UBL4B,0.057267195731401446,3.758187479866853,0.0
CBLN3,0.05726294107735157,3.7528186406099,0.0
C8orf22,0.0572513360530138,3.747449801352948,0.0
ZNF285,0.057223868742585185,3.742080962095995,0.0
PAGE1,0.0572043027728796,3.736712122839042,0.0
KCNG3,0.057173820212483406,3.731343283582089,0.0
PRNT,0.057172220945358274,3.725974444325137,0.0
BCL2L2-PABPN1,0.05715332478284836,3.7206056050681844,0.0
SPATA25,0.05715096555650234,3.7152367658112313,0.0
ZNF710,0.057150181382894516,3.709867926554279,0.0
TRIM49C,0.057145198434591295,3.7044990872973265,0.0
RP11-113D6.6,0.0571346752345562,3.6991302480403734,0.0
C5orf56,0.05712633468210697,3.693761408783421,0.0
TLX1NB,0.05712527371942997,3.6883925695264685,0.0
HIST1H4I,0.05712505206465721,3.6830237302695155,0.0
NRN1L,0.05712271109223366,3.6776548910125633,0.0
CST9L,0.05712096095085144,3.6722860517556106,0.0
FTSJ2,0.05711659155786038,3.6669172124986575,0.0
ARL9,0.05711476691067219,3.6615483732417053,0.0
HTN1,0.057108746469020845,3.6561795339847527,0.0
CCDC78,0.05710858702659607,3.6508106947277996,0.0
AC079210.1,0.057102175801992415,3.645441855470847,0.0
RP11-934B9.3,0.05709979422390461,3.640073016213895,0.0
LRRC10,0.05709524936974049,3.6347041769569417,0.0
LCE2C,0.05709465555846691,3.629335337699989,0.0
S100A7L2,0.057065950334072114,3.623966498443037,0.0
EPHX3,0.057059600576758386,3.618597659186084,0.0
EVPLL,0.05705793797969818,3.613228819929131,0.0
LCE4A,0.05705586895346641,3.607859980672179,0.0
GKN2,0.05705547295510769,3.602491141415226,0.0
C1orf227,0.057036065682768824,3.597122302158273,0.0
PGBD4,0.05703513957560062,3.591753462901321,0.0
CCDC81,0.057032537460327146,3.5863846236443684,0.0
C10orf53,0.057020623981952664,3.5810157843874153,0.0
NPBWR2,0.05701648592948914,3.5756469451304627,0.0
CLLU1,0.05699567198753357,3.5702781058735105,0.0
SEMG1,0.056985939666628835,3.5649092666165574,0.0
C1orf194,0.05697544366121292,3.5595404273596047,0.0
FAM83E,0.05697258785367012,3.5541715881026525,0.0
PCDHB12,0.05694698728621006,3.5488027488456995,0.0
CYLC1,0.05693391859531403,3.543433909588747,0.0
KRTAP19-7,0.056930257752537725,3.5380650703317946,0.0
KRTAP5-7,0.05691035203635693,3.5326962310748415,0.0
C1orf53,0.05690654665231705,3.527327391817889,0.0
DEFB110,0.05690237507224083,3.5219585525609367,0.0
RP11-770J1.5,0.056902142241597176,3.5165897133039836,0.0
NIM1,0.056891939416527745,3.511220874047031,0.0
C11orf35,0.05688730701804161,3.505852034790079,0.0
FAM159A,0.05687453150749207,3.5004831955331257,0.0
CCDC37,0.05685965865850449,3.495114356276173,0.0
AMN1,0.05685688629746437,3.48974551701922,0.0
A3GALT2,0.05684925317764282,3.484376677762268,0.0
FAM153B,0.056844670325517654,3.479007838505315,0.0
KCNV1,0.056839235872030255,3.473638999248362,0.0
AC007390.5,0.05683519989252091,3.46827015999141,0.0
IL36B,0.05682847611606121,3.4629013207344572,0.0
C19orf35,0.056816785037517546,3.4575324814775046,0.0
DCSTAMP,0.05681158155202866,3.4521636422205524,0.0
RP11-139J15.7,0.05680212564766407,3.4467948029635993,0.0
GPR128,0.05679841600358486,3.4414259637066467,0.0
OR56B3P,0.05679543167352676,3.4360571244496945,0.0
DEFB112,0.056786459684371945,3.4306882851927414,0.0
VWC2,0.05678003095090389,3.4253194459357887,0.0
MFSD2B,0.05676437988877296,3.4199506066788357,0.0
PRSS53,0.056756637245416644,3.4145817674218835,0.0
C20orf85,0.05674582310020924,3.409212928164931,0.0
C1orf51,0.05673707202076912,3.4038440889079777,0.0
GAGE12J,0.05672918707132339,3.3984752496510255,0.0
C10orf129,0.05672316066920757,3.393106410394073,0.0
LRRC43,0.05669675692915917,3.38773757113712,0.0
KIR2DL3,0.056686144322156906,3.3823687318801676,0.0
KRT38,0.05667956359684467,3.376999892623215,0.0
NDNL2,0.05667414031922817,3.371631053366262,0.0
MAGEB17,0.056664377078413965,3.3662622141093097,0.0
SLC39A2,0.056659911200404166,3.360893374852357,0.0
C22orf26,0.05665563642978668,3.355524535595404,0.0
PIANP,0.056653900817036626,3.3501556963384513,0.0
CCDC62,0.05665303692221642,3.344786857081499,0.0
XG,0.056644054129719734,3.339418017824546,0.0
SPACA7,0.05663945861160755,3.3340491785675934,0.0
ZNF648,0.05663919113576412,3.3286803393106412,0.0
KRTAP5-11,0.05662778094410896,3.3233115000536886,0.0
VCX3B,0.056623533740639685,3.3179426607967355,0.0
DEFB114,0.05661591850221157,3.3125738215397833,0.0
C1orf27,0.05660825148224831,3.3072049822828307,0.0
C10orf91,0.056574868783354756,3.3018361430258776,0.0
C4orf40,0.0565680880099535,3.2964673037689254,0.0
AC022532.1,0.05655595436692238,3.2910984645119727,0.0
MST4,0.05655501708388329,3.2857296252550197,0.0
C10orf10,0.0565534558147192,3.2803607859980675,0.0
C15orf56,0.05654200464487076,3.274991946741115,0.0
SPATA19,0.056541793420910834,3.2696231074841617,0.0
TSPAN19,0.05653684549033642,3.264254268227209,0.0
C1orf147,0.05653041861951351,3.258885428970257,0.0
SATL1,0.056528203561902045,3.253516589713304,0.0
SMCP,0.05652386508882046,3.248147750456351,0.0
VPREB3,0.05652239620685577,3.242778911199399,0.0
ICAM4,0.05651472695171833,3.237410071942446,0.0
C14orf166B,0.05651380382478237,3.2320412326854933,0.0
PRB1,0.05651127435266971,3.226672393428541,0.0
AC093157.1,0.05650458261370659,3.221303554171588,0.0
RP11-279O9.4,0.05650432482361793,3.2159347149146353,0.0
TEX33,0.05649525858461857,3.210565875657683,0.0
HMSD,0.05649453736841679,3.20519703640073,0.0
C19orf55,0.05648459903895855,3.1998281971437774,0.0
C10orf99,0.05648442208766937,3.1944593578868243,0.0
FAM155A,0.05648261867463589,3.1890905186298726,0.0
AQP12B,0.05646001696586609,3.1837216793729195,0.0
C12orf74,0.056457994133234025,3.1783528401159664,0.0
GPR55,0.05645090006291866,3.1729840008590147,0.0
AF196779.12,0.05643979161977768,3.1676151616020616,0.0
TAAR8,0.0564056184142828,3.162246322345109,0.0
ACTRT2,0.05639945566654205,3.1568774830881567,0.0
C2orf57,0.05639245547354221,3.1515086438312037,0.0
EFCAB3,0.05639183223247528,3.146139804574251,0.0
AQP8,0.05637864135205746,3.140770965317299,0.0
SAMD12,0.05637722536921501,3.1354021260603457,0.0
HIST1H4B,0.05637577511370182,3.130033286803393,0.0
SLC16A11,0.05637105591595173,3.1246644475464405,0.0
C16orf46,0.056369314342737196,3.119295608289488,0.0
C8orf46,0.056356098502874374,3.113926769032535,0.0
AC022400.2,0.05633399970829487,3.1085579297755825,0.0
TPPP2,0.05627908520400524,3.10318909051863,0.0
GPR88,0.056268219277262686,3.0978202512616773,0.0
SLC2A11,0.05625091046094895,3.0924514120047246,0.0
C4orf17,0.056239533424377444,3.087082572747772,0.0
CCDC23,0.05623627379536629,3.0817137334908193,0.0
GPR42,0.05620788149535656,3.0763448942338667,0.0
ATP5L2,0.05620355010032654,3.070976054976914,0.0
CLEC14A,0.056200850382447244,3.0656072157199614,0.0
SLC22A25,0.05619344636797905,3.0602383764630083,0.0
ANKK1,0.05619307942688465,3.054869537206056,0.0
ZNF683,0.05618199370801449,3.0495006979491035,0.0
NXPE2,0.05617054253816604,3.0441318586921504,0.0
XKR7,0.05616829432547092,3.038763019435198,0.0
FBXO47,0.05614766739308834,3.0333941801782456,0.0
TRIM61,0.05614587441086769,3.028025340921293,0.0
AC129492.6,0.05614018999040127,3.0226565016643403,0.0
SCGB1D4,0.0561316940933466,3.017287662407387,0.0
KBTBD12,0.05612784661352634,3.011918823150435,0.0
KRTAP9-6,0.056118106842041014,3.0065499838934824,0.0
IL26,0.05610492192208767,3.0011811446365293,0.0
GBX1,0.05609934478998184,2.995812305379577,0.0
C12orf61,0.05609235987067222,2.9904434661226245,0.0
C15orf38-AP3S2,0.056084871664643286,2.9850746268656714,0.0
RP11-113D6.10,0.056074856966733935,2.979705787608719,0.0
XXcos-LUCA11.5,0.056059594824910165,2.974336948351766,0.0
PRG3,0.056054962053895,2.968968109094814,0.0
MMP26,0.05605096109211445,2.9635992698378613,0.0
ATOH7,0.0560176957398653,2.958230430580908,0.0
OTOP1,0.05599314533174038,2.952861591323956,0.0
TMEM225,0.05597794689238071,2.9474927520670033,0.0
GBP4,0.05597719810903072,2.9421239128100503,0.0
C3orf79,0.05594223663210869,2.936755073553098,0.0
NPTXR,0.0559410072863102,2.931386234296145,0.0
ODF1,0.05594022013247013,2.9260173950391923,0.0
AC011484.1,0.05593493580818176,2.92064855578224,0.0
C3orf35,0.05592551901936531,2.915279716525287,0.0
INSL6,0.055922943726181985,2.9099108772683344,0.0
C12orf5,0.05590863227844238,2.9045420380113818,0.0
SLC51B,0.05590530969202519,2.899173198754429,0.0
SFTA2,0.055897438898682594,2.893804359497477,0.0
C17orf97,0.055893882364034655,2.888435520240524,0.0
C8orf58,0.05589088127017021,2.883066680983571,0.0
CCT8L2,0.05589045323431492,2.877697841726619,0.0
HIST4H4,0.055886313691735266,2.872329002469666,0.0
KRTAP4-9,0.05587078593671322,2.8669601632127133,0.0
PTPLAD2,0.05586325749754906,2.8615913239557607,0.0
LHFPL1,0.05585994645953178,2.856222484698808,0.0
LYSMD4,0.055840464681386946,2.8508536454418554,0.0
PRB3,0.05583839900791645,2.8454848061849027,0.0
OOEP,0.05583828240633011,2.84011596692795,0.0
HIST1H3C,0.05582628659904003,2.834747127670998,0.0
IFNE,0.055819003656506536,2.829378288414045,0.0
RP11-144F15.1,0.05579335279762745,2.824009449157092,0.0
LCE3B,0.055763499811291695,2.8186406099001395,0.0
MSMP,0.05575397536158562,2.813271770643187,0.0
AC087645.1,0.05574038960039616,2.8079029313862343,0.0
MTERFD3,0.05573407113552094,2.8025340921292816,0.0
HTR5A-AS1,0.05573038384318352,2.797165252872329,0.0
CLLU1OS,0.05572985112667084,2.7917964136153763,0.0
GFRAL,0.055726589635014534,2.7864275743584237,0.0
C17orf78,0.05572473406791687,2.781058735101471,0.0
BEST3,0.05569150857627392,2.7756898958445184,0.0
TMPRSS11BNL,0.05568517111241818,2.7703210565875658,0.0
GNB2L1,0.05568499490618706,2.764952217330613,0.0
SLMO2,0.05568185858428478,2.7595833780736605,0.0
TBATA,0.055671915784478186,2.754214538816708,0.0
C21orf128,0.05567143931984901,2.748845699559755,0.0
FUT5,0.05566617213189602,2.7434768603028026,0.0
ISM2,0.05565439909696579,2.73810802104585,0.0
RNF113B,0.05565338097512722,2.7327391817888973,0.0
TPRX1,0.0556451641023159,2.7273703425319447,0.0
TEX13B,0.0556324627250433,2.722001503274992,0.0
GPR171,0.055626817792654035,2.7166326640180394,0.0
DCAF8L1,0.05562659651041031,2.7112638247610867,0.0
C12orf23,0.05562500096857548,2.7058949855041337,0.0
CALM3,0.055592740327119826,2.7005261462471815,0.0
DEFB124,0.05558227673172951,2.695157306990229,0.0
C18orf54,0.055579349398612976,2.689788467733276,0.0
SLC5A8,0.055573745444417,2.6844196284763235,0.0
SLC22A10,0.055561349540948865,2.679050789219371,0.0
IZUMO4,0.05555681101977825,2.6736819499624183,0.0
RXFP4,0.05555245392024517,2.6683131107054656,0.0
TRIM60,0.05555225983262062,2.6629442714485125,0.0
FAM159B,0.05554572679102421,2.6575754321915603,0.0
FAM216B,0.05553065724670887,2.6522065929346077,0.0
CTD-2349B8.1,0.055523057281970975,2.6468377536776546,0.0
AC004466.1,0.055512426793575285,2.6414689144207024,0.0
RNASE11,0.05550714023411274,2.6361000751637493,0.0
MSANTD1,0.055498379096388814,2.630731235906797,0.0
HSD3B1,0.05548593811690807,2.6253623966498445,0.0
ZNF575,0.05547433272004128,2.6199935573928914,0.0
KAL1,0.05546654760837555,2.614624718135939,0.0
C5orf49,0.055453211069107056,2.6092558788789866,0.0
IFNA17,0.05544358640909195,2.6038870396220335,0.0
FAM169B,0.055440621078014375,2.5985182003650813,0.0
ZCCHC5,0.055428360030055045,2.593149361108128,0.0
KRTAP5-3,0.05540936142206192,2.5877805218511756,0.0
PRSS42,0.055401512607932094,2.5824116825942234,0.0
C19orf40,0.05539205931127071,2.5770428433372703,0.0
CELA3B,0.05539055615663528,2.5716740040803177,0.0
CCR3,0.055375536903738976,2.5663051648233655,0.0
RNF183,0.05537468492984772,2.5609363255664124,0.0
C1orf85,0.05534582808613777,2.55556748630946,0.0
ZIM3,0.05534082017838955,2.550198647052507,0.0
LRIT1,0.05534076653420925,2.5448298077955545,0.0
COLCA1,0.05533840991556645,2.5394609685386023,0.0
BEND4,0.05532301999628544,2.534092129281649,0.0
AMTN,0.055321025848388675,2.5287232900246965,0.0
SBP1,0.055312979593873025,2.5233544507677443,0.0
GJC3,0.05531252883374691,2.5179856115107913,0.0
C1orf35,0.05529438778758049,2.5126167722538386,0.0
CHODL,0.05529236644506454,2.507247932996886,0.0
C11orf31,0.05528366155922413,2.5018790937399333,0.0
CSTL1,0.05527879782021046,2.496510254482981,0.0
C3orf52,0.05523060671985149,2.491141415226028,0.0
PRR23C,0.05523022077977657,2.4857725759690754,0.0
CLECL1,0.055223260447382926,2.4804037367121228,0.0
VNN1,0.055222539231181145,2.47503489745517,0.0
HIST2H3PS2,0.05522148311138153,2.4696660581982175,0.0
C9orf89,0.05522141009569168,2.464297218941265,0.0
MAGEA3,0.055209089815616605,2.458928379684312,0.0
KCNE1L,0.05520140714943409,2.4535595404273596,0.0
FAM71D,0.05519580654799938,2.448190701170407,0.0
AC004899.1,0.05517565459012985,2.4428218619134543,0.0
GUCA2A,0.05515163950622082,2.4374530226565017,0.0
SGOL1,0.055150273442268374,2.432084183399549,0.0
CCDC105,0.05514579750597477,2.4267153441425964,0.0
RP11-318A15.7,0.0551287479698658,2.4213465048856437,0.0
PRR23B,0.05512695610523224,2.415977665628691,0.0
HIST1H2BE,0.05511838532984257,2.4106088263717385,0.0
REG3G,0.05509340576827526,2.405239987114786,0.0
DHRS4L2,0.05509176142513752,2.399871147857833,0.0
TMEM156,0.05508495792746544,2.3945023086008805,0.0
PAGE2B,0.05508184693753719,2.389133469343928,0.0
RP1-170O19.20,0.05507354587316513,2.3837646300869753,0.0
LHFPL4,0.055049930885434153,2.3783957908300226,0.0
APOL3,0.055044207721948624,2.37302695157307,0.0
SLC10A6,0.05504347197711468,2.367658112316117,0.0
KRTAP21-2,0.05504196360707283,2.3622892730591647,0.0
KRTAP4-8,0.055035599321126935,2.356920433802212,0.0
C22orf43,0.055028445273637774,2.351551594545259,0.0
N4BP2L1,0.055019286647439006,2.3461827552883068,0.0
TMEM52,0.05500807762145996,2.340813916031354,0.0
SLC35G6,0.05500360392034054,2.3354450767744015,0.0
PRIMA1,0.05499810315668583,2.330076237517449,0.0
SRRM5,0.05498079471290111,2.3247073982604958,0.0
RBM14-RBM4,0.054978157952427865,2.3193385590035436,0.0
COX6A1P2,0.054972509294748305,2.313969719746591,0.0
TMEM244,0.05495710447430611,2.308600880489638,0.0
CALM2,0.05495019033551216,2.3032320412326857,0.0
SAMD10,0.05494416244328022,2.297863201975733,0.0
HTR3D,0.05494377352297306,2.29249436271878,0.0
C11orf71,0.054943718016147614,2.2871255234618277,0.0
APITD1-CORT,0.054931657016277315,2.2817566842048747,0.0
GPR82,0.05492716915905475,2.2763878449479225,0.0
C9orf170,0.05491623282432556,2.27101900569097,0.0
FAM71F2,0.05489279329776764,2.2656501664340167,0.0
LECT1,0.054885003715753555,2.2602813271770645,0.0
PVRL3,0.05488427355885506,2.254912487920112,0.0
HRCT1,0.054873314872384074,2.249543648663159,0.0
XAGE5,0.05487322919070721,2.2441748094062066,0.0
IFNK,0.05486349798738956,2.2388059701492535,0.0
LGALS16,0.05485638305544853,2.233437130892301,0.0
TMEM60,0.05485002472996712,2.2280682916353487,0.0
C5orf46,0.05483949780464172,2.2226994523783956,0.0
PLSCR5,0.0548275101929903,2.217330613121443,0.0
GTSF1L,0.05482472144067287,2.2119617738644903,0.0
CTC-360G5.1,0.0548220444470644,2.2065929346075377,0.0
CLEC3A,0.05482116043567657,2.2012240953505855,0.0
PET112,0.05481313094496727,2.1958552560936324,0.0
CGB1,0.054809591919183734,2.1904864168366798,0.0
KRTAP6-2,0.05479378886520862,2.1851175775797276,0.0
TMEM220,0.054788537323474884,2.1797487383227745,0.0
KRTAP21-1,0.054772022739052774,2.174379899065822,0.0
KRTAP13-1,0.054764341190457345,2.169011059808869,0.0
SLC2A7,0.054737615212798116,2.1636422205519166,0.0
C22orf15,0.05471812821924686,2.158273381294964,0.0
CLDN17,0.05471418127417564,2.1529045420380113,0.0
CABP7,0.054706485196948054,2.1475357027810587,0.0
HIST1H3J,0.05470390021800995,2.1421668635241065,0.0
MS4A15,0.05470142811536789,2.1367980242671534,0.0
PATE2,0.05468491911888122,2.1314291850102007,0.0
PRSS37,0.0546836007386446,2.126060345753248,0.0
TNP2,0.05467831715941429,2.1206915064962955,0.0
FAM167B,0.0546639945358038,2.115322667239343,0.0
FGF11,0.05465344600379467,2.10995382798239,0.0
C1orf229,0.05464247055351734,2.1045849887254375,0.0
C14orf182,0.05463630333542824,2.099216149468485,0.0
PAQR4,0.05461338646709919,2.0938473102115323,0.0
HIST1H4L,0.05461299307644367,2.0884784709545796,0.0
C6orf25,0.05461086146533489,2.083109631697627,0.0
AC020922.1,0.05460570976138115,2.0777407924406743,0.0
FNDC7,0.05459298267960548,2.0723719531837217,0.0
UTP11L,0.05457075536251068,2.067003113926769,0.0
C16orf93,0.05456513799726963,2.0616342746698164,0.0
FCGR1B,0.05455845631659031,2.0562654354128638,0.0
AP000695.1,0.05455237813293934,2.050896596155911,0.0
ANXA8L2,0.05451828204095364,2.0455277568989585,0.0
TMPRSS11B,0.05451253354549408,2.040158917642006,0.0
CTRB2,0.05451166480779648,2.034790078385053,0.0
IGFL4,0.05448840633034706,2.0294212391281006,0.0
RNASE12,0.054451628029346465,2.024052399871148,0.0
REG4,0.05444411300122738,2.0186835606141953,0.0
LRRC18,0.0544307004660368,2.013314721357242,0.0
ST8SIA3,0.054427698254585266,2.00794588210029,0.0
C21orf62,0.05442311465740204,2.0025770428433374,0.0
DEFB135,0.054405393078923225,1.9972082035863845,0.0
TTLL2,0.05439584068953991,1.991839364329432,0.0
CREG2,0.05437960922718048,1.9864705250724795,0.0
MS4A4A,0.05436122305691242,1.9811016858155266,0.0
LYPD5,0.05435997880995273,1.9757328465585742,0.0
TMEM202,0.054325802624225615,1.9703640073016213,0.0
MMP17,0.054309013113379476,1.9649951680446687,0.0
LCE1E,0.05430075526237488,1.9596263287877163,0.0
MRGPRX3,0.054300088062882425,1.9542574895307634,0.0
SPHAR,0.0542745478451252,1.9488886502738108,0.0
LEMD1,0.05426683351397514,1.943519811016858,0.0
C7orf10,0.054244400933384895,1.9381509717599055,0.0
RFPL1,0.05421608276665211,1.932782132502953,0.0
PRR25,0.05418137609958649,1.9274132932460002,0.0
NKX6-3,0.054177907109260556,1.9220444539890476,0.0
C12orf56,0.05417352356016636,1.9166756147320951,0.0
RNASE9,0.05417013205587864,1.9113067754751423,0.0
SYNGR4,0.05416207462549209,1.9059379362181896,0.0
KRTAP1-5,0.0541613020002842,1.9005690969612368,0.0
IBSP,0.054158343374729155,1.8952002577042844,0.0
NHLRC4,0.054158008098602294,1.8898314184473317,0.0
SLC22A9,0.05415704026818276,1.8844625791903789,0.0
IQCD,0.05415540002286434,1.8790937399334264,0.0
HIST2H3D,0.05413716174662113,1.873724900676474,0.0
PAXIP1-AS2,0.054125478863716124,1.868356061419521,0.0
HEPN1,0.05412086732685566,1.8629872221625685,0.0
C2orf62,0.05411644354462623,1.8576183829056157,0.0
VSTM2A,0.054110629856586455,1.8522495436486632,0.0
KRTAP11-1,0.05410558432340622,1.8468807043917106,0.0
DNAH17-AS1,0.054095514863729474,1.8415118651347577,0.0
TMEM217,0.05408351309597492,1.8361430258778053,0.0
C9orf153,0.0540746059268713,1.8307741866208527,0.0
FABP12,0.054064451903104785,1.8254053473638998,0.0
SF3B14,0.05406313166022301,1.8200365081069474,0.0
PIRT,0.05405814722180367,1.8146676688499945,0.0
SLC22A14,0.054055769741535184,1.809298829593042,0.0
C11orf40,0.05403371714055538,1.8039299903360895,0.0
DEFB134,0.05402507372200489,1.7985611510791366,0.0
TMEM170B,0.05402115471661091,1.7931923118221842,0.0
DAPL1,0.05401657335460186,1.7878234725652313,0.0
CXorf36,0.054006414115428926,1.7824546333082787,0.0
SLAMF9,0.054002963751554486,1.7770857940513263,0.0
CD300LD,0.053998269885778424,1.7717169547943734,0.0
C16orf78,0.05397034399211407,1.7663481155374208,0.0
C14orf28,0.05394418872892857,1.7609792762804684,0.0
C8orf44,0.05394112877547741,1.7556104370235155,0.0
VN1R4,0.05394013337790966,1.7502415977665629,0.0
WDR38,0.05393695682287216,1.74487275850961,0.0
KRTAP5-2,0.05393199622631073,1.7395039192526576,0.0
MFSD6L,0.053930428624153134,1.734135079995705,0.0
KRTAP3-2,0.05392338410019874,1.7287662407387523,0.0
LCE5A,0.05392156802117824,1.7233974014817997,0.0
LCE1A,0.05391836054623127,1.7180285622248472,0.0
LCE1F,0.053912774100899695,1.7126597229678944,0.0
RP5-1052I5.2,0.053903786838054656,1.7072908837109417,0.0
ZNF812,0.0539032980799675,1.7019220444539889,0.0
LRRC19,0.05390037856996059,1.6965532051970365,0.0
LYPD2,0.05389171801507473,1.6911843659400838,0.0
FNDC9,0.05388153381645679,1.685815526683131,0.0
LEAP2,0.05387336388230324,1.6804466874261785,0.0
TXNDC8,0.053872343897819516,1.6750778481692257,0.0
PPIAL4G,0.053858764469623566,1.669709008912273,0.0
AP000889.3,0.053846532478928566,1.6643401696553206,0.0
DEFB131,0.053830257058143614,1.6589713303983677,0.0
KCNK13,0.053828060254454614,1.6536024911414153,0.0
C2orf70,0.05382573939859867,1.6482336518844627,0.0
LGALS13,0.053807183355093005,1.6428648126275098,0.0
PRR21,0.05380643531680107,1.6374959733705574,0.0
CXorf48,0.05379027538001537,1.6321271341136045,0.0
TM4SF18,0.05377815291285515,1.626758294856652,0.0
VN1R2,0.05376043096184731,1.6213894555996995,0.0
C3orf55,0.05375703051686287,1.6160206163427466,0.0
AC013449.1,0.05372954681515694,1.610651777085794,0.0
SPRR2F,0.053715186193585396,1.6052829378288416,0.0
CXorf40B,0.05371294841170311,1.5999140985718887,0.0
RP11-20I23.1,0.05371096134185791,1.5945452593149363,0.0
SLC35G5,0.05369267947971821,1.5891764200579832,0.0
PRB2,0.05369018130004406,1.5838075808010308,0.0
C7orf69,0.05368473865091801,1.5784387415440784,0.0
C7orf66,0.05367788933217525,1.5730699022871255,0.0
AKR7L,0.053676212951540944,1.5677010630301729,0.0
C5orf38,0.0536702461540699,1.5623322237732202,0.0
NGFRAP1,0.053665438666939735,1.5569633845162676,0.0
KLF17,0.05366506651043892,1.551594545259315,0.0
WBP5,0.053640366345643994,1.5462257060023623,0.0
ZNF705A,0.05363850966095925,1.5408568667454097,0.0
DNAH10OS,0.05363758057355881,1.535488027488457,0.0
FNDC8,0.053599411621689796,1.5301191882315042,0.0
ADAMDEC1,0.05359844602644444,1.5247503489745518,0.0
C3orf56,0.05358283929526806,1.519381509717599,0.0
CXorf66,0.053582599759101866,1.5140126704606465,0.0
TMEM72,0.05355585366487503,1.5086438312036936,0.0
CEACAM19,0.053555015847086905,1.5032749919467412,0.0
GGTLC2,0.05354933328926563,1.4979061526897886,0.0
PPAPDC2,0.05352332964539528,1.4925373134328357,0.0
ISM1,0.05351830050349236,1.487168474175883,0.0
C1orf56,0.053514619916677476,1.4817996349189306,0.0
C1orf162,0.053502685576677325,1.476430795661978,0.0
GYPE,0.053479119390249255,1.4710619564050251,0.0
CCDC163P,0.05347537286579609,1.4656931171480725,0.0
FAM154A,0.053431769087910655,1.46032427789112,0.0
MS4A14,0.05341779477894306,1.4549554386341672,0.0
TSPYL6,0.0534152053296566,1.4495865993772146,0.0
NIPAL1,0.05341402105987072,1.444217760120262,0.0
KIAA1737,0.0534093365073204,1.4388489208633095,0.0
LCNL1,0.05340918339788914,1.4334800816063566,0.0
OTOR,0.053405261412262914,1.428111242349404,0.0
COX8C,0.05338110961019993,1.4227424030924514,0.0
KRTAP4-7,0.05338048189878464,1.417373563835499,0.0
RNASE8,0.053379588574171064,1.412004724578546,0.0
MRGPRD,0.053373045101761815,1.4066358853215934,0.0
SCGB1D1,0.05336209014058113,1.4012670460646408,0.0
PRAMEF11,0.05335818268358707,1.3958982068076882,0.0
ABHD15,0.05333293788135052,1.3905293675507355,0.0
C19orf80,0.053317878395318985,1.3851605282937829,0.0
CDCP2,0.053308331221342084,1.3797916890368302,0.0
EDDM3A,0.053288531675934794,1.3744228497798776,0.0
LENEP,0.05328514315187931,1.369054010522925,0.0
GLTPD1,0.05327026546001434,1.3636851712659723,0.0
C1orf146,0.05326356254518032,1.3583163320090197,0.0
HIST1H3H,0.05326055884361267,1.3529474927520668,0.0
PPAPDC3,0.05322651639580726,1.3475786534951144,0.0
ZNF695,0.053226425871253015,1.3422098142381618,0.0
ZHX1-C8ORF76,0.05320378392934799,1.3368409749812091,0.0
GLTPD2,0.053198262304067614,1.3314721357242563,0.0
HTRA4,0.0531902089715004,1.3261032964673038,0.0
MFSD9,0.05318027213215828,1.3207344572103512,0.0
APCDD1L,0.053162898495793344,1.3153656179533986,0.0
METTL21C,0.05316240340471268,1.3099967786964457,0.0
PLA2G2D,0.053155044466257094,1.3046279394394933,0.0
FAM211A,0.05314909815788269,1.2992591001825406,0.0
PLA2G2F,0.05312878116965294,1.2938902609255878,0.0
METTL24,0.05312803350389004,1.2885214216686351,0.0
PAPL,0.053098582476377484,1.2831525824116827,0.0
C3orf18,0.053096086531877515,1.27778374315473,0.0
HRASLS,0.05309376791119576,1.2724149038977772,0.0
GPR137C,0.05309246741235256,1.2670460646408246,0.0
STEAP1B,0.05309114269912243,1.2616772253838722,0.0
LDLRAD2,0.05306939706206322,1.2563083861269193,0.0
NXPE1,0.05306653194129467,1.2509395468699667,0.0
KLHL30,0.05306130461394787,1.245570707613014,0.0
GAGE10,0.05305801257491112,1.2402018683560614,0.0
OTOP3,0.05305622927844524,1.2348330290991087,0.0
SLC25A45,0.05303413569927216,1.229464189842156,0.0
ZNF805,0.05302757173776627,1.2240953505852035,0.0
LYPD4,0.053025486692786214,1.2187265113282508,0.0
LRRC56,0.053021302446722984,1.2133576720712982,0.0
C5orf15,0.05301663763821125,1.2079888328143455,0.0
C1orf158,0.05300540290772915,1.202619993557393,0.0
SLC46A2,0.052969465404748915,1.1972511543004403,0.0
PRODH2,0.05296781659126282,1.1918823150434876,0.0
DIRC1,0.052946945279836656,1.186513475786535,0.0
BPIFB6,0.05293159782886505,1.1811446365295823,0.0
FAM105B,0.05290006808936596,1.1757757972726295,0.0
PRB4,0.05289316400885582,1.170406958015677,0.0
C3orf70,0.052888736501336096,1.1650381187587244,0.0
NHP2L1,0.05288614481687546,1.1596692795017718,0.0
C19orf26,0.052869605645537374,1.154300440244819,0.0
MS4A13,0.052844458073377606,1.1489316009878665,0.0
CLDN8,0.05284075476229191,1.1435627617309139,0.0
TEDDM1,0.052831906080245974,1.1381939224739612,0.0
C11orf16,0.05281790867447853,1.1328250832170084,0.0
MYCT1,0.05280437618494034,1.127456243960056,0.0
CTXN3,0.05279896929860115,1.1220874047031033,0.0
PLAC1L,0.05278002843260765,1.1167185654461504,0.0
FAM166A,0.05277534313499928,1.1113497261891978,0.0
C11orf94,0.05273782759904862,1.1059808869322452,0.0
DEFB129,0.05273512154817581,1.1006120476752927,0.0
C7orf33,0.05271760411560535,1.0952432084183399,0.0
TEX26,0.05271271169185639,1.0898743691613872,0.0
KIAA1257,0.05270298570394516,1.0845055299044346,0.0
PRSS57,0.052696454152464864,1.079136690647482,0.0
RABL5,0.052696387842297555,1.0737678513905293,0.0
C7orf62,0.05266732275485993,1.0683990121335767,0.0
C12orf77,0.05266520157456398,1.063030172876624,0.0
GALP,0.05261955745518208,1.0576613336196714,0.0
GUCA1B,0.052613775804638864,1.0522924943627188,0.0
TSPO2,0.05256025455892086,1.0469236551057661,0.0
FAM220A,0.05256003327667713,1.0415548158488135,0.0
CALHM1,0.05253538191318512,1.0361859765918608,0.0
CNTD2,0.05252292603254318,1.0308171373349082,0.0
MRP63,0.05252191387116909,1.0254482980779556,0.0
MANSC1,0.05249972641468048,1.020079458821003,0.0
CPLX4,0.05249783247709274,1.0147106195640503,0.0
PRSS55,0.052495507150888444,1.0093417803070976,0.0
IL1F10,0.05249325782060623,1.003972941050145,0.0
C12orf42,0.05248053781688213,0.9986041017931923,0.0
ARGFX,0.05247822739183903,0.9932352625362397,0.0
C2orf83,0.052433863282203674,0.9878664232792871,0.0
SYNDIG1L,0.05243283286690712,0.9824975840223343,0.0
NDUFC2-KCTD14,0.05240255557000637,0.9771287447653817,0.0
C1orf110,0.05240136533975601,0.971759905508429,0.0
FAM209B,0.05237265303730965,0.9663910662514765,0.0
WFDC10A,0.0523582324385643,0.9610222269945238,0.0
KRTAP27-1,0.052350054308772084,0.9556533877375711,0.0
DBNDD1,0.05230104774236679,0.9502845484806184,0.0
FAM71A,0.052283305674791336,0.9449157092236659,0.0
TMEM179,0.05228059440851211,0.9395468699667132,0.0
C15orf32,0.0522755354642868,0.9341780307097605,0.0
KRTAP13-4,0.052269468829035756,0.9288091914528078,0.0
KIAA1984,0.05226569063961506,0.9234403521958553,0.0
FAM211B,0.05223497860133648,0.9180715129389027,0.0
IFNA1,0.05220538713037968,0.9127026736819499,0.0
B3GALT5,0.05220367275178432,0.9073338344249973,0.0
PRPH2,0.052195516601204875,0.9019649951680447,0.0
BANF2,0.05217615626752377,0.8965961559110921,0.0
IL8,0.05214731469750404,0.8912273166541393,0.0
KRTAP15-1,0.05213030390441418,0.8858584773971867,0.0
C5orf48,0.052104581519961356,0.8804896381402342,0.0
C16orf3,0.05207069516181946,0.8751207988832814,0.0
CLRN2,0.052033000811934474,0.8697519596263288,0.0
C11orf83,0.05203254111111164,0.8643831203693761,0.0
IGFBPL1,0.05202443152666092,0.8590142811124236,0.0
C2orf61,0.052021872624754904,0.8536454418554709,0.0
FAM19A5,0.05202181749045849,0.8482766025985182,0.0
KLK14,0.052019355446100236,0.8429077633415655,0.0
IGJ,0.052016709372401236,0.8375389240846128,0.0
C3orf27,0.052016089856624606,0.8321700848276603,0.0
RETNLB,0.05198172554373741,0.8268012455707077,0.0
C16orf90,0.051947887614369394,0.8214324063137549,0.0
POM121L12,0.051943184435367586,0.8160635670568023,0.0
DNAH12,0.05192396268248558,0.8106947277998497,0.0
PVRL4,0.051917823404073714,0.805325888542897,0.0
KRTAP4-3,0.05191018544137478,0.7999570492859444,0.0
KRTAP1-3,0.0519060954451561,0.7945882100289916,0.0
PRR23A,0.05190596878528595,0.7892193707720392,0.0
SLMO1,0.05188229009509086,0.7838505315150864,0.0
C12orf68,0.05186923891305924,0.7784816922581338,0.0
TFF2,0.05186613015830517,0.7731128530011812,0.0
TMEM95,0.051862168684601785,0.7677440137442285,0.0
DNAJC25-GNG10,0.05182754285633564,0.7623751744872759,0.0
APOBEC4,0.0517946045845747,0.7570063352303232,0.0
LRTM1,0.051791587844491005,0.7516374959733706,0.0
LCN6,0.05177550166845322,0.7462686567164178,0.0
LAG3,0.051766933500766756,0.7408998174594653,0.0
C10orf120,0.05176684334874153,0.7355309782025126,0.0
SBK2,0.05175533853471279,0.73016213894556,0.0
C19orf48,0.05173498801887035,0.7247932996886073,0.0
TMEM207,0.051730706542730334,0.7194244604316548,0.0
PBOV1,0.051714885234832766,0.714055621174702,0.0
RNF215,0.05171450711786747,0.7086867819177495,0.0
C10orf25,0.051688745990395545,0.7033179426607967,0.0
REP15,0.05168273150920868,0.6979491034038441,0.0
C6orf57,0.05167819447815418,0.6925802641468914,0.0
GPR87,0.05166997648775577,0.6872114248899388,0.0
PRSS58,0.05160118788480759,0.6818425856329862,0.0
CXorf27,0.05160020478069782,0.6764737463760334,0.0
SIRPB2,0.05155235193669796,0.6711049071190809,0.0
CLDN24,0.05154914520680905,0.6657360678621281,0.0
KRTAP13-2,0.051547334715723994,0.6603672286051756,0.0
METTL12,0.05153223276138306,0.6549983893482229,0.0
C9orf135,0.05151121728122234,0.6496295500912703,0.0
C5orf20,0.05150054916739464,0.6442607108343176,0.0
C1orf61,0.05147132314741611,0.638891871577365,0.0
TMEM105,0.05142474994063377,0.6335230323204123,0.0
TMEM116,0.05139102712273598,0.6281541930634597,0.0
MKI67IP,0.05136940516531467,0.622785353806507,0.0
SPEM1,0.05132625065743923,0.6174165145495544,0.0
SPATA9,0.05132013559341431,0.6120476752926017,0.0
HYAL4,0.05131084136664867,0.6066788360356491,0.0
C1orf63,0.051304233819246294,0.6013099967786965,0.0
PTPLA,0.05126473344862461,0.5959411575217438,0.0
C1orf100,0.051261525601148605,0.5905723182647912,0.0
TAAR5,0.051250451058149335,0.5852034790078385,0.0
TBC1D28,0.05115366652607918,0.5798346397508859,0.0
FAM92B,0.051151792705059054,0.5744658004939333,0.0
ETV3L,0.051138515770435336,0.5690969612369806,0.0
ST20,0.051131614670157435,0.563728121980028,0.0
FOLR2,0.05110562480986118,0.5583592827230752,0.0
NCR2,0.05109773688018322,0.5529904434661226,0.0
NIPSNAP3B,0.05108517855405807,0.5476216042091699,0.0
IL36G,0.05106961578130722,0.5422527649522173,0.0
PPAPDC1B,0.05106826052069664,0.5368839256952647,0.0
SH2D6,0.05106550082564354,0.531515086438312,0.0
FSCN3,0.05104478634893894,0.5261462471813594,0.0
C2orf53,0.05096394866704941,0.5207774079244067,0.0
MRGPRX4,0.050942301750183105,0.5154085686674541,0.0
GPR31,0.05086740292608738,0.5100397294105015,0.0
CT62,0.05083562023937702,0.5046708901535488,0.0
FAM163A,0.050830284133553505,0.49930205089659613,0.0
C11orf48,0.0508225567638874,0.49393321163964354,0.0
EFCAB4A,0.05081908889114857,0.48856437238269085,0.0
MORN5,0.050819055363535884,0.48319553312573826,0.0
RP11-1396O13.13,0.05078936778008938,0.47782669386878557,0.0
C14orf183,0.05060895010828972,0.47245785461183293,0.0
FAM173B,0.050527597218751906,0.46708901535488023,0.0
CCDC54,0.05052739717066288,0.46172017609792765,0.0
METTL20,0.05052618905901909,0.45635133684097495,0.0
C12orf71,0.05051902979612351,0.45098249758402237,0.0
TMEM178A,0.05050985515117645,0.4456136583270697,0.0
CRYGN,0.05048414170742035,0.4402448190701171,0.0
TSPAN16,0.0504643339663744,0.4348759798131644,0.0
C19orf10,0.05045857094228268,0.4295071405562118,0.0
CXorf61,0.05045706629753113,0.4241383012992591,0.0
PRCD,0.050421014055609704,0.4187694620423064,0.0
KRTAP24-1,0.05042091496288777,0.41340062278535383,0.0
SLC10A5,0.050419789552688596,0.40803178352840114,0.0
SBSPON,0.05034415200352669,0.4026629442714485,0.0
OLFML1,0.05031031332910061,0.3972941050144958,0.0
C3orf72,0.05025793835520744,0.3919252657575432,0.0
SHF,0.050251669436693194,0.3865564265005906,0.0
GPR152,0.0502402413636446,0.38118758724363794,0.0
HIGD1C,0.050217454880476,0.3758187479866853,0.0
SELRC1,0.050215252116322516,0.37044990872973266,0.0
RTP1,0.05019988007843494,0.36508106947278,0.0
CGREF1,0.050139162316918374,0.3597122302158274,0.0
FAM181A,0.050124190375208856,0.35434339095887474,0.0
C9orf156,0.05008506737649441,0.34897455170192204,0.0
C17orf85,0.050081954896450044,0.3436057124449694,0.0
C8orf31,0.05004487931728363,0.3382368731880167,0.0
MMP21,0.04997596703469753,0.33286803393106407,0.0
OSTN,0.04986532293260097,0.3274991946741114,0.0
C1orf95,0.04983545392751694,0.3221303554171588,0.0
PLA2G2E,0.04980236254632473,0.31676151616020615,0.0
LAMP5,0.04978605248034,0.3113926769032535,0.0
FAM166B,0.04976057969033718,0.30602383764630087,0.0
TAAR2,0.04973194450139999,0.3006549983893482,0.0
C1orf192,0.04972849190235138,0.2952861591323956,0.0
KCNK7,0.04969719983637333,0.28991731987544295,0.0
C11orf88,0.04969179816544056,0.2845484806184903,0.0
CEACAM18,0.04969056062400341,0.2791796413615376,0.0
TNFAIP8L3,0.04951160736382008,0.27381080210458497,0.0
C15orf38,0.04950072802603245,0.26844196284763233,0.0
CLEC12B,0.04949557818472385,0.2630731235906797,0.0
LCN10,0.049451349675655364,0.25770428433372705,0.0
C12orf39,0.04943532347679138,0.2523354450767744,0.0
GAPT,0.04941312372684479,0.24696660581982177,0.0
TEX35,0.04940250888466835,0.24159776656286913,0.0
C8orf47,0.049401309713721274,0.23622892730591646,0.0
C12orf52,0.049396148324012755,0.23086008804896382,0.0
TMEM196,0.04936777725815773,0.22549124879201118,0.0
C4orf36,0.04935130812227726,0.22012240953505854,0.0
TMEM211,0.04934456795454025,0.2147535702781059,0.0
TMEM136,0.04928409829735756,0.2093847310211532,0.0
C9orf37,0.049248316884040834,0.20401589176420057,0.0
TMEM81,0.04924798421561718,0.1986470525072479,0.0
C1orf86,0.04924634099006653,0.1932782132502953,0.0
LCN8,0.0491661824285984,0.18790937399334265,0.0
C20orf166,0.049147583171725275,0.18254053473639,0.0
C14orf2,0.049116392806172374,0.17717169547943737,0.0
C8orf74,0.04910953231155872,0.1718028562224847,0.0
C15orf53,0.04904891774058342,0.16643401696553203,0.0
C13orf35,0.049027418717741966,0.1610651777085794,0.0
XRCC6BP1,0.04901391081511974,0.15569633845162675,0.0
C4orf6,0.049010756239295,0.1503274991946741,0.0
SPINK8,0.048950154706835745,0.14495865993772147,0.0
PARM1,0.0489397045224905,0.1395898206807688,0.0
C1orf210,0.04893582388758659,0.13422098142381617,0.0
OTOL1,0.048813053965568544,0.12885214216686353,0.0
OR10X1,0.048784568533301355,0.12348330290991089,0.0
ACN9,0.04863562397658825,0.11811446365295823,0.0
PI16,0.04862341098487377,0.11274562439600559,0.0
PRSS27,0.0485163975507021,0.10737678513905295,0.0
PXT1,0.04848661869764328,0.10200794588210028,0.0
TPSG1,0.04846827760338783,0.09663910662514764,0.0
KHDC1,0.04836475402116776,0.091270267368195,0.0
MTERF,0.048266445845365526,0.08590142811124235,0.0
IFNA13,0.048214488103985785,0.0805325888542897,0.0
MRGPRE,0.04816817678511143,0.07516374959733706,0.0
C7orf57,0.048161367699503896,0.0697949103403844,0.0
DHRS7C,0.047974377125501635,0.06442607108343176,0.0
C4orf29,0.04791085235774517,0.059057231826479116,0.0
LRIT3,0.047643455862998965,0.053688392569526476,0.0
PGPEP1L,0.047444016113877295,0.04831955331257382,0.0
C7orf65,0.0472086276859045,0.042950714055621175,0.0
MRGPRX2,0.04714673571288586,0.03758187479866853,0.0
CEACAM4,0.046946252882480624,0.03221303554171588,0.0
INSL4,0.046799018234014514,0.026844196284763238,0.0
TMEM14E,0.04679313711822033,0.021475357027810588,0.0
C17orf64,0.04673449397087097,0.01610651777085794,0.0
FAM221B,0.04640656784176826,0.010737678513905294,0.0
OR52B4,0.04605323784053326,0.005368839256952647,0.0
