scheme	family	control_group	top_k	ranked_genes	paired_ranked_genes	whole_universe_spearman	top_k_overlap	top_k_jaccard	boundary_score	boundary_tie_population	controls_expected	controls_scored	control_median_percentile	controls_top_quartile	controls_top_10pct	controls_top_k	control_coverage_fraction	control_top_quartile_fraction_expected	control_top_10pct_recall_expected	control_top_k_recall_expected	weight_gnomad	weight_expression	weight_annotation	weight_localization	weight_animal_model	weight_literature
default	default	usher	25	20053	20053	1.0	25	1.0	0.7446144766511446	1	9	9	0.9777079593058049	9	6	0	1.0	1.0	0.6666666666666666	0.0	0.2	0.2	0.15	0.15	0.15	0.15
default	default	syscilia	25	20053	20053	1.0	25	1.0	0.7446144766511446	1	28	28	0.919309794534211	26	15	0	1.0	0.9285714285714286	0.5357142857142857	0.0	0.2	0.2	0.15	0.15	0.15	0.15
default	default	housekeeping	25	20053	20053	1.0	25	1.0	0.7446144766511446	1	13	13	0.9481847197287053	11	9	0	1.0	0.8461538461538461	0.6923076923076923	0.0	0.2	0.2	0.15	0.15	0.15	0.15
default	default	usher	50	20053	20053	1.0	50	1.0	0.7223953554761179	1	9	9	0.9777079593058049	9	6	0	1.0	1.0	0.6666666666666666	0.0	0.2	0.2	0.15	0.15	0.15	0.15
default	default	syscilia	50	20053	20053	1.0	50	1.0	0.7223953554761179	1	28	28	0.919309794534211	26	15	0	1.0	0.9285714285714286	0.5357142857142857	0.0	0.2	0.2	0.15	0.15	0.15	0.15
default	default	housekeeping	50	20053	20053	1.0	50	1.0	0.7223953554761179	1	13	13	0.9481847197287053	11	9	0	1.0	0.8461538461538461	0.6923076923076923	0.0	0.2	0.2	0.15	0.15	0.15	0.15
default	default	usher	100	20053	20053	1.0	100	1.0	0.7013732168783862	1	9	9	0.9777079593058049	9	6	2	1.0	1.0	0.6666666666666666	0.2222222222222222	0.2	0.2	0.15	0.15	0.15	0.15
default	default	syscilia	100	20053	20053	1.0	100	1.0	0.7013732168783862	1	28	28	0.919309794534211	26	15	1	1.0	0.9285714285714286	0.5357142857142857	0.03571428571428571	0.2	0.2	0.15	0.15	0.15	0.15
default	default	housekeeping	100	20053	20053	1.0	100	1.0	0.7013732168783862	1	13	13	0.9481847197287053	11	9	2	1.0	0.8461538461538461	0.6923076923076923	0.15384615384615385	0.2	0.2	0.15	0.15	0.15	0.15
equal	modest_weights	usher	25	20053	20053	0.99516679288223	23	0.8518518518518519	0.7351754648470585	1	9	9	0.9829443447037702	9	8	0	1.0	1.0	0.8888888888888888	0.0	0.16666666666666666	0.16666666666666666	0.16666666666666666	0.16666666666666666	0.16666666666666666	0.16666666666666666
equal	modest_weights	syscilia	25	20053	20053	0.99516679288223	23	0.8518518518518519	0.7351754648470585	1	28	28	0.9414771593855975	26	18	0	1.0	0.9285714285714286	0.6428571428571429	0.0	0.16666666666666666	0.16666666666666666	0.16666666666666666	0.16666666666666666	0.16666666666666666	0.16666666666666666
equal	modest_weights	housekeeping	25	20053	20053	0.99516679288223	23	0.8518518518518519	0.7351754648470585	1	13	13	0.9353680430879713	11	8	0	1.0	0.8461538461538461	0.6153846153846154	0.0	0.16666666666666666	0.16666666666666666	0.16666666666666666	0.16666666666666666	0.16666666666666666	0.16666666666666666
equal	modest_weights	usher	50	20053	20053	0.99516679288223	40	0.6666666666666666	0.7163265115239892	1	9	9	0.9829443447037702	9	8	2	1.0	1.0	0.8888888888888888	0.2222222222222222	0.16666666666666666	0.16666666666666666	0.16666666666666666	0.16666666666666666	0.16666666666666666	0.16666666666666666
equal	modest_weights	syscilia	50	20053	20053	0.99516679288223	40	0.6666666666666666	0.7163265115239892	1	28	28	0.9414771593855975	26	18	1	1.0	0.9285714285714286	0.6428571428571429	0.03571428571428571	0.16666666666666666	0.16666666666666666	0.16666666666666666	0.16666666666666666	0.16666666666666666	0.16666666666666666
equal	modest_weights	housekeeping	50	20053	20053	0.99516679288223	40	0.6666666666666666	0.7163265115239892	1	13	13	0.9353680430879713	11	8	0	1.0	0.8461538461538461	0.6153846153846154	0.0	0.16666666666666666	0.16666666666666666	0.16666666666666666	0.16666666666666666	0.16666666666666666	0.16666666666666666
equal	modest_weights	usher	100	20053	20053	0.99516679288223	86	0.7543859649122807	0.6926779547626883	1	9	9	0.9829443447037702	9	8	3	1.0	1.0	0.8888888888888888	0.3333333333333333	0.16666666666666666	0.16666666666666666	0.16666666666666666	0.16666666666666666	0.16666666666666666	0.16666666666666666
equal	modest_weights	syscilia	100	20053	20053	0.99516679288223	86	0.7543859649122807	0.6926779547626883	1	28	28	0.9414771593855975	26	18	1	1.0	0.9285714285714286	0.6428571428571429	0.03571428571428571	0.16666666666666666	0.16666666666666666	0.16666666666666666	0.16666666666666666	0.16666666666666666	0.16666666666666666
equal	modest_weights	housekeeping	100	20053	20053	0.99516679288223	86	0.7543859649122807	0.6926779547626883	1	13	13	0.9353680430879713	11	8	2	1.0	0.8461538461538461	0.6153846153846154	0.15384615384615385	0.16666666666666666	0.16666666666666666	0.16666666666666666	0.16666666666666666	0.16666666666666666	0.16666666666666666
single_gnomad	single_layer	usher	25	18127	18127	0.6941746371107888	0	0.0	0.9826442062276671	1	9	9	0.5602449520026481	0	0	0	1.0	0.0	0.0	0.0	1.0	0.0	0.0	0.0	0.0	0.0
single_gnomad	single_layer	syscilia	25	18127	18127	0.6941746371107888	0	0.0	0.9826442062276671	1	28	26	0.49914487476553016	0	0	0	0.9285714285714286	0.0	0.0	0.0	1.0	0.0	0.0	0.0	0.0	0.0
single_gnomad	single_layer	housekeeping	25	18127	18127	0.6941746371107888	0	0.0	0.9826442062276671	1	13	11	0.8972746331236897	9	5	0	0.8461538461538461	0.6923076923076923	0.38461538461538464	0.0	1.0	0.0	0.0	0.0	0.0	0.0
single_gnomad	single_layer	usher	50	18127	18127	0.6941746371107888	1	0.010101010101010102	0.976518631955079	1	9	9	0.5602449520026481	0	0	0	1.0	0.0	0.0	0.0	1.0	0.0	0.0	0.0	0.0	0.0
single_gnomad	single_layer	syscilia	50	18127	18127	0.6941746371107888	1	0.010101010101010102	0.976518631955079	1	28	26	0.49914487476553016	0	0	0	0.9285714285714286	0.0	0.0	0.0	1.0	0.0	0.0	0.0	0.0	0.0
single_gnomad	single_layer	housekeeping	50	18127	18127	0.6941746371107888	1	0.010101010101010102	0.976518631955079	1	13	11	0.8972746331236897	9	5	0	0.8461538461538461	0.6923076923076923	0.38461538461538464	0.0	1.0	0.0	0.0	0.0	0.0	0.0
single_gnomad	single_layer	usher	100	18127	18127	0.6941746371107888	5	0.02564102564102564	0.9668198060234813	3	9	9	0.5602449520026481	0	0	0	1.0	0.0	0.0	0.0	1.0	0.0	0.0	0.0	0.0	0.0
single_gnomad	single_layer	syscilia	100	18127	18127	0.6941746371107888	5	0.02564102564102564	0.9668198060234813	3	28	26	0.49914487476553016	0	0	0	0.9285714285714286	0.0	0.0	0.0	1.0	0.0	0.0	0.0	0.0	0.0
single_gnomad	single_layer	housekeeping	100	18127	18127	0.6941746371107888	5	0.02564102564102564	0.9668198060234813	3	13	11	0.8972746331236897	9	5	3	0.8461538461538461	0.6923076923076923	0.38461538461538464	0.23076923076923078	1.0	0.0	0.0	0.0	0.0	0.0
loo_gnomad	leave_one_out	usher	25	20053	20053	0.9341634569606202	15	0.42857142857142855	0.7416861125245762	1	9	9	0.9867344903251546	9	8	1	1.0	1.0	0.8888888888888888	0.1111111111111111	0.0	0.25	0.18749999999999997	0.18749999999999997	0.18749999999999997	0.18749999999999997
loo_gnomad	leave_one_out	syscilia	25	20053	20053	0.9341634569606202	15	0.42857142857142855	0.7416861125245762	1	28	28	0.9488330341113106	27	21	1	1.0	0.9642857142857143	0.75	0.03571428571428571	0.0	0.25	0.18749999999999997	0.18749999999999997	0.18749999999999997	0.18749999999999997
loo_gnomad	leave_one_out	housekeeping	25	20053	20053	0.9341634569606202	15	0.42857142857142855	0.7416861125245762	1	13	13	0.9039497307001796	11	7	0	1.0	0.8461538461538461	0.5384615384615384	0.0	0.0	0.25	0.18749999999999997	0.18749999999999997	0.18749999999999997	0.18749999999999997
loo_gnomad	leave_one_out	usher	50	20053	20053	0.9341634569606202	27	0.3698630136986301	0.7130604110875775	1	9	9	0.9867344903251546	9	8	4	1.0	1.0	0.8888888888888888	0.4444444444444444	0.0	0.25	0.18749999999999997	0.18749999999999997	0.18749999999999997	0.18749999999999997
loo_gnomad	leave_one_out	syscilia	50	20053	20053	0.9341634569606202	27	0.3698630136986301	0.7130604110875775	1	28	28	0.9488330341113106	27	21	1	1.0	0.9642857142857143	0.75	0.03571428571428571	0.0	0.25	0.18749999999999997	0.18749999999999997	0.18749999999999997	0.18749999999999997
loo_gnomad	leave_one_out	housekeeping	50	20053	20053	0.9341634569606202	27	0.3698630136986301	0.7130604110875775	1	13	13	0.9039497307001796	11	7	0	1.0	0.8461538461538461	0.5384615384615384	0.0	0.0	0.25	0.18749999999999997	0.18749999999999997	0.18749999999999997	0.18749999999999997
loo_gnomad	leave_one_out	usher	100	20053	20053	0.9341634569606202	63	0.45985401459854014	0.6854303042873925	1	9	9	0.9867344903251546	9	8	4	1.0	1.0	0.8888888888888888	0.4444444444444444	0.0	0.25	0.18749999999999997	0.18749999999999997	0.18749999999999997	0.18749999999999997
loo_gnomad	leave_one_out	syscilia	100	20053	20053	0.9341634569606202	63	0.45985401459854014	0.6854303042873925	1	28	28	0.9488330341113106	27	21	1	1.0	0.9642857142857143	0.75	0.03571428571428571	0.0	0.25	0.18749999999999997	0.18749999999999997	0.18749999999999997	0.18749999999999997
loo_gnomad	leave_one_out	housekeeping	100	20053	20053	0.9341634569606202	63	0.45985401459854014	0.6854303042873925	1	13	13	0.9039497307001796	11	7	0	1.0	0.8461538461538461	0.5384615384615384	0.0	0.0	0.25	0.18749999999999997	0.18749999999999997	0.18749999999999997	0.18749999999999997
perturb_gnomad_-0.10	modest_weights	usher	25	20053	20053	0.9872729890899148	20	0.6666666666666666	0.7334432908562434	1	9	9	0.9836923997606224	9	8	1	1.0	1.0	0.8888888888888888	0.1111111111111111	0.1111111111111111	0.2222222222222222	0.16666666666666663	0.16666666666666663	0.16666666666666663	0.16666666666666663
perturb_gnomad_-0.10	modest_weights	syscilia	25	20053	20053	0.9872729890899148	20	0.6666666666666666	0.7334432908562434	1	28	28	0.9420007979253939	27	19	1	1.0	0.9642857142857143	0.6785714285714286	0.03571428571428571	0.1111111111111111	0.2222222222222222	0.16666666666666663	0.16666666666666663	0.16666666666666663	0.16666666666666663
perturb_gnomad_-0.10	modest_weights	housekeeping	25	20053	20053	0.9872729890899148	20	0.6666666666666666	0.7334432908562434	1	13	13	0.9216038300418911	11	8	0	1.0	0.8461538461538461	0.6153846153846154	0.0	0.1111111111111111	0.2222222222222222	0.16666666666666663	0.16666666666666663	0.16666666666666663	0.16666666666666663
perturb_gnomad_-0.10	modest_weights	usher	50	20053	20053	0.9872729890899148	40	0.6666666666666666	0.7167093358086145	1	9	9	0.9836923997606224	9	8	1	1.0	1.0	0.8888888888888888	0.1111111111111111	0.1111111111111111	0.2222222222222222	0.16666666666666663	0.16666666666666663	0.16666666666666663	0.16666666666666663
perturb_gnomad_-0.10	modest_weights	syscilia	50	20053	20053	0.9872729890899148	40	0.6666666666666666	0.7167093358086145	1	28	28	0.9420007979253939	27	19	1	1.0	0.9642857142857143	0.6785714285714286	0.03571428571428571	0.1111111111111111	0.2222222222222222	0.16666666666666663	0.16666666666666663	0.16666666666666663	0.16666666666666663
perturb_gnomad_-0.10	modest_weights	housekeeping	50	20053	20053	0.9872729890899148	40	0.6666666666666666	0.7167093358086145	1	13	13	0.9216038300418911	11	8	0	1.0	0.8461538461538461	0.6153846153846154	0.0	0.1111111111111111	0.2222222222222222	0.16666666666666663	0.16666666666666663	0.16666666666666663	0.16666666666666663
perturb_gnomad_-0.10	modest_weights	usher	100	20053	20053	0.9872729890899148	84	0.7241379310344828	0.6888928823011943	1	9	9	0.9836923997606224	9	8	4	1.0	1.0	0.8888888888888888	0.4444444444444444	0.1111111111111111	0.2222222222222222	0.16666666666666663	0.16666666666666663	0.16666666666666663	0.16666666666666663
perturb_gnomad_-0.10	modest_weights	syscilia	100	20053	20053	0.9872729890899148	84	0.7241379310344828	0.6888928823011943	1	28	28	0.9420007979253939	27	19	1	1.0	0.9642857142857143	0.6785714285714286	0.03571428571428571	0.1111111111111111	0.2222222222222222	0.16666666666666663	0.16666666666666663	0.16666666666666663	0.16666666666666663
perturb_gnomad_-0.10	modest_weights	housekeeping	100	20053	20053	0.9872729890899148	84	0.7241379310344828	0.6888928823011943	1	13	13	0.9216038300418911	11	8	0	1.0	0.8461538461538461	0.6153846153846154	0.0	0.1111111111111111	0.2222222222222222	0.16666666666666663	0.16666666666666663	0.16666666666666663	0.16666666666666663
perturb_gnomad_-0.05	modest_weights	usher	25	20053	20053	0.997233852469433	23	0.8518518518518519	0.7372100419125491	1	9	9	0.9808996608817075	9	6	0	1.0	1.0	0.6666666666666666	0.0	0.15789473684210528	0.21052631578947367	0.15789473684210525	0.15789473684210525	0.15789473684210525	0.15789473684210525
perturb_gnomad_-0.05	modest_weights	syscilia	25	20053	20053	0.997233852469433	23	0.8518518518518519	0.7372100419125491	1	28	28	0.9319269898264513	26	17	0	1.0	0.9285714285714286	0.6071428571428571	0.0	0.15789473684210528	0.21052631578947367	0.15789473684210525	0.15789473684210525	0.15789473684210525	0.15789473684210525
perturb_gnomad_-0.05	modest_weights	housekeeping	25	20053	20053	0.997233852469433	23	0.8518518518518519	0.7372100419125491	1	13	13	0.935966487133453	11	8	0	1.0	0.8461538461538461	0.6153846153846154	0.0	0.15789473684210528	0.21052631578947367	0.15789473684210525	0.15789473684210525	0.15789473684210525	0.15789473684210525
perturb_gnomad_-0.05	modest_weights	usher	50	20053	20053	0.997233852469433	45	0.8181818181818182	0.7203659238312685	1	9	9	0.9808996608817075	9	6	1	1.0	1.0	0.6666666666666666	0.1111111111111111	0.15789473684210528	0.21052631578947367	0.15789473684210525	0.15789473684210525	0.15789473684210525	0.15789473684210525
perturb_gnomad_-0.05	modest_weights	syscilia	50	20053	20053	0.997233852469433	45	0.8181818181818182	0.7203659238312685	1	28	28	0.9319269898264513	26	17	1	1.0	0.9285714285714286	0.6071428571428571	0.03571428571428571	0.15789473684210528	0.21052631578947367	0.15789473684210525	0.15789473684210525	0.15789473684210525	0.15789473684210525
perturb_gnomad_-0.05	modest_weights	housekeeping	50	20053	20053	0.997233852469433	45	0.8181818181818182	0.7203659238312685	1	13	13	0.935966487133453	11	8	0	1.0	0.8461538461538461	0.6153846153846154	0.0	0.15789473684210528	0.21052631578947367	0.15789473684210525	0.15789473684210525	0.15789473684210525	0.15789473684210525
perturb_gnomad_-0.05	modest_weights	usher	100	20053	20053	0.997233852469433	91	0.8348623853211009	0.6965044402816841	1	9	9	0.9808996608817075	9	6	2	1.0	1.0	0.6666666666666666	0.2222222222222222	0.15789473684210528	0.21052631578947367	0.15789473684210525	0.15789473684210525	0.15789473684210525	0.15789473684210525
perturb_gnomad_-0.05	modest_weights	syscilia	100	20053	20053	0.997233852469433	91	0.8348623853211009	0.6965044402816841	1	28	28	0.9319269898264513	26	17	1	1.0	0.9285714285714286	0.6071428571428571	0.03571428571428571	0.15789473684210528	0.21052631578947367	0.15789473684210525	0.15789473684210525	0.15789473684210525	0.15789473684210525
perturb_gnomad_-0.05	modest_weights	housekeeping	100	20053	20053	0.997233852469433	91	0.8348623853211009	0.6965044402816841	1	13	13	0.935966487133453	11	8	1	1.0	0.8461538461538461	0.6153846153846154	0.07692307692307693	0.15789473684210528	0.21052631578947367	0.15789473684210525	0.15789473684210525	0.15789473684210525	0.15789473684210525
perturb_gnomad_+0.05	modest_weights	usher	25	20053	20053	0.9979010444133259	22	0.7857142857142857	0.7531655426316399	1	9	9	0.9750648314382605	9	6	0	1.0	1.0	0.6666666666666666	0.0	0.23809523809523808	0.19047619047619047	0.14285714285714285	0.14285714285714285	0.14285714285714285	0.14285714285714285
perturb_gnomad_+0.05	modest_weights	syscilia	25	20053	20053	0.9979010444133259	22	0.7857142857142857	0.7531655426316399	1	28	28	0.9011071214841412	26	14	0	1.0	0.9285714285714286	0.5	0.0	0.23809523809523808	0.19047619047619047	0.14285714285714285	0.14285714285714285	0.14285714285714285	0.14285714285714285
perturb_gnomad_+0.05	modest_weights	housekeeping	25	20053	20053	0.9979010444133259	22	0.7857142857142857	0.7531655426316399	1	13	13	0.9578595651306603	11	8	0	1.0	0.8461538461538461	0.6153846153846154	0.0	0.23809523809523808	0.19047619047619047	0.14285714285714285	0.14285714285714285	0.14285714285714285	0.14285714285714285
perturb_gnomad_+0.05	modest_weights	usher	50	20053	20053	0.9979010444133259	47	0.8867924528301887	0.729077853318785	1	9	9	0.9750648314382605	9	6	0	1.0	1.0	0.6666666666666666	0.0	0.23809523809523808	0.19047619047619047	0.14285714285714285	0.14285714285714285	0.14285714285714285	0.14285714285714285
perturb_gnomad_+0.05	modest_weights	syscilia	50	20053	20053	0.9979010444133259	47	0.8867924528301887	0.729077853318785	1	28	28	0.9011071214841412	26	14	0	1.0	0.9285714285714286	0.5	0.0	0.23809523809523808	0.19047619047619047	0.14285714285714285	0.14285714285714285	0.14285714285714285	0.14285714285714285
perturb_gnomad_+0.05	modest_weights	housekeeping	50	20053	20053	0.9979010444133259	47	0.8867924528301887	0.729077853318785	1	13	13	0.9578595651306603	11	8	1	1.0	0.8461538461538461	0.6153846153846154	0.07692307692307693	0.23809523809523808	0.19047619047619047	0.14285714285714285	0.14285714285714285	0.14285714285714285	0.14285714285714285
perturb_gnomad_+0.05	modest_weights	usher	100	20053	20053	0.9979010444133259	94	0.8867924528301887	0.7084154891347273	1	9	9	0.9750648314382605	9	6	2	1.0	1.0	0.6666666666666666	0.2222222222222222	0.23809523809523808	0.19047619047619047	0.14285714285714285	0.14285714285714285	0.14285714285714285	0.14285714285714285
perturb_gnomad_+0.05	modest_weights	syscilia	100	20053	20053	0.9979010444133259	94	0.8867924528301887	0.7084154891347273	1	28	28	0.9011071214841412	26	14	0	1.0	0.9285714285714286	0.5	0.0	0.23809523809523808	0.19047619047619047	0.14285714285714285	0.14285714285714285	0.14285714285714285	0.14285714285714285
perturb_gnomad_+0.05	modest_weights	housekeeping	100	20053	20053	0.9979010444133259	94	0.8867924528301887	0.7084154891347273	1	13	13	0.9578595651306603	11	8	2	1.0	0.8461538461538461	0.6153846153846154	0.15384615384615385	0.23809523809523808	0.19047619047619047	0.14285714285714285	0.14285714285714285	0.14285714285714285	0.14285714285714285
perturb_gnomad_+0.10	modest_weights	usher	25	20053	20053	0.992684495611437	20	0.6666666666666666	0.7585965279938103	1	9	9	0.9725214442449631	9	6	0	1.0	1.0	0.6666666666666666	0.0	0.27272727272727276	0.18181818181818182	0.13636363636363635	0.13636363636363635	0.13636363636363635	0.13636363636363635
perturb_gnomad_+0.10	modest_weights	syscilia	25	20053	20053	0.992684495611437	20	0.6666666666666666	0.7585965279938103	1	28	28	0.8793387193297426	26	13	0	1.0	0.9285714285714286	0.4642857142857143	0.0	0.27272727272727276	0.18181818181818182	0.13636363636363635	0.13636363636363635	0.13636363636363635	0.13636363636363635
perturb_gnomad_+0.10	modest_weights	housekeeping	25	20053	20053	0.992684495611437	20	0.6666666666666666	0.7585965279938103	1	13	13	0.963245561539996	12	8	0	1.0	0.9230769230769231	0.6153846153846154	0.0	0.27272727272727276	0.18181818181818182	0.13636363636363635	0.13636363636363635	0.13636363636363635	0.13636363636363635
perturb_gnomad_+0.10	modest_weights	usher	50	20053	20053	0.992684495611437	45	0.8181818181818182	0.7350738532194314	1	9	9	0.9725214442449631	9	6	0	1.0	1.0	0.6666666666666666	0.0	0.27272727272727276	0.18181818181818182	0.13636363636363635	0.13636363636363635	0.13636363636363635	0.13636363636363635
perturb_gnomad_+0.10	modest_weights	syscilia	50	20053	20053	0.992684495611437	45	0.8181818181818182	0.7350738532194314	1	28	28	0.8793387193297426	26	13	0	1.0	0.9285714285714286	0.4642857142857143	0.0	0.27272727272727276	0.18181818181818182	0.13636363636363635	0.13636363636363635	0.13636363636363635	0.13636363636363635
perturb_gnomad_+0.10	modest_weights	housekeeping	50	20053	20053	0.992684495611437	45	0.8181818181818182	0.7350738532194314	1	13	13	0.963245561539996	12	8	2	1.0	0.9230769230769231	0.6153846153846154	0.15384615384615385	0.27272727272727276	0.18181818181818182	0.13636363636363635	0.13636363636363635	0.13636363636363635	0.13636363636363635
perturb_gnomad_+0.10	modest_weights	usher	100	20053	20053	0.992684495611437	85	0.7391304347826086	0.7143957347791814	1	9	9	0.9725214442449631	9	6	0	1.0	1.0	0.6666666666666666	0.0	0.27272727272727276	0.18181818181818182	0.13636363636363635	0.13636363636363635	0.13636363636363635	0.13636363636363635
perturb_gnomad_+0.10	modest_weights	syscilia	100	20053	20053	0.992684495611437	85	0.7391304347826086	0.7143957347791814	1	28	28	0.8793387193297426	26	13	0	1.0	0.9285714285714286	0.4642857142857143	0.0	0.27272727272727276	0.18181818181818182	0.13636363636363635	0.13636363636363635	0.13636363636363635	0.13636363636363635
perturb_gnomad_+0.10	modest_weights	housekeeping	100	20053	20053	0.992684495611437	85	0.7391304347826086	0.7143957347791814	1	13	13	0.963245561539996	12	8	2	1.0	0.9230769230769231	0.6153846153846154	0.15384615384615385	0.27272727272727276	0.18181818181818182	0.13636363636363635	0.13636363636363635	0.13636363636363635	0.13636363636363635
single_expression	single_layer	usher	25	20048	20048	0.5671577012152659	0	0.0	0.9933310665926882	1	9	9	0.7237990721803761	4	2	0	1.0	0.4444444444444444	0.2222222222222222	0.0	0.0	1.0	0.0	0.0	0.0	0.0
single_expression	single_layer	syscilia	25	20048	20048	0.5671577012152659	0	0.0	0.9933310665926882	1	28	28	0.5927819623883873	2	0	0	1.0	0.07142857142857142	0.0	0.0	0.0	1.0	0.0	0.0	0.0	0.0
single_expression	single_layer	housekeeping	25	20048	20048	0.5671577012152659	0	0.0	0.9933310665926882	1	13	13	0.7482915149398912	6	0	0	1.0	0.46153846153846156	0.0	0.0	0.0	1.0	0.0	0.0	0.0	0.0
single_expression	single_layer	usher	50	20048	20048	0.5671577012152659	3	0.030927835051546393	0.9898380354386931	1	9	9	0.7237990721803761	4	2	0	1.0	0.4444444444444444	0.2222222222222222	0.0	0.0	1.0	0.0	0.0	0.0	0.0
single_expression	single_layer	syscilia	50	20048	20048	0.5671577012152659	3	0.030927835051546393	0.9898380354386931	1	28	28	0.5927819623883873	2	0	0	1.0	0.07142857142857142	0.0	0.0	0.0	1.0	0.0	0.0	0.0	0.0
single_expression	single_layer	housekeeping	50	20048	20048	0.5671577012152659	3	0.030927835051546393	0.9898380354386931	1	13	13	0.7482915149398912	6	0	0	1.0	0.46153846153846156	0.0	0.0	0.0	1.0	0.0	0.0	0.0	0.0
single_expression	single_layer	usher	100	20048	20048	0.5671577012152659	9	0.04712041884816754	0.980157098343795	1	9	9	0.7237990721803761	4	2	0	1.0	0.4444444444444444	0.2222222222222222	0.0	0.0	1.0	0.0	0.0	0.0	0.0
single_expression	single_layer	syscilia	100	20048	20048	0.5671577012152659	9	0.04712041884816754	0.980157098343795	1	28	28	0.5927819623883873	2	0	0	1.0	0.07142857142857142	0.0	0.0	0.0	1.0	0.0	0.0	0.0	0.0
single_expression	single_layer	housekeeping	100	20048	20048	0.5671577012152659	9	0.04712041884816754	0.980157098343795	1	13	13	0.7482915149398912	6	0	0	1.0	0.46153846153846156	0.0	0.0	0.0	1.0	0.0	0.0	0.0	0.0
loo_expression	leave_one_out	usher	25	19644	19644	0.9507104838219468	10	0.25	0.7697928301160881	1	9	9	0.9818764954436695	9	9	0	1.0	1.0	1.0	0.0	0.25	0.0	0.18749999999999997	0.18749999999999997	0.18749999999999997	0.18749999999999997
loo_expression	leave_one_out	syscilia	25	19644	19644	0.9507104838219468	10	0.25	0.7697928301160881	1	28	28	0.9424476912895179	26	18	0	1.0	0.9285714285714286	0.6428571428571429	0.0	0.25	0.0	0.18749999999999997	0.18749999999999997	0.18749999999999997	0.18749999999999997
loo_expression	leave_one_out	housekeeping	25	19644	19644	0.9507104838219468	10	0.25	0.7697928301160881	1	13	13	0.9355495596395662	11	7	0	1.0	0.8461538461538461	0.5384615384615384	0.0	0.25	0.0	0.18749999999999997	0.18749999999999997	0.18749999999999997	0.18749999999999997
loo_expression	leave_one_out	usher	50	19644	19644	0.9507104838219468	19	0.2345679012345679	0.7338762668299295	1	9	9	0.9818764954436695	9	9	0	1.0	1.0	1.0	0.0	0.25	0.0	0.18749999999999997	0.18749999999999997	0.18749999999999997	0.18749999999999997
loo_expression	leave_one_out	syscilia	50	19644	19644	0.9507104838219468	19	0.2345679012345679	0.7338762668299295	1	28	28	0.9424476912895179	26	18	1	1.0	0.9285714285714286	0.6428571428571429	0.03571428571428571	0.25	0.0	0.18749999999999997	0.18749999999999997	0.18749999999999997	0.18749999999999997
loo_expression	leave_one_out	housekeeping	50	19644	19644	0.9507104838219468	19	0.2345679012345679	0.7338762668299295	1	13	13	0.9355495596395662	11	7	1	1.0	0.8461538461538461	0.5384615384615384	0.07692307692307693	0.25	0.0	0.18749999999999997	0.18749999999999997	0.18749999999999997	0.18749999999999997
loo_expression	leave_one_out	usher	100	19644	19644	0.9507104838219468	49	0.32450331125827814	0.6996008519271724	1	9	9	0.9818764954436695	9	9	2	1.0	1.0	1.0	0.2222222222222222	0.25	0.0	0.18749999999999997	0.18749999999999997	0.18749999999999997	0.18749999999999997
loo_expression	leave_one_out	syscilia	100	19644	19644	0.9507104838219468	49	0.32450331125827814	0.6996008519271724	1	28	28	0.9424476912895179	26	18	1	1.0	0.9285714285714286	0.6428571428571429	0.03571428571428571	0.25	0.0	0.18749999999999997	0.18749999999999997	0.18749999999999997	0.18749999999999997
loo_expression	leave_one_out	housekeeping	100	19644	19644	0.9507104838219468	49	0.32450331125827814	0.6996008519271724	1	13	13	0.9355495596395662	11	7	2	1.0	0.8461538461538461	0.5384615384615384	0.15384615384615385	0.25	0.0	0.18749999999999997	0.18749999999999997	0.18749999999999997	0.18749999999999997
perturb_expression_-0.10	modest_weights	usher	25	20053	20053	0.9896870140693895	20	0.6666666666666666	0.745815646023577	1	9	9	0.9817474566128067	9	6	0	1.0	1.0	0.6666666666666666	0.0	0.2222222222222222	0.1111111111111111	0.16666666666666663	0.16666666666666663	0.16666666666666663	0.16666666666666663
perturb_expression_-0.10	modest_weights	syscilia	25	20053	20053	0.9896870140693895	20	0.6666666666666666	0.745815646023577	1	28	28	0.9338719329742668	26	16	0	1.0	0.9285714285714286	0.5714285714285714	0.0	0.2222222222222222	0.1111111111111111	0.16666666666666663	0.16666666666666663	0.16666666666666663	0.16666666666666663
perturb_expression_-0.10	modest_weights	housekeeping	25	20053	20053	0.9896870140693895	20	0.6666666666666666	0.745815646023577	1	13	13	0.9468880909634949	11	8	0	1.0	0.8461538461538461	0.6153846153846154	0.0	0.2222222222222222	0.1111111111111111	0.16666666666666663	0.16666666666666663	0.16666666666666663	0.16666666666666663
perturb_expression_-0.10	modest_weights	usher	50	20053	20053	0.9896870140693895	36	0.5625	0.7218625832295954	1	9	9	0.9817474566128067	9	6	0	1.0	1.0	0.6666666666666666	0.0	0.2222222222222222	0.1111111111111111	0.16666666666666663	0.16666666666666663	0.16666666666666663	0.16666666666666663
perturb_expression_-0.10	modest_weights	syscilia	50	20053	20053	0.9896870140693895	36	0.5625	0.7218625832295954	1	28	28	0.9338719329742668	26	16	1	1.0	0.9285714285714286	0.5714285714285714	0.03571428571428571	0.2222222222222222	0.1111111111111111	0.16666666666666663	0.16666666666666663	0.16666666666666663	0.16666666666666663
perturb_expression_-0.10	modest_weights	housekeeping	50	20053	20053	0.9896870140693895	36	0.5625	0.7218625832295954	1	13	13	0.9468880909634949	11	8	1	1.0	0.8461538461538461	0.6153846153846154	0.07692307692307693	0.2222222222222222	0.1111111111111111	0.16666666666666663	0.16666666666666663	0.16666666666666663	0.16666666666666663
perturb_expression_-0.10	modest_weights	usher	100	20053	20053	0.9896870140693895	78	0.639344262295082	0.6978231830845708	1	9	9	0.9817474566128067	9	6	2	1.0	1.0	0.6666666666666666	0.2222222222222222	0.2222222222222222	0.1111111111111111	0.16666666666666663	0.16666666666666663	0.16666666666666663	0.16666666666666663
perturb_expression_-0.10	modest_weights	syscilia	100	20053	20053	0.9896870140693895	78	0.639344262295082	0.6978231830845708	1	28	28	0.9338719329742668	26	16	1	1.0	0.9285714285714286	0.5714285714285714	0.03571428571428571	0.2222222222222222	0.1111111111111111	0.16666666666666663	0.16666666666666663	0.16666666666666663	0.16666666666666663
perturb_expression_-0.10	modest_weights	housekeeping	100	20053	20053	0.9896870140693895	78	0.639344262295082	0.6978231830845708	1	13	13	0.9468880909634949	11	8	2	1.0	0.8461538461538461	0.6153846153846154	0.15384615384615385	0.2222222222222222	0.1111111111111111	0.16666666666666663	0.16666666666666663	0.16666666666666663	0.16666666666666663
perturb_expression_-0.05	modest_weights	usher	25	20053	20053	0.9976390208117352	22	0.7857142857142857	0.7426452981459368	1	9	9	0.9804508278475963	9	6	0	1.0	1.0	0.6666666666666666	0.0	0.21052631578947367	0.15789473684210528	0.15789473684210525	0.15789473684210525	0.15789473684210525	0.15789473684210525
perturb_expression_-0.05	modest_weights	syscilia	25	20053	20053	0.9976390208117352	22	0.7857142857142857	0.7426452981459368	1	28	28	0.9269648912826651	26	16	0	1.0	0.9285714285714286	0.5714285714285714	0.0	0.21052631578947367	0.15789473684210528	0.15789473684210525	0.15789473684210525	0.15789473684210525	0.15789473684210525
perturb_expression_-0.05	modest_weights	housekeeping	25	20053	20053	0.9976390208117352	22	0.7857142857142857	0.7426452981459368	1	13	13	0.9478854977059645	11	9	0	1.0	0.8461538461538461	0.6923076923076923	0.0	0.21052631578947367	0.15789473684210528	0.15789473684210525	0.15789473684210525	0.15789473684210525	0.15789473684210525
perturb_expression_-0.05	modest_weights	usher	50	20053	20053	0.9976390208117352	43	0.7543859649122807	0.7222210647690843	1	9	9	0.9804508278475963	9	6	0	1.0	1.0	0.6666666666666666	0.0	0.21052631578947367	0.15789473684210528	0.15789473684210525	0.15789473684210525	0.15789473684210525	0.15789473684210525
perturb_expression_-0.05	modest_weights	syscilia	50	20053	20053	0.9976390208117352	43	0.7543859649122807	0.7222210647690843	1	28	28	0.9269648912826651	26	16	0	1.0	0.9285714285714286	0.5714285714285714	0.0	0.21052631578947367	0.15789473684210528	0.15789473684210525	0.15789473684210525	0.15789473684210525	0.15789473684210525
perturb_expression_-0.05	modest_weights	housekeeping	50	20053	20053	0.9976390208117352	43	0.7543859649122807	0.7222210647690843	1	13	13	0.9478854977059645	11	9	1	1.0	0.8461538461538461	0.6923076923076923	0.07692307692307693	0.21052631578947367	0.15789473684210528	0.15789473684210525	0.15789473684210525	0.15789473684210525	0.15789473684210525
perturb_expression_-0.05	modest_weights	usher	100	20053	20053	0.9976390208117352	87	0.7699115044247787	0.6971659572073999	1	9	9	0.9804508278475963	9	6	2	1.0	1.0	0.6666666666666666	0.2222222222222222	0.21052631578947367	0.15789473684210528	0.15789473684210525	0.15789473684210525	0.15789473684210525	0.15789473684210525
perturb_expression_-0.05	modest_weights	syscilia	100	20053	20053	0.9976390208117352	87	0.7699115044247787	0.6971659572073999	1	28	28	0.9269648912826651	26	16	1	1.0	0.9285714285714286	0.5714285714285714	0.03571428571428571	0.21052631578947367	0.15789473684210528	0.15789473684210525	0.15789473684210525	0.15789473684210525	0.15789473684210525
perturb_expression_-0.05	modest_weights	housekeeping	100	20053	20053	0.9976390208117352	87	0.7699115044247787	0.6971659572073999	1	13	13	0.9478854977059645	11	9	2	1.0	0.8461538461538461	0.6923076923076923	0.15384615384615385	0.21052631578947367	0.15789473684210528	0.15789473684210525	0.15789473684210525	0.15789473684210525	0.15789473684210525
perturb_expression_+0.05	modest_weights	usher	25	20053	20053	0.9980357447317239	20	0.6666666666666666	0.7509047047699918	1	9	9	0.978655495711151	9	6	0	1.0	1.0	0.6666666666666666	0.0	0.19047619047619047	0.23809523809523808	0.14285714285714285	0.14285714285714285	0.14285714285714285	0.14285714285714285
perturb_expression_+0.05	modest_weights	syscilia	25	20053	20053	0.9980357447317239	20	0.6666666666666666	0.7509047047699918	1	28	28	0.9074655894673849	26	15	0	1.0	0.9285714285714286	0.5357142857142857	0.0	0.19047619047619047	0.23809523809523808	0.14285714285714285	0.14285714285714285	0.14285714285714285	0.14285714285714285
perturb_expression_+0.05	modest_weights	housekeeping	25	20053	20053	0.9980357447317239	20	0.6666666666666666	0.7509047047699918	1	13	13	0.9487332934370636	11	8	0	1.0	0.8461538461538461	0.6153846153846154	0.0	0.19047619047619047	0.23809523809523808	0.14285714285714285	0.14285714285714285	0.14285714285714285	0.14285714285714285
perturb_expression_+0.05	modest_weights	usher	50	20053	20053	0.9980357447317239	45	0.8181818181818182	0.7244701337920565	1	9	9	0.978655495711151	9	6	0	1.0	1.0	0.6666666666666666	0.0	0.19047619047619047	0.23809523809523808	0.14285714285714285	0.14285714285714285	0.14285714285714285	0.14285714285714285
perturb_expression_+0.05	modest_weights	syscilia	50	20053	20053	0.9980357447317239	45	0.8181818181818182	0.7244701337920565	1	28	28	0.9074655894673849	26	15	0	1.0	0.9285714285714286	0.5357142857142857	0.0	0.19047619047619047	0.23809523809523808	0.14285714285714285	0.14285714285714285	0.14285714285714285	0.14285714285714285
perturb_expression_+0.05	modest_weights	housekeeping	50	20053	20053	0.9980357447317239	45	0.8181818181818182	0.7244701337920565	1	13	13	0.9487332934370636	11	8	0	1.0	0.8461538461538461	0.6153846153846154	0.0	0.19047619047619047	0.23809523809523808	0.14285714285714285	0.14285714285714285	0.14285714285714285	0.14285714285714285
perturb_expression_+0.05	modest_weights	usher	100	20053	20053	0.9980357447317239	89	0.8018018018018018	0.7069543797063804	1	9	9	0.978655495711151	9	6	2	1.0	1.0	0.6666666666666666	0.2222222222222222	0.19047619047619047	0.23809523809523808	0.14285714285714285	0.14285714285714285	0.14285714285714285	0.14285714285714285
perturb_expression_+0.05	modest_weights	syscilia	100	20053	20053	0.9980357447317239	89	0.8018018018018018	0.7069543797063804	1	28	28	0.9074655894673849	26	15	0	1.0	0.9285714285714286	0.5357142857142857	0.0	0.19047619047619047	0.23809523809523808	0.14285714285714285	0.14285714285714285	0.14285714285714285	0.14285714285714285
perturb_expression_+0.05	modest_weights	housekeeping	100	20053	20053	0.9980357447317239	89	0.8018018018018018	0.7069543797063804	1	13	13	0.9487332934370636	11	8	1	1.0	0.8461538461538461	0.6153846153846154	0.07692307692307693	0.19047619047619047	0.23809523809523808	0.14285714285714285	0.14285714285714285	0.14285714285714285	0.14285714285714285
perturb_expression_+0.10	modest_weights	usher	25	20053	20053	0.9928554825404979	19	0.6129032258064516	0.7564293379726874	1	9	9	0.9807999202074607	9	6	0	1.0	1.0	0.6666666666666666	0.0	0.18181818181818182	0.27272727272727276	0.13636363636363635	0.13636363636363635	0.13636363636363635	0.13636363636363635
perturb_expression_+0.10	modest_weights	syscilia	25	20053	20053	0.9928554825404979	19	0.6129032258064516	0.7564293379726874	1	28	28	0.893950728106922	25	13	0	1.0	0.8928571428571429	0.4642857142857143	0.0	0.18181818181818182	0.27272727272727276	0.13636363636363635	0.13636363636363635	0.13636363636363635	0.13636363636363635
perturb_expression_+0.10	modest_weights	housekeeping	25	20053	20053	0.9928554825404979	19	0.6129032258064516	0.7564293379726874	1	13	13	0.9478854977059645	11	8	0	1.0	0.8461538461538461	0.6153846153846154	0.0	0.18181818181818182	0.27272727272727276	0.13636363636363635	0.13636363636363635	0.13636363636363635	0.13636363636363635
perturb_expression_+0.10	modest_weights	usher	50	20053	20053	0.9928554825404979	41	0.6949152542372882	0.7330102333623626	1	9	9	0.9807999202074607	9	6	0	1.0	1.0	0.6666666666666666	0.0	0.18181818181818182	0.27272727272727276	0.13636363636363635	0.13636363636363635	0.13636363636363635	0.13636363636363635
perturb_expression_+0.10	modest_weights	syscilia	50	20053	20053	0.9928554825404979	41	0.6949152542372882	0.7330102333623626	1	28	28	0.893950728106922	25	13	0	1.0	0.8928571428571429	0.4642857142857143	0.0	0.18181818181818182	0.27272727272727276	0.13636363636363635	0.13636363636363635	0.13636363636363635	0.13636363636363635
perturb_expression_+0.10	modest_weights	housekeeping	50	20053	20053	0.9928554825404979	41	0.6949152542372882	0.7330102333623626	1	13	13	0.9478854977059645	11	8	0	1.0	0.8461538461538461	0.6153846153846154	0.0	0.18181818181818182	0.27272727272727276	0.13636363636363635	0.13636363636363635	0.13636363636363635	0.13636363636363635
perturb_expression_+0.10	modest_weights	usher	100	20053	20053	0.9928554825404979	81	0.680672268907563	0.7108308306051608	1	9	9	0.9807999202074607	9	6	1	1.0	1.0	0.6666666666666666	0.1111111111111111	0.18181818181818182	0.27272727272727276	0.13636363636363635	0.13636363636363635	0.13636363636363635	0.13636363636363635
perturb_expression_+0.10	modest_weights	syscilia	100	20053	20053	0.9928554825404979	81	0.680672268907563	0.7108308306051608	1	28	28	0.893950728106922	25	13	0	1.0	0.8928571428571429	0.4642857142857143	0.0	0.18181818181818182	0.27272727272727276	0.13636363636363635	0.13636363636363635	0.13636363636363635	0.13636363636363635
perturb_expression_+0.10	modest_weights	housekeeping	100	20053	20053	0.9928554825404979	81	0.680672268907563	0.7108308306051608	1	13	13	0.9478854977059645	11	8	0	1.0	0.8461538461538461	0.6153846153846154	0.0	0.18181818181818182	0.27272727272727276	0.13636363636363635	0.13636363636363635	0.13636363636363635	0.13636363636363635
single_annotation	single_layer	usher	25	19302	19302	0.5817886030669099	1	0.02040816326530612	0.9489123272159088	1	9	9	0.8274182684834983	6	4	0	1.0	0.6666666666666666	0.4444444444444444	0.0	0.0	0.0	1.0	0.0	0.0	0.0
single_annotation	single_layer	syscilia	25	19302	19302	0.5817886030669099	1	0.02040816326530612	0.9489123272159088	1	28	28	0.7354541215481063	12	2	0	1.0	0.42857142857142855	0.07142857142857142	0.0	0.0	0.0	1.0	0.0	0.0	0.0
single_annotation	single_layer	housekeeping	25	19302	19302	0.5817886030669099	1	0.02040816326530612	0.9489123272159088	1	13	13	0.9013004507538469	11	7	0	1.0	0.8461538461538461	0.5384615384615384	0.0	0.0	0.0	1.0	0.0	0.0	0.0
single_annotation	single_layer	usher	50	19302	19302	0.5817886030669099	3	0.030927835051546393	0.9384391508599768	2	9	9	0.8274182684834983	6	4	0	1.0	0.6666666666666666	0.4444444444444444	0.0	0.0	0.0	1.0	0.0	0.0	0.0
single_annotation	single_layer	syscilia	50	19302	19302	0.5817886030669099	3	0.030927835051546393	0.9384391508599768	2	28	28	0.7354541215481063	12	2	0	1.0	0.42857142857142855	0.07142857142857142	0.0	0.0	0.0	1.0	0.0	0.0	0.0
single_annotation	single_layer	housekeeping	50	19302	19302	0.5817886030669099	3	0.030927835051546393	0.9384391508599768	2	13	13	0.9013004507538469	11	7	0	1.0	0.8461538461538461	0.5384615384615384	0.0	0.0	0.0	1.0	0.0	0.0	0.0
single_annotation	single_layer	usher	100	19302	19302	0.5817886030669099	10	0.05263157894736842	0.9185070135655133	2	9	9	0.8274182684834983	6	4	0	1.0	0.6666666666666666	0.4444444444444444	0.0	0.0	0.0	1.0	0.0	0.0	0.0
single_annotation	single_layer	syscilia	100	19302	19302	0.5817886030669099	10	0.05263157894736842	0.9185070135655133	2	28	28	0.7354541215481063	12	2	0	1.0	0.42857142857142855	0.07142857142857142	0.0	0.0	0.0	1.0	0.0	0.0	0.0
single_annotation	single_layer	housekeeping	100	19302	19302	0.5817886030669099	10	0.05263157894736842	0.9185070135655133	2	13	13	0.9013004507538469	11	7	0	1.0	0.8461538461538461	0.5384615384615384	0.0	0.0	0.0	1.0	0.0	0.0	0.0
loo_annotation	leave_one_out	usher	25	20053	20053	0.9735758425584665	23	0.8518518518518519	0.7287783288334809	1	9	9	0.9718232595252344	9	6	0	1.0	1.0	0.6666666666666666	0.0	0.23529411764705882	0.23529411764705882	0.0	0.1764705882352941	0.1764705882352941	0.1764705882352941
loo_annotation	leave_one_out	syscilia	25	20053	20053	0.9735758425584665	23	0.8518518518518519	0.7287783288334809	1	28	28	0.9122531418312387	26	16	0	1.0	0.9285714285714286	0.5714285714285714	0.0	0.23529411764705882	0.23529411764705882	0.0	0.1764705882352941	0.1764705882352941	0.1764705882352941
loo_annotation	leave_one_out	housekeeping	25	20053	20053	0.9735758425584665	23	0.8518518518518519	0.7287783288334809	1	13	13	0.9447436664671853	11	8	0	1.0	0.8461538461538461	0.6153846153846154	0.0	0.23529411764705882	0.23529411764705882	0.0	0.1764705882352941	0.1764705882352941	0.1764705882352941
loo_annotation	leave_one_out	usher	50	20053	20053	0.9735758425584665	42	0.7241379310344828	0.7044755654000404	1	9	9	0.9718232595252344	9	6	1	1.0	1.0	0.6666666666666666	0.1111111111111111	0.23529411764705882	0.23529411764705882	0.0	0.1764705882352941	0.1764705882352941	0.1764705882352941
loo_annotation	leave_one_out	syscilia	50	20053	20053	0.9735758425584665	42	0.7241379310344828	0.7044755654000404	1	28	28	0.9122531418312387	26	16	0	1.0	0.9285714285714286	0.5714285714285714	0.0	0.23529411764705882	0.23529411764705882	0.0	0.1764705882352941	0.1764705882352941	0.1764705882352941
loo_annotation	leave_one_out	housekeeping	50	20053	20053	0.9735758425584665	42	0.7241379310344828	0.7044755654000404	1	13	13	0.9447436664671853	11	8	0	1.0	0.8461538461538461	0.6153846153846154	0.0	0.23529411764705882	0.23529411764705882	0.0	0.1764705882352941	0.1764705882352941	0.1764705882352941
loo_annotation	leave_one_out	usher	100	20053	20053	0.9735758425584665	83	0.7094017094017094	0.6783745376711634	1	9	9	0.9718232595252344	9	6	3	1.0	1.0	0.6666666666666666	0.3333333333333333	0.23529411764705882	0.23529411764705882	0.0	0.1764705882352941	0.1764705882352941	0.1764705882352941
loo_annotation	leave_one_out	syscilia	100	20053	20053	0.9735758425584665	83	0.7094017094017094	0.6783745376711634	1	28	28	0.9122531418312387	26	16	1	1.0	0.9285714285714286	0.5714285714285714	0.03571428571428571	0.23529411764705882	0.23529411764705882	0.0	0.1764705882352941	0.1764705882352941	0.1764705882352941
loo_annotation	leave_one_out	housekeeping	100	20053	20053	0.9735758425584665	83	0.7094017094017094	0.6783745376711634	1	13	13	0.9447436664671853	11	8	2	1.0	0.8461538461538461	0.6153846153846154	0.15384615384615385	0.23529411764705882	0.23529411764705882	0.0	0.1764705882352941	0.1764705882352941	0.1764705882352941
perturb_annotation_-0.10	modest_weights	usher	25	20053	20053	0.989265718073976	24	0.9230769230769231	0.7326593486857179	1	9	9	0.9745661280670257	9	6	0	1.0	1.0	0.6666666666666666	0.0	0.22222222222222224	0.22222222222222224	0.05555555555555554	0.16666666666666666	0.16666666666666666	0.16666666666666666
perturb_annotation_-0.10	modest_weights	syscilia	25	20053	20053	0.989265718073976	24	0.9230769230769231	0.7326593486857179	1	28	28	0.9159186116098145	26	15	0	1.0	0.9285714285714286	0.5357142857142857	0.0	0.22222222222222224	0.22222222222222224	0.05555555555555554	0.16666666666666666	0.16666666666666666	0.16666666666666666
perturb_annotation_-0.10	modest_weights	housekeeping	25	20053	20053	0.989265718073976	24	0.9230769230769231	0.7326593486857179	1	13	13	0.9468880909634949	11	8	0	1.0	0.8461538461538461	0.6153846153846154	0.0	0.22222222222222224	0.22222222222222224	0.05555555555555554	0.16666666666666666	0.16666666666666666	0.16666666666666666
perturb_annotation_-0.10	modest_weights	usher	50	20053	20053	0.989265718073976	43	0.7543859649122807	0.7109629445894384	1	9	9	0.9745661280670257	9	6	0	1.0	1.0	0.6666666666666666	0.0	0.22222222222222224	0.22222222222222224	0.05555555555555554	0.16666666666666666	0.16666666666666666	0.16666666666666666
perturb_annotation_-0.10	modest_weights	syscilia	50	20053	20053	0.989265718073976	43	0.7543859649122807	0.7109629445894384	1	28	28	0.9159186116098145	26	15	0	1.0	0.9285714285714286	0.5357142857142857	0.0	0.22222222222222224	0.22222222222222224	0.05555555555555554	0.16666666666666666	0.16666666666666666	0.16666666666666666
perturb_annotation_-0.10	modest_weights	housekeeping	50	20053	20053	0.989265718073976	43	0.7543859649122807	0.7109629445894384	1	13	13	0.9468880909634949	11	8	0	1.0	0.8461538461538461	0.6153846153846154	0.0	0.22222222222222224	0.22222222222222224	0.05555555555555554	0.16666666666666666	0.16666666666666666	0.16666666666666666
perturb_annotation_-0.10	modest_weights	usher	100	20053	20053	0.989265718073976	88	0.7857142857142857	0.6860071136845204	1	9	9	0.9745661280670257	9	6	3	1.0	1.0	0.6666666666666666	0.3333333333333333	0.22222222222222224	0.22222222222222224	0.05555555555555554	0.16666666666666666	0.16666666666666666	0.16666666666666666
perturb_annotation_-0.10	modest_weights	syscilia	100	20053	20053	0.989265718073976	88	0.7857142857142857	0.6860071136845204	1	28	28	0.9159186116098145	26	15	1	1.0	0.9285714285714286	0.5357142857142857	0.03571428571428571	0.22222222222222224	0.22222222222222224	0.05555555555555554	0.16666666666666666	0.16666666666666666	0.16666666666666666
perturb_annotation_-0.10	modest_weights	housekeeping	100	20053	20053	0.989265718073976	88	0.7857142857142857	0.6860071136845204	1	13	13	0.9468880909634949	11	8	2	1.0	0.8461538461538461	0.6153846153846154	0.15384615384615385	0.22222222222222224	0.22222222222222224	0.05555555555555554	0.16666666666666666	0.16666666666666666	0.16666666666666666
perturb_annotation_-0.05	modest_weights	usher	25	20053	20053	0.997553988445844	24	0.9230769230769231	0.7408806442048804	1	9	9	0.9762118491921006	9	6	0	1.0	1.0	0.6666666666666666	0.0	0.21052631578947367	0.21052631578947367	0.10526315789473682	0.15789473684210525	0.15789473684210525	0.15789473684210525
perturb_annotation_-0.05	modest_weights	syscilia	25	20053	20053	0.997553988445844	24	0.9230769230769231	0.7408806442048804	1	28	28	0.9184121284659884	26	15	0	1.0	0.9285714285714286	0.5357142857142857	0.0	0.21052631578947367	0.21052631578947367	0.10526315789473682	0.15789473684210525	0.15789473684210525	0.15789473684210525
perturb_annotation_-0.05	modest_weights	housekeeping	25	20053	20053	0.997553988445844	24	0.9230769230769231	0.7408806442048804	1	13	13	0.9477358866945941	11	8	0	1.0	0.8461538461538461	0.6153846153846154	0.0	0.21052631578947367	0.21052631578947367	0.10526315789473682	0.15789473684210525	0.15789473684210525	0.15789473684210525
perturb_annotation_-0.05	modest_weights	usher	50	20053	20053	0.997553988445844	47	0.8867924528301887	0.7155974957201493	1	9	9	0.9762118491921006	9	6	0	1.0	1.0	0.6666666666666666	0.0	0.21052631578947367	0.21052631578947367	0.10526315789473682	0.15789473684210525	0.15789473684210525	0.15789473684210525
perturb_annotation_-0.05	modest_weights	syscilia	50	20053	20053	0.997553988445844	47	0.8867924528301887	0.7155974957201493	1	28	28	0.9184121284659884	26	15	0	1.0	0.9285714285714286	0.5357142857142857	0.0	0.21052631578947367	0.21052631578947367	0.10526315789473682	0.15789473684210525	0.15789473684210525	0.15789473684210525
perturb_annotation_-0.05	modest_weights	housekeeping	50	20053	20053	0.997553988445844	47	0.8867924528301887	0.7155974957201493	1	13	13	0.9477358866945941	11	8	0	1.0	0.8461538461538461	0.6153846153846154	0.0	0.21052631578947367	0.21052631578947367	0.10526315789473682	0.15789473684210525	0.15789473684210525	0.15789473684210525
perturb_annotation_-0.05	modest_weights	usher	100	20053	20053	0.997553988445844	94	0.8867924528301887	0.6933939826769906	1	9	9	0.9762118491921006	9	6	3	1.0	1.0	0.6666666666666666	0.3333333333333333	0.21052631578947367	0.21052631578947367	0.10526315789473682	0.15789473684210525	0.15789473684210525	0.15789473684210525
perturb_annotation_-0.05	modest_weights	syscilia	100	20053	20053	0.997553988445844	94	0.8867924528301887	0.6933939826769906	1	28	28	0.9184121284659884	26	15	1	1.0	0.9285714285714286	0.5357142857142857	0.03571428571428571	0.21052631578947367	0.21052631578947367	0.10526315789473682	0.15789473684210525	0.15789473684210525	0.15789473684210525
perturb_annotation_-0.05	modest_weights	housekeeping	100	20053	20053	0.997553988445844	94	0.8867924528301887	0.6933939826769906	1	13	13	0.9477358866945941	11	8	2	1.0	0.8461538461538461	0.6153846153846154	0.15384615384615385	0.21052631578947367	0.21052631578947367	0.10526315789473682	0.15789473684210525	0.15789473684210525	0.15789473684210525
perturb_annotation_+0.05	modest_weights	usher	25	20053	20053	0.9980005053204917	23	0.8518518518518519	0.7505065582104002	1	9	9	0.9794534211051267	9	6	0	1.0	1.0	0.6666666666666666	0.0	0.19047619047619047	0.19047619047619047	0.19047619047619047	0.14285714285714285	0.14285714285714285	0.14285714285714285
perturb_annotation_+0.05	modest_weights	syscilia	25	20053	20053	0.9980005053204917	23	0.8518518518518519	0.7505065582104002	1	28	28	0.9187612208258529	26	15	0	1.0	0.9285714285714286	0.5357142857142857	0.0	0.19047619047619047	0.19047619047619047	0.19047619047619047	0.14285714285714285	0.14285714285714285	0.14285714285714285
perturb_annotation_+0.05	modest_weights	housekeeping	25	20053	20053	0.9980005053204917	23	0.8518518518518519	0.7505065582104002	1	13	13	0.9479852383802114	11	9	0	1.0	0.8461538461538461	0.6923076923076923	0.0	0.19047619047619047	0.19047619047619047	0.19047619047619047	0.14285714285714285	0.14285714285714285	0.14285714285714285
perturb_annotation_+0.05	modest_weights	usher	50	20053	20053	0.9980005053204917	48	0.9230769230769231	0.7296656073744937	1	9	9	0.9794534211051267	9	6	0	1.0	1.0	0.6666666666666666	0.0	0.19047619047619047	0.19047619047619047	0.19047619047619047	0.14285714285714285	0.14285714285714285	0.14285714285714285
perturb_annotation_+0.05	modest_weights	syscilia	50	20053	20053	0.9980005053204917	48	0.9230769230769231	0.7296656073744937	1	28	28	0.9187612208258529	26	15	0	1.0	0.9285714285714286	0.5357142857142857	0.0	0.19047619047619047	0.19047619047619047	0.19047619047619047	0.14285714285714285	0.14285714285714285	0.14285714285714285
perturb_annotation_+0.05	modest_weights	housekeeping	50	20053	20053	0.9980005053204917	48	0.9230769230769231	0.7296656073744937	1	13	13	0.9479852383802114	11	9	1	1.0	0.8461538461538461	0.6923076923076923	0.07692307692307693	0.19047619047619047	0.19047619047619047	0.19047619047619047	0.14285714285714285	0.14285714285714285	0.14285714285714285
perturb_annotation_+0.05	modest_weights	usher	100	20053	20053	0.9980005053204917	97	0.941747572815534	0.7095871009725262	1	9	9	0.9794534211051267	9	6	2	1.0	1.0	0.6666666666666666	0.2222222222222222	0.19047619047619047	0.19047619047619047	0.19047619047619047	0.14285714285714285	0.14285714285714285	0.14285714285714285
perturb_annotation_+0.05	modest_weights	syscilia	100	20053	20053	0.9980005053204917	97	0.941747572815534	0.7095871009725262	1	28	28	0.9187612208258529	26	15	1	1.0	0.9285714285714286	0.5357142857142857	0.03571428571428571	0.19047619047619047	0.19047619047619047	0.19047619047619047	0.14285714285714285	0.14285714285714285	0.14285714285714285
perturb_annotation_+0.05	modest_weights	housekeeping	100	20053	20053	0.9980005053204917	97	0.941747572815534	0.7095871009725262	1	13	13	0.9479852383802114	11	9	2	1.0	0.8461538461538461	0.6923076923076923	0.15384615384615385	0.19047619047619047	0.19047619047619047	0.19047619047619047	0.14285714285714285	0.14285714285714285	0.14285714285714285
perturb_annotation_+0.10	modest_weights	usher	25	20053	20053	0.992781285834377	22	0.7857142857142857	0.75474752006622	1	9	9	0.9801516058248554	9	6	0	1.0	1.0	0.6666666666666666	0.0	0.18181818181818182	0.18181818181818182	0.22727272727272727	0.13636363636363635	0.13636363636363635	0.13636363636363635
perturb_annotation_+0.10	modest_weights	syscilia	25	20053	20053	0.992781285834377	22	0.7857142857142857	0.75474752006622	1	28	28	0.9185118691402354	25	15	0	1.0	0.8928571428571429	0.5357142857142857	0.0	0.18181818181818182	0.18181818181818182	0.22727272727272727	0.13636363636363635	0.13636363636363635	0.13636363636363635
perturb_annotation_+0.10	modest_weights	housekeeping	25	20053	20053	0.992781285834377	22	0.7857142857142857	0.75474752006622	1	13	13	0.9478854977059645	11	9	0	1.0	0.8461538461538461	0.6923076923076923	0.0	0.18181818181818182	0.18181818181818182	0.22727272727272727	0.13636363636363635	0.13636363636363635	0.13636363636363635
perturb_annotation_+0.10	modest_weights	usher	50	20053	20053	0.992781285834377	47	0.8867924528301887	0.737006883742873	1	9	9	0.9801516058248554	9	6	0	1.0	1.0	0.6666666666666666	0.0	0.18181818181818182	0.18181818181818182	0.22727272727272727	0.13636363636363635	0.13636363636363635	0.13636363636363635
perturb_annotation_+0.10	modest_weights	syscilia	50	20053	20053	0.992781285834377	47	0.8867924528301887	0.737006883742873	1	28	28	0.9185118691402354	25	15	0	1.0	0.8928571428571429	0.5357142857142857	0.0	0.18181818181818182	0.18181818181818182	0.22727272727272727	0.13636363636363635	0.13636363636363635	0.13636363636363635
perturb_annotation_+0.10	modest_weights	housekeeping	50	20053	20053	0.992781285834377	47	0.8867924528301887	0.737006883742873	1	13	13	0.9478854977059645	11	9	1	1.0	0.8461538461538461	0.6923076923076923	0.07692307692307693	0.18181818181818182	0.18181818181818182	0.22727272727272727	0.13636363636363635	0.13636363636363635	0.13636363636363635
perturb_annotation_+0.10	modest_weights	usher	100	20053	20053	0.992781285834377	92	0.8518518518518519	0.715614345209437	1	9	9	0.9801516058248554	9	6	2	1.0	1.0	0.6666666666666666	0.2222222222222222	0.18181818181818182	0.18181818181818182	0.22727272727272727	0.13636363636363635	0.13636363636363635	0.13636363636363635
perturb_annotation_+0.10	modest_weights	syscilia	100	20053	20053	0.992781285834377	92	0.8518518518518519	0.715614345209437	1	28	28	0.9185118691402354	25	15	1	1.0	0.8928571428571429	0.5357142857142857	0.03571428571428571	0.18181818181818182	0.18181818181818182	0.22727272727272727	0.13636363636363635	0.13636363636363635	0.13636363636363635
perturb_annotation_+0.10	modest_weights	housekeeping	100	20053	20053	0.992781285834377	92	0.8518518518518519	0.715614345209437	1	13	13	0.9478854977059645	11	9	2	1.0	0.8461538461538461	0.6923076923076923	0.15384615384615385	0.18181818181818182	0.18181818181818182	0.22727272727272727	0.13636363636363635	0.13636363636363635	0.13636363636363635
single_localization	single_layer	usher	25	13089	13089	0.21804503820668278	1	0.02040816326530612	1.0	138	9	2	0.0	0	0	0	0.2222222222222222	0.0	0.0	0.0	0.0	0.0	0.0	1.0	0.0	0.0
single_localization	single_layer	syscilia	25	13089	13089	0.21804503820668278	1	0.02040816326530612	1.0	138	28	28	0.9116748166259169	27	27	0	1.0	0.9642857142857143	0.9642857142857143	0.0	0.0	0.0	0.0	1.0	0.0	0.0
single_localization	single_layer	housekeeping	25	13089	13089	0.21804503820668278	1	0.02040816326530612	1.0	138	13	8	0.0	0	0	0	0.6153846153846154	0.0	0.0	0.0	0.0	0.0	0.0	1.0	0.0	0.0
single_localization	single_layer	usher	50	13089	13089	0.21804503820668278	2	0.02040816326530612	1.0	138	9	2	0.0	0	0	0	0.2222222222222222	0.0	0.0	0.0	0.0	0.0	0.0	1.0	0.0	0.0
single_localization	single_layer	syscilia	50	13089	13089	0.21804503820668278	2	0.02040816326530612	1.0	138	28	28	0.9116748166259169	27	27	1	1.0	0.9642857142857143	0.9642857142857143	0.03571428571428571	0.0	0.0	0.0	1.0	0.0	0.0
single_localization	single_layer	housekeeping	50	13089	13089	0.21804503820668278	2	0.02040816326530612	1.0	138	13	8	0.0	0	0	0	0.6153846153846154	0.0	0.0	0.0	0.0	0.0	0.0	1.0	0.0	0.0
single_localization	single_layer	usher	100	13089	13089	0.21804503820668278	19	0.10497237569060773	1.0	138	9	2	0.0	0	0	0	0.2222222222222222	0.0	0.0	0.0	0.0	0.0	0.0	1.0	0.0	0.0
single_localization	single_layer	syscilia	100	13089	13089	0.21804503820668278	19	0.10497237569060773	1.0	138	28	28	0.9116748166259169	27	27	1	1.0	0.9642857142857143	0.9642857142857143	0.03571428571428571	0.0	0.0	0.0	1.0	0.0	0.0
single_localization	single_layer	housekeeping	100	13089	13089	0.21804503820668278	19	0.10497237569060773	1.0	138	13	8	0.0	0	0	0	0.6153846153846154	0.0	0.0	0.0	0.0	0.0	0.0	1.0	0.0	0.0
loo_localization	leave_one_out	usher	25	20051	20051	0.9679861585181856	11	0.28205128205128205	0.7775220877897149	1	9	9	0.9640897755610972	7	6	0	1.0	0.7777777777777778	0.6666666666666666	0.0	0.23529411764705882	0.23529411764705882	0.1764705882352941	0.0	0.1764705882352941	0.1764705882352941
loo_localization	leave_one_out	syscilia	25	20051	20051	0.9679861585181856	11	0.28205128205128205	0.7775220877897149	1	28	28	0.9029675810473815	26	15	0	1.0	0.9285714285714286	0.5357142857142857	0.0	0.23529411764705882	0.23529411764705882	0.1764705882352941	0.0	0.1764705882352941	0.1764705882352941
loo_localization	leave_one_out	housekeeping	25	20051	20051	0.9679861585181856	11	0.28205128205128205	0.7775220877897149	1	13	13	0.9431920199501247	13	9	0	1.0	1.0	0.6923076923076923	0.0	0.23529411764705882	0.23529411764705882	0.1764705882352941	0.0	0.1764705882352941	0.1764705882352941
loo_localization	leave_one_out	usher	50	20051	20051	0.9679861585181856	14	0.16279069767441862	0.7590678923883905	1	9	9	0.9640897755610972	7	6	0	1.0	0.7777777777777778	0.6666666666666666	0.0	0.23529411764705882	0.23529411764705882	0.1764705882352941	0.0	0.1764705882352941	0.1764705882352941
loo_localization	leave_one_out	syscilia	50	20051	20051	0.9679861585181856	14	0.16279069767441862	0.7590678923883905	1	28	28	0.9029675810473815	26	15	0	1.0	0.9285714285714286	0.5357142857142857	0.0	0.23529411764705882	0.23529411764705882	0.1764705882352941	0.0	0.1764705882352941	0.1764705882352941
loo_localization	leave_one_out	housekeeping	50	20051	20051	0.9679861585181856	14	0.16279069767441862	0.7590678923883905	1	13	13	0.9431920199501247	13	9	0	1.0	1.0	0.6923076923076923	0.0	0.23529411764705882	0.23529411764705882	0.1764705882352941	0.0	0.1764705882352941	0.1764705882352941
loo_localization	leave_one_out	usher	100	20051	20051	0.9679861585181856	37	0.22699386503067484	0.7383447247474925	1	9	9	0.9640897755610972	7	6	1	1.0	0.7777777777777778	0.6666666666666666	0.1111111111111111	0.23529411764705882	0.23529411764705882	0.1764705882352941	0.0	0.1764705882352941	0.1764705882352941
loo_localization	leave_one_out	syscilia	100	20051	20051	0.9679861585181856	37	0.22699386503067484	0.7383447247474925	1	28	28	0.9029675810473815	26	15	0	1.0	0.9285714285714286	0.5357142857142857	0.0	0.23529411764705882	0.23529411764705882	0.1764705882352941	0.0	0.1764705882352941	0.1764705882352941
loo_localization	leave_one_out	housekeeping	100	20051	20051	0.9679861585181856	37	0.22699386503067484	0.7383447247474925	1	13	13	0.9431920199501247	13	9	0	1.0	1.0	0.6923076923076923	0.0	0.23529411764705882	0.23529411764705882	0.1764705882352941	0.0	0.1764705882352941	0.1764705882352941
perturb_localization_-0.10	modest_weights	usher	25	20053	20053	0.9864272650471799	16	0.47058823529411764	0.7537914468483278	1	9	9	0.9823459006582884	9	6	0	1.0	1.0	0.6666666666666666	0.0	0.2222222222222222	0.2222222222222222	0.16666666666666663	0.05555555555555553	0.16666666666666663	0.16666666666666663
perturb_localization_-0.10	modest_weights	syscilia	25	20053	20053	0.9864272650471799	16	0.47058823529411764	0.7537914468483278	1	28	28	0.9178884899261919	26	16	0	1.0	0.9285714285714286	0.5714285714285714	0.0	0.2222222222222222	0.2222222222222222	0.16666666666666663	0.05555555555555553	0.16666666666666663	0.16666666666666663
perturb_localization_-0.10	modest_weights	housekeeping	25	20053	20053	0.9864272650471799	16	0.47058823529411764	0.7537914468483278	1	13	13	0.9497805705166567	13	9	0	1.0	1.0	0.6923076923076923	0.0	0.2222222222222222	0.2222222222222222	0.16666666666666663	0.05555555555555553	0.16666666666666663	0.16666666666666663
perturb_localization_-0.10	modest_weights	usher	50	20053	20053	0.9864272650471799	32	0.47058823529411764	0.7347634244653949	1	9	9	0.9823459006582884	9	6	0	1.0	1.0	0.6666666666666666	0.0	0.2222222222222222	0.2222222222222222	0.16666666666666663	0.05555555555555553	0.16666666666666663	0.16666666666666663
perturb_localization_-0.10	modest_weights	syscilia	50	20053	20053	0.9864272650471799	32	0.47058823529411764	0.7347634244653949	1	28	28	0.9178884899261919	26	16	0	1.0	0.9285714285714286	0.5714285714285714	0.0	0.2222222222222222	0.2222222222222222	0.16666666666666663	0.05555555555555553	0.16666666666666663	0.16666666666666663
perturb_localization_-0.10	modest_weights	housekeeping	50	20053	20053	0.9864272650471799	32	0.47058823529411764	0.7347634244653949	1	13	13	0.9497805705166567	13	9	0	1.0	1.0	0.6923076923076923	0.0	0.2222222222222222	0.2222222222222222	0.16666666666666663	0.05555555555555553	0.16666666666666663	0.16666666666666663
perturb_localization_-0.10	modest_weights	usher	100	20053	20053	0.9864272650471799	59	0.41843971631205673	0.7152893414036848	1	9	9	0.9823459006582884	9	6	1	1.0	1.0	0.6666666666666666	0.1111111111111111	0.2222222222222222	0.2222222222222222	0.16666666666666663	0.05555555555555553	0.16666666666666663	0.16666666666666663
perturb_localization_-0.10	modest_weights	syscilia	100	20053	20053	0.9864272650471799	59	0.41843971631205673	0.7152893414036848	1	28	28	0.9178884899261919	26	16	0	1.0	0.9285714285714286	0.5714285714285714	0.0	0.2222222222222222	0.2222222222222222	0.16666666666666663	0.05555555555555553	0.16666666666666663	0.16666666666666663
perturb_localization_-0.10	modest_weights	housekeeping	100	20053	20053	0.9864272650471799	59	0.41843971631205673	0.7152893414036848	1	13	13	0.9497805705166567	13	9	1	1.0	1.0	0.6923076923076923	0.07692307692307693	0.2222222222222222	0.2222222222222222	0.16666666666666663	0.05555555555555553	0.16666666666666663	0.16666666666666663
perturb_localization_-0.05	modest_weights	usher	25	20053	20053	0.9967906854740597	23	0.8518518518518519	0.7446144766511446	1	9	9	0.9864352683024137	9	6	0	1.0	1.0	0.6666666666666666	0.0	0.21052631578947367	0.21052631578947367	0.15789473684210525	0.10526315789473682	0.15789473684210525	0.15789473684210525
perturb_localization_-0.05	modest_weights	syscilia	25	20053	20053	0.9967906854740597	23	0.8518518518518519	0.7446144766511446	1	28	28	0.9227508477957311	26	15	0	1.0	0.9285714285714286	0.5357142857142857	0.0	0.21052631578947367	0.21052631578947367	0.15789473684210525	0.10526315789473682	0.15789473684210525	0.15789473684210525
perturb_localization_-0.05	modest_weights	housekeeping	25	20053	20053	0.9967906854740597	23	0.8518518518518519	0.7446144766511446	1	13	13	0.9623977658088969	11	9	0	1.0	0.8461538461538461	0.6923076923076923	0.0	0.21052631578947367	0.21052631578947367	0.15789473684210525	0.10526315789473682	0.15789473684210525	0.15789473684210525
perturb_localization_-0.05	modest_weights	usher	50	20053	20053	0.9967906854740597	41	0.6949152542372882	0.7267364993889901	1	9	9	0.9864352683024137	9	6	0	1.0	1.0	0.6666666666666666	0.0	0.21052631578947367	0.21052631578947367	0.15789473684210525	0.10526315789473682	0.15789473684210525	0.15789473684210525
perturb_localization_-0.05	modest_weights	syscilia	50	20053	20053	0.9967906854740597	41	0.6949152542372882	0.7267364993889901	1	28	28	0.9227508477957311	26	15	0	1.0	0.9285714285714286	0.5357142857142857	0.0	0.21052631578947367	0.21052631578947367	0.15789473684210525	0.10526315789473682	0.15789473684210525	0.15789473684210525
perturb_localization_-0.05	modest_weights	housekeeping	50	20053	20053	0.9967906854740597	41	0.6949152542372882	0.7267364993889901	1	13	13	0.9623977658088969	11	9	0	1.0	0.8461538461538461	0.6923076923076923	0.0	0.21052631578947367	0.21052631578947367	0.15789473684210525	0.10526315789473682	0.15789473684210525	0.15789473684210525
perturb_localization_-0.05	modest_weights	usher	100	20053	20053	0.9967906854740597	87	0.7699115044247787	0.7025815268233978	1	9	9	0.9864352683024137	9	6	2	1.0	1.0	0.6666666666666666	0.2222222222222222	0.21052631578947367	0.21052631578947367	0.15789473684210525	0.10526315789473682	0.15789473684210525	0.15789473684210525
perturb_localization_-0.05	modest_weights	syscilia	100	20053	20053	0.9967906854740597	87	0.7699115044247787	0.7025815268233978	1	28	28	0.9227508477957311	26	15	0	1.0	0.9285714285714286	0.5357142857142857	0.0	0.21052631578947367	0.21052631578947367	0.15789473684210525	0.10526315789473682	0.15789473684210525	0.15789473684210525
perturb_localization_-0.05	modest_weights	housekeeping	100	20053	20053	0.9967906854740597	87	0.7699115044247787	0.7025815268233978	1	13	13	0.9623977658088969	11	9	2	1.0	0.8461538461538461	0.6923076923076923	0.15384615384615385	0.21052631578947367	0.21052631578947367	0.15789473684210525	0.10526315789473682	0.15789473684210525	0.15789473684210525
perturb_localization_+0.05	modest_weights	usher	25	20053	20053	0.9971953220609091	23	0.8518518518518519	0.7472784495616437	1	9	9	0.9795531617793737	9	6	0	1.0	1.0	0.6666666666666666	0.0	0.19047619047619047	0.19047619047619047	0.14285714285714285	0.19047619047619047	0.14285714285714285	0.14285714285714285
perturb_localization_+0.05	modest_weights	syscilia	25	20053	20053	0.9971953220609091	23	0.8518518518518519	0.7472784495616437	1	28	28	0.9147466586874127	26	15	0	1.0	0.9285714285714286	0.5357142857142857	0.0	0.19047619047619047	0.19047619047619047	0.14285714285714285	0.19047619047619047	0.14285714285714285	0.14285714285714285
perturb_localization_+0.05	modest_weights	housekeeping	25	20053	20053	0.9971953220609091	23	0.8518518518518519	0.7472784495616437	1	13	13	0.9324755635348095	11	7	0	1.0	0.8461538461538461	0.5384615384615384	0.0	0.19047619047619047	0.19047619047619047	0.14285714285714285	0.19047619047619047	0.14285714285714285	0.14285714285714285
perturb_localization_+0.05	modest_weights	usher	50	20053	20053	0.9971953220609091	45	0.8181818181818182	0.7278192816392924	1	9	9	0.9795531617793737	9	6	0	1.0	1.0	0.6666666666666666	0.0	0.19047619047619047	0.19047619047619047	0.14285714285714285	0.19047619047619047	0.14285714285714285	0.14285714285714285
perturb_localization_+0.05	modest_weights	syscilia	50	20053	20053	0.9971953220609091	45	0.8181818181818182	0.7278192816392924	1	28	28	0.9147466586874127	26	15	0	1.0	0.9285714285714286	0.5357142857142857	0.0	0.19047619047619047	0.19047619047619047	0.14285714285714285	0.19047619047619047	0.14285714285714285	0.14285714285714285
perturb_localization_+0.05	modest_weights	housekeeping	50	20053	20053	0.9971953220609091	45	0.8181818181818182	0.7278192816392924	1	13	13	0.9324755635348095	11	7	0	1.0	0.8461538461538461	0.5384615384615384	0.0	0.19047619047619047	0.19047619047619047	0.14285714285714285	0.19047619047619047	0.14285714285714285	0.14285714285714285
perturb_localization_+0.05	modest_weights	usher	100	20053	20053	0.9971953220609091	93	0.8691588785046729	0.7027314414657627	1	9	9	0.9795531617793737	9	6	2	1.0	1.0	0.6666666666666666	0.2222222222222222	0.19047619047619047	0.19047619047619047	0.14285714285714285	0.19047619047619047	0.14285714285714285	0.14285714285714285
perturb_localization_+0.05	modest_weights	syscilia	100	20053	20053	0.9971953220609091	93	0.8691588785046729	0.7027314414657627	1	28	28	0.9147466586874127	26	15	1	1.0	0.9285714285714286	0.5357142857142857	0.03571428571428571	0.19047619047619047	0.19047619047619047	0.14285714285714285	0.19047619047619047	0.14285714285714285	0.14285714285714285
perturb_localization_+0.05	modest_weights	housekeeping	100	20053	20053	0.9971953220609091	93	0.8691588785046729	0.7027314414657627	1	13	13	0.9324755635348095	11	7	2	1.0	0.8461538461538461	0.5384615384615384	0.15384615384615385	0.19047619047619047	0.19047619047619047	0.14285714285714285	0.19047619047619047	0.14285714285714285	0.14285714285714285
perturb_localization_+0.10	modest_weights	usher	25	20053	20053	0.9895779762970809	21	0.7241379310344828	0.7519063530347764	1	9	9	0.9801516058248554	9	8	0	1.0	1.0	0.8888888888888888	0.0	0.18181818181818182	0.18181818181818182	0.13636363636363635	0.22727272727272727	0.13636363636363635	0.13636363636363635
perturb_localization_+0.10	modest_weights	syscilia	25	20053	20053	0.9895779762970809	21	0.7241379310344828	0.7519063530347764	1	28	28	0.9088619589068423	25	15	0	1.0	0.8928571428571429	0.5357142857142857	0.0	0.18181818181818182	0.18181818181818182	0.13636363636363635	0.22727272727272727	0.13636363636363635	0.13636363636363635
perturb_localization_+0.10	modest_weights	housekeeping	25	20053	20053	0.9895779762970809	21	0.7241379310344828	0.7519063530347764	1	13	13	0.9163674446439258	11	7	0	1.0	0.8461538461538461	0.5384615384615384	0.0	0.18181818181818182	0.18181818181818182	0.13636363636363635	0.22727272727272727	0.13636363636363635	0.13636363636363635
perturb_localization_+0.10	modest_weights	usher	50	20053	20053	0.9895779762970809	40	0.6666666666666666	0.7327279364603853	1	9	9	0.9801516058248554	9	8	0	1.0	1.0	0.8888888888888888	0.0	0.18181818181818182	0.18181818181818182	0.13636363636363635	0.22727272727272727	0.13636363636363635	0.13636363636363635
perturb_localization_+0.10	modest_weights	syscilia	50	20053	20053	0.9895779762970809	40	0.6666666666666666	0.7327279364603853	1	28	28	0.9088619589068423	25	15	1	1.0	0.8928571428571429	0.5357142857142857	0.03571428571428571	0.18181818181818182	0.18181818181818182	0.13636363636363635	0.22727272727272727	0.13636363636363635	0.13636363636363635
perturb_localization_+0.10	modest_weights	housekeeping	50	20053	20053	0.9895779762970809	40	0.6666666666666666	0.7327279364603853	1	13	13	0.9163674446439258	11	7	0	1.0	0.8461538461538461	0.5384615384615384	0.0	0.18181818181818182	0.18181818181818182	0.13636363636363635	0.22727272727272727	0.13636363636363635	0.13636363636363635
perturb_localization_+0.10	modest_weights	usher	100	20053	20053	0.9895779762970809	88	0.7857142857142857	0.7047171974086153	1	9	9	0.9801516058248554	9	8	2	1.0	1.0	0.8888888888888888	0.2222222222222222	0.18181818181818182	0.18181818181818182	0.13636363636363635	0.22727272727272727	0.13636363636363635	0.13636363636363635
perturb_localization_+0.10	modest_weights	syscilia	100	20053	20053	0.9895779762970809	88	0.7857142857142857	0.7047171974086153	1	28	28	0.9088619589068423	25	15	1	1.0	0.8928571428571429	0.5357142857142857	0.03571428571428571	0.18181818181818182	0.18181818181818182	0.13636363636363635	0.22727272727272727	0.13636363636363635	0.13636363636363635
perturb_localization_+0.10	modest_weights	housekeeping	100	20053	20053	0.9895779762970809	88	0.7857142857142857	0.7047171974086153	1	13	13	0.9163674446439258	11	7	2	1.0	0.8461538461538461	0.5384615384615384	0.15384615384615385	0.18181818181818182	0.18181818181818182	0.13636363636363635	0.22727272727272727	0.13636363636363635	0.13636363636363635
single_animal_model	single_layer	usher	25	19125	19125	0.3327275066204217	2	0.041666666666666664	0.5311208910500647	4	9	9	0.99299309767831	9	7	1	1.0	1.0	0.7777777777777778	0.1111111111111111	0.0	0.0	0.0	0.0	1.0	0.0
single_animal_model	single_layer	syscilia	25	19125	19125	0.3327275066204217	2	0.041666666666666664	0.5311208910500647	4	28	28	0.9790054381928467	27	25	4	1.0	0.9642857142857143	0.8928571428571429	0.14285714285714285	0.0	0.0	0.0	0.0	1.0	0.0
single_animal_model	single_layer	housekeeping	25	19125	19125	0.3327275066204217	2	0.041666666666666664	0.5311208910500647	4	13	13	0.0	5	1	0	1.0	0.38461538461538464	0.07692307692307693	0.0	0.0	0.0	0.0	0.0	1.0	0.0
single_animal_model	single_layer	usher	50	19125	19125	0.3327275066204217	2	0.02040816326530612	0.49062181645717884	3	9	9	0.99299309767831	9	7	2	1.0	1.0	0.7777777777777778	0.2222222222222222	0.0	0.0	0.0	0.0	1.0	0.0
single_animal_model	single_layer	syscilia	50	19125	19125	0.3327275066204217	2	0.02040816326530612	0.49062181645717884	3	28	28	0.9790054381928467	27	25	6	1.0	0.9642857142857143	0.8928571428571429	0.21428571428571427	0.0	0.0	0.0	0.0	1.0	0.0
single_animal_model	single_layer	housekeeping	50	19125	19125	0.3327275066204217	2	0.02040816326530612	0.49062181645717884	3	13	13	0.0	5	1	0	1.0	0.38461538461538464	0.07692307692307693	0.0	0.0	0.0	0.0	0.0	1.0	0.0
single_animal_model	single_layer	usher	100	19125	19125	0.3327275066204217	14	0.07526881720430108	0.4252815104094472	6	9	9	0.99299309767831	9	7	4	1.0	1.0	0.7777777777777778	0.4444444444444444	0.0	0.0	0.0	0.0	1.0	0.0
single_animal_model	single_layer	syscilia	100	19125	19125	0.3327275066204217	14	0.07526881720430108	0.4252815104094472	6	28	28	0.9790054381928467	27	25	11	1.0	0.9642857142857143	0.8928571428571429	0.39285714285714285	0.0	0.0	0.0	0.0	1.0	0.0
single_animal_model	single_layer	housekeeping	100	19125	19125	0.3327275066204217	14	0.07526881720430108	0.4252815104094472	6	13	13	0.0	5	1	0	1.0	0.38461538461538464	0.07692307692307693	0.0	0.0	0.0	0.0	0.0	1.0	0.0
loo_animal_model	leave_one_out	usher	25	20053	20053	0.9927815422052388	11	0.28205128205128205	0.874848701769418	1	9	9	0.9570616397366846	7	6	0	1.0	0.7777777777777778	0.6666666666666666	0.0	0.23529411764705882	0.23529411764705882	0.1764705882352941	0.1764705882352941	0.0	0.1764705882352941
loo_animal_model	leave_one_out	syscilia	25	20053	20053	0.9927815422052388	11	0.28205128205128205	0.874848701769418	1	28	28	0.8355026929982047	22	5	0	1.0	0.7857142857142857	0.17857142857142858	0.0	0.23529411764705882	0.23529411764705882	0.1764705882352941	0.1764705882352941	0.0	0.1764705882352941
loo_animal_model	leave_one_out	housekeeping	25	20053	20053	0.9927815422052388	11	0.28205128205128205	0.874848701769418	1	13	13	0.9450428884899262	11	8	0	1.0	0.8461538461538461	0.6153846153846154	0.0	0.23529411764705882	0.23529411764705882	0.1764705882352941	0.1764705882352941	0.0	0.1764705882352941
loo_animal_model	leave_one_out	usher	50	20053	20053	0.9927815422052388	28	0.3888888888888889	0.8433897919322955	1	9	9	0.9570616397366846	7	6	0	1.0	0.7777777777777778	0.6666666666666666	0.0	0.23529411764705882	0.23529411764705882	0.1764705882352941	0.1764705882352941	0.0	0.1764705882352941
loo_animal_model	leave_one_out	syscilia	50	20053	20053	0.9927815422052388	28	0.3888888888888889	0.8433897919322955	1	28	28	0.8355026929982047	22	5	0	1.0	0.7857142857142857	0.17857142857142858	0.0	0.23529411764705882	0.23529411764705882	0.1764705882352941	0.1764705882352941	0.0	0.1764705882352941
loo_animal_model	leave_one_out	housekeeping	50	20053	20053	0.9927815422052388	28	0.3888888888888889	0.8433897919322955	1	13	13	0.9450428884899262	11	8	1	1.0	0.8461538461538461	0.6153846153846154	0.07692307692307693	0.23529411764705882	0.23529411764705882	0.1764705882352941	0.1764705882352941	0.0	0.1764705882352941
loo_animal_model	leave_one_out	usher	100	20053	20053	0.9927815422052388	67	0.5037593984962406	0.822545025821791	1	9	9	0.9570616397366846	7	6	0	1.0	0.7777777777777778	0.6666666666666666	0.0	0.23529411764705882	0.23529411764705882	0.1764705882352941	0.1764705882352941	0.0	0.1764705882352941
loo_animal_model	leave_one_out	syscilia	100	20053	20053	0.9927815422052388	67	0.5037593984962406	0.822545025821791	1	28	28	0.8355026929982047	22	5	0	1.0	0.7857142857142857	0.17857142857142858	0.0	0.23529411764705882	0.23529411764705882	0.1764705882352941	0.1764705882352941	0.0	0.1764705882352941
loo_animal_model	leave_one_out	housekeeping	100	20053	20053	0.9927815422052388	67	0.5037593984962406	0.822545025821791	1	13	13	0.9450428884899262	11	8	2	1.0	0.8461538461538461	0.6153846153846154	0.15384615384615385	0.23529411764705882	0.23529411764705882	0.1764705882352941	0.1764705882352941	0.0	0.1764705882352941
perturb_animal_model_-0.10	modest_weights	usher	25	20053	20053	0.9969833320616335	13	0.35135135135135137	0.8187147362062668	1	9	9	0.9744165170556554	9	6	0	1.0	1.0	0.6666666666666666	0.0	0.22222222222222224	0.22222222222222224	0.16666666666666666	0.16666666666666666	0.05555555555555554	0.16666666666666666
perturb_animal_model_-0.10	modest_weights	syscilia	25	20053	20053	0.9969833320616335	13	0.35135135135135137	0.8187147362062668	1	28	28	0.8622581288649511	22	8	0	1.0	0.7857142857142857	0.2857142857142857	0.0	0.22222222222222224	0.22222222222222224	0.16666666666666666	0.16666666666666666	0.05555555555555554	0.16666666666666666
perturb_animal_model_-0.10	modest_weights	housekeeping	25	20053	20053	0.9969833320616335	13	0.35135135135135137	0.8187147362062668	1	13	13	0.9472371833233593	11	8	0	1.0	0.8461538461538461	0.6153846153846154	0.0	0.22222222222222224	0.22222222222222224	0.16666666666666666	0.16666666666666666	0.05555555555555554	0.16666666666666666
perturb_animal_model_-0.10	modest_weights	usher	50	20053	20053	0.9969833320616335	36	0.5625	0.7965348034916124	1	9	9	0.9744165170556554	9	6	0	1.0	1.0	0.6666666666666666	0.0	0.22222222222222224	0.22222222222222224	0.16666666666666666	0.16666666666666666	0.05555555555555554	0.16666666666666666
perturb_animal_model_-0.10	modest_weights	syscilia	50	20053	20053	0.9969833320616335	36	0.5625	0.7965348034916124	1	28	28	0.8622581288649511	22	8	0	1.0	0.7857142857142857	0.2857142857142857	0.0	0.22222222222222224	0.22222222222222224	0.16666666666666666	0.16666666666666666	0.05555555555555554	0.16666666666666666
perturb_animal_model_-0.10	modest_weights	housekeeping	50	20053	20053	0.9969833320616335	36	0.5625	0.7965348034916124	1	13	13	0.9472371833233593	11	8	1	1.0	0.8461538461538461	0.6153846153846154	0.07692307692307693	0.22222222222222224	0.22222222222222224	0.16666666666666666	0.16666666666666666	0.05555555555555554	0.16666666666666666
perturb_animal_model_-0.10	modest_weights	usher	100	20053	20053	0.9969833320616335	78	0.639344262295082	0.7735332324158215	1	9	9	0.9744165170556554	9	6	0	1.0	1.0	0.6666666666666666	0.0	0.22222222222222224	0.22222222222222224	0.16666666666666666	0.16666666666666666	0.05555555555555554	0.16666666666666666
perturb_animal_model_-0.10	modest_weights	syscilia	100	20053	20053	0.9969833320616335	78	0.639344262295082	0.7735332324158215	1	28	28	0.8622581288649511	22	8	0	1.0	0.7857142857142857	0.2857142857142857	0.0	0.22222222222222224	0.22222222222222224	0.16666666666666666	0.16666666666666666	0.05555555555555554	0.16666666666666666
perturb_animal_model_-0.10	modest_weights	housekeeping	100	20053	20053	0.9969833320616335	78	0.639344262295082	0.7735332324158215	1	13	13	0.9472371833233593	11	8	2	1.0	0.8461538461538461	0.6153846153846154	0.15384615384615385	0.22222222222222224	0.22222222222222224	0.16666666666666666	0.16666666666666666	0.05555555555555554	0.16666666666666666
perturb_animal_model_-0.05	modest_weights	usher	25	20053	20053	0.9992856225747511	19	0.6129032258064516	0.7826086687172034	1	9	9	0.9784560143626571	9	6	0	1.0	1.0	0.6666666666666666	0.0	0.21052631578947367	0.21052631578947367	0.15789473684210525	0.15789473684210525	0.10526315789473682	0.15789473684210525
perturb_animal_model_-0.05	modest_weights	syscilia	25	20053	20053	0.9992856225747511	19	0.6129032258064516	0.7826086687172034	1	28	28	0.8905595451825254	26	12	0	1.0	0.9285714285714286	0.42857142857142855	0.0	0.21052631578947367	0.21052631578947367	0.15789473684210525	0.15789473684210525	0.10526315789473682	0.15789473684210525
perturb_animal_model_-0.05	modest_weights	housekeeping	25	20053	20053	0.9992856225747511	19	0.6129032258064516	0.7826086687172034	1	13	13	0.9476860163574706	11	8	0	1.0	0.8461538461538461	0.6153846153846154	0.0	0.21052631578947367	0.21052631578947367	0.15789473684210525	0.15789473684210525	0.10526315789473682	0.15789473684210525
perturb_animal_model_-0.05	modest_weights	usher	50	20053	20053	0.9992856225747511	45	0.8181818181818182	0.7565172568901151	1	9	9	0.9784560143626571	9	6	0	1.0	1.0	0.6666666666666666	0.0	0.21052631578947367	0.21052631578947367	0.15789473684210525	0.15789473684210525	0.10526315789473682	0.15789473684210525
perturb_animal_model_-0.05	modest_weights	syscilia	50	20053	20053	0.9992856225747511	45	0.8181818181818182	0.7565172568901151	1	28	28	0.8905595451825254	26	12	0	1.0	0.9285714285714286	0.42857142857142855	0.0	0.21052631578947367	0.21052631578947367	0.15789473684210525	0.15789473684210525	0.10526315789473682	0.15789473684210525
perturb_animal_model_-0.05	modest_weights	housekeeping	50	20053	20053	0.9992856225747511	45	0.8181818181818182	0.7565172568901151	1	13	13	0.9476860163574706	11	8	1	1.0	0.8461538461538461	0.6153846153846154	0.07692307692307693	0.21052631578947367	0.21052631578947367	0.15789473684210525	0.15789473684210525	0.10526315789473682	0.15789473684210525
perturb_animal_model_-0.05	modest_weights	usher	100	20053	20053	0.9992856225747511	87	0.7699115044247787	0.734545582659931	1	9	9	0.9784560143626571	9	6	1	1.0	1.0	0.6666666666666666	0.1111111111111111	0.21052631578947367	0.21052631578947367	0.15789473684210525	0.15789473684210525	0.10526315789473682	0.15789473684210525
perturb_animal_model_-0.05	modest_weights	syscilia	100	20053	20053	0.9992856225747511	87	0.7699115044247787	0.734545582659931	1	28	28	0.8905595451825254	26	12	0	1.0	0.9285714285714286	0.42857142857142855	0.0	0.21052631578947367	0.21052631578947367	0.15789473684210525	0.15789473684210525	0.10526315789473682	0.15789473684210525
perturb_animal_model_-0.05	modest_weights	housekeeping	100	20053	20053	0.9992856225747511	87	0.7699115044247787	0.734545582659931	1	13	13	0.9476860163574706	11	8	2	1.0	0.8461538461538461	0.6153846153846154	0.15384615384615385	0.21052631578947367	0.21052631578947367	0.15789473684210525	0.15789473684210525	0.10526315789473682	0.15789473684210525
perturb_animal_model_+0.05	modest_weights	usher	25	20053	20053	0.9993612299856577	23	0.8518518518518519	0.7175831702765262	1	9	9	0.9812986235786954	9	6	0	1.0	1.0	0.6666666666666666	0.0	0.19047619047619047	0.19047619047619047	0.14285714285714285	0.14285714285714285	0.19047619047619047	0.14285714285714285
perturb_animal_model_+0.05	modest_weights	syscilia	25	20053	20053	0.9993612299856577	23	0.8518518518518519	0.7175831702765262	1	28	28	0.9389088370237382	26	17	0	1.0	0.9285714285714286	0.6071428571428571	0.0	0.19047619047619047	0.19047619047619047	0.14285714285714285	0.14285714285714285	0.19047619047619047	0.14285714285714285
perturb_animal_model_+0.05	modest_weights	housekeeping	25	20053	20053	0.9993612299856577	23	0.8518518518518519	0.7175831702765262	1	13	13	0.9476361460203471	11	9	0	1.0	0.8461538461538461	0.6923076923076923	0.0	0.19047619047619047	0.19047619047619047	0.14285714285714285	0.14285714285714285	0.19047619047619047	0.14285714285714285
perturb_animal_model_+0.05	modest_weights	usher	50	20053	20053	0.9993612299856577	40	0.6666666666666666	0.6981448659643091	1	9	9	0.9812986235786954	9	6	1	1.0	1.0	0.6666666666666666	0.1111111111111111	0.19047619047619047	0.19047619047619047	0.14285714285714285	0.14285714285714285	0.19047619047619047	0.14285714285714285
perturb_animal_model_+0.05	modest_weights	syscilia	50	20053	20053	0.9993612299856577	40	0.6666666666666666	0.6981448659643091	1	28	28	0.9389088370237382	26	17	1	1.0	0.9285714285714286	0.6071428571428571	0.03571428571428571	0.19047619047619047	0.19047619047619047	0.14285714285714285	0.14285714285714285	0.19047619047619047	0.14285714285714285
perturb_animal_model_+0.05	modest_weights	housekeeping	50	20053	20053	0.9993612299856577	40	0.6666666666666666	0.6981448659643091	1	13	13	0.9476361460203471	11	9	0	1.0	0.8461538461538461	0.6923076923076923	0.0	0.19047619047619047	0.19047619047619047	0.14285714285714285	0.14285714285714285	0.19047619047619047	0.14285714285714285
perturb_animal_model_+0.05	modest_weights	usher	100	20053	20053	0.9993612299856577	86	0.7543859649122807	0.6745570004716477	1	9	9	0.9812986235786954	9	6	3	1.0	1.0	0.6666666666666666	0.3333333333333333	0.19047619047619047	0.19047619047619047	0.14285714285714285	0.14285714285714285	0.19047619047619047	0.14285714285714285
perturb_animal_model_+0.05	modest_weights	syscilia	100	20053	20053	0.9993612299856577	86	0.7543859649122807	0.6745570004716477	1	28	28	0.9389088370237382	26	17	1	1.0	0.9285714285714286	0.6071428571428571	0.03571428571428571	0.19047619047619047	0.19047619047619047	0.14285714285714285	0.14285714285714285	0.19047619047619047	0.14285714285714285
perturb_animal_model_+0.05	modest_weights	housekeeping	100	20053	20053	0.9993612299856577	86	0.7543859649122807	0.6745570004716477	1	13	13	0.9476361460203471	11	9	2	1.0	0.8461538461538461	0.6923076923076923	0.15384615384615385	0.19047619047619047	0.19047619047619047	0.14285714285714285	0.14285714285714285	0.19047619047619047	0.14285714285714285
perturb_animal_model_+0.10	modest_weights	usher	25	20053	20053	0.9975859446234657	19	0.6129032258064516	0.6985149653847359	1	9	9	0.9841911031318572	9	8	0	1.0	1.0	0.8888888888888888	0.0	0.18181818181818182	0.18181818181818182	0.13636363636363635	0.13636363636363635	0.22727272727272727	0.13636363636363635
perturb_animal_model_+0.10	modest_weights	syscilia	25	20053	20053	0.9975859446234657	19	0.6129032258064516	0.6985149653847359	1	28	28	0.9461649710752045	26	19	1	1.0	0.9285714285714286	0.6785714285714286	0.03571428571428571	0.18181818181818182	0.18181818181818182	0.13636363636363635	0.13636363636363635	0.22727272727272727	0.13636363636363635
perturb_animal_model_+0.10	modest_weights	housekeeping	25	20053	20053	0.9975859446234657	19	0.6129032258064516	0.6985149653847359	1	13	13	0.9474366646718532	11	8	0	1.0	0.8461538461538461	0.6153846153846154	0.0	0.18181818181818182	0.18181818181818182	0.13636363636363635	0.13636363636363635	0.22727272727272727	0.13636363636363635
perturb_animal_model_+0.10	modest_weights	usher	50	20053	20053	0.9975859446234657	31	0.4492753623188406	0.6790340985449692	1	9	9	0.9841911031318572	9	8	3	1.0	1.0	0.8888888888888888	0.3333333333333333	0.18181818181818182	0.18181818181818182	0.13636363636363635	0.13636363636363635	0.22727272727272727	0.13636363636363635
perturb_animal_model_+0.10	modest_weights	syscilia	50	20053	20053	0.9975859446234657	31	0.4492753623188406	0.6790340985449692	1	28	28	0.9461649710752045	26	19	1	1.0	0.9285714285714286	0.6785714285714286	0.03571428571428571	0.18181818181818182	0.18181818181818182	0.13636363636363635	0.13636363636363635	0.22727272727272727	0.13636363636363635
perturb_animal_model_+0.10	modest_weights	housekeeping	50	20053	20053	0.9975859446234657	31	0.4492753623188406	0.6790340985449692	1	13	13	0.9474366646718532	11	8	0	1.0	0.8461538461538461	0.6153846153846154	0.0	0.18181818181818182	0.18181818181818182	0.13636363636363635	0.13636363636363635	0.22727272727272727	0.13636363636363635
perturb_animal_model_+0.10	modest_weights	usher	100	20053	20053	0.9975859446234657	76	0.6129032258064516	0.6495369615375858	1	9	9	0.9841911031318572	9	8	4	1.0	1.0	0.8888888888888888	0.4444444444444444	0.18181818181818182	0.18181818181818182	0.13636363636363635	0.13636363636363635	0.22727272727272727	0.13636363636363635
perturb_animal_model_+0.10	modest_weights	syscilia	100	20053	20053	0.9975859446234657	76	0.6129032258064516	0.6495369615375858	1	28	28	0.9461649710752045	26	19	1	1.0	0.9285714285714286	0.6785714285714286	0.03571428571428571	0.18181818181818182	0.18181818181818182	0.13636363636363635	0.13636363636363635	0.22727272727272727	0.13636363636363635
perturb_animal_model_+0.10	modest_weights	housekeeping	100	20053	20053	0.9975859446234657	76	0.6129032258064516	0.6495369615375858	1	13	13	0.9474366646718532	11	8	1	1.0	0.8461538461538461	0.6153846153846154	0.07692307692307693	0.18181818181818182	0.18181818181818182	0.13636363636363635	0.13636363636363635	0.22727272727272727	0.13636363636363635
single_literature	single_layer	usher	25	19187	19187	0.7691781679495736	1	0.02040816326530612	0.9987491530723928	1	9	9	0.9913478578129886	9	9	1	1.0	1.0	1.0	0.1111111111111111	0.0	0.0	0.0	0.0	0.0	1.0
single_literature	single_layer	syscilia	25	19187	19187	0.7691781679495736	1	0.02040816326530612	0.9987491530723928	1	28	28	0.9977587824455332	28	28	8	1.0	1.0	1.0	0.2857142857142857	0.0	0.0	0.0	0.0	0.0	1.0
single_literature	single_layer	housekeeping	25	19187	19187	0.7691781679495736	1	0.02040816326530612	0.9987491530723928	1	13	13	0.8852288126759095	10	6	1	1.0	0.7692307692307693	0.46153846153846156	0.07692307692307693	0.0	0.0	0.0	0.0	0.0	1.0
single_literature	single_layer	usher	50	19187	19187	0.7691781679495736	3	0.030927835051546393	0.9974461875228019	1	9	9	0.9913478578129886	9	9	2	1.0	1.0	1.0	0.2222222222222222	0.0	0.0	0.0	0.0	0.0	1.0
single_literature	single_layer	syscilia	50	19187	19187	0.7691781679495736	3	0.030927835051546393	0.9974461875228019	1	28	28	0.9977587824455332	28	28	17	1.0	1.0	1.0	0.6071428571428571	0.0	0.0	0.0	0.0	0.0	1.0
single_literature	single_layer	housekeeping	50	19187	19187	0.7691781679495736	3	0.030927835051546393	0.9974461875228019	1	13	13	0.8852288126759095	10	6	1	1.0	0.7692307692307693	0.46153846153846156	0.07692307692307693	0.0	0.0	0.0	0.0	0.0	1.0
single_literature	single_layer	usher	100	19187	19187	0.7691781679495736	13	0.06951871657754011	0.9948402564236202	1	9	9	0.9913478578129886	9	9	2	1.0	1.0	1.0	0.2222222222222222	0.0	0.0	0.0	0.0	0.0	1.0
single_literature	single_layer	syscilia	100	19187	19187	0.7691781679495736	13	0.06951871657754011	0.9948402564236202	1	28	28	0.9977587824455332	28	28	21	1.0	1.0	1.0	0.75	0.0	0.0	0.0	0.0	0.0	1.0
single_literature	single_layer	housekeeping	100	19187	19187	0.7691781679495736	13	0.06951871657754011	0.9948402564236202	1	13	13	0.8852288126759095	10	6	1	1.0	0.7692307692307693	0.46153846153846156	0.07692307692307693	0.0	0.0	0.0	0.0	0.0	1.0
loo_literature	leave_one_out	usher	25	20053	20053	0.8867080600836025	16	0.47058823529411764	0.7298482494589397	1	9	9	0.9520247356872132	6	6	0	1.0	0.6666666666666666	0.6666666666666666	0.0	0.23529411764705882	0.23529411764705882	0.1764705882352941	0.1764705882352941	0.1764705882352941	0.0
loo_literature	leave_one_out	syscilia	25	20053	20053	0.8867080600836025	16	0.47058823529411764	0.7298482494589397	1	28	28	0.8230101735487731	18	7	0	1.0	0.6428571428571429	0.25	0.0	0.23529411764705882	0.23529411764705882	0.1764705882352941	0.1764705882352941	0.1764705882352941	0.0
loo_literature	leave_one_out	housekeeping	25	20053	20053	0.8867080600836025	16	0.47058823529411764	0.7298482494589397	1	13	13	0.9053959704767605	11	7	0	1.0	0.8461538461538461	0.5384615384615384	0.0	0.23529411764705882	0.23529411764705882	0.1764705882352941	0.1764705882352941	0.1764705882352941	0.0
loo_literature	leave_one_out	usher	50	20053	20053	0.8867080600836025	28	0.3888888888888889	0.7091302167844968	1	9	9	0.9520247356872132	6	6	0	1.0	0.6666666666666666	0.6666666666666666	0.0	0.23529411764705882	0.23529411764705882	0.1764705882352941	0.1764705882352941	0.1764705882352941	0.0
loo_literature	leave_one_out	syscilia	50	20053	20053	0.8867080600836025	28	0.3888888888888889	0.7091302167844968	1	28	28	0.8230101735487731	18	7	0	1.0	0.6428571428571429	0.25	0.0	0.23529411764705882	0.23529411764705882	0.1764705882352941	0.1764705882352941	0.1764705882352941	0.0
loo_literature	leave_one_out	housekeeping	50	20053	20053	0.8867080600836025	28	0.3888888888888889	0.7091302167844968	1	13	13	0.9053959704767605	11	7	0	1.0	0.8461538461538461	0.5384615384615384	0.0	0.23529411764705882	0.23529411764705882	0.1764705882352941	0.1764705882352941	0.1764705882352941	0.0
loo_literature	leave_one_out	usher	100	20053	20053	0.8867080600836025	61	0.43884892086330934	0.6805633149817861	1	9	9	0.9520247356872132	6	6	0	1.0	0.6666666666666666	0.6666666666666666	0.0	0.23529411764705882	0.23529411764705882	0.1764705882352941	0.1764705882352941	0.1764705882352941	0.0
loo_literature	leave_one_out	syscilia	100	20053	20053	0.8867080600836025	61	0.43884892086330934	0.6805633149817861	1	28	28	0.8230101735487731	18	7	0	1.0	0.6428571428571429	0.25	0.0	0.23529411764705882	0.23529411764705882	0.1764705882352941	0.1764705882352941	0.1764705882352941	0.0
loo_literature	leave_one_out	housekeeping	100	20053	20053	0.8867080600836025	61	0.43884892086330934	0.6805633149817861	1	13	13	0.9053959704767605	11	7	0	1.0	0.8461538461538461	0.5384615384615384	0.0	0.23529411764705882	0.23529411764705882	0.1764705882352941	0.1764705882352941	0.1764705882352941	0.0
perturb_literature_-0.10	modest_weights	usher	25	20053	20053	0.9598028396439977	19	0.6129032258064516	0.7282962353977324	1	9	9	0.9663375224416517	8	6	0	1.0	0.8888888888888888	0.6666666666666666	0.0	0.2222222222222222	0.2222222222222222	0.16666666666666663	0.16666666666666663	0.16666666666666663	0.05555555555555553
perturb_literature_-0.10	modest_weights	syscilia	25	20053	20053	0.9598028396439977	19	0.6129032258064516	0.7282962353977324	1	28	28	0.873753241571913	19	12	0	1.0	0.6785714285714286	0.42857142857142855	0.0	0.2222222222222222	0.2222222222222222	0.16666666666666663	0.16666666666666663	0.16666666666666663	0.05555555555555553
perturb_literature_-0.10	modest_weights	housekeeping	25	20053	20053	0.9598028396439977	19	0.6129032258064516	0.7282962353977324	1	13	13	0.9381607819668861	11	7	0	1.0	0.8461538461538461	0.5384615384615384	0.0	0.2222222222222222	0.2222222222222222	0.16666666666666663	0.16666666666666663	0.16666666666666663	0.05555555555555553
perturb_literature_-0.10	modest_weights	usher	50	20053	20053	0.9598028396439977	38	0.6129032258064516	0.711189114079479	1	9	9	0.9663375224416517	8	6	0	1.0	0.8888888888888888	0.6666666666666666	0.0	0.2222222222222222	0.2222222222222222	0.16666666666666663	0.16666666666666663	0.16666666666666663	0.05555555555555553
perturb_literature_-0.10	modest_weights	syscilia	50	20053	20053	0.9598028396439977	38	0.6129032258064516	0.711189114079479	1	28	28	0.873753241571913	19	12	0	1.0	0.6785714285714286	0.42857142857142855	0.0	0.2222222222222222	0.2222222222222222	0.16666666666666663	0.16666666666666663	0.16666666666666663	0.05555555555555553
perturb_literature_-0.10	modest_weights	housekeeping	50	20053	20053	0.9598028396439977	38	0.6129032258064516	0.711189114079479	1	13	13	0.9381607819668861	11	7	0	1.0	0.8461538461538461	0.5384615384615384	0.0	0.2222222222222222	0.2222222222222222	0.16666666666666663	0.16666666666666663	0.16666666666666663	0.05555555555555553
perturb_literature_-0.10	modest_weights	usher	100	20053	20053	0.9598028396439977	78	0.639344262295082	0.6855650797759084	1	9	9	0.9663375224416517	8	6	0	1.0	0.8888888888888888	0.6666666666666666	0.0	0.2222222222222222	0.2222222222222222	0.16666666666666663	0.16666666666666663	0.16666666666666663	0.05555555555555553
perturb_literature_-0.10	modest_weights	syscilia	100	20053	20053	0.9598028396439977	78	0.639344262295082	0.6855650797759084	1	28	28	0.873753241571913	19	12	0	1.0	0.6785714285714286	0.42857142857142855	0.0	0.2222222222222222	0.2222222222222222	0.16666666666666663	0.16666666666666663	0.16666666666666663	0.05555555555555553
perturb_literature_-0.10	modest_weights	housekeeping	100	20053	20053	0.9598028396439977	78	0.639344262295082	0.6855650797759084	1	13	13	0.9381607819668861	11	7	0	1.0	0.8461538461538461	0.5384615384615384	0.0	0.2222222222222222	0.2222222222222222	0.16666666666666663	0.16666666666666663	0.16666666666666663	0.05555555555555553
perturb_literature_-0.05	modest_weights	usher	25	20053	20053	0.992286632300385	21	0.7241379310344828	0.7345456984495056	1	9	9	0.9733692399760623	9	6	0	1.0	1.0	0.6666666666666666	0.0	0.21052631578947367	0.21052631578947367	0.15789473684210525	0.15789473684210525	0.15789473684210525	0.10526315789473682
perturb_literature_-0.05	modest_weights	syscilia	25	20053	20053	0.992286632300385	21	0.7241379310344828	0.7345456984495056	1	28	28	0.9023289447436664	25	14	0	1.0	0.8928571428571429	0.5	0.0	0.21052631578947367	0.21052631578947367	0.15789473684210525	0.15789473684210525	0.15789473684210525	0.10526315789473682
perturb_literature_-0.05	modest_weights	housekeeping	25	20053	20053	0.992286632300385	21	0.7241379310344828	0.7345456984495056	1	13	13	0.9450428884899262	11	8	0	1.0	0.8461538461538461	0.6153846153846154	0.0	0.21052631578947367	0.21052631578947367	0.15789473684210525	0.15789473684210525	0.15789473684210525	0.10526315789473682
perturb_literature_-0.05	modest_weights	usher	50	20053	20053	0.992286632300385	44	0.7857142857142857	0.7127266035135207	1	9	9	0.9733692399760623	9	6	0	1.0	1.0	0.6666666666666666	0.0	0.21052631578947367	0.21052631578947367	0.15789473684210525	0.15789473684210525	0.15789473684210525	0.10526315789473682
perturb_literature_-0.05	modest_weights	syscilia	50	20053	20053	0.992286632300385	44	0.7857142857142857	0.7127266035135207	1	28	28	0.9023289447436664	25	14	0	1.0	0.8928571428571429	0.5	0.0	0.21052631578947367	0.21052631578947367	0.15789473684210525	0.15789473684210525	0.15789473684210525	0.10526315789473682
perturb_literature_-0.05	modest_weights	housekeeping	50	20053	20053	0.992286632300385	44	0.7857142857142857	0.7127266035135207	1	13	13	0.9450428884899262	11	8	0	1.0	0.8461538461538461	0.6153846153846154	0.0	0.21052631578947367	0.21052631578947367	0.15789473684210525	0.15789473684210525	0.15789473684210525	0.10526315789473682
perturb_literature_-0.05	modest_weights	usher	100	20053	20053	0.992286632300385	92	0.8518518518518519	0.6943038722634747	1	9	9	0.9733692399760623	9	6	2	1.0	1.0	0.6666666666666666	0.2222222222222222	0.21052631578947367	0.21052631578947367	0.15789473684210525	0.15789473684210525	0.15789473684210525	0.10526315789473682
perturb_literature_-0.05	modest_weights	syscilia	100	20053	20053	0.992286632300385	92	0.8518518518518519	0.6943038722634747	1	28	28	0.9023289447436664	25	14	0	1.0	0.8928571428571429	0.5	0.0	0.21052631578947367	0.21052631578947367	0.15789473684210525	0.15789473684210525	0.15789473684210525	0.10526315789473682
perturb_literature_-0.05	modest_weights	housekeeping	100	20053	20053	0.992286632300385	92	0.8518518518518519	0.6943038722634747	1	13	13	0.9450428884899262	11	8	2	1.0	0.8461538461538461	0.6153846153846154	0.15384615384615385	0.21052631578947367	0.21052631578947367	0.15789473684210525	0.15789473684210525	0.15789473684210525	0.10526315789473682
perturb_literature_+0.05	modest_weights	usher	25	20053	20053	0.9957239556029533	24	0.9230769230769231	0.7546012212539558	1	9	9	0.9815978456014363	9	6	0	1.0	1.0	0.6666666666666666	0.0	0.19047619047619047	0.19047619047619047	0.14285714285714285	0.14285714285714285	0.14285714285714285	0.19047619047619047
perturb_literature_+0.05	modest_weights	syscilia	25	20053	20053	0.9957239556029533	24	0.9230769230769231	0.7546012212539558	1	28	28	0.930131657690006	26	18	0	1.0	0.9285714285714286	0.6428571428571429	0.0	0.19047619047619047	0.19047619047619047	0.14285714285714285	0.14285714285714285	0.14285714285714285	0.19047619047619047
perturb_literature_+0.05	modest_weights	housekeeping	25	20053	20053	0.9957239556029533	24	0.9230769230769231	0.7546012212539558	1	13	13	0.9493317374825454	11	9	0	1.0	0.8461538461538461	0.6923076923076923	0.0	0.19047619047619047	0.19047619047619047	0.14285714285714285	0.14285714285714285	0.14285714285714285	0.19047619047619047
perturb_literature_+0.05	modest_weights	usher	50	20053	20053	0.9957239556029533	47	0.8867924528301887	0.7337545441189078	1	9	9	0.9815978456014363	9	6	0	1.0	1.0	0.6666666666666666	0.0	0.19047619047619047	0.19047619047619047	0.14285714285714285	0.14285714285714285	0.14285714285714285	0.19047619047619047
perturb_literature_+0.05	modest_weights	syscilia	50	20053	20053	0.9957239556029533	47	0.8867924528301887	0.7337545441189078	1	28	28	0.930131657690006	26	18	0	1.0	0.9285714285714286	0.6428571428571429	0.0	0.19047619047619047	0.19047619047619047	0.14285714285714285	0.14285714285714285	0.14285714285714285	0.19047619047619047
perturb_literature_+0.05	modest_weights	housekeeping	50	20053	20053	0.9957239556029533	47	0.8867924528301887	0.7337545441189078	1	13	13	0.9493317374825454	11	9	1	1.0	0.8461538461538461	0.6923076923076923	0.07692307692307693	0.19047619047619047	0.19047619047619047	0.14285714285714285	0.14285714285714285	0.14285714285714285	0.19047619047619047
perturb_literature_+0.05	modest_weights	usher	100	20053	20053	0.9957239556029533	91	0.8348623853211009	0.7111191305146634	1	9	9	0.9815978456014363	9	6	2	1.0	1.0	0.6666666666666666	0.2222222222222222	0.19047619047619047	0.19047619047619047	0.14285714285714285	0.14285714285714285	0.14285714285714285	0.19047619047619047
perturb_literature_+0.05	modest_weights	syscilia	100	20053	20053	0.9957239556029533	91	0.8348623853211009	0.7111191305146634	1	28	28	0.930131657690006	26	18	1	1.0	0.9285714285714286	0.6428571428571429	0.03571428571428571	0.19047619047619047	0.19047619047619047	0.14285714285714285	0.14285714285714285	0.14285714285714285	0.19047619047619047
perturb_literature_+0.05	modest_weights	housekeeping	100	20053	20053	0.9957239556029533	91	0.8348623853211009	0.7111191305146634	1	13	13	0.9493317374825454	11	9	2	1.0	0.8461538461538461	0.6923076923076923	0.15384615384615385	0.19047619047619047	0.19047619047619047	0.14285714285714285	0.14285714285714285	0.14285714285714285	0.19047619047619047
perturb_literature_+0.10	modest_weights	usher	25	20053	20053	0.9872888405208212	23	0.8518518518518519	0.7657173140075991	1	9	9	0.9842908438061041	9	6	0	1.0	1.0	0.6666666666666666	0.0	0.18181818181818182	0.18181818181818182	0.13636363636363635	0.13636363636363635	0.13636363636363635	0.22727272727272727
perturb_literature_+0.10	modest_weights	syscilia	25	20053	20053	0.9872888405208212	23	0.8518518518518519	0.7657173140075991	1	28	28	0.9389836425294236	27	18	0	1.0	0.9642857142857143	0.6428571428571429	0.0	0.18181818181818182	0.18181818181818182	0.13636363636363635	0.13636363636363635	0.13636363636363635	0.22727272727272727
perturb_literature_+0.10	modest_weights	housekeeping	25	20053	20053	0.9872888405208212	23	0.8518518518518519	0.7657173140075991	1	13	13	0.949281867145422	11	9	0	1.0	0.8461538461538461	0.6923076923076923	0.0	0.18181818181818182	0.18181818181818182	0.13636363636363635	0.13636363636363635	0.13636363636363635	0.22727272727272727
perturb_literature_+0.10	modest_weights	usher	50	20053	20053	0.9872888405208212	45	0.8181818181818182	0.7445750947732948	1	9	9	0.9842908438061041	9	6	0	1.0	1.0	0.6666666666666666	0.0	0.18181818181818182	0.18181818181818182	0.13636363636363635	0.13636363636363635	0.13636363636363635	0.22727272727272727
perturb_literature_+0.10	modest_weights	syscilia	50	20053	20053	0.9872888405208212	45	0.8181818181818182	0.7445750947732948	1	28	28	0.9389836425294236	27	18	0	1.0	0.9642857142857143	0.6428571428571429	0.0	0.18181818181818182	0.18181818181818182	0.13636363636363635	0.13636363636363635	0.13636363636363635	0.22727272727272727
perturb_literature_+0.10	modest_weights	housekeeping	50	20053	20053	0.9872888405208212	45	0.8181818181818182	0.7445750947732948	1	13	13	0.949281867145422	11	9	1	1.0	0.8461538461538461	0.6923076923076923	0.07692307692307693	0.18181818181818182	0.18181818181818182	0.13636363636363635	0.13636363636363635	0.13636363636363635	0.22727272727272727
perturb_literature_+0.10	modest_weights	usher	100	20053	20053	0.9872888405208212	84	0.7241379310344828	0.7198894481961731	1	9	9	0.9842908438061041	9	6	3	1.0	1.0	0.6666666666666666	0.3333333333333333	0.18181818181818182	0.18181818181818182	0.13636363636363635	0.13636363636363635	0.13636363636363635	0.22727272727272727
perturb_literature_+0.10	modest_weights	syscilia	100	20053	20053	0.9872888405208212	84	0.7241379310344828	0.7198894481961731	1	28	28	0.9389836425294236	27	18	1	1.0	0.9642857142857143	0.6428571428571429	0.03571428571428571	0.18181818181818182	0.18181818181818182	0.13636363636363635	0.13636363636363635	0.13636363636363635	0.22727272727272727
perturb_literature_+0.10	modest_weights	housekeeping	100	20053	20053	0.9872888405208212	84	0.7241379310344828	0.7198894481961731	1	13	13	0.949281867145422	11	9	2	1.0	0.8461538461538461	0.6923076923076923	0.15384615384615385	0.18181818181818182	0.18181818181818182	0.13636363636363635	0.13636363636363635	0.13636363636363635	0.22727272727272727
no_cerebellum	proxy_sensitivity	usher	25	20053	20053	0.9496314753275044	13	0.35135135135135137	0.7434232374378719	1	9	9	0.9877817674047477	9	9	2	1.0	1.0	1.0	0.2222222222222222	0.2	0.2	0.15	0.15	0.15	0.15
no_cerebellum	proxy_sensitivity	syscilia	25	20053	20053	0.9496314753275044	13	0.35135135135135137	0.7434232374378719	1	28	28	0.944968082984241	26	19	0	1.0	0.9285714285714286	0.6785714285714286	0.0	0.2	0.2	0.15	0.15	0.15	0.15
no_cerebellum	proxy_sensitivity	housekeeping	25	20053	20053	0.9496314753275044	13	0.35135135135135137	0.7434232374378719	1	13	13	0.9696788350289248	11	10	1	1.0	0.8461538461538461	0.7692307692307693	0.07692307692307693	0.2	0.2	0.15	0.15	0.15	0.15
no_cerebellum	proxy_sensitivity	usher	50	20053	20053	0.9496314753275044	24	0.3157894736842105	0.7200558760212646	1	9	9	0.9877817674047477	9	9	3	1.0	1.0	1.0	0.3333333333333333	0.2	0.2	0.15	0.15	0.15	0.15
no_cerebellum	proxy_sensitivity	syscilia	50	20053	20053	0.9496314753275044	24	0.3157894736842105	0.7200558760212646	1	28	28	0.944968082984241	26	19	0	1.0	0.9285714285714286	0.6785714285714286	0.0	0.2	0.2	0.15	0.15	0.15	0.15
no_cerebellum	proxy_sensitivity	housekeeping	50	20053	20053	0.9496314753275044	24	0.3157894736842105	0.7200558760212646	1	13	13	0.9696788350289248	11	10	1	1.0	0.8461538461538461	0.7692307692307693	0.07692307692307693	0.2	0.2	0.15	0.15	0.15	0.15
no_cerebellum	proxy_sensitivity	usher	100	20053	20053	0.9496314753275044	53	0.36054421768707484	0.6961182221062964	1	9	9	0.9877817674047477	9	9	3	1.0	1.0	1.0	0.3333333333333333	0.2	0.2	0.15	0.15	0.15	0.15
no_cerebellum	proxy_sensitivity	syscilia	100	20053	20053	0.9496314753275044	53	0.36054421768707484	0.6961182221062964	1	28	28	0.944968082984241	26	19	1	1.0	0.9285714285714286	0.6785714285714286	0.03571428571428571	0.2	0.2	0.15	0.15	0.15	0.15
no_cerebellum	proxy_sensitivity	housekeeping	100	20053	20053	0.9496314753275044	53	0.36054421768707484	0.6961182221062964	1	13	13	0.9696788350289248	11	10	2	1.0	0.8461538461538461	0.7692307692307693	0.15384615384615385	0.2	0.2	0.15	0.15	0.15	0.15
