scheme	control_group	gene_id	gene_symbol	score	rank	percentile	original_observed_layers	active_weight_observed_layers
default	usher	ENSG00000006611	USH1C	0.5276410911413614	3074.0	0.8467484540195491	6	6
default	usher	ENSG00000042781	USH2A	0.688830978026323	143.0	0.992918412128466	5	5
default	usher	ENSG00000095397	WHRN	0.6371454980970291	448.0	0.9777079593058049	5	5
default	usher	ENSG00000107736	CDH23	0.712616911391397	74.0	0.996359465389986	5	5
default	usher	ENSG00000137474	MYO7A	0.6716759690871313	213.0	0.9894274885298224	5	5
default	usher	ENSG00000150275	PCDH15	0.7179602769063059	57.0	0.9972072611210852	5	5
default	usher	ENSG00000163646	CLRN1	0.5268855536445349	3102.0	0.8453520845800918	5	5
default	usher	ENSG00000164199	ADGRV1	0.6345637691068975	468.0	0.9767105525633353	6	6
default	usher	ENSG00000182040	USH1G	0.5271746179869147	3087.0	0.846100139636944	5	5
default	syscilia	ENSG00000011143	MKS1	0.5089138006684362	3943.0	0.803411131059246	6	6
default	syscilia	ENSG00000032742	IFT88	0.6427211970350389	403.0	0.9799521244763615	6	6
default	syscilia	ENSG00000046651	OFD1	0.5941299849414459	1003.0	0.9500299222022741	5	5
default	syscilia	ENSG00000048342	CC2D2A	0.5982507325803471	911.0	0.9546179932176342	6	6
default	syscilia	ENSG00000103494	RPGRIP1L	0.562316626383303	1767.0	0.9119289846399362	6	6
default	syscilia	ENSG00000110274	CEP164	0.6492953870884632	353.0	0.9824456413325354	6	6
default	syscilia	ENSG00000113971	NPHP3	0.5466539686646859	2269.0	0.8868940754039497	6	6
default	syscilia	ENSG00000122507	BBS9	0.5494444253133729	2170.0	0.8918312387791741	6	6
default	syscilia	ENSG00000125124	BBS2	0.574030315130372	1453.0	0.9275882704967086	6	6
default	syscilia	ENSG00000131697	NPHP4	0.5731132619754175	1471.0	0.9266906044284859	6	6
default	syscilia	ENSG00000138002	IFT172	0.6336563475187096	474.0	0.9764113305405945	6	6
default	syscilia	ENSG00000138686	BBS7	0.5839019615612034	1209.0	0.9397566327548375	6	6
default	syscilia	ENSG00000140463	BBS4	0.580939011372827	1285.0	0.935966487133453	6	6
default	syscilia	ENSG00000144061	NPHP1	0.5516442231736451	2119.0	0.8943746259724715	6	6
default	syscilia	ENSG00000148384	INPP5E	0.5964431981399154	948.0	0.9527727907440654	6	6
default	syscilia	ENSG00000149483	TMEM138	0.5147298876765563	3672.0	0.8169259924197088	6	6
default	syscilia	ENSG00000156313	RPGR	0.5068266169432702	4037.0	0.7987233193696389	5	5
default	syscilia	ENSG00000163093	BBS5	0.5935941010580288	1016.0	0.9493816078196688	6	6
default	syscilia	ENSG00000164953	TMEM67	0.526538213916958	3112.0	0.844853381208857	6	6
default	syscilia	ENSG00000168778	TCTN2	0.5088576343890331	3946.0	0.8032615200478755	6	6
default	syscilia	ENSG00000169379	ARL13B	0.6234446018664292	572.0	0.9715240375024935	6	6
default	syscilia	ENSG00000174483	BBS1	0.6198300373783326	614.0	0.9694294833433074	6	6
default	syscilia	ENSG00000179941	BBS10	0.46025214973833545	6501.0	0.6758428086973868	6	6
default	syscilia	ENSG00000187049	TMEM216	0.5191469862524413	3446.0	0.828196688609615	6	6
default	syscilia	ENSG00000187535	IFT140	0.5156331199211486	3620.0	0.8195192499501297	6	6
default	syscilia	ENSG00000198707	CEP290	0.7084666801225709	80.0	0.9960602433672452	6	6
default	syscilia	ENSG00000204852	TCTN1	0.5134536104610951	3734.0	0.8138340315180531	6	6
default	syscilia	ENSG00000205084	TMEM231	0.4429839700860906	7424.0	0.6298124875324157	6	6
default	housekeeping	ENSG00000073578	SDHA	0.5027280627482136	4222.0	0.7894973070017953	6	6
default	housekeeping	ENSG00000075624	ACTB	0.721243436025038	52.0	0.9974566128067026	5	5
default	housekeeping	ENSG00000089157	RPLP0	0.5920662066963858	1040.0	0.9481847197287053	6	6
default	housekeeping	ENSG00000102144	PGK1	0.6307831918637102	499.0	0.9751645721125075	4	4
default	housekeeping	ENSG00000111640	GAPDH	0.555949459069872	1985.0	0.9010572511470177	6	6
default	housekeeping	ENSG00000112592	TBP	0.47524954854126444	5665.0	0.7175344105326152	6	6
default	housekeeping	ENSG00000142541	RPL13A	0.6047556473882347	781.0	0.9611011370436864	6	6
default	housekeeping	ENSG00000144713	RPL32	0.5585547034589882	1887.0	0.9059445441851187	6	6
default	housekeeping	ENSG00000150991	UBC	0.6407307571712061	418.0	0.9792040694195093	5	5
default	housekeeping	ENSG00000164924	YWHAZ	0.7102443920068385	76.0	0.9962597247157391	5	5
default	housekeeping	ENSG00000165704	HPRT1	0.45971868260995574	6530.0	0.6743965689208059	5	5
default	housekeeping	ENSG00000166710	B2M	0.5126977375781148	3767.0	0.8121883103929782	6	6
default	housekeeping	ENSG00000196262	PPIA	0.6518680795673056	328.0	0.9836923997606224	5	5
equal	usher	ENSG00000006611	USH1C	0.5316032451881465	2262.0	0.8872431677638141	6	6
equal	usher	ENSG00000042781	USH2A	0.6970293006340956	89.0	0.9956114103331338	5	5
equal	usher	ENSG00000095397	WHRN	0.6380046749099405	343.0	0.9829443447037702	5	5
equal	usher	ENSG00000107736	CDH23	0.7179817861792435	46.0	0.9977558348294434	5	5
equal	usher	ENSG00000137474	MYO7A	0.6884950343727916	113.0	0.9944145222421703	5	5
equal	usher	ENSG00000150275	PCDH15	0.7204676223547768	43.0	0.9979054458408139	5	5
equal	usher	ENSG00000163646	CLRN1	0.5428353361720347	1906.0	0.9049970077797725	5	5
equal	usher	ENSG00000164199	ADGRV1	0.6173889757882955	500.0	0.975114701775384	6	6
equal	usher	ENSG00000182040	USH1G	0.5411704201244862	1952.0	0.9027029722720925	5	5
equal	syscilia	ENSG00000011143	MKS1	0.5147315254791179	2928.0	0.8540295232395771	6	6
equal	syscilia	ENSG00000032742	IFT88	0.6458406220966653	291.0	0.9855376022341911	6	6
equal	syscilia	ENSG00000046651	OFD1	0.5975461485075786	722.0	0.9640434869339717	5	5
equal	syscilia	ENSG00000048342	CC2D2A	0.5990707343238931	702.0	0.9650408936764413	6	6
equal	syscilia	ENSG00000103494	RPGRIP1L	0.5633626715158406	1343.0	0.9330740075802912	6	6
equal	syscilia	ENSG00000110274	CEP164	0.6572221009237625	231.0	0.9885298224615998	6	6
equal	syscilia	ENSG00000113971	NPHP3	0.54314393872169	1899.0	0.9053461001396369	6	6
equal	syscilia	ENSG00000122507	BBS9	0.545321493811509	1824.0	0.9090863754238979	6	6
equal	syscilia	ENSG00000125124	BBS2	0.5818125481699556	962.0	0.9520746060243367	6	6
equal	syscilia	ENSG00000131697	NPHP4	0.581320020926788	972.0	0.951575902653102	6	6
equal	syscilia	ENSG00000138002	IFT172	0.6307274454989709	386.0	0.9807999202074607	6	6
equal	syscilia	ENSG00000138686	BBS7	0.5794234764187475	1006.0	0.9498803111909037	6	6
equal	syscilia	ENSG00000140463	BBS4	0.5852646871609919	906.0	0.9548673449032515	6	6
equal	syscilia	ENSG00000144061	NPHP1	0.550007348911505	1698.0	0.9153700379014562	6	6
equal	syscilia	ENSG00000148384	INPP5E	0.6048355505826402	633.0	0.9684819469379613	6	6
equal	syscilia	ENSG00000149483	TMEM138	0.5091861785983997	3209.0	0.8400159585078795	6	6
equal	syscilia	ENSG00000156313	RPGR	0.502802413827712	3513.0	0.8248553760223419	5	5
equal	syscilia	ENSG00000163093	BBS5	0.5945083908143535	753.0	0.9624975064831438	6	6
equal	syscilia	ENSG00000164953	TMEM67	0.5267975129161746	2431.0	0.8788150807899462	6	6
equal	syscilia	ENSG00000168778	TCTN2	0.5150297666974873	2919.0	0.8544783562736884	6	6
equal	syscilia	ENSG00000169379	ARL13B	0.62686665667585	413.0	0.9794534211051267	6	6
equal	syscilia	ENSG00000174483	BBS1	0.6227858312507573	447.0	0.9777578296429283	6	6
equal	syscilia	ENSG00000179941	BBS10	0.4696079284961205	5182.0	0.7416217833632556	6	6
equal	syscilia	ENSG00000187049	TMEM216	0.5319703296411253	2245.0	0.8880909634949132	6	6
equal	syscilia	ENSG00000187535	IFT140	0.5156311171024335	2888.0	0.8560243367245163	6	6
equal	syscilia	ENSG00000198707	CEP290	0.7349302930795694	26.0	0.998753241571913	6	6
equal	syscilia	ENSG00000204852	TCTN1	0.5151158407028502	2915.0	0.8546778376221823	6	6
equal	syscilia	ENSG00000205084	TMEM231	0.443830382997445	6604.0	0.6707061639736684	6	6
equal	housekeeping	ENSG00000073578	SDHA	0.4896218634487635	4113.0	0.7949331737482546	6	6
equal	housekeeping	ENSG00000075624	ACTB	0.7117669910351924	63.0	0.9969080390983444	5	5
equal	housekeeping	ENSG00000089157	RPLP0	0.5653562389913346	1297.0	0.9353680430879713	6	6
equal	housekeeping	ENSG00000102144	PGK1	0.6244374336504138	432.0	0.9785058846997806	4	4
equal	housekeeping	ENSG00000111640	GAPDH	0.5447470737941581	1845.0	0.9080390983443049	6	6
equal	housekeeping	ENSG00000112592	TBP	0.44987672647620774	6231.0	0.6893077997207261	6	6
equal	housekeeping	ENSG00000142541	RPL13A	0.5772947282848195	1047.0	0.947835627368841	6	6
equal	housekeeping	ENSG00000144713	RPL32	0.5321614490596724	2236.0	0.8885397965290245	6	6
equal	housekeeping	ENSG00000150991	UBC	0.6366856953353096	350.0	0.9825952523439059	5	5
equal	housekeeping	ENSG00000164924	YWHAZ	0.6979400526818139	87.0	0.9957111510073808	5	5
equal	housekeeping	ENSG00000165704	HPRT1	0.44156390636462234	6746.0	0.6636245761021344	5	5
equal	housekeeping	ENSG00000166710	B2M	0.4915730857922889	4022.0	0.7994713744264911	6	6
equal	housekeeping	ENSG00000196262	PPIA	0.6416254223768659	320.0	0.9840913624576102	5	5
single_gnomad	usher	ENSG00000006611	USH1C	0.5758039816232772	8181.0	0.5477215050204126	6	1
single_gnomad	usher	ENSG00000042781	USH2A	0.5834609494640122	7959.0	0.5602449520026481	5	1
single_gnomad	usher	ENSG00000095397	WHRN	0.635017866258295	6405.0	0.6461436610393909	5	1
single_gnomad	usher	ENSG00000107736	CDH23	0.697294538029607	4786.0	0.7355732097539446	5	1
single_gnomad	usher	ENSG00000137474	MYO7A	0.529351710056151	9678.0	0.4656294825113097	5	1
single_gnomad	usher	ENSG00000150275	PCDH15	0.6018376722817764	7441.0	0.5892640406046563	5	1
single_gnomad	usher	ENSG00000163646	CLRN1	0.42368555385400714	12864.0	0.2899150391702527	5	1
single_gnomad	usher	ENSG00000164199	ADGRV1	0.7044410413476262	4622.0	0.7448416639081982	6	1
single_gnomad	usher	ENSG00000182040	USH1G	0.40479836651352724	13285.0	0.26690941189451617	5	1
single_gnomad	syscilia	ENSG00000011143	MKS1	0.5252679938744257	9799.0	0.4588988193754827	6	1
single_gnomad	syscilia	ENSG00000032742	IFT88	0.6100051046452271	7159.0	0.6041597704954209	6	1
single_gnomad	syscilia	ENSG00000046651	OFD1				5	0
single_gnomad	syscilia	ENSG00000048342	CC2D2A	0.5972434915773353	7555.0	0.5822575306190003	6	1
single_gnomad	syscilia	ENSG00000103494	RPGRIP1L	0.557427258805513	8780.0	0.5146750524109015	6	1
single_gnomad	syscilia	ENSG00000110274	CEP164	0.5109749872383869	10260.0	0.4329140461215933	6	1
single_gnomad	syscilia	ENSG00000113971	NPHP3	0.5742725880551302	8242.0	0.5449078671521571	6	1
single_gnomad	syscilia	ENSG00000122507	BBS9	0.5584481878509443	8748.0	0.5168818272095332	6	1
single_gnomad	syscilia	ENSG00000125124	BBS2	0.5686574783052577	8430.0	0.5340395012688955	6	1
single_gnomad	syscilia	ENSG00000131697	NPHP4	0.44971924451250633	12155.0	0.3288094449961381	6	1
single_gnomad	syscilia	ENSG00000138002	IFT172	0.6681980602348138	5552.0	0.6933686417301115	6	1
single_gnomad	syscilia	ENSG00000138686	BBS7	0.6641143440530883	5648.0	0.6881275515833609	6	1
single_gnomad	syscilia	ENSG00000140463	BBS4	0.5564063297600815	8830.0	0.512357938872338	6	1
single_gnomad	syscilia	ENSG00000144061	NPHP1	0.5502807554874934	9011.0	0.5025377910184265	6	1
single_gnomad	syscilia	ENSG00000148384	INPP5E	0.42215416028586006	12910.0	0.2875427562617235	6	1
single_gnomad	syscilia	ENSG00000149483	TMEM138	0.5467075038284839	9136.0	0.49575195851263376	6	1
single_gnomad	syscilia	ENSG00000156313	RPGR				5	0
single_gnomad	syscilia	ENSG00000163093	BBS5	0.5686574783052577	8440.0	0.5340395012688955	6	1
single_gnomad	syscilia	ENSG00000164953	TMEM67	0.485962225625319	11131.0	0.3856890654308728	6	1
single_gnomad	syscilia	ENSG00000168778	TCTN2	0.52475752935171	9825.0	0.45768509323623524	6	1
single_gnomad	syscilia	ENSG00000169379	ARL13B	0.5676365492598264	8469.0	0.5324947589098532	6	1
single_gnomad	syscilia	ENSG00000174483	BBS1	0.5870342011230218	7865.0	0.5658722277391592	6	1
single_gnomad	syscilia	ENSG00000179941	BBS10	0.29606942317508933	15128.0	0.16534260178748758	6	1
single_gnomad	syscilia	ENSG00000187049	TMEM216	0.35017866258295044	14326.0	0.20964360587002095	6	1
single_gnomad	syscilia	ENSG00000187535	IFT140	0.5278203164880041	9731.0	0.46287101401302	6	1
single_gnomad	syscilia	ENSG00000198707	CEP290	0.46911689637570186	11625.0	0.35871124351759903	6	1
single_gnomad	syscilia	ENSG00000204852	TCTN1	0.4686064318529861	11637.0	0.35804921107800947	6	1
single_gnomad	syscilia	ENSG00000205084	TMEM231	0.44971924451250633	12167.0	0.3288094449961381	6	1
single_gnomad	housekeeping	ENSG00000073578	SDHA	0.6375701888718734	6330.0	0.650171025046894	6	1
single_gnomad	housekeeping	ENSG00000075624	ACTB	0.9678407350689125	91.0	0.9949795873331126	5	1
single_gnomad	housekeeping	ENSG00000089157	RPLP0	0.9698825931597753	76.0	0.995696789142668	6	1
single_gnomad	housekeeping	ENSG00000102144	PGK1				4	0
single_gnomad	housekeeping	ENSG00000111640	GAPDH	0.6773864216436957	5294.0	0.7071609842215602	6	1
single_gnomad	housekeeping	ENSG00000112592	TBP	0.8335885655946911	1859.0	0.8972746331236897	6	1
single_gnomad	housekeeping	ENSG00000142541	RPL13A	0.9428279734558447	267.0	0.9852146088491669	6	1
single_gnomad	housekeeping	ENSG00000144713	RPL32	0.895865237366003	836.0	0.9538232373386296	6	1
single_gnomad	housekeeping	ENSG00000150991	UBC	0.7697805002552323	3133.0	0.8269888557872669	5	1
single_gnomad	housekeeping	ENSG00000164924	YWHAZ	0.970393057682491	75.0	0.9959174666225312	5	1
single_gnomad	housekeeping	ENSG00000165704	HPRT1				5	0
single_gnomad	housekeeping	ENSG00000166710	B2M	0.7641653905053598	3265.0	0.8197616683217478	6	1
single_gnomad	housekeeping	ENSG00000196262	PPIA	0.8065339458907606	2378.0	0.8687520688513737	5	1
loo_gnomad	usher	ENSG00000006611	USH1C	0.5156003685208823	2059.0	0.8973668461998803	6	5
loo_gnomad	usher	ENSG00000042781	USH2A	0.7212525252762647	37.0	0.9982046678635548	5	4
loo_gnomad	usher	ENSG00000095397	WHRN	0.6378001540474086	267.0	0.9867344903251546	5	4
loo_gnomad	usher	ENSG00000107736	CDH23	0.7173314878104092	42.0	0.9979553161779373	5	4
loo_gnomad	usher	ENSG00000137474	MYO7A	0.7154680487889714	46.0	0.9977558348294434	5	4
loo_gnomad	usher	ENSG00000150275	PCDH15	0.753690309098469	17.0	0.9992020746060243	5	4
loo_gnomad	usher	ENSG00000163646	CLRN1	0.558639399733928	1101.0	0.9451426291641731	5	4
loo_gnomad	usher	ENSG00000164199	ADGRV1	0.6170944510467152	413.0	0.9794534211051267	6	5
loo_gnomad	usher	ENSG00000182040	USH1G	0.5648288492094954	1009.0	0.9497307001795332	5	4
loo_gnomad	syscilia	ENSG00000011143	MKS1	0.5048252523669385	2430.0	0.8788649511270696	6	5
loo_gnomad	syscilia	ENSG00000032742	IFT88	0.6509002201324918	202.0	0.9899760622381807	6	5
loo_gnomad	syscilia	ENSG00000046651	OFD1	0.5941299849414459	601.0	0.9700777977259126	5	5
loo_gnomad	syscilia	ENSG00000048342	CC2D2A	0.5985025428310999	564.0	0.9719230001994813	6	5
loo_gnomad	syscilia	ENSG00000103494	RPGRIP1L	0.5635389682777504	1030.0	0.9486834230999401	6	5
loo_gnomad	syscilia	ENSG00000110274	CEP164	0.6838754870509822	103.0	0.9949132256134051	6	5
loo_gnomad	syscilia	ENSG00000113971	NPHP3	0.5397493138170747	1497.0	0.9253939756632755	6	5
loo_gnomad	syscilia	ENSG00000122507	BBS9	0.54719348467898	1307.0	0.9348693397167365	6	5
loo_gnomad	syscilia	ENSG00000125124	BBS2	0.5753735243366505	857.0	0.957310991422302	6	5
loo_gnomad	syscilia	ENSG00000131697	NPHP4	0.6039617663411452	521.0	0.974067424695791	6	5
loo_gnomad	syscilia	ENSG00000138002	IFT172	0.6250209193396834	354.0	0.982395770995412	6	5
loo_gnomad	syscilia	ENSG00000138686	BBS7	0.5638488659382321	1024.0	0.948982645122681	6	5
loo_gnomad	syscilia	ENSG00000140463	BBS4	0.5870721817760132	685.0	0.9658886894075404	6	5
loo_gnomad	syscilia	ENSG00000144061	NPHP1	0.551985090095183	1213.0	0.9395571514063435	6	5
loo_gnomad	syscilia	ENSG00000148384	INPP5E	0.6400154576034291	253.0	0.9874326750448833	6	5
loo_gnomad	syscilia	ENSG00000149483	TMEM138	0.5067354836385743	2361.0	0.8823060043885896	6	5
loo_gnomad	syscilia	ENSG00000156313	RPGR	0.5068266169432702	2357.0	0.8825054857370835	5	5
loo_gnomad	syscilia	ENSG00000163093	BBS5	0.5998282567462215	553.0	0.9724715739078397	6	5
loo_gnomad	syscilia	ENSG00000164953	TMEM67	0.5366822109898678	1548.0	0.922850588469978	6	5
loo_gnomad	syscilia	ENSG00000168778	TCTN2	0.5048826606483636	2428.0	0.8789646918013165	6	5
loo_gnomad	syscilia	ENSG00000169379	ARL13B	0.6373966150180799	269.0	0.9866347496509077	6	5
loo_gnomad	syscilia	ENSG00000174483	BBS1	0.6280289964421603	334.0	0.9833931777378815	6	5
loo_gnomad	syscilia	ENSG00000179941	BBS10	0.5012978313791469	2560.0	0.8723818073010173	6	5
loo_gnomad	syscilia	ENSG00000187049	TMEM216	0.5613890671698138	1060.0	0.9471873129862358	6	5
loo_gnomad	syscilia	ENSG00000187535	IFT140	0.5125863207794347	2141.0	0.893277478555755	6	5
loo_gnomad	syscilia	ENSG00000198707	CEP290	0.7683041260592879	14.0	0.9993516856173947	6	5
loo_gnomad	syscilia	ENSG00000204852	TCTN1	0.5246654051131222	1813.0	0.9096349491322562	6	5
loo_gnomad	syscilia	ENSG00000205084	TMEM231	0.4413001514794866	5593.0	0.7211250748055057	6	5
loo_gnomad	housekeeping	ENSG00000073578	SDHA	0.4690175312172986	3982.0	0.8014661879114303	6	5
loo_gnomad	housekeeping	ENSG00000075624	ACTB	0.6453673440115382	223.0	0.9889287851585876	5	4
loo_gnomad	housekeeping	ENSG00000089157	RPLP0	0.4976121100805384	2687.0	0.8660482744863355	6	5
loo_gnomad	housekeeping	ENSG00000102144	PGK1	0.6307831918637101	313.0	0.9844404548174746	4	4
loo_gnomad	housekeeping	ENSG00000111640	GAPDH	0.5255902184264161	1791.0	0.9107320965489727	6	5
loo_gnomad	housekeeping	ENSG00000112592	TBP	0.3856647942779077	8920.0	0.5552064631956912	6	5
loo_gnomad	housekeeping	ENSG00000142541	RPL13A	0.5202375658713322	1927.0	0.9039497307001796	6	5
loo_gnomad	housekeeping	ENSG00000144713	RPL32	0.4742270699822344	3702.0	0.8154298823060044	6	5
loo_gnomad	housekeeping	ENSG00000150991	UBC	0.6010231439145826	546.0	0.9728206662677039	5	4
loo_gnomad	housekeeping	ENSG00000164924	YWHAZ	0.6301986487220224	319.0	0.9841412327947336	5	4
loo_gnomad	housekeeping	ENSG00000165704	HPRT1	0.45971868260995574	4502.0	0.7755336126072212	5	5
loo_gnomad	housekeeping	ENSG00000166710	B2M	0.4498308243463034	5083.0	0.74655894673848	6	5
loo_gnomad	housekeeping	ENSG00000196262	PPIA	0.6042785822370116	518.0	0.9742170357071613	5	4
perturb_gnomad_-0.10	usher	ENSG00000006611	USH1C	0.522289658865593	2466.0	0.8770696189906244	6	6
perturb_gnomad_-0.10	usher	ENSG00000042781	USH2A	0.7028803151679646	71.0	0.9965090764013564	5	5
perturb_gnomad_-0.10	usher	ENSG00000095397	WHRN	0.6374291823421937	328.0	0.9836923997606224	5	5
perturb_gnomad_-0.10	usher	ENSG00000107736	CDH23	0.7146598945063024	53.0	0.997406742469579	5	5
perturb_gnomad_-0.10	usher	ENSG00000137474	MYO7A	0.6906525369579287	96.0	0.9952623179732695	5	5
perturb_gnomad_-0.10	usher	ENSG00000150275	PCDH15	0.7334432908562434	25.0	0.9988031119090365	5	5
perturb_gnomad_-0.10	usher	ENSG00000163646	CLRN1	0.5406455536166053	1845.0	0.9080390983443049	5	5
perturb_gnomad_-0.10	usher	ENSG00000164199	ADGRV1	0.6267996277468165	402.0	0.9800019948134849	6	6
perturb_gnomad_-0.10	usher	ENSG00000182040	USH1G	0.5434914515166998	1760.0	0.9122780769998006	5	5
perturb_gnomad_-0.10	syscilia	ENSG00000011143	MKS1	0.5070966680899928	3076.0	0.8466487133453022	6	6
perturb_gnomad_-0.10	syscilia	ENSG00000032742	IFT88	0.6463563184116847	274.0	0.9863853979652902	6	6
perturb_gnomad_-0.10	syscilia	ENSG00000046651	OFD1	0.5941299849414459	744.0	0.9629463395172552	5	5
perturb_gnomad_-0.10	syscilia	ENSG00000048342	CC2D2A	0.5983626482473484	685.0	0.9658886894075404	6	6
perturb_gnomad_-0.10	syscilia	ENSG00000103494	RPGRIP1L	0.5628598894475019	1283.0	0.9360662278077	6	6
perturb_gnomad_-0.10	syscilia	ENSG00000110274	CEP164	0.6646643204051383	183.0	0.9909235986435269	6	6
perturb_gnomad_-0.10	syscilia	ENSG00000113971	NPHP3	0.5435852331768586	1757.0	0.9124276880111709	6	6
perturb_gnomad_-0.10	syscilia	ENSG00000122507	BBS9	0.5484440072536427	1612.0	0.9196588868940754	6	6
perturb_gnomad_-0.10	syscilia	ENSG00000125124	BBS2	0.5746272969998291	1045.0	0.947935368043088	6	6
perturb_gnomad_-0.10	syscilia	ENSG00000131697	NPHP4	0.5868237083601854	844.0	0.9579593058049073	6	6
perturb_gnomad_-0.10	syscilia	ENSG00000138002	IFT172	0.6298183794391424	382.0	0.9809994015559546	6	6
perturb_gnomad_-0.10	syscilia	ENSG00000138686	BBS7	0.5749894746176607	1040.0	0.9481847197287053	6	6
perturb_gnomad_-0.10	syscilia	ENSG00000140463	BBS4	0.5836648648853542	891.0	0.9556153999601037	6	6
perturb_gnomad_-0.10	syscilia	ENSG00000144061	NPHP1	0.5517957195832176	1530.0	0.9237482545382006	6	6
perturb_gnomad_-0.10	syscilia	ENSG00000148384	INPP5E	0.615808646790366	502.0	0.9750149611011371	6	6
perturb_gnomad_-0.10	syscilia	ENSG00000149483	TMEM138	0.511176819215231	2908.0	0.8550269299820467	6	6
perturb_gnomad_-0.10	syscilia	ENSG00000156313	RPGR	0.5068266169432702	3089.0	0.846000398962697	5	5
perturb_gnomad_-0.10	syscilia	ENSG00000163093	BBS5	0.5963648369194479	713.0	0.9644923199680829	6	6
perturb_gnomad_-0.10	syscilia	ENSG00000164953	TMEM67	0.5310466570604735	2155.0	0.8925792938360263	6	6
perturb_gnomad_-0.10	syscilia	ENSG00000168778	TCTN2	0.50709097939318	3077.0	0.8465988430081788	6	6
perturb_gnomad_-0.10	syscilia	ENSG00000169379	ARL13B	0.6296454966004962	385.0	0.9808497905445841	6	6
perturb_gnomad_-0.10	syscilia	ENSG00000174483	BBS1	0.6234740191844783	431.0	0.9785557550369041	6	6
perturb_gnomad_-0.10	syscilia	ENSG00000179941	BBS10	0.47849467491202946	4556.0	0.7728406144025534	6	6
perturb_gnomad_-0.10	syscilia	ENSG00000187049	TMEM216	0.5379212444379402	1931.0	0.9037502493516856	6	6
perturb_gnomad_-0.10	syscilia	ENSG00000187535	IFT140	0.5142789869692759	2779.0	0.8614602034709755	6	6
perturb_gnomad_-0.10	syscilia	ENSG00000198707	CEP290	0.7350611005388895	24.0	0.99885298224616	6	6
perturb_gnomad_-0.10	syscilia	ENSG00000204852	TCTN1	0.5184366303064404	2620.0	0.8693895870736086	6	6
perturb_gnomad_-0.10	syscilia	ENSG00000205084	TMEM231	0.44223560626093333	6618.0	0.6700079792539397	6	6
perturb_gnomad_-0.10	housekeeping	ENSG00000073578	SDHA	0.48774560429002917	4054.0	0.7978755236385398	6	6
perturb_gnomad_-0.10	housekeeping	ENSG00000075624	ACTB	0.6883637961525215	104.0	0.9948633552762817	5	5
perturb_gnomad_-0.10	housekeeping	ENSG00000089157	RPLP0	0.5500866082004537	1573.0	0.9216038300418911	6	6
perturb_gnomad_-0.10	housekeeping	ENSG00000102144	PGK1	0.6307831918637102	371.0	0.9815479752643128	4	4
perturb_gnomad_-0.10	housekeeping	ENSG00000111640	GAPDH	0.5424564632283361	1791.0	0.9107320965489727	6	6
perturb_gnomad_-0.10	housekeeping	ENSG00000112592	TBP	0.4354341022019948	7016.0	0.6501595850787951	6	6
perturb_gnomad_-0.10	housekeeping	ENSG00000142541	RPL13A	0.5671920556029448	1197.0	0.9403550768003192	6	6
perturb_gnomad_-0.10	housekeeping	ENSG00000144713	RPL32	0.5210757552470976	2515.0	0.8746259724715739	6	6
perturb_gnomad_-0.10	housekeeping	ENSG00000150991	UBC	0.6235241247600027	430.0	0.9786056253740275	5	5
perturb_gnomad_-0.10	housekeeping	ENSG00000164924	YWHAZ	0.6755579032500849	147.0	0.9927189307799721	5	5
perturb_gnomad_-0.10	housekeeping	ENSG00000165704	HPRT1	0.45971868260995585	5620.0	0.7197785757031717	5	5
perturb_gnomad_-0.10	housekeeping	ENSG00000166710	B2M	0.48475688725286536	4217.0	0.7897466586874127	6	6
perturb_gnomad_-0.10	housekeeping	ENSG00000196262	PPIA	0.6312459640575117	366.0	0.9817973269499302	5	5
perturb_gnomad_-0.05	usher	ENSG00000006611	USH1C	0.5251062021686289	2739.0	0.8634550169559146	6	6
perturb_gnomad_-0.05	usher	ENSG00000042781	USH2A	0.6954166048114675	103.0	0.9949132256134051	5	5
perturb_gnomad_-0.05	usher	ENSG00000095397	WHRN	0.63727847508695	384.0	0.9808996608817075	5	5
perturb_gnomad_-0.05	usher	ENSG00000107736	CDH23	0.713574559726509	63.0	0.9969080390983444	5	5
perturb_gnomad_-0.05	usher	ENSG00000137474	MYO7A	0.6805712352765676	154.0	0.9923698384201077	5	5
perturb_gnomad_-0.05	usher	ENSG00000150275	PCDH15	0.7252179396953391	41.0	0.9980051865150609	5	5
perturb_gnomad_-0.05	usher	ENSG00000163646	CLRN1	0.5333355536314428	2412.0	0.8797626171952923	5	5
perturb_gnomad_-0.05	usher	ENSG00000164199	ADGRV1	0.6308860179363328	434.0	0.9784061440255336	6	6
perturb_gnomad_-0.05	usher	ENSG00000182040	USH1G	0.5348231337040014	2352.0	0.882754837422701	5	5
perturb_gnomad_-0.05	syscilia	ENSG00000011143	MKS1	0.5080530536575945	3516.0	0.8247057650109715	6	6
perturb_gnomad_-0.05	syscilia	ENSG00000032742	IFT88	0.6444430966345027	330.0	0.9835926590863754	6	6
perturb_gnomad_-0.05	syscilia	ENSG00000046651	OFD1	0.5941299849414459	839.0	0.9582086574905246	5	5
perturb_gnomad_-0.05	syscilia	ENSG00000048342	CC2D2A	0.5983037452647161	774.0	0.9614502294035507	6	6
perturb_gnomad_-0.05	syscilia	ENSG00000103494	RPGRIP1L	0.5625739615189762	1503.0	0.9250947536405346	6	6
perturb_gnomad_-0.05	syscilia	ENSG00000110274	CEP164	0.656575408133204	252.0	0.9874825453820067	6	6
perturb_gnomad_-0.05	syscilia	ENSG00000113971	NPHP3	0.5452003571178203	2007.0	0.8999601037303012	6	6
perturb_gnomad_-0.05	syscilia	ENSG00000122507	BBS9	0.5489705430745534	1876.0	0.906493117893477	6	6
perturb_gnomad_-0.05	syscilia	ENSG00000125124	BBS2	0.5743130960159042	1229.0	0.9387592260123678	6	6
perturb_gnomad_-0.05	syscilia	ENSG00000131697	NPHP4	0.5796076839471497	1122.0	0.9440953520845801	6	6
perturb_gnomad_-0.05	syscilia	ENSG00000138002	IFT172	0.6318383626389147	425.0	0.978854977059645	6	6
perturb_gnomad_-0.05	syscilia	ENSG00000138686	BBS7	0.5796802572195252	1118.0	0.944294833433074	6	6
perturb_gnomad_-0.05	syscilia	ENSG00000140463	BBS4	0.5822302051419188	1064.0	0.9469878316377419	6	6
perturb_gnomad_-0.05	syscilia	ENSG00000144061	NPHP1	0.551715984630811	1802.0	0.9101835228406144	6	6
perturb_gnomad_-0.05	syscilia	ENSG00000148384	INPP5E	0.6056163053953919	677.0	0.9662876521045283	6	6
perturb_gnomad_-0.05	syscilia	ENSG00000149483	TMEM138	0.5130468552475074	3288.0	0.8360762018751247	6	6
perturb_gnomad_-0.05	syscilia	ENSG00000156313	RPGR	0.5068266169432702	3575.0	0.8217634151206862	5	5
perturb_gnomad_-0.05	syscilia	ENSG00000163093	BBS5	0.594906554887122	826.0	0.9588569718731299	6	6
perturb_gnomad_-0.05	syscilia	ENSG00000164953	TMEM67	0.528673792248097	2598.0	0.8704867344903252	6	6
perturb_gnomad_-0.05	syscilia	ENSG00000168778	TCTN2	0.50802079781205	3518.0	0.8246060243367245	6	6
perturb_gnomad_-0.05	syscilia	ENSG00000169379	ARL13B	0.6263818677930925	472.0	0.9765110712148414	6	6
perturb_gnomad_-0.05	syscilia	ENSG00000174483	BBS1	0.621556134023349	514.0	0.9744165170556554	6	6
perturb_gnomad_-0.05	syscilia	ENSG00000179941	BBS10	0.46889334587324305	5579.0	0.7218232595252344	6	6
perturb_gnomad_-0.05	syscilia	ENSG00000187049	TMEM216	0.5280400559192565	2620.0	0.8693895870736086	6	6
perturb_gnomad_-0.05	syscilia	ENSG00000187535	IFT140	0.5149916885228931	3193.0	0.8408138839018552	6	6
perturb_gnomad_-0.05	syscilia	ENSG00000198707	CEP290	0.7210640371618796	48.0	0.9976560941551965	6	6
perturb_gnomad_-0.05	syscilia	ENSG00000204852	TCTN1	0.5158139882825744	3144.0	0.8432575304209057	6	6
perturb_gnomad_-0.05	syscilia	ENSG00000205084	TMEM231	0.4426294819583845	7064.0	0.6477658088968682	6	6
perturb_gnomad_-0.05	housekeeping	ENSG00000073578	SDHA	0.49563110874170513	4135.0	0.793836026331538	6	6
perturb_gnomad_-0.05	housekeeping	ENSG00000075624	ACTB	0.705831104834796	73.0	0.9964093357271095	5	5
perturb_gnomad_-0.05	housekeeping	ENSG00000089157	RPLP0	0.5721811337246284	1285.0	0.935966487133453	6	6
perturb_gnomad_-0.05	housekeeping	ENSG00000102144	PGK1	0.6307831918637103	435.0	0.9783562736884102	4	4
perturb_gnomad_-0.05	housekeeping	ENSG00000111640	GAPDH	0.5495580399870392	1849.0	0.9078396169958108	6	6
perturb_gnomad_-0.05	housekeeping	ENSG00000112592	TBP	0.4563896002752946	6274.0	0.6871633752244165	6	6
perturb_gnomad_-0.05	housekeeping	ENSG00000142541	RPL13A	0.5869623670688868	965.0	0.9519249950129662	6	6
perturb_gnomad_-0.05	housekeeping	ENSG00000144713	RPL32	0.5408015174638822	2160.0	0.892329942150409	6	6
perturb_gnomad_-0.05	housekeeping	ENSG00000150991	UBC	0.6326651482284544	416.0	0.9793038100937562	5	5
perturb_gnomad_-0.05	housekeeping	ENSG00000164924	YWHAZ	0.6939851004021103	107.0	0.9947137442649112	5	5
perturb_gnomad_-0.05	housekeeping	ENSG00000165704	HPRT1	0.4597186826099558	6097.0	0.6959904248952723	5	5
perturb_gnomad_-0.05	housekeeping	ENSG00000166710	B2M	0.499462597950365	3955.0	0.8028126870137642	6	6
perturb_gnomad_-0.05	housekeeping	ENSG00000196262	PPIA	0.6422014629220896	349.0	0.9826451226810293	5	5
perturb_gnomad_+0.05	usher	ENSG00000006611	USH1C	0.5299345621166908	3352.0	0.832884500299222	6	6
perturb_gnomad_+0.05	usher	ENSG00000042781	USH2A	0.6829770875506391	193.0	0.990424895272292	5	5
perturb_gnomad_+0.05	usher	ENSG00000095397	WHRN	0.6370272963282105	518.0	0.9742170357071613	5	5
perturb_gnomad_+0.05	usher	ENSG00000107736	CDH23	0.7117656684268532	87.0	0.9957111510073808	5	5
perturb_gnomad_+0.05	usher	ENSG00000137474	MYO7A	0.6637690658076324	296.0	0.9852882505485737	5	5
perturb_gnomad_+0.05	usher	ENSG00000150275	PCDH15	0.7115090210938323	89.0	0.9956114103331338	5	5
perturb_gnomad_+0.05	usher	ENSG00000163646	CLRN1	0.521152220322839	3771.0	0.8119888290444843	5	5
perturb_gnomad_+0.05	usher	ENSG00000164199	ADGRV1	0.637891258261218	501.0	0.9750648314382605	6	6
perturb_gnomad_+0.05	usher	ENSG00000182040	USH1G	0.5203759373495044	3807.0	0.8101934969080391	5	5
perturb_gnomad_+0.05	syscilia	ENSG00000011143	MKS1	0.5096925717734833	4319.0	0.7846598843008179	6	6
perturb_gnomad_+0.05	syscilia	ENSG00000032742	IFT88	0.6411632878736193	472.0	0.9765110712148414	6	6
perturb_gnomad_+0.05	syscilia	ENSG00000046651	OFD1	0.594129984941446	1192.0	0.9406044284859366	5	5
perturb_gnomad_+0.05	syscilia	ENSG00000048342	CC2D2A	0.5982027687230609	1095.0	0.945441851186914	6	6
perturb_gnomad_+0.05	syscilia	ENSG00000103494	RPGRIP1L	0.5620837993557892	2062.0	0.8972172351885098	6	6
perturb_gnomad_+0.05	syscilia	ENSG00000110274	CEP164	0.6427087013813167	456.0	0.9773089966088171	6	6
perturb_gnomad_+0.05	syscilia	ENSG00000113971	NPHP3	0.5479691410166118	2618.0	0.8694893277478556	6	6
perturb_gnomad_+0.05	syscilia	ENSG00000122507	BBS9	0.5498731759104002	2534.0	0.8736784360662279	6	6
perturb_gnomad_+0.05	syscilia	ENSG00000125124	BBS2	0.5737744657577475	1709.0	0.914821464193098	6	6
perturb_gnomad_+0.05	syscilia	ENSG00000131697	NPHP4	0.5672373563819455	1906.0	0.9049970077797725	6	6
perturb_gnomad_+0.05	syscilia	ENSG00000138002	IFT172	0.6353011909813812	544.0	0.9729204069419509	6	6
perturb_gnomad_+0.05	syscilia	ENSG00000138686	BBS7	0.5877215988227219	1343.0	0.9330740075802912	6	6
perturb_gnomad_+0.05	syscilia	ENSG00000140463	BBS4	0.5797707884388866	1539.0	0.9232994215040894	6	6
perturb_gnomad_+0.05	syscilia	ENSG00000144061	NPHP1	0.5515792961409712	2460.0	0.8773688410133652	6	6
perturb_gnomad_+0.05	syscilia	ENSG00000148384	INPP5E	0.5881437201468652	1330.0	0.9337223219628965	6	6
perturb_gnomad_+0.05	syscilia	ENSG00000149483	TMEM138	0.5162526313028387	3998.0	0.8006682625174546	6	6
perturb_gnomad_+0.05	syscilia	ENSG00000156313	RPGR	0.5068266169432702	4434.0	0.7789247955316178	5	5
perturb_gnomad_+0.05	syscilia	ENSG00000163093	BBS5	0.5924066428317065	1228.0	0.9388090963494913	6	6
perturb_gnomad_+0.05	syscilia	ENSG00000164953	TMEM67	0.5246060239983086	3613.0	0.8198683423099941	6	6
perturb_gnomad_+0.05	syscilia	ENSG00000168778	TCTN2	0.5096147722443987	4322.0	0.7845102732894474	6	6
perturb_gnomad_+0.05	syscilia	ENSG00000169379	ARL13B	0.6207870755518292	689.0	0.9656892080590465	6	6
perturb_gnomad_+0.05	syscilia	ENSG00000174483	BBS1	0.6182683308899846	724.0	0.9639437462597247	6	6
perturb_gnomad_+0.05	syscilia	ENSG00000179941	BBS10	0.45243392466389515	7269.0	0.637542389786555	6	6
perturb_gnomad_+0.05	syscilia	ENSG00000187049	TMEM216	0.5111008756015132	4245.0	0.7883502892479554	6	6
perturb_gnomad_+0.05	syscilia	ENSG00000187535	IFT140	0.5162134626148085	4002.0	0.8004687811689607	6	6
perturb_gnomad_+0.05	syscilia	ENSG00000198707	CEP290	0.6970690713727199	135.0	0.9933173748254538	6	6
perturb_gnomad_+0.05	syscilia	ENSG00000204852	TCTN1	0.5113180305273757	4238.0	0.7886993816078197	6	6
perturb_gnomad_+0.05	syscilia	ENSG00000205084	TMEM231	0.4433046974397295	7752.0	0.6134550169559146	6	6
perturb_gnomad_+0.05	housekeeping	ENSG00000073578	SDHA	0.5091491163731499	4342.0	0.7835128665469778	6	6
perturb_gnomad_+0.05	housekeeping	ENSG00000075624	ACTB	0.7349432859719202	45.0	0.997805705166567	5	5
perturb_gnomad_+0.05	housekeeping	ENSG00000089157	RPLP0	0.6100574631946425	846.0	0.9578595651306603	6	6
perturb_gnomad_+0.05	housekeeping	ENSG00000102144	PGK1	0.6307831918637102	581.0	0.9710752044683822	4	4
perturb_gnomad_+0.05	housekeeping	ENSG00000111640	GAPDH	0.5617321715733875	2083.0	0.8961699581089169	6	6
perturb_gnomad_+0.05	housekeeping	ENSG00000112592	TBP	0.49231331125809435	5164.0	0.7425194494314782	6	6
perturb_gnomad_+0.05	housekeeping	ENSG00000142541	RPL13A	0.6208543295819305	687.0	0.9657889487332935	6	6
perturb_gnomad_+0.05	housekeeping	ENSG00000144713	RPL32	0.5746171098355127	1692.0	0.9156692599241971	6	6
perturb_gnomad_+0.05	housekeeping	ENSG00000150991	UBC	0.647900187342541	423.0	0.9789547177338919	5	5
perturb_gnomad_+0.05	housekeeping	ENSG00000164924	YWHAZ	0.7246970956554859	56.0	0.9972571314582087	5	5
perturb_gnomad_+0.05	housekeeping	ENSG00000165704	HPRT1	0.45971868260995574	6905.0	0.6556951924995013	5	5
perturb_gnomad_+0.05	housekeeping	ENSG00000166710	B2M	0.5246723877175075	3607.0	0.8201675643327349	6	6
perturb_gnomad_+0.05	housekeeping	ENSG00000196262	PPIA	0.6604606276963865	319.0	0.9841412327947336	5	5
perturb_gnomad_+0.10	usher	ENSG00000006611	USH1C	0.5320195357306264	3630.0	0.8190205465788949	6	6
perturb_gnomad_+0.10	usher	ENSG00000042781	USH2A	0.6777393960723955	262.0	0.9869838420107719	5	5
perturb_gnomad_+0.10	usher	ENSG00000095397	WHRN	0.6369215368508465	603.0	0.9699780570516656	5	5
perturb_gnomad_+0.10	usher	ENSG00000107736	CDH23	0.7110040299848926	111.0	0.9945142629164173	5	5
perturb_gnomad_+0.10	usher	ENSG00000137474	MYO7A	0.6566944681365019	398.0	0.9802014761619788	5	5
perturb_gnomad_+0.10	usher	ENSG00000150275	PCDH15	0.7057368448405661	132.0	0.9934669858368242	5	5
perturb_gnomad_+0.10	usher	ENSG00000163646	CLRN1	0.5160223957718478	4366.0	0.7823159784560144	5	5
perturb_gnomad_+0.10	usher	ENSG00000164199	ADGRV1	0.6409162484015091	552.0	0.9725214442449631	6	6
perturb_gnomad_+0.10	usher	ENSG00000182040	USH1G	0.5142929073055055	4444.0	0.778426092160383	5	5
perturb_gnomad_+0.10	syscilia	ENSG00000011143	MKS1	0.5104005455053441	4636.0	0.768850987432675	6	6
perturb_gnomad_+0.10	syscilia	ENSG00000032742	IFT88	0.6397470068177834	561.0	0.9720726112108518	6	6
perturb_gnomad_+0.10	syscilia	ENSG00000046651	OFD1	0.594129984941446	1396.0	0.9304308797127468	5	5
perturb_gnomad_+0.10	syscilia	ENSG00000048342	CC2D2A	0.5981591652164369	1300.0	0.9352184320766008	6	6
perturb_gnomad_+0.10	syscilia	ENSG00000103494	RPGRIP1L	0.5618721384216858	2422.0	0.8792639138240574	6	6
perturb_gnomad_+0.10	syscilia	ENSG00000110274	CEP164	0.6367208052839107	606.0	0.9698284460402953	6	6
perturb_gnomad_+0.10	syscilia	ENSG00000113971	NPHP3	0.5491647522456353	2919.0	0.8544783562736884	6	6
perturb_gnomad_+0.10	syscilia	ENSG00000122507	BBS9	0.5502629491804248	2875.0	0.8566726511071214	6	6
perturb_gnomad_+0.10	syscilia	ENSG00000125124	BBS2	0.5735418754189978	1993.0	0.9006582884500299	6	6
perturb_gnomad_+0.10	syscilia	ENSG00000131697	NPHP4	0.5618956240242438	2419.0	0.8794135248354279	6	6
perturb_gnomad_+0.10	syscilia	ENSG00000138002	IFT172	0.6367965032201737	605.0	0.9698783163774187	6	6
perturb_gnomad_+0.10	syscilia	ENSG00000138686	BBS7	0.5911939963331929	1488.0	0.9258428086973868	6	6
perturb_gnomad_+0.10	syscilia	ENSG00000140463	BBS4	0.57870876758985	1827.0	0.9089367644125275	6	6
perturb_gnomad_+0.10	syscilia	ENSG00000144061	NPHP1	0.5515202715658132	2824.0	0.8592160383004189	6	6
perturb_gnomad_+0.10	syscilia	ENSG00000148384	INPP5E	0.580598740153183	1775.0	0.9115300219429483	6	6
perturb_gnomad_+0.10	syscilia	ENSG00000149483	TMEM138	0.517636943690368	4294.0	0.7859066427289049	6	6
perturb_gnomad_+0.10	syscilia	ENSG00000156313	RPGR	0.5068266169432704	4826.0	0.759375623379214	5	5
perturb_gnomad_+0.10	syscilia	ENSG00000163093	BBS5	0.5913271353532314	1480.0	0.9262417713943746	6	6
perturb_gnomad_+0.10	syscilia	ENSG00000164953	TMEM67	0.5228494877086272	4049.0	0.7981248753241572	6	6
perturb_gnomad_+0.10	syscilia	ENSG00000168778	TCTN2	0.51030307938564	4643.0	0.7685018950728106	6	6
perturb_gnomad_+0.10	syscilia	ENSG00000169379	ARL13B	0.6183711425385563	873.0	0.9565130660283263	6	6
perturb_gnomad_+0.10	syscilia	ENSG00000174483	BBS1	0.616848597718759	891.0	0.9556153999601037	6	6
perturb_gnomad_+0.10	syscilia	ENSG00000179941	BBS10	0.44532644732349486	7977.0	0.6022341911031318	6	6
perturb_gnomad_+0.10	syscilia	ENSG00000187049	TMEM216	0.5037862295552148	4981.0	0.7516457211250748	6	6
perturb_gnomad_+0.10	syscilia	ENSG00000187535	IFT140	0.5167410468817719	4330.0	0.7841113105924596	6	6
perturb_gnomad_+0.10	syscilia	ENSG00000198707	CEP290	0.6867076088728553	204.0	0.9898763215639338	6	6
perturb_gnomad_+0.10	syscilia	ENSG00000204852	TCTN1	0.5093765942239943	4695.0	0.7659086375423898	6	6
perturb_gnomad_+0.10	syscilia	ENSG00000205084	TMEM231	0.44359626776121935	8080.0	0.5970975463794135	6	6
perturb_gnomad_+0.10	housekeeping	ENSG00000073578	SDHA	0.5149864378503646	4411.0	0.7800718132854578	6	6
perturb_gnomad_+0.10	housekeeping	ENSG00000075624	ACTB	0.7472010464507091	41.0	0.9980051865150609	5	5
perturb_gnomad_+0.10	housekeeping	ENSG00000089157	RPLP0	0.6264131509203303	738.0	0.963245561539996	6	6
perturb_gnomad_+0.10	housekeeping	ENSG00000102144	PGK1	0.6307831918637103	677.0	0.9662876521045283	4	4
perturb_gnomad_+0.10	housekeeping	ENSG00000111640	GAPDH	0.5669891829402196	2223.0	0.8891881109116297	6	6
perturb_gnomad_+0.10	housekeeping	ENSG00000112592	TBP	0.5078258228188487	4775.0	0.7619190105725114	6	6
perturb_gnomad_+0.10	housekeeping	ENSG00000142541	RPL13A	0.6354894952125629	620.0	0.9691302613205666	6	6
perturb_gnomad_+0.10	housekeeping	ENSG00000144713	RPL32	0.589219297450535	1538.0	0.9233492918412128	6	6
perturb_gnomad_+0.10	housekeeping	ENSG00000150991	UBC	0.6543149406537352	419.0	0.9791541990823858	5	5
perturb_gnomad_+0.10	housekeeping	ENSG00000164924	YWHAZ	0.7376284620779598	48.0	0.9976560941551965	5	5
perturb_gnomad_+0.10	housekeeping	ENSG00000165704	HPRT1	0.4597186826099558	7224.0	0.6397865549571116	5	5
perturb_gnomad_+0.10	housekeeping	ENSG00000166710	B2M	0.5355584332987734	3466.0	0.8271992818671454	6	6
perturb_gnomad_+0.10	housekeeping	ENSG00000196262	PPIA	0.6681486970750377	317.0	0.9842409734689807	5	5
single_expression	usher	ENSG00000006611	USH1C	0.40815942781731473	14547.0	0.2744051479024293	6	1
single_expression	usher	ENSG00000042781	USH2A	0.6712261674720459	4084.0	0.7963286277248466	5	1
single_expression	usher	ENSG00000095397	WHRN	0.6263854777420916	5538.0	0.7237990721803761	5	1
single_expression	usher	ENSG00000107736	CDH23	0.6474661629354899	4846.0	0.7583179528108944	5	1
single_expression	usher	ENSG00000137474	MYO7A	0.5617142488332086	8304.0	0.5858233152092582	5	1
single_expression	usher	ENSG00000150275	PCDH15	0.7964726998037737	1683.0	0.9160971716466304	5	1
single_expression	usher	ENSG00000163646	CLRN1	0.39083881552256566	15151.0	0.24427595151394224	5	1
single_expression	usher	ENSG00000164199	ADGRV1	0.8738327766010052	935.0	0.9534094877038959	6	1
single_expression	usher	ENSG00000182040	USH1G	0.4396138373967307	13485.0	0.32738065545966977	5	1
single_expression	syscilia	ENSG00000011143	MKS1	0.38784056087017393	15253.0	0.23918790841522422	6	1
single_expression	syscilia	ENSG00000032742	IFT88	0.6192876383155792	5815.0	0.7099815433730733	6	1
single_expression	syscilia	ENSG00000046651	OFD1	0.5428875314494551	9177.0	0.5422756522172894	5	1
single_expression	syscilia	ENSG00000048342	CC2D2A	0.5844979421995302	7263.0	0.6377512844814686	6	1
single_expression	syscilia	ENSG00000103494	RPGRIP1L	0.5483771815754162	8933.0	0.5544470494338305	6	1
single_expression	syscilia	ENSG00000110274	CEP164	0.644934937903153	4929.0	0.7541776824462513	6	1
single_expression	syscilia	ENSG00000113971	NPHP3	0.5822158882481686	7371.0	0.6323639447298848	6	1
single_expression	syscilia	ENSG00000122507	BBS9	0.6146534298093548	5993.0	0.7011024093380556	6	1
single_expression	syscilia	ENSG00000125124	BBS2	0.4393229572429791	13500.0	0.32663241382750535	6	1
single_expression	syscilia	ENSG00000131697	NPHP4	0.5487856183136599	8908.0	0.5556941188207711	6	1
single_expression	syscilia	ENSG00000138002	IFT172	0.6518348711579031	4709.0	0.7651518930513294	6	1
single_expression	syscilia	ENSG00000138686	BBS7	0.5843023116335266	7273.0	0.6372524567266923	6	1
single_expression	syscilia	ENSG00000140463	BBS4	0.5276095287986038	9916.0	0.5054122811393226	6	1
single_expression	syscilia	ENSG00000144061	NPHP1	0.5824714275783194	7351.0	0.6333616002394373	6	1
single_expression	syscilia	ENSG00000148384	INPP5E	0.6196698920249256	5802.0	0.7106300194542824	6	1
single_expression	syscilia	ENSG00000149483	TMEM138	0.5825390349314492	7346.0	0.6336110141168254	6	1
single_expression	syscilia	ENSG00000156313	RPGR	0.5671896636766451	8056.0	0.5981942435277099	5	1
single_expression	syscilia	ENSG00000163093	BBS5	0.6020735081969582	6474.0	0.6771087943333167	6	1
single_expression	syscilia	ENSG00000164953	TMEM67	0.5624468202226999	8273.0	0.5873696812490647	6	1
single_expression	syscilia	ENSG00000168778	TCTN2	0.3818593578741796	15437.0	0.23000947772734076	6	1
single_expression	syscilia	ENSG00000169379	ARL13B	0.6176556679034596	5872.0	0.7071382251708485	6	1
single_expression	syscilia	ENSG00000174483	BBS1	0.5994215839300008	6596.0	0.6710230957250461	6	1
single_expression	syscilia	ENSG00000179941	BBS10	0.4560308586614516	12895.0	0.35681149299147	6	1
single_expression	syscilia	ENSG00000187049	TMEM216	0.45729512892561963	12844.0	0.35935551454082904	6	1
single_expression	syscilia	ENSG00000187535	IFT140	0.503481974091167	11017.0	0.45049134533845464	6	1
single_expression	syscilia	ENSG00000198707	CEP290	0.4714714306434661	12299.0	0.3865416271761361	6	1
single_expression	syscilia	ENSG00000204852	TCTN1	0.5283806447176125	9882.0	0.5071082955055619	6	1
single_expression	syscilia	ENSG00000205084	TMEM231	0.4210132632552974	14122.0	0.295605327480421	6	1
single_expression	housekeeping	ENSG00000073578	SDHA	0.6037975240146561	6406.0	0.6805008230657954	6	1
single_expression	housekeeping	ENSG00000075624	ACTB	0.6167928118288484	5908.0	0.7053424452536539	5	1
single_expression	housekeeping	ENSG00000089157	RPLP0	0.6950292389239201	3440.0	0.8284531351324388	6	1
single_expression	housekeeping	ENSG00000102144	PGK1	0.7069322904232682	3169.0	0.8419713672868758	4	1
single_expression	housekeeping	ENSG00000111640	GAPDH	0.6361554314589012	5220.0	0.7396617947822617	6	1
single_expression	housekeeping	ENSG00000112592	TBP	0.5736213286588588	7766.0	0.6126602484162219	6	1
single_expression	housekeeping	ENSG00000142541	RPL13A	0.7609798651820996	2216.0	0.8895096523170549	6	1
single_expression	housekeeping	ENSG00000144713	RPL32	0.6963227487396579	3411.0	0.8298997356212899	6	1
single_expression	housekeeping	ENSG00000150991	UBC	0.5723569416256273	7826.0	0.6096672818875642	5	1
single_expression	housekeeping	ENSG00000164924	YWHAZ	0.6346608162065546	5273.0	0.7370180076819475	5	1
single_expression	housekeeping	ENSG00000165704	HPRT1	0.7320403262899577	2659.0	0.8674115827804659	5	1
single_expression	housekeeping	ENSG00000166710	B2M	0.6414738167957343	5047.0	0.7482915149398912	6	1
single_expression	housekeeping	ENSG00000196262	PPIA	0.6508420711004455	4748.0	0.7632064648077019	5	1
loo_expression	usher	ENSG00000006611	USH1C	0.557511506972373	1476.0	0.9249096370208216	6	5
loo_expression	usher	ENSG00000042781	USH2A	0.6942478428122543	120.0	0.9939418622410019	5	4
loo_expression	usher	ENSG00000095397	WHRN	0.6404562735908559	357.0	0.9818764954436695	5	4
loo_expression	usher	ENSG00000107736	CDH23	0.7326632955316761	53.0	0.9973527465254798	5	4
loo_expression	usher	ENSG00000137474	MYO7A	0.7055103445498768	87.0	0.9956218500229089	5	4
loo_expression	usher	ENSG00000150275	PCDH15	0.6938026083224698	123.0	0.9937891360790103	5	4
loo_expression	usher	ENSG00000163646	CLRN1	0.5687460884512946	1210.0	0.9384513567174056	5	4
loo_expression	usher	ENSG00000164199	ADGRV1	0.5747465172333704	1078.0	0.9451713078450339	6	5
loo_expression	usher	ENSG00000182040	USH1G	0.5541163966300482	1571.0	0.9200733085577559	5	4
loo_expression	syscilia	ENSG00000011143	MKS1	0.5391821106180015	1963.0	0.9001170900575268	6	5
loo_expression	syscilia	ENSG00000032742	IFT88	0.6485795867149038	300.0	0.984778292521509	6	5
loo_expression	syscilia	ENSG00000046651	OFD1	0.6112108027721095	584.0	0.9703202158529756	5	4
loo_expression	syscilia	ENSG00000048342	CC2D2A	0.6016889301755513	698.0	0.9645166216972968	6	5
loo_expression	syscilia	ENSG00000103494	RPGRIP1L	0.5658014875852746	1263.0	0.9357531945222216	6	5
loo_expression	syscilia	ENSG00000110274	CEP164	0.6503854993847907	290.0	0.9852873797281474	6	5
loo_expression	syscilia	ENSG00000113971	NPHP3	0.5377634887688151	1998.0	0.8983352848342921	6	5
loo_expression	syscilia	ENSG00000122507	BBS9	0.5331421741893774	2133.0	0.8914626075446724	6	5
loo_expression	syscilia	ENSG00000125124	BBS2	0.60770715460222	619.0	0.9685384106297409	6	5
loo_expression	syscilia	ENSG00000131697	NPHP4	0.5791951728908569	1000.0	0.9491421880568142	6	5
loo_expression	syscilia	ENSG00000138002	IFT172	0.6291117166089111	427.0	0.9783128849972	6	5
loo_expression	syscilia	ENSG00000138686	BBS7	0.5838018740431226	933.0	0.952553072341292	6	5
loo_expression	syscilia	ENSG00000140463	BBS4	0.5942713820163826	785.0	0.9600875629995418	6	5
loo_expression	syscilia	ENSG00000144061	NPHP1	0.5439374220724765	1828.0	0.9069897673471465	6	5
loo_expression	syscilia	ENSG00000148384	INPP5E	0.5906365246686628	835.0	0.9575421269663493	6	5
loo_expression	syscilia	ENSG00000149483	TMEM138	0.49777760086283296	3445.0	0.8246703660337016	6	5
loo_expression	syscilia	ENSG00000156313	RPGR	0.4867056013654787	3902.0	0.8014050806903222	5	4
loo_expression	syscilia	ENSG00000163093	BBS5	0.5914742492732964	820.0	0.9583057577763071	6	5
loo_expression	syscilia	ENSG00000164953	TMEM67	0.5175610623405226	2652.0	0.8650409815201344	6	5
loo_expression	syscilia	ENSG00000168778	TCTN2	0.5406072035177463	1918.0	0.9024079824874001	6	5
loo_expression	syscilia	ENSG00000169379	ARL13B	0.6248918353571715	457.0	0.9767856233772846	6	5
loo_expression	syscilia	ENSG00000174483	BBS1	0.6249321507404155	456.0	0.9768365320979484	6	5
loo_expression	syscilia	ENSG00000179941	BBS10	0.4613074725075563	5028.0	0.7440818612228275	6	5
loo_expression	syscilia	ENSG00000187049	TMEM216	0.5346099505841465	2088.0	0.8937534999745457	6	5
loo_expression	syscilia	ENSG00000187535	IFT140	0.518670906378644	2621.0	0.8666191518607137	6	5
loo_expression	syscilia	ENSG00000198707	CEP290	0.7677154924923468	26.0	0.9987272819834038	6	5
loo_expression	syscilia	ENSG00000204852	TCTN1	0.5097218518969656	2965.0	0.8491065519523494	6	5
loo_expression	syscilia	ENSG00000205084	TMEM231	0.44847664679378885	5639.0	0.7129766328972152	6	5
loo_expression	housekeeping	ENSG00000073578	SDHA	0.4774606974316029	4302.0	0.7810415924247823	6	5
loo_expression	housekeeping	ENSG00000075624	ACTB	0.7533820896238657	32.0	0.9984218296594206	5	4
loo_expression	housekeeping	ENSG00000089157	RPLP0	0.5663254486395022	1256.0	0.9361095555668686	6	5
loo_expression	housekeeping	ENSG00000102144	PGK1	0.5969391480594624	755.0	0.9616148246194574	4	3
loo_expression	housekeeping	ENSG00000111640	GAPDH	0.5358979659726146	2052.0	0.8955862139184443	6	5
loo_expression	housekeeping	ENSG00000112592	TBP	0.45065660351186576	5539.0	0.7180675049636003	6	5
loo_expression	housekeeping	ENSG00000142541	RPL13A	0.5656995929397685	1267.0	0.9355495596395662	6	5
loo_expression	housekeeping	ENSG00000144713	RPL32	0.5241126921388207	2446.0	0.8755281779768874	6	5
loo_expression	housekeeping	ENSG00000150991	UBC	0.6617688542621534	230.0	0.9883419029679784	5	4
loo_expression	housekeeping	ENSG00000164924	YWHAZ	0.7335008768684642	52.0	0.9974036552461437	5	4
loo_expression	housekeeping	ENSG00000165704	HPRT1	0.36894480138328845	9386.0	0.5222216565697704	5	4
loo_expression	housekeeping	ENSG00000166710	B2M	0.48050371777370976	4166.0	0.787965178435066	6	5
loo_expression	housekeeping	ENSG00000196262	PPIA	0.6521837744801856	282.0	0.9856946494934582	5	4
perturb_expression_-0.10	usher	ENSG00000006611	USH1C	0.5409168315106999	2152.0	0.8927289048473968	6	6
perturb_expression_-0.10	usher	ENSG00000042781	USH2A	0.6911782861002267	113.0	0.9944145222421703	5	5
perturb_expression_-0.10	usher	ENSG00000095397	WHRN	0.6385801674776874	367.0	0.9817474566128067	5	5
perturb_expression_-0.10	usher	ENSG00000107736	CDH23	0.7213036778521846	53.0	0.997406742469579	5	5
perturb_expression_-0.10	usher	ENSG00000137474	MYO7A	0.6863375317876544	129.0	0.9936165968481947	5	5
perturb_expression_-0.10	usher	ENSG00000150275	PCDH15	0.7074919538533104	78.0	0.9961599840414921	5	5
perturb_expression_-0.10	usher	ENSG00000163646	CLRN1	0.5450251187274642	2015.0	0.8995611410333134	5	5
perturb_expression_-0.10	usher	ENSG00000164199	ADGRV1	0.6079783238297743	648.0	0.9677338918811091	6	6
perturb_expression_-0.10	usher	ENSG00000182040	USH1G	0.5388493887322726	2221.0	0.8892878515858768	5	5
perturb_expression_-0.10	syscilia	ENSG00000011143	MKS1	0.522366382868243	2861.0	0.8573708358268501	6	6
perturb_expression_-0.10	syscilia	ENSG00000032742	IFT88	0.6453249257816456	323.0	0.9839417514462397	6	6
perturb_expression_-0.10	syscilia	ENSG00000046651	OFD1	0.6014503354403017	743.0	0.9629962098543786	5	5
perturb_expression_-0.10	syscilia	ENSG00000048342	CC2D2A	0.5997788204004378	770.0	0.9616497107520446	6	6
perturb_expression_-0.10	syscilia	ENSG00000103494	RPGRIP1L	0.5638654535841794	1473.0	0.9265908637542389	6	6
perturb_expression_-0.10	syscilia	ENSG00000110274	CEP164	0.6497798814423865	290.0	0.9855874725713146	6	6
perturb_expression_-0.10	syscilia	ENSG00000113971	NPHP3	0.542702644266521	2086.0	0.8960203470975464	6	6
perturb_expression_-0.10	syscilia	ENSG00000122507	BBS9	0.5421989803693749	2108.0	0.8949231996808299	6	6
perturb_expression_-0.10	syscilia	ENSG00000125124	BBS2	0.5889977993400822	931.0	0.9536205864751646	6	6
perturb_expression_-0.10	syscilia	ENSG00000131697	NPHP4	0.5758163334933906	1181.0	0.9411530021942949	6	6
perturb_expression_-0.10	syscilia	ENSG00000138002	IFT172	0.6316365115587992	425.0	0.978854977059645	6	6
perturb_expression_-0.10	syscilia	ENSG00000138686	BBS7	0.5838574782198342	1020.0	0.949182126471175	6	6
perturb_expression_-0.10	syscilia	ENSG00000140463	BBS4	0.5868645094366295	966.0	0.9518751246758428	6	6
perturb_expression_-0.10	syscilia	ENSG00000144061	NPHP1	0.5482189782397925	1925.0	0.9040494713744265	6	6
perturb_expression_-0.10	syscilia	ENSG00000148384	INPP5E	0.5938624543749143	868.0	0.9567624177139438	6	6
perturb_expression_-0.10	syscilia	ENSG00000149483	TMEM138	0.5071955379815681	3502.0	0.8254039497307002	6	6
perturb_expression_-0.10	syscilia	ENSG00000156313	RPGR	0.4982033245527882	3923.0	0.8044085378017155	5	5
perturb_expression_-0.10	syscilia	ENSG00000163093	BBS5	0.5926519447092589	885.0	0.9559146219828446	6	6
perturb_expression_-0.10	syscilia	ENSG00000164953	TMEM67	0.5225483687718756	2854.0	0.8577199281867145	6	6
perturb_expression_-0.10	syscilia	ENSG00000168778	TCTN2	0.5229685540017945	2836.0	0.8586175942549371	6	6
perturb_expression_-0.10	syscilia	ENSG00000169379	ARL13B	0.6240878167512036	488.0	0.9757131458208658	6	6
perturb_expression_-0.10	syscilia	ENSG00000174483	BBS1	0.6220976433170362	496.0	0.975314183123878	6	6
perturb_expression_-0.10	syscilia	ENSG00000179941	BBS10	0.46072118208021146	5762.0	0.7126969878316377	6	6
perturb_expression_-0.10	syscilia	ENSG00000187049	TMEM216	0.5260194148443103	2732.0	0.863804109315779	6	6
perturb_expression_-0.10	syscilia	ENSG00000187535	IFT140	0.5169832472355911	3071.0	0.8468980650309196	6	6
perturb_expression_-0.10	syscilia	ENSG00000198707	CEP290	0.7347994856202491	33.0	0.9984041492120487	6	6
perturb_expression_-0.10	syscilia	ENSG00000204852	TCTN1	0.5117950510992597	3291.0	0.8359265908637542	6	6
perturb_expression_-0.10	syscilia	ENSG00000205084	TMEM231	0.4454251597339566	6588.0	0.6715040893676442	6	6
perturb_expression_-0.10	housekeeping	ENSG00000073578	SDHA	0.49149812260749776	4241.0	0.7885497705964493	6	6
perturb_expression_-0.10	housekeeping	ENSG00000075624	ACTB	0.7351701859178635	32.0	0.9984540195491721	5	5
perturb_expression_-0.10	housekeeping	ENSG00000089157	RPLP0	0.5806258697822154	1066.0	0.9468880909634949	6	6
perturb_expression_-0.10	housekeeping	ENSG00000102144	PGK1	0.6169379012165179	545.0	0.9728705366048275	4	4
perturb_expression_-0.10	housekeeping	ENSG00000111640	GAPDH	0.5470376843599799	1957.0	0.9024536205864752	6	6
perturb_expression_-0.10	housekeeping	ENSG00000112592	TBP	0.46431935075042063	5572.0	0.7221723518850988	6	6
perturb_expression_-0.10	housekeeping	ENSG00000142541	RPL13A	0.5873974009666942	952.0	0.9525733093955715	6	6
perturb_expression_-0.10	housekeeping	ENSG00000144713	RPL32	0.5432471428722471	2069.0	0.8968681428286456	6	6
perturb_expression_-0.10	housekeeping	ENSG00000150991	UBC	0.6498472659106166	289.0	0.9856373429084381	5	5
perturb_expression_-0.10	housekeeping	ENSG00000164924	YWHAZ	0.720322202113543	55.0	0.9973070017953322	5	5
perturb_expression_-0.10	housekeeping	ENSG00000165704	HPRT1	0.4208155906556698	7880.0	0.6070716138041093	5	5
perturb_expression_-0.10	housekeeping	ENSG00000166710	B2M	0.4983892843317126	3914.0	0.8048573708358269	6	6
perturb_expression_-0.10	housekeeping	ENSG00000196262	PPIA	0.6520048806962204	277.0	0.9862357869539198	5	5
perturb_expression_-0.05	usher	ENSG00000006611	USH1C	0.5339295997373638	2603.0	0.8702373828047077	6	6
perturb_expression_-0.05	usher	ENSG00000042781	USH2A	0.6899312786859654	130.0	0.9935667265110713	5	5
perturb_expression_-0.05	usher	ENSG00000095397	WHRN	0.6378179993692126	393.0	0.9804508278475963	5	5
perturb_expression_-0.05	usher	ENSG00000107736	CDH23	0.7166888331698912	60.0	0.9970576501097147	5	5
perturb_expression_-0.05	usher	ENSG00000137474	MYO7A	0.6785485766030015	165.0	0.9918212647117495	5	5
perturb_expression_-0.05	usher	ENSG00000150275	PCDH15	0.7130532504752144	68.0	0.9966586874127269	5	5
perturb_expression_-0.05	usher	ENSG00000163646	CLRN1	0.535388474777158	2543.0	0.8732296030321165	5	5
perturb_expression_-0.05	usher	ENSG00000164199	ADGRV1	0.6219706634493128	540.0	0.9731198882904448	6	6
perturb_expression_-0.05	usher	ENSG00000182040	USH1G	0.5326471667738012	2646.0	0.8680929583083982	5	5
perturb_expression_-0.05	syscilia	ENSG00000011143	MKS1	0.515286076447292	3374.0	0.8317873528825055	6	6
perturb_expression_-0.05	syscilia	ENSG00000032742	IFT88	0.6439545422308	352.0	0.9824955116696589	6	6
perturb_expression_-0.05	syscilia	ENSG00000046651	OFD1	0.5975461485075785	841.0	0.9581089168162776	5	5
perturb_expression_-0.05	syscilia	ENSG00000048342	CC2D2A	0.5989745636530216	823.0	0.9590065828845002	6	6
perturb_expression_-0.05	syscilia	ENSG00000103494	RPGRIP1L	0.5630502813731918	1616.0	0.9194594055455815	6	6
perturb_expression_-0.05	syscilia	ENSG00000110274	CEP164	0.6495248844140058	322.0	0.9839916217833633	6	6
perturb_expression_-0.05	syscilia	ENSG00000113971	NPHP3	0.5447822886866077	2181.0	0.8912826650708159	6	6
perturb_expression_-0.05	syscilia	ENSG00000122507	BBS9	0.5460123724451633	2140.0	0.8933273488928786	6	6
perturb_expression_-0.05	syscilia	ENSG00000125124	BBS2	0.5811201760718137	1157.0	0.9423498902852583	6	6
perturb_expression_-0.05	syscilia	ENSG00000131697	NPHP4	0.5743936642734048	1315.0	0.9344703770197487	6	6
perturb_expression_-0.05	syscilia	ENSG00000138002	IFT172	0.6326995831166468	434.0	0.9784061440255336	6	6
perturb_expression_-0.05	syscilia	ENSG00000138686	BBS7	0.5838808905047653	1110.0	0.9446937961300619	6	6
perturb_expression_-0.05	syscilia	ENSG00000140463	BBS4	0.5837458262451545	1111.0	0.9446439257929383	6	6
perturb_expression_-0.05	syscilia	ENSG00000144061	NPHP1	0.5500217387312938	2000.0	0.9003091960901656	6	6
perturb_expression_-0.05	syscilia	ENSG00000148384	INPP5E	0.5952207405670201	879.0	0.9562138440055855	6	6
perturb_expression_-0.05	syscilia	ENSG00000149483	TMEM138	0.5111609851894566	3595.0	0.8207660083782167	6	6
perturb_expression_-0.05	syscilia	ENSG00000156313	RPGR	0.502802413827712	3953.0	0.8029124276880112	5	5
perturb_expression_-0.05	syscilia	ENSG00000163093	BBS5	0.5931478164717694	917.0	0.9543187711948933	6	6
perturb_expression_-0.05	syscilia	ENSG00000164953	TMEM67	0.5246482872692875	2973.0	0.8517853580690206	6	6
perturb_expression_-0.05	syscilia	ENSG00000168778	TCTN2	0.5155417542056042	3359.0	0.8325354079393577	6	6
perturb_expression_-0.05	syscilia	ENSG00000169379	ARL13B	0.6237492826013223	518.0	0.9742170357071613	6	6
perturb_expression_-0.05	syscilia	ENSG00000174483	BBS1	0.6209041665071922	554.0	0.9724217035707161	6	6
perturb_expression_-0.05	syscilia	ENSG00000179941	BBS10	0.4604743229529082	6122.0	0.6947436664671853	6	6
perturb_expression_-0.05	syscilia	ENSG00000187049	TMEM216	0.5224023471643792	3058.0	0.8475463794135248	6	6
perturb_expression_-0.05	syscilia	ENSG00000187535	IFT140	0.5162726539122003	3327.0	0.834131258727309	6	6
perturb_expression_-0.05	syscilia	ENSG00000198707	CEP290	0.7209401143056815	53.0	0.997406742469579	6	6
perturb_expression_-0.05	syscilia	ENSG00000204852	TCTN1	0.512667977079173	3519.0	0.824556153999601	6	6
perturb_expression_-0.05	syscilia	ENSG00000205084	TMEM231	0.44414032307718493	7046.0	0.6486634749650908	6	6
perturb_expression_-0.05	housekeeping	ENSG00000073578	SDHA	0.49740861741840076	4219.0	0.7896469180131658	6	6
perturb_expression_-0.05	housekeeping	ENSG00000075624	ACTB	0.7277716000372999	42.0	0.9979553161779373	5	5
perturb_expression_-0.05	housekeeping	ENSG00000089157	RPLP0	0.5866470997370419	1046.0	0.9478854977059645	6	6
perturb_expression_-0.05	housekeeping	ENSG00000102144	PGK1	0.6244374336504137	508.0	0.9747157390783961	4	4
perturb_expression_-0.05	housekeeping	ENSG00000111640	GAPDH	0.5517280921020283	1947.0	0.90295232395771	6	6
perturb_expression_-0.05	housekeeping	ENSG00000112592	TBP	0.4700720864298121	5621.0	0.7197287053660483	6	6
perturb_expression_-0.05	housekeeping	ENSG00000142541	RPL13A	0.596533320135926	852.0	0.9575603431079194	6	6
perturb_expression_-0.05	housekeeping	ENSG00000144713	RPL32	0.551303753707374	1958.0	0.9024037502493517	6	6
perturb_expression_-0.05	housekeeping	ENSG00000150991	UBC	0.6450041206428048	348.0	0.9826949930181528	5	5
perturb_expression_-0.05	housekeeping	ENSG00000164924	YWHAZ	0.7149683654943563	65.0	0.9968082984240973	5	5
perturb_expression_-0.05	housekeeping	ENSG00000165704	HPRT1	0.4415639063646223	7189.0	0.6415320167564332	5	5
perturb_expression_-0.05	housekeeping	ENSG00000166710	B2M	0.50592004919824	3826.0	0.809245960502693	6	6
perturb_expression_-0.05	housekeeping	ENSG00000196262	PPIA	0.6519322050964843	308.0	0.984689806503092	5	5
perturb_expression_+0.05	usher	ENSG00000006611	USH1C	0.5219514881259307	3568.0	0.8221125074805505	6	6
perturb_expression_+0.05	usher	ENSG00000042781	USH2A	0.6878529329955299	168.0	0.991671653700379	5	5
perturb_expression_+0.05	usher	ENSG00000095397	WHRN	0.6365477191884216	484.0	0.9759126271693597	5	5
perturb_expression_+0.05	usher	ENSG00000107736	CDH23	0.7089974253660689	88.0	0.9956612806702573	5	5
perturb_expression_+0.05	usher	ENSG00000137474	MYO7A	0.6655669846285801	270.0	0.9865848793137841	5	5
perturb_expression_+0.05	usher	ENSG00000150275	PCDH15	0.7223220781783877	58.0	0.9971573907839617	5	5
perturb_expression_+0.05	usher	ENSG00000163646	CLRN1	0.5193274015266478	3704.0	0.8153301416317574	5	5
perturb_expression_+0.05	usher	ENSG00000164199	ADGRV1	0.6459575313685217	429.0	0.978655495711151	6	6
perturb_expression_+0.05	usher	ENSG00000182040	USH1G	0.522310130176349	3548.0	0.8231099142230202	5	5
perturb_expression_+0.05	syscilia	ENSG00000011143	MKS1	0.5031484082970903	4503.0	0.7754837422700978	6	6
perturb_expression_+0.05	syscilia	ENSG00000032742	IFT88	0.6416053132864933	460.0	0.9771095152603232	6	6
perturb_expression_+0.05	syscilia	ENSG00000046651	OFD1	0.5911157229713289	1166.0	0.941901057251147	5	5
perturb_expression_+0.05	syscilia	ENSG00000048342	CC2D2A	0.5975958378003082	1013.0	0.9495312188310393	6	6
perturb_expression_+0.05	syscilia	ENSG00000103494	RPGRIP1L	0.5616528432972132	1941.0	0.9032515459804509	6	6
perturb_expression_+0.05	syscilia	ENSG00000110274	CEP164	0.6490877466510675	399.0	0.9801516058248554	6	6
perturb_expression_+0.05	syscilia	ENSG00000113971	NPHP3	0.5483473934067564	2410.0	0.8798623578695391	6	6
perturb_expression_+0.05	syscilia	ENSG00000122507	BBS9	0.5525496160036578	2240.0	0.8883403151805306	6	6
perturb_expression_+0.05	syscilia	ENSG00000125124	BBS2	0.5676156790404961	1772.0	0.9116796329543188	6	6
perturb_expression_+0.05	syscilia	ENSG00000131697	NPHP4	0.571954802753429	1638.0	0.918362258128865	6	6
perturb_expression_+0.05	syscilia	ENSG00000138002	IFT172	0.6345219915015283	501.0	0.9750648314382605	6	6
perturb_expression_+0.05	syscilia	ENSG00000138686	BBS7	0.5839210258503618	1334.0	0.9335228406144026	6	6
perturb_expression_+0.05	syscilia	ENSG00000140463	BBS4	0.5783995122026259	1480.0	0.9262417713943746	6	6
perturb_expression_+0.05	syscilia	ENSG00000144061	NPHP1	0.5531121852881534	2220.0	0.8893377219230002	6	6
perturb_expression_+0.05	syscilia	ENSG00000148384	INPP5E	0.5975492311820588	1016.0	0.9493816078196688	6	6
perturb_expression_+0.05	syscilia	ENSG00000149483	TMEM138	0.5179588946886942	3778.0	0.81163973668462	6	6
perturb_expression_+0.05	syscilia	ENSG00000156313	RPGR	0.5103773843981748	4120.0	0.7945840813883902	5	5
perturb_expression_+0.05	syscilia	ENSG00000163093	BBS5	0.5939978823503589	1099.0	0.9452423698384201	6	6
perturb_expression_+0.05	syscilia	ENSG00000164953	TMEM67	0.5282481475505648	3255.0	0.8377219230001994	6	6
perturb_expression_+0.05	syscilia	ENSG00000168778	TCTN2	0.5028100974121353	4523.0	0.7744863355276281	6	6
perturb_expression_+0.05	syscilia	ENSG00000169379	ARL13B	0.6231689383443831	630.0	0.9686315579493318	6	6
perturb_expression_+0.05	syscilia	ENSG00000174483	BBS1	0.6188582062617455	680.0	0.9661380410931578	6	6
perturb_expression_+0.05	syscilia	ENSG00000179941	BBS10	0.4600511358775315	6830.0	0.6594354677837622	6	6
perturb_expression_+0.05	syscilia	ENSG00000187049	TMEM216	0.5162016597130689	3864.0	0.8073508876920008	6	6
perturb_expression_+0.05	syscilia	ENSG00000187535	IFT140	0.5150544939292447	3921.0	0.8045082784759625	6	6
perturb_expression_+0.05	syscilia	ENSG00000198707	CEP290	0.6971811920521372	131.0	0.9935168561739477	6	6
perturb_expression_+0.05	syscilia	ENSG00000204852	TCTN1	0.5141644216161674	3961.0	0.8025134649910234	6	6
perturb_expression_+0.05	syscilia	ENSG00000205084	TMEM231	0.441937745951291	7850.0	0.6085677239178137	6	6
perturb_expression_+0.05	housekeeping	ENSG00000073578	SDHA	0.5075408942370919	4259.0	0.7876521045282266	6	6
perturb_expression_+0.05	housekeeping	ENSG00000075624	ACTB	0.7154406235696943	73.0	0.9964093357271095	5	5
perturb_expression_+0.05	housekeeping	ENSG00000089157	RPLP0	0.5969692082310304	1029.0	0.9487332934370636	6	6
perturb_expression_+0.05	housekeeping	ENSG00000102144	PGK1	0.6362224131893931	490.0	0.9756134051466188	4	4
perturb_expression_+0.05	housekeeping	ENSG00000111640	GAPDH	0.5597687910883973	2017.0	0.8994614003590664	6	6
perturb_expression_+0.05	housekeeping	ENSG00000112592	TBP	0.4799339190230547	5709.0	0.7153401156991821	6	6
perturb_expression_+0.05	housekeeping	ENSG00000142541	RPL13A	0.6121948958546094	760.0	0.9621484141232794	6	6
perturb_expression_+0.05	housekeeping	ENSG00000144713	RPL32	0.5651150865675916	1851.0	0.9077398763215639	6	6
perturb_expression_+0.05	housekeeping	ENSG00000150991	UBC	0.6369322118631184	482.0	0.9760123678436067	5	5
perturb_expression_+0.05	housekeeping	ENSG00000164924	YWHAZ	0.7060453044623785	103.0	0.9949132256134051	5	5
perturb_expression_+0.05	housekeeping	ENSG00000165704	HPRT1	0.47573760282642663	5942.0	0.7037203271494116	5	5
perturb_expression_+0.05	housekeeping	ENSG00000166710	B2M	0.5188299318265729	3727.0	0.8141831238779175	6	6
perturb_expression_+0.05	housekeeping	ENSG00000196262	PPIA	0.6518110790969246	373.0	0.9814482345900658	5	5
perturb_expression_+0.10	usher	ENSG00000006611	USH1C	0.5167791217482661	4079.0	0.7966287652104528	6	6
perturb_expression_+0.10	usher	ENSG00000042781	USH2A	0.6869778400732411	191.0	0.990524635946539	5	5
perturb_expression_+0.10	usher	ENSG00000095397	WHRN	0.6360128643754567	537.0	0.9732694993018153	5	5
perturb_expression_+0.10	usher	ENSG00000107736	CDH23	0.7057589378697225	118.0	0.994165170556553	5	5
perturb_expression_+0.10	usher	ENSG00000137474	MYO7A	0.6601010511656658	354.0	0.982395770995412	5	5
perturb_expression_+0.10	usher	ENSG00000150275	PCDH15	0.7262247424744606	59.0	0.9971075204468383	5	5
perturb_expression_+0.10	usher	ENSG00000163646	CLRN1	0.5125648443685381	4294.0	0.7859066427289049	5	5
perturb_expression_+0.10	usher	ENSG00000164199	ADGRV1	0.6563154970609072	386.0	0.9807999202074607	6	6
perturb_expression_+0.10	usher	ENSG00000182040	USH1G	0.5179576937142637	4021.0	0.7995212447636146	5	5
perturb_expression_+0.10	syscilia	ENSG00000011143	MKS1	0.49790714250495766	5014.0	0.75	6	6
perturb_expression_+0.10	syscilia	ENSG00000032742	IFT88	0.6405908735150881	494.0	0.9754139237981249	6	6
perturb_expression_+0.10	syscilia	ENSG00000046651	OFD1	0.5884363789978914	1341.0	0.9331737482545382	5	5
perturb_expression_+0.10	syscilia	ENSG00000048342	CC2D2A	0.5970004789093637	1154.0	0.9424995012966287	6	6
perturb_expression_+0.10	syscilia	ENSG00000103494	RPGRIP1L	0.5610494041280406	2144.0	0.8931278675443846	6	6
perturb_expression_+0.10	syscilia	ENSG00000110274	CEP164	0.6488989826170714	438.0	0.9782066626770397	6	6
perturb_expression_+0.10	syscilia	ENSG00000113971	NPHP3	0.5498868704450024	2547.0	0.8730301216836226	6	6
perturb_expression_+0.10	syscilia	ENSG00000122507	BBS9	0.5553725166311895	2347.0	0.8830041891083183	6	6
perturb_expression_+0.10	syscilia	ENSG00000125124	BBS2	0.5617841916860634	2111.0	0.8947735886694594	6	6
perturb_expression_+0.10	syscilia	ENSG00000131697	NPHP4	0.5709016580061668	1824.0	0.9090863754238979	6	6
perturb_expression_+0.10	syscilia	ENSG00000138002	IFT172	0.6353089405768181	547.0	0.9727707959305805	6	6
perturb_expression_+0.10	syscilia	ENSG00000138686	BBS7	0.5839383570223237	1463.0	0.9270895671254737	6	6
perturb_expression_+0.10	syscilia	ENSG00000140463	BBS4	0.5760908765933521	1683.0	0.9161180929583084	6	6
perturb_expression_+0.10	syscilia	ENSG00000144061	NPHP1	0.5544466963013428	2383.0	0.8812088569718731	6	6
perturb_expression_+0.10	syscilia	ENSG00000148384	INPP5E	0.5985547157658254	1107.0	0.9448434071414322	6	6
perturb_expression_+0.10	syscilia	ENSG00000149483	TMEM138	0.5208943556088192	3870.0	0.8070516656692599	6	6
perturb_expression_+0.10	syscilia	ENSG00000156313	RPGR	0.5135336221358675	4235.0	0.7888489926191901	5	5
perturb_expression_+0.10	syscilia	ENSG00000163093	BBS5	0.594364956252477	1207.0	0.9398563734290843	6	6
perturb_expression_+0.10	syscilia	ENSG00000164953	TMEM67	0.5298026326720254	3441.0	0.8284460402952324	6	6
perturb_expression_+0.10	syscilia	ENSG00000168778	TCTN2	0.4973123365240463	5043.0	0.7485537602234191	6	6
perturb_expression_+0.10	syscilia	ENSG00000169379	ARL13B	0.6229183351425229	706.0	0.9648414123279473	6	6
perturb_expression_+0.10	syscilia	ENSG00000174483	BBS1	0.6179747234284844	776.0	0.9613504887293038	6	6
perturb_expression_+0.10	syscilia	ENSG00000179941	BBS10	0.45986839600407325	7159.0	0.6430281268701377	6	6
perturb_expression_+0.10	syscilia	ENSG00000187049	TMEM216	0.5135240901318211	4236.0	0.7887991222820666	6	6
perturb_expression_+0.10	syscilia	ENSG00000187535	IFT140	0.5145284703002413	4185.0	0.7913425094753641	6	6
perturb_expression_+0.10	syscilia	ENSG00000198707	CEP290	0.6869216574426521	193.0	0.990424895272292	6	6
perturb_expression_+0.10	syscilia	ENSG00000204852	TCTN1	0.5148106135753239	4170.0	0.7920905645322163	6	6
perturb_expression_+0.10	syscilia	ENSG00000205084	TMEM231	0.44098663310147307	8199.0	0.5911629762617195	6	6
perturb_expression_+0.10	housekeeping	ENSG00000073578	SDHA	0.5119161955906175	4326.0	0.7843107919409535	6	6
perturb_expression_+0.10	housekeeping	ENSG00000075624	ACTB	0.7102486334780708	103.0	0.9949132256134051	5	5
perturb_expression_+0.10	housekeeping	ENSG00000089157	RPLP0	0.6014264823534344	1046.0	0.9478854977059645	6	6
perturb_expression_+0.10	housekeeping	ENSG00000102144	PGK1	0.6409364050049847	492.0	0.9755136644723719	4	4
perturb_expression_+0.10	housekeeping	ENSG00000111640	GAPDH	0.5632409111052383	2065.0	0.8970676241771395	6	6
perturb_expression_+0.10	housekeeping	ENSG00000112592	TBP	0.4841924376428639	5782.0	0.7116995810891682	6	6
perturb_expression_+0.10	housekeeping	ENSG00000142541	RPL13A	0.6189578490058588	763.0	0.961998803111909	6	6
perturb_expression_+0.10	housekeeping	ENSG00000144713	RPL32	0.5710790712117764	1818.0	0.9093855974466387	6	6
perturb_expression_+0.10	housekeeping	ENSG00000150991	UBC	0.6335335134295663	568.0	0.9717235188509874	5	5
perturb_expression_+0.10	housekeeping	ENSG00000164924	YWHAZ	0.7022882261331245	130.0	0.9935667265110713	5	5
perturb_expression_+0.10	housekeeping	ENSG00000165704	HPRT1	0.48997664301884497	5437.0	0.7289048473967684	5	5
perturb_expression_+0.10	housekeeping	ENSG00000166710	B2M	0.5244046538706256	3687.0	0.8161779373628566	6	6
perturb_expression_+0.10	housekeeping	ENSG00000196262	PPIA	0.6517600786760572	416.0	0.9793038100937562	5	5
single_annotation	usher	ENSG00000006611	USH1C	0.8378960477989184	1753.0	0.9052380705662919	6	1
single_annotation	usher	ENSG00000042781	USH2A	0.6158229036156417	11508.0	0.40308792290554896	5	1
single_annotation	usher	ENSG00000095397	WHRN	0.8361058377890631	1843.0	0.9013004507538469	5	1
single_annotation	usher	ENSG00000107736	CDH23	0.8061660593528388	3756.0	0.7978343091031552	5	1
single_annotation	usher	ENSG00000137474	MYO7A	0.8540204021539028	1180.0	0.9378788663799803	5	1
single_annotation	usher	ENSG00000150275	PCDH15	0.792355727029477	5002.0	0.7354541215481063	5	1
single_annotation	usher	ENSG00000163646	CLRN1	0.5722302219280712	12869.0	0.33169265841148127	5	1
single_annotation	usher	ENSG00000164199	ADGRV1	0.8610830021641116	953.0	0.9500025905393503	6	1
single_annotation	usher	ENSG00000182040	USH1G	0.813507510149206	3308.0	0.8274182684834983	5	1
single_annotation	syscilia	ENSG00000011143	MKS1	0.7683708261338531	6911.0	0.6221439303663022	6	1
single_annotation	syscilia	ENSG00000032742	IFT88	0.8342779363918444	1909.0	0.897000155432361	6	1
single_annotation	syscilia	ENSG00000046651	OFD1	0.8111286734140148	3338.0	0.8177296513134035	5	1
single_annotation	syscilia	ENSG00000048342	CC2D2A	0.7509481730533296	8328.0	0.5515258276773224	6	1
single_annotation	syscilia	ENSG00000103494	RPGRIP1L	0.7828748141529693	5725.0	0.6906377907880421	6	1
single_annotation	syscilia	ENSG00000110274	CEP164	0.7600957952732246	7717.0	0.5863426765452567	6	1
single_annotation	syscilia	ENSG00000113971	NPHP3	0.8202762956339098	2703.0	0.8549816071706129	6	1
single_annotation	syscilia	ENSG00000122507	BBS9	0.792355727029477	4934.0	0.7354541215481063	6	1
single_annotation	syscilia	ENSG00000125124	BBS2	0.8378960477989184	1788.0	0.9052380705662919	6	1
single_annotation	syscilia	ENSG00000131697	NPHP4	0.8061660593528388	3787.0	0.7978343091031552	6	1
single_annotation	syscilia	ENSG00000138002	IFT172	0.7828748141529693	5807.0	0.6906377907880421	6	1
single_annotation	syscilia	ENSG00000138686	BBS7	0.8202762956339098	2735.0	0.8549816071706129	6	1
single_annotation	syscilia	ENSG00000140463	BBS4	0.877138349672627	564.0	0.970053365110616	6	1
single_annotation	syscilia	ENSG00000144061	NPHP1	0.7952991312588615	4723.0	0.7493394124656754	6	1
single_annotation	syscilia	ENSG00000148384	INPP5E	0.8158229036156417	3079.0	0.837106885653593	6	1
single_annotation	syscilia	ENSG00000149483	TMEM138	0.46894802389945917	15841.0	0.17610486503289985	6	1
single_annotation	syscilia	ENSG00000156313	RPGR	0.6111286734140148	11578.0	0.39972022175016836	5	1
single_annotation	syscilia	ENSG00000163093	BBS5	0.792355727029477	5027.0	0.7354541215481063	6	1
single_annotation	syscilia	ENSG00000164953	TMEM67	0.7828748141529693	5890.0	0.6906377907880421	6	1
single_annotation	syscilia	ENSG00000168778	TCTN2	0.7556424032549565	8236.0	0.5688306305372779	6	1
single_annotation	syscilia	ENSG00000169379	ARL13B	0.8202762956339098	2764.0	0.8549816071706129	6	1
single_annotation	syscilia	ENSG00000174483	BBS1	0.8224201603463086	2626.0	0.8623905497124501	6	1
single_annotation	syscilia	ENSG00000179941	BBS10	0.7226943137922841	9889.0	0.48525983109683435	6	1
single_annotation	syscilia	ENSG00000187049	TMEM216	0.7643318602457814	7588.0	0.6047873167193409	6	1
single_annotation	syscilia	ENSG00000187535	IFT140	0.813507510149206	3315.0	0.8274182684834983	6	1
single_annotation	syscilia	ENSG00000198707	CEP290	0.8324107222887565	2067.0	0.8928552924718927	6	1
single_annotation	syscilia	ENSG00000204852	TCTN1	0.7509481730533296	8629.0	0.5515258276773224	6	1
single_annotation	syscilia	ENSG00000205084	TMEM231	0.5600957952732246	13362.0	0.3072897777317237	6	1
single_annotation	housekeeping	ENSG00000073578	SDHA	0.8111286734140148	3348.0	0.8177296513134035	6	1
single_annotation	housekeeping	ENSG00000075624	ACTB	0.9112067399619639	136.0	0.992850111393192	5	1
single_annotation	housekeeping	ENSG00000089157	RPLP0	0.813507510149206	3177.0	0.8274182684834983	6	1
single_annotation	housekeeping	ENSG00000102144	PGK1	0.8285513264945383	2189.0	0.8822858919226984	4	1
single_annotation	housekeeping	ENSG00000111640	GAPDH	0.8554796316195468	1105.0	0.9405212165172789	6	1
single_annotation	housekeeping	ENSG00000112592	TBP	0.8463320093996518	1413.0	0.9247707372674991	6	1
single_annotation	housekeeping	ENSG00000142541	RPL13A	0.8361058377890631	1870.0	0.9013004507538469	6	1
single_annotation	housekeeping	ENSG00000144713	RPL32	0.7759253374283779	6460.0	0.6578933734003419	6	1
single_annotation	housekeeping	ENSG00000150991	UBC	0.7722302219280712	6777.0	0.6424019480855914	5	1
single_annotation	housekeeping	ENSG00000164924	YWHAZ	0.8510262396012787	1293.0	0.9321796798093364	5	1
single_annotation	housekeeping	ENSG00000165704	HPRT1	0.8224201603463086	2608.0	0.8623905497124501	5	1
single_annotation	housekeeping	ENSG00000166710	B2M	0.8760034039763271	595.0	0.969017149370499	6	1
single_annotation	housekeeping	ENSG00000196262	PPIA	0.8663465597135243	802.0	0.9581368840992694	5	1
loo_annotation	usher	ENSG00000006611	USH1C	0.47289021643708656	3670.0	0.8170257330939558	6	5
loo_annotation	usher	ENSG00000042781	USH2A	0.7044755654000404	50.0	0.9975563534809495	5	4
loo_annotation	usher	ENSG00000095397	WHRN	0.5945111395915932	567.0	0.971773389188111	5	4
loo_annotation	usher	ENSG00000107736	CDH23	0.6925706653996595	67.0	0.9967085577498503	5	4
loo_annotation	usher	ENSG00000137474	MYO7A	0.6326021620013946	297.0	0.9852383802114503	5	4
loo_annotation	usher	ENSG00000150275	PCDH15	0.7020183947370552	53.0	0.997406742469579	5	4
loo_annotation	usher	ENSG00000163646	CLRN1	0.5171688390123486	2018.0	0.899411530021943	5	4
loo_annotation	usher	ENSG00000164199	ADGRV1	0.5945897868026833	566.0	0.9718232595252344	6	5
loo_annotation	usher	ENSG00000182040	USH1G	0.4658175696664237	4025.0	0.7993217634151207	5	4
loo_annotation	syscilia	ENSG00000011143	MKS1	0.46312726676277416	4162.0	0.7924895272292041	6	5
loo_annotation	syscilia	ENSG00000032742	IFT88	0.6089170665603085	443.0	0.9779573109914224	6	5
loo_annotation	syscilia	ENSG00000046651	OFD1	0.5440533645246992	1266.0	0.9369140235387992	5	4
loo_annotation	syscilia	ENSG00000048342	CC2D2A	0.571304125438056	807.0	0.959804508278476	6	5
loo_annotation	syscilia	ENSG00000103494	RPGRIP1L	0.5233945932474795	1818.0	0.9093855974466387	6	5
loo_annotation	syscilia	ENSG00000110274	CEP164	0.6297423738793876	316.0	0.9842908438061041	6	5
loo_annotation	syscilia	ENSG00000113971	NPHP3	0.4983676756701168	2627.0	0.8690404947137442	6	5
loo_annotation	syscilia	ENSG00000122507	BBS9	0.506577725010531	2354.0	0.882655096748454	6	5
loo_annotation	syscilia	ENSG00000125124	BBS2	0.5274657740712166	1703.0	0.9151206862158389	6	5
loo_annotation	syscilia	ENSG00000131697	NPHP4	0.5319862977323431	1598.0	0.9203570716138041	6	5
loo_annotation	syscilia	ENSG00000138002	IFT172	0.6073236769361932	455.0	0.9773588669459405	6	5
loo_annotation	syscilia	ENSG00000138686	BBS7	0.542188843783667	1323.0	0.9340714143227609	6	5
loo_annotation	syscilia	ENSG00000140463	BBS4	0.5286685399081562	1673.0	0.9166167963295432	6	5
loo_annotation	syscilia	ENSG00000144061	NPHP1	0.5086462982174305	2283.0	0.886195890684221	6	5
loo_annotation	syscilia	ENSG00000148384	INPP5E	0.5577291324677284	1017.0	0.9493317374825454	6	5
loo_annotation	syscilia	ENSG00000149483	TMEM138	0.5228090401078086	1835.0	0.9085378017155396	6	5
loo_annotation	syscilia	ENSG00000156313	RPGR	0.48275691160386774	3239.0	0.8385198483941751	5	4
loo_annotation	syscilia	ENSG00000163093	BBS5	0.5585185200042438	1006.0	0.9498803111909037	6	5
loo_annotation	syscilia	ENSG00000164953	TMEM67	0.48130234328707366	3301.0	0.8354278874925194	6	5
loo_annotation	syscilia	ENSG00000168778	TCTN2	0.4653073810597524	4062.0	0.797476560941552	6	5
loo_annotation	syscilia	ENSG00000169379	ARL13B	0.5887095970839327	623.0	0.9689806503091961	6	5
loo_annotation	syscilia	ENSG00000174483	BBS1	0.5840788392075132	673.0	0.9664871334530222	6	5
loo_annotation	syscilia	ENSG00000179941	BBS10	0.4139388266699915	6595.0	0.6711549970077798	6	5
loo_annotation	syscilia	ENSG00000187049	TMEM216	0.47587906731244	3539.0	0.8235587472571314	6	5
loo_annotation	syscilia	ENSG00000187535	IFT140	0.4630670510573738	4164.0	0.7923897865549571	6	5
loo_annotation	syscilia	ENSG00000198707	CEP290	0.6865942020932438	82.0	0.9959605026929982	6	5
loo_annotation	syscilia	ENSG00000204852	TCTN1	0.47154280529775944	3741.0	0.8134849391581888	6	5
loo_annotation	syscilia	ENSG00000205084	TMEM231	0.4223171774060081	6183.0	0.6917015759026531	6	5
loo_annotation	housekeeping	ENSG00000073578	SDHA	0.4483044255718957	4877.0	0.7568322361859167	6	5
loo_annotation	housekeeping	ENSG00000075624	ACTB	0.6805370137528396	94.0	0.9953620586475165	5	4
loo_annotation	housekeeping	ENSG00000089157	RPLP0	0.5529883296164764	1109.0	0.9447436664671853	6	5
loo_annotation	housekeeping	ENSG00000102144	PGK1	0.5714527514744618	804.0	0.9599541192898464	4	3
loo_annotation	housekeeping	ENSG00000111640	GAPDH	0.5030911933258116	2456.0	0.8775683223618592	6	5
loo_annotation	housekeeping	ENSG00000112592	TBP	0.4097644083897843	6823.0	0.6597845601436265	6	5
loo_annotation	housekeeping	ENSG00000142541	RPL13A	0.5639291431998533	923.0	0.9540195491721524	6	5
loo_annotation	housekeeping	ENSG00000144713	RPL32	0.5201951798173311	1916.0	0.9044983044085378	6	5
loo_annotation	housekeeping	ENSG00000150991	UBC	0.6125523004375921	410.0	0.9796030321164971	5	4
loo_annotation	housekeeping	ENSG00000164924	YWHAZ	0.6800768532366014	97.0	0.995212447636146	5	4
loo_annotation	housekeeping	ENSG00000165704	HPRT1	0.37601834159387443	8612.0	0.5705665270297228	5	4
loo_annotation	housekeeping	ENSG00000166710	B2M	0.44858497291960664	4865.0	0.7574306802313984	6	5
loo_annotation	housekeeping	ENSG00000196262	PPIA	0.6059084052502587	470.0	0.9766108118890884	5	4
perturb_annotation_-0.10	usher	ENSG00000006611	USH1C	0.4931683181794106	3416.0	0.8296927987233194	6	6
perturb_annotation_-0.10	usher	ENSG00000042781	USH2A	0.698565387947747	68.0	0.9966586874127269	5	5
perturb_annotation_-0.10	usher	ENSG00000095397	WHRN	0.6106174528047578	511.0	0.9745661280670257	5	5
perturb_annotation_-0.10	usher	ENSG00000107736	CDH23	0.7001436916632048	64.0	0.9968581687612208	5	5
perturb_annotation_-0.10	usher	ENSG00000137474	MYO7A	0.6473633780115617	257.0	0.9872331936963894	5	5
perturb_annotation_-0.10	usher	ENSG00000150275	PCDH15	0.7080408835565498	53.0	0.997406742469579	5	5
perturb_annotation_-0.10	usher	ENSG00000163646	CLRN1	0.5208395978733967	2315.0	0.8846000398962697	5	5
perturb_annotation_-0.10	usher	ENSG00000164199	ADGRV1	0.6093949654338737	521.0	0.974067424695791	6	6
perturb_annotation_-0.10	usher	ENSG00000182040	USH1G	0.4889968990319425	3618.0	0.8196189906243766	5	5
perturb_annotation_-0.10	syscilia	ENSG00000011143	MKS1	0.4800852422833897	4040.0	0.7985737083582685	6	6
perturb_annotation_-0.10	syscilia	ENSG00000032742	IFT88	0.6214371148842828	424.0	0.9789048473967684	6	6
perturb_annotation_-0.10	syscilia	ENSG00000046651	OFD1	0.5631301723025075	1138.0	0.9432974266906045	5	5
perturb_annotation_-0.10	syscilia	ENSG00000048342	CC2D2A	0.5812843503055712	831.0	0.9586076201875124	6	6
perturb_annotation_-0.10	syscilia	ENSG00000103494	RPGRIP1L	0.5378101610755622	1782.0	0.9111809295830839	6	6
perturb_annotation_-0.10	syscilia	ENSG00000110274	CEP164	0.6369842306234897	320.0	0.9840913624576102	6	6
perturb_annotation_-0.10	syscilia	ENSG00000113971	NPHP3	0.5162514878903276	2483.0	0.8762218232595252	6	6
perturb_annotation_-0.10	syscilia	ENSG00000122507	BBS9	0.5224542806782503	2262.0	0.8872431677638141	6	6
perturb_annotation_-0.10	syscilia	ENSG00000125124	BBS2	0.5447119003894222	1592.0	0.920656293636545	6	6
perturb_annotation_-0.10	syscilia	ENSG00000131697	NPHP4	0.5472185067112595	1526.0	0.9239477358866945	6	6
perturb_annotation_-0.10	syscilia	ENSG00000138002	IFT172	0.6170765178926807	464.0	0.9769100339118293	6	6
perturb_annotation_-0.10	syscilia	ENSG00000138686	BBS7	0.5576381466642361	1257.0	0.9373628565729104	6	6
perturb_annotation_-0.10	syscilia	ENSG00000140463	BBS4	0.5480279737839602	1499.0	0.9252942349890285	6	6
perturb_annotation_-0.10	syscilia	ENSG00000144061	NPHP1	0.5245714556086211	2193.0	0.8906842210253342	6	6
perturb_annotation_-0.10	syscilia	ENSG00000148384	INPP5E	0.5720676753092792	976.0	0.951376421304608	6	6
perturb_annotation_-0.10	syscilia	ENSG00000149483	TMEM138	0.5198167614295671	2353.0	0.8827049670855776	6	6
perturb_annotation_-0.10	syscilia	ENSG00000156313	RPGR	0.4919263231617354	3468.0	0.8270995411928984	5	5
perturb_annotation_-0.10	syscilia	ENSG00000163093	BBS5	0.5715094759500902	991.0	0.9506283662477558	6	6
perturb_annotation_-0.10	syscilia	ENSG00000164953	TMEM67	0.4980563694462901	3222.0	0.8393676441252743	6	6
perturb_annotation_-0.10	syscilia	ENSG00000168778	TCTN2	0.4814371045150415	3967.0	0.8022142429682825	6	6
perturb_annotation_-0.10	syscilia	ENSG00000169379	ARL13B	0.6015744136700424	606.0	0.9698284460402953	6	6
perturb_annotation_-0.10	syscilia	ENSG00000174483	BBS1	0.5973200237152242	642.0	0.9680331139038499	6	6
perturb_annotation_-0.10	syscilia	ENSG00000179941	BBS10	0.43109190928789665	6518.0	0.6749950129662876	6	6
perturb_annotation_-0.10	syscilia	ENSG00000187049	TMEM216	0.4919042224754034	3469.0	0.827049670855775	6	6
perturb_annotation_-0.10	syscilia	ENSG00000187535	IFT140	0.4825359654513645	3906.0	0.8052563335328147	6	6
perturb_annotation_-0.10	syscilia	ENSG00000198707	CEP290	0.6946951198818835	77.0	0.9962098543786156	6	6
perturb_annotation_-0.10	syscilia	ENSG00000204852	TCTN1	0.4870653257286245	3698.0	0.8156293636544983	6	6
perturb_annotation_-0.10	syscilia	ENSG00000205084	TMEM231	0.42997154506529794	6584.0	0.6717035707161381	6	6
perturb_annotation_-0.10	housekeeping	ENSG00000073578	SDHA	0.46846132822979125	4610.0	0.7701476161978855	6	6
perturb_annotation_-0.10	housekeeping	ENSG00000075624	ACTB	0.6959149955001146	73.0	0.9964093357271095	5	5
perturb_annotation_-0.10	housekeeping	ENSG00000089157	RPLP0	0.5674616174238503	1066.0	0.9468880909634949	6	6
perturb_annotation_-0.10	housekeeping	ENSG00000102144	PGK1	0.5948253492035596	662.0	0.9670357071613804	4	4
perturb_annotation_-0.10	housekeeping	ENSG00000111640	GAPDH	0.5226683287865749	2254.0	0.8876421304608019	6	6
perturb_annotation_-0.10	housekeeping	ENSG00000112592	TBP	0.4340181640014436	6363.0	0.6827249152204269	6	6
perturb_annotation_-0.10	housekeeping	ENSG00000142541	RPL13A	0.5790500706770316	864.0	0.9569618990624377	6	6
perturb_annotation_-0.10	housekeeping	ENSG00000144713	RPL32	0.5344024107957227	1876.0	0.906493117893477	6	6
perturb_annotation_-0.10	housekeeping	ENSG00000150991	UBC	0.623197495203624	403.0	0.9799521244763615	5	5
perturb_annotation_-0.10	housekeeping	ENSG00000164924	YWHAZ	0.6914734789942465	84.0	0.9958607620187513	5	5
perturb_annotation_-0.10	housekeeping	ENSG00000165704	HPRT1	0.4079041857904768	7790.0	0.6115599441452224	5	5
perturb_annotation_-0.10	housekeeping	ENSG00000166710	B2M	0.4723304413116467	4419.0	0.77967285058847	6	6
perturb_annotation_-0.10	housekeeping	ENSG00000196262	PPIA	0.6232709488811431	401.0	0.9800518651506084	5	5
perturb_annotation_-0.05	usher	ENSG00000006611	USH1C	0.5113118828962268	3237.0	0.8386195890684222	6	6
perturb_annotation_-0.05	usher	ENSG00000042781	USH2A	0.6933939826769906	100.0	0.9950628366247756	5	5
perturb_annotation_-0.05	usher	ENSG00000095397	WHRN	0.6247104768662769	478.0	0.9762118491921006	5	5
perturb_annotation_-0.05	usher	ENSG00000107736	CDH23	0.7067700896438069	66.0	0.9967584280869739	5	5
perturb_annotation_-0.05	usher	ENSG00000137474	MYO7A	0.6602794420204581	230.0	0.9885796927987233	5	5
perturb_annotation_-0.05	usher	ENSG00000150275	PCDH15	0.7133105612736078	55.0	0.9973070017953322	5	5
perturb_annotation_-0.05	usher	ENSG00000163646	CLRN1	0.5240515118768139	2686.0	0.866098144823459	5	5
perturb_annotation_-0.05	usher	ENSG00000164199	ADGRV1	0.6226417042091493	492.0	0.9755136644723719	6	6
perturb_annotation_-0.05	usher	ENSG00000182040	USH1G	0.5092788122267714	3323.0	0.8343307400758029	5	5
perturb_annotation_-0.05	syscilia	ENSG00000011143	MKS1	0.4952581677492035	3981.0	0.8015160582485538	6	6
perturb_annotation_-0.05	syscilia	ENSG00000032742	IFT88	0.6326392633846807	410.0	0.9796030321164971	6	6
perturb_annotation_-0.05	syscilia	ENSG00000046651	OFD1	0.5796634057099412	1059.0	0.9472371833233593	5	5
perturb_annotation_-0.05	syscilia	ENSG00000048342	CC2D2A	0.5902140251870321	864.0	0.9569618990624377	6	6
perturb_annotation_-0.05	syscilia	ENSG00000103494	RPGRIP1L	0.5507083007112153	1762.0	0.9121783363255536	6	6
perturb_annotation_-0.05	syscilia	ENSG00000110274	CEP164	0.6434637866576862	337.0	0.983243566726511	6	6
perturb_annotation_-0.05	syscilia	ENSG00000113971	NPHP3	0.5322527935610424	2340.0	0.8833532814681827	6	6
perturb_annotation_-0.05	syscilia	ENSG00000122507	BBS9	0.5366596199598938	2203.0	0.8901855176540994	6	6
perturb_annotation_-0.05	syscilia	ENSG00000125124	BBS2	0.5601426449899221	1512.0	0.9246459206064233	6	6
perturb_annotation_-0.05	syscilia	ENSG00000131697	NPHP4	0.5608473252713426	1494.0	0.9255435866746459	6	6
perturb_annotation_-0.05	syscilia	ENSG00000138002	IFT172	0.6258027440116433	471.0	0.9765609415519649	6	6
perturb_annotation_-0.05	syscilia	ENSG00000138686	BBS7	0.5714612071363241	1225.0	0.9389587073608617	6	6
perturb_annotation_-0.05	syscilia	ENSG00000140463	BBS4	0.5653495725149427	1387.0	0.9308797127468582	6	6
perturb_annotation_-0.05	syscilia	ENSG00000144061	NPHP1	0.5388202806428442	2135.0	0.8935767005784959	6	6
perturb_annotation_-0.05	syscilia	ENSG00000148384	INPP5E	0.5848968978517192	965.0	0.9519249950129662	6	6
perturb_annotation_-0.05	syscilia	ENSG00000149483	TMEM138	0.5171394594542982	2980.0	0.8514362657091562	6	6
perturb_annotation_-0.05	syscilia	ENSG00000156313	RPGR	0.49987314651188725	3761.0	0.8124875324157191	5	5
perturb_annotation_-0.05	syscilia	ENSG00000163093	BBS5	0.5831329628490052	998.0	0.9502792738878915	6	6
perturb_annotation_-0.05	syscilia	ENSG00000164953	TMEM67	0.5130468139045363	3157.0	0.8426092160383004	6	6
perturb_annotation_-0.05	syscilia	ENSG00000168778	TCTN2	0.49586896234345806	3954.0	0.8028625573508877	6	6
perturb_annotation_-0.05	syscilia	ENSG00000169379	ARL13B	0.6130850390365618	588.0	0.9707261121085179	6	6
perturb_annotation_-0.05	syscilia	ENSG00000174483	BBS1	0.6091673993273865	615.0	0.9693796130061839	6	6
perturb_annotation_-0.05	syscilia	ENSG00000179941	BBS10	0.4464394042618117	6513.0	0.6752443646519051	6	6
perturb_annotation_-0.05	syscilia	ENSG00000187049	TMEM216	0.5062425192001602	3455.0	0.8277478555755037	6	6
perturb_annotation_-0.05	syscilia	ENSG00000187535	IFT140	0.49995552043546143	3755.0	0.81278675443846	6	6
perturb_annotation_-0.05	syscilia	ENSG00000198707	CEP290	0.7019433094822451	82.0	0.9959605026929982	6	6
perturb_annotation_-0.05	syscilia	ENSG00000204852	TCTN1	0.500953896640451	3704.0	0.8153301416317574	6	6
perturb_annotation_-0.05	syscilia	ENSG00000205084	TMEM231	0.43682018981308346	7013.0	0.6503091960901656	6	6
perturb_annotation_-0.05	housekeeping	ENSG00000073578	SDHA	0.4864964516605398	4398.0	0.7807201276680631	6	6
perturb_annotation_-0.05	housekeeping	ENSG00000075624	ACTB	0.7093707295289803	63.0	0.9969080390983444	5	5
perturb_annotation_-0.05	housekeeping	ENSG00000089157	RPLP0	0.5804114012515005	1049.0	0.9477358866945941	6	6
perturb_annotation_-0.05	housekeeping	ENSG00000102144	PGK1	0.6143025139778079	578.0	0.9712248154797526	4	4
perturb_annotation_-0.05	housekeeping	ENSG00000111640	GAPDH	0.540184713146205	2097.0	0.8954717733891882	6	6
perturb_annotation_-0.05	housekeeping	ENSG00000112592	TBP	0.4557188927066124	5982.0	0.7017255136644723	6	6
perturb_annotation_-0.05	housekeeping	ENSG00000142541	RPL13A	0.5925793215776648	827.0	0.9588071015360063	6	6
perturb_annotation_-0.05	housekeeping	ENSG00000144713	RPL32	0.5471141437763887	1870.0	0.9067923399162179	6	6
perturb_annotation_-0.05	housekeeping	ENSG00000150991	UBC	0.632512040623902	411.0	0.9795531617793737	5	5
perturb_annotation_-0.05	housekeeping	ENSG00000164924	YWHAZ	0.7014455265321861	84.0	0.9958607620187513	5	5
perturb_annotation_-0.05	housekeeping	ENSG00000165704	HPRT1	0.43553858409419893	7078.0	0.6470676241771395	5	5
perturb_annotation_-0.05	housekeeping	ENSG00000166710	B2M	0.4935763867150509	4073.0	0.7969279872331937	6	6
perturb_annotation_-0.05	housekeeping	ENSG00000196262	PPIA	0.6384631745581668	365.0	0.9818471972870536	5	5
perturb_annotation_+0.05	usher	ENSG00000006611	USH1C	0.5424151366964831	2941.0	0.8533812088569719	6	6
perturb_annotation_+0.05	usher	ENSG00000042781	USH2A	0.6847749738923963	191.0	0.990524635946539	5	5
perturb_annotation_+0.05	usher	ENSG00000095397	WHRN	0.6481988503021421	413.0	0.9794534211051267	5	5
perturb_annotation_+0.05	usher	ENSG00000107736	CDH23	0.7178140862781438	75.0	0.9963095950528625	5	5
perturb_annotation_+0.05	usher	ENSG00000137474	MYO7A	0.6818062153686186	202.0	0.9899760622381807	5	5
perturb_annotation_+0.05	usher	ENSG00000150275	PCDH15	0.7220933574687044	64.0	0.9968581687612208	5	5
perturb_annotation_+0.05	usher	ENSG00000163646	CLRN1	0.5294047018825091	3517.0	0.824655894673848	5	5
perturb_annotation_+0.05	usher	ENSG00000164199	ADGRV1	0.6453503992524791	448.0	0.9777079593058049	6	6
perturb_annotation_+0.05	usher	ENSG00000182040	USH1G	0.5430820008848198	2904.0	0.8552264113305406	5	5
perturb_annotation_+0.05	syscilia	ENSG00000011143	MKS1	0.5212688971191701	3926.0	0.804258926790345	6	6
perturb_annotation_+0.05	syscilia	ENSG00000032742	IFT88	0.6518429465282201	394.0	0.9804009575104727	6	6
perturb_annotation_+0.05	syscilia	ENSG00000046651	OFD1	0.6068946136751263	958.0	0.9522740873728306	5	5
perturb_annotation_+0.05	syscilia	ENSG00000048342	CC2D2A	0.6055220392695366	987.0	0.9508278475962497	6	6
perturb_annotation_+0.05	syscilia	ENSG00000103494	RPGRIP1L	0.5728193972294775	1792.0	0.9106822262118492	6	6
perturb_annotation_+0.05	syscilia	ENSG00000110274	CEP164	0.6545715970020233	374.0	0.9813983642529424	6	6
perturb_annotation_+0.05	syscilia	ENSG00000113971	NPHP3	0.5596836032822678	2221.0	0.8892878515858768	6	6
perturb_annotation_+0.05	syscilia	ENSG00000122507	BBS9	0.5610116301569968	2171.0	0.8917813684420507	6	6
perturb_annotation_+0.05	syscilia	ENSG00000125124	BBS2	0.5865953500193503	1406.0	0.929932176341512	6	6
perturb_annotation_+0.05	syscilia	ENSG00000131697	NPHP4	0.584211014231485	1468.0	0.9268402154398564	6	6
perturb_annotation_+0.05	syscilia	ENSG00000138002	IFT172	0.6407619887870076	489.0	0.9756632754837423	6	6
perturb_annotation_+0.05	syscilia	ENSG00000138686	BBS7	0.5951578822313323	1194.0	0.9405046878116896	6	6
perturb_annotation_+0.05	syscilia	ENSG00000140463	BBS4	0.5950437417680554	1198.0	0.9403052064631957	6	6
perturb_annotation_+0.05	syscilia	ENSG00000144061	NPHP1	0.5632468378443697	2103.0	0.8951725513664472	6	6
perturb_annotation_+0.05	syscilia	ENSG00000148384	INPP5E	0.6068898507816166	959.0	0.9522242170357071	6	6
perturb_annotation_+0.05	syscilia	ENSG00000149483	TMEM138	0.512549798925266	4339.0	0.7836624775583483	6	6
perturb_annotation_+0.05	syscilia	ENSG00000156313	RPGR	0.5129620320297846	4316.0	0.7848094953121884	5	5
perturb_annotation_+0.05	syscilia	ENSG00000163093	BBS5	0.6030589403900025	1038.0	0.9482844604029523	6	6
perturb_annotation_+0.05	syscilia	ENSG00000164953	TMEM67	0.5387447186901014	3091.0	0.8459006582884501	6	6
perturb_annotation_+0.05	syscilia	ENSG00000168778	TCTN2	0.520609290049315	3953.0	0.8029124276880112	6	6
perturb_annotation_+0.05	syscilia	ENSG00000169379	ARL13B	0.6328175396648807	569.0	0.971673648513864	6	6
perturb_annotation_+0.05	syscilia	ENSG00000174483	BBS1	0.6294771860910934	594.0	0.970426890085777	6	6
perturb_annotation_+0.05	syscilia	ENSG00000179941	BBS10	0.47274939564566626	6489.0	0.6764412527428686	6	6
perturb_annotation_+0.05	syscilia	ENSG00000187049	TMEM216	0.5308224564426003	3445.0	0.8282465589467385	6	6
perturb_annotation_+0.05	syscilia	ENSG00000187535	IFT140	0.5298176146939132	3493.0	0.8258527827648114	6	6
perturb_annotation_+0.05	syscilia	ENSG00000198707	CEP290	0.7143687773685795	83.0	0.9959106323558747	6	6
perturb_annotation_+0.05	syscilia	ENSG00000204852	TCTN1	0.5247628753464395	3753.0	0.8128864951127069	6	6
perturb_annotation_+0.05	syscilia	ENSG00000205084	TMEM231	0.4485607236664303	7838.0	0.6091661679632955	6	6
perturb_annotation_+0.05	housekeeping	ENSG00000073578	SDHA	0.5174138061132517	4087.0	0.796229802513465	6	6
perturb_annotation_+0.05	housekeeping	ENSG00000075624	ACTB	0.7317969529104228	48.0	0.9976560941551965	5	5
perturb_annotation_+0.05	housekeeping	ENSG00000089157	RPLP0	0.6026110306703296	1044.0	0.9479852383802114	6	6
perturb_annotation_+0.05	housekeeping	ENSG00000102144	PGK1	0.6449094871944837	456.0	0.9773089966088171	4	4
perturb_annotation_+0.05	housekeeping	ENSG00000111640	GAPDH	0.5702128006198565	1879.0	0.9063435068821065	6	6
perturb_annotation_+0.05	housekeeping	ENSG00000112592	TBP	0.4929201419154733	5341.0	0.7336923997606224	6	6
perturb_annotation_+0.05	housekeeping	ENSG00000142541	RPL13A	0.6157723231216075	775.0	0.9614003590664273	6	6
perturb_annotation_+0.05	housekeeping	ENSG00000144713	RPL32	0.5689056860289591	1918.0	0.9043985637342908	6	6
perturb_annotation_+0.05	housekeeping	ENSG00000150991	UBC	0.648036282991032	415.0	0.9793536804308797	5	5
perturb_annotation_+0.05	housekeeping	ENSG00000164924	YWHAZ	0.7180656057620851	73.0	0.9964093357271095	5	5
perturb_annotation_+0.05	housekeeping	ENSG00000165704	HPRT1	0.4810540636532706	6023.0	0.6996808298424098	5	5
perturb_annotation_+0.05	housekeeping	ENSG00000166710	B2M	0.529998007406601	3487.0	0.8261520047875524	6	6
perturb_annotation_+0.05	housekeeping	ENSG00000196262	PPIA	0.6637835506865398	299.0	0.9851386395372033	5	5
perturb_annotation_+0.10	usher	ENSG00000006611	USH1C	0.5558460872011393	2834.0	0.8587173349291841	6	6
perturb_annotation_+0.10	usher	ENSG00000042781	USH2A	0.6811459175620407	244.0	0.9878815080789947	5	5
perturb_annotation_+0.10	usher	ENSG00000095397	WHRN	0.6580886917488221	399.0	0.9801516058248554	5	5
perturb_annotation_+0.10	usher	ENSG00000107736	CDH23	0.7224641901241804	81.0	0.9960103730301216	5	5
perturb_annotation_+0.10	usher	ENSG00000137474	MYO7A	0.6908701199362651	190.0	0.9905745062836625	5	5
perturb_annotation_+0.10	usher	ENSG00000150275	PCDH15	0.7257913769192714	72.0	0.996459206064233	5	5
perturb_annotation_+0.10	usher	ENSG00000163646	CLRN1	0.5316586766217493	3922.0	0.8044584081388391	5	5
perturb_annotation_+0.10	usher	ENSG00000164199	ADGRV1	0.6551564266575532	429.0	0.978655495711151	6	6
perturb_annotation_+0.10	usher	ENSG00000182040	USH1G	0.5573149224250507	2779.0	0.8614602034709755	5	5
perturb_annotation_+0.10	syscilia	ENSG00000011143	MKS1	0.5325008029834739	3881.0	0.8065030919609016	6	6
perturb_annotation_+0.10	syscilia	ENSG00000032742	IFT88	0.6601354460674758	379.0	0.981149012567325	6	6
perturb_annotation_+0.10	syscilia	ENSG00000046651	OFD1	0.618240950327287	915.0	0.9544185118691403	5	5
perturb_annotation_+0.10	syscilia	ENSG00000048342	CC2D2A	0.6121323180778909	1047.0	0.947835627368841	6	6
perturb_annotation_+0.10	syscilia	ENSG00000103494	RPGRIP1L	0.582367370726	1816.0	0.9094853381208857	6	6
perturb_annotation_+0.10	syscilia	ENSG00000110274	CEP164	0.659368151468896	388.0	0.9807001795332136	6	6
perturb_annotation_+0.10	syscilia	ENSG00000113971	NPHP3	0.571528725661888	2197.0	0.8904847396768402	6	6
perturb_annotation_+0.10	syscilia	ENSG00000122507	BBS9	0.5715272709239279	2198.0	0.8904348693397167	6	6
perturb_annotation_+0.10	syscilia	ENSG00000125124	BBS2	0.5980181090093306	1365.0	0.9319768601635747	6	6
perturb_annotation_+0.10	syscilia	ENSG00000131697	NPHP4	0.5942998799188194	1454.0	0.9275384001595851	6	6
perturb_annotation_+0.10	syscilia	ENSG00000138002	IFT172	0.6472216626672787	507.0	0.9747656094155196	6	6
perturb_annotation_+0.10	syscilia	ENSG00000138686	BBS7	0.6053905373859949	1191.0	0.9406542988230601	6	6
perturb_annotation_+0.10	syscilia	ENSG00000140463	BBS4	0.607866223945536	1129.0	0.9437462597247157	6	6
perturb_annotation_+0.10	syscilia	ENSG00000144061	NPHP1	0.5737946693632102	2112.0	0.8947237183323359	6	6
perturb_annotation_+0.10	syscilia	ENSG00000148384	INPP5E	0.6163868077286178	957.0	0.9523239577099541	6	6
perturb_annotation_+0.10	syscilia	ENSG00000149483	TMEM138	0.5105679000604566	5041.0	0.748653500897666	6	6
perturb_annotation_+0.10	syscilia	ENSG00000156313	RPGR	0.5184157343289086	4624.0	0.7694494314781568	5	5
perturb_annotation_+0.10	syscilia	ENSG00000163093	BBS5	0.6116633397827059	1054.0	0.9474865350089766	6	6
perturb_annotation_+0.10	syscilia	ENSG00000164953	TMEM67	0.5498415412111408	3086.0	0.8461500099740674	6	6
perturb_annotation_+0.10	syscilia	ENSG00000168778	TCTN2	0.5312926133768442	3942.0	0.8034610013963694	6	6
perturb_annotation_+0.10	syscilia	ENSG00000169379	ARL13B	0.6413383922089274	565.0	0.9718731298623579	6	6
perturb_annotation_+0.10	syscilia	ENSG00000174483	BBS1	0.6382473212845122	597.0	0.9702772790744065	6	6
perturb_annotation_+0.10	syscilia	ENSG00000179941	BBS10	0.4841105282886944	6495.0	0.6761420307201277	6	6
perturb_annotation_+0.10	syscilia	ENSG00000187049	TMEM216	0.5414365202518358	3476.0	0.8267005784959106	6	6
perturb_annotation_+0.10	syscilia	ENSG00000187535	IFT140	0.5427126099418812	3430.0	0.8289946140035906	6	6
perturb_annotation_+0.10	syscilia	ENSG00000198707	CEP290	0.7197343203194967	86.0	0.9957610213445043	6	6
perturb_annotation_+0.10	syscilia	ENSG00000204852	TCTN1	0.5350440252422073	3771.0	0.8119888290444843	6	6
perturb_annotation_+0.10	syscilia	ENSG00000205084	TMEM231	0.45363049964855734	8198.0	0.591212846598843	6	6
perturb_annotation_+0.10	housekeeping	ENSG00000073578	SDHA	0.5307644818996501	3966.0	0.8022641133054059	6	6
perturb_annotation_+0.10	housekeeping	ENSG00000075624	ACTB	0.7412395732815564	45.0	0.997805705166567	5	5
perturb_annotation_+0.10	housekeeping	ENSG00000089157	RPLP0	0.6121972342830059	1046.0	0.9478854977059645	6	6
perturb_annotation_+0.10	housekeeping	ENSG00000102144	PGK1	0.657152276481154	409.0	0.9796529024536206	4	4
perturb_annotation_+0.10	housekeeping	ENSG00000111640	GAPDH	0.583179474756206	1794.0	0.9105824855376022	6	6
perturb_annotation_+0.10	housekeeping	ENSG00000112592	TBP	0.5089843177102087	5120.0	0.7447137442649112	6	6
perturb_annotation_+0.10	housekeeping	ENSG00000142541	RPL13A	0.6257874828792191	763.0	0.961998803111909	6	6
perturb_annotation_+0.10	housekeeping	ENSG00000144713	RPL32	0.5783156701834782	1945.0	0.9030520646319569	6	6
perturb_annotation_+0.10	housekeeping	ENSG00000150991	UBC	0.6545728060929814	436.0	0.9783064033512866	5	5
perturb_annotation_+0.10	housekeeping	ENSG00000164924	YWHAZ	0.7250635338588849	75.0	0.9963095950528625	5	5
perturb_annotation_+0.10	housekeeping	ENSG00000165704	HPRT1	0.5000188468028839	5567.0	0.7224217035707161	5	5
perturb_annotation_+0.10	housekeeping	ENSG00000166710	B2M	0.5457255254324976	3282.0	0.8363754238978656	6	6
perturb_annotation_+0.10	housekeeping	ENSG00000196262	PPIA	0.6744447616879601	278.0	0.9861859166167963	5	5
single_localization	usher	ENSG00000006611	USH1C	0.0	1281.0	0.0	6	1
single_localization	usher	ENSG00000042781	USH2A				5	0
single_localization	usher	ENSG00000095397	WHRN				5	0
single_localization	usher	ENSG00000107736	CDH23				5	0
single_localization	usher	ENSG00000137474	MYO7A				5	0
single_localization	usher	ENSG00000150275	PCDH15				5	0
single_localization	usher	ENSG00000163646	CLRN1				5	0
single_localization	usher	ENSG00000164199	ADGRV1	0.0	8628.0	0.0	6	1
single_localization	usher	ENSG00000182040	USH1G				5	0
single_localization	syscilia	ENSG00000011143	MKS1	0.15	1136.0	0.9099938875305623	6	1
single_localization	syscilia	ENSG00000032742	IFT88	0.15	1137.0	0.9099938875305623	6	1
single_localization	syscilia	ENSG00000046651	OFD1	0.5	402.0	0.9504889975550123	5	1
single_localization	syscilia	ENSG00000048342	CC2D2A	0.15	1139.0	0.9099938875305623	6	1
single_localization	syscilia	ENSG00000103494	RPGRIP1L	0.18	1114.0	0.9133557457212714	6	1
single_localization	syscilia	ENSG00000110274	CEP164	1.0	34.0	0.9895323960880196	6	1
single_localization	syscilia	ENSG00000113971	NPHP3	0.15	1146.0	0.9099938875305623	6	1
single_localization	syscilia	ENSG00000122507	BBS9	0.15	1149.0	0.9099938875305623	6	1
single_localization	syscilia	ENSG00000125124	BBS2	0.18	1118.0	0.9133557457212714	6	1
single_localization	syscilia	ENSG00000131697	NPHP4	0.18	1119.0	0.9133557457212714	6	1
single_localization	syscilia	ENSG00000138002	IFT172	0.15	1155.0	0.9099938875305623	6	1
single_localization	syscilia	ENSG00000138686	BBS7	0.15	1156.0	0.9099938875305623	6	1
single_localization	syscilia	ENSG00000140463	BBS4	0.18	1121.0	0.9133557457212714	6	1
single_localization	syscilia	ENSG00000144061	NPHP1	0.15	1158.0	0.9099938875305623	6	1
single_localization	syscilia	ENSG00000148384	INPP5E	0.3	859.0	0.9152658924205379	6	1
single_localization	syscilia	ENSG00000149483	TMEM138	0.3	863.0	0.9152658924205379	6	1
single_localization	syscilia	ENSG00000156313	RPGR	0.0	7803.0	0.0	5	1
single_localization	syscilia	ENSG00000163093	BBS5	0.15	1163.0	0.9099938875305623	6	1
single_localization	syscilia	ENSG00000164953	TMEM67	0.15	1165.0	0.9099938875305623	6	1
single_localization	syscilia	ENSG00000168778	TCTN2	0.18	1128.0	0.9133557457212714	6	1
single_localization	syscilia	ENSG00000169379	ARL13B	0.3	950.0	0.9152658924205379	6	1
single_localization	syscilia	ENSG00000174483	BBS1	0.18	1130.0	0.9133557457212714	6	1
single_localization	syscilia	ENSG00000179941	BBS10	0.15	1173.0	0.9099938875305623	6	1
single_localization	syscilia	ENSG00000187049	TMEM216	0.15	1175.0	0.9099938875305623	6	1
single_localization	syscilia	ENSG00000187535	IFT140	0.15	1176.0	0.9099938875305623	6	1
single_localization	syscilia	ENSG00000198707	CEP290	1.0	135.0	0.9895323960880196	6	1
single_localization	syscilia	ENSG00000204852	TCTN1	0.18	1134.0	0.9133557457212714	6	1
single_localization	syscilia	ENSG00000205084	TMEM231	0.18	1135.0	0.9133557457212714	6	1
single_localization	housekeeping	ENSG00000073578	SDHA	0.0	2039.0	0.0	6	1
single_localization	housekeeping	ENSG00000075624	ACTB				5	0
single_localization	housekeeping	ENSG00000089157	RPLP0	0.0	2459.0	0.0	6	1
single_localization	housekeeping	ENSG00000102144	PGK1				4	0
single_localization	housekeeping	ENSG00000111640	GAPDH	0.0	3884.0	0.0	6	1
single_localization	housekeeping	ENSG00000112592	TBP	0.0	3991.0	0.0	6	1
single_localization	housekeeping	ENSG00000142541	RPL13A	0.0	6695.0	0.0	6	1
single_localization	housekeeping	ENSG00000144713	RPL32	0.0	6938.0	0.0	6	1
single_localization	housekeeping	ENSG00000150991	UBC				5	0
single_localization	housekeeping	ENSG00000164924	YWHAZ				5	0
single_localization	housekeeping	ENSG00000165704	HPRT1	0.0	8864.0	0.0	5	1
single_localization	housekeeping	ENSG00000166710	B2M	0.0	9007.0	0.0	6	1
single_localization	housekeeping	ENSG00000196262	PPIA				5	0
loo_localization	usher	ENSG00000006611	USH1C	0.6207542248721899	2031.0	0.8987531172069826	6	5
loo_localization	usher	ENSG00000042781	USH2A	0.688830978026323	457.0	0.9772568578553616	5	5
loo_localization	usher	ENSG00000095397	WHRN	0.637145498097029	1524.0	0.9240399002493765	5	5
loo_localization	usher	ENSG00000107736	CDH23	0.7126169113913969	224.0	0.9888778054862843	5	5
loo_localization	usher	ENSG00000137474	MYO7A	0.6716759690871313	721.0	0.9640897755610972	5	5
loo_localization	usher	ENSG00000150275	PCDH15	0.717960276906306	183.0	0.9909226932668329	5	5
loo_localization	usher	ENSG00000163646	CLRN1	0.5268855536445348	5982.0	0.7016957605985037	5	5
loo_localization	usher	ENSG00000164199	ADGRV1	0.746545610713997	72.0	0.9964588528678304	6	5
loo_localization	usher	ENSG00000182040	USH1G	0.5271746179869147	5969.0	0.7023441396508728	5	5
loo_localization	syscilia	ENSG00000011143	MKS1	0.57225153019816	3893.0	0.8058852867830424	6	5
loo_localization	syscilia	ENSG00000032742	IFT88	0.7296719965118105	132.0	0.9934663341645885	6	5
loo_localization	syscilia	ENSG00000046651	OFD1	0.6158522891587027	2169.0	0.8918703241895262	5	4
loo_localization	syscilia	ENSG00000048342	CC2D2A	0.6773538030357024	646.0	0.9678304239401496	6	5
loo_localization	syscilia	ENSG00000103494	RPGRIP1L	0.6297842663332976	1737.0	0.9134164588528678	6	5
loo_localization	syscilia	ENSG00000110274	CEP164	0.587406337751133	3238.0	0.8385536159600997	6	5
loo_localization	syscilia	ENSG00000113971	NPHP3	0.6166517278408068	2146.0	0.8930174563591022	6	5
loo_localization	syscilia	ENSG00000122507	BBS9	0.6199346180157328	2053.0	0.8976558603491271	6	5
loo_localization	syscilia	ENSG00000125124	BBS2	0.6435650766239669	1336.0	0.9334164588528678	6	5
loo_localization	syscilia	ENSG00000131697	NPHP4	0.6424861905593147	1369.0	0.9317705735660848	6	5
loo_localization	syscilia	ENSG00000138002	IFT172	0.7190074676690701	178.0	0.9911720698254364	6	5
loo_localization	syscilia	ENSG00000138686	BBS7	0.660472895954357	929.0	0.9537157107231921	6	5
loo_localization	syscilia	ENSG00000140463	BBS4	0.6516929545562669	1142.0	0.9430922693266833	6	5
loo_localization	syscilia	ENSG00000144061	NPHP1	0.6225226154984059	1971.0	0.9017456359102244	6	5
loo_localization	syscilia	ENSG00000148384	INPP5E	0.648756703694018	1223.0	0.9390523690773067	6	5
loo_localization	syscilia	ENSG00000149483	TMEM138	0.5526233972665368	4767.0	0.7622942643391522	6	5
loo_localization	syscilia	ENSG00000156313	RPGR	0.6237866054686404	1922.0	0.9041895261845386	5	4
loo_localization	syscilia	ENSG00000163093	BBS5	0.6718754130094456	717.0	0.96428927680798	6	5
loo_localization	syscilia	ENSG00000164953	TMEM67	0.5929861340199506	3013.0	0.8497755610972568	6	5
loo_localization	syscilia	ENSG00000168778	TCTN2	0.5668913345753329	4128.0	0.7941645885286783	6	5
loo_localization	syscilia	ENSG00000169379	ARL13B	0.6805230610193286	587.0	0.9707730673316708	6	5
loo_localization	syscilia	ENSG00000174483	BBS1	0.6974471027980383	366.0	0.9817955112219451	6	5
loo_localization	syscilia	ENSG00000179941	BBS10	0.515002529103924	6550.0	0.6733665835411471	6	5
loo_localization	syscilia	ENSG00000187049	TMEM216	0.5842905720616955	3378.0	0.831571072319202	6	5
loo_localization	syscilia	ENSG00000187535	IFT140	0.5801566116719394	3562.0	0.8223940149625936	6	5
loo_localization	syscilia	ENSG00000198707	CEP290	0.6570196236736126	1012.0	0.9495760598503741	6	5
loo_localization	syscilia	ENSG00000204852	TCTN1	0.572298365248347	3888.0	0.8061346633416459	6	5
loo_localization	syscilia	ENSG00000205084	TMEM231	0.489392905983636	7826.0	0.6097256857855362	6	5
loo_localization	housekeeping	ENSG00000073578	SDHA	0.5914447797037807	3073.0	0.8467830423940149	6	5
loo_localization	housekeeping	ENSG00000075624	ACTB	0.721243436025038	173.0	0.99142144638404	5	5
loo_localization	housekeeping	ENSG00000089157	RPLP0	0.6965484784663362	373.0	0.9814463840399003	6	5
loo_localization	housekeeping	ENSG00000102144	PGK1	0.6307831918637102	1714.0	0.9145635910224439	4	4
loo_localization	housekeeping	ENSG00000111640	GAPDH	0.6540581871410258	1095.0	0.9454364089775561	6	5
loo_localization	housekeeping	ENSG00000112592	TBP	0.5591171159308993	4474.0	0.7769077306733168	6	5
loo_localization	housekeeping	ENSG00000142541	RPL13A	0.7114772322214526	227.0	0.9887281795511222	6	5
loo_localization	housekeeping	ENSG00000144713	RPL32	0.657123180539986	1008.0	0.9497755610972568	6	5
loo_localization	housekeeping	ENSG00000150991	UBC	0.640730757171206	1426.0	0.928927680798005	5	5
loo_localization	housekeeping	ENSG00000164924	YWHAZ	0.7102443920068385	237.0	0.9882294264339152	5	5
loo_localization	housekeeping	ENSG00000165704	HPRT1	0.5658076093660994	4175.0	0.7918204488778054	5	4
loo_localization	housekeeping	ENSG00000166710	B2M	0.603173808915429	2638.0	0.8684788029925187	6	5
loo_localization	housekeeping	ENSG00000196262	PPIA	0.6518680795673055	1140.0	0.9431920199501247	5	5
perturb_localization_-0.10	usher	ENSG00000006611	USH1C	0.5862678790459571	2342.0	0.8832535407939358	6	6
perturb_localization_-0.10	usher	ENSG00000042781	USH2A	0.688830978026323	219.0	0.9891282665070816	5	5
perturb_localization_-0.10	usher	ENSG00000095397	WHRN	0.6371454980970291	888.0	0.9557650109714741	5	5
perturb_localization_-0.10	usher	ENSG00000107736	CDH23	0.712616911391397	109.0	0.9946140035906643	5	5
perturb_localization_-0.10	usher	ENSG00000137474	MYO7A	0.6716759690871312	355.0	0.9823459006582884	5	5
perturb_localization_-0.10	usher	ENSG00000150275	PCDH15	0.717960276906306	89.0	0.9956114103331338	5	5
perturb_localization_-0.10	usher	ENSG00000163646	CLRN1	0.5268855536445348	4927.0	0.7543387193297427	5	5
perturb_localization_-0.10	usher	ENSG00000164199	ADGRV1	0.7050708545632194	133.0	0.9934171154997008	6	6
perturb_localization_-0.10	usher	ENSG00000182040	USH1G	0.5271746179869147	4915.0	0.7549371633752244	5	5
perturb_localization_-0.10	syscilia	ENSG00000011143	MKS1	0.5487931118538178	3885.0	0.8063036106124077	6	6
perturb_localization_-0.10	syscilia	ENSG00000032742	IFT88	0.6974679967055988	166.0	0.991771394374626	6	6
perturb_localization_-0.10	syscilia	ENSG00000046651	OFD1	0.6075771256473667	1591.0	0.9207061639736684	5	5
perturb_localization_-0.10	syscilia	ENSG00000048342	CC2D2A	0.6480563695337189	679.0	0.9661879114302813	6	6
perturb_localization_-0.10	syscilia	ENSG00000103494	RPGRIP1L	0.6047962515370033	1704.0	0.9150708158787153	6	6
perturb_localization_-0.10	syscilia	ENSG00000110274	CEP164	0.6103282078760702	1515.0	0.9244963095950529	6	6
perturb_localization_-0.10	syscilia	ENSG00000113971	NPHP3	0.5907266318496508	2173.0	0.8916816277678037	6	6
perturb_localization_-0.10	syscilia	ENSG00000122507	BBS9	0.593827139237081	2070.0	0.896818272491522	6	6
perturb_localization_-0.10	syscilia	ENSG00000125124	BBS2	0.6178114612559689	1315.0	0.9344703770197487	6	6
perturb_localization_-0.10	syscilia	ENSG00000131697	NPHP4	0.6167925133060195	1345.0	0.9329742669060442	6	6
perturb_localization_-0.10	syscilia	ENSG00000138002	IFT172	0.687395941687455	226.0	0.9887791741472173	6	6
perturb_localization_-0.10	syscilia	ENSG00000138686	BBS7	0.6321132906235594	979.0	0.9512268102932376	6	6
perturb_localization_-0.10	syscilia	ENSG00000140463	BBS4	0.6254877904142522	1123.0	0.9440454817474566	6	6
perturb_localization_-0.10	syscilia	ENSG00000144061	NPHP1	0.5962713590818279	1986.0	0.9010073808098943	6	6
perturb_localization_-0.10	syscilia	ENSG00000148384	INPP5E	0.6293813312665727	1037.0	0.9483343307400758	6	6
perturb_localization_-0.10	syscilia	ENSG00000149483	TMEM138	0.5385887640850625	4367.0	0.7822661081188909	6	6
perturb_localization_-0.10	syscilia	ENSG00000156313	RPGR	0.5792304193637374	2598.0	0.8704867344903252	5	5
perturb_localization_-0.10	syscilia	ENSG00000163093	BBS5	0.6428823345089208	788.0	0.960752044683822	6	6
perturb_localization_-0.10	syscilia	ENSG00000164953	TMEM67	0.5683757932410645	3035.0	0.8486933971673648	6	6
perturb_localization_-0.10	syscilia	ENSG00000168778	TCTN2	0.5453973715433701	4042.0	0.7984739676840216	6	6
perturb_localization_-0.10	syscilia	ENSG00000169379	ARL13B	0.6593828909626992	518.0	0.9742170357071613	6	6
perturb_localization_-0.10	syscilia	ENSG00000174483	BBS1	0.6687000415314807	395.0	0.9803510871733493	6	6
perturb_localization_-0.10	syscilia	ENSG00000179941	BBS10	0.49472461082037267	6550.0	0.6733991621783363	6	6
perturb_localization_-0.10	syscilia	ENSG00000187049	TMEM216	0.560163318058268	3365.0	0.8322361859166167	6	6
perturb_localization_-0.10	syscilia	ENSG00000187535	IFT140	0.5562590221346096	3541.0	0.8234590065828845	6	6
perturb_localization_-0.10	syscilia	ENSG00000198707	CEP290	0.6760740890250787	314.0	0.9843905844803511	6	6
perturb_localization_-0.10	syscilia	ENSG00000204852	TCTN1	0.5505040116234389	3807.0	0.8101934969080391	6	6
perturb_localization_-0.10	syscilia	ENSG00000205084	TMEM231	0.4722044112067673	7685.0	0.6167963295431877	6	6
perturb_localization_-0.10	housekeeping	ENSG00000073578	SDHA	0.558586736386904	3434.0	0.8287951326550967	6	6
perturb_localization_-0.10	housekeeping	ENSG00000075624	ACTB	0.721243436025038	81.0	0.9960103730301216	5	5
perturb_localization_-0.10	housekeeping	ENSG00000089157	RPLP0	0.6578513407737622	534.0	0.9734191103131857	6	6
perturb_localization_-0.10	housekeeping	ENSG00000102144	PGK1	0.6307831918637102	1008.0	0.9497805705166567	4	4
perturb_localization_-0.10	housekeeping	ENSG00000111640	GAPDH	0.6177216211887466	1322.0	0.9341212846598843	6	6
perturb_localization_-0.10	housekeeping	ENSG00000112592	TBP	0.5280550539347383	4870.0	0.757181328545781	6	6
perturb_localization_-0.10	housekeeping	ENSG00000142541	RPL13A	0.6719507193202608	350.0	0.9825952523439059	6	6
perturb_localization_-0.10	housekeeping	ENSG00000144713	RPL32	0.6206163371766535	1242.0	0.9381109116297626	6	6
perturb_localization_-0.10	housekeeping	ENSG00000150991	UBC	0.6407307571712062	832.0	0.958557749850389	5	5
perturb_localization_-0.10	housekeeping	ENSG00000164924	YWHAZ	0.7102443920068385	114.0	0.9943646519050469	5	5
perturb_localization_-0.10	housekeeping	ENSG00000165704	HPRT1	0.5253927801256638	5010.0	0.7501994813484939	5	5
perturb_localization_-0.10	housekeeping	ENSG00000166710	B2M	0.569664152864572	2985.0	0.8511869140235389	6	6
perturb_localization_-0.10	housekeeping	ENSG00000196262	PPIA	0.6518680795673056	621.0	0.969080390983443	5	5
perturb_localization_-0.05	usher	ENSG00000006611	USH1C	0.5554116748856436	2699.0	0.8654498304408538	6	6
perturb_localization_-0.05	usher	ENSG00000042781	USH2A	0.6888309780263231	156.0	0.9922700977458607	5	5
perturb_localization_-0.05	usher	ENSG00000095397	WHRN	0.637145498097029	557.0	0.9722720925593457	5	5
perturb_localization_-0.05	usher	ENSG00000107736	CDH23	0.712616911391397	77.0	0.9962098543786156	5	5
perturb_localization_-0.05	usher	ENSG00000137474	MYO7A	0.6716759690871313	246.0	0.9877817674047477	5	5
perturb_localization_-0.05	usher	ENSG00000150275	PCDH15	0.7179602769063061	61.0	0.9970077797725913	5	5
perturb_localization_-0.05	usher	ENSG00000163646	CLRN1	0.5268855536445349	3935.0	0.8038100937562338	5	5
perturb_localization_-0.05	usher	ENSG00000164199	ADGRV1	0.6679618622177869	273.0	0.9864352683024137	6	6
perturb_localization_-0.05	usher	ENSG00000182040	USH1G	0.5271746179869147	3917.0	0.8047077598244564	5	5
perturb_localization_-0.05	syscilia	ENSG00000011143	MKS1	0.527804000703617	3888.0	0.8061539996010373	6	6
perturb_localization_-0.05	syscilia	ENSG00000032742	IFT88	0.6686538916158304	269.0	0.9866347496509077	6	6
perturb_localization_-0.05	syscilia	ENSG00000046651	OFD1	0.6004053172708756	1224.0	0.9390085776979853	5	5
perturb_localization_-0.05	syscilia	ENSG00000048342	CC2D2A	0.6218428764003654	784.0	0.9609515260323159	6	6
perturb_localization_-0.05	syscilia	ENSG00000103494	RPGRIP1L	0.5824385540876875	1715.0	0.914522242170357	6	6
perturb_localization_-0.05	syscilia	ENSG00000110274	CEP164	0.6308372495668034	640.0	0.968132854578097	6	6
perturb_localization_-0.05	syscilia	ENSG00000113971	NPHP3	0.5675304933312483	2223.0	0.8891881109116297	6	6
perturb_localization_-0.05	syscilia	ENSG00000122507	BBS9	0.5704678161193399	2115.0	0.8945741073209655	6	6
perturb_localization_-0.05	syscilia	ENSG00000125124	BBS2	0.5947687527688126	1358.0	0.9323259525234391	6	6
perturb_localization_-0.05	syscilia	ENSG00000131697	NPHP4	0.5938034336583342	1385.0	0.9309794534211051	6	6
perturb_localization_-0.05	syscilia	ENSG00000138002	IFT172	0.6591119447565364	333.0	0.9834430480750049	6	6
perturb_localization_-0.05	syscilia	ENSG00000138686	BBS7	0.60673890690653	1076.0	0.9463893875922601	6	6
perturb_localization_-0.05	syscilia	ENSG00000140463	BBS4	0.6020410646029757	1187.0	0.940853780171554	6	6
perturb_localization_-0.05	syscilia	ENSG00000144061	NPHP1	0.5727833928143633	2030.0	0.8988130859764611	6	6
perturb_localization_-0.05	syscilia	ENSG00000148384	INPP5E	0.6120454717262268	954.0	0.9524735687213246	6	6
perturb_localization_-0.05	syscilia	ENSG00000149483	TMEM138	0.5260314607121646	3985.0	0.8013165769000599	6	6
perturb_localization_-0.05	syscilia	ENSG00000156313	RPGR	0.5406150580728217	3318.0	0.8345800917614203	5	5
perturb_localization_-0.05	syscilia	ENSG00000163093	BBS5	0.6169411590084515	858.0	0.9572611210851786	6	6
perturb_localization_-0.05	syscilia	ENSG00000164953	TMEM67	0.5463560146494296	3053.0	0.8477957310991422	6	6
perturb_localization_-0.05	syscilia	ENSG00000168778	TCTN2	0.5261659309358243	3977.0	0.8017155395970477	6	6
perturb_localization_-0.05	syscilia	ENSG00000169379	ARL13B	0.6404680019646624	510.0	0.9746159984041493	6	6
perturb_localization_-0.05	syscilia	ENSG00000174483	BBS1	0.6429789867140344	480.0	0.9761121085178536	6	6
perturb_localization_-0.05	syscilia	ENSG00000179941	BBS10	0.47658121025087935	6558.0	0.6730001994813485	6	6
perturb_localization_-0.05	syscilia	ENSG00000187049	TMEM216	0.5385757750025698	3401.0	0.8304408537801715	6	6
perturb_localization_-0.05	syscilia	ENSG00000187535	IFT140	0.5348769683380513	3556.0	0.8227109515260324	6	6
perturb_localization_-0.05	syscilia	ENSG00000198707	CEP290	0.6931228211816535	138.0	0.9931677638140833	6	6
perturb_localization_-0.05	syscilia	ENSG00000204852	TCTN1	0.5310038004853632	3735.0	0.8137841611809296	6	6
perturb_localization_-0.05	syscilia	ENSG00000205084	TMEM231	0.456825231669569	7548.0	0.6236285657291043	6	6
perturb_localization_-0.05	housekeeping	ENSG00000073578	SDHA	0.5291874344718038	3827.0	0.8091960901655695	6	6
perturb_localization_-0.05	housekeeping	ENSG00000075624	ACTB	0.7212434360250382	57.0	0.9972072611210852	5	5
perturb_localization_-0.05	housekeeping	ENSG00000089157	RPLP0	0.6232275859961957	755.0	0.9623977658088969	6	6
perturb_localization_-0.05	housekeeping	ENSG00000102144	PGK1	0.6307831918637103	641.0	0.9680829842409735	4	4
perturb_localization_-0.05	housekeeping	ENSG00000111640	GAPDH	0.5852099569156549	1640.0	0.918262517454618	6	6
perturb_localization_-0.05	housekeeping	ENSG00000112592	TBP	0.5002626826750153	5272.0	0.7371334530221424	6	6
perturb_localization_-0.05	housekeeping	ENSG00000142541	RPL13A	0.6365848919876156	560.0	0.9721224815479753	6	6
perturb_localization_-0.05	housekeeping	ENSG00000144713	RPL32	0.587952319430514	1546.0	0.922950329144225	6	6
perturb_localization_-0.05	housekeeping	ENSG00000150991	UBC	0.6407307571712061	506.0	0.9748154797526432	5	5
perturb_localization_-0.05	housekeeping	ENSG00000164924	YWHAZ	0.7102443920068385	80.0	0.9960602433672452	5	5
perturb_localization_-0.05	housekeeping	ENSG00000165704	HPRT1	0.4903665947839529	5822.0	0.709704767604229	5	5
perturb_localization_-0.05	housekeeping	ENSG00000166710	B2M	0.5396818290295945	3358.0	0.8325852782764811	6	6
perturb_localization_-0.05	housekeeping	ENSG00000196262	PPIA	0.6518680795673055	385.0	0.9808497905445841	5	5
perturb_localization_+0.05	usher	ENSG00000006611	USH1C	0.5025153248965346	3454.0	0.8277977259126271	6	6
perturb_localization_+0.05	usher	ENSG00000042781	USH2A	0.688830978026323	139.0	0.9931178934769599	5	5
perturb_localization_+0.05	usher	ENSG00000095397	WHRN	0.637145498097029	411.0	0.9795531617793737	5	5
perturb_localization_+0.05	usher	ENSG00000107736	CDH23	0.712616911391397	78.0	0.9961599840414921	5	5
perturb_localization_+0.05	usher	ENSG00000137474	MYO7A	0.6716759690871313	206.0	0.9897765808896868	5	5
perturb_localization_+0.05	usher	ENSG00000150275	PCDH15	0.7179602769063059	64.0	0.9968581687612208	5	5
perturb_localization_+0.05	usher	ENSG00000163646	CLRN1	0.5268855536445349	2425.0	0.879114302812687	5	5
perturb_localization_+0.05	usher	ENSG00000164199	ADGRV1	0.6043464467684737	695.0	0.9653899860363057	6	6
perturb_localization_+0.05	usher	ENSG00000182040	USH1G	0.5271746179869147	2414.0	0.8796628765210452	5	5
perturb_localization_+0.05	syscilia	ENSG00000011143	MKS1	0.4918226673032724	3971.0	0.8020147616197886	6	6
perturb_localization_+0.05	syscilia	ENSG00000032742	IFT88	0.6192582828905132	547.0	0.9727707959305805	6	6
perturb_localization_+0.05	syscilia	ENSG00000046651	OFD1	0.5885929270037137	904.0	0.9549670855774985	5	5
perturb_localization_+0.05	syscilia	ENSG00000048342	CC2D2A	0.5769054596003306	1086.0	0.9458906842210253	6	6
perturb_localization_+0.05	syscilia	ENSG00000103494	RPGRIP1L	0.5441110727460028	1842.0	0.9081887093556752	6	6
perturb_localization_+0.05	syscilia	ENSG00000110274	CEP164	0.6659956067509173	243.0	0.9879313784161181	6	6
perturb_localization_+0.05	syscilia	ENSG00000113971	NPHP3	0.5277656844425579	2393.0	0.8807101536006383	6	6
perturb_localization_+0.05	syscilia	ENSG00000122507	BBS9	0.5304232622032123	2284.0	0.8861460203470976	6	6
perturb_localization_+0.05	syscilia	ENSG00000125124	BBS2	0.5552669667908304	1556.0	0.9224516257729902	6	6
perturb_localization_+0.05	syscilia	ENSG00000131697	NPHP4	0.5543935828337309	1579.0	0.9213046080191503	6	6
perturb_localization_+0.05	syscilia	ENSG00000138002	IFT172	0.6106250928749615	624.0	0.9689307799720727	6	6
perturb_localization_+0.05	syscilia	ENSG00000138686	BBS7	0.5632399633916223	1368.0	0.9318272491522043	6	6
perturb_localization_+0.05	syscilia	ENSG00000140463	BBS4	0.5618466774979304	1405.0	0.9299820466786356	6	6
perturb_localization_+0.05	syscilia	ENSG00000144061	NPHP1	0.5325183077844239	2200.0	0.8903351286654698	6	6
perturb_localization_+0.05	syscilia	ENSG00000148384	INPP5E	0.582326855371348	1004.0	0.9499800518651506	6	6
perturb_localization_+0.05	syscilia	ENSG00000149483	TMEM138	0.5045046549300536	3356.0	0.8326850189507281	6	6
perturb_localization_+0.05	syscilia	ENSG00000156313	RPGR	0.4770132865348426	4685.0	0.7664073409136246	5	5
perturb_localization_+0.05	syscilia	ENSG00000163093	BBS5	0.5724705724362179	1166.0	0.941901057251147	6	6
perturb_localization_+0.05	syscilia	ENSG00000164953	TMEM67	0.5086078227780553	3176.0	0.8416616796329544	6	6
perturb_localization_+0.05	syscilia	ENSG00000168778	TCTN2	0.49319774703717434	3901.0	0.805505685218432	6	6
perturb_localization_+0.05	syscilia	ENSG00000169379	ARL13B	0.6080424779680279	654.0	0.9674346698583682	6	6
perturb_localization_+0.05	syscilia	ENSG00000174483	BBS1	0.5988857498841264	763.0	0.961998803111909	6	6
perturb_localization_+0.05	syscilia	ENSG00000179941	BBS10	0.4454782378460337	6424.0	0.6796828246558947	6	6
perturb_localization_+0.05	syscilia	ENSG00000187049	TMEM216	0.5015685583356584	3489.0	0.8260522641133055	6	6
perturb_localization_+0.05	syscilia	ENSG00000187535	IFT140	0.4982220189725225	3631.0	0.8189706762417714	6	6
perturb_localization_+0.05	syscilia	ENSG00000198707	CEP290	0.722349219164353	59.0	0.9971075204468383	6	6
perturb_localization_+0.05	syscilia	ENSG00000204852	TCTN1	0.4975748671058048	3668.0	0.8171254737682027	6	6
perturb_localization_+0.05	syscilia	ENSG00000205084	TMEM231	0.43046092389151486	7314.0	0.6352982246159984	6	6
perturb_localization_+0.05	housekeeping	ENSG00000073578	SDHA	0.4787886311887748	4588.0	0.771244763614602	6	6
perturb_localization_+0.05	housekeeping	ENSG00000075624	ACTB	0.721243436025038	62.0	0.9969579094354678	5	5
perturb_localization_+0.05	housekeeping	ENSG00000089157	RPLP0	0.5638725778060817	1355.0	0.9324755635348095	6	6
perturb_localization_+0.05	housekeeping	ENSG00000102144	PGK1	0.6307831918637102	454.0	0.977408737283064	4	4
perturb_localization_+0.05	housekeeping	ENSG00000111640	GAPDH	0.5294756753046399	2339.0	0.8834031518053062	6	6
perturb_localization_+0.05	housekeeping	ENSG00000112592	TBP	0.45261861765834704	6002.0	0.7007281069220028	6	6
perturb_localization_+0.05	housekeeping	ENSG00000142541	RPL13A	0.5759577594173664	1096.0	0.9453919808497906	6	6
perturb_localization_+0.05	housekeeping	ENSG00000144713	RPL32	0.5319568604371315	2226.0	0.8890384999002593	6	6
perturb_localization_+0.05	housekeeping	ENSG00000150991	UBC	0.640730757171206	389.0	0.9806503091960902	5	5
perturb_localization_+0.05	housekeeping	ENSG00000164924	YWHAZ	0.7102443920068384	81.0	0.9960103730301216	5	5
perturb_localization_+0.05	housekeeping	ENSG00000165704	HPRT1	0.43267640716231126	7206.0	0.6406842210253342	5	5
perturb_localization_+0.05	housekeeping	ENSG00000166710	B2M	0.4882835595982044	4138.0	0.7936864153201676	6	6
perturb_localization_+0.05	housekeeping	ENSG00000196262	PPIA	0.6518680795673054	314.0	0.9843905844803511	5	5
perturb_localization_+0.10	usher	ENSG00000006611	USH1C	0.47967371921941937	3812.0	0.8099441452224218	6	6
perturb_localization_+0.10	usher	ENSG00000042781	USH2A	0.6888309780263229	147.0	0.9927189307799721	5	5
perturb_localization_+0.10	usher	ENSG00000095397	WHRN	0.637145498097029	399.0	0.9801516058248554	5	5
perturb_localization_+0.10	usher	ENSG00000107736	CDH23	0.712616911391397	85.0	0.9958108916816277	5	5
perturb_localization_+0.10	usher	ENSG00000137474	MYO7A	0.6716759690871313	217.0	0.9892280071813285	5	5
perturb_localization_+0.10	usher	ENSG00000150275	PCDH15	0.717960276906306	72.0	0.996459206064233	5	5
perturb_localization_+0.10	usher	ENSG00000163646	CLRN1	0.5268855536445349	1982.0	0.9012068621583882	5	5
perturb_localization_+0.10	usher	ENSG00000164199	ADGRV1	0.5768761537335432	978.0	0.9512766806303611	6	6
perturb_localization_+0.10	usher	ENSG00000182040	USH1G	0.5271746179869147	1971.0	0.9017554358667464	5	5
perturb_localization_+0.10	syscilia	ENSG00000011143	MKS1	0.47628527333494186	3962.0	0.8024635946538998	6	6
perturb_localization_+0.10	syscilia	ENSG00000032742	IFT88	0.5979283609409445	732.0	0.9635447835627369	6	6
perturb_localization_+0.10	syscilia	ENSG00000046651	OFD1	0.5836710977257297	904.0	0.9549670855774985	5	5
perturb_localization_+0.10	syscilia	ENSG00000048342	CC2D2A	0.5575006659821337	1287.0	0.9358667464592061	6	6
perturb_localization_+0.10	syscilia	ENSG00000103494	RPGRIP1L	0.5275605694393664	1958.0	0.9024037502493517	6	6
perturb_localization_+0.10	syscilia	ENSG00000110274	CEP164	0.6811776246258756	178.0	0.9911729503291442	6	6
perturb_localization_+0.10	syscilia	ENSG00000113971	NPHP3	0.5105945169678962	2503.0	0.8752244165170556	6	6
perturb_localization_+0.10	syscilia	ENSG00000122507	BBS9	0.51313129573943	2415.0	0.8796130061839218	6	6
perturb_localization_+0.10	syscilia	ENSG00000125124	BBS2	0.5382093773912472	1679.0	0.9163175743068023	6	6
perturb_localization_+0.10	syscilia	ENSG00000131697	NPHP4	0.5373756927049249	1699.0	0.9153201675643328	6	6
perturb_localization_+0.10	syscilia	ENSG00000138002	IFT172	0.5896875886533723	820.0	0.9591561938958707	6	6
perturb_localization_+0.10	syscilia	ENSG00000138686	BBS7	0.5444563286920031	1539.0	0.9232994215040894	6	6
perturb_localization_+0.10	syscilia	ENSG00000140463	BBS4	0.5444900103389335	1534.0	0.9235487731897067	6	6
perturb_localization_+0.10	syscilia	ENSG00000144061	NPHP1	0.515131111976041	2353.0	0.8827049670855776	6	6
perturb_localization_+0.10	syscilia	ENSG00000148384	INPP5E	0.5694938164908321	1092.0	0.9455914621982845	6	6
perturb_localization_+0.10	syscilia	ENSG00000149483	TMEM138	0.49520898879686936	3095.0	0.8457011769399562	6	6
perturb_localization_+0.10	syscilia	ENSG00000156313	RPGR	0.45051254839401805	5313.0	0.7350887692000798	5	5
perturb_localization_+0.10	syscilia	ENSG00000163093	BBS5	0.553267364598208	1357.0	0.9323758228605625	6	6
perturb_localization_+0.10	syscilia	ENSG00000164953	TMEM67	0.4923074671972346	3237.0	0.8386195890684222	6	6
perturb_localization_+0.10	syscilia	ENSG00000168778	TCTN2	0.47896148580821174	3839.0	0.8085976461200878	6	6
perturb_localization_+0.10	syscilia	ENSG00000169379	ARL13B	0.5940405471512993	769.0	0.9616995810891682	6	6
perturb_localization_+0.10	syscilia	ENSG00000174483	BBS1	0.579845488525757	948.0	0.9527727907440654	6	6
perturb_localization_+0.10	syscilia	ENSG00000179941	BBS10	0.43204740885303217	6358.0	0.6829742669060442	6	6
perturb_localization_+0.10	syscilia	ENSG00000187049	TMEM216	0.4855881693204011	3527.0	0.8241571913026132	6	6
perturb_localization_+0.10	syscilia	ENSG00000187535	IFT140	0.48239374538286245	3671.0	0.8169758627568322	6	6
perturb_localization_+0.10	syscilia	ENSG00000198707	CEP290	0.7349697092023371	47.0	0.99770596449232	6	6
perturb_localization_+0.10	syscilia	ENSG00000204852	TCTN1	0.4831396458737227	3634.0	0.818821065230401	6	6
perturb_localization_+0.10	syscilia	ENSG00000205084	TMEM231	0.41907633644190057	7119.0	0.6450229403550768	6	6
perturb_localization_+0.10	housekeeping	ENSG00000073578	SDHA	0.45702551158928506	4931.0	0.7541392379812487	6	6
perturb_localization_+0.10	housekeeping	ENSG00000075624	ACTB	0.7212434360250382	68.0	0.9966586874127269	5	5
perturb_localization_+0.10	housekeeping	ENSG00000089157	RPLP0	0.5382420060876235	1678.0	0.9163674446439258	6	6
perturb_localization_+0.10	housekeeping	ENSG00000102144	PGK1	0.6307831918637103	444.0	0.9779074406542988	4	4
perturb_localization_+0.10	housekeeping	ENSG00000111640	GAPDH	0.505408599154429	2704.0	0.8652004787552364	6	6
perturb_localization_+0.10	housekeeping	ENSG00000112592	TBP	0.4320450441284222	6359.0	0.6829243965689208	6	6
perturb_localization_+0.10	housekeeping	ENSG00000142541	RPL13A	0.5497778612620315	1417.0	0.9293836026331538	6	6
perturb_localization_+0.10	housekeeping	ENSG00000144713	RPL32	0.5077770031445348	2604.0	0.8701875124675843	6	6
perturb_localization_+0.10	housekeeping	ENSG00000150991	UBC	0.6407307571712061	373.0	0.9814482345900658	5	5
perturb_localization_+0.10	housekeeping	ENSG00000164924	YWHAZ	0.7102443920068385	88.0	0.9956612806702573	5	5
perturb_localization_+0.10	housekeeping	ENSG00000165704	HPRT1	0.4086388289866274	7729.0	0.6146020347097546	5	5
perturb_localization_+0.10	housekeeping	ENSG00000166710	B2M	0.4660888523437406	4490.0	0.776132056652703	6	6
perturb_localization_+0.10	housekeeping	ENSG00000196262	PPIA	0.6518680795673055	302.0	0.9849890285258328	5	5
single_animal_model	usher	ENSG00000006611	USH1C	0.3864184805595095	140.0	0.9918427107299728	6	1
single_animal_model	usher	ENSG00000042781	USH2A	0.6169818206080413	6.0	0.999686258104999	5	1
single_animal_model	usher	ENSG00000095397	WHRN	0.10116588400953613	1679.0	0.8852227567454507	5	1
single_animal_model	usher	ENSG00000107736	CDH23	0.4467999638758269	77.0	0.9956599037858188	5	1
single_animal_model	usher	ENSG00000137474	MYO7A	0.4981184715284661	45.0	0.9975946454716587	5	1
single_animal_model	usher	ENSG00000150275	PCDH15	0.4467999638758269	81.0	0.9956599037858188	5	1
single_animal_model	usher	ENSG00000163646	CLRN1	0.4004402789546017	133.0	0.99299309767831	5	1
single_animal_model	usher	ENSG00000164199	ADGRV1	0.2732638955124275	407.0	0.9785609705082619	6	1
single_animal_model	usher	ENSG00000182040	USH1G	0.06382856626797527	4301.0	0.7595168374816984	5	1
single_animal_model	syscilia	ENSG00000011143	MKS1	0.2593593472294852	419.0	0.9743777452415813	6	1
single_animal_model	syscilia	ENSG00000032742	IFT88	0.6624633070450289	2.0	0.9999477096841665	6	1
single_animal_model	syscilia	ENSG00000046651	OFD1	0.13439207976021025	1136.0	0.9376699435264589	5	1
single_animal_model	syscilia	ENSG00000048342	CC2D2A	0.5187186944589705	32.0	0.9982744195774943	6	1
single_animal_model	syscilia	ENSG00000103494	RPGRIP1L	0.31358151944049056	276.0	0.9836331311441121	6	1
single_animal_model	syscilia	ENSG00000110274	CEP164	0.030349765202860837	5336.0	0.7197761974482326	6	1
single_animal_model	syscilia	ENSG00000113971	NPHP3	0.13439207976021025	1148.0	0.9376699435264589	6	1
single_animal_model	syscilia	ENSG00000122507	BBS9	0.15902543065647515	961.0	0.9491738130098306	6	1
single_animal_model	syscilia	ENSG00000125124	BBS2	0.4657805850023331	60.0	0.9968102907341561	6	1
single_animal_model	syscilia	ENSG00000131697	NPHP4	0.5052818296390845	42.0	0.9978038067349927	6	1
single_animal_model	syscilia	ENSG00000138002	IFT172	0.5369815013784041	24.0	0.9987973227358293	6	1
single_animal_model	syscilia	ENSG00000138686	BBS7	0.2593593472294852	460.0	0.9743777452415813	6	1
single_animal_model	syscilia	ENSG00000140463	BBS4	0.371059338198442	178.0	0.990221710939134	6	1
single_animal_model	syscilia	ENSG00000144061	NPHP1	0.22339998193791344	606.0	0.9659590043923866	6	1
single_animal_model	syscilia	ENSG00000148384	INPP5E	0.47449346488843125	53.0	0.997124032629157	6	1
single_animal_model	syscilia	ENSG00000149483	TMEM138	0.1770402970166882	850.0	0.9532001673290107	6	1
single_animal_model	syscilia	ENSG00000156313	RPGR	0.3367361044875726	233.0	0.9878163564107927	5	1
single_animal_model	syscilia	ENSG00000163093	BBS5	0.45656956245360913	66.0	0.996391968207488	6	1
single_animal_model	syscilia	ENSG00000164953	TMEM67	0.1822635044611917	750.0	0.9606776824932023	6	1
single_animal_model	syscilia	ENSG00000168778	TCTN2	0.2593593472294852	476.0	0.9743777452415813	6	1
single_animal_model	syscilia	ENSG00000169379	ARL13B	0.45656956245360913	67.0	0.996391968207488	6	1
single_animal_model	syscilia	ENSG00000174483	BBS1	0.5480996352151303	21.0	0.9989541936833298	6	1
single_animal_model	syscilia	ENSG00000179941	BBS10	0.19467712711732457	714.0	0.9625078435473751	6	1
single_animal_model	syscilia	ENSG00000187049	TMEM216	0.4827593291673987	52.0	0.9973331938924911	6	1
single_animal_model	syscilia	ENSG00000187535	IFT140	0.10116588400953613	2127.0	0.8852227567454507	6	1
single_animal_model	syscilia	ENSG00000198707	CEP290	0.6367390650354422	4.0	0.9998431290524995	6	1
single_animal_model	syscilia	ENSG00000204852	TCTN1	0.1770402970166882	894.0	0.9532001673290107	6	1
single_animal_model	syscilia	ENSG00000205084	TMEM231	0.06382856626797527	4523.0	0.7595168374816984	6	1
single_animal_model	housekeeping	ENSG00000073578	SDHA	0.0	6259.0	0.0	6	1
single_animal_model	housekeeping	ENSG00000075624	ACTB	0.06382856626797527	2870.0	0.7595168374816984	5	1
single_animal_model	housekeeping	ENSG00000089157	RPLP0	0.047871424700981456	4749.0	0.7346789374607823	6	1
single_animal_model	housekeeping	ENSG00000102144	PGK1	0.0	7191.0	0.0	4	1
single_animal_model	housekeeping	ENSG00000111640	GAPDH	0.12765713253595054	1257.0	0.9266889772014223	6	1
single_animal_model	housekeeping	ENSG00000112592	TBP	0.0	8126.0	0.0	6	1
single_animal_model	housekeeping	ENSG00000142541	RPL13A	0.0	10865.0	0.0	6	1
single_animal_model	housekeeping	ENSG00000144713	RPL32	0.0	11101.0	0.0	6	1
single_animal_model	housekeeping	ENSG00000150991	UBC	0.10116588400953613	1939.0	0.8852227567454507	5	1
single_animal_model	housekeeping	ENSG00000164924	YWHAZ	0.10116588400953613	2008.0	0.8852227567454507	5	1
single_animal_model	housekeeping	ENSG00000165704	HPRT1	0.0	13204.0	0.0	5	1
single_animal_model	housekeeping	ENSG00000166710	B2M	0.0	13370.0	0.0	6	1
single_animal_model	housekeeping	ENSG00000196262	PPIA	0.10116588400953613	2141.0	0.8852227567454507	5	1
loo_animal_model	usher	ENSG00000006611	USH1C	0.5525627283028647	5823.0	0.7096548972671055	6	5
loo_animal_model	usher	ENSG00000042781	USH2A	0.7042272260445263	862.0	0.9570616397366846	5	4
loo_animal_model	usher	ENSG00000095397	WHRN	0.751998272544349	414.0	0.9794035507680032	5	4
loo_animal_model	usher	ENSG00000107736	CDH23	0.7695776858590192	297.0	0.9852383802114503	5	4
loo_animal_model	usher	ENSG00000137474	MYO7A	0.7088668614211311	798.0	0.9602533413125873	5	4
loo_animal_model	usher	ENSG00000150275	PCDH15	0.7760660582699801	259.0	0.9871334530221424	5	4
loo_animal_model	usher	ENSG00000163646	CLRN1	0.5539809696495206	5756.0	0.7129962098543786	5	4
loo_animal_model	usher	ENSG00000164199	ADGRV1	0.698322570329451	946.0	0.9528725314183124	6	5
loo_animal_model	usher	ENSG00000182040	USH1G	0.6264630576409731	2718.0	0.8645022940355077	5	4
loo_animal_model	syscilia	ENSG00000011143	MKS1	0.552952821863545	5801.0	0.710752044683822	6	5
loo_animal_model	syscilia	ENSG00000032742	IFT88	0.6392372952685701	2264.0	0.8871434270895672	6	5
loo_animal_model	syscilia	ENSG00000046651	OFD1	0.7002233476755771	916.0	0.9543686415320167	5	4
loo_animal_model	syscilia	ENSG00000048342	CC2D2A	0.6122857981311782	3250.0	0.8379712746858169	6	5
loo_animal_model	syscilia	ENSG00000103494	RPGRIP1L	0.6062110570202699	3462.0	0.8273987632156393	6	5
loo_animal_model	syscilia	ENSG00000110274	CEP164	0.7585210850682753	361.0	0.9820466786355476	6	5
loo_animal_model	syscilia	ENSG00000113971	NPHP3	0.619406066706652	2981.0	0.8513863953720328	6	5
loo_animal_model	syscilia	ENSG00000122507	BBS9	0.6183418949587078	3021.0	0.8493915818870935	6	5
loo_animal_model	syscilia	ENSG00000125124	BBS2	0.5931332086823787	4028.0	0.7991721524037503	6	5
loo_animal_model	syscilia	ENSG00000131697	NPHP4	0.5850835147406527	4330.0	0.7841113105924596	6	5
loo_animal_model	syscilia	ENSG00000138002	IFT172	0.6507166144846459	1926.0	0.903999601037303	6	5
loo_animal_model	syscilia	ENSG00000138686	BBS7	0.641174187619742	2197.0	0.8904847396768402	6	5
loo_animal_model	syscilia	ENSG00000140463	BBS4	0.6179766007565418	3034.0	0.8487432675044884	6	5
loo_animal_model	syscilia	ENSG00000144061	NPHP1	0.6095696775093624	3349.0	0.8330341113105925	6	5
loo_animal_model	syscilia	ENSG00000148384	INPP5E	0.6179637393019419	3036.0	0.8486435268302414	6	5
loo_animal_model	syscilia	ENSG00000149483	TMEM138	0.5743221683812388	4853.0	0.7580291242768801	6	5
loo_animal_model	syscilia	ENSG00000156313	RPGR	0.5460782736638159	6157.0	0.6929982046678635	5	4
loo_animal_model	syscilia	ENSG00000163093	BBS5	0.6177749019882206	3046.0	0.8481448234590065	6	5
loo_animal_model	syscilia	ENSG00000164953	TMEM67	0.5872925744091521	4250.0	0.7881009375623379	6	5
loo_animal_model	syscilia	ENSG00000168778	TCTN2	0.5528867438877767	5804.0	0.7106024336724516	6	5
loo_animal_model	syscilia	ENSG00000169379	ARL13B	0.6528931382333975	1879.0	0.9063435068821065	6	5
loo_animal_model	syscilia	ENSG00000174483	BBS1	0.6324883436424271	2486.0	0.8760722122481548	6	5
loo_animal_model	syscilia	ENSG00000179941	BBS10	0.5071183302008667	7999.0	0.6011370436864153	6	5
loo_animal_model	syscilia	ENSG00000187049	TMEM216	0.5255683375027429	7134.0	0.6442748852982246	6	5
loo_animal_model	syscilia	ENSG00000187535	IFT140	0.5887743968467273	4191.0	0.7910432874526232	6	5
loo_animal_model	syscilia	ENSG00000198707	CEP290	0.7211244945497111	647.0	0.9677837622182326	6	5
loo_animal_model	syscilia	ENSG00000204852	TCTN1	0.5728206657748138	4916.0	0.754887293038101	6	5
loo_animal_model	syscilia	ENSG00000205084	TMEM231	0.5098937472304639	7863.0	0.6079194095352085	6	5
loo_animal_model	housekeeping	ENSG00000073578	SDHA	0.5914447797037807	4088.0	0.7961799321763415	6	5
loo_animal_model	housekeeping	ENSG00000075624	ACTB	0.8621180509729801	30.0	0.9985537602234191	5	4
loo_animal_model	housekeeping	ENSG00000089157	RPLP0	0.6881005799896924	1103.0	0.9450428884899262	6	5
loo_animal_model	housekeeping	ENSG00000102144	PGK1	0.8200181494228235	105.0	0.9948134849391582	4	3
loo_animal_model	housekeeping	ENSG00000111640	GAPDH	0.6315304578699757	2526.0	0.8740773987632157	6	5
loo_animal_model	housekeeping	ENSG00000112592	TBP	0.5591171159308993	5530.0	0.7242669060442849	6	5
loo_animal_model	housekeeping	ENSG00000142541	RPL13A	0.7114772322214526	756.0	0.9623478954717734	6	5
loo_animal_model	housekeeping	ENSG00000144713	RPL32	0.657123180539986	1762.0	0.9121783363255536	6	5
loo_animal_model	housekeeping	ENSG00000150991	UBC	0.7563518014201354	378.0	0.9811988829044485	5	4
loo_animal_model	housekeeping	ENSG00000164924	YWHAZ	0.8407612151491176	52.0	0.9974566128067026	5	4
loo_animal_model	housekeeping	ENSG00000165704	HPRT1	0.5658076093660994	5236.0	0.7389287851585876	5	4
loo_animal_model	housekeeping	ENSG00000166710	B2M	0.603173808915429	3581.0	0.8214641930979454	6	5
loo_animal_model	housekeeping	ENSG00000196262	PPIA	0.7698756929011132	294.0	0.9853879912228206	5	4
perturb_animal_model_-0.10	usher	ENSG00000006611	USH1C	0.5433324923171227	4840.0	0.7586774386594853	6	6
perturb_animal_model_-0.10	usher	ENSG00000042781	USH2A	0.6984108656820939	494.0	0.9754139237981249	5	5
perturb_animal_model_-0.10	usher	ENSG00000095397	WHRN	0.7086094466420281	422.0	0.9790045880710153	5	5
perturb_animal_model_-0.10	usher	ENSG00000107736	CDH23	0.7480591710601395	182.0	0.9909734689806503	5	5
perturb_animal_model_-0.10	usher	ENSG00000137474	MYO7A	0.69481696876162	514.0	0.9744165170556554	5	5
perturb_animal_model_-0.10	usher	ENSG00000150275	PCDH15	0.7541149853103699	163.0	0.9919210053859964	5	5
perturb_animal_model_-0.10	usher	ENSG00000163646	CLRN1	0.5437449236031927	4820.0	0.759674845401955	5	5
perturb_animal_model_-0.10	usher	ENSG00000164199	ADGRV1	0.6747081995062831	705.0	0.9648912826650708	6	6
perturb_animal_model_-0.10	usher	ENSG00000182040	USH1G	0.58895409154944	2857.0	0.8575703171753442	5	5
perturb_animal_model_-0.10	syscilia	ENSG00000011143	MKS1	0.5366420732727639	5147.0	0.7433672451625774	6	6
perturb_animal_model_-0.10	syscilia	ENSG00000032742	IFT88	0.6405276292561511	1310.0	0.934719728705366	6	6
perturb_animal_model_-0.10	syscilia	ENSG00000046651	OFD1	0.6598068285387653	945.0	0.9529224017554359	5	5
perturb_animal_model_-0.10	syscilia	ENSG00000048342	CC2D2A	0.6070876257049445	2157.0	0.8924795531617794	6	6
perturb_animal_model_-0.10	syscilia	ENSG00000103494	RPGRIP1L	0.5899538604880599	2813.0	0.8597646120087772	6	6
perturb_animal_model_-0.10	syscilia	ENSG00000110274	CEP164	0.71806712285353	347.0	0.9827448633552763	6	6
perturb_animal_model_-0.10	syscilia	ENSG00000113971	NPHP3	0.5924608452096276	2713.0	0.8647516457211251	6	6
perturb_animal_model_-0.10	syscilia	ENSG00000122507	BBS9	0.5928243136085838	2701.0	0.8653500897666068	6	6
perturb_animal_model_-0.10	syscilia	ENSG00000125124	BBS2	0.5860580629223762	2981.0	0.8513863953720328	6	6
perturb_animal_model_-0.10	syscilia	ENSG00000131697	NPHP4	0.5806500877905655	3189.0	0.8410133652503491	6	6
perturb_animal_model_-0.10	syscilia	ENSG00000138002	IFT172	0.6443979970898547	1228.0	0.9388090963494913	6	6
perturb_animal_model_-0.10	syscilia	ENSG00000138686	BBS7	0.6199622520425054	1820.0	0.9092858567723918	6	6
perturb_animal_model_-0.10	syscilia	ENSG00000140463	BBS4	0.6042589750588697	2268.0	0.8869439457410732	6	6
perturb_animal_model_-0.10	syscilia	ENSG00000144061	NPHP1	0.5881158055331709	2892.0	0.8558248553760224	6	6
perturb_animal_model_-0.10	syscilia	ENSG00000148384	INPP5E	0.6099931685011915	2073.0	0.8966686614801516	6	6
perturb_animal_model_-0.10	syscilia	ENSG00000149483	TMEM138	0.5522509533054305	4411.0	0.7800718132854578	6	6
perturb_animal_model_-0.10	syscilia	ENSG00000156313	RPGR	0.5311252615797986	5410.0	0.7302513464991023	5	5
perturb_animal_model_-0.10	syscilia	ENSG00000163093	BBS5	0.6088190497918533	2106.0	0.8950229403550768	6	6
perturb_animal_model_-0.10	syscilia	ENSG00000164953	TMEM67	0.5647909594120432	3853.0	0.8078994614003591	6	6
perturb_animal_model_-0.10	syscilia	ENSG00000168778	TCTN2	0.5365796662956493	5153.0	0.7430680231398364	6	6
perturb_animal_model_-0.10	syscilia	ENSG00000169379	ARL13B	0.6419862729122982	1280.0	0.9362158388190704	6	6
perturb_animal_model_-0.10	syscilia	ENSG00000174483	BBS1	0.6278000820631329	1614.0	0.9195591462198285	6	6
perturb_animal_model_-0.10	syscilia	ENSG00000179941	BBS10	0.4897604855851144	7488.0	0.626620785956513	6	6
perturb_animal_model_-0.10	syscilia	ENSG00000187049	TMEM216	0.5231900592618904	5788.0	0.7114003590664273	6	6
perturb_animal_model_-0.10	syscilia	ENSG00000187535	IFT140	0.5616850350224389	3990.0	0.8010672252144424	6	6
perturb_animal_model_-0.10	syscilia	ENSG00000198707	CEP290	0.7164364151322518	359.0	0.9821464193097945	6	6
perturb_animal_model_-0.10	syscilia	ENSG00000204852	TCTN1	0.5508328675104736	4481.0	0.7765808896868143	6	6
perturb_animal_model_-0.10	syscilia	ENSG00000205084	TMEM231	0.4851123482881034	7732.0	0.6144524236983842	6	6
perturb_animal_model_-0.10	housekeeping	ENSG00000073578	SDHA	0.5585867363869039	4121.0	0.7945342110512668	6	6
perturb_animal_model_-0.10	housekeeping	ENSG00000075624	ACTB	0.8088987519926464	34.0	0.9983542788749252	5	5
perturb_animal_model_-0.10	housekeeping	ENSG00000089157	RPLP0	0.6525322935847642	1059.0	0.9472371833233593	6	6
perturb_animal_model_-0.10	housekeeping	ENSG00000102144	PGK1	0.7454710449298394	196.0	0.9902752842609216	4	4
perturb_animal_model_-0.10	housekeeping	ENSG00000111640	GAPDH	0.6035374953514189	2289.0	0.8858966686614802	6	6
perturb_animal_model_-0.10	housekeeping	ENSG00000112592	TBP	0.5280550539347383	5559.0	0.7228206662677039	6	6
perturb_animal_model_-0.10	housekeeping	ENSG00000142541	RPL13A	0.6719507193202608	747.0	0.9627967285058847	6	6
perturb_animal_model_-0.10	housekeeping	ENSG00000144713	RPL32	0.6206163371766535	1797.0	0.9104328745262318	6	6
perturb_animal_model_-0.10	housekeeping	ENSG00000150991	UBC	0.7126727402594287	389.0	0.9806503091960902	5	5
perturb_animal_model_-0.10	housekeeping	ENSG00000164924	YWHAZ	0.7914548597398121	59.0	0.9971075204468383	5	5
perturb_animal_model_-0.10	housekeeping	ENSG00000165704	HPRT1	0.5253927801256638	5686.0	0.7164871334530222	5	5
perturb_animal_model_-0.10	housekeeping	ENSG00000166710	B2M	0.569664152864572	3624.0	0.8193197686016358	6	6
perturb_animal_model_-0.10	housekeeping	ENSG00000196262	PPIA	0.7252950389750081	292.0	0.9854877318970676	5	5
perturb_animal_model_-0.05	usher	ENSG00000006611	USH1C	0.5350738601193535	3905.0	0.8053062038699381	6	6
perturb_animal_model_-0.05	usher	ENSG00000042781	USH2A	0.6933215503649656	269.0	0.9866347496509077	5	5
perturb_animal_model_-0.05	usher	ENSG00000095397	WHRN	0.6706442239774973	433.0	0.9784560143626571	5	5
perturb_animal_model_-0.05	usher	ENSG00000107736	CDH23	0.7292304706111201	115.0	0.9943147815679234	5	5
perturb_animal_model_-0.05	usher	ENSG00000137474	MYO7A	0.6825233126845479	344.0	0.9828944743666467	5	5
perturb_animal_model_-0.05	usher	ENSG00000150275	PCDH15	0.7349077964707109	99.0	0.995112706961899	5	5
perturb_animal_model_-0.05	usher	ENSG00000163646	CLRN1	0.5347883833126558	3917.0	0.8047077598244564	5	5
perturb_animal_model_-0.05	usher	ENSG00000164199	ADGRV1	0.653579551927659	561.0	0.9720726112108518	6	6
perturb_animal_model_-0.05	usher	ENSG00000182040	USH1G	0.5561337462193484	2972.0	0.851835228406144	5	5
perturb_animal_model_-0.05	syscilia	ENSG00000011143	MKS1	0.5220482455862756	4525.0	0.7743865948533812	6	6
perturb_animal_model_-0.05	syscilia	ENSG00000032742	IFT88	0.6416821386134605	692.0	0.965539597047676	6	6
perturb_animal_model_-0.05	syscilia	ENSG00000046651	OFD1	0.6247791786201949	961.0	0.9521244763614602	5	5
perturb_animal_model_-0.05	syscilia	ENSG00000048342	CC2D2A	0.6024366293235773	1461.0	0.9271893077997208	6	6
perturb_animal_model_-0.05	syscilia	ENSG00000103494	RPGRIP1L	0.5754079478013457	2220.0	0.8893377219230002	6	6
perturb_animal_model_-0.05	syscilia	ENSG00000110274	CEP164	0.6818714724508632	348.0	0.9826949930181528	6	6
perturb_animal_model_-0.05	syscilia	ENSG00000113971	NPHP3	0.568351962817553	2482.0	0.8762716935966487	6	6
perturb_animal_model_-0.05	syscilia	ENSG00000122507	BBS9	0.5699927934532096	2424.0	0.8791641731498105	6	6
perturb_animal_model_-0.05	syscilia	ENSG00000125124	BBS2	0.5797276693476371	2070.0	0.896818272491522	6	6
perturb_animal_model_-0.05	syscilia	ENSG00000131697	NPHP4	0.5766833373615402	2171.0	0.8917813684420507	6	6
perturb_animal_model_-0.05	syscilia	ENSG00000138002	IFT172	0.6387444973155677	728.0	0.9637442649112308	6	6
perturb_animal_model_-0.05	syscilia	ENSG00000138686	BBS7	0.6009831517891886	1495.0	0.9254937163375224	6	6
perturb_animal_model_-0.05	syscilia	ENSG00000140463	BBS4	0.5919853099609523	1724.0	0.9140734091362458	6	6
perturb_animal_model_-0.05	syscilia	ENSG00000144061	NPHP1	0.5689202358702625	2464.0	0.8771693596648713	6	6
perturb_animal_model_-0.05	syscilia	ENSG00000148384	INPP5E	0.6028616051531513	1446.0	0.9279373628565729	6	6
perturb_animal_model_-0.05	syscilia	ENSG00000149483	TMEM138	0.5325030240270756	4012.0	0.7999700777977259	6	6
perturb_animal_model_-0.05	syscilia	ENSG00000156313	RPGR	0.5181659844403168	4726.0	0.7643626570915619	5	5
perturb_animal_model_-0.05	syscilia	ENSG00000163093	BBS5	0.6008059188793141	1501.0	0.9251944943147815	6	6
perturb_animal_model_-0.05	syscilia	ENSG00000164953	TMEM67	0.5446579354672615	3484.0	0.8263016157989228	6	6
perturb_animal_model_-0.05	syscilia	ENSG00000168778	TCTN2	0.5219891231869039	4528.0	0.7742369838420108	6	6
perturb_animal_model_-0.05	syscilia	ENSG00000169379	ARL13B	0.6322274986776303	810.0	0.9596548972671055	6	6
perturb_animal_model_-0.05	syscilia	ENSG00000174483	BBS1	0.6236053217027117	984.0	0.9509774586076202	6	6
perturb_animal_model_-0.05	syscilia	ENSG00000179941	BBS10	0.47422978250786224	6999.0	0.6510073808098943	6	6
perturb_animal_model_-0.05	syscilia	ENSG00000187049	TMEM216	0.5210621260990225	4582.0	0.7715439856373429	6	6
perturb_animal_model_-0.05	syscilia	ENSG00000187535	IFT140	0.5374471849691282	3792.0	0.8109415519648913	6	6
perturb_animal_model_-0.05	syscilia	ENSG00000198707	CEP290	0.7122418177587353	178.0	0.9911729503291442	6	6
perturb_animal_model_-0.05	syscilia	ENSG00000204852	TCTN1	0.5311595743265901	4073.0	0.7969279872331937	6	6
perturb_animal_model_-0.05	syscilia	ENSG00000205084	TMEM231	0.46293951765546504	7585.0	0.6217833632555356	6	6
perturb_animal_model_-0.05	housekeeping	ENSG00000073578	SDHA	0.5291874344718037	4164.0	0.7923897865549571	6	6
perturb_animal_model_-0.05	housekeeping	ENSG00000075624	ACTB	0.7623318653848545	43.0	0.9979054458408139	5	5
perturb_animal_model_-0.05	housekeeping	ENSG00000089157	RPLP0	0.6207080373277228	1050.0	0.9476860163574706	6	6
perturb_animal_model_-0.05	housekeeping	ENSG00000102144	PGK1	0.6833484578523529	338.0	0.9831936963893876	4	4
perturb_animal_model_-0.05	housekeeping	ENSG00000111640	GAPDH	0.5784911604663941	2111.0	0.8947735886694594	6	6
perturb_animal_model_-0.05	housekeeping	ENSG00000112592	TBP	0.5002626826750152	5601.0	0.7207261121085179	6	6
perturb_animal_model_-0.05	housekeeping	ENSG00000142541	RPL13A	0.6365848919876155	751.0	0.9625972471573908	6	6
perturb_animal_model_-0.05	housekeeping	ENSG00000144713	RPL32	0.5879523194305138	1832.0	0.90868741272691	6	6
perturb_animal_model_-0.05	housekeeping	ENSG00000150991	UBC	0.6744535617438104	408.0	0.979702772790744	5	5
perturb_animal_model_-0.05	housekeeping	ENSG00000164924	YWHAZ	0.74831179875667	67.0	0.9967085577498503	5	5
perturb_animal_model_-0.05	housekeeping	ENSG00000165704	HPRT1	0.49036659478395284	6123.0	0.6946937961300619	5	5
perturb_animal_model_-0.05	housekeeping	ENSG00000166710	B2M	0.5396818290295944	3697.0	0.8156792339916218	6	6
perturb_animal_model_-0.05	housekeeping	ENSG00000196262	PPIA	0.6862869667896662	308.0	0.984689806503092	5	5
perturb_animal_model_+0.05	usher	ENSG00000006611	USH1C	0.520916204923178	2321.0	0.8843008178735289	6	6
perturb_animal_model_+0.05	usher	ENSG00000042781	USH2A	0.6848393581697519	75.0	0.9963095950528625	5	5
perturb_animal_model_+0.05	usher	ENSG00000095397	WHRN	0.6073688528699461	473.0	0.9764612008777179	5	5
perturb_animal_model_+0.05	usher	ENSG00000107736	CDH23	0.6978493031960876	51.0	0.9975064831438261	5	5
perturb_animal_model_+0.05	usher	ENSG00000137474	MYO7A	0.6620338858894278	138.0	0.9931677638140833	5	5
perturb_animal_model_+0.05	usher	ENSG00000150275	PCDH15	0.7028958150712795	43.0	0.9979054458408139	5	5
perturb_animal_model_+0.05	usher	ENSG00000163646	CLRN1	0.5198608161617609	2365.0	0.8821065230400957	5	5
perturb_animal_model_+0.05	usher	ENSG00000164199	ADGRV1	0.6173590132214466	376.0	0.9812986235786954	6	6
perturb_animal_model_+0.05	usher	ENSG00000182040	USH1G	0.5014331706691959	3167.0	0.8421105126670656	5	5
perturb_animal_model_+0.05	syscilia	ENSG00000011143	MKS1	0.4970302552665813	3378.0	0.8315878715340116	6	6
perturb_animal_model_+0.05	syscilia	ENSG00000032742	IFT88	0.6436612975117052	210.0	0.9895770995411929	6	6
perturb_animal_model_+0.05	syscilia	ENSG00000046651	OFD1	0.5670865787543146	1036.0	0.9483842010771992	5	5
perturb_animal_model_+0.05	syscilia	ENSG00000048342	CC2D2A	0.5944634926698054	605.0	0.9698783163774187	6	6
perturb_animal_model_+0.05	syscilia	ENSG00000103494	RPGRIP1L	0.5504720974812644	1416.0	0.9294334729702772	6	6
perturb_animal_model_+0.05	syscilia	ENSG00000110274	CEP164	0.6198217860462918	363.0	0.9819469379613006	6	6
perturb_animal_model_+0.05	syscilia	ENSG00000113971	NPHP3	0.5270224501454251	2122.0	0.8942250149611012	6	6
perturb_animal_model_+0.05	syscilia	ENSG00000122507	BBS9	0.5308530446154255	1999.0	0.900359066427289	6	6
perturb_animal_model_+0.05	syscilia	ENSG00000125124	BBS2	0.5688755660766558	995.0	0.9504288848992619	6	6
perturb_animal_model_+0.05	syscilia	ENSG00000131697	NPHP4	0.5698831937689255	972.0	0.951575902653102	6	6
perturb_animal_model_+0.05	syscilia	ENSG00000138002	IFT172	0.6290527834167903	294.0	0.9853879912228206	6	6
perturb_animal_model_+0.05	syscilia	ENSG00000138686	BBS7	0.5684475513549312	1008.0	0.9497805705166567	6	6
perturb_animal_model_+0.05	syscilia	ENSG00000140463	BBS4	0.5709447412216657	940.0	0.9531717534410533	6	6
perturb_animal_model_+0.05	syscilia	ENSG00000144061	NPHP1	0.5360135450195627	1824.0	0.9090863754238979	6	6
perturb_animal_model_+0.05	syscilia	ENSG00000148384	INPP5E	0.5906360679850828	645.0	0.9678835028924796	6	6
perturb_animal_model_+0.05	syscilia	ENSG00000149483	TMEM138	0.49864943097846737	3292.0	0.8358767205266308	6	6
perturb_animal_model_+0.05	syscilia	ENSG00000156313	RPGR	0.49682129268117053	3391.0	0.8309395571514063	5	5
perturb_animal_model_+0.05	syscilia	ENSG00000163093	BBS5	0.587069123029247	687.0	0.9657889487332935	6	6
perturb_animal_model_+0.05	syscilia	ENSG00000164953	TMEM67	0.5101441801333502	2776.0	0.8616098144823459	6	6
perturb_animal_model_+0.05	syscilia	ENSG00000168778	TCTN2	0.4969767635719118	3382.0	0.8313883901855177	6	6
perturb_animal_model_+0.05	syscilia	ENSG00000169379	ARL13B	0.6154981714181998	393.0	0.9804508278475963	6	6
perturb_animal_model_+0.05	syscilia	ENSG00000174483	BBS1	0.6164143039419897	381.0	0.981049271893078	6	6
perturb_animal_model_+0.05	syscilia	ENSG00000179941	BBS10	0.44760572008971594	6004.0	0.7006283662477558	6	6
perturb_animal_model_+0.05	syscilia	ENSG00000187049	TMEM216	0.5174142406769631	2483.0	0.8762218232595252	6	6
perturb_animal_model_+0.05	syscilia	ENSG00000187535	IFT140	0.4958965848777386	3451.0	0.8279473369239976	6	6
perturb_animal_model_+0.05	syscilia	ENSG00000198707	CEP290	0.705051079404136	39.0	0.9981049271893078	6	6
perturb_animal_model_+0.05	syscilia	ENSG00000204852	TCTN1	0.49743392886850424	3353.0	0.8328346299620986	6	6
perturb_animal_model_+0.05	syscilia	ENSG00000205084	TMEM231	0.42492895085665666	7309.0	0.6355475763016158	6	6
perturb_animal_model_+0.05	housekeeping	ENSG00000073578	SDHA	0.4787886311887749	4297.0	0.7857570317175344	6	6
perturb_animal_model_+0.05	housekeeping	ENSG00000075624	ACTB	0.6847203877052013	77.0	0.9962098543786156	5	5
perturb_animal_model_+0.05	housekeeping	ENSG00000089157	RPLP0	0.5661521694585094	1051.0	0.9476361460203471	6	6
perturb_animal_model_+0.05	housekeeping	ENSG00000102144	PGK1	0.585727249587731	708.0	0.9647416716537004	4	4
perturb_animal_model_+0.05	housekeeping	ENSG00000111640	GAPDH	0.5355545863777805	1834.0	0.9085876720526631	6	6
perturb_animal_model_+0.05	housekeeping	ENSG00000112592	TBP	0.45261861765834716	5727.0	0.7144424496309595	6	6
perturb_animal_model_+0.05	housekeeping	ENSG00000142541	RPL13A	0.5759577594173665	840.0	0.9581587871534012	6	6
perturb_animal_model_+0.05	housekeeping	ENSG00000144713	RPL32	0.5319568604371316	1959.0	0.9023538799122282	6	6
perturb_animal_model_+0.05	housekeeping	ENSG00000150991	UBC	0.6107549308844468	440.0	0.9781069220027927	5	5
perturb_animal_model_+0.05	housekeeping	ENSG00000164924	YWHAZ	0.6764066971180995	96.0	0.9952623179732695	5	5
perturb_animal_model_+0.05	housekeeping	ENSG00000165704	HPRT1	0.4326764071623114	6869.0	0.6574905246359466	5	5
perturb_animal_model_+0.05	housekeeping	ENSG00000166710	B2M	0.4882835595982045	3819.0	0.8095950528625574	6	6
perturb_animal_model_+0.05	housekeeping	ENSG00000196262	PPIA	0.6212735131474296	351.0	0.9825453820067823	5	5
perturb_animal_model_+0.10	usher	ENSG00000006611	USH1C	0.5148026719975566	1784.0	0.911081188908837	6	6
perturb_animal_model_+0.10	usher	ENSG00000042781	USH2A	0.6812679088243986	47.0	0.99770596449232	5	5
perturb_animal_model_+0.10	usher	ENSG00000095397	WHRN	0.5807265913509772	513.0	0.9744663873927788	5	5
perturb_animal_model_+0.10	usher	ENSG00000107736	CDH23	0.6846361800739685	40.0	0.9980550568521843	5	5
perturb_animal_model_+0.10	usher	ENSG00000137474	MYO7A	0.6534067588177981	90.0	0.9955615399960104	5	5
perturb_animal_model_+0.10	usher	ENSG00000150275	PCDH15	0.6894170860609924	34.0	0.9983542788749252	5	5
perturb_animal_model_+0.10	usher	ENSG00000163646	CLRN1	0.513575524729805	1819.0	0.9093357271095153	5	5
perturb_animal_model_+0.10	usher	ENSG00000164199	ADGRV1	0.6017183260528547	318.0	0.9841911031318572	6	6
perturb_animal_model_+0.10	usher	ENSG00000182040	USH1G	0.478401349384921	3249.0	0.8380211450229403	5	5
perturb_animal_model_+0.10	syscilia	ENSG00000011143	MKS1	0.48622703217398594	2889.0	0.8559744663873928	6	6
perturb_animal_model_+0.10	syscilia	ENSG00000032742	IFT88	0.6445159343086744	119.0	0.9941153002194295	6	6
perturb_animal_model_+0.10	syscilia	ENSG00000046651	OFD1	0.5430479954768641	1042.0	0.9480849790544584	5	5
perturb_animal_model_+0.10	syscilia	ENSG00000048342	CC2D2A	0.5910205472965855	410.0	0.9796030321164971	6	6
perturb_animal_model_+0.10	syscilia	ENSG00000103494	RPGRIP1L	0.5397043439339564	1119.0	0.9442449630959505	6	6
perturb_animal_model_+0.10	syscilia	ENSG00000110274	CEP164	0.5930276032806812	395.0	0.9803510871733493	6	6
perturb_animal_model_+0.10	syscilia	ENSG00000113971	NPHP3	0.5091756151279152	1979.0	0.9013564731697586	6	6
perturb_animal_model_+0.10	syscilia	ENSG00000122507	BBS9	0.5139517894354731	1808.0	0.9098843008178735	6	6
perturb_animal_model_+0.10	syscilia	ENSG00000125124	BBS2	0.5641894305732774	690.0	0.965639337721923	6	6
perturb_animal_model_+0.10	syscilia	ENSG00000131697	NPHP4	0.5669467681266599	660.0	0.9671354478356273	6	6
perturb_animal_model_+0.10	syscilia	ENSG00000138002	IFT172	0.6248677251423181	187.0	0.990724117295033	6	6
perturb_animal_model_+0.10	syscilia	ENSG00000138686	BBS7	0.5543980875310472	825.0	0.9589068422102534	6	6
perturb_animal_model_+0.10	syscilia	ENSG00000140463	BBS4	0.5618590410842464	722.0	0.9640434869339717	6	6
perturb_animal_model_+0.10	syscilia	ENSG00000144061	NPHP1	0.5218038376067604	1585.0	0.9210053859964094	6	6
perturb_animal_model_+0.10	syscilia	ENSG00000148384	INPP5E	0.5853568587534168	465.0	0.9768601635747057	6	6
perturb_animal_model_+0.10	syscilia	ENSG00000149483	TMEM138	0.48403083398020463	2992.0	0.8508378216636745	6	6
perturb_animal_model_+0.10	syscilia	ENSG00000156313	RPGR	0.48792767111485946	2807.0	0.8600638340315181	5	5
perturb_animal_model_+0.10	syscilia	ENSG00000163093	BBS5	0.5811373248212635	509.0	0.9746658687412727	6	6
perturb_animal_model_+0.10	syscilia	ENSG00000164953	TMEM67	0.4952405130573429	2484.0	0.8761719529224018	6	6
perturb_animal_model_+0.10	syscilia	ENSG00000168778	TCTN2	0.48617597191998313	2893.0	0.8557749850388988	6	6
perturb_animal_model_+0.10	syscilia	ENSG00000169379	ARL13B	0.608274143737991	274.0	0.9863853979652902	6	6
perturb_animal_model_+0.10	syscilia	ENSG00000174483	BBS1	0.6133090917271324	241.0	0.988031119090365	6	6
perturb_animal_model_+0.10	syscilia	ENSG00000179941	BBS10	0.4361089658636981	5543.0	0.7236185916616796	6	6
perturb_animal_model_+0.10	syscilia	ENSG00000187049	TMEM216	0.5158390174265283	1764.0	0.9120785956513066	6	6
perturb_animal_model_+0.10	syscilia	ENSG00000187535	IFT140	0.4779542802928202	3271.0	0.8369239976062238	6	6
perturb_animal_model_+0.10	syscilia	ENSG00000198707	CEP290	0.7019459878419226	24.0	0.99885298224616	6	6
perturb_animal_model_+0.10	syscilia	ENSG00000204852	TCTN1	0.4828705819661489	3046.0	0.8481448234590065	6	6
perturb_animal_model_+0.10	syscilia	ENSG00000205084	TMEM231	0.40851529701171646	7147.0	0.6436265709156194	6	6
perturb_animal_model_+0.10	housekeeping	ENSG00000073578	SDHA	0.45702551158928506	4366.0	0.7823159784560144	6	6
perturb_animal_model_+0.10	housekeeping	ENSG00000075624	ACTB	0.6520418707874525	95.0	0.995312188310393	5	5
perturb_animal_model_+0.10	housekeeping	ENSG00000089157	RPLP0	0.5425939537877127	1055.0	0.9474366646718532	6	6
perturb_animal_model_+0.10	housekeeping	ENSG00000102144	PGK1	0.5466787662818823	952.0	0.9525733093955715	4	4
perturb_animal_model_+0.10	housekeeping	ENSG00000111640	GAPDH	0.5170137930213337	1727.0	0.9139237981248753	6	6
perturb_animal_model_+0.10	housekeeping	ENSG00000112592	TBP	0.4320450441284222	5781.0	0.7117494514262916	6	6
perturb_animal_model_+0.10	housekeeping	ENSG00000142541	RPL13A	0.5497778612620315	903.0	0.955016955914622	6	6
perturb_animal_model_+0.10	housekeeping	ENSG00000144713	RPL32	0.5077770031445348	2024.0	0.899112307999202	6	6
perturb_animal_model_+0.10	housekeeping	ENSG00000150991	UBC	0.5839344547331355	474.0	0.9764113305405945	5	5
perturb_animal_model_+0.10	housekeeping	ENSG00000164924	YWHAZ	0.6461308648492278	114.0	0.9943646519050469	5	5
perturb_animal_model_+0.10	housekeeping	ENSG00000165704	HPRT1	0.4086388289866274	7139.0	0.6440255336126072	5	5
perturb_animal_model_+0.10	housekeeping	ENSG00000166710	B2M	0.4660888523437406	3890.0	0.8060542589267904	6	6
perturb_animal_model_+0.10	housekeeping	ENSG00000196262	PPIA	0.5938994274033298	387.0	0.9807500498703371	5	5
single_literature	usher	ENSG00000006611	USH1C	0.9813415333298587	359.0	0.981340560825602	6	1
single_literature	usher	ENSG00000042781	USH2A	0.9976546620107365	46.0	0.9976545397685812	5	1
single_literature	usher	ENSG00000095397	WHRN	0.9913483087507167	167.0	0.9913478578129886	5	1
single_literature	usher	ENSG00000107736	CDH23	0.9921822067024548	151.0	0.9921817992286042	5	1
single_literature	usher	ENSG00000137474	MYO7A	0.9992703392922291	15.0	0.9992703012613364	5	1
single_literature	usher	ENSG00000150275	PCDH15	0.9648720487830302	675.0	0.9648702178671948	5	1
single_literature	usher	ENSG00000163646	CLRN1	0.9269818106009278	1402.0	0.9269780047951631	5	1
single_literature	usher	ENSG00000164199	ADGRV1	0.9917131391046021	160.0	0.9917127071823204	6	1
single_literature	usher	ENSG00000182040	USH1G	0.9841038202949914	306.0	0.9841029917648285	5	1
single_literature	syscilia	ENSG00000011143	MKS1	0.9975504247667691	48.0	0.9975502970916293	6	1
single_literature	syscilia	ENSG00000032742	IFT88	0.999009746182311	20.0	0.9990096945689565	6	1
single_literature	syscilia	ENSG00000046651	OFD1	0.9993224579142128	14.0	0.9993224225998124	5	1
single_literature	syscilia	ENSG00000048342	CC2D2A	0.993016104654193	135.0	0.9930157406442197	6	1
single_literature	syscilia	ENSG00000103494	RPGRIP1L	0.9979152551206546	41.0	0.9979151464609611	6	1
single_literature	syscilia	ENSG00000110274	CEP164	0.9969771199249492	59.0	0.9969769623683936	6	1
single_literature	syscilia	ENSG00000113971	NPHP3	0.9977067806327201	45.0	0.9977066611070572	6	1
single_literature	syscilia	ENSG00000122507	BBS9	0.9974461875228019	50.0	0.9974460544146774	6	1
single_literature	syscilia	ENSG00000125124	BBS2	0.9992182206702455	16.0	0.9992181799228604	6	1
single_literature	syscilia	ENSG00000131697	NPHP4	0.9979673737426382	40.0	0.9979672677994371	6	1
single_literature	syscilia	ENSG00000138002	IFT172	0.9944754260697347	107.0	0.994475138121547	6	1
single_literature	syscilia	ENSG00000138686	BBS7	0.9984885599624747	30.0	0.9984884811841969	6	1
single_literature	syscilia	ENSG00000140463	BBS4	0.9993745765361964	13.0	0.9993745439382883	6	1
single_literature	syscilia	ENSG00000144061	NPHP1	0.9985927972064419	28.0	0.9985927238611487	6	1
single_literature	syscilia	ENSG00000148384	INPP5E	0.996872882680982	61.0	0.9968727196914416	6	1
single_literature	syscilia	ENSG00000149483	TMEM138	0.979882211914317	387.0	0.9798811633482748	6	1
single_literature	syscilia	ENSG00000156313	RPGR	0.9989576275603274	21.0	0.9989575732304805	5	1
single_literature	syscilia	ENSG00000163093	BBS5	0.9973940689008183	51.0	0.9973939330762014	6	1
single_literature	syscilia	ENSG00000164953	TMEM67	0.9972377130348674	54.0	0.9972375690607734	6	1
single_literature	syscilia	ENSG00000168778	TCTN2	0.9885599624745922	221.0	0.9885333055352862	6	1
single_literature	syscilia	ENSG00000169379	ARL13B	0.9990618648042946	19.0	0.9990618159074325	6	1
single_literature	syscilia	ENSG00000174483	BBS1	0.9997394068900819	6.0	0.9997393933076202	6	1
single_literature	syscilia	ENSG00000179941	BBS10	0.9981758482305728	36.0	0.998175753153341	6	1
single_literature	syscilia	ENSG00000187049	TMEM216	0.9872569969250014	245.0	0.9872302720733869	6	1
single_literature	syscilia	ENSG00000187535	IFT140	0.9978110178766874	43.0	0.9978109037840092	6	1
single_literature	syscilia	ENSG00000198707	CEP290	0.9998436441340491	4.0	0.999843635984572	6	1
single_literature	syscilia	ENSG00000204852	TCTN1	0.9857194975764841	275.0	0.9857187532575836	6	1
single_literature	syscilia	ENSG00000205084	TMEM231	0.9883254286756659	225.0	0.9883248201813822	6	1
single_literature	housekeeping	ENSG00000073578	SDHA	0.8852347943920363	2203.0	0.8852288126759095	6	1
single_literature	housekeeping	ENSG00000075624	ACTB	0.9991661020482618	17.0	0.9991660585843845	5	1
single_literature	housekeeping	ENSG00000089157	RPLP0	0.8658466670141242	2575.0	0.865839674762848	6	1
single_literature	housekeeping	ENSG00000102144	PGK1	0.9622661176838485	725.0	0.9622641509433962	4	1
single_literature	housekeeping	ENSG00000111640	GAPDH	0.9718038255068536	542.0	0.9718023558844991	6	1
single_literature	housekeeping	ENSG00000112592	TBP	0.4457184552040444	10636.0	0.4456895653080371	6	1
single_literature	housekeeping	ENSG00000142541	RPL13A	0.9238546932819096	1462.0	0.9238507244866048	6	1
single_literature	housekeeping	ENSG00000144713	RPL32	0.8248553708239954	3361.0	0.8248201813822579	6	1
single_literature	housekeeping	ENSG00000150991	UBC	0.967894928858081	617.0	0.9678932554988012	5	1
single_literature	housekeeping	ENSG00000164924	YWHAZ	0.9324542659092094	1297.0	0.9324507453351402	5	1
single_literature	housekeeping	ENSG00000165704	HPRT1	0.6533590451868453	6652.0	0.6533409777963098	5	1
single_literature	housekeeping	ENSG00000166710	B2M	0.6677959034763121	6375.0	0.6677785885541541	6	1
single_literature	housekeeping	ENSG00000196262	PPIA	0.7832386511700631	4160.0	0.7832273532784322	5	1
loo_literature	usher	ENSG00000006611	USH1C	0.4475763072257442	6189.0	0.6914023538799122	6	5
loo_literature	usher	ENSG00000042781	USH2A	0.6226544743153772	392.0	0.9805006981847197	5	4
loo_literature	usher	ENSG00000095397	WHRN	0.561244895814096	1148.0	0.9427987233193696	5	4
loo_literature	usher	ENSG00000107736	CDH23	0.6527100623961704	208.0	0.9896768402154399	5	4
loo_literature	usher	ENSG00000137474	MYO7A	0.6014771754717533	586.0	0.9708258527827648	5	4
loo_literature	usher	ENSG00000150275	PCDH15	0.6650506115041509	150.0	0.9925693197686016	5	4
loo_literature	usher	ENSG00000163646	CLRN1	0.44115064143959354	6599.0	0.6709555156592859	5	4
loo_literature	usher	ENSG00000164199	ADGRV1	0.5715374096955379	963.0	0.9520247356872132	6	5
loo_literature	usher	ENSG00000182040	USH1G	0.42926121749232676	7469.0	0.6275683223618592	5	4
loo_literature	syscilia	ENSG00000011143	MKS1	0.4226838081804949	7919.0	0.6051266706562937	6	5
loo_literature	syscilia	ENSG00000032742	IFT88	0.5798467471855203	848.0	0.9577598244564133	6	5
loo_literature	syscilia	ENSG00000046651	OFD1	0.5006240296400382	3105.0	0.8452024735687214	5	4
loo_literature	syscilia	ENSG00000048342	CC2D2A	0.5285862551555507	1986.0	0.9010073808098943	6	5
loo_literature	syscilia	ENSG00000103494	RPGRIP1L	0.48544628013553504	3862.0	0.8074506283662477	6	5
loo_literature	syscilia	ENSG00000110274	CEP164	0.587939787176142	730.0	0.9636445242369839	6	5
loo_literature	syscilia	ENSG00000113971	NPHP3	0.46705641361150324	4948.0	0.7532914422501497	6	5
loo_literature	syscilia	ENSG00000122507	BBS9	0.47038529080582664	4754.0	0.7629662876521045	6	5
loo_literature	syscilia	ENSG00000125124	BBS2	0.49899715532921773	3184.0	0.8412627169359664	6	5
loo_literature	syscilia	ENSG00000131697	NPHP4	0.4981390069576726	3238.0	0.8385697187312986	6	5
loo_literature	syscilia	ENSG00000138002	IFT172	0.5699823924802934	994.0	0.9504787552363854	6	5
loo_literature	syscilia	ENSG00000138686	BBS7	0.5107396206668615	2622.0	0.8692898463993617	6	5
loo_literature	syscilia	ENSG00000140463	BBS4	0.5070974410498792	2789.0	0.8609615000997407	6	5
loo_literature	syscilia	ENSG00000144061	NPHP1	0.4727709454031515	4589.0	0.7711948932774786	6	5
loo_literature	syscilia	ENSG00000148384	INPP5E	0.52577913616208	2103.0	0.8951725513664472	6	5
loo_literature	syscilia	ENSG00000149483	TMEM138	0.4326441833993043	7219.0	0.6400359066427289	6	5
loo_literature	syscilia	ENSG00000156313	RPGR	0.39325792218548794	10013.0	0.5006981847197287	5	4
loo_literature	syscilia	ENSG00000163093	BBS5	0.5223352832034189	2199.0	0.8903849990025933	6	5
loo_literature	syscilia	ENSG00000164953	TMEM67	0.4434735964255623	6456.0	0.6780869738679434	6	5
loo_literature	syscilia	ENSG00000168778	TCTN2	0.42420428237393426	7814.0	0.6103630560542589	6	5
loo_literature	syscilia	ENSG00000169379	ARL13B	0.557159202524453	1236.0	0.9384101336525035	6	5
loo_literature	syscilia	ENSG00000174483	BBS1	0.5527872074644945	1344.0	0.9330241372431678	6	5
loo_literature	syscilia	ENSG00000179941	BBS10	0.3653244382397053	12093.0	0.39696788350289247	6	5
loo_literature	syscilia	ENSG00000187049	TMEM216	0.43653933731022476	6946.0	0.6536505086774387	6	5
loo_literature	syscilia	ENSG00000187535	IFT140	0.43054290263487704	7367.0	0.632655096748454	6	5
loo_literature	syscilia	ENSG00000198707	CEP290	0.657047215885251	185.0	0.9908238579692799	6	5
loo_literature	syscilia	ENSG00000204852	TCTN1	0.43011257155837923	7405.0	0.6307600239377619	6	5
loo_literature	syscilia	ENSG00000205084	TMEM231	0.34674724209969493	13389.0	0.33233592659086375	6	5
loo_literature	housekeeping	ENSG00000073578	SDHA	0.4352268748110684	7047.0	0.6486136046279672	6	5
loo_literature	housekeeping	ENSG00000075624	ACTB	0.6616885790200615	159.0	0.9921204867344903	5	4
loo_literature	housekeeping	ENSG00000089157	RPLP0	0.5437520078167849	1570.0	0.9217534410532615	6	5
loo_literature	housekeeping	ENSG00000102144	PGK1	0.5313383141176689	1898.0	0.9053959704767605	4	3
loo_literature	housekeeping	ENSG00000111640	GAPDH	0.48256339440452223	4029.0	0.7991222820666267	6	5
loo_literature	housekeeping	ENSG00000112592	TBP	0.480460917953715	4165.0	0.7923399162178336	6	5
loo_literature	housekeeping	ENSG00000142541	RPL13A	0.5484440510540568	1455.0	0.9274885298224615	6	5
loo_literature	housekeeping	ENSG00000144713	RPL32	0.5115604680416339	2588.0	0.8709854378615599	6	5
loo_literature	housekeeping	ENSG00000150991	UBC	0.57062414895259	984.0	0.9509774586076202	5	4
loo_literature	housekeeping	ENSG00000164924	YWHAZ	0.6626279904563306	156.0	0.9922700977458607	5	4
loo_literature	housekeeping	ENSG00000165704	HPRT1	0.41503244509221204	8456.0	0.5783462996209854	5	4
loo_literature	housekeeping	ENSG00000166710	B2M	0.48532747300784457	3872.0	0.806951924995013	6	5
loo_literature	housekeeping	ENSG00000196262	PPIA	0.6237172427952861	385.0	0.9808497905445841	5	4
perturb_literature_-0.10	usher	ENSG00000006611	USH1C	0.47722993089819504	4637.0	0.7688011170955515	6	6
perturb_literature_-0.10	usher	ENSG00000042781	USH2A	0.6476544868284012	244.0	0.9878815080789947	5	5
perturb_literature_-0.10	usher	ENSG00000095397	WHRN	0.5899184566765375	732.0	0.9635447835627369	5	5
perturb_literature_-0.10	usher	ENSG00000107736	CDH23	0.675341538683256	124.0	0.993865948533812	5	5
perturb_literature_-0.10	usher	ENSG00000137474	MYO7A	0.6279967197264515	377.0	0.9812487532415719	5	5
perturb_literature_-0.10	usher	ENSG00000150275	PCDH15	0.6850387073227429	102.0	0.9949630959505287	5	5
perturb_literature_-0.10	usher	ENSG00000163646	CLRN1	0.4735393860503491	4857.0	0.7578296429283862	5	5
perturb_literature_-0.10	usher	ENSG00000164199	ADGRV1	0.5948805057738192	676.0	0.9663375224416517	6	6
perturb_literature_-0.10	usher	ENSG00000182040	USH1G	0.4662507243458378	5299.0	0.7357869539198085	5	5
perturb_literature_-0.10	syscilia	ENSG00000011143	MKS1	0.45462084243528794	6002.0	0.7007281069220028	6	6
perturb_literature_-0.10	syscilia	ENSG00000032742	IFT88	0.6031335804631198	586.0	0.9708258527827648	6	6
perturb_literature_-0.10	syscilia	ENSG00000046651	OFD1	0.5362453459453363	1917.0	0.9044484340714143	5	5
perturb_literature_-0.10	syscilia	ENSG00000048342	CC2D2A	0.5543879134610308	1419.0	0.9292838619589069	6	6
perturb_literature_-0.10	syscilia	ENSG00000103494	RPGRIP1L	0.5139167787458194	2779.0	0.8614602034709755	6	6
perturb_literature_-0.10	syscilia	ENSG00000110274	CEP164	0.6106640834399647	511.0	0.9745661280670257	6	6
perturb_literature_-0.10	syscilia	ENSG00000113971	NPHP3	0.4965369895571264	3623.0	0.8193696389387592	6	6
perturb_literature_-0.10	syscilia	ENSG00000122507	BBS9	0.4996664517345475	3452.0	0.8278974665868741	6	6
perturb_literature_-0.10	syscilia	ENSG00000125124	BBS2	0.5267872145148305	2251.0	0.8877917414721723	6	6
perturb_literature_-0.10	syscilia	ENSG00000131697	NPHP4	0.5259072495568374	2286.0	0.8860462796728505	6	6
perturb_literature_-0.10	syscilia	ENSG00000138002	IFT172	0.5935653387908179	687.0	0.9657889487332935	6	6
perturb_literature_-0.10	syscilia	ENSG00000138686	BBS7	0.5378367839610622	1875.0	0.9065429882306004	6	6
perturb_literature_-0.10	syscilia	ENSG00000140463	BBS4	0.5344461707991192	1987.0	0.9009575104727708	6	6
perturb_literature_-0.10	syscilia	ENSG00000144061	NPHP1	0.5019832705033344	3326.0	0.8341811290644324	6	6
perturb_literature_-0.10	syscilia	ENSG00000148384	INPP5E	0.5519510109686858	1485.0	0.9259924197087572	6	6
perturb_literature_-0.10	syscilia	ENSG00000149483	TMEM138	0.46304629609458287	5498.0	0.7258627568322362	6	6
perturb_literature_-0.10	syscilia	ENSG00000156313	RPGR	0.4365221868551193	7135.0	0.6442250149611012	5	5
perturb_literature_-0.10	syscilia	ENSG00000163093	BBS5	0.5487274379643855	1560.0	0.9222521444244963	6	6
perturb_literature_-0.10	syscilia	ENSG00000164953	TMEM67	0.4742382695705237	4819.0	0.7597247157390784	6	6
perturb_literature_-0.10	syscilia	ENSG00000168778	TCTN2	0.45555737571285976	5946.0	0.7035208458009176	6	6
perturb_literature_-0.10	syscilia	ENSG00000169379	ARL13B	0.5817093504288886	865.0	0.9569120287253142	6	6
perturb_literature_-0.10	syscilia	ENSG00000174483	BBS1	0.5776178852103605	935.0	0.9534211051266707	6	6
perturb_literature_-0.10	syscilia	ENSG00000179941	BBS10	0.40048284990586464	9624.0	0.5200977458607621	6	6
perturb_literature_-0.10	syscilia	ENSG00000187049	TMEM216	0.467134762844379	5243.0	0.7385796927987233	6	6
perturb_literature_-0.10	syscilia	ENSG00000187535	IFT140	0.4620577979260888	5555.0	0.7230201476161979	6	6
perturb_literature_-0.10	syscilia	ENSG00000198707	CEP290	0.6760914618990732	121.0	0.9940155595451825	6	6
perturb_literature_-0.10	syscilia	ENSG00000204852	TCTN1	0.46097962300382955	5619.0	0.7198284460402953	6	6
perturb_literature_-0.10	syscilia	ENSG00000205084	TMEM231	0.38239047468724896	10831.0	0.4599042489527229	6	6
perturb_literature_-0.10	housekeeping	ENSG00000073578	SDHA	0.46022731478778894	5673.0	0.7171354478356273	6	6
perturb_literature_-0.10	housekeeping	ENSG00000075624	ACTB	0.684187080555275	104.0	0.9948633552762817	5	5
perturb_literature_-0.10	housekeeping	ENSG00000089157	RPLP0	0.5616461555499705	1241.0	0.9381607819668861	6	6
perturb_literature_-0.10	housekeeping	ENSG00000102144	PGK1	0.5705135689873215	1073.0	0.9465389986036306	4	4
perturb_literature_-0.10	housekeeping	ENSG00000111640	GAPDH	0.5097434183546519	2980.0	0.8514362657091562	6	6
perturb_literature_-0.10	housekeeping	ENSG00000112592	TBP	0.4785307811342889	4575.0	0.7718930779972073	6	6
perturb_literature_-0.10	housekeeping	ENSG00000142541	RPL13A	0.569300197844493	1102.0	0.9450927588270497	6	6
perturb_literature_-0.10	housekeeping	ENSG00000144713	RPL32	0.5289657404184318	2170.0	0.8918312387791741	6	6
perturb_literature_-0.10	housekeeping	ENSG00000150991	UBC	0.5971088676129562	652.0	0.9675344105326152	5	5
perturb_literature_-0.10	housekeeping	ENSG00000164924	YWHAZ	0.6806164088198557	111.0	0.9945142629164173	5	5
perturb_literature_-0.10	housekeeping	ENSG00000165704	HPRT1	0.43205577367040027	7419.0	0.6300618392180332	5	5
perturb_literature_-0.10	housekeeping	ENSG00000166710	B2M	0.4954646080338706	3675.0	0.8167763814083383	6	6
perturb_literature_-0.10	housekeeping	ENSG00000196262	PPIA	0.6343520033536046	331.0	0.9835427887492519	5	5
perturb_literature_-0.05	usher	ENSG00000006611	USH1C	0.5037621204998615	3686.0	0.81622780769998	6	6
perturb_literature_-0.05	usher	ENSG00000042781	USH2A	0.6695294977772971	176.0	0.9912726910033912	5	5
perturb_literature_-0.05	usher	ENSG00000095397	WHRN	0.6150078224311736	544.0	0.9729204069419509	5	5
perturb_literature_-0.05	usher	ENSG00000107736	CDH23	0.6951440804344559	98.0	0.9951625772990226	5	5
perturb_literature_-0.05	usher	ENSG00000137474	MYO7A	0.6512013209493127	271.0	0.9865350089766607	5	5
perturb_literature_-0.05	usher	ENSG00000150275	PCDH15	0.7025282911640108	76.0	0.9962597247157391	5	5
perturb_literature_-0.05	usher	ENSG00000163646	CLRN1	0.5018795375847603	3791.0	0.8109914223020147	5	5
perturb_literature_-0.05	usher	ENSG00000164199	ADGRV1	0.6157664338438603	535.0	0.9733692399760623	6	6
perturb_literature_-0.05	usher	ENSG00000182040	USH1G	0.4986165428426598	3950.0	0.8030620386993816	5	5
perturb_literature_-0.05	syscilia	ENSG00000011143	MKS1	0.483196083610629	4765.0	0.7624177139437462	6	6
perturb_literature_-0.05	syscilia	ENSG00000032742	IFT88	0.6239691681325509	464.0	0.9769100339118293	6	6
perturb_literature_-0.05	syscilia	ENSG00000046651	OFD1	0.5671171534099281	1329.0	0.93377219230002	5	5
perturb_literature_-0.05	syscilia	ENSG00000048342	CC2D2A	0.5774736077343551	1108.0	0.9447935368043088	6	6
perturb_literature_-0.05	syscilia	ENSG00000103494	RPGRIP1L	0.5393903827655476	2147.0	0.8929782565330142	6	6
perturb_literature_-0.05	syscilia	ENSG00000110274	CEP164	0.6309963485181217	416.0	0.9793038100937562	6	6
perturb_literature_-0.05	syscilia	ENSG00000113971	NPHP3	0.5229143469821576	2781.0	0.8613604627967285	6	6
perturb_literature_-0.05	syscilia	ENSG00000122507	BBS9	0.5258653851970871	2650.0	0.8678934769599043	6	6
perturb_literature_-0.05	syscilia	ENSG00000125124	BBS2	0.5516520043124838	1750.0	0.9127767803710353	6	6
perturb_literature_-0.05	syscilia	ENSG00000131697	NPHP4	0.5507525192508269	1772.0	0.9116796329543188	6	6
perturb_literature_-0.05	syscilia	ENSG00000138002	IFT172	0.6146658697002345	549.0	0.9726710552563336	6	6
perturb_literature_-0.05	syscilia	ENSG00000138686	BBS7	0.5620816142769259	1452.0	0.927638140833832	6	6
perturb_literature_-0.05	syscilia	ENSG00000140463	BBS4	0.5589160868905442	1551.0	0.9227009774586076	6	6
perturb_literature_-0.05	syscilia	ENSG00000144061	NPHP1	0.5281206140140242	2568.0	0.8719828446040295	6	6
perturb_literature_-0.05	syscilia	ENSG00000148384	INPP5E	0.5753679515851223	1156.0	0.9423997606223818	6	6
perturb_literature_-0.05	syscilia	ENSG00000149483	TMEM138	0.4902481864008846	4394.0	0.780919609016557	6	6
perturb_literature_-0.05	syscilia	ENSG00000156313	RPGR	0.47401788290213315	5263.0	0.7375822860562538	5	5
perturb_literature_-0.05	syscilia	ENSG00000163093	BBS5	0.5723414711715662	1215.0	0.9394574107320965	6	6
perturb_literature_-0.05	syscilia	ENSG00000164953	TMEM67	0.501764556068647	3798.0	0.8106423299421505	6	6
perturb_literature_-0.05	syscilia	ENSG00000168778	TCTN2	0.48361014343716147	4750.0	0.7631657690005984	6	6
perturb_literature_-0.05	syscilia	ENSG00000169379	ARL13B	0.6036752722381205	655.0	0.9673847995212448	6	6
perturb_literature_-0.05	syscilia	ENSG00000174483	BBS1	0.5998348074040301	702.0	0.9650408936764413	6	6
perturb_literature_-0.05	syscilia	ENSG00000179941	BBS10	0.43194037613348074	7749.0	0.6136046279672851	6	6
perturb_literature_-0.05	syscilia	ENSG00000187049	TMEM216	0.49450961726967485	4187.0	0.7912427688011171	6	6
perturb_literature_-0.05	syscilia	ENSG00000187535	IFT140	0.49025533581822556	4392.0	0.7810193496908039	6	6
perturb_literature_-0.05	syscilia	ENSG00000198707	CEP290	0.6931310504377561	102.0	0.9949630959505287	6	6
perturb_literature_-0.05	syscilia	ENSG00000204852	TCTN1	0.4885975111392324	4477.0	0.7767803710353082	6	6
perturb_literature_-0.05	syscilia	ENSG00000205084	TMEM231	0.4142817880550603	8849.0	0.5587472571314582	6	6
perturb_literature_-0.05	housekeeping	ENSG00000073578	SDHA	0.4825961295038018	4801.0	0.760622381807301	6	6
perturb_literature_-0.05	housekeeping	ENSG00000075624	ACTB	0.7038732693985865	73.0	0.9964093357271095	5	5
perturb_literature_-0.05	housekeeping	ENSG00000089157	RPLP0	0.5776567087849259	1103.0	0.9450428884899262	6	6
perturb_literature_-0.05	housekeeping	ENSG00000102144	PGK1	0.603159614712032	659.0	0.9671853181727509	4	4
perturb_literature_-0.05	housekeeping	ENSG00000111640	GAPDH	0.5340623871521362	2337.0	0.8835028924795532	6	6
perturb_literature_-0.05	housekeeping	ENSG00000112592	TBP	0.4768038166116444	5122.0	0.7446140035906643	6	6
perturb_literature_-0.05	housekeeping	ENSG00000142541	RPL13A	0.5879609607622518	898.0	0.9552663076002393	6	6
perturb_literature_-0.05	housekeeping	ENSG00000144713	RPL32	0.5445388788608299	1962.0	0.9022042689008578	6	6
perturb_literature_-0.05	housekeeping	ENSG00000150991	UBC	0.6202829964407764	492.0	0.9755136644723719	5	5
perturb_literature_-0.05	housekeeping	ENSG00000164924	YWHAZ	0.6963562748879403	96.0	0.9952623179732695	5	5
perturb_literature_-0.05	housekeeping	ENSG00000165704	HPRT1	0.4468093251048298	6845.0	0.65868741272691	5	5
perturb_literature_-0.05	housekeeping	ENSG00000166710	B2M	0.5045346762150517	3650.0	0.8180231398364253	6	6
perturb_literature_-0.05	housekeeping	ENSG00000196262	PPIA	0.6436574188421332	322.0	0.9839916217833633	5	5
perturb_literature_+0.05	usher	ENSG00000006611	USH1C	0.5492458741027185	2645.0	0.8681428286455216	6	6
perturb_literature_+0.05	usher	ENSG00000042781	USH2A	0.7059878493587906	115.0	0.9943147815679234	5	5
perturb_literature_+0.05	usher	ENSG00000095397	WHRN	0.656823432022234	370.0	0.9815978456014363	5	5
perturb_literature_+0.05	usher	ENSG00000107736	CDH23	0.728148316686456	60.0	0.9970576501097147	5	5
perturb_literature_+0.05	usher	ENSG00000137474	MYO7A	0.6898756563207479	181.0	0.9910233393177738	5	5
perturb_literature_+0.05	usher	ENSG00000150275	PCDH15	0.7316775975661242	53.0	0.997406742469579	5	5
perturb_literature_+0.05	usher	ENSG00000163646	CLRN1	0.5491131234754457	2651.0	0.8678436066227808	5	5
perturb_literature_+0.05	usher	ENSG00000164199	ADGRV1	0.6515708819639311	404.0	0.9799022541392379	6	6
perturb_literature_+0.05	usher	ENSG00000182040	USH1G	0.5525595736706967	2530.0	0.8738779174147218	5	5
perturb_literature_+0.05	syscilia	ENSG00000011143	MKS1	0.5321822113397853	3344.0	0.8332834629962098	6	6
perturb_literature_+0.05	syscilia	ENSG00000032742	IFT88	0.6596873184230043	347.0	0.9827448633552763	6	6
perturb_literature_+0.05	syscilia	ENSG00000046651	OFD1	0.6179648362927853	775.0	0.9614003590664273	5	5
perturb_literature_+0.05	syscilia	ENSG00000048342	CC2D2A	0.6170490836314827	791.0	0.9606024336724516	6	6
perturb_literature_+0.05	syscilia	ENSG00000103494	RPGRIP1L	0.5830594182279388	1535.0	0.9234989028525833	6	6
perturb_literature_+0.05	syscilia	ENSG00000110274	CEP164	0.6658516600806769	305.0	0.9848394175144624	6	6
perturb_literature_+0.05	syscilia	ENSG00000113971	NPHP3	0.568132673996497	1950.0	0.9028027129463395	6	6
perturb_literature_+0.05	syscilia	ENSG00000122507	BBS9	0.570777842561441	1876.0	0.906493117893477	6	6
perturb_literature_+0.05	syscilia	ENSG00000125124	BBS2	0.5942773582513183	1249.0	0.9377618192698982	6	6
perturb_literature_+0.05	syscilia	ENSG00000131697	NPHP4	0.593344410154809	1269.0	0.9367644125274287	6	6
perturb_literature_+0.05	syscilia	ENSG00000138002	IFT172	0.6508382084020917	405.0	0.9798523838021145	6	6
perturb_literature_+0.05	syscilia	ENSG00000138686	BBS7	0.6036441805326926	1052.0	0.9475862756832236	6	6
perturb_literature_+0.05	syscilia	ENSG00000140463	BBS4	0.6008645144758445	1102.0	0.9450927588270497	6	6
perturb_literature_+0.05	syscilia	ENSG00000144061	NPHP1	0.5729274886037783	1811.0	0.9097346898065031	6	6
perturb_literature_+0.05	syscilia	ENSG00000148384	INPP5E	0.6155112783561567	809.0	0.959704767604229	6	6
perturb_literature_+0.05	syscilia	ENSG00000149483	TMEM138	0.536879998354545	3158.0	0.842559345701177	6	6
perturb_literature_+0.05	syscilia	ENSG00000156313	RPGR	0.5357754999207442	3204.0	0.8402653101934969	5	5
perturb_literature_+0.05	syscilia	ENSG00000163093	BBS5	0.6128226709553046	850.0	0.9576600837821664	6	6
perturb_literature_+0.05	syscilia	ENSG00000164953	TMEM67	0.5489524757797157	2655.0	0.8676441252742868	6	6
perturb_literature_+0.05	syscilia	ENSG00000168778	TCTN2	0.5317006023931073	3362.0	0.8323857969279872	6	6
perturb_literature_+0.05	syscilia	ENSG00000169379	ARL13B	0.6413311381968039	502.0	0.9750149611011371	6	6
perturb_literature_+0.05	syscilia	ENSG00000174483	BBS1	0.637920959736035	539.0	0.9731697586275683	6	6
perturb_literature_+0.05	syscilia	ENSG00000179941	BBS10	0.48586756395225156	5601.0	0.7207261121085179	6	6
perturb_literature_+0.05	syscilia	ENSG00000187049	TMEM216	0.5414379391416109	2958.0	0.8525334131258727	6	6
perturb_literature_+0.05	syscilia	ENSG00000187535	IFT140	0.5385939722047458	3075.0	0.8466985836824257	6	6
perturb_literature_+0.05	syscilia	ENSG00000198707	CEP290	0.7223417736469269	69.0	0.9966088170756034	6	6
perturb_literature_+0.05	syscilia	ENSG00000204852	TCTN1	0.5359424622284946	3196.0	0.8406642728904847	6	6
perturb_literature_+0.05	syscilia	ENSG00000205084	TMEM231	0.4689526109713086	6479.0	0.6769399561141033	6	6
perturb_literature_+0.05	housekeeping	ENSG00000073578	SDHA	0.5209426690169672	3842.0	0.8084480351087173	6	6
perturb_literature_+0.05	housekeeping	ENSG00000075624	ACTB	0.7366835841374395	46.0	0.9977558348294434	5	5
perturb_literature_+0.05	housekeeping	ENSG00000089157	RPLP0	0.6051033714734211	1017.0	0.9493317374825454	6	6
perturb_literature_+0.05	housekeeping	ENSG00000102144	PGK1	0.654460543708006	381.0	0.981049271893078	4	4
perturb_literature_+0.05	housekeeping	ENSG00000111640	GAPDH	0.5757520479478235	1729.0	0.9138240574506283	6	6
perturb_literature_+0.05	housekeeping	ENSG00000112592	TBP	0.4738433060013969	6217.0	0.6900059844404548	6	6
perturb_literature_+0.05	housekeeping	ENSG00000142541	RPL13A	0.6199508400498384	743.0	0.9629962098543786	6	6
perturb_literature_+0.05	housekeeping	ENSG00000144713	RPL32	0.5712356876192267	1865.0	0.9070416916018352	6	6
perturb_literature_+0.05	housekeeping	ENSG00000150991	UBC	0.6589065444871437	357.0	0.9822461599840415	5	5
perturb_literature_+0.05	housekeeping	ENSG00000164924	YWHAZ	0.7225893850014148	68.0	0.9966586874127269	5	5
perturb_literature_+0.05	housekeeping	ENSG00000165704	HPRT1	0.4711092921733023	6350.0	0.6833732296030322	5	5
perturb_literature_+0.05	housekeeping	ENSG00000166710	B2M	0.520083364525648	3886.0	0.8062537402752843	6	6
perturb_literature_+0.05	housekeeping	ENSG00000196262	PPIA	0.6591664446563477	353.0	0.9824456413325354	5	5
perturb_literature_+0.10	usher	ENSG00000006611	USH1C	0.5688865858857701	2354.0	0.882655096748454	6	6
perturb_literature_+0.10	usher	ENSG00000042781	USH2A	0.7213387342352086	95.0	0.995312188310393	5	5
perturb_literature_+0.10	usher	ENSG00000095397	WHRN	0.6744300044816277	316.0	0.9842908438061041	5	5
perturb_literature_+0.10	usher	ENSG00000107736	CDH23	0.7420448372136136	55.0	0.9973070017953322	5	5
perturb_literature_+0.10	usher	ENSG00000137474	MYO7A	0.7061595870034574	146.0	0.9927688011170955	5	5
perturb_literature_+0.10	usher	ENSG00000150275	PCDH15	0.7439509897354349	52.0	0.9974566128067026	5	5
perturb_literature_+0.10	usher	ENSG00000163646	CLRN1	0.5690009491136289	2348.0	0.8829543187711949	5	5
perturb_literature_+0.10	usher	ENSG00000164199	ADGRV1	0.6670318936521433	363.0	0.9819469379613006	6	6
perturb_literature_+0.10	usher	ENSG00000182040	USH1G	0.575272428756186	2125.0	0.8940754039497307	5	5
perturb_literature_+0.10	syscilia	ENSG00000011143	MKS1	0.5533353119501027	2947.0	0.853081986834231	6	6
perturb_literature_+0.10	syscilia	ENSG00000032742	IFT88	0.6751110651393363	311.0	0.9845401954917216	6	6
perturb_literature_+0.10	syscilia	ENSG00000046651	OFD1	0.6391513708273089	623.0	0.9689806503091961	5	5
perturb_literature_+0.10	syscilia	ENSG00000048342	CC2D2A	0.6341384936779694	707.0	0.9647915419908238	6	6
perturb_literature_+0.10	syscilia	ENSG00000103494	RPGRIP1L	0.6019165017230622	1329.0	0.93377219230002	6	6
perturb_literature_+0.10	syscilia	ENSG00000110274	CEP164	0.6809028173463255	266.0	0.986784360662278	6	6
perturb_literature_+0.10	syscilia	ENSG00000113971	NPHP3	0.5876587697526889	1737.0	0.9134250947536405	6	6
perturb_literature_+0.10	syscilia	ENSG00000122507	BBS9	0.5901718582415029	1662.0	0.9171653700379014	6	6
perturb_literature_+0.10	syscilia	ENSG00000125124	BBS2	0.6126837610885423	1098.0	0.9452922401755436	6	6
perturb_literature_+0.10	syscilia	ENSG00000131697	NPHP4	0.6117363630451648	1120.0	0.9441950927588271	6	6
perturb_literature_+0.10	syscilia	ENSG00000138002	IFT172	0.6664580819324392	369.0	0.9816477159385597	6	6
perturb_literature_+0.10	syscilia	ENSG00000138686	BBS7	0.6215916523249554	912.0	0.9545681228805106	6	6
perturb_literature_+0.10	syscilia	ENSG00000140463	BBS4	0.6189786082058605	973.0	0.9515260323159784	6	6
perturb_literature_+0.10	syscilia	ENSG00000144061	NPHP1	0.5922759117220812	1585.0	0.9210053859964094	6	6
perturb_literature_+0.10	syscilia	ENSG00000148384	INPP5E	0.6328458967345577	723.0	0.9639936165968482	6	6
perturb_literature_+0.10	syscilia	ENSG00000149483	TMEM138	0.5570164626072618	2799.0	0.8604627967285059	6	6
perturb_literature_+0.10	syscilia	ENSG00000156313	RPGR	0.5615078403451655	2614.0	0.8696888090963495	5	5
perturb_literature_+0.10	syscilia	ENSG00000163093	BBS5	0.6303031890437369	753.0	0.9624975064831438	6	6
perturb_literature_+0.10	syscilia	ENSG00000164953	TMEM67	0.5693290774731317	2333.0	0.8837023738280471	6	6
perturb_literature_+0.10	syscilia	ENSG00000168778	TCTN2	0.5524669369422656	2984.0	0.8512367843606623	6	6
perturb_literature_+0.10	syscilia	ENSG00000169379	ARL13B	0.6575916257698715	439.0	0.9781567923399163	6	6
perturb_literature_+0.10	syscilia	ENSG00000174483	BBS1	0.6543672527884917	479.0	0.976161978854977	6	6
perturb_literature_+0.10	syscilia	ENSG00000179941	BBS10	0.5091543041467206	4917.0	0.7548374227009774	6	6
perturb_literature_+0.10	syscilia	ENSG00000187049	TMEM216	0.5617024417681284	2605.0	0.8701376421304609	6	6
perturb_literature_+0.10	syscilia	ENSG00000187535	IFT140	0.5594674742807431	2697.0	0.8655495711151008	6	6
perturb_literature_+0.10	syscilia	ENSG00000198707	CEP290	0.7349554950327052	65.0	0.9968082984240973	6	6
perturb_literature_+0.10	syscilia	ENSG00000204852	TCTN1	0.5563868729261304	2821.0	0.8593656493117894	6	6
perturb_literature_+0.10	syscilia	ENSG00000205084	TMEM231	0.4925604663215066	5721.0	0.7147416716537004	6	6
perturb_literature_+0.10	housekeeping	ENSG00000073578	SDHA	0.5375014019885611	3581.0	0.8214641930979454	6	6
perturb_literature_+0.10	housekeeping	ENSG00000075624	ACTB	0.750498453501167	40.0	0.9980550568521843	5	5
perturb_literature_+0.10	housekeeping	ENSG00000089157	RPLP0	0.6169553394525439	1018.0	0.949281867145422	6	6
perturb_literature_+0.10	housekeeping	ENSG00000102144	PGK1	0.6749809153063954	312.0	0.984490325154598	4	4
perturb_literature_+0.10	housekeeping	ENSG00000111640	GAPDH	0.593754401473234	1544.0	0.9230500698184719	6	6
perturb_literature_+0.10	housekeeping	ENSG00000112592	TBP	0.47256490369242626	6731.0	0.6643726311589866	6	6
perturb_literature_+0.10	housekeeping	ENSG00000142541	RPL13A	0.633764651560387	712.0	0.9645421903052065	6	6
perturb_literature_+0.10	housekeeping	ENSG00000144713	RPL32	0.5827638550376252	1880.0	0.9062936365449831	6	6
perturb_literature_+0.10	housekeeping	ENSG00000150991	UBC	0.6751690910329824	309.0	0.9846399361659685	5	5
perturb_literature_+0.10	housekeeping	ENSG00000164924	YWHAZ	0.7336349050491933	70.0	0.99655894673848	5	5
perturb_literature_+0.10	housekeeping	ENSG00000165704	HPRT1	0.4812342784518324	6294.0	0.6861659684819469	5	5
perturb_literature_+0.10	housekeeping	ENSG00000166710	B2M	0.5267975708415872	4058.0	0.7976760422900459	6	6
perturb_literature_+0.10	housekeeping	ENSG00000196262	PPIA	0.6656965607886485	375.0	0.9813484939158189	5	5
no_cerebellum	usher	ENSG00000006611	USH1C	0.5539356321976329	1814.0	0.9095850787951326	6	6
no_cerebellum	usher	ENSG00000042781	USH2A	0.7595616424842688	14.0	0.9993516856173947	5	5
no_cerebellum	usher	ENSG00000095397	WHRN	0.6891817487651682	118.0	0.994165170556553	5	5
no_cerebellum	usher	ENSG00000107736	CDH23	0.6285427553649309	472.0	0.9765110712148414	5	5
no_cerebellum	usher	ENSG00000137474	MYO7A	0.7412999949822604	27.0	0.9987033712347896	5	5
no_cerebellum	usher	ENSG00000150275	PCDH15	0.7644170395196025	12.0	0.9994514262916417	5	5
no_cerebellum	usher	ENSG00000163646	CLRN1	0.5817916502764794	1154.0	0.9424995012966287	5	5
no_cerebellum	usher	ENSG00000164199	ADGRV1	0.6558415902322201	246.0	0.9877817674047477	6	6
no_cerebellum	usher	ENSG00000182040	USH1G	0.5498630483142309	1936.0	0.9035008976660682	5	5
no_cerebellum	syscilia	ENSG00000011143	MKS1	0.516731156326662	3228.0	0.8390684221025334	6	6
no_cerebellum	syscilia	ENSG00000032742	IFT88	0.6934419677920204	110.0	0.9945641332535408	6	6
no_cerebellum	syscilia	ENSG00000046651	OFD1	0.6299750886307506	452.0	0.977508477957311	5	5
no_cerebellum	syscilia	ENSG00000048342	CC2D2A	0.6449533989514832	308.0	0.984689806503092	6	6
no_cerebellum	syscilia	ENSG00000103494	RPGRIP1L	0.5930140608241251	931.0	0.9536205864751646	6	6
no_cerebellum	syscilia	ENSG00000110274	CEP164	0.6731165764521012	171.0	0.9915220426890086	6	6
no_cerebellum	syscilia	ENSG00000113971	NPHP3	0.5860132963528315	1061.0	0.9471374426491123	6	6
no_cerebellum	syscilia	ENSG00000122507	BBS9	0.5784145925777475	1219.0	0.9392579293836026	6	6
no_cerebellum	syscilia	ENSG00000125124	BBS2	0.5819936806214628	1148.0	0.9427987233193696	6	6
no_cerebellum	syscilia	ENSG00000131697	NPHP4	0.6166692775104806	613.0	0.9694793536804309	6	6
no_cerebellum	syscilia	ENSG00000138002	IFT172	0.6617018162599535	223.0	0.9889287851585876	6	6
no_cerebellum	syscilia	ENSG00000138686	BBS7	0.5758546426792348	1269.0	0.9367644125274287	6	6
no_cerebellum	syscilia	ENSG00000140463	BBS4	0.611935887007804	671.0	0.9665868741272691	6	6
no_cerebellum	syscilia	ENSG00000144061	NPHP1	0.5995051323077247	833.0	0.9585078795132655	6	6
no_cerebellum	syscilia	ENSG00000148384	INPP5E	0.5548347456698366	1796.0	0.9104827448633552	6	6
no_cerebellum	syscilia	ENSG00000149483	TMEM138	0.5173711838193396	3201.0	0.8404149212048674	6	6
no_cerebellum	syscilia	ENSG00000156313	RPGR	0.4888203276819709	4622.0	0.7695491721524037	5	5
no_cerebellum	syscilia	ENSG00000163093	BBS5	0.6139952393441833	650.0	0.9676341512068621	6	6
no_cerebellum	syscilia	ENSG00000164953	TMEM67	0.5551683901328129	1785.0	0.9110313185717136	6	6
no_cerebellum	syscilia	ENSG00000168778	TCTN2	0.5058826833217019	3754.0	0.8128366247755835	6	6
no_cerebellum	syscilia	ENSG00000169379	ARL13B	0.61903359918912	591.0	0.9705765010971474	6	6
no_cerebellum	syscilia	ENSG00000174483	BBS1	0.6167339203471002	611.0	0.9695790943546778	6	6
no_cerebellum	syscilia	ENSG00000179941	BBS10	0.4415349487741463	7177.0	0.642130460801915	6	6
no_cerebellum	syscilia	ENSG00000187049	TMEM216	0.48994821781544623	4565.0	0.772391781368442	6	6
no_cerebellum	syscilia	ENSG00000187535	IFT140	0.5460283775722986	2070.0	0.896818272491522	6	6
no_cerebellum	syscilia	ENSG00000198707	CEP290	0.7192986641986959	52.0	0.9974566128067026	6	6
no_cerebellum	syscilia	ENSG00000204852	TCTN1	0.5264061727478783	2848.0	0.8580191502094554	6	6
no_cerebellum	syscilia	ENSG00000205084	TMEM231	0.4422258764018988	7138.0	0.6440754039497307	6	6
no_cerebellum	housekeeping	ENSG00000073578	SDHA	0.4699208690404218	5629.0	0.7193297426690605	6	6
no_cerebellum	housekeeping	ENSG00000075624	ACTB	0.7758832509843823	8.0	0.9996509076401356	5	5
no_cerebellum	housekeeping	ENSG00000089157	RPLP0	0.6169612331812684	609.0	0.9696788350289248	6	6
no_cerebellum	housekeeping	ENSG00000102144	PGK1	0.6589444182791786	234.0	0.9883802114502294	4	4
no_cerebellum	housekeeping	ENSG00000111640	GAPDH	0.5657248517265694	1509.0	0.9247955316177937	6	6
no_cerebellum	housekeeping	ENSG00000112592	TBP	0.4718256438379406	5534.0	0.724067424695791	6	6
no_cerebellum	housekeeping	ENSG00000142541	RPL13A	0.6270998516831239	488.0	0.9757131458208658	6	6
no_cerebellum	housekeeping	ENSG00000144713	RPL32	0.5787043662898085	1214.0	0.93950728106922	6	6
no_cerebellum	housekeeping	ENSG00000150991	UBC	0.6255794603746868	505.0	0.9748653500897666	5	5
no_cerebellum	housekeeping	ENSG00000164924	YWHAZ	0.7173455294223142	57.0	0.9972072611210852	5	5
no_cerebellum	housekeeping	ENSG00000165704	HPRT1	0.4863529506243978	4745.0	0.7634151206862159	5	5
no_cerebellum	housekeeping	ENSG00000166710	B2M	0.5515992793828218	1886.0	0.9059944145222422	6	6
no_cerebellum	housekeeping	ENSG00000196262	PPIA	0.6516109994735966	269.0	0.9866347496509077	5	5
