control_group	control_id	control_symbol	comparator_id	comparator_symbol	squared_distance	log_pubmed_sd_difference	log_go_sd_difference	scheme	control_score	comparator_score	concordance	common_layers
syscilia	ENSG00000011143	MKS1	ENSG00000145020	AMT	0.030162594549279186	0.0722780012981521	0.1579192359328765	default	0.5089138006684361	0.4795220989567287	1.0	6
syscilia	ENSG00000011143	MKS1	ENSG00000155465	SLC7A7	0.010498602807829199	-0.06750884050190065	0.07707891580658188	default	0.5089138006684361	0.47039148195784236	1.0	5
syscilia	ENSG00000011143	MKS1	ENSG00000176715	ACSF3	0.021338355339768515	0.023530071817035925	-0.1441689670492705	default	0.5089138006684361	0.3286774924341168	1.0	6
syscilia	ENSG00000032742	IFT88	ENSG00000008056	SYN1	0.07131649912700963	-0.19127142954676657	0.18636453355224525	default	0.6427211970350388	0.6323208378387899	1.0	4
syscilia	ENSG00000032742	IFT88	ENSG00000100427	MLC1	0.02940691554989839	-0.16774135772972976	0.03563358607950118	default	0.6427211970350388	0.5279094584668926	1.0	6
syscilia	ENSG00000032742	IFT88	ENSG00000120693	SMAD9	0.04351521846509199	-0.09372021713027578	0.18636453355224525	default	0.6427211970350388	0.44931054545523896	1.0	6
syscilia	ENSG00000046651	OFD1	ENSG00000106327	TFR2	0.002777337926906311	0.02446761245755269	0.04667626664090996	default	0.5941299849414458	0.40999930383250505	1.0	5
syscilia	ENSG00000046651	OFD1	ENSG00000125505	MBOAT7	0.0015620508134909024	-0.03952278853384339	0.0	default	0.5941299849414458	0.4659493629801122	1.0	5
syscilia	ENSG00000046651	OFD1	ENSG00000134755	DSC2	0.0015620508134909024	-0.03952278853384339	0.0	default	0.5941299849414458	0.4536807484267083	1.0	5
syscilia	ENSG00000048342	CC2D2A	ENSG00000140326	CDAN1	0.05676426027386997	-0.13667112235993795	0.19515446340461917	default	0.598250732580347	0.28195282755631035	1.0	6
syscilia	ENSG00000048342	CC2D2A	ENSG00000147180	ZNF711	0.05486010210812104	-0.23422233477642784	0.0	default	0.598250732580347	0.3675195612777665	1.0	5
syscilia	ENSG00000048342	CC2D2A	ENSG00000147251	DOCK11	0.01867899568712513	-0.13667112235993795	0.0	default	0.598250732580347	0.45694643703021365	1.0	4
syscilia	ENSG00000103494	RPGRIP1L	ENSG00000083720	OXCT1	0.0	0.0	0.0	default	0.562316626383303	0.5728114316022741	0.0	6
syscilia	ENSG00000103494	RPGRIP1L	ENSG00000139718	SETD1B	0.0	0.0	0.0	default	0.562316626383303	0.5441576306739104	1.0	6
syscilia	ENSG00000103494	RPGRIP1L	ENSG00000143390	RFX5	0.018333785657409084	0.027295298794193457	0.1326225935545855	default	0.562316626383303	0.4449164817633011	1.0	6
syscilia	ENSG00000110274	CEP164	ENSG00000134759	ELP2	0.03444491784134633	-0.06300530654991832	0.17457161621494244	default	0.6492953870884632	0.4146212398571633	1.0	6
syscilia	ENSG00000110274	CEP164	ENSG00000166228	PCBD1	0.03149844205020073	-0.03198738598734785	0.17457161621494244	default	0.6492953870884632	0.29117808215238306	1.0	6
syscilia	ENSG00000110274	CEP164	ENSG00000184752	NDUFA12	0.01497099593335489	-0.12235602123865785	0.0	default	0.6492953870884632	0.3972751798815093	1.0	6
syscilia	ENSG00000113971	NPHP3	ENSG00000111877	MCM9	0.056764260273869625	0.13667112235993795	-0.19515446340461828	default	0.5466539686646859	0.3105415575172953	1.0	6
syscilia	ENSG00000113971	NPHP3	ENSG00000135241	PNPLA8	0.00034011383517263495	0.01844217544577198	0.0	default	0.5466539686646859	0.48609378129547626	1.0	6
syscilia	ENSG00000113971	NPHP3	ENSG00000137090	DMRT1	0.015128350866724375	0.11599338786226276	-0.04091313773055116	default	0.5466539686646859	0.41700195440962295	1.0	5
syscilia	ENSG00000122507	BBS9	ENSG00000068831	RASGRP2	0.00044538343545660224	0.021104109444764596	0.0	default	0.5494444253133729	0.3488782900612414	1.0	6
syscilia	ENSG00000122507	BBS9	ENSG00000122787	AKR1D1	0.0	0.0	0.0	default	0.5494444253133729	0.36102168564702053	1.0	6
syscilia	ENSG00000122507	BBS9	ENSG00000163389	POGLUT1	0.0018192398862880085	0.04265254841493071	0.0	default	0.5494444253133729	0.34794382438891497	1.0	6
syscilia	ENSG00000125124	BBS2	ENSG00000087053	MTMR2	0.07889047356051841	-0.028833260083853673	-0.279390616652484	default	0.5740303151303718	0.40783294602213827	1.0	6
syscilia	ENSG00000125124	BBS2	ENSG00000132740	IGHMBP2	0.01532559190060963	-0.12379657467236171	0.0	default	0.5740303151303718	0.4156541865805268	1.0	6
syscilia	ENSG00000125124	BBS2	ENSG00000172575	RASGRP1	0.026798168895239616	0.02966912215210371	-0.16099040991923452	default	0.5740303151303718	0.4631672747514257	1.0	6
syscilia	ENSG00000131697	NPHP4	ENSG00000117305	HMGCL	0.032514764849206575	-0.17340168870522632	0.049463311690407075	default	0.5731132619754176	0.42999684629648877	1.0	5
syscilia	ENSG00000131697	NPHP4	ENSG00000160688	FLAD1	0.024387380977918007	-0.031017920562570467	0.15305315933325936	default	0.5731132619754176	0.46154450226206567	1.0	6
syscilia	ENSG00000131697	NPHP4	ENSG00000169692	AGPAT2	0.027651153541387617	0.06500679933280473	0.15305315933325936	default	0.5731132619754176	0.43329860967283673	1.0	5
syscilia	ENSG00000138002	IFT172	ENSG00000101577	LPIN2	0.004416291164497938	0.022495697756601984	-0.06253186985003367	default	0.6336563475187096	0.38155710078877264	1.0	6
syscilia	ENSG00000138002	IFT172	ENSG00000139132	FGD4	0.0004845229318751042	-0.022011881606875505	0.0	default	0.6336563475187096	0.507253379171061	1.0	6
syscilia	ENSG00000138002	IFT172	ENSG00000165970	SLC6A5	0.008669621408653726	0.09311080178289588	0.0	default	0.6336563475187096	0.4338614700156922	1.0	5
syscilia	ENSG00000138686	BBS7	ENSG00000068438	FTSJ1	0.06536180099852128	-0.12810610965259972	0.22124788285585328	default	0.5839019615612034	0.46390261006329214	1.0	5
syscilia	ENSG00000138686	BBS7	ENSG00000145414	NAF1	0.05329826993106004	-0.21465169940853102	0.08498775130623049	default	0.5839019615612034	0.4535580426927329	1.0	6
syscilia	ENSG00000138686	BBS7	ENSG00000146021	KLHL3	0.0067116655663509665	-0.08192475551596701	0.0	default	0.5839019615612034	0.6346093893443798	0.0	5
syscilia	ENSG00000140463	BBS4	ENSG00000129159	KCNC1	0.16101498514040422	0.34438372369325965	0.20594862465083086	default	0.5809390113728269	0.49856967346776815	1.0	6
syscilia	ENSG00000140463	BBS4	ENSG00000131183	SLC34A1	0.10550839130333503	0.10783786227608427	0.3063974326965866	default	0.5809390113728269	0.29059734365275747	1.0	6
syscilia	ENSG00000140463	BBS4	ENSG00000164532	TBX20	0.07100740408077921	0.2656130940807859	-0.021379624262618968	default	0.5809390113728269	0.4351834965390303	1.0	6
syscilia	ENSG00000144061	NPHP1	ENSG00000108375	RNF43	0.00480943506373498	0.04310165462910742	-0.05432938829002332	default	0.551644223173645	0.5892135571644629	0.0	5
syscilia	ENSG00000144061	NPHP1	ENSG00000177646	ACAD9	0.006928775813055342	-0.06142921593098283	0.05617140948169297	default	0.551644223173645	0.46031172060753484	1.0	6
syscilia	ENSG00000144061	NPHP1	ENSG00000243646	IL10RB	0.013036844094402384	-0.10042490558837613	-0.05432938829002332	default	0.551644223173645	0.31119863254632607	1.0	6
syscilia	ENSG00000148384	INPP5E	ENSG00000105552	BCAT2	0.06266108348494989	-0.16940618703133747	0.18428952026757628	default	0.5964431981399154	0.319172141764308	1.0	6
syscilia	ENSG00000148384	INPP5E	ENSG00000110066	KMT5B	0.06266108348494989	-0.16940618703133747	0.18428952026757628	default	0.5964431981399154	0.5384352174837814	1.0	6
syscilia	ENSG00000148384	INPP5E	ENSG00000186439	TRDN	0.011468691336581393	-0.09755121241649078	0.044186562353888625	default	0.5964431981399154	0.27522114692634825	1.0	6
syscilia	ENSG00000149483	TMEM138	ENSG00000122122	SASH3	0.2395548922665922	0.257223595914851	-0.41640234626047157	default	0.5147298876765563	0.3823444321018175	1.0	5
syscilia	ENSG00000149483	TMEM138	ENSG00000165288	BRWD3	0.5685477233242766	-0.7094451818841936	0.25541193634123704	default	0.5147298876765563	0.32327168133553924	1.0	5
syscilia	ENSG00000149483	TMEM138	ENSG00000166415	WDR72	0.5284678453223315	-0.6806119218003395	0.25541193634123704	default	0.5147298876765563	0.30079261147494263	1.0	6
syscilia	ENSG00000156313	RPGR	ENSG00000106105	GARS1	0.0035213466114296975	-0.03821559278848685	-0.045397302554824215	default	0.5068266169432702	0.5363980277994123	0.0	5
syscilia	ENSG00000156313	RPGR	ENSG00000135636	DYSF	0.0026346619129872743	0.05132895784045566	0.0	default	0.5068266169432702	0.5559516072438959	0.0	5
syscilia	ENSG00000156313	RPGR	ENSG00000173599	PC	0.00873936283001437	0.08099807999255937	0.04667626664090996	default	0.5068266169432702	0.5560028437118891	0.0	5
syscilia	ENSG00000163093	BBS5	ENSG00000156873	PHKG2	0.03956303755551256	-0.11384088855012475	-0.1631051490592208	default	0.5935941010580288	0.46705264327711704	1.0	6
syscilia	ENSG00000163093	BBS5	ENSG00000187566	NHLRC1	0.006577755970442193	-0.05850238223595827	-0.05617140948169297	default	0.5935941010580288	0.29225007672727216	1.0	6
syscilia	ENSG00000163093	BBS5	ENSG00000217128	FNIP1	0.009353234178716016	-0.07728296503997534	0.058142733796631596	default	0.5935941010580288	0.4489518452147697	1.0	5
syscilia	ENSG00000164953	TMEM67	ENSG00000129667	RHBDF2	0.0042163579043935934	-0.017496375551869114	-0.06253186985003367	default	0.526538213916958	0.4041962094192632	1.0	5
syscilia	ENSG00000164953	TMEM67	ENSG00000163625	WDFY3	0.017490034152376804	-0.13224989282557775	0.0	default	0.526538213916958	0.40235767987827187	1.0	6
syscilia	ENSG00000164953	TMEM67	ENSG00000163754	GYG1	0.008569592972402265	-0.06825949183418167	-0.06253186985003367	default	0.526538213916958	0.30110095278666926	1.0	6
syscilia	ENSG00000168778	TCTN2	ENSG00000116704	SLC35D1	0.06089563647825075	0.16411279413195468	0.18428952026757628	default	0.508857634389033	0.3655187860619784	1.0	5
syscilia	ENSG00000168778	TCTN2	ENSG00000131061	ZNF341	0.08107591561067035	0.0	0.2847383283133311	default	0.508857634389033	0.316328932335057	1.0	6
syscilia	ENSG00000168778	TCTN2	ENSG00000144741	SLC25A26	0.0014921006008963178	0.038627718038946046	0.0	default	0.508857634389033	0.294568443959066	1.0	6
syscilia	ENSG00000169379	ARL13B	ENSG00000105146	AURKC	0.022890815399108356	-0.07877062961247372	0.1291743136601191	default	0.6234446018664292	0.5417468199966917	1.0	5
syscilia	ENSG00000169379	ARL13B	ENSG00000118729	CASQ2	0.021381330956927493	-0.14007715893309758	0.041949022660357826	default	0.6234446018664292	0.3326655312986496	1.0	5
syscilia	ENSG00000169379	ARL13B	ENSG00000173175	ADCY5	0.05009685964266575	-0.14007715893309758	0.17457161621494333	default	0.6234446018664292	0.3705690999744694	1.0	6
syscilia	ENSG00000174483	BBS1	ENSG00000059377	TBXAS1	0.017243601777468344	-0.1018698392696269	0.08286216039090899	default	0.6198300373783326	0.3811798130326634	1.0	6
syscilia	ENSG00000174483	BBS1	ENSG00000066777	ARFGEF1	0.0005536642797149101	-0.023530071817036813	0.0	default	0.6198300373783326	0.5519884186617816	1.0	6
syscilia	ENSG00000174483	BBS1	ENSG00000154124	OTULIN	0.00808863643043431	-0.08009214438055245	0.04091313773055116	default	0.6198300373783326	0.4558766305835352	1.0	6
syscilia	ENSG00000179941	BBS10	ENSG00000100523	DDHD1	0.019855830355695624	0.04761384288787074	0.1326225935545855	default	0.4602521497383354	0.6163688875548409	0.0	5
syscilia	ENSG00000179941	BBS10	ENSG00000133111	RFXAP	0.017344300736528435	0.04761384288787074	-0.12278934278665066	default	0.4602521497383354	0.27145365574963765	1.0	6
syscilia	ENSG00000179941	BBS10	ENSG00000144036	EXOC6B	0.005224109471655676	0.0722780012981521	0.0	default	0.4602521497383354	0.4922148964801645	0.0	6
syscilia	ENSG00000187049	TMEM216	ENSG00000165186	PTCHD1	0.09044275112434844	0.25088603358759887	0.1658280714325251	default	0.5191469862524413	0.41869561455884546	1.0	4
syscilia	ENSG00000187049	TMEM216	ENSG00000167680	SEMA6B	0.01520477876677552	0.09311080178289588	0.08084032012629461	default	0.5191469862524413	0.494649580733891	1.0	5
syscilia	ENSG00000187049	TMEM216	ENSG00000204420	MPIG6B	0.02693300919779734	-0.16411279413195468	0.0	default	0.5191469862524413	0.2613980876255757	1.0	6
syscilia	ENSG00000187535	IFT140	ENSG00000066629	EML1	0.07740551324663937	0.13978684180005274	0.2405517659594425	default	0.5156331199211486	0.6488599326775336	0.0	5
syscilia	ENSG00000187535	IFT140	ENSG00000102034	ELF4	0.023598983640456532	-0.12296927053542639	0.09207356919573417	default	0.5156331199211486	0.19567623125366881	1.0	5
syscilia	ENSG00000187535	IFT140	ENSG00000159753	CARMIL2	0.06318019164103422	0.16506005291839054	0.18956626960409473	default	0.5156331199211486	0.6247813307081438	0.0	5
syscilia	ENSG00000198707	CEP290	ENSG00000120251	GRIA2	0.0115051216123199	0.10117000126240328	-0.03563358607950118	default	0.7084666801225707	0.7022165595867325	1.0	5
syscilia	ENSG00000198707	CEP290	ENSG00000130702	LAMA5	0.01095810943048555	0.0	-0.10468098886849297	default	0.7084666801225707	0.5473525063421547	1.0	6
syscilia	ENSG00000198707	CEP290	ENSG00000138193	PLCE1	0.019636521546499718	-0.11921367278104622	0.07365203166616219	default	0.7084666801225707	0.5191264313136461	1.0	6
syscilia	ENSG00000204852	TCTN1	ENSG00000067836	ROGDI	0.010025099628981479	-0.032495206908550234	0.09470565535886433	default	0.5134536104610951	0.5295900189915398	0.0	5
syscilia	ENSG00000204852	TCTN1	ENSG00000075643	MOCOS	0.010025099628981479	-0.032495206908550234	0.09470565535886433	default	0.5134536104610951	0.26710369569123055	1.0	6
syscilia	ENSG00000204852	TCTN1	ENSG00000161653	NAGS	0.05145007169170392	-0.20838618677763066	-0.08958386490871195	default	0.5134536104610951	0.27194481205372045	1.0	6
syscilia	ENSG00000205084	TMEM231	ENSG00000119686	FLVCR2	0.01738777871825638	-0.10417591545138727	-0.08084032012629461	default	0.4429839700860906	0.4167163849209642	1.0	5
syscilia	ENSG00000205084	TMEM231	ENSG00000171680	PLEKHG5	0.06442860584363583	-0.19872121367889317	-0.1579192359328765	default	0.4429839700860906	0.534847517363364	0.0	6
syscilia	ENSG00000205084	TMEM231	ENSG00000241935	HOGA1	0.07269913565348812	-0.25722359591485056	-0.08084032012629461	default	0.4429839700860906	0.4070309212992731	1.0	5
usher	ENSG00000006611	USH1C	ENSG00000076351	SLC46A1	0.03959077072048705	-0.15061776875074262	-0.13001945414834992	default	0.5276410911413614	0.4968495651879647	1.0	6
usher	ENSG00000006611	USH1C	ENSG00000135924	DNAJB2	0.037239623775965916	-0.024664158410280912	-0.19139305908490645	default	0.5276410911413614	0.48865039457694887	1.0	6
usher	ENSG00000006611	USH1C	ENSG00000186111	PIP5K1C	0.010245320401009943	-0.09527926243657525	0.03416405348538376	default	0.5276410911413614	0.5816260469115517	0.0	6
usher	ENSG00000042781	USH2A	ENSG00000066926	FECH	0.0028860540377633193	-0.030554897236109824	0.044186562353888625	default	0.688830978026323	0.5518076581805285	1.0	5
usher	ENSG00000042781	USH2A	ENSG00000177469	CAVIN1	0.0028860540377633193	-0.030554897236109824	0.044186562353888625	default	0.688830978026323	0.4475715422067099	1.0	5
usher	ENSG00000042781	USH2A	ENSG00000185551	NR2F2	0.0022050424539116014	0.018780582804017065	-0.04303872864587266	default	0.688830978026323	0.4956941240092227	1.0	5
usher	ENSG00000095397	WHRN	ENSG00000103150	MLYCD	0.03116378375775936	0.17305182951682951	0.034883349303608036	default	0.6371454980970291	0.3443943690661121	1.0	5
usher	ENSG00000095397	WHRN	ENSG00000158014	SLC30A2	0.007596887874348445	-0.0871601277784082	0.0	default	0.6371454980970291	0.398165485720645	1.0	5
usher	ENSG00000095397	WHRN	ENSG00000198963	RORB	0.012070887658608972	-0.04450757936347749	-0.10044880804575396	default	0.6371454980970291	0.5801969623488102	1.0	5
usher	ENSG00000107736	CDH23	ENSG00000149781	FERMT3	0.001611453349599955	-0.04014291157352634	0.0	default	0.712616911391397	0.4966724351584241	1.0	5
usher	ENSG00000107736	CDH23	ENSG00000168509	HJV	0.00275618237641606	0.052499355961916905	0.0	default	0.712616911391397	0.3364039546078755	1.0	5
usher	ENSG00000107736	CDH23	ENSG00000189067	LITAF	0.00241263734595417	0.010286649859594377	-0.04802938871795348	default	0.712616911391397	0.4475922817718191	1.0	5
usher	ENSG00000137474	MYO7A	ENSG00000110195	FOLR1	0.0023763606286958316	-0.048747929481115726	0.0	default	0.6716759690871313	0.5338530320905199	1.0	5
usher	ENSG00000137474	MYO7A	ENSG00000132855	ANGPTL3	0.0032649878749918472	0.0	0.05714007240975327	default	0.6716759690871313	0.323783679718663	1.0	5
usher	ENSG00000137474	MYO7A	ENSG00000147168	IL2RG	0.006255038466015333	-0.05468135505840621	0.05714007240975327	default	0.6716759690871313	0.25496713695145085	1.0	4
usher	ENSG00000150275	PCDH15	ENSG00000107099	DOCK8	0.002376360628696005	0.0487479294811175	0.0	default	0.7179602769063061	0.4569832951813191	1.0	5
usher	ENSG00000150275	PCDH15	ENSG00000131844	MCCC2	0.010395325286962914	-0.08375409120524768	0.058142733796631596	default	0.7179602769063061	0.4183185727215615	1.0	5
usher	ENSG00000150275	PCDH15	ENSG00000187045	TMPRSS6	0.0015148859240494868	-0.038921535479082614	0.0	default	0.7179602769063061	0.3667472080390524	1.0	5
usher	ENSG00000163646	CLRN1	ENSG00000088682	COQ9	0.025782168807114005	-0.05533850631416737	0.15073094747274318	default	0.5268855536445349	0.4458652021864187	1.0	5
usher	ENSG00000163646	CLRN1	ENSG00000130475	FCHO1	0.008395166903107662	0.058502382235957384	-0.07051693538310921	default	0.5268855536445349	0.5075834142208573	1.0	5
usher	ENSG00000163646	CLRN1	ENSG00000174080	CTSF	0.030715756624701898	-0.10783786227608383	-0.13815481202052382	default	0.5268855536445349	0.32089137388999134	1.0	5
usher	ENSG00000164199	ADGRV1	ENSG00000099822	HCN2	0.031125778671746554	0.11384088855012475	0.13478141847400416	default	0.6345637691068975	0.6470154555946699	0.0	5
usher	ENSG00000164199	ADGRV1	ENSG00000134240	HMGCS2	0.03726526242073056	0.17589097986908087	0.07954637403065679	default	0.6345637691068975	0.29621940041653916	1.0	6
usher	ENSG00000164199	ADGRV1	ENSG00000146938	NLGN4X	0.011434824660034352	0.0	0.10693373957752694	default	0.6345637691068975	0.47445419941661565	1.0	4
usher	ENSG00000182040	USH1G	ENSG00000109101	FOXN1	0.08781208780532823	0.17305182951682951	0.2405517659594425	default	0.5271746179869147	0.39517649024477924	1.0	5
usher	ENSG00000182040	USH1G	ENSG00000121905	HPCA	0.029929708361460118	0.14646558031502988	0.09207356919573417	default	0.5271746179869147	0.5910966497011985	0.0	5
usher	ENSG00000182040	USH1G	ENSG00000145794	MEGF10	0.04663293900868466	0.17305182951682951	-0.1291743136601191	default	0.5271746179869147	0.3893764286790689	1.0	5
syscilia	ENSG00000011143	MKS1	ENSG00000145020	AMT	0.030162594549279186	0.0722780012981521	0.1579192359328765	common_observed_layers	0.5089138006684361	0.4795220989567287	1.0	6
syscilia	ENSG00000011143	MKS1	ENSG00000155465	SLC7A7	0.010498602807829199	-0.06750884050190065	0.07707891580658188	common_observed_layers	0.5722515301981601	0.47039148195784236	1.0	5
syscilia	ENSG00000011143	MKS1	ENSG00000176715	ACSF3	0.021338355339768515	0.023530071817035925	-0.1441689670492705	common_observed_layers	0.5089138006684361	0.3286774924341168	1.0	6
syscilia	ENSG00000032742	IFT88	ENSG00000008056	SYN1	0.07131649912700963	-0.19127142954676657	0.18636453355224525	common_observed_layers	0.7664925786246054	0.6323208378387899	1.0	4
syscilia	ENSG00000032742	IFT88	ENSG00000100427	MLC1	0.02940691554989839	-0.16774135772972976	0.03563358607950118	common_observed_layers	0.6427211970350388	0.5279094584668926	1.0	6
syscilia	ENSG00000032742	IFT88	ENSG00000120693	SMAD9	0.04351521846509199	-0.09372021713027578	0.18636453355224525	common_observed_layers	0.6427211970350388	0.44931054545523896	1.0	6
syscilia	ENSG00000046651	OFD1	ENSG00000106327	TFR2	0.002777337926906311	0.02446761245755269	0.04667626664090996	common_observed_layers	0.5941299849414458	0.36076355041339797	1.0	5
syscilia	ENSG00000046651	OFD1	ENSG00000125505	MBOAT7	0.0015620508134909024	-0.03952278853384339	0.0	common_observed_layers	0.5941299849414458	0.4526510988246808	1.0	5
syscilia	ENSG00000046651	OFD1	ENSG00000134755	DSC2	0.0015620508134909024	-0.03952278853384339	0.0	common_observed_layers	0.5941299849414458	0.4065598431393067	1.0	5
syscilia	ENSG00000048342	CC2D2A	ENSG00000140326	CDAN1	0.05676426027386997	-0.13667112235993795	0.19515446340461917	common_observed_layers	0.598250732580347	0.28195282755631035	1.0	6
syscilia	ENSG00000048342	CC2D2A	ENSG00000147180	ZNF711	0.05486010210812104	-0.23422233477642784	0.0	common_observed_layers	0.5985025428310999	0.3675195612777665	1.0	5
syscilia	ENSG00000048342	CC2D2A	ENSG00000147251	DOCK11	0.01867899568712513	-0.13667112235993795	0.0	common_observed_layers	0.702003129638277	0.45694643703021365	1.0	4
syscilia	ENSG00000103494	RPGRIP1L	ENSG00000083720	OXCT1	0.0	0.0	0.0	common_observed_layers	0.562316626383303	0.5728114316022741	0.0	6
syscilia	ENSG00000103494	RPGRIP1L	ENSG00000139718	SETD1B	0.0	0.0	0.0	common_observed_layers	0.562316626383303	0.5441576306739104	1.0	6
syscilia	ENSG00000103494	RPGRIP1L	ENSG00000143390	RFX5	0.018333785657409084	0.027295298794193457	0.1326225935545855	common_observed_layers	0.562316626383303	0.4449164817633011	1.0	6
syscilia	ENSG00000110274	CEP164	ENSG00000134759	ELP2	0.03444491784134633	-0.06300530654991832	0.17457161621494244	common_observed_layers	0.6492953870884632	0.4146212398571633	1.0	6
syscilia	ENSG00000110274	CEP164	ENSG00000166228	PCBD1	0.03149844205020073	-0.03198738598734785	0.17457161621494244	common_observed_layers	0.6492953870884632	0.29117808215238306	1.0	6
syscilia	ENSG00000110274	CEP164	ENSG00000184752	NDUFA12	0.01497099593335489	-0.12235602123865785	0.0	common_observed_layers	0.6492953870884632	0.3972751798815093	1.0	6
syscilia	ENSG00000113971	NPHP3	ENSG00000111877	MCM9	0.056764260273869625	0.13667112235993795	-0.19515446340461828	common_observed_layers	0.5466539686646859	0.3105415575172953	1.0	6
syscilia	ENSG00000113971	NPHP3	ENSG00000135241	PNPLA8	0.00034011383517263495	0.01844217544577198	0.0	common_observed_layers	0.5466539686646859	0.48609378129547626	1.0	6
syscilia	ENSG00000113971	NPHP3	ENSG00000137090	DMRT1	0.015128350866724375	0.11599338786226276	-0.04091313773055116	common_observed_layers	0.6166517278408068	0.41700195440962295	1.0	5
syscilia	ENSG00000122507	BBS9	ENSG00000068831	RASGRP2	0.00044538343545660224	0.021104109444764596	0.0	common_observed_layers	0.5494444253133729	0.3488782900612414	1.0	6
syscilia	ENSG00000122507	BBS9	ENSG00000122787	AKR1D1	0.0	0.0	0.0	common_observed_layers	0.5494444253133729	0.36102168564702053	1.0	6
syscilia	ENSG00000122507	BBS9	ENSG00000163389	POGLUT1	0.0018192398862880085	0.04265254841493071	0.0	common_observed_layers	0.5494444253133729	0.34794382438891497	1.0	6
syscilia	ENSG00000125124	BBS2	ENSG00000087053	MTMR2	0.07889047356051841	-0.028833260083853673	-0.279390616652484	common_observed_layers	0.5740303151303718	0.40783294602213827	1.0	6
syscilia	ENSG00000125124	BBS2	ENSG00000132740	IGHMBP2	0.01532559190060963	-0.12379657467236171	0.0	common_observed_layers	0.5740303151303718	0.4156541865805268	1.0	6
syscilia	ENSG00000125124	BBS2	ENSG00000172575	RASGRP1	0.026798168895239616	0.02966912215210371	-0.16099040991923452	common_observed_layers	0.5740303151303718	0.4631672747514257	1.0	6
syscilia	ENSG00000131697	NPHP4	ENSG00000117305	HMGCL	0.032514764849206575	-0.17340168870522632	0.049463311690407075	common_observed_layers	0.6424861905593148	0.42999684629648877	1.0	5
syscilia	ENSG00000131697	NPHP4	ENSG00000160688	FLAD1	0.024387380977918007	-0.031017920562570467	0.15305315933325936	common_observed_layers	0.5731132619754176	0.46154450226206567	1.0	6
syscilia	ENSG00000131697	NPHP4	ENSG00000169692	AGPAT2	0.027651153541387617	0.06500679933280473	0.15305315933325936	common_observed_layers	0.6424861905593148	0.43329860967283673	1.0	5
syscilia	ENSG00000138002	IFT172	ENSG00000101577	LPIN2	0.004416291164497938	0.022495697756601984	-0.06253186985003367	common_observed_layers	0.6336563475187096	0.38155710078877264	1.0	6
syscilia	ENSG00000138002	IFT172	ENSG00000139132	FGD4	0.0004845229318751042	-0.022011881606875505	0.0	common_observed_layers	0.6336563475187096	0.507253379171061	1.0	6
syscilia	ENSG00000138002	IFT172	ENSG00000165970	SLC6A5	0.008669621408653726	0.09311080178289588	0.0	common_observed_layers	0.7190074676690702	0.4338614700156922	1.0	5
syscilia	ENSG00000138686	BBS7	ENSG00000068438	FTSJ1	0.06536180099852128	-0.12810610965259972	0.22124788285585328	common_observed_layers	0.5638488659382321	0.46390261006329214	1.0	5
syscilia	ENSG00000138686	BBS7	ENSG00000145414	NAF1	0.05329826993106004	-0.21465169940853102	0.08498775130623049	common_observed_layers	0.5839019615612034	0.4535580426927329	1.0	6
syscilia	ENSG00000138686	BBS7	ENSG00000146021	KLHL3	0.0067116655663509665	-0.08192475551596701	0.0	common_observed_layers	0.6604728959543569	0.6346093893443798	1.0	5
syscilia	ENSG00000140463	BBS4	ENSG00000129159	KCNC1	0.16101498514040422	0.34438372369325965	0.20594862465083086	common_observed_layers	0.5809390113728269	0.49856967346776815	1.0	6
syscilia	ENSG00000140463	BBS4	ENSG00000131183	SLC34A1	0.10550839130333503	0.10783786227608427	0.3063974326965866	common_observed_layers	0.5809390113728269	0.29059734365275747	1.0	6
syscilia	ENSG00000140463	BBS4	ENSG00000164532	TBX20	0.07100740408077921	0.2656130940807859	-0.021379624262618968	common_observed_layers	0.5809390113728269	0.4351834965390303	1.0	6
syscilia	ENSG00000144061	NPHP1	ENSG00000108375	RNF43	0.00480943506373498	0.04310165462910742	-0.05432938829002332	common_observed_layers	0.6225226154984059	0.5892135571644629	1.0	5
syscilia	ENSG00000144061	NPHP1	ENSG00000177646	ACAD9	0.006928775813055342	-0.06142921593098283	0.05617140948169297	common_observed_layers	0.551644223173645	0.46031172060753484	1.0	6
syscilia	ENSG00000144061	NPHP1	ENSG00000243646	IL10RB	0.013036844094402384	-0.10042490558837613	-0.05432938829002332	common_observed_layers	0.551644223173645	0.31119863254632607	1.0	6
syscilia	ENSG00000148384	INPP5E	ENSG00000105552	BCAT2	0.06266108348494989	-0.16940618703133747	0.18428952026757628	common_observed_layers	0.5964431981399154	0.319172141764308	1.0	6
syscilia	ENSG00000148384	INPP5E	ENSG00000110066	KMT5B	0.06266108348494989	-0.16940618703133747	0.18428952026757628	common_observed_layers	0.5964431981399154	0.5384352174837814	1.0	6
syscilia	ENSG00000148384	INPP5E	ENSG00000186439	TRDN	0.011468691336581393	-0.09755121241649078	0.044186562353888625	common_observed_layers	0.5964431981399154	0.27522114692634825	1.0	6
syscilia	ENSG00000149483	TMEM138	ENSG00000122122	SASH3	0.2395548922665922	0.257223595914851	-0.41640234626047157	common_observed_layers	0.5067354836385742	0.3823444321018175	1.0	5
syscilia	ENSG00000149483	TMEM138	ENSG00000165288	BRWD3	0.5685477233242766	-0.7094451818841936	0.25541193634123704	common_observed_layers	0.5067354836385742	0.32327168133553924	1.0	5
syscilia	ENSG00000149483	TMEM138	ENSG00000166415	WDR72	0.5284678453223315	-0.6806119218003395	0.25541193634123704	common_observed_layers	0.5147298876765563	0.30079261147494263	1.0	6
syscilia	ENSG00000156313	RPGR	ENSG00000106105	GARS1	0.0035213466114296975	-0.03821559278848685	-0.045397302554824215	common_observed_layers	0.5068266169432702	0.4929834969748907	1.0	5
syscilia	ENSG00000156313	RPGR	ENSG00000135636	DYSF	0.0026346619129872743	0.05132895784045566	0.0	common_observed_layers	0.5068266169432702	0.5448629393764626	0.0	5
syscilia	ENSG00000156313	RPGR	ENSG00000173599	PC	0.00873936283001437	0.08099807999255937	0.04667626664090996	common_observed_layers	0.5068266169432702	0.5088116199793203	0.0	5
syscilia	ENSG00000163093	BBS5	ENSG00000156873	PHKG2	0.03956303755551256	-0.11384088855012475	-0.1631051490592208	common_observed_layers	0.5935941010580288	0.46705264327711704	1.0	6
syscilia	ENSG00000163093	BBS5	ENSG00000187566	NHLRC1	0.006577755970442193	-0.05850238223595827	-0.05617140948169297	common_observed_layers	0.5935941010580288	0.29225007672727216	1.0	6
syscilia	ENSG00000163093	BBS5	ENSG00000217128	FNIP1	0.009353234178716016	-0.07728296503997534	0.058142733796631596	common_observed_layers	0.6718754130094456	0.4489518452147697	1.0	5
syscilia	ENSG00000164953	TMEM67	ENSG00000129667	RHBDF2	0.0042163579043935934	-0.017496375551869114	-0.06253186985003367	common_observed_layers	0.5929861340199506	0.4041962094192632	1.0	5
syscilia	ENSG00000164953	TMEM67	ENSG00000163625	WDFY3	0.017490034152376804	-0.13224989282557775	0.0	common_observed_layers	0.526538213916958	0.40235767987827187	1.0	6
syscilia	ENSG00000164953	TMEM67	ENSG00000163754	GYG1	0.008569592972402265	-0.06825949183418167	-0.06253186985003367	common_observed_layers	0.526538213916958	0.30110095278666926	1.0	6
syscilia	ENSG00000168778	TCTN2	ENSG00000116704	SLC35D1	0.06089563647825075	0.16411279413195468	0.18428952026757628	common_observed_layers	0.5668913345753329	0.3655187860619784	1.0	5
syscilia	ENSG00000168778	TCTN2	ENSG00000131061	ZNF341	0.08107591561067035	0.0	0.2847383283133311	common_observed_layers	0.508857634389033	0.316328932335057	1.0	6
syscilia	ENSG00000168778	TCTN2	ENSG00000144741	SLC25A26	0.0014921006008963178	0.038627718038946046	0.0	common_observed_layers	0.508857634389033	0.294568443959066	1.0	6
syscilia	ENSG00000169379	ARL13B	ENSG00000105146	AURKC	0.022890815399108356	-0.07877062961247372	0.1291743136601191	common_observed_layers	0.6805230610193286	0.5417468199966917	1.0	5
syscilia	ENSG00000169379	ARL13B	ENSG00000118729	CASQ2	0.021381330956927493	-0.14007715893309758	0.041949022660357826	common_observed_layers	0.6805230610193286	0.3326655312986496	1.0	5
syscilia	ENSG00000169379	ARL13B	ENSG00000173175	ADCY5	0.05009685964266575	-0.14007715893309758	0.17457161621494333	common_observed_layers	0.6234446018664292	0.3705690999744694	1.0	6
syscilia	ENSG00000174483	BBS1	ENSG00000059377	TBXAS1	0.017243601777468344	-0.1018698392696269	0.08286216039090899	common_observed_layers	0.6198300373783326	0.3811798130326634	1.0	6
syscilia	ENSG00000174483	BBS1	ENSG00000066777	ARFGEF1	0.0005536642797149101	-0.023530071817036813	0.0	common_observed_layers	0.6198300373783326	0.5519884186617816	1.0	6
syscilia	ENSG00000174483	BBS1	ENSG00000154124	OTULIN	0.00808863643043431	-0.08009214438055245	0.04091313773055116	common_observed_layers	0.6198300373783326	0.4558766305835352	1.0	6
syscilia	ENSG00000179941	BBS10	ENSG00000100523	DDHD1	0.019855830355695624	0.04761384288787074	0.1326225935545855	common_observed_layers	0.5150025291039241	0.6163688875548409	0.0	5
syscilia	ENSG00000179941	BBS10	ENSG00000133111	RFXAP	0.017344300736528435	0.04761384288787074	-0.12278934278665066	common_observed_layers	0.4602521497383354	0.27145365574963765	1.0	6
syscilia	ENSG00000179941	BBS10	ENSG00000144036	EXOC6B	0.005224109471655676	0.0722780012981521	0.0	common_observed_layers	0.4602521497383354	0.4922148964801645	0.0	6
syscilia	ENSG00000187049	TMEM216	ENSG00000165186	PTCHD1	0.09044275112434844	0.25088603358759887	0.1658280714325251	common_observed_layers	0.6563250057474634	0.41869561455884546	1.0	4
syscilia	ENSG00000187049	TMEM216	ENSG00000167680	SEMA6B	0.01520477876677552	0.09311080178289588	0.08084032012629461	common_observed_layers	0.5842905720616957	0.494649580733891	1.0	5
syscilia	ENSG00000187049	TMEM216	ENSG00000204420	MPIG6B	0.02693300919779734	-0.16411279413195468	0.0	common_observed_layers	0.5191469862524413	0.2613980876255757	1.0	6
syscilia	ENSG00000187535	IFT140	ENSG00000066629	EML1	0.07740551324663937	0.13978684180005274	0.2405517659594425	common_observed_layers	0.5801566116719397	0.6488599326775336	0.0	5
syscilia	ENSG00000187535	IFT140	ENSG00000102034	ELF4	0.023598983640456532	-0.12296927053542639	0.09207356919573417	common_observed_layers	0.5125863207794347	0.19567623125366881	1.0	5
syscilia	ENSG00000187535	IFT140	ENSG00000159753	CARMIL2	0.06318019164103422	0.16506005291839054	0.18956626960409473	common_observed_layers	0.5801566116719397	0.6247813307081438	0.0	5
syscilia	ENSG00000198707	CEP290	ENSG00000120251	GRIA2	0.0115051216123199	0.10117000126240328	-0.03563358607950118	common_observed_layers	0.6570196236736127	0.7022165595867325	0.0	5
syscilia	ENSG00000198707	CEP290	ENSG00000130702	LAMA5	0.01095810943048555	0.0	-0.10468098886849297	common_observed_layers	0.7084666801225707	0.5473525063421547	1.0	6
syscilia	ENSG00000198707	CEP290	ENSG00000138193	PLCE1	0.019636521546499718	-0.11921367278104622	0.07365203166616219	common_observed_layers	0.7084666801225707	0.5191264313136461	1.0	6
syscilia	ENSG00000204852	TCTN1	ENSG00000067836	ROGDI	0.010025099628981479	-0.032495206908550234	0.09470565535886433	common_observed_layers	0.5722983652483471	0.5295900189915398	1.0	5
syscilia	ENSG00000204852	TCTN1	ENSG00000075643	MOCOS	0.010025099628981479	-0.032495206908550234	0.09470565535886433	common_observed_layers	0.5134536104610951	0.26710369569123055	1.0	6
syscilia	ENSG00000204852	TCTN1	ENSG00000161653	NAGS	0.05145007169170392	-0.20838618677763066	-0.08958386490871195	common_observed_layers	0.5134536104610951	0.27194481205372045	1.0	6
syscilia	ENSG00000205084	TMEM231	ENSG00000119686	FLVCR2	0.01738777871825638	-0.10417591545138727	-0.08084032012629461	common_observed_layers	0.4893929059836361	0.4167163849209642	1.0	5
syscilia	ENSG00000205084	TMEM231	ENSG00000171680	PLEKHG5	0.06442860584363583	-0.19872121367889317	-0.1579192359328765	common_observed_layers	0.4429839700860906	0.534847517363364	0.0	6
syscilia	ENSG00000205084	TMEM231	ENSG00000241935	HOGA1	0.07269913565348812	-0.25722359591485056	-0.08084032012629461	common_observed_layers	0.4893929059836361	0.4070309212992731	1.0	5
usher	ENSG00000006611	USH1C	ENSG00000076351	SLC46A1	0.03959077072048705	-0.15061776875074262	-0.13001945414834992	common_observed_layers	0.5276410911413614	0.4968495651879647	1.0	6
usher	ENSG00000006611	USH1C	ENSG00000135924	DNAJB2	0.037239623775965916	-0.024664158410280912	-0.19139305908490645	common_observed_layers	0.5276410911413614	0.48865039457694887	1.0	6
usher	ENSG00000006611	USH1C	ENSG00000186111	PIP5K1C	0.010245320401009943	-0.09527926243657525	0.03416405348538376	common_observed_layers	0.5276410911413614	0.5816260469115517	0.0	6
usher	ENSG00000042781	USH2A	ENSG00000066926	FECH	0.0028860540377633193	-0.030554897236109824	0.044186562353888625	common_observed_layers	0.688830978026323	0.5518076581805285	1.0	5
usher	ENSG00000042781	USH2A	ENSG00000177469	CAVIN1	0.0028860540377633193	-0.030554897236109824	0.044186562353888625	common_observed_layers	0.688830978026323	0.5265547555373058	1.0	5
usher	ENSG00000042781	USH2A	ENSG00000185551	NR2F2	0.0022050424539116014	0.018780582804017065	-0.04303872864587266	common_observed_layers	0.688830978026323	0.583169557657909	1.0	5
usher	ENSG00000095397	WHRN	ENSG00000103150	MLYCD	0.03116378375775936	0.17305182951682951	0.034883349303608036	common_observed_layers	0.6371454980970291	0.3443943690661121	1.0	5
usher	ENSG00000095397	WHRN	ENSG00000158014	SLC30A2	0.007596887874348445	-0.0871601277784082	0.0	common_observed_layers	0.6371454980970291	0.4684299832007588	1.0	5
usher	ENSG00000095397	WHRN	ENSG00000198963	RORB	0.012070887658608972	-0.04450757936347749	-0.10044880804575396	common_observed_layers	0.6371454980970291	0.6825846615868356	0.0	5
usher	ENSG00000107736	CDH23	ENSG00000149781	FERMT3	0.001611453349599955	-0.04014291157352634	0.0	common_observed_layers	0.712616911391397	0.5843205119510871	1.0	5
usher	ENSG00000107736	CDH23	ENSG00000168509	HJV	0.00275618237641606	0.052499355961916905	0.0	common_observed_layers	0.712616911391397	0.3364039546078755	1.0	5
usher	ENSG00000107736	CDH23	ENSG00000189067	LITAF	0.00241263734595417	0.010286649859594377	-0.04802938871795348	common_observed_layers	0.712616911391397	0.5265791550256695	1.0	5
usher	ENSG00000137474	MYO7A	ENSG00000110195	FOLR1	0.0023763606286958316	-0.048747929481115726	0.0	common_observed_layers	0.6716759690871313	0.5338530320905199	1.0	5
usher	ENSG00000137474	MYO7A	ENSG00000132855	ANGPTL3	0.0032649878749918472	0.0	0.05714007240975327	common_observed_layers	0.6716759690871313	0.323783679718663	1.0	5
usher	ENSG00000137474	MYO7A	ENSG00000147168	IL2RG	0.006255038466015333	-0.05468135505840621	0.05714007240975327	common_observed_layers	0.7154680487889714	0.31380570701717037	1.0	4
usher	ENSG00000150275	PCDH15	ENSG00000107099	DOCK8	0.002376360628696005	0.0487479294811175	0.0	common_observed_layers	0.7179602769063061	0.5376274060956695	1.0	5
usher	ENSG00000150275	PCDH15	ENSG00000131844	MCCC2	0.010395325286962914	-0.08375409120524768	0.058142733796631596	common_observed_layers	0.7179602769063061	0.4921394973194841	1.0	5
usher	ENSG00000150275	PCDH15	ENSG00000187045	TMPRSS6	0.0015148859240494868	-0.038921535479082614	0.0	common_observed_layers	0.7179602769063061	0.3667472080390524	1.0	5
usher	ENSG00000163646	CLRN1	ENSG00000088682	COQ9	0.025782168807114005	-0.05533850631416737	0.15073094747274318	common_observed_layers	0.5268855536445349	0.5245472966899043	1.0	5
usher	ENSG00000163646	CLRN1	ENSG00000130475	FCHO1	0.008395166903107662	0.058502382235957384	-0.07051693538310921	common_observed_layers	0.5268855536445349	0.5971569579068909	0.0	5
usher	ENSG00000163646	CLRN1	ENSG00000174080	CTSF	0.030715756624701898	-0.10783786227608383	-0.13815481202052382	common_observed_layers	0.5268855536445349	0.3775192633999898	1.0	5
usher	ENSG00000164199	ADGRV1	ENSG00000099822	HCN2	0.031125778671746554	0.11384088855012475	0.13478141847400416	common_observed_layers	0.746545610713997	0.6470154555946699	1.0	5
usher	ENSG00000164199	ADGRV1	ENSG00000134240	HMGCS2	0.03726526242073056	0.17589097986908087	0.07954637403065679	common_observed_layers	0.6345637691068975	0.29621940041653916	1.0	6
usher	ENSG00000164199	ADGRV1	ENSG00000146938	NLGN4X	0.011434824660034352	0.0	0.10693373957752694	common_observed_layers	0.7595008628267266	0.47445419941661565	1.0	4
usher	ENSG00000182040	USH1G	ENSG00000109101	FOXN1	0.08781208780532823	0.17305182951682951	0.2405517659594425	common_observed_layers	0.5271746179869147	0.39517649024477924	1.0	5
usher	ENSG00000182040	USH1G	ENSG00000121905	HPCA	0.029929708361460118	0.14646558031502988	0.09207356919573417	common_observed_layers	0.5271746179869147	0.5910966497011985	0.0	5
usher	ENSG00000182040	USH1G	ENSG00000145794	MEGF10	0.04663293900868466	0.17305182951682951	-0.1291743136601191	common_observed_layers	0.5271746179869147	0.45808991609302224	1.0	5
syscilia	ENSG00000011143	MKS1	ENSG00000145020	AMT	0.030162594549279186	0.0722780012981521	0.1579192359328765	loo_gnomad	0.5048252523669385	0.44498710557442034	1.0	6
syscilia	ENSG00000011143	MKS1	ENSG00000155465	SLC7A7	0.010498602807829199	-0.06750884050190065	0.07707891580658188	loo_gnomad	0.5048252523669385	0.459474909633723	1.0	5
syscilia	ENSG00000011143	MKS1	ENSG00000176715	ACSF3	0.021338355339768515	0.023530071817035925	-0.1441689670492705	loo_gnomad	0.5048252523669385	0.36324604879940964	1.0	6
syscilia	ENSG00000032742	IFT88	ENSG00000008056	SYN1	0.07131649912700963	-0.19127142954676657	0.18636453355224525	loo_gnomad	0.6509002201324917	0.6323208378387899	1.0	4
syscilia	ENSG00000032742	IFT88	ENSG00000100427	MLC1	0.02940691554989839	-0.16774135772972976	0.03563358607950118	loo_gnomad	0.6509002201324917	0.5288250568763672	1.0	6
syscilia	ENSG00000032742	IFT88	ENSG00000120693	SMAD9	0.04351521846509199	-0.09372021713027578	0.18636453355224525	loo_gnomad	0.6509002201324917	0.4365743737537092	1.0	6
syscilia	ENSG00000046651	OFD1	ENSG00000106327	TFR2	0.002777337926906311	0.02446761245755269	0.04667626664090996	loo_gnomad	0.5941299849414458	0.36076355041339797	1.0	5
syscilia	ENSG00000046651	OFD1	ENSG00000125505	MBOAT7	0.0015620508134909024	-0.03952278853384339	0.0	loo_gnomad	0.5941299849414458	0.4526510988246808	1.0	5
syscilia	ENSG00000046651	OFD1	ENSG00000134755	DSC2	0.0015620508134909024	-0.03952278853384339	0.0	loo_gnomad	0.5941299849414458	0.4065598431393067	1.0	5
syscilia	ENSG00000048342	CC2D2A	ENSG00000140326	CDAN1	0.05676426027386997	-0.13667112235993795	0.19515446340461917	loo_gnomad	0.5985025428310999	0.2083624229088897	1.0	6
syscilia	ENSG00000048342	CC2D2A	ENSG00000147180	ZNF711	0.05486010210812104	-0.23422233477642784	0.0	loo_gnomad	0.5985025428310999	0.3675195612777665	1.0	5
syscilia	ENSG00000048342	CC2D2A	ENSG00000147251	DOCK11	0.01867899568712513	-0.13667112235993795	0.0	loo_gnomad	0.5985025428310999	0.45694643703021365	1.0	4
syscilia	ENSG00000103494	RPGRIP1L	ENSG00000083720	OXCT1	0.0	0.0	0.0	loo_gnomad	0.5635389682777505	0.527525264490081	1.0	6
syscilia	ENSG00000103494	RPGRIP1L	ENSG00000139718	SETD1B	0.0	0.0	0.0	loo_gnomad	0.5635389682777505	0.43913016748991235	1.0	6
syscilia	ENSG00000103494	RPGRIP1L	ENSG00000143390	RFX5	0.018333785657409084	0.027295298794193457	0.1326225935545855	loo_gnomad	0.5635389682777505	0.4119393745369492	1.0	6
syscilia	ENSG00000110274	CEP164	ENSG00000134759	ELP2	0.03444491784134633	-0.06300530654991832	0.17457161621494244	loo_gnomad	0.6838754870509822	0.36985898984187277	1.0	6
syscilia	ENSG00000110274	CEP164	ENSG00000166228	PCBD1	0.03149844205020073	-0.03198738598734785	0.17457161621494244	loo_gnomad	0.6838754870509822	0.2851058339309076	1.0	6
syscilia	ENSG00000110274	CEP164	ENSG00000184752	NDUFA12	0.01497099593335489	-0.12235602123865785	0.0	loo_gnomad	0.6838754870509822	0.3932249090019632	1.0	6
syscilia	ENSG00000113971	NPHP3	ENSG00000111877	MCM9	0.056764260273869625	0.13667112235993795	-0.19515446340461828	loo_gnomad	0.5397493138170747	0.23784514495685394	1.0	6
syscilia	ENSG00000113971	NPHP3	ENSG00000135241	PNPLA8	0.00034011383517263495	0.01844217544577198	0.0	loo_gnomad	0.5397493138170747	0.4400572470379262	1.0	6
syscilia	ENSG00000113971	NPHP3	ENSG00000137090	DMRT1	0.015128350866724375	0.11599338786226276	-0.04091313773055116	loo_gnomad	0.5397493138170747	0.2987166171007058	1.0	5
syscilia	ENSG00000122507	BBS9	ENSG00000068831	RASGRP2	0.00044538343545660224	0.021104109444764596	0.0	loo_gnomad	0.54719348467898	0.2855108283754286	1.0	6
syscilia	ENSG00000122507	BBS9	ENSG00000122787	AKR1D1	0.0	0.0	0.0	loo_gnomad	0.54719348467898	0.3439519411578058	1.0	6
syscilia	ENSG00000122507	BBS9	ENSG00000163389	POGLUT1	0.0018192398862880085	0.04265254841493071	0.0	loo_gnomad	0.54719348467898	0.2851084430690942	1.0	6
syscilia	ENSG00000125124	BBS2	ENSG00000087053	MTMR2	0.07889047356051841	-0.028833260083853673	-0.279390616652484	loo_gnomad	0.5753735243366503	0.3683925097354318	1.0	6
syscilia	ENSG00000125124	BBS2	ENSG00000132740	IGHMBP2	0.01532559190060963	-0.12379657467236171	0.0	loo_gnomad	0.5753735243366503	0.38276324113785853	1.0	6
syscilia	ENSG00000125124	BBS2	ENSG00000172575	RASGRP1	0.026798168895239616	0.02966912215210371	-0.16099040991923452	loo_gnomad	0.5753735243366503	0.38779012968226334	1.0	6
syscilia	ENSG00000131697	NPHP4	ENSG00000117305	HMGCL	0.032514764849206575	-0.17340168870522632	0.049463311690407075	loo_gnomad	0.6039617663411452	0.41057780548207357	1.0	5
syscilia	ENSG00000131697	NPHP4	ENSG00000160688	FLAD1	0.024387380977918007	-0.031017920562570467	0.15305315933325936	loo_gnomad	0.6039617663411452	0.41243343538245697	1.0	6
syscilia	ENSG00000131697	NPHP4	ENSG00000169692	AGPAT2	0.027651153541387617	0.06500679933280473	0.15305315933325936	loo_gnomad	0.6039617663411452	0.43390048289686584	1.0	5
syscilia	ENSG00000138002	IFT172	ENSG00000101577	LPIN2	0.004416291164497938	0.022495697756601984	-0.06253186985003367	loo_gnomad	0.6250209193396835	0.29624193494461815	1.0	6
syscilia	ENSG00000138002	IFT172	ENSG00000139132	FGD4	0.0004845229318751042	-0.022011881606875505	0.0	loo_gnomad	0.6250209193396835	0.4411111343773023	1.0	6
syscilia	ENSG00000138002	IFT172	ENSG00000165970	SLC6A5	0.008669621408653726	0.09311080178289588	0.0	loo_gnomad	0.6250209193396835	0.35626059354979384	1.0	5
syscilia	ENSG00000138686	BBS7	ENSG00000068438	FTSJ1	0.06536180099852128	-0.12810610965259972	0.22124788285585328	loo_gnomad	0.5638488659382321	0.46390261006329214	1.0	5
syscilia	ENSG00000138686	BBS7	ENSG00000145414	NAF1	0.05329826993106004	-0.21465169940853102	0.08498775130623049	loo_gnomad	0.5638488659382321	0.4018122802673965	1.0	6
syscilia	ENSG00000138686	BBS7	ENSG00000146021	KLHL3	0.0067116655663509665	-0.08192475551596701	0.0	loo_gnomad	0.5638488659382321	0.5752698195050805	0.0	5
syscilia	ENSG00000140463	BBS4	ENSG00000129159	KCNC1	0.16101498514040422	0.34438372369325965	0.20594862465083086	loo_gnomad	0.5870721817760132	0.4053713567657975	1.0	6
syscilia	ENSG00000140463	BBS4	ENSG00000131183	SLC34A1	0.10550839130333503	0.10783786227608427	0.3063974326965866	loo_gnomad	0.5870721817760132	0.271363065477126	1.0	6
syscilia	ENSG00000140463	BBS4	ENSG00000164532	TBX20	0.07100740408077921	0.2656130940807859	-0.021379624262618968	loo_gnomad	0.5870721817760132	0.33724123897394104	1.0	6
syscilia	ENSG00000144061	NPHP1	ENSG00000108375	RNF43	0.00480943506373498	0.04310165462910742	-0.05432938829002332	loo_gnomad	0.5519850900951829	0.5468480423390313	1.0	5
syscilia	ENSG00000144061	NPHP1	ENSG00000177646	ACAD9	0.006928775813055342	-0.06142921593098283	0.05617140948169297	loo_gnomad	0.5519850900951829	0.41969797133113884	1.0	6
syscilia	ENSG00000144061	NPHP1	ENSG00000243646	IL10RB	0.013036844094402384	-0.10042490558837613	-0.05432938829002332	loo_gnomad	0.5519850900951829	0.2684010471913302	1.0	6
syscilia	ENSG00000148384	INPP5E	ENSG00000105552	BCAT2	0.06266108348494989	-0.16940618703133747	0.18428952026757628	loo_gnomad	0.6400154576034291	0.2728804400946142	1.0	6
syscilia	ENSG00000148384	INPP5E	ENSG00000110066	KMT5B	0.06266108348494989	-0.16940618703133747	0.18428952026757628	loo_gnomad	0.6400154576034291	0.43657133170669216	1.0	6
syscilia	ENSG00000148384	INPP5E	ENSG00000186439	TRDN	0.011468691336581393	-0.09755121241649078	0.044186562353888625	loo_gnomad	0.6400154576034291	0.26247972615410686	1.0	6
syscilia	ENSG00000149483	TMEM138	ENSG00000122122	SASH3	0.2395548922665922	0.257223595914851	-0.41640234626047157	loo_gnomad	0.5067354836385742	0.3823444321018175	1.0	5
syscilia	ENSG00000149483	TMEM138	ENSG00000165288	BRWD3	0.5685477233242766	-0.7094451818841936	0.25541193634123704	loo_gnomad	0.5067354836385742	0.32327168133553924	1.0	5
syscilia	ENSG00000149483	TMEM138	ENSG00000166415	WDR72	0.5284678453223315	-0.6806119218003395	0.25541193634123704	loo_gnomad	0.5067354836385742	0.2585839241190739	1.0	6
syscilia	ENSG00000156313	RPGR	ENSG00000106105	GARS1	0.0035213466114296975	-0.03821559278848685	-0.045397302554824215	loo_gnomad	0.5068266169432702	0.4929834969748907	1.0	5
syscilia	ENSG00000156313	RPGR	ENSG00000135636	DYSF	0.0026346619129872743	0.05132895784045566	0.0	loo_gnomad	0.5068266169432702	0.5448629393764626	0.0	5
syscilia	ENSG00000156313	RPGR	ENSG00000173599	PC	0.00873936283001437	0.08099807999255937	0.04667626664090996	loo_gnomad	0.5068266169432702	0.5088116199793203	0.0	5
syscilia	ENSG00000163093	BBS5	ENSG00000156873	PHKG2	0.03956303755551256	-0.11384088855012475	-0.1631051490592208	loo_gnomad	0.5998282567462215	0.43424969894070453	1.0	6
syscilia	ENSG00000163093	BBS5	ENSG00000187566	NHLRC1	0.006577755970442193	-0.05850238223595827	-0.05617140948169297	loo_gnomad	0.5998282567462215	0.2549246428718263	1.0	6
syscilia	ENSG00000163093	BBS5	ENSG00000217128	FNIP1	0.009353234178716016	-0.07728296503997534	0.058142733796631596	loo_gnomad	0.5998282567462215	0.33342927322368077	1.0	5
syscilia	ENSG00000164953	TMEM67	ENSG00000129667	RHBDF2	0.0042163579043935934	-0.017496375551869114	-0.06253186985003367	loo_gnomad	0.5366822109898678	0.3003473657003071	1.0	5
syscilia	ENSG00000164953	TMEM67	ENSG00000163625	WDFY3	0.017490034152376804	-0.13224989282557775	0.0	loo_gnomad	0.5366822109898678	0.27259998397239316	1.0	6
syscilia	ENSG00000164953	TMEM67	ENSG00000163754	GYG1	0.008569592972402265	-0.06825949183418167	-0.06253186985003367	loo_gnomad	0.5366822109898678	0.2673920153835407	1.0	6
syscilia	ENSG00000168778	TCTN2	ENSG00000116704	SLC35D1	0.06089563647825075	0.16411279413195468	0.18428952026757628	loo_gnomad	0.5048826606483637	0.3182499757420218	1.0	5
syscilia	ENSG00000168778	TCTN2	ENSG00000131061	ZNF341	0.08107591561067035	0.0	0.2847383283133311	loo_gnomad	0.5048826606483637	0.23372152784863243	1.0	6
syscilia	ENSG00000168778	TCTN2	ENSG00000144741	SLC25A26	0.0014921006008963178	0.038627718038946046	0.0	loo_gnomad	0.5048826606483637	0.25475981477527454	1.0	6
syscilia	ENSG00000169379	ARL13B	ENSG00000105146	AURKC	0.022890815399108356	-0.07877062961247372	0.1291743136601191	loo_gnomad	0.6373966150180799	0.5086501883358788	1.0	5
syscilia	ENSG00000169379	ARL13B	ENSG00000118729	CASQ2	0.021381330956927493	-0.14007715893309758	0.041949022660357826	loo_gnomad	0.6373966150180799	0.3288475355887592	1.0	5
syscilia	ENSG00000169379	ARL13B	ENSG00000173175	ADCY5	0.05009685964266575	-0.14007715893309758	0.17457161621494333	loo_gnomad	0.6373966150180799	0.24907150768886263	1.0	6
syscilia	ENSG00000174483	BBS1	ENSG00000059377	TBXAS1	0.017243601777468344	-0.1018698392696269	0.08286216039090899	loo_gnomad	0.6280289964421604	0.3415845161632131	1.0	6
syscilia	ENSG00000174483	BBS1	ENSG00000066777	ARFGEF1	0.0005536642797149101	-0.023530071817036813	0.0	loo_gnomad	0.6280289964421604	0.4630840429801112	1.0	6
syscilia	ENSG00000174483	BBS1	ENSG00000154124	OTULIN	0.00808863643043431	-0.08009214438055245	0.04091313773055116	loo_gnomad	0.6280289964421604	0.38390908583023575	1.0	6
syscilia	ENSG00000179941	BBS10	ENSG00000100523	DDHD1	0.019855830355695624	0.04761384288787074	0.1326225935545855	loo_gnomad	0.5012978313791469	0.5768615487587414	0.0	5
syscilia	ENSG00000179941	BBS10	ENSG00000133111	RFXAP	0.017344300736528435	0.04761384288787074	-0.12278934278665066	loo_gnomad	0.5012978313791469	0.2698938945977157	1.0	6
syscilia	ENSG00000179941	BBS10	ENSG00000144036	EXOC6B	0.005224109471655676	0.0722780012981521	0.0	loo_gnomad	0.5012978313791469	0.4428592280529876	1.0	6
syscilia	ENSG00000187049	TMEM216	ENSG00000165186	PTCHD1	0.09044275112434844	0.25088603358759887	0.1658280714325251	loo_gnomad	0.5613890671698138	0.41869561455884546	1.0	4
syscilia	ENSG00000187049	TMEM216	ENSG00000167680	SEMA6B	0.01520477876677552	0.09311080178289588	0.08084032012629461	loo_gnomad	0.5613890671698138	0.4528729330969793	1.0	5
syscilia	ENSG00000187049	TMEM216	ENSG00000204420	MPIG6B	0.02693300919779734	-0.16411279413195468	0.0	loo_gnomad	0.5613890671698138	0.234608763181791	1.0	6
syscilia	ENSG00000187535	IFT140	ENSG00000066629	EML1	0.07740551324663937	0.13978684180005274	0.2405517659594425	loo_gnomad	0.5125863207794347	0.5884078351576513	0.0	5
syscilia	ENSG00000187535	IFT140	ENSG00000102034	ELF4	0.023598983640456532	-0.12296927053542639	0.09207356919573417	loo_gnomad	0.5125863207794347	0.19567623125366881	1.0	5
syscilia	ENSG00000187535	IFT140	ENSG00000159753	CARMIL2	0.06318019164103422	0.16506005291839054	0.18956626960409473	loo_gnomad	0.5125863207794347	0.6112652710006407	0.0	5
syscilia	ENSG00000198707	CEP290	ENSG00000120251	GRIA2	0.0115051216123199	0.10117000126240328	-0.03563358607950118	loo_gnomad	0.7683041260592879	0.6237844302005322	1.0	5
syscilia	ENSG00000198707	CEP290	ENSG00000130702	LAMA5	0.01095810943048555	0.0	-0.10468098886849297	loo_gnomad	0.7683041260592879	0.5107603113350441	1.0	6
syscilia	ENSG00000198707	CEP290	ENSG00000138193	PLCE1	0.019636521546499718	-0.11921367278104622	0.07365203166616219	loo_gnomad	0.7683041260592879	0.46539604322577377	1.0	6
syscilia	ENSG00000204852	TCTN1	ENSG00000067836	ROGDI	0.010025099628981479	-0.032495206908550234	0.09470565535886433	loo_gnomad	0.5246654051131223	0.5906049555297149	0.0	5
syscilia	ENSG00000204852	TCTN1	ENSG00000075643	MOCOS	0.010025099628981479	-0.032495206908550234	0.09470565535886433	loo_gnomad	0.5246654051131223	0.23076578602547254	1.0	6
syscilia	ENSG00000204852	TCTN1	ENSG00000161653	NAGS	0.05145007169170392	-0.20838618677763066	-0.08958386490871195	loo_gnomad	0.5246654051131223	0.23043637494463912	1.0	6
syscilia	ENSG00000205084	TMEM231	ENSG00000119686	FLVCR2	0.01738777871825638	-0.10417591545138727	-0.08084032012629461	loo_gnomad	0.4413001514794866	0.37247833537608954	1.0	5
syscilia	ENSG00000205084	TMEM231	ENSG00000171680	PLEKHG5	0.06442860584363583	-0.19872121367889317	-0.1579192359328765	loo_gnomad	0.4413001514794866	0.5013822655148226	0.0	6
syscilia	ENSG00000205084	TMEM231	ENSG00000241935	HOGA1	0.07269913565348812	-0.25722359591485056	-0.08084032012629461	loo_gnomad	0.4413001514794866	0.3960949767161304	1.0	5
usher	ENSG00000006611	USH1C	ENSG00000076351	SLC46A1	0.03959077072048705	-0.15061776875074262	-0.13001945414834992	loo_gnomad	0.5156003685208823	0.459244702784088	1.0	6
usher	ENSG00000006611	USH1C	ENSG00000135924	DNAJB2	0.037239623775965916	-0.024664158410280912	-0.19139305908490645	loo_gnomad	0.5156003685208823	0.44452917494655614	1.0	6
usher	ENSG00000006611	USH1C	ENSG00000186111	PIP5K1C	0.010245320401009943	-0.09527926243657525	0.03416405348538376	loo_gnomad	0.5156003685208823	0.5644496081544984	0.0	6
usher	ENSG00000042781	USH2A	ENSG00000066926	FECH	0.0028860540377633193	-0.030554897236109824	0.044186562353888625	loo_gnomad	0.7212525252762649	0.5214925370238402	1.0	5
usher	ENSG00000042781	USH2A	ENSG00000177469	CAVIN1	0.0028860540377633193	-0.030554897236109824	0.044186562353888625	loo_gnomad	0.7212525252762649	0.44384421336328783	1.0	5
usher	ENSG00000042781	USH2A	ENSG00000185551	NR2F2	0.0022050424539116014	0.018780582804017065	-0.04303872864587266	loo_gnomad	0.7212525252762649	0.38978100365879736	1.0	5
usher	ENSG00000095397	WHRN	ENSG00000103150	MLYCD	0.03116378375775936	0.17305182951682951	0.034883349303608036	loo_gnomad	0.637800154047409	0.3195258834180991	1.0	5
usher	ENSG00000095397	WHRN	ENSG00000158014	SLC30A2	0.007596887874348445	-0.0871601277784082	0.0	loo_gnomad	0.637800154047409	0.33193350339889194	1.0	5
usher	ENSG00000095397	WHRN	ENSG00000198963	RORB	0.012070887658608972	-0.04450757936347749	-0.10044880804575396	loo_gnomad	0.637800154047409	0.5007694290717963	1.0	5
usher	ENSG00000107736	CDH23	ENSG00000149781	FERMT3	0.001611453349599955	-0.04014291157352634	0.0	loo_gnomad	0.7173314878104092	0.4165271187310826	1.0	5
usher	ENSG00000107736	CDH23	ENSG00000168509	HJV	0.00275618237641606	0.052499355961916905	0.0	loo_gnomad	0.7173314878104092	0.30640675777696924	1.0	5
usher	ENSG00000107736	CDH23	ENSG00000189067	LITAF	0.00241263734595417	0.010286649859594377	-0.04802938871795348	loo_gnomad	0.7173314878104092	0.400991117911558	1.0	5
usher	ENSG00000137474	MYO7A	ENSG00000110195	FOLR1	0.0023763606286958316	-0.048747929481115726	0.0	loo_gnomad	0.7154680487889714	0.49974113667532827	1.0	5
usher	ENSG00000137474	MYO7A	ENSG00000132855	ANGPTL3	0.0032649878749918472	0.0	0.05714007240975327	loo_gnomad	0.7154680487889714	0.2994843478097395	1.0	5
usher	ENSG00000137474	MYO7A	ENSG00000147168	IL2RG	0.006255038466015333	-0.05468135505840621	0.05714007240975327	loo_gnomad	0.7154680487889714	0.25496713695145085	1.0	4
usher	ENSG00000150275	PCDH15	ENSG00000107099	DOCK8	0.002376360628696005	0.0487479294811175	0.0	loo_gnomad	0.7536903090984691	0.3910351424580169	1.0	5
usher	ENSG00000150275	PCDH15	ENSG00000131844	MCCC2	0.010395325286962914	-0.08375409120524768	0.058142733796631596	loo_gnomad	0.7536903090984691	0.3730768784849023	1.0	5
usher	ENSG00000150275	PCDH15	ENSG00000187045	TMPRSS6	0.0015148859240494868	-0.038921535479082614	0.0	loo_gnomad	0.7536903090984691	0.29441168057975275	1.0	5
usher	ENSG00000163646	CLRN1	ENSG00000088682	COQ9	0.025782168807114005	-0.05533850631416737	0.15073094747274318	loo_gnomad	0.5586393997339282	0.41235957828177267	1.0	5
usher	ENSG00000163646	CLRN1	ENSG00000130475	FCHO1	0.008395166903107662	0.058502382235957384	-0.07051693538310921	loo_gnomad	0.5586393997339282	0.44037513301343767	1.0	5
usher	ENSG00000163646	CLRN1	ENSG00000174080	CTSF	0.030715756624701898	-0.10783786227608383	-0.13815481202052382	loo_gnomad	0.5586393997339282	0.30578496774533753	1.0	5
usher	ENSG00000164199	ADGRV1	ENSG00000099822	HCN2	0.031125778671746554	0.11384088855012475	0.13478141847400416	loo_gnomad	0.6170944510467152	0.6307596386566652	0.0	5
usher	ENSG00000164199	ADGRV1	ENSG00000134240	HMGCS2	0.03726526242073056	0.17589097986908087	0.07954637403065679	loo_gnomad	0.6170944510467152	0.2494217747677388	1.0	6
usher	ENSG00000164199	ADGRV1	ENSG00000146938	NLGN4X	0.011434824660034352	0.0	0.10693373957752694	loo_gnomad	0.6170944510467152	0.47445419941661565	1.0	4
usher	ENSG00000182040	USH1G	ENSG00000109101	FOXN1	0.08781208780532823	0.17305182951682951	0.2405517659594425	loo_gnomad	0.5648288492094955	0.2684478994236417	1.0	5
usher	ENSG00000182040	USH1G	ENSG00000121905	HPCA	0.029929708361460118	0.14646558031502988	0.09207356919573417	loo_gnomad	0.5648288492094955	0.5466404258451727	1.0	5
usher	ENSG00000182040	USH1G	ENSG00000145794	MEGF10	0.04663293900868466	0.17305182951682951	-0.1291743136601191	loo_gnomad	0.5648288492094955	0.3219681111423532	1.0	5
syscilia	ENSG00000011143	MKS1	ENSG00000145020	AMT	0.030162594549279186	0.0722780012981521	0.1579192359328765	loo_expression	0.5391821106180015	0.4150198539922101	1.0	6
syscilia	ENSG00000011143	MKS1	ENSG00000155465	SLC7A7	0.010498602807829199	-0.06750884050190065	0.07707891580658188	loo_expression	0.5391821106180015	0.496210456172242	1.0	5
syscilia	ENSG00000011143	MKS1	ENSG00000176715	ACSF3	0.021338355339768515	0.023530071817035925	-0.1441689670492705	loo_expression	0.5391821106180015	0.2867928424237585	1.0	6
syscilia	ENSG00000032742	IFT88	ENSG00000008056	SYN1	0.07131649912700963	-0.19127142954676657	0.18636453355224525	loo_expression	0.6485795867149038	0.4738610980169955	1.0	4
syscilia	ENSG00000032742	IFT88	ENSG00000100427	MLC1	0.02940691554989839	-0.16774135772972976	0.03563358607950118	loo_expression	0.6485795867149038	0.4144574038318874	1.0	6
syscilia	ENSG00000032742	IFT88	ENSG00000120693	SMAD9	0.04351521846509199	-0.09372021713027578	0.18636453355224525	loo_expression	0.6485795867149038	0.42422073419397477	1.0	6
syscilia	ENSG00000046651	OFD1	ENSG00000106327	TFR2	0.002777337926906311	0.02446761245755269	0.04667626664090996	loo_expression	0.6112108027721096	0.3033636078368545	1.0	5
syscilia	ENSG00000046651	OFD1	ENSG00000125505	MBOAT7	0.0015620508134909024	-0.03952278853384339	0.0	loo_expression	0.6112108027721096	0.45647287222463756	1.0	5
syscilia	ENSG00000046651	OFD1	ENSG00000134755	DSC2	0.0015620508134909024	-0.03952278853384339	0.0	loo_expression	0.6112108027721096	0.4834183030704967	1.0	5
syscilia	ENSG00000048342	CC2D2A	ENSG00000140326	CDAN1	0.05676426027386997	-0.13667112235993795	0.19515446340461917	loo_expression	0.6016889301755513	0.24546398680701215	1.0	6
syscilia	ENSG00000048342	CC2D2A	ENSG00000147180	ZNF711	0.05486010210812104	-0.23422233477642784	0.0	loo_expression	0.6016889301755513	0.31240478704818675	1.0	5
syscilia	ENSG00000048342	CC2D2A	ENSG00000147251	DOCK11	0.01867899568712513	-0.13667112235993795	0.0	loo_expression	0.6016889301755513	0.4693911033053262	1.0	4
syscilia	ENSG00000103494	RPGRIP1L	ENSG00000083720	OXCT1	0.0	0.0	0.0	loo_expression	0.5658014875852747	0.5097174517387318	1.0	6
syscilia	ENSG00000103494	RPGRIP1L	ENSG00000139718	SETD1B	0.0	0.0	0.0	loo_expression	0.5658014875852747	0.5097010931692105	1.0	6
syscilia	ENSG00000103494	RPGRIP1L	ENSG00000143390	RFX5	0.018333785657409084	0.027295298794193457	0.1326225935545855	loo_expression	0.5658014875852747	0.4187200206901707	1.0	6
syscilia	ENSG00000110274	CEP164	ENSG00000134759	ELP2	0.03444491784134633	-0.06300530654991832	0.17457161621494244	loo_expression	0.6503854993847907	0.37887577318749144	1.0	6
syscilia	ENSG00000110274	CEP164	ENSG00000166228	PCBD1	0.03149844205020073	-0.03198738598734785	0.17457161621494244	loo_expression	0.6503854993847907	0.2316374073823159	1.0	6
syscilia	ENSG00000110274	CEP164	ENSG00000184752	NDUFA12	0.01497099593335489	-0.12235602123865785	0.0	loo_expression	0.6503854993847907	0.3509923722283374	1.0	6
syscilia	ENSG00000113971	NPHP3	ENSG00000111877	MCM9	0.056764260273869625	0.13667112235993795	-0.19515446340461828	loo_expression	0.537763488768815	0.2685510145481086	1.0	6
syscilia	ENSG00000113971	NPHP3	ENSG00000135241	PNPLA8	0.00034011383517263495	0.01844217544577198	0.0	loo_expression	0.537763488768815	0.460513619588271	1.0	6
syscilia	ENSG00000113971	NPHP3	ENSG00000137090	DMRT1	0.015128350866724375	0.11599338786226276	-0.04091313773055116	loo_expression	0.537763488768815	0.4363828987456416	1.0	5
syscilia	ENSG00000122507	BBS9	ENSG00000068831	RASGRP2	0.00044538343545660224	0.021104109444764596	0.0	loo_expression	0.5331421741893774	0.29915373301915	1.0	6
syscilia	ENSG00000122507	BBS9	ENSG00000122787	AKR1D1	0.0	0.0	0.0	loo_expression	0.5331421741893774	0.36037841844987883	1.0	6
syscilia	ENSG00000122507	BBS9	ENSG00000163389	POGLUT1	0.0018192398862880085	0.04265254841493071	0.0	loo_expression	0.5331421741893774	0.31735663948686443	1.0	6
syscilia	ENSG00000125124	BBS2	ENSG00000087053	MTMR2	0.07889047356051841	-0.028833260083853673	-0.279390616652484	loo_expression	0.60770715460222	0.3903085394493692	1.0	6
syscilia	ENSG00000125124	BBS2	ENSG00000132740	IGHMBP2	0.01532559190060963	-0.12379657467236171	0.0	loo_expression	0.60770715460222	0.37191789702132755	1.0	6
syscilia	ENSG00000125124	BBS2	ENSG00000172575	RASGRP1	0.026798168895239616	0.02966912215210371	-0.16099040991923452	loo_expression	0.60770715460222	0.34985621551945356	1.0	6
syscilia	ENSG00000131697	NPHP4	ENSG00000117305	HMGCL	0.032514764849206575	-0.17340168870522632	0.049463311690407075	loo_expression	0.5791951728908569	0.4462121431365921	1.0	5
syscilia	ENSG00000131697	NPHP4	ENSG00000160688	FLAD1	0.024387380977918007	-0.031017920562570467	0.15305315933325936	loo_expression	0.5791951728908569	0.4365468961680941	1.0	6
syscilia	ENSG00000131697	NPHP4	ENSG00000169692	AGPAT2	0.027651153541387617	0.06500679933280473	0.15305315933325936	loo_expression	0.5791951728908569	0.4600701536711547	1.0	5
syscilia	ENSG00000138002	IFT172	ENSG00000101577	LPIN2	0.004416291164497938	0.022495697756601984	-0.06253186985003367	loo_expression	0.6291117166089112	0.32810784898615375	1.0	6
syscilia	ENSG00000138002	IFT172	ENSG00000139132	FGD4	0.0004845229318751042	-0.022011881606875505	0.0	loo_expression	0.6291117166089112	0.4721536050965665	1.0	6
syscilia	ENSG00000138002	IFT172	ENSG00000165970	SLC6A5	0.008669621408653726	0.09311080178289588	0.0	loo_expression	0.6291117166089112	0.3917601320444889	1.0	5
syscilia	ENSG00000138686	BBS7	ENSG00000068438	FTSJ1	0.06536180099852128	-0.12810610965259972	0.22124788285585328	loo_expression	0.5838018740431226	0.43873212488468005	1.0	5
syscilia	ENSG00000138686	BBS7	ENSG00000145414	NAF1	0.05329826993106004	-0.21465169940853102	0.08498775130623049	loo_expression	0.5838018740431226	0.4294235351868475	1.0	6
syscilia	ENSG00000138686	BBS7	ENSG00000146021	KLHL3	0.0067116655663509665	-0.08192475551596701	0.0	loo_expression	0.5838018740431226	0.5544902338160543	1.0	5
syscilia	ENSG00000140463	BBS4	ENSG00000129159	KCNC1	0.16101498514040422	0.34438372369325965	0.20594862465083086	loo_expression	0.5942713820163826	0.3802807150151985	1.0	6
syscilia	ENSG00000140463	BBS4	ENSG00000131183	SLC34A1	0.10550839130333503	0.10783786227608427	0.3063974326965866	loo_expression	0.5942713820163826	0.2533366769945917	1.0	6
syscilia	ENSG00000140463	BBS4	ENSG00000164532	TBX20	0.07100740408077921	0.2656130940807859	-0.021379624262618968	loo_expression	0.5942713820163826	0.45518662189518155	1.0	6
syscilia	ENSG00000144061	NPHP1	ENSG00000108375	RNF43	0.00480943506373498	0.04310165462910742	-0.05432938829002332	loo_expression	0.5439374220724764	0.5357546474135217	1.0	5
syscilia	ENSG00000144061	NPHP1	ENSG00000177646	ACAD9	0.006928775813055342	-0.06142921593098283	0.05617140948169297	loo_expression	0.5439374220724764	0.4379866187216285	1.0	6
syscilia	ENSG00000144061	NPHP1	ENSG00000243646	IL10RB	0.013036844094402384	-0.10042490558837613	-0.05432938829002332	loo_expression	0.5439374220724764	0.2702496208998541	1.0	6
syscilia	ENSG00000148384	INPP5E	ENSG00000105552	BCAT2	0.06266108348494989	-0.16940618703133747	0.18428952026757628	loo_expression	0.5906365246686628	0.2772408732394281	1.0	6
syscilia	ENSG00000148384	INPP5E	ENSG00000110066	KMT5B	0.06266108348494989	-0.16940618703133747	0.18428952026757628	loo_expression	0.5906365246686628	0.5107590707130291	1.0	6
syscilia	ENSG00000148384	INPP5E	ENSG00000186439	TRDN	0.011468691336581393	-0.09755121241649078	0.044186562353888625	loo_expression	0.5906365246686628	0.24036249014880837	1.0	6
syscilia	ENSG00000149483	TMEM138	ENSG00000122122	SASH3	0.2395548922665922	0.257223595914851	-0.41640234626047157	loo_expression	0.497777600862833	0.2584348691295378	1.0	5
syscilia	ENSG00000149483	TMEM138	ENSG00000165288	BRWD3	0.5685477233242766	-0.7094451818841936	0.25541193634123704	loo_expression	0.497777600862833	0.2714326487777838	1.0	5
syscilia	ENSG00000149483	TMEM138	ENSG00000166415	WDR72	0.5284678453223315	-0.6806119218003395	0.25541193634123704	loo_expression	0.497777600862833	0.3098583659490273	1.0	6
syscilia	ENSG00000156313	RPGR	ENSG00000106105	GARS1	0.0035213466114296975	-0.03821559278848685	-0.045397302554824215	loo_expression	0.4867056013654787	0.5102449000730765	0.0	5
syscilia	ENSG00000156313	RPGR	ENSG00000135636	DYSF	0.0026346619129872743	0.05132895784045566	0.0	loo_expression	0.4867056013654787	0.4928686675989084	0.0	5
syscilia	ENSG00000156313	RPGR	ENSG00000173599	PC	0.00873936283001437	0.08099807999255937	0.04667626664090996	loo_expression	0.4867056013654787	0.49681433430898814	0.0	5
syscilia	ENSG00000163093	BBS5	ENSG00000156873	PHKG2	0.03956303755551256	-0.11384088855012475	-0.1631051490592208	loo_expression	0.5914742492732964	0.44512184897412016	1.0	6
syscilia	ENSG00000163093	BBS5	ENSG00000187566	NHLRC1	0.006577755970442193	-0.05850238223595827	-0.05617140948169297	loo_expression	0.5914742492732964	0.25950654014830044	1.0	6
syscilia	ENSG00000163093	BBS5	ENSG00000217128	FNIP1	0.009353234178716016	-0.07728296503997534	0.058142733796631596	loo_expression	0.5914742492732964	0.4358098377389019	1.0	5
syscilia	ENSG00000164953	TMEM67	ENSG00000129667	RHBDF2	0.0042163579043935934	-0.017496375551869114	-0.06253186985003367	loo_expression	0.5175610623405226	0.4096364871646447	1.0	5
syscilia	ENSG00000164953	TMEM67	ENSG00000163625	WDFY3	0.017490034152376804	-0.13224989282557775	0.0	loo_expression	0.5175610623405226	0.3396361435291284	1.0	6
syscilia	ENSG00000164953	TMEM67	ENSG00000163754	GYG1	0.008569592972402265	-0.06825949183418167	-0.06253186985003367	loo_expression	0.5175610623405226	0.256387583544602	1.0	6
syscilia	ENSG00000168778	TCTN2	ENSG00000116704	SLC35D1	0.06089563647825075	0.16411279413195468	0.18428952026757628	loo_expression	0.5406072035177463	0.33188664272183166	1.0	5
syscilia	ENSG00000168778	TCTN2	ENSG00000131061	ZNF341	0.08107591561067035	0.0	0.2847383283133311	loo_expression	0.5406072035177463	0.2630750128407027	1.0	6
syscilia	ENSG00000168778	TCTN2	ENSG00000144741	SLC25A26	0.0014921006008963178	0.038627718038946046	0.0	loo_expression	0.5406072035177463	0.2551336907838622	1.0	6
syscilia	ENSG00000169379	ARL13B	ENSG00000105146	AURKC	0.022890815399108356	-0.07877062961247372	0.1291743136601191	loo_expression	0.6248918353571716	0.563325796170455	1.0	5
syscilia	ENSG00000169379	ARL13B	ENSG00000118729	CASQ2	0.021381330956927493	-0.14007715893309758	0.041949022660357826	loo_expression	0.6248918353571716	0.2949638861414611	1.0	5
syscilia	ENSG00000169379	ARL13B	ENSG00000173175	ADCY5	0.05009685964266575	-0.14007715893309758	0.17457161621494333	loo_expression	0.6248918353571716	0.3662264935443519	1.0	6
syscilia	ENSG00000174483	BBS1	ENSG00000059377	TBXAS1	0.017243601777468344	-0.1018698392696269	0.08286216039090899	loo_expression	0.6249321507404155	0.28827990327860475	1.0	6
syscilia	ENSG00000174483	BBS1	ENSG00000066777	ARFGEF1	0.0005536642797149101	-0.023530071817036813	0.0	loo_expression	0.6249321507404155	0.5335473435933693	1.0	6
syscilia	ENSG00000174483	BBS1	ENSG00000154124	OTULIN	0.00808863643043431	-0.08009214438055245	0.04091313773055116	loo_expression	0.6249321507404155	0.4493195392580704	1.0	6
syscilia	ENSG00000179941	BBS10	ENSG00000100523	DDHD1	0.019855830355695624	0.04761384288787074	0.1326225935545855	loo_expression	0.4613074725075564	0.6033368866410441	0.0	5
syscilia	ENSG00000179941	BBS10	ENSG00000133111	RFXAP	0.017344300736528435	0.04761384288787074	-0.12278934278665066	loo_expression	0.4613074725075564	0.21810262956335374	1.0	6
syscilia	ENSG00000179941	BBS10	ENSG00000144036	EXOC6B	0.005224109471655676	0.0722780012981521	0.0	loo_expression	0.4613074725075564	0.4481765376070164	1.0	6
syscilia	ENSG00000187049	TMEM216	ENSG00000165186	PTCHD1	0.09044275112434844	0.25088603358759887	0.1658280714325251	loo_expression	0.5346099505841466	0.20649032317431057	1.0	4
syscilia	ENSG00000187049	TMEM216	ENSG00000167680	SEMA6B	0.01520477876677552	0.09311080178289588	0.08084032012629461	loo_expression	0.5346099505841466	0.3693832406180838	1.0	5
syscilia	ENSG00000187049	TMEM216	ENSG00000204420	MPIG6B	0.02693300919779734	-0.16411279413195468	0.0	loo_expression	0.5346099505841466	0.23545107014626263	1.0	6
syscilia	ENSG00000187535	IFT140	ENSG00000066629	EML1	0.07740551324663937	0.13978684180005274	0.2405517659594425	loo_expression	0.518670906378644	0.6732403130174371	0.0	5
syscilia	ENSG00000187535	IFT140	ENSG00000102034	ELF4	0.023598983640456532	-0.12296927053542639	0.09207356919573417	loo_expression	0.518670906378644	0.15217070461282833	1.0	5
syscilia	ENSG00000187535	IFT140	ENSG00000159753	CARMIL2	0.06318019164103422	0.16506005291839054	0.18956626960409473	loo_expression	0.518670906378644	0.5516138076394823	0.0	5
syscilia	ENSG00000198707	CEP290	ENSG00000120251	GRIA2	0.0115051216123199	0.10117000126240328	-0.03563358607950118	loo_expression	0.7677154924923468	0.6407523253995807	1.0	5
syscilia	ENSG00000198707	CEP290	ENSG00000130702	LAMA5	0.01095810943048555	0.0	-0.10468098886849297	loo_expression	0.7677154924923468	0.4862894865470513	1.0	6
syscilia	ENSG00000198707	CEP290	ENSG00000138193	PLCE1	0.019636521546499718	-0.11921367278104622	0.07365203166616219	loo_expression	0.7677154924923468	0.45253608418031704	1.0	6
syscilia	ENSG00000204852	TCTN1	ENSG00000067836	ROGDI	0.010025099628981479	-0.032495206908550234	0.09470565535886433	loo_expression	0.5097218518969656	0.40541445491160477	1.0	5
syscilia	ENSG00000204852	TCTN1	ENSG00000075643	MOCOS	0.010025099628981479	-0.032495206908550234	0.09470565535886433	loo_expression	0.5097218518969656	0.2429861258995944	1.0	6
syscilia	ENSG00000204852	TCTN1	ENSG00000161653	NAGS	0.05145007169170392	-0.20838618677763066	-0.08958386490871195	loo_expression	0.5097218518969656	0.2511775907328158	1.0	6
syscilia	ENSG00000205084	TMEM231	ENSG00000119686	FLVCR2	0.01738777871825638	-0.10417591545138727	-0.08084032012629461	loo_expression	0.44847664679378896	0.30268890496189016	1.0	5
syscilia	ENSG00000205084	TMEM231	ENSG00000171680	PLEKHG5	0.06442860584363583	-0.19872121367889317	-0.1579192359328765	loo_expression	0.44847664679378896	0.42710635775909983	1.0	6
syscilia	ENSG00000205084	TMEM231	ENSG00000241935	HOGA1	0.07269913565348812	-0.25722359591485056	-0.08084032012629461	loo_expression	0.44847664679378896	0.31256050350117626	1.0	5
usher	ENSG00000006611	USH1C	ENSG00000076351	SLC46A1	0.03959077072048705	-0.15061776875074262	-0.13001945414834992	loo_expression	0.557511506972373	0.4408580808159469	1.0	6
usher	ENSG00000006611	USH1C	ENSG00000135924	DNAJB2	0.037239623775965916	-0.024664158410280912	-0.19139305908490645	loo_expression	0.557511506972373	0.4132248390537661	1.0	6
usher	ENSG00000006611	USH1C	ENSG00000186111	PIP5K1C	0.010245320401009943	-0.09527926243657525	0.03416405348538376	loo_expression	0.557511506972373	0.5298767817434691	1.0	6
usher	ENSG00000042781	USH2A	ENSG00000066926	FECH	0.0028860540377633193	-0.030554897236109824	0.044186562353888625	loo_expression	0.6942478428122543	0.5558389732109141	1.0	5
usher	ENSG00000042781	USH2A	ENSG00000177469	CAVIN1	0.0028860540377633193	-0.030554897236109824	0.044186562353888625	loo_expression	0.6942478428122543	0.4199548739031598	1.0	5
usher	ENSG00000042781	USH2A	ENSG00000185551	NR2F2	0.0022050424539116014	0.018780582804017065	-0.04303872864587266	loo_expression	0.6942478428122543	0.5113775497710382	1.0	5
usher	ENSG00000095397	WHRN	ENSG00000103150	MLYCD	0.03116378375775936	0.17305182951682951	0.034883349303608036	loo_expression	0.640456273590856	0.3233616614510884	1.0	5
usher	ENSG00000095397	WHRN	ENSG00000158014	SLC30A2	0.007596887874348445	-0.0871601277784082	0.0	loo_expression	0.640456273590856	0.41506189589300013	1.0	5
usher	ENSG00000095397	WHRN	ENSG00000198963	RORB	0.012070887658608972	-0.04450757936347749	-0.10044880804575396	loo_expression	0.640456273590856	0.526610379521787	1.0	5
usher	ENSG00000107736	CDH23	ENSG00000149781	FERMT3	0.001611453349599955	-0.04014291157352634	0.0	loo_expression	0.7326632955316761	0.5174444662291195	1.0	5
usher	ENSG00000107736	CDH23	ENSG00000168509	HJV	0.00275618237641606	0.052499355961916905	0.0	loo_expression	0.7326632955316761	0.3195444273301384	1.0	5
usher	ENSG00000107736	CDH23	ENSG00000189067	LITAF	0.00241263734595417	0.010286649859594377	-0.04802938871795348	loo_expression	0.7326632955316761	0.4305994574780088	1.0	5
usher	ENSG00000137474	MYO7A	ENSG00000110195	FOLR1	0.0023763606286958316	-0.048747929481115726	0.0	loo_expression	0.7055103445498767	0.5793132950998215	1.0	5
usher	ENSG00000137474	MYO7A	ENSG00000132855	ANGPTL3	0.0032649878749918472	0.0	0.05714007240975327	loo_expression	0.7055103445498767	0.32031575019188413	1.0	5
usher	ENSG00000137474	MYO7A	ENSG00000147168	IL2RG	0.006255038466015333	-0.05468135505840621	0.05714007240975327	loo_expression	0.7055103445498767	0.21275655990031964	1.0	4
usher	ENSG00000150275	PCDH15	ENSG00000107099	DOCK8	0.002376360628696005	0.0487479294811175	0.0	loo_expression	0.6938026083224699	0.44021309103478773	1.0	5
usher	ENSG00000150275	PCDH15	ENSG00000131844	MCCC2	0.010395325286962914	-0.08375409120524768	0.058142733796631596	loo_expression	0.6938026083224699	0.411976106160859	1.0	5
usher	ENSG00000150275	PCDH15	ENSG00000187045	TMPRSS6	0.0015148859240494868	-0.038921535479082614	0.0	loo_expression	0.6938026083224699	0.3680321438627336	1.0	5
usher	ENSG00000163646	CLRN1	ENSG00000088682	COQ9	0.025782168807114005	-0.05533850631416737	0.15073094747274318	loo_expression	0.5687460884512946	0.4062546491072919	1.0	5
usher	ENSG00000163646	CLRN1	ENSG00000130475	FCHO1	0.008395166903107662	0.058502382235957384	-0.07051693538310921	loo_expression	0.5687460884512946	0.43552423153295644	1.0	5
usher	ENSG00000163646	CLRN1	ENSG00000174080	CTSF	0.030715756624701898	-0.10783786227608383	-0.13815481202052382	loo_expression	0.5687460884512946	0.2414797975740969	1.0	5
usher	ENSG00000164199	ADGRV1	ENSG00000099822	HCN2	0.031125778671746554	0.11384088855012475	0.13478141847400416	loo_expression	0.5747465172333706	0.5582285667758625	1.0	5
usher	ENSG00000164199	ADGRV1	ENSG00000134240	HMGCS2	0.03726526242073056	0.17589097986908087	0.07954637403065679	loo_expression	0.5747465172333706	0.2851143464459462	1.0	6
usher	ENSG00000164199	ADGRV1	ENSG00000146938	NLGN4X	0.011434824660034352	0.0	0.10693373957752694	loo_expression	0.5747465172333706	0.28515987720651564	1.0	4
usher	ENSG00000182040	USH1G	ENSG00000109101	FOXN1	0.08781208780532823	0.17305182951682951	0.2405517659594425	loo_expression	0.5541163966300482	0.4103371383917532	1.0	5
usher	ENSG00000182040	USH1G	ENSG00000121905	HPCA	0.029929708361460118	0.14646558031502988	0.09207356919573417	loo_expression	0.5541163966300482	0.4832704746273558	1.0	5
usher	ENSG00000182040	USH1G	ENSG00000145794	MEGF10	0.04663293900868466	0.17305182951682951	-0.1291743136601191	loo_expression	0.5541163966300482	0.2930220863130863	1.0	5
syscilia	ENSG00000011143	MKS1	ENSG00000145020	AMT	0.030162594549279186	0.0722780012981521	0.1579192359328765	loo_annotation	0.4631272667627742	0.43000909372440593	1.0	6
syscilia	ENSG00000011143	MKS1	ENSG00000155465	SLC7A7	0.010498602807829199	-0.06750884050190065	0.07707891580658188	loo_annotation	0.4631272667627742	0.4074042580389983	1.0	5
syscilia	ENSG00000011143	MKS1	ENSG00000176715	ACSF3	0.021338355339768515	0.023530071817035925	-0.1441689670492705	loo_annotation	0.4631272667627742	0.2497514021410119	1.0	6
syscilia	ENSG00000032742	IFT88	ENSG00000008056	SYN1	0.07131649912700963	-0.19127142954676657	0.18636453355224525	loo_annotation	0.6089170665603085	0.5746633810084869	1.0	4
syscilia	ENSG00000032742	IFT88	ENSG00000100427	MLC1	0.02940691554989839	-0.16774135772972976	0.03563358607950118	loo_annotation	0.6089170665603085	0.5094680589689167	1.0	6
syscilia	ENSG00000032742	IFT88	ENSG00000120693	SMAD9	0.04351521846509199	-0.09372021713027578	0.18636453355224525	loo_annotation	0.6089170665603085	0.3830984604285518	1.0	6
syscilia	ENSG00000046651	OFD1	ENSG00000106327	TFR2	0.002777337926906311	0.02446761245755269	0.04667626664090996	loo_annotation	0.5440533645246991	0.3396433894880095	1.0	5
syscilia	ENSG00000046651	OFD1	ENSG00000125505	MBOAT7	0.0015620508134909024	-0.03952278853384339	0.0	loo_annotation	0.5440533645246991	0.4050353670211882	1.0	5
syscilia	ENSG00000046651	OFD1	ENSG00000134755	DSC2	0.0015620508134909024	-0.03952278853384339	0.0	loo_annotation	0.5440533645246991	0.39060170284071305	1.0	5
syscilia	ENSG00000048342	CC2D2A	ENSG00000140326	CDAN1	0.05676426027386997	-0.13667112235993795	0.19515446340461917	loo_annotation	0.571304125438056	0.2362876792234108	1.0	6
syscilia	ENSG00000048342	CC2D2A	ENSG00000147180	ZNF711	0.05486010210812104	-0.23422233477642784	0.0	loo_annotation	0.571304125438056	0.27903603548340583	1.0	5
syscilia	ENSG00000048342	CC2D2A	ENSG00000147251	DOCK11	0.01867899568712513	-0.13667112235993795	0.0	loo_annotation	0.571304125438056	0.3687459162232788	1.0	4
syscilia	ENSG00000103494	RPGRIP1L	ENSG00000083720	OXCT1	0.0	0.0	0.0	loo_annotation	0.5233945932474796	0.5357414229168572	0.0	6
syscilia	ENSG00000103494	RPGRIP1L	ENSG00000139718	SETD1B	0.0	0.0	0.0	loo_annotation	0.5233945932474796	0.5020310688834884	1.0	6
syscilia	ENSG00000103494	RPGRIP1L	ENSG00000143390	RFX5	0.018333785657409084	0.027295298794193457	0.1326225935545855	loo_annotation	0.5233945932474796	0.3865031542929934	1.0	6
syscilia	ENSG00000110274	CEP164	ENSG00000134759	ELP2	0.03444491784134633	-0.06300530654991832	0.17457161621494244	loo_annotation	0.6297423738793877	0.3552694281166634	1.0	6
syscilia	ENSG00000110274	CEP164	ENSG00000166228	PCBD1	0.03149844205020073	-0.03198738598734785	0.17457161621494244	loo_annotation	0.6297423738793877	0.21004218375809838	1.0	6
syscilia	ENSG00000110274	CEP164	ENSG00000184752	NDUFA12	0.01497099593335489	-0.12235602123865785	0.0	loo_annotation	0.6297423738793877	0.33324801245944197	1.0	6
syscilia	ENSG00000113971	NPHP3	ENSG00000111877	MCM9	0.056764260273869625	0.13667112235993795	-0.19515446340461828	loo_annotation	0.49836767567011686	0.25407786756543593	1.0	6
syscilia	ENSG00000113971	NPHP3	ENSG00000135241	PNPLA8	0.00034011383517263495	0.01844217544577198	0.0	loo_annotation	0.49836767567011686	0.4271203964122233	1.0	6
syscilia	ENSG00000113971	NPHP3	ENSG00000137090	DMRT1	0.015128350866724375	0.11599338786226276	-0.04091313773055116	loo_annotation	0.49836767567011686	0.3301266245660475	1.0	5
syscilia	ENSG00000122507	BBS9	ENSG00000068831	RASGRP2	0.00044538343545660224	0.021104109444764596	0.0	loo_annotation	0.506577725010531	0.2706175658903763	1.0	6
syscilia	ENSG00000122507	BBS9	ENSG00000122787	AKR1D1	0.0	0.0	0.0	loo_annotation	0.506577725010531	0.28490391363835177	1.0	6
syscilia	ENSG00000122507	BBS9	ENSG00000163389	POGLUT1	0.0018192398862880085	0.04265254841493071	0.0	loo_annotation	0.506577725010531	0.26951819451116876	1.0	6
syscilia	ENSG00000125124	BBS2	ENSG00000087053	MTMR2	0.07889047356051841	-0.028833260083853673	-0.279390616652484	loo_annotation	0.5274657740712166	0.32935589636895757	1.0	6
syscilia	ENSG00000125124	BBS2	ENSG00000132740	IGHMBP2	0.01532559190060963	-0.12379657467236171	0.0	loo_annotation	0.5274657740712166	0.3764350346008107	1.0	6
syscilia	ENSG00000125124	BBS2	ENSG00000172575	RASGRP1	0.026798168895239616	0.02966912215210371	-0.16099040991923452	loo_annotation	0.5274657740712166	0.39554996863703296	1.0	6
syscilia	ENSG00000131697	NPHP4	ENSG00000117305	HMGCL	0.032514764849206575	-0.17340168870522632	0.049463311690407075	loo_annotation	0.5319862977323432	0.3499445643344171	1.0	5
syscilia	ENSG00000131697	NPHP4	ENSG00000160688	FLAD1	0.024387380977918007	-0.031017920562570467	0.15305315933325936	loo_annotation	0.5319862977323432	0.4021442356887579	1.0	6
syscilia	ENSG00000131697	NPHP4	ENSG00000169692	AGPAT2	0.027651153541387617	0.06500679933280473	0.15305315933325936	loo_annotation	0.5319862977323432	0.3551170232789854	1.0	5
syscilia	ENSG00000138002	IFT172	ENSG00000101577	LPIN2	0.004416291164497938	0.022495697756601984	-0.06253186985003367	loo_annotation	0.6073236769361932	0.3101580875681502	1.0	6
syscilia	ENSG00000138002	IFT172	ENSG00000139132	FGD4	0.0004845229318751042	-0.022011881606875505	0.0	loo_annotation	0.6073236769361932	0.4586143024095477	1.0	6
syscilia	ENSG00000138002	IFT172	ENSG00000165970	SLC6A5	0.008669621408653726	0.09311080178289588	0.0	loo_annotation	0.6073236769361932	0.35907289627198996	1.0	5
syscilia	ENSG00000138686	BBS7	ENSG00000068438	FTSJ1	0.06536180099852128	-0.12810610965259972	0.22124788285585328	loo_annotation	0.542188843783667	0.3843379465891334	1.0	5
syscilia	ENSG00000138686	BBS7	ENSG00000145414	NAF1	0.05329826993106004	-0.21465169940853102	0.08498775130623049	loo_annotation	0.542188843783667	0.4249230672357491	1.0	6
syscilia	ENSG00000138686	BBS7	ENSG00000146021	KLHL3	0.0067116655663509665	-0.08192475551596701	0.0	loo_annotation	0.542188843783667	0.5948236237109091	0.0	5
syscilia	ENSG00000140463	BBS4	ENSG00000129159	KCNC1	0.16101498514040422	0.34438372369325965	0.20594862465083086	loo_annotation	0.5286685399081563	0.4336678700126348	1.0	6
syscilia	ENSG00000140463	BBS4	ENSG00000131183	SLC34A1	0.10550839130333503	0.10783786227608427	0.3063974326965866	loo_annotation	0.5286685399081563	0.1899234039154597	1.0	6
syscilia	ENSG00000140463	BBS4	ENSG00000164532	TBX20	0.07100740408077921	0.2656130940807859	-0.021379624262618968	loo_annotation	0.5286685399081563	0.35699376348721956	1.0	6
syscilia	ENSG00000144061	NPHP1	ENSG00000108375	RNF43	0.00480943506373498	0.04310165462910742	-0.05432938829002332	loo_annotation	0.5086462982174305	0.5444423166616743	0.0	5
syscilia	ENSG00000144061	NPHP1	ENSG00000177646	ACAD9	0.006928775813055342	-0.06142921593098283	0.05617140948169297	loo_annotation	0.5086462982174305	0.4017157194742509	1.0	6
syscilia	ENSG00000144061	NPHP1	ENSG00000243646	IL10RB	0.013036844094402384	-0.10042490558837613	-0.05432938829002332	loo_annotation	0.5086462982174305	0.22526674190553483	1.0	6
syscilia	ENSG00000148384	INPP5E	ENSG00000105552	BCAT2	0.06266108348494989	-0.16940618703133747	0.18428952026757628	loo_annotation	0.5577291324677284	0.23323203866044967	1.0	6
syscilia	ENSG00000148384	INPP5E	ENSG00000110066	KMT5B	0.06266108348494989	-0.16940618703133747	0.18428952026757628	loo_annotation	0.5577291324677284	0.4911885983304184	1.0	6
syscilia	ENSG00000148384	INPP5E	ENSG00000186439	TRDN	0.011468691336581393	-0.09755121241649078	0.044186562353888625	loo_annotation	0.5577291324677284	0.1802294357693734	1.0	6
syscilia	ENSG00000149483	TMEM138	ENSG00000122122	SASH3	0.2395548922665922	0.257223595914851	-0.41640234626047157	loo_annotation	0.5228090401078086	0.3573236842731652	1.0	5
syscilia	ENSG00000149483	TMEM138	ENSG00000165288	BRWD3	0.5685477233242766	-0.7094451818841936	0.25541193634123704	loo_annotation	0.5228090401078086	0.29274260701904664	1.0	5
syscilia	ENSG00000149483	TMEM138	ENSG00000166415	WDR72	0.5284678453223315	-0.6806119218003395	0.25541193634123704	loo_annotation	0.5228090401078086	0.2840681893751665	1.0	6
syscilia	ENSG00000156313	RPGR	ENSG00000106105	GARS1	0.0035213466114296975	-0.03821559278848685	-0.045397302554824215	loo_annotation	0.4827569116038677	0.4874963544435664	0.0	5
syscilia	ENSG00000156313	RPGR	ENSG00000135636	DYSF	0.0026346619129872743	0.05132895784045566	0.0	loo_annotation	0.4827569116038677	0.5109203602726986	0.0	5
syscilia	ENSG00000156313	RPGR	ENSG00000173599	PC	0.00873936283001437	0.08099807999255937	0.04667626664090996	loo_annotation	0.4827569116038677	0.5114122599343438	0.0	5
syscilia	ENSG00000163093	BBS5	ENSG00000156873	PHKG2	0.03956303755551256	-0.11384088855012475	-0.1631051490592208	loo_annotation	0.5585185200042438	0.40813796236070954	1.0	6
syscilia	ENSG00000163093	BBS5	ENSG00000187566	NHLRC1	0.006577755970442193	-0.05850238223595827	-0.05617140948169297	loo_annotation	0.5585185200042438	0.20347671416287405	1.0	6
syscilia	ENSG00000163093	BBS5	ENSG00000217128	FNIP1	0.009353234178716016	-0.07728296503997534	0.058142733796631596	loo_annotation	0.5585185200042438	0.37601816391347126	1.0	5
syscilia	ENSG00000164953	TMEM67	ENSG00000129667	RHBDF2	0.0042163579043935934	-0.017496375551869114	-0.06253186985003367	loo_annotation	0.48130234328707366	0.3223486452150411	1.0	5
syscilia	ENSG00000164953	TMEM67	ENSG00000163625	WDFY3	0.017490034152376804	-0.13224989282557775	0.0	loo_annotation	0.48130234328707366	0.37050171500626644	1.0	6
syscilia	ENSG00000164953	TMEM67	ENSG00000163754	GYG1	0.008569592972402265	-0.06825949183418167	-0.06253186985003367	loo_annotation	0.48130234328707366	0.21550379580096973	1.0	6
syscilia	ENSG00000168778	TCTN2	ENSG00000116704	SLC35D1	0.06089563647825075	0.16411279413195468	0.18428952026757628	loo_annotation	0.46530738105975245	0.28399019186265523	1.0	5
syscilia	ENSG00000168778	TCTN2	ENSG00000131061	ZNF341	0.08107591561067035	0.0	0.2847383283133311	loo_annotation	0.46530738105975245	0.27673015543370105	1.0	6
syscilia	ENSG00000168778	TCTN2	ENSG00000144741	SLC25A26	0.0014921006008963178	0.038627718038946046	0.0	loo_annotation	0.46530738105975245	0.21320245114214414	1.0	6
syscilia	ENSG00000169379	ARL13B	ENSG00000105146	AURKC	0.022890815399108356	-0.07877062961247372	0.1291743136601191	loo_annotation	0.5887095970839327	0.5263695292497244	1.0	5
syscilia	ENSG00000169379	ARL13B	ENSG00000118729	CASQ2	0.021381330956927493	-0.14007715893309758	0.041949022660357826	loo_annotation	0.5887095970839327	0.22864854154723036	1.0	5
syscilia	ENSG00000169379	ARL13B	ENSG00000173175	ADCY5	0.05009685964266575	-0.14007715893309758	0.17457161621494333	loo_annotation	0.5887095970839327	0.2928232928969025	1.0	6
syscilia	ENSG00000174483	BBS1	ENSG00000059377	TBXAS1	0.017243601777468344	-0.1018698392696269	0.08286216039090899	loo_annotation	0.5840788392075134	0.30408010648455586	1.0	6
syscilia	ENSG00000174483	BBS1	ENSG00000066777	ARFGEF1	0.0005536642797149101	-0.023530071817036813	0.0	loo_annotation	0.5840788392075134	0.5042651701292181	1.0	6
syscilia	ENSG00000174483	BBS1	ENSG00000154124	OTULIN	0.00808863643043431	-0.08009214438055245	0.04091313773055116	loo_annotation	0.5840788392075134	0.39157080733935146	1.0	6
syscilia	ENSG00000179941	BBS10	ENSG00000100523	DDHD1	0.019855830355695624	0.04761384288787074	0.1326225935545855	loo_annotation	0.41393882666999154	0.5950740412306584	0.0	5
syscilia	ENSG00000179941	BBS10	ENSG00000133111	RFXAP	0.017344300736528435	0.04761384288787074	-0.12278934278665066	loo_annotation	0.41393882666999154	0.19068750248307761	1.0	6
syscilia	ENSG00000179941	BBS10	ENSG00000144036	EXOC6B	0.005224109471655676	0.0722780012981521	0.0	loo_annotation	0.41393882666999154	0.4868361757780258	0.0	6
syscilia	ENSG00000187049	TMEM216	ENSG00000165186	PTCHD1	0.09044275112434844	0.25088603358759887	0.1658280714325251	loo_annotation	0.47587906731244006	0.37761157795001205	1.0	4
syscilia	ENSG00000187049	TMEM216	ENSG00000167680	SEMA6B	0.01520477876677552	0.09311080178289588	0.08084032012629461	loo_annotation	0.47587906731244006	0.4377682490468909	1.0	5
syscilia	ENSG00000187049	TMEM216	ENSG00000204420	MPIG6B	0.02693300919779734	-0.16411279413195468	0.0	loo_annotation	0.47587906731244006	0.1726450689278924	1.0	6
syscilia	ENSG00000187535	IFT140	ENSG00000066629	EML1	0.07740551324663937	0.13978684180005274	0.2405517659594425	loo_annotation	0.4630670510573738	0.6591365250076996	0.0	5
syscilia	ENSG00000187535	IFT140	ENSG00000102034	ELF4	0.023598983640456532	-0.12296927053542639	0.09207356919573417	loo_annotation	0.4630670510573738	0.10036701882344318	1.0	5
syscilia	ENSG00000187535	IFT140	ENSG00000159753	CARMIL2	0.06318019164103422	0.16506005291839054	0.18956626960409473	loo_annotation	0.4630670510573738	0.629325723977141	0.0	5
syscilia	ENSG00000198707	CEP290	ENSG00000120251	GRIA2	0.0115051216123199	0.10117000126240328	-0.03563358607950118	loo_annotation	0.686594202093244	0.6739176931284943	1.0	5
syscilia	ENSG00000198707	CEP290	ENSG00000130702	LAMA5	0.01095810943048555	0.0	-0.10468098886849297	loo_annotation	0.686594202093244	0.4960801166733141	1.0	6
syscilia	ENSG00000198707	CEP290	ENSG00000138193	PLCE1	0.019636521546499718	-0.11921367278104622	0.07365203166616219	loo_annotation	0.686594202093244	0.46452203804642983	1.0	6
syscilia	ENSG00000204852	TCTN1	ENSG00000067836	ROGDI	0.010025099628981479	-0.032495206908550234	0.09470565535886433	loo_annotation	0.47154280529775955	0.5260766889914082	0.0	5
syscilia	ENSG00000204852	TCTN1	ENSG00000075643	MOCOS	0.010025099628981479	-0.032495206908550234	0.09470565535886433	loo_annotation	0.47154280529775955	0.18259513157930293	1.0	6
syscilia	ENSG00000204852	TCTN1	ENSG00000161653	NAGS	0.05145007169170392	-0.20838618677763066	-0.08958386490871195	loo_annotation	0.47154280529775955	0.18658641360644357	1.0	6
syscilia	ENSG00000205084	TMEM231	ENSG00000119686	FLVCR2	0.01738777871825638	-0.10417591545138727	-0.08084032012629461	loo_annotation	0.4223171774060081	0.3850844973513605	1.0	5
syscilia	ENSG00000205084	TMEM231	ENSG00000171680	PLEKHG5	0.06442860584363583	-0.19872121367889317	-0.1579192359328765	loo_annotation	0.4223171774060081	0.4936375216979835	0.0	6
syscilia	ENSG00000205084	TMEM231	ENSG00000241935	HOGA1	0.07269913565348812	-0.25722359591485056	-0.08084032012629461	loo_annotation	0.4223171774060081	0.3304664343821642	1.0	5
usher	ENSG00000006611	USH1C	ENSG00000076351	SLC46A1	0.03959077072048705	-0.15061776875074262	-0.13001945414834992	loo_annotation	0.4728902164370866	0.4354625851066966	1.0	6
usher	ENSG00000006611	USH1C	ENSG00000135924	DNAJB2	0.037239623775965916	-0.024664158410280912	-0.19139305908490645	loo_annotation	0.4728902164370866	0.4252489723861125	1.0	6
usher	ENSG00000006611	USH1C	ENSG00000186111	PIP5K1C	0.010245320401009943	-0.09527926243657525	0.03416405348538376	loo_annotation	0.4728902164370866	0.5367178485214027	0.0	6
usher	ENSG00000042781	USH2A	ENSG00000066926	FECH	0.0028860540377633193	-0.030554897236109824	0.044186562353888625	loo_annotation	0.7044755654000404	0.49572911847295464	1.0	5
usher	ENSG00000042781	USH2A	ENSG00000177469	CAVIN1	0.0028860540377633193	-0.030554897236109824	0.044186562353888625	loo_annotation	0.7044755654000404	0.38299460668744595	1.0	5
usher	ENSG00000042781	USH2A	ENSG00000185551	NR2F2	0.0022050424539116014	0.018780582804017065	-0.04303872864587266	loo_annotation	0.7044755654000404	0.43880282528050796	1.0	5
usher	ENSG00000095397	WHRN	ENSG00000103150	MLYCD	0.03116378375775936	0.17305182951682951	0.034883349303608036	loo_annotation	0.5945111395915933	0.2394193189248837	1.0	5
usher	ENSG00000095397	WHRN	ENSG00000158014	SLC30A2	0.007596887874348445	-0.0871601277784082	0.0	loo_annotation	0.5945111395915933	0.3208818941791594	1.0	5
usher	ENSG00000095397	WHRN	ENSG00000198963	RORB	0.012070887658608972	-0.04450757936347749	-0.10044880804575396	loo_annotation	0.5945111395915933	0.5341077094682811	1.0	5
usher	ENSG00000107736	CDH23	ENSG00000149781	FERMT3	0.001611453349599955	-0.04014291157352634	0.0	loo_annotation	0.6925706653996594	0.44205591324176263	1.0	5
usher	ENSG00000107736	CDH23	ENSG00000168509	HJV	0.00275618237641606	0.052499355961916905	0.0	loo_annotation	0.6925706653996594	0.23574064644824047	1.0	5
usher	ENSG00000107736	CDH23	ENSG00000189067	LITAF	0.00241263734595417	0.010286649859594377	-0.04802938871795348	loo_annotation	0.6925706653996594	0.38387042235779073	1.0	5
usher	ENSG00000137474	MYO7A	ENSG00000110195	FOLR1	0.0023763606286958316	-0.048747929481115726	0.0	loo_annotation	0.6326021620013946	0.4652457385055093	1.0	5
usher	ENSG00000137474	MYO7A	ENSG00000132855	ANGPTL3	0.0032649878749918472	0.0	0.05714007240975327	loo_annotation	0.6326021620013946	0.21080313117238825	1.0	5
usher	ENSG00000137474	MYO7A	ENSG00000147168	IL2RG	0.006255038466015333	-0.05468135505840621	0.05714007240975327	loo_annotation	0.6326021620013946	0.11741503633995218	1.0	4
usher	ENSG00000150275	PCDH15	ENSG00000107099	DOCK8	0.002376360628696005	0.0487479294811175	0.0	loo_annotation	0.7020183947370552	0.3977999248551736	1.0	5
usher	ENSG00000150275	PCDH15	ENSG00000131844	MCCC2	0.010395325286962914	-0.08375409120524768	0.058142733796631596	loo_annotation	0.7020183947370552	0.35284966944522006	1.0	5
usher	ENSG00000150275	PCDH15	ENSG00000187045	TMPRSS6	0.0015148859240494868	-0.038921535479082614	0.0	loo_annotation	0.7020183947370552	0.27554538254110433	1.0	5
usher	ENSG00000163646	CLRN1	ENSG00000088682	COQ9	0.025782168807114005	-0.05533850631416737	0.15073094747274318	loo_annotation	0.5171688390123486	0.3896652037053547	1.0	5
usher	ENSG00000163646	CLRN1	ENSG00000130475	FCHO1	0.008395166903107662	0.058502382235957384	-0.07051693538310921	loo_annotation	0.5171688390123486	0.4602289571842361	1.0	5
usher	ENSG00000163646	CLRN1	ENSG00000174080	CTSF	0.030715756624701898	-0.10783786227608383	-0.13815481202052382	loo_annotation	0.5171688390123486	0.23996580649933538	1.0	5
usher	ENSG00000164199	ADGRV1	ENSG00000099822	HCN2	0.031125778671746554	0.11384088855012475	0.13478141847400416	loo_annotation	0.5945897868026833	0.6026572527605486	0.0	5
usher	ENSG00000164199	ADGRV1	ENSG00000134240	HMGCS2	0.03726526242073056	0.17589097986908087	0.07954637403065679	loo_annotation	0.5945897868026833	0.1972731639343403	1.0	6
usher	ENSG00000164199	ADGRV1	ENSG00000146938	NLGN4X	0.011434824660034352	0.0	0.10693373957752694	loo_annotation	0.5945897868026833	0.36014656975573617	1.0	4
usher	ENSG00000182040	USH1G	ENSG00000109101	FOXN1	0.08781208780532823	0.17305182951682951	0.2405517659594425	loo_annotation	0.4658175696664237	0.3510923449107835	1.0	5
usher	ENSG00000182040	USH1G	ENSG00000121905	HPCA	0.029929708361460118	0.14646558031502988	0.09207356919573417	loo_annotation	0.4658175696664237	0.5873281849690309	0.0	5
usher	ENSG00000182040	USH1G	ENSG00000145794	MEGF10	0.04663293900868466	0.17305182951682951	-0.1291743136601191	loo_annotation	0.4658175696664237	0.348629393334097	1.0	5
syscilia	ENSG00000011143	MKS1	ENSG00000145020	AMT	0.030162594549279186	0.0722780012981521	0.1579192359328765	loo_localization	0.5722515301981601	0.5641436458314455	1.0	6
syscilia	ENSG00000011143	MKS1	ENSG00000155465	SLC7A7	0.010498602807829199	-0.06750884050190065	0.07707891580658188	loo_localization	0.5722515301981601	0.47039148195784236	1.0	5
syscilia	ENSG00000011143	MKS1	ENSG00000176715	ACSF3	0.021338355339768515	0.023530071817035925	-0.1441689670492705	loo_localization	0.5722515301981601	0.38667940286366687	1.0	6
syscilia	ENSG00000032742	IFT88	ENSG00000008056	SYN1	0.07131649912700963	-0.19127142954676657	0.18636453355224525	loo_localization	0.7296719965118105	0.6323208378387899	1.0	4
syscilia	ENSG00000032742	IFT88	ENSG00000100427	MLC1	0.02940691554989839	-0.16774135772972976	0.03563358607950118	loo_localization	0.7296719965118105	0.6210699511375207	1.0	6
syscilia	ENSG00000032742	IFT88	ENSG00000120693	SMAD9	0.04351521846509199	-0.09372021713027578	0.18636453355224525	loo_localization	0.7296719965118105	0.5286006417120459	1.0	6
syscilia	ENSG00000046651	OFD1	ENSG00000106327	TFR2	0.002777337926906311	0.02446761245755269	0.04667626664090996	loo_localization	0.6158522891587027	0.4823521221558883	1.0	5
syscilia	ENSG00000046651	OFD1	ENSG00000125505	MBOAT7	0.0015620508134909024	-0.03952278853384339	0.0	loo_localization	0.6158522891587027	0.5481757211530732	1.0	5
syscilia	ENSG00000046651	OFD1	ENSG00000134755	DSC2	0.0015620508134909024	-0.03952278853384339	0.0	loo_localization	0.6158522891587027	0.533742056972598	1.0	5
syscilia	ENSG00000048342	CC2D2A	ENSG00000140326	CDAN1	0.05676426027386997	-0.13667112235993795	0.19515446340461917	loo_localization	0.6773538030357024	0.3317092088897769	1.0	6
syscilia	ENSG00000048342	CC2D2A	ENSG00000147180	ZNF711	0.05486010210812104	-0.23422233477642784	0.0	loo_localization	0.6773538030357024	0.4523317677264819	1.0	5
syscilia	ENSG00000048342	CC2D2A	ENSG00000147251	DOCK11	0.01867899568712513	-0.13667112235993795	0.0	loo_localization	0.6773538030357024	0.45694643703021365	1.0	4
syscilia	ENSG00000103494	RPGRIP1L	ENSG00000083720	OXCT1	0.0	0.0	0.0	loo_localization	0.6297842663332976	0.6738958018850284	0.0	6
syscilia	ENSG00000103494	RPGRIP1L	ENSG00000139718	SETD1B	0.0	0.0	0.0	loo_localization	0.6297842663332976	0.6401854478516593	0.0	6
syscilia	ENSG00000103494	RPGRIP1L	ENSG00000143390	RFX5	0.018333785657409084	0.027295298794193457	0.1326225935545855	loo_localization	0.6297842663332976	0.5234311550156484	1.0	6
syscilia	ENSG00000110274	CEP164	ENSG00000134759	ELP2	0.03444491784134633	-0.06300530654991832	0.17457161621494244	loo_localization	0.5874063377511332	0.4877896939496039	1.0	6
syscilia	ENSG00000110274	CEP164	ENSG00000166228	PCBD1	0.03149844205020073	-0.03198738598734785	0.17457161621494244	loo_localization	0.5874063377511332	0.3425624495910389	1.0	6
syscilia	ENSG00000110274	CEP164	ENSG00000184752	NDUFA12	0.01497099593335489	-0.12235602123865785	0.0	loo_localization	0.5874063377511332	0.46738256456648153	1.0	6
syscilia	ENSG00000113971	NPHP3	ENSG00000111877	MCM9	0.056764260273869625	0.13667112235993795	-0.19515446340461828	loo_localization	0.6166517278408068	0.3653430088438768	1.0	6
syscilia	ENSG00000113971	NPHP3	ENSG00000135241	PNPLA8	0.00034011383517263495	0.01844217544577198	0.0	loo_localization	0.6166517278408068	0.5718750368182074	1.0	6
syscilia	ENSG00000113971	NPHP3	ENSG00000137090	DMRT1	0.015128350866724375	0.11599338786226276	-0.04091313773055116	loo_localization	0.6166517278408068	0.41700195440962295	1.0	5
syscilia	ENSG00000122507	BBS9	ENSG00000068831	RASGRP2	0.00044538343545660224	0.021104109444764596	0.0	loo_localization	0.6199346180157329	0.4104450471308722	1.0	6
syscilia	ENSG00000122507	BBS9	ENSG00000122787	AKR1D1	0.0	0.0	0.0	loo_localization	0.6199346180157329	0.4247313948788477	1.0	6
syscilia	ENSG00000122507	BBS9	ENSG00000163389	POGLUT1	0.0018192398862880085	0.04265254841493071	0.0	loo_localization	0.6199346180157329	0.4093456757516647	1.0	6
syscilia	ENSG00000125124	BBS2	ENSG00000087053	MTMR2	0.07889047356051841	-0.028833260083853673	-0.279390616652484	loo_localization	0.643565076623967	0.47980346590839795	1.0	6
syscilia	ENSG00000125124	BBS2	ENSG00000132740	IGHMBP2	0.01532559190060963	-0.12379657467236171	0.0	loo_localization	0.643565076623967	0.48900492538885504	1.0	6
syscilia	ENSG00000125124	BBS2	ENSG00000172575	RASGRP1	0.026798168895239616	0.02966912215210371	-0.16099040991923452	loo_localization	0.643565076623967	0.5449026761781479	1.0	6
syscilia	ENSG00000131697	NPHP4	ENSG00000117305	HMGCL	0.032514764849206575	-0.17340168870522632	0.049463311690407075	loo_localization	0.6424861905593148	0.42999684629648877	1.0	5
syscilia	ENSG00000131697	NPHP4	ENSG00000160688	FLAD1	0.024387380977918007	-0.031017920562570467	0.15305315933325936	loo_localization	0.6424861905593148	0.5429935320730185	1.0	6
syscilia	ENSG00000131697	NPHP4	ENSG00000169692	AGPAT2	0.027651153541387617	0.06500679933280473	0.15305315933325936	loo_localization	0.6424861905593148	0.43329860967283673	1.0	5
syscilia	ENSG00000138002	IFT172	ENSG00000101577	LPIN2	0.004416291164497938	0.022495697756601984	-0.06253186985003367	loo_localization	0.7190074676690702	0.4488907068103208	1.0	6
syscilia	ENSG00000138002	IFT172	ENSG00000139132	FGD4	0.0004845229318751042	-0.022011881606875505	0.0	loo_localization	0.7190074676690702	0.5967686813777188	1.0	6
syscilia	ENSG00000138002	IFT172	ENSG00000165970	SLC6A5	0.008669621408653726	0.09311080178289588	0.0	loo_localization	0.7190074676690702	0.4338614700156922	1.0	5
syscilia	ENSG00000138686	BBS7	ENSG00000068438	FTSJ1	0.06536180099852128	-0.12810610965259972	0.22124788285585328	loo_localization	0.6604728959543569	0.5709570585394366	1.0	5
syscilia	ENSG00000138686	BBS7	ENSG00000145414	NAF1	0.05329826993106004	-0.21465169940853102	0.08498775130623049	loo_localization	0.6604728959543569	0.5335976972855682	1.0	6
syscilia	ENSG00000138686	BBS7	ENSG00000146021	KLHL3	0.0067116655663509665	-0.08192475551596701	0.0	loo_localization	0.6604728959543569	0.6346093893443798	1.0	5
syscilia	ENSG00000140463	BBS4	ENSG00000129159	KCNC1	0.16101498514040422	0.34438372369325965	0.20594862465083086	loo_localization	0.651692954556267	0.5865525570209037	1.0	6
syscilia	ENSG00000140463	BBS4	ENSG00000131183	SLC34A1	0.10550839130333503	0.10783786227608427	0.3063974326965866	loo_localization	0.651692954556267	0.3418792278267735	1.0	6
syscilia	ENSG00000140463	BBS4	ENSG00000164532	TBX20	0.07100740408077921	0.2656130940807859	-0.021379624262618968	loo_localization	0.651692954556267	0.5119805841635651	1.0	6
syscilia	ENSG00000144061	NPHP1	ENSG00000108375	RNF43	0.00480943506373498	0.04310165462910742	-0.05432938829002332	loo_localization	0.6225226154984059	0.5892135571644629	1.0	5
syscilia	ENSG00000144061	NPHP1	ENSG00000177646	ACAD9	0.006928775813055342	-0.06142921593098283	0.05617140948169297	loo_localization	0.6225226154984059	0.5415432007147469	1.0	6
syscilia	ENSG00000144061	NPHP1	ENSG00000243646	IL10RB	0.013036844094402384	-0.10042490558837613	-0.05432938829002332	loo_localization	0.6225226154984059	0.3661160382897954	1.0	6
syscilia	ENSG00000148384	INPP5E	ENSG00000105552	BCAT2	0.06266108348494989	-0.16940618703133747	0.18428952026757628	loo_localization	0.6487567036940182	0.3754966373697742	1.0	6
syscilia	ENSG00000148384	INPP5E	ENSG00000110066	KMT5B	0.06266108348494989	-0.16940618703133747	0.18428952026757628	loo_localization	0.6487567036940182	0.6334531970397429	1.0	6
syscilia	ENSG00000148384	INPP5E	ENSG00000186439	TRDN	0.011468691336581393	-0.09755121241649078	0.044186562353888625	loo_localization	0.6487567036940182	0.32378958461923324	1.0	6
syscilia	ENSG00000149483	TMEM138	ENSG00000122122	SASH3	0.2395548922665922	0.257223595914851	-0.41640234626047157	loo_localization	0.5526233972665369	0.4705777625868524	1.0	5
syscilia	ENSG00000149483	TMEM138	ENSG00000165288	BRWD3	0.5685477233242766	-0.7094451818841936	0.25541193634123704	loo_localization	0.5526233972665369	0.39787283856681765	1.0	5
syscilia	ENSG00000149483	TMEM138	ENSG00000166415	WDR72	0.5284678453223315	-0.6806119218003395	0.25541193634123704	loo_localization	0.5526233972665369	0.353873660558756	1.0	6
syscilia	ENSG00000156313	RPGR	ENSG00000106105	GARS1	0.0035213466114296975	-0.03821559278848685	-0.045397302554824215	loo_localization	0.6237866054686405	0.6310565032934262	0.0	5
syscilia	ENSG00000156313	RPGR	ENSG00000135636	DYSF	0.0026346619129872743	0.05132895784045566	0.0	loo_localization	0.6237866054686405	0.6540607144045835	0.0	5
syscilia	ENSG00000156313	RPGR	ENSG00000173599	PC	0.00873936283001437	0.08099807999255937	0.04667626664090996	loo_localization	0.6237866054686405	0.6541209926022226	0.0	5
syscilia	ENSG00000163093	BBS5	ENSG00000156873	PHKG2	0.03956303755551256	-0.11384088855012475	-0.1631051490592208	loo_localization	0.6718754130094456	0.5494736979730789	1.0	6
syscilia	ENSG00000163093	BBS5	ENSG00000187566	NHLRC1	0.006577755970442193	-0.05850238223595827	-0.05617140948169297	loo_localization	0.6718754130094456	0.3438236196791437	1.0	6
syscilia	ENSG00000163093	BBS5	ENSG00000217128	FNIP1	0.009353234178716016	-0.07728296503997534	0.058142733796631596	loo_localization	0.6718754130094456	0.4489518452147697	1.0	5
syscilia	ENSG00000164953	TMEM67	ENSG00000129667	RHBDF2	0.0042163579043935934	-0.017496375551869114	-0.06253186985003367	loo_localization	0.5929861340199506	0.4041962094192632	1.0	5
syscilia	ENSG00000164953	TMEM67	ENSG00000163625	WDFY3	0.017490034152376804	-0.13224989282557775	0.0	loo_localization	0.5929861340199506	0.4733619763273787	1.0	6
syscilia	ENSG00000164953	TMEM67	ENSG00000163754	GYG1	0.008569592972402265	-0.06825949183418167	-0.06253186985003367	loo_localization	0.5929861340199506	0.3542364150431403	1.0	6
syscilia	ENSG00000168778	TCTN2	ENSG00000116704	SLC35D1	0.06089563647825075	0.16411279413195468	0.18428952026757628	loo_localization	0.5668913345753329	0.3655187860619784	1.0	5
syscilia	ENSG00000168778	TCTN2	ENSG00000131061	ZNF341	0.08107591561067035	0.0	0.2847383283133311	loo_localization	0.5668913345753329	0.3721516851000671	1.0	6
syscilia	ENSG00000168778	TCTN2	ENSG00000144741	SLC25A26	0.0014921006008963178	0.038627718038946046	0.0	loo_localization	0.5668913345753329	0.34655111054007764	1.0	6
syscilia	ENSG00000169379	ARL13B	ENSG00000105146	AURKC	0.022890815399108356	-0.07877062961247372	0.1291743136601191	loo_localization	0.6805230610193286	0.5417468199966917	1.0	5
syscilia	ENSG00000169379	ARL13B	ENSG00000118729	CASQ2	0.021381330956927493	-0.14007715893309758	0.041949022660357826	loo_localization	0.6805230610193286	0.3326655312986496	1.0	5
syscilia	ENSG00000169379	ARL13B	ENSG00000173175	ADCY5	0.05009685964266575	-0.14007715893309758	0.17457161621494333	loo_localization	0.6805230610193286	0.43596364702878754	1.0	6
syscilia	ENSG00000174483	BBS1	ENSG00000059377	TBXAS1	0.017243601777468344	-0.1018698392696269	0.08286216039090899	loo_localization	0.6974471027980383	0.44844683886195696	1.0	6
syscilia	ENSG00000174483	BBS1	ENSG00000066777	ARFGEF1	0.0005536642797149101	-0.023530071817036813	0.0	loo_localization	0.6974471027980383	0.649398139602096	1.0	6
syscilia	ENSG00000174483	BBS1	ENSG00000154124	OTULIN	0.00808863643043431	-0.08009214438055245	0.04091313773055116	loo_localization	0.6974471027980383	0.5363254477453355	1.0	6
syscilia	ENSG00000179941	BBS10	ENSG00000100523	DDHD1	0.019855830355695624	0.04761384288787074	0.1326225935545855	loo_localization	0.5150025291039241	0.6163688875548409	0.0	5
syscilia	ENSG00000179941	BBS10	ENSG00000133111	RFXAP	0.017344300736528435	0.04761384288787074	-0.12278934278665066	loo_localization	0.5150025291039241	0.3193572420583972	1.0	6
syscilia	ENSG00000179941	BBS10	ENSG00000144036	EXOC6B	0.005224109471655676	0.0722780012981521	0.0	loo_localization	0.5150025291039241	0.5790763488001935	0.0	6
syscilia	ENSG00000187049	TMEM216	ENSG00000165186	PTCHD1	0.09044275112434844	0.25088603358759887	0.1658280714325251	loo_localization	0.5842905720616957	0.41869561455884546	1.0	4
syscilia	ENSG00000187049	TMEM216	ENSG00000167680	SEMA6B	0.01520477876677552	0.09311080178289588	0.08084032012629461	loo_localization	0.5842905720616957	0.494649580733891	1.0	5
syscilia	ENSG00000187049	TMEM216	ENSG00000204420	MPIG6B	0.02693300919779734	-0.16411279413195468	0.0	loo_localization	0.5842905720616957	0.307527161912442	1.0	6
syscilia	ENSG00000187535	IFT140	ENSG00000066629	EML1	0.07740551324663937	0.13978684180005274	0.2405517659594425	loo_localization	0.5801566116719397	0.6488599326775336	0.0	5
syscilia	ENSG00000187535	IFT140	ENSG00000102034	ELF4	0.023598983640456532	-0.12296927053542639	0.09207356919573417	loo_localization	0.5801566116719397	0.24083228461990014	1.0	5
syscilia	ENSG00000187535	IFT140	ENSG00000159753	CARMIL2	0.06318019164103422	0.16506005291839054	0.18956626960409473	loo_localization	0.5801566116719397	0.6247813307081438	0.0	5
syscilia	ENSG00000198707	CEP290	ENSG00000120251	GRIA2	0.0115051216123199	0.10117000126240328	-0.03563358607950118	loo_localization	0.6570196236736127	0.7022165595867325	0.0	5
syscilia	ENSG00000198707	CEP290	ENSG00000130702	LAMA5	0.01095810943048555	0.0	-0.10468098886849297	loo_localization	0.6570196236736127	0.6439441251084174	1.0	6
syscilia	ENSG00000198707	CEP290	ENSG00000138193	PLCE1	0.019636521546499718	-0.11921367278104622	0.07365203166616219	loo_localization	0.6570196236736127	0.6107369780160543	1.0	6
syscilia	ENSG00000204852	TCTN1	ENSG00000067836	ROGDI	0.010025099628981479	-0.032495206908550234	0.09470565535886433	loo_localization	0.5722983652483471	0.5295900189915398	1.0	5
syscilia	ENSG00000204852	TCTN1	ENSG00000075643	MOCOS	0.010025099628981479	-0.032495206908550234	0.09470565535886433	loo_localization	0.5722983652483471	0.314239641989683	1.0	6
syscilia	ENSG00000204852	TCTN1	ENSG00000161653	NAGS	0.05145007169170392	-0.20838618677763066	-0.08958386490871195	loo_localization	0.5722983652483471	0.319935073004377	1.0	6
syscilia	ENSG00000205084	TMEM231	ENSG00000119686	FLVCR2	0.01738777871825638	-0.10417591545138727	-0.08084032012629461	loo_localization	0.4893929059836361	0.4167163849209642	1.0	5
syscilia	ENSG00000205084	TMEM231	ENSG00000171680	PLEKHG5	0.06442860584363583	-0.19872121367889317	-0.1579192359328765	loo_localization	0.4893929059836361	0.6292323733686636	0.0	6
syscilia	ENSG00000205084	TMEM231	ENSG00000241935	HOGA1	0.07269913565348812	-0.25722359591485056	-0.08084032012629461	loo_localization	0.4893929059836361	0.4070309212992731	1.0	5
usher	ENSG00000006611	USH1C	ENSG00000076351	SLC46A1	0.03959077072048705	-0.15061776875074262	-0.13001945414834992	loo_localization	0.6207542248721899	0.5845289002211349	1.0	6
usher	ENSG00000006611	USH1C	ENSG00000135924	DNAJB2	0.037239623775965916	-0.024664158410280912	-0.19139305908490645	loo_localization	0.6207542248721899	0.5748828171493516	1.0	6
usher	ENSG00000006611	USH1C	ENSG00000186111	PIP5K1C	0.010245320401009943	-0.09527926243657525	0.03416405348538376	loo_localization	0.6207542248721899	0.684265937543002	0.0	6
usher	ENSG00000042781	USH2A	ENSG00000066926	FECH	0.0028860540377633193	-0.030554897236109824	0.044186562353888625	loo_localization	0.688830978026323	0.5518076581805285	1.0	5
usher	ENSG00000042781	USH2A	ENSG00000177469	CAVIN1	0.0028860540377633193	-0.030554897236109824	0.044186562353888625	loo_localization	0.688830978026323	0.5265547555373058	1.0	5
usher	ENSG00000042781	USH2A	ENSG00000185551	NR2F2	0.0022050424539116014	0.018780582804017065	-0.04303872864587266	loo_localization	0.688830978026323	0.583169557657909	1.0	5
usher	ENSG00000095397	WHRN	ENSG00000103150	MLYCD	0.03116378375775936	0.17305182951682951	0.034883349303608036	loo_localization	0.6371454980970291	0.3443943690661121	1.0	5
usher	ENSG00000095397	WHRN	ENSG00000158014	SLC30A2	0.007596887874348445	-0.0871601277784082	0.0	loo_localization	0.6371454980970291	0.4684299832007588	1.0	5
usher	ENSG00000095397	WHRN	ENSG00000198963	RORB	0.012070887658608972	-0.04450757936347749	-0.10044880804575396	loo_localization	0.6371454980970291	0.6825846615868356	0.0	5
usher	ENSG00000107736	CDH23	ENSG00000149781	FERMT3	0.001611453349599955	-0.04014291157352634	0.0	loo_localization	0.712616911391397	0.5843205119510871	1.0	5
usher	ENSG00000107736	CDH23	ENSG00000168509	HJV	0.00275618237641606	0.052499355961916905	0.0	loo_localization	0.712616911391397	0.3364039546078755	1.0	5
usher	ENSG00000107736	CDH23	ENSG00000189067	LITAF	0.00241263734595417	0.010286649859594377	-0.04802938871795348	loo_localization	0.712616911391397	0.5265791550256695	1.0	5
usher	ENSG00000137474	MYO7A	ENSG00000110195	FOLR1	0.0023763606286958316	-0.048747929481115726	0.0	loo_localization	0.6716759690871313	0.5338530320905199	1.0	5
usher	ENSG00000137474	MYO7A	ENSG00000132855	ANGPTL3	0.0032649878749918472	0.0	0.05714007240975327	loo_localization	0.6716759690871313	0.323783679718663	1.0	5
usher	ENSG00000137474	MYO7A	ENSG00000147168	IL2RG	0.006255038466015333	-0.05468135505840621	0.05714007240975327	loo_localization	0.6716759690871313	0.31380570701717037	1.0	4
usher	ENSG00000150275	PCDH15	ENSG00000107099	DOCK8	0.002376360628696005	0.0487479294811175	0.0	loo_localization	0.7179602769063061	0.5376274060956695	1.0	5
usher	ENSG00000150275	PCDH15	ENSG00000131844	MCCC2	0.010395325286962914	-0.08375409120524768	0.058142733796631596	loo_localization	0.7179602769063061	0.4921394973194841	1.0	5
usher	ENSG00000150275	PCDH15	ENSG00000187045	TMPRSS6	0.0015148859240494868	-0.038921535479082614	0.0	loo_localization	0.7179602769063061	0.3667472080390524	1.0	5
usher	ENSG00000163646	CLRN1	ENSG00000088682	COQ9	0.025782168807114005	-0.05533850631416737	0.15073094747274318	loo_localization	0.5268855536445349	0.5245472966899043	1.0	5
usher	ENSG00000163646	CLRN1	ENSG00000130475	FCHO1	0.008395166903107662	0.058502382235957384	-0.07051693538310921	loo_localization	0.5268855536445349	0.5971569579068909	0.0	5
usher	ENSG00000163646	CLRN1	ENSG00000174080	CTSF	0.030715756624701898	-0.10783786227608383	-0.13815481202052382	loo_localization	0.5268855536445349	0.3775192633999898	1.0	5
usher	ENSG00000164199	ADGRV1	ENSG00000099822	HCN2	0.031125778671746554	0.11384088855012475	0.13478141847400416	loo_localization	0.746545610713997	0.6470154555946699	1.0	5
usher	ENSG00000164199	ADGRV1	ENSG00000134240	HMGCS2	0.03726526242073056	0.17589097986908087	0.07954637403065679	loo_localization	0.746545610713997	0.34849341225475194	1.0	6
usher	ENSG00000164199	ADGRV1	ENSG00000146938	NLGN4X	0.011434824660034352	0.0	0.10693373957752694	loo_localization	0.746545610713997	0.47445419941661565	1.0	4
usher	ENSG00000182040	USH1G	ENSG00000109101	FOXN1	0.08781208780532823	0.17305182951682951	0.2405517659594425	loo_localization	0.5271746179869147	0.39517649024477924	1.0	5
usher	ENSG00000182040	USH1G	ENSG00000121905	HPCA	0.029929708361460118	0.14646558031502988	0.09207356919573417	loo_localization	0.5271746179869147	0.5910966497011985	0.0	5
usher	ENSG00000182040	USH1G	ENSG00000145794	MEGF10	0.04663293900868466	0.17305182951682951	-0.1291743136601191	loo_localization	0.5271746179869147	0.45808991609302224	1.0	5
syscilia	ENSG00000011143	MKS1	ENSG00000145020	AMT	0.030162594549279186	0.0722780012981521	0.1579192359328765	loo_animal_model	0.552952821863545	0.5416159165603954	1.0	6
syscilia	ENSG00000011143	MKS1	ENSG00000155465	SLC7A7	0.010498602807829199	-0.06750884050190065	0.07707891580658188	loo_animal_model	0.552952821863545	0.5609314942271697	0.0	5
syscilia	ENSG00000011143	MKS1	ENSG00000176715	ACSF3	0.021338355339768515	0.023530071817035925	-0.1441689670492705	loo_animal_model	0.552952821863545	0.38667940286366687	1.0	6
syscilia	ENSG00000032742	IFT88	ENSG00000008056	SYN1	0.07131649912700963	-0.19127142954676657	0.18636453355224525	loo_animal_model	0.6392372952685701	0.8220170891904268	0.0	4
syscilia	ENSG00000032742	IFT88	ENSG00000100427	MLC1	0.02940691554989839	-0.16774135772972976	0.03563358607950118	loo_animal_model	0.6392372952685701	0.6210699511375207	1.0	6
syscilia	ENSG00000032742	IFT88	ENSG00000120693	SMAD9	0.04351521846509199	-0.09372021713027578	0.18636453355224525	loo_animal_model	0.6392372952685701	0.5201527432354022	1.0	6
syscilia	ENSG00000046651	OFD1	ENSG00000106327	TFR2	0.002777337926906311	0.02446761245755269	0.04667626664090996	loo_animal_model	0.7002233476755771	0.4823521221558883	1.0	5
syscilia	ENSG00000046651	OFD1	ENSG00000125505	MBOAT7	0.0015620508134909024	-0.03952278853384339	0.0	loo_animal_model	0.7002233476755771	0.5481757211530732	1.0	5
syscilia	ENSG00000046651	OFD1	ENSG00000134755	DSC2	0.0015620508134909024	-0.03952278853384339	0.0	loo_animal_model	0.7002233476755771	0.485519016588052	1.0	5
syscilia	ENSG00000048342	CC2D2A	ENSG00000140326	CDAN1	0.05676426027386997	-0.13667112235993795	0.19515446340461917	loo_animal_model	0.6122857981311782	0.3317092088897769	1.0	6
syscilia	ENSG00000048342	CC2D2A	ENSG00000147180	ZNF711	0.05486010210812104	-0.23422233477642784	0.0	loo_animal_model	0.6122857981311782	0.45233176772648187	1.0	5
syscilia	ENSG00000048342	CC2D2A	ENSG00000147251	DOCK11	0.01867899568712513	-0.13667112235993795	0.0	loo_animal_model	0.6122857981311782	0.5748817982588851	1.0	4
syscilia	ENSG00000103494	RPGRIP1L	ENSG00000083720	OXCT1	0.0	0.0	0.0	loo_animal_model	0.60621105702027	0.6738958018850284	0.0	6
syscilia	ENSG00000103494	RPGRIP1L	ENSG00000139718	SETD1B	0.0	0.0	0.0	loo_animal_model	0.60621105702027	0.6401854478516593	0.0	6
syscilia	ENSG00000103494	RPGRIP1L	ENSG00000143390	RFX5	0.018333785657409084	0.027295298794193457	0.1326225935545855	loo_animal_model	0.60621105702027	0.5234311550156484	1.0	6
syscilia	ENSG00000110274	CEP164	ENSG00000134759	ELP2	0.03444491784134633	-0.06300530654991832	0.17457161621494244	loo_animal_model	0.7585210850682754	0.4877896939496039	1.0	6
syscilia	ENSG00000110274	CEP164	ENSG00000166228	PCBD1	0.03149844205020073	-0.03198738598734785	0.17457161621494244	loo_animal_model	0.7585210850682754	0.33129858495551384	1.0	6
syscilia	ENSG00000110274	CEP164	ENSG00000184752	NDUFA12	0.01497099593335489	-0.12235602123865785	0.0	loo_animal_model	0.7585210850682754	0.46738256456648153	1.0	6
syscilia	ENSG00000113971	NPHP3	ENSG00000111877	MCM9	0.056764260273869625	0.13667112235993795	-0.19515446340461828	loo_animal_model	0.6194060667066521	0.3653430088438768	1.0	6
syscilia	ENSG00000113971	NPHP3	ENSG00000135241	PNPLA8	0.00034011383517263495	0.01844217544577198	0.0	loo_animal_model	0.6194060667066521	0.5718750368182074	1.0	6
syscilia	ENSG00000113971	NPHP3	ENSG00000137090	DMRT1	0.015128350866724375	0.11599338786226276	-0.04091313773055116	loo_animal_model	0.6194060667066521	0.5063595160688279	1.0	5
syscilia	ENSG00000122507	BBS9	ENSG00000068831	RASGRP2	0.00044538343545660224	0.021104109444764596	0.0	loo_animal_model	0.6183418949587078	0.4104450471308722	1.0	6
syscilia	ENSG00000122507	BBS9	ENSG00000122787	AKR1D1	0.0	0.0	0.0	loo_animal_model	0.6183418949587078	0.4134675302433226	1.0	6
syscilia	ENSG00000122507	BBS9	ENSG00000163389	POGLUT1	0.0018192398862880085	0.04265254841493071	0.0	loo_animal_model	0.6183418949587078	0.39149287269115834	1.0	6
syscilia	ENSG00000125124	BBS2	ENSG00000087053	MTMR2	0.07889047356051841	-0.028833260083853673	-0.279390616652484	loo_animal_model	0.5931332086823787	0.47980346590839795	1.0	6
syscilia	ENSG00000125124	BBS2	ENSG00000132740	IGHMBP2	0.01532559190060963	-0.12379657467236171	0.0	loo_animal_model	0.5931332086823787	0.48900492538885504	1.0	6
syscilia	ENSG00000125124	BBS2	ENSG00000172575	RASGRP1	0.026798168895239616	0.02966912215210371	-0.16099040991923452	loo_animal_model	0.5931332086823787	0.5449026761781479	1.0	6
syscilia	ENSG00000131697	NPHP4	ENSG00000117305	HMGCL	0.032514764849206575	-0.17340168870522632	0.049463311690407075	loo_animal_model	0.5850835147406527	0.5221390276457364	1.0	5
syscilia	ENSG00000131697	NPHP4	ENSG00000160688	FLAD1	0.024387380977918007	-0.031017920562570467	0.15305315933325936	loo_animal_model	0.5850835147406527	0.5429935320730185	1.0	6
syscilia	ENSG00000131697	NPHP4	ENSG00000169692	AGPAT2	0.027651153541387617	0.06500679933280473	0.15305315933325936	loo_animal_model	0.5850835147406527	0.5261483117455875	1.0	5
syscilia	ENSG00000138002	IFT172	ENSG00000101577	LPIN2	0.004416291164497938	0.022495697756601984	-0.06253186985003367	loo_animal_model	0.6507166144846459	0.4488907068103208	1.0	6
syscilia	ENSG00000138002	IFT172	ENSG00000139132	FGD4	0.0004845229318751042	-0.022011881606875505	0.0	loo_animal_model	0.6507166144846459	0.5967686813777188	1.0	6
syscilia	ENSG00000138002	IFT172	ENSG00000165970	SLC6A5	0.008669621408653726	0.09311080178289588	0.0	loo_animal_model	0.6507166144846459	0.5268317850190548	1.0	5
syscilia	ENSG00000138686	BBS7	ENSG00000068438	FTSJ1	0.06536180099852128	-0.12810610965259972	0.22124788285585328	loo_animal_model	0.641174187619742	0.5367558259377461	1.0	5
syscilia	ENSG00000138686	BBS7	ENSG00000145414	NAF1	0.05329826993106004	-0.21465169940853102	0.08498775130623049	loo_animal_model	0.641174187619742	0.5335976972855682	1.0	6
syscilia	ENSG00000138686	BBS7	ENSG00000146021	KLHL3	0.0067116655663509665	-0.08192475551596701	0.0	loo_animal_model	0.641174187619742	0.7705971156324612	0.0	5
syscilia	ENSG00000140463	BBS4	ENSG00000129159	KCNC1	0.16101498514040422	0.34438372369325965	0.20594862465083086	loo_animal_model	0.6179766007565418	0.5865525570209037	1.0	6
syscilia	ENSG00000140463	BBS4	ENSG00000131183	SLC34A1	0.10550839130333503	0.10783786227608427	0.3063974326965866	loo_animal_model	0.6179766007565418	0.3418792278267735	1.0	6
syscilia	ENSG00000140463	BBS4	ENSG00000164532	TBX20	0.07100740408077921	0.2656130940807859	-0.021379624262618968	loo_animal_model	0.6179766007565418	0.4331335317148898	1.0	6
syscilia	ENSG00000144061	NPHP1	ENSG00000108375	RNF43	0.00480943506373498	0.04310165462910742	-0.05432938829002332	loo_animal_model	0.6095696775093623	0.7154736051282764	0.0	5
syscilia	ENSG00000144061	NPHP1	ENSG00000177646	ACAD9	0.006928775813055342	-0.06142921593098283	0.05617140948169297	loo_animal_model	0.6095696775093623	0.5415432007147469	1.0	6
syscilia	ENSG00000144061	NPHP1	ENSG00000243646	IL10RB	0.013036844094402384	-0.10042490558837613	-0.05432938829002332	loo_animal_model	0.6095696775093623	0.3661160382897954	1.0	6
syscilia	ENSG00000148384	INPP5E	ENSG00000105552	BCAT2	0.06266108348494989	-0.16940618703133747	0.18428952026757628	loo_animal_model	0.6179637393019419	0.3754966373697742	1.0	6
syscilia	ENSG00000148384	INPP5E	ENSG00000110066	KMT5B	0.06266108348494989	-0.16940618703133747	0.18428952026757628	loo_animal_model	0.6179637393019419	0.6334531970397429	0.0	6
syscilia	ENSG00000148384	INPP5E	ENSG00000186439	TRDN	0.011468691336581393	-0.09755121241649078	0.044186562353888625	loo_animal_model	0.6179637393019419	0.31787605568558264	1.0	6
syscilia	ENSG00000149483	TMEM138	ENSG00000122122	SASH3	0.2395548922665922	0.257223595914851	-0.41640234626047157	loo_animal_model	0.5743221683812388	0.47057776258685236	1.0	5
syscilia	ENSG00000149483	TMEM138	ENSG00000165288	BRWD3	0.5685477233242766	-0.7094451818841936	0.25541193634123704	loo_animal_model	0.5743221683812388	0.39787283856681754	1.0	5
syscilia	ENSG00000149483	TMEM138	ENSG00000166415	WDR72	0.5284678453223315	-0.6806119218003395	0.25541193634123704	loo_animal_model	0.5743221683812388	0.353873660558756	1.0	6
syscilia	ENSG00000156313	RPGR	ENSG00000106105	GARS1	0.0035213466114296975	-0.03821559278848685	-0.045397302554824215	loo_animal_model	0.546078273663816	0.6176669009980464	0.0	5
syscilia	ENSG00000156313	RPGR	ENSG00000135636	DYSF	0.0026346619129872743	0.05132895784045566	0.0	loo_animal_model	0.546078273663816	0.637164917451296	0.0	5
syscilia	ENSG00000156313	RPGR	ENSG00000173599	PC	0.00873936283001437	0.08099807999255937	0.04667626664090996	loo_animal_model	0.546078273663816	0.6541209926022226	0.0	5
syscilia	ENSG00000163093	BBS5	ENSG00000156873	PHKG2	0.03956303755551256	-0.11384088855012475	-0.1631051490592208	loo_animal_model	0.6177749019882206	0.5494736979730789	1.0	6
syscilia	ENSG00000163093	BBS5	ENSG00000187566	NHLRC1	0.006577755970442193	-0.05850238223595827	-0.05617140948169297	loo_animal_model	0.6177749019882206	0.3438236196791437	1.0	6
syscilia	ENSG00000163093	BBS5	ENSG00000217128	FNIP1	0.009353234178716016	-0.07728296503997534	0.058142733796631596	loo_animal_model	0.6177749019882206	0.5451558120465061	1.0	5
syscilia	ENSG00000164953	TMEM67	ENSG00000129667	RHBDF2	0.0042163579043935934	-0.017496375551869114	-0.06253186985003367	loo_animal_model	0.5872925744091521	0.49080968286624815	1.0	5
syscilia	ENSG00000164953	TMEM67	ENSG00000163625	WDFY3	0.017490034152376804	-0.13224989282557775	0.0	loo_animal_model	0.5872925744091521	0.4733619763273787	1.0	6
syscilia	ENSG00000164953	TMEM67	ENSG00000163754	GYG1	0.008569592972402265	-0.06825949183418167	-0.06253186985003367	loo_animal_model	0.5872925744091521	0.3542364150431403	1.0	6
syscilia	ENSG00000168778	TCTN2	ENSG00000116704	SLC35D1	0.06089563647825075	0.16411279413195468	0.18428952026757628	loo_animal_model	0.5528867438877768	0.4438442402181167	1.0	5
syscilia	ENSG00000168778	TCTN2	ENSG00000131061	ZNF341	0.08107591561067035	0.0	0.2847383283133311	loo_animal_model	0.5528867438877768	0.3721516851000671	1.0	6
syscilia	ENSG00000168778	TCTN2	ENSG00000144741	SLC25A26	0.0014921006008963178	0.038627718038946046	0.0	loo_animal_model	0.5528867438877768	0.34655111054007764	1.0	6
syscilia	ENSG00000169379	ARL13B	ENSG00000105146	AURKC	0.022890815399108356	-0.07877062961247372	0.1291743136601191	loo_animal_model	0.6528931382333975	0.6578354242816971	0.0	5
syscilia	ENSG00000169379	ARL13B	ENSG00000118729	CASQ2	0.021381330956927493	-0.14007715893309758	0.041949022660357826	loo_animal_model	0.6528931382333975	0.4039510022912174	1.0	5
syscilia	ENSG00000169379	ARL13B	ENSG00000173175	ADCY5	0.05009685964266575	-0.14007715893309758	0.17457161621494333	loo_animal_model	0.6528931382333975	0.43596364702878754	1.0	6
syscilia	ENSG00000174483	BBS1	ENSG00000059377	TBXAS1	0.017243601777468344	-0.1018698392696269	0.08286216039090899	loo_animal_model	0.6324883436424272	0.44844683886195696	1.0	6
syscilia	ENSG00000174483	BBS1	ENSG00000066777	ARFGEF1	0.0005536642797149101	-0.023530071817036813	0.0	loo_animal_model	0.6324883436424272	0.649398139602096	0.0	6
syscilia	ENSG00000174483	BBS1	ENSG00000154124	OTULIN	0.00808863643043431	-0.08009214438055245	0.04091313773055116	loo_animal_model	0.6324883436424272	0.5363254477453355	1.0	6
syscilia	ENSG00000179941	BBS10	ENSG00000100523	DDHD1	0.019855830355695624	0.04761384288787074	0.1326225935545855	loo_animal_model	0.5071183302008667	0.7484479348880211	0.0	5
syscilia	ENSG00000179941	BBS10	ENSG00000133111	RFXAP	0.017344300736528435	0.04761384288787074	-0.12278934278665066	loo_animal_model	0.5071183302008667	0.3080933774228722	1.0	6
syscilia	ENSG00000179941	BBS10	ENSG00000144036	EXOC6B	0.005224109471655676	0.0722780012981521	0.0	loo_animal_model	0.5071183302008667	0.5790763488001935	0.0	6
syscilia	ENSG00000187049	TMEM216	ENSG00000165186	PTCHD1	0.09044275112434844	0.25088603358759887	0.1658280714325251	loo_animal_model	0.5255683375027429	0.5251557290461064	1.0	4
syscilia	ENSG00000187049	TMEM216	ENSG00000167680	SEMA6B	0.01520477876677552	0.09311080178289588	0.08084032012629461	loo_animal_model	0.5255683375027429	0.600645919462582	0.0	5
syscilia	ENSG00000187049	TMEM216	ENSG00000204420	MPIG6B	0.02693300919779734	-0.16411279413195468	0.0	loo_animal_model	0.5255683375027429	0.307527161912442	1.0	6
syscilia	ENSG00000187535	IFT140	ENSG00000066629	EML1	0.07740551324663937	0.13978684180005274	0.2405517659594425	loo_animal_model	0.5887743968467273	0.7400299221217379	0.0	5
syscilia	ENSG00000187535	IFT140	ENSG00000102034	ELF4	0.023598983640456532	-0.12296927053542639	0.09207356919573417	loo_animal_model	0.5887743968467273	0.24083228461990008	1.0	5
syscilia	ENSG00000187535	IFT140	ENSG00000159753	CARMIL2	0.06318019164103422	0.16506005291839054	0.18956626960409473	loo_animal_model	0.5887743968467273	0.7369846407149883	0.0	5
syscilia	ENSG00000198707	CEP290	ENSG00000120251	GRIA2	0.0115051216123199	0.10117000126240328	-0.03563358607950118	loo_animal_model	0.7211244945497112	0.8526915366410324	0.0	5
syscilia	ENSG00000198707	CEP290	ENSG00000130702	LAMA5	0.01095810943048555	0.0	-0.10468098886849297	loo_animal_model	0.7211244945497112	0.6045205988840796	1.0	6
syscilia	ENSG00000198707	CEP290	ENSG00000138193	PLCE1	0.019636521546499718	-0.11921367278104622	0.07365203166616219	loo_animal_model	0.7211244945497112	0.6107369780160543	1.0	6
syscilia	ENSG00000204852	TCTN1	ENSG00000067836	ROGDI	0.010025099628981479	-0.032495206908550234	0.09470565535886433	loo_animal_model	0.5728206657748139	0.6430735944897269	0.0	5
syscilia	ENSG00000204852	TCTN1	ENSG00000075643	MOCOS	0.010025099628981479	-0.032495206908550234	0.09470565535886433	loo_animal_model	0.5728206657748139	0.314239641989683	1.0	6
syscilia	ENSG00000204852	TCTN1	ENSG00000161653	NAGS	0.05145007169170392	-0.20838618677763066	-0.08958386490871195	loo_animal_model	0.5728206657748139	0.319935073004377	1.0	6
syscilia	ENSG00000205084	TMEM231	ENSG00000119686	FLVCR2	0.01738777871825638	-0.10417591545138727	-0.08084032012629461	loo_animal_model	0.5098937472304639	0.5060127531183136	1.0	5
syscilia	ENSG00000205084	TMEM231	ENSG00000171680	PLEKHG5	0.06442860584363583	-0.19872121367889317	-0.1579192359328765	loo_animal_model	0.5098937472304639	0.6292323733686636	0.0	6
syscilia	ENSG00000205084	TMEM231	ENSG00000241935	HOGA1	0.07269913565348812	-0.25722359591485056	-0.08084032012629461	loo_animal_model	0.5098937472304639	0.4942518330062602	1.0	5
usher	ENSG00000006611	USH1C	ENSG00000076351	SLC46A1	0.03959077072048705	-0.15061776875074262	-0.13001945414834992	loo_animal_model	0.5525627283028647	0.5845289002211349	0.0	6
usher	ENSG00000006611	USH1C	ENSG00000135924	DNAJB2	0.037239623775965916	-0.024664158410280912	-0.19139305908490645	loo_animal_model	0.5525627283028647	0.5748828171493516	0.0	6
usher	ENSG00000006611	USH1C	ENSG00000186111	PIP5K1C	0.010245320401009943	-0.09527926243657525	0.03416405348538376	loo_animal_model	0.5525627283028647	0.6333117690749471	0.0	6
usher	ENSG00000042781	USH2A	ENSG00000066926	FECH	0.0028860540377633193	-0.030554897236109824	0.044186562353888625	loo_animal_model	0.7042272260445263	0.6700521563620703	1.0	5
usher	ENSG00000042781	USH2A	ENSG00000177469	CAVIN1	0.0028860540377633193	-0.030554897236109824	0.044186562353888625	loo_animal_model	0.7042272260445263	0.5265547555373058	1.0	5
usher	ENSG00000042781	USH2A	ENSG00000185551	NR2F2	0.0022050424539116014	0.018780582804017065	-0.04303872864587266	loo_animal_model	0.7042272260445263	0.5697799553625293	1.0	5
usher	ENSG00000095397	WHRN	ENSG00000103150	MLYCD	0.03116378375775936	0.17305182951682951	0.034883349303608036	loo_animal_model	0.7519982725443491	0.41819316243742183	1.0	5
usher	ENSG00000095397	WHRN	ENSG00000158014	SLC30A2	0.007596887874348445	-0.0871601277784082	0.0	loo_animal_model	0.7519982725443491	0.4684299832007588	1.0	5
usher	ENSG00000095397	WHRN	ENSG00000198963	RORB	0.012070887658608972	-0.04450757936347749	-0.10044880804575396	loo_animal_model	0.7519982725443491	0.6713207969513105	1.0	5
usher	ENSG00000107736	CDH23	ENSG00000149781	FERMT3	0.001611453349599955	-0.04014291157352634	0.0	loo_animal_model	0.7695776858590192	0.5843205119510871	1.0	5
usher	ENSG00000107736	CDH23	ENSG00000168509	HJV	0.00275618237641606	0.052499355961916905	0.0	loo_animal_model	0.7695776858590192	0.40849051630956307	1.0	5
usher	ENSG00000107736	CDH23	ENSG00000189067	LITAF	0.00241263734595417	0.010286649859594377	-0.04802938871795348	loo_animal_model	0.7695776858590192	0.5265791550256695	1.0	5
usher	ENSG00000137474	MYO7A	ENSG00000110195	FOLR1	0.0023763606286958316	-0.048747929481115726	0.0	loo_animal_model	0.7088668614211311	0.6265717066793022	1.0	5
usher	ENSG00000137474	MYO7A	ENSG00000132855	ANGPTL3	0.0032649878749918472	0.0	0.05714007240975327	loo_animal_model	0.7088668614211311	0.3931658968012337	1.0	5
usher	ENSG00000137474	MYO7A	ENSG00000147168	IL2RG	0.006255038466015333	-0.05468135505840621	0.05714007240975327	loo_animal_model	0.7088668614211311	0.3138057070171703	1.0	4
usher	ENSG00000150275	PCDH15	ENSG00000107099	DOCK8	0.002376360628696005	0.0487479294811175	0.0	loo_animal_model	0.7760660582699802	0.5376274060956695	1.0	5
usher	ENSG00000150275	PCDH15	ENSG00000131844	MCCC2	0.010395325286962914	-0.08375409120524768	0.058142733796631596	loo_animal_model	0.7760660582699802	0.4921394973194841	1.0	5
usher	ENSG00000150275	PCDH15	ENSG00000187045	TMPRSS6	0.0015148859240494868	-0.038921535479082614	0.0	loo_animal_model	0.7760660582699802	0.4453358954759922	1.0	5
usher	ENSG00000163646	CLRN1	ENSG00000088682	COQ9	0.025782168807114005	-0.05533850631416737	0.15073094747274318	loo_animal_model	0.5539809696495207	0.5245472966899043	1.0	5
usher	ENSG00000163646	CLRN1	ENSG00000130475	FCHO1	0.008395166903107662	0.058502382235957384	-0.07051693538310921	loo_animal_model	0.5539809696495207	0.5971569579068909	0.0	5
usher	ENSG00000163646	CLRN1	ENSG00000174080	CTSF	0.030715756624701898	-0.10783786227608383	-0.13815481202052382	loo_animal_model	0.5539809696495207	0.3775192633999898	1.0	5
usher	ENSG00000164199	ADGRV1	ENSG00000099822	HCN2	0.031125778671746554	0.11384088855012475	0.13478141847400416	loo_animal_model	0.698322570329451	0.7526020589832686	0.0	5
usher	ENSG00000164199	ADGRV1	ENSG00000134240	HMGCS2	0.03726526242073056	0.17589097986908087	0.07954637403065679	loo_animal_model	0.698322570329451	0.3451142528640945	1.0	6
usher	ENSG00000164199	ADGRV1	ENSG00000146938	NLGN4X	0.011434824660034352	0.0	0.10693373957752694	loo_animal_model	0.698322570329451	0.6167904592416003	1.0	4
usher	ENSG00000182040	USH1G	ENSG00000109101	FOXN1	0.08781208780532823	0.17305182951682951	0.2405517659594425	loo_animal_model	0.6264630576409732	0.45817876300947424	1.0	5
usher	ENSG00000182040	USH1G	ENSG00000121905	HPCA	0.029929708361460118	0.14646558031502988	0.09207356919573417	loo_animal_model	0.6264630576409732	0.7177602174943124	0.0	5
usher	ENSG00000182040	USH1G	ENSG00000145794	MEGF10	0.04663293900868466	0.17305182951682951	-0.1291743136601191	loo_animal_model	0.6264630576409732	0.4468260514574972	1.0	5
syscilia	ENSG00000011143	MKS1	ENSG00000145020	AMT	0.030162594549279186	0.0722780012981521	0.1579192359328765	loo_literature	0.42268380818049495	0.4755312581547405	0.0	6
syscilia	ENSG00000011143	MKS1	ENSG00000155465	SLC7A7	0.010498602807829199	-0.06750884050190065	0.07707891580658188	loo_literature	0.42268380818049495	0.42900074899495594	0.0	5
syscilia	ENSG00000011143	MKS1	ENSG00000176715	ACSF3	0.021338355339768515	0.023530071817035925	-0.1441689670492705	loo_literature	0.42268380818049495	0.29848549706347743	1.0	6
syscilia	ENSG00000032742	IFT88	ENSG00000008056	SYN1	0.07131649912700963	-0.19127142954676657	0.18636453355224525	loo_literature	0.5798467471855203	0.642895809157071	0.0	4
syscilia	ENSG00000032742	IFT88	ENSG00000100427	MLC1	0.02940691554989839	-0.16774135772972976	0.03563358607950118	loo_literature	0.5798467471855203	0.4659465373064648	1.0	6
syscilia	ENSG00000032742	IFT88	ENSG00000120693	SMAD9	0.04351521846509199	-0.09372021713027578	0.18636453355224525	loo_literature	0.5798467471855203	0.40099126158640935	1.0	6
syscilia	ENSG00000046651	OFD1	ENSG00000106327	TFR2	0.002777337926906311	0.02446761245755269	0.04667626664090996	loo_literature	0.5006240296400382	0.4823521221558883	1.0	5
syscilia	ENSG00000046651	OFD1	ENSG00000125505	MBOAT7	0.0015620508134909024	-0.03952278853384339	0.0	loo_literature	0.5006240296400382	0.3838457060386728	1.0	5
syscilia	ENSG00000046651	OFD1	ENSG00000134755	DSC2	0.0015620508134909024	-0.03952278853384339	0.0	loo_literature	0.5006240296400382	0.42122101791122374	1.0	5
syscilia	ENSG00000048342	CC2D2A	ENSG00000140326	CDAN1	0.05676426027386997	-0.13667112235993795	0.19515446340461917	loo_literature	0.5285862551555507	0.3317092088897769	1.0	6
syscilia	ENSG00000048342	CC2D2A	ENSG00000147180	ZNF711	0.05486010210812104	-0.23422233477642784	0.0	loo_literature	0.5285862551555507	0.33725385038661637	1.0	5
syscilia	ENSG00000048342	CC2D2A	ENSG00000147251	DOCK11	0.01867899568712513	-0.13667112235993795	0.0	loo_literature	0.5285862551555507	0.4160113969608755	1.0	4
syscilia	ENSG00000103494	RPGRIP1L	ENSG00000083720	OXCT1	0.0	0.0	0.0	loo_literature	0.48544628013553515	0.5097175439346392	0.0	6
syscilia	ENSG00000103494	RPGRIP1L	ENSG00000139718	SETD1B	0.0	0.0	0.0	loo_literature	0.48544628013553515	0.5255076175805506	0.0	6
syscilia	ENSG00000103494	RPGRIP1L	ENSG00000143390	RFX5	0.018333785657409084	0.027295298794193457	0.1326225935545855	loo_literature	0.48544628013553515	0.40199323289313277	1.0	6
syscilia	ENSG00000110274	CEP164	ENSG00000134759	ELP2	0.03444491784134633	-0.06300530654991832	0.17457161621494244	loo_literature	0.5879397871761421	0.4034081120574527	1.0	6
syscilia	ENSG00000110274	CEP164	ENSG00000166228	PCBD1	0.03149844205020073	-0.03198738598734785	0.17457161621494244	loo_literature	0.5879397871761421	0.3425624495910389	1.0	6
syscilia	ENSG00000110274	CEP164	ENSG00000184752	NDUFA12	0.01497099593335489	-0.12235602123865785	0.0	loo_literature	0.5879397871761421	0.3684598871408962	1.0	6
syscilia	ENSG00000113971	NPHP3	ENSG00000111877	MCM9	0.056764260273869625	0.13667112235993795	-0.19515446340461828	loo_literature	0.4670564136115033	0.3653430088438768	1.0	6
syscilia	ENSG00000113971	NPHP3	ENSG00000135241	PNPLA8	0.00034011383517263495	0.01844217544577198	0.0	loo_literature	0.4670564136115033	0.4409086042765661	1.0	6
syscilia	ENSG00000113971	NPHP3	ENSG00000137090	DMRT1	0.015128350866724375	0.11599338786226276	-0.04091313773055116	loo_literature	0.4670564136115033	0.5063595160688279	0.0	5
syscilia	ENSG00000122507	BBS9	ENSG00000068831	RASGRP2	0.00044538343545660224	0.021104109444764596	0.0	loo_literature	0.4703852908058266	0.4104450471308722	1.0	6
syscilia	ENSG00000122507	BBS9	ENSG00000122787	AKR1D1	0.0	0.0	0.0	loo_literature	0.4703852908058266	0.3376549736500133	1.0	6
syscilia	ENSG00000122507	BBS9	ENSG00000163389	POGLUT1	0.0018192398862880085	0.04265254841493071	0.0	loo_literature	0.4703852908058266	0.4093456757516647	1.0	6
syscilia	ENSG00000125124	BBS2	ENSG00000087053	MTMR2	0.07889047356051841	-0.028833260083853673	-0.279390616652484	loo_literature	0.49899715532921773	0.39598292565289406	1.0	6
syscilia	ENSG00000125124	BBS2	ENSG00000132740	IGHMBP2	0.01532559190060963	-0.12379657467236171	0.0	loo_literature	0.49899715532921773	0.38029161153357927	1.0	6
syscilia	ENSG00000125124	BBS2	ENSG00000172575	RASGRP1	0.026798168895239616	0.02966912215210371	-0.16099040991923452	loo_literature	0.49899715532921773	0.5449026761781479	0.0	6
syscilia	ENSG00000131697	NPHP4	ENSG00000117305	HMGCL	0.032514764849206575	-0.17340168870522632	0.049463311690407075	loo_literature	0.49813900695767266	0.4208818520283169	1.0	5
syscilia	ENSG00000131697	NPHP4	ENSG00000160688	FLAD1	0.024387380977918007	-0.031017920562570467	0.15305315933325936	loo_literature	0.49813900695767266	0.42779604848271985	1.0	6
syscilia	ENSG00000131697	NPHP4	ENSG00000169692	AGPAT2	0.027651153541387617	0.06500679933280473	0.15305315933325936	loo_literature	0.49813900695767266	0.39321232085890084	1.0	5
syscilia	ENSG00000138002	IFT172	ENSG00000101577	LPIN2	0.004416291164497938	0.022495697756601984	-0.06253186985003367	loo_literature	0.5699823924802934	0.4488907068103208	1.0	6
syscilia	ENSG00000138002	IFT172	ENSG00000139132	FGD4	0.0004845229318751042	-0.022011881606875505	0.0	loo_literature	0.5699823924802934	0.4721484575129083	1.0	6
syscilia	ENSG00000138002	IFT172	ENSG00000165970	SLC6A5	0.008669621408653726	0.09311080178289588	0.0	loo_literature	0.5699823924802934	0.5268317850190548	1.0	5
syscilia	ENSG00000138686	BBS7	ENSG00000068438	FTSJ1	0.06536180099852128	-0.12810610965259972	0.22124788285585328	loo_literature	0.5107396206668615	0.3867939031978791	1.0	5
syscilia	ENSG00000138686	BBS7	ENSG00000145414	NAF1	0.05329826993106004	-0.21465169940853102	0.08498775130623049	loo_literature	0.5107396206668615	0.39353043360519635	1.0	6
syscilia	ENSG00000138686	BBS7	ENSG00000146021	KLHL3	0.0067116655663509665	-0.08192475551596701	0.0	loo_literature	0.5107396206668615	0.6679048165311352	0.0	5
syscilia	ENSG00000140463	BBS4	ENSG00000129159	KCNC1	0.16101498514040422	0.34438372369325965	0.20594862465083086	loo_literature	0.5070974410498794	0.5865525570209037	0.0	6
syscilia	ENSG00000140463	BBS4	ENSG00000131183	SLC34A1	0.10550839130333503	0.10783786227608427	0.3063974326965866	loo_literature	0.5070974410498794	0.3418792278267735	1.0	6
syscilia	ENSG00000140463	BBS4	ENSG00000164532	TBX20	0.07100740408077921	0.2656130940807859	-0.021379624262618968	loo_literature	0.5070974410498794	0.5119805841635651	0.0	6
syscilia	ENSG00000144061	NPHP1	ENSG00000108375	RNF43	0.00480943506373498	0.04310165462910742	-0.05432938829002332	loo_literature	0.47277094540315145	0.5967045725243555	0.0	5
syscilia	ENSG00000144061	NPHP1	ENSG00000177646	ACAD9	0.006928775813055342	-0.06142921593098283	0.05617140948169297	loo_literature	0.47277094540315145	0.41568132732620866	1.0	6
syscilia	ENSG00000144061	NPHP1	ENSG00000243646	IL10RB	0.013036844094402384	-0.10042490558837613	-0.05432938829002332	loo_literature	0.47277094540315145	0.3661160382897954	1.0	6
syscilia	ENSG00000148384	INPP5E	ENSG00000105552	BCAT2	0.06266108348494989	-0.16940618703133747	0.18428952026757628	loo_literature	0.5257791361620802	0.3754966373697742	1.0	6
syscilia	ENSG00000148384	INPP5E	ENSG00000110066	KMT5B	0.06266108348494989	-0.16940618703133747	0.18428952026757628	loo_literature	0.5257791361620802	0.5175659081584845	1.0	6
syscilia	ENSG00000148384	INPP5E	ENSG00000186439	TRDN	0.011468691336581393	-0.09755121241649078	0.044186562353888625	loo_literature	0.5257791361620802	0.32378958461923324	1.0	6
syscilia	ENSG00000149483	TMEM138	ENSG00000122122	SASH3	0.2395548922665922	0.257223595914851	-0.41640234626047157	loo_literature	0.4326441833993044	0.3452765770886585	1.0	5
syscilia	ENSG00000149483	TMEM138	ENSG00000165288	BRWD3	0.5685477233242766	-0.7094451818841936	0.25541193634123704	loo_literature	0.4326441833993044	0.2524498558581727	1.0	5
syscilia	ENSG00000149483	TMEM138	ENSG00000166415	WDR72	0.5284678453223315	-0.6806119218003395	0.25541193634123704	loo_literature	0.4326441833993044	0.2425482840017122	1.0	6
syscilia	ENSG00000156313	RPGR	ENSG00000106105	GARS1	0.0035213466114296975	-0.03821559278848685	-0.045397302554824215	loo_literature	0.39325792218548794	0.4748477958045934	0.0	5
syscilia	ENSG00000156313	RPGR	ENSG00000135636	DYSF	0.0026346619129872743	0.05132895784045566	0.0	loo_literature	0.39325792218548794	0.4914690086234021	0.0	5
syscilia	ENSG00000156313	RPGR	ENSG00000173599	PC	0.00873936283001437	0.08099807999255937	0.04667626664090996	loo_literature	0.39325792218548794	0.5044792314833277	0.0	5
syscilia	ENSG00000163093	BBS5	ENSG00000156873	PHKG2	0.03956303755551256	-0.11384088855012475	-0.1631051490592208	loo_literature	0.5223352832034189	0.412639321756339	1.0	6
syscilia	ENSG00000163093	BBS5	ENSG00000187566	NHLRC1	0.006577755970442193	-0.05850238223595827	-0.05617140948169297	loo_literature	0.5223352832034189	0.3438236196791437	1.0	6
syscilia	ENSG00000163093	BBS5	ENSG00000217128	FNIP1	0.009353234178716016	-0.07728296503997534	0.058142733796631596	loo_literature	0.5223352832034189	0.5451558120465061	0.0	5
syscilia	ENSG00000164953	TMEM67	ENSG00000129667	RHBDF2	0.0042163579043935934	-0.017496375551869114	-0.06253186985003367	loo_literature	0.4434735964255623	0.49080968286624815	0.0	5
syscilia	ENSG00000164953	TMEM67	ENSG00000163625	WDFY3	0.017490034152376804	-0.13224989282557775	0.0	loo_literature	0.4434735964255623	0.4733619763273787	0.0	6
syscilia	ENSG00000164953	TMEM67	ENSG00000163754	GYG1	0.008569592972402265	-0.06825949183418167	-0.06253186985003367	loo_literature	0.4434735964255623	0.3542364150431403	1.0	6
syscilia	ENSG00000168778	TCTN2	ENSG00000116704	SLC35D1	0.06089563647825075	0.16411279413195468	0.18428952026757628	loo_literature	0.4242042823739343	0.4438442402181167	0.0	5
syscilia	ENSG00000168778	TCTN2	ENSG00000131061	ZNF341	0.08107591561067035	0.0	0.2847383283133311	loo_literature	0.4242042823739343	0.3721516851000671	1.0	6
syscilia	ENSG00000168778	TCTN2	ENSG00000144741	SLC25A26	0.0014921006008963178	0.038627718038946046	0.0	loo_literature	0.4242042823739343	0.34655111054007764	1.0	6
syscilia	ENSG00000169379	ARL13B	ENSG00000105146	AURKC	0.022890815399108356	-0.07877062961247372	0.1291743136601191	loo_literature	0.5571592025244531	0.45173047226805685	1.0	5
syscilia	ENSG00000169379	ARL13B	ENSG00000118729	CASQ2	0.021381330956927493	-0.14007715893309758	0.041949022660357826	loo_literature	0.5571592025244531	0.4039510022912174	1.0	5
syscilia	ENSG00000169379	ARL13B	ENSG00000173175	ADCY5	0.05009685964266575	-0.14007715893309758	0.17457161621494333	loo_literature	0.5571592025244531	0.43596364702878754	1.0	6
syscilia	ENSG00000174483	BBS1	ENSG00000059377	TBXAS1	0.017243601777468344	-0.1018698392696269	0.08286216039090899	loo_literature	0.5527872074644946	0.44844683886195696	1.0	6
syscilia	ENSG00000174483	BBS1	ENSG00000066777	ARFGEF1	0.0005536642797149101	-0.023530071817036813	0.0	loo_literature	0.5527872074644946	0.5059232377843825	1.0	6
syscilia	ENSG00000174483	BBS1	ENSG00000154124	OTULIN	0.00808863643043431	-0.08009214438055245	0.04091313773055116	loo_literature	0.5527872074644946	0.43319035934295524	1.0	6
syscilia	ENSG00000179941	BBS10	ENSG00000100523	DDHD1	0.019855830355695624	0.04761384288787074	0.1326225935545855	loo_literature	0.3653244382397053	0.5543712162764611	0.0	5
syscilia	ENSG00000179941	BBS10	ENSG00000133111	RFXAP	0.017344300736528435	0.04761384288787074	-0.12278934278665066	loo_literature	0.3653244382397053	0.3193572420583972	1.0	6
syscilia	ENSG00000179941	BBS10	ENSG00000144036	EXOC6B	0.005224109471655676	0.0722780012981521	0.0	loo_literature	0.3653244382397053	0.41177097353078623	0.0	6
syscilia	ENSG00000187049	TMEM216	ENSG00000165186	PTCHD1	0.09044275112434844	0.25088603358759887	0.1658280714325251	loo_literature	0.4365393373102248	0.544304298926499	0.0	4
syscilia	ENSG00000187049	TMEM216	ENSG00000167680	SEMA6B	0.01520477876677552	0.09311080178289588	0.08084032012629461	loo_literature	0.4365393373102248	0.600645919462582	0.0	5
syscilia	ENSG00000187049	TMEM216	ENSG00000204420	MPIG6B	0.02693300919779734	-0.16411279413195468	0.0	loo_literature	0.4365393373102248	0.307527161912442	1.0	6
syscilia	ENSG00000187535	IFT140	ENSG00000066629	EML1	0.07740551324663937	0.13978684180005274	0.2405517659594425	loo_literature	0.43054290263487716	0.5809085168560009	0.0	5
syscilia	ENSG00000187535	IFT140	ENSG00000102034	ELF4	0.023598983640456532	-0.12296927053542639	0.09207356919573417	loo_literature	0.43054290263487716	0.24083228461990014	1.0	5
syscilia	ENSG00000187535	IFT140	ENSG00000159753	CARMIL2	0.06318019164103422	0.16506005291839054	0.18956626960409473	loo_literature	0.43054290263487716	0.5885255257244549	0.0	5
syscilia	ENSG00000198707	CEP290	ENSG00000120251	GRIA2	0.0115051216123199	0.10117000126240328	-0.03563358607950118	loo_literature	0.6570472158852511	0.7099442151659263	0.0	5
syscilia	ENSG00000198707	CEP290	ENSG00000130702	LAMA5	0.01095810943048555	0.0	-0.10468098886849297	loo_literature	0.6570472158852511	0.5367759751048917	1.0	6
syscilia	ENSG00000198707	CEP290	ENSG00000138193	PLCE1	0.019636521546499718	-0.11921367278104622	0.07365203166616219	loo_literature	0.6570472158852511	0.5037527760901178	1.0	6
syscilia	ENSG00000204852	TCTN1	ENSG00000067836	ROGDI	0.010025099628981479	-0.032495206908550234	0.09470565535886433	loo_literature	0.43011257155837934	0.47826892763940415	0.0	5
syscilia	ENSG00000204852	TCTN1	ENSG00000075643	MOCOS	0.010025099628981479	-0.032495206908550234	0.09470565535886433	loo_literature	0.43011257155837934	0.314239641989683	1.0	6
syscilia	ENSG00000204852	TCTN1	ENSG00000161653	NAGS	0.05145007169170392	-0.20838618677763066	-0.08958386490871195	loo_literature	0.43011257155837934	0.319935073004377	1.0	6
syscilia	ENSG00000205084	TMEM231	ENSG00000119686	FLVCR2	0.01738777871825638	-0.10417591545138727	-0.08084032012629461	loo_literature	0.346747242099695	0.5060127531183136	0.0	5
syscilia	ENSG00000205084	TMEM231	ENSG00000171680	PLEKHG5	0.06442860584363583	-0.19872121367889317	-0.1579192359328765	loo_literature	0.346747242099695	0.5201879529737269	0.0	6
syscilia	ENSG00000205084	TMEM231	ENSG00000241935	HOGA1	0.07269913565348812	-0.25722359591485056	-0.08084032012629461	loo_literature	0.346747242099695	0.4942518330062602	0.0	5
usher	ENSG00000006611	USH1C	ENSG00000076351	SLC46A1	0.03959077072048705	-0.15061776875074262	-0.13001945414834992	loo_literature	0.4475763072257442	0.4709685545213811	0.0	6
usher	ENSG00000006611	USH1C	ENSG00000135924	DNAJB2	0.037239623775965916	-0.024664158410280912	-0.19139305908490645	loo_literature	0.4475763072257442	0.49210158353222727	0.0	6
usher	ENSG00000006611	USH1C	ENSG00000186111	PIP5K1C	0.010245320401009943	-0.09527926243657525	0.03416405348538376	loo_literature	0.4475763072257442	0.5370798832599245	0.0	6
usher	ENSG00000042781	USH2A	ENSG00000066926	FECH	0.0028860540377633193	-0.030554897236109824	0.044186562353888625	loo_literature	0.6226544743153772	0.5140480911095555	1.0	5
usher	ENSG00000042781	USH2A	ENSG00000177469	CAVIN1	0.0028860540377633193	-0.030554897236109824	0.044186562353888625	loo_literature	0.6226544743153772	0.38368228367369717	1.0	5
usher	ENSG00000042781	USH2A	ENSG00000185551	NR2F2	0.0022050424539116014	0.018780582804017065	-0.04303872864587266	loo_literature	0.6226544743153772	0.4759462232311066	1.0	5
usher	ENSG00000095397	WHRN	ENSG00000103150	MLYCD	0.03116378375775936	0.17305182951682951	0.034883349303608036	loo_literature	0.5612448958140961	0.41819316243742183	1.0	5
usher	ENSG00000095397	WHRN	ENSG00000158014	SLC30A2	0.007596887874348445	-0.0871601277784082	0.0	loo_literature	0.5612448958140961	0.3813535619719243	1.0	5
usher	ENSG00000095397	WHRN	ENSG00000198963	RORB	0.012070887658608972	-0.04450757936347749	-0.10044880804575396	loo_literature	0.5612448958140961	0.5579644377220251	1.0	5
usher	ENSG00000107736	CDH23	ENSG00000149781	FERMT3	0.001611453349599955	-0.04014291157352634	0.0	loo_literature	0.6527100623961704	0.4318735426489555	1.0	5
usher	ENSG00000107736	CDH23	ENSG00000168509	HJV	0.00275618237641606	0.052499355961916905	0.0	loo_literature	0.6527100623961704	0.40849051630956307	1.0	5
usher	ENSG00000107736	CDH23	ENSG00000189067	LITAF	0.00241263734595417	0.010286649859594377	-0.04802938871795348	loo_literature	0.6527100623961704	0.4131935599996256	1.0	5
usher	ENSG00000137474	MYO7A	ENSG00000110195	FOLR1	0.0023763606286958316	-0.048747929481115726	0.0	loo_literature	0.6014771754717532	0.4992038811779318	1.0	5
usher	ENSG00000137474	MYO7A	ENSG00000132855	ANGPTL3	0.0032649878749918472	0.0	0.05714007240975327	loo_literature	0.6014771754717532	0.3931658968012337	1.0	5
usher	ENSG00000137474	MYO7A	ENSG00000147168	IL2RG	0.006255038466015333	-0.05468135505840621	0.05714007240975327	loo_literature	0.6014771754717532	0.31380570701717037	1.0	4
usher	ENSG00000150275	PCDH15	ENSG00000107099	DOCK8	0.002376360628696005	0.0487479294811175	0.0	loo_literature	0.6650506115041509	0.43273101485037174	1.0	5
usher	ENSG00000150275	PCDH15	ENSG00000131844	MCCC2	0.010395325286962914	-0.08375409120524768	0.058142733796631596	loo_literature	0.6650506115041509	0.38469542519957445	1.0	5
usher	ENSG00000150275	PCDH15	ENSG00000187045	TMPRSS6	0.0015148859240494868	-0.038921535479082614	0.0	loo_literature	0.6650506115041509	0.4453358954759922	1.0	5
usher	ENSG00000163646	CLRN1	ENSG00000088682	COQ9	0.025782168807114005	-0.05533850631416737	0.15073094747274318	loo_literature	0.4411506414395936	0.41351623705700336	1.0	5
usher	ENSG00000163646	CLRN1	ENSG00000130475	FCHO1	0.008395166903107662	0.058502382235957384	-0.07051693538310921	loo_literature	0.4411506414395936	0.5068660440221835	0.0	5
usher	ENSG00000163646	CLRN1	ENSG00000174080	CTSF	0.030715756624701898	-0.10783786227608383	-0.13815481202052382	loo_literature	0.4411506414395936	0.3775192633999898	1.0	5
usher	ENSG00000164199	ADGRV1	ENSG00000099822	HCN2	0.031125778671746554	0.11384088855012475	0.13478141847400416	loo_literature	0.5715374096955379	0.6833267103858037	0.0	5
usher	ENSG00000164199	ADGRV1	ENSG00000134240	HMGCS2	0.03726526242073056	0.17589097986908087	0.07954637403065679	loo_literature	0.5715374096955379	0.34849341225475194	1.0	6
usher	ENSG00000164199	ADGRV1	ENSG00000146938	NLGN4X	0.011434824660034352	0.0	0.10693373957752694	loo_literature	0.5715374096955379	0.6167904592416003	0.0	4
usher	ENSG00000182040	USH1G	ENSG00000109101	FOXN1	0.08781208780532823	0.17305182951682951	0.2405517659594425	loo_literature	0.4292612174923269	0.4798571667258034	0.0	5
usher	ENSG00000182040	USH1G	ENSG00000121905	HPCA	0.029929708361460118	0.14646558031502988	0.09207356919573417	loo_literature	0.4292612174923269	0.6096066313608441	0.0	5
usher	ENSG00000182040	USH1G	ENSG00000145794	MEGF10	0.04663293900868466	0.17305182951682951	-0.1291743136601191	loo_literature	0.4292612174923269	0.45808991609302224	0.0	5
syscilia	ENSG00000011143	MKS1	ENSG00000145020	AMT	0.030162594549279186	0.0722780012981521	0.1579192359328765	omit_animal_and_literature	0.4576819069557113	0.5500757136444812	0.0	6
syscilia	ENSG00000011143	MKS1	ENSG00000155465	SLC7A7	0.010498602807829199	-0.06750884050190065	0.07707891580658188	omit_animal_and_literature	0.4576819069557113	0.5329451101660397	0.0	5
syscilia	ENSG00000011143	MKS1	ENSG00000176715	ACSF3	0.021338355339768515	0.023530071817035925	-0.1441689670492705	omit_animal_and_literature	0.4576819069557113	0.36244667500565114	1.0	6
syscilia	ENSG00000032742	IFT88	ENSG00000008056	SYN1	0.07131649912700963	-0.19127142954676657	0.18636453355224525	omit_animal_and_literature	0.562143198644197	0.9184225845101015	0.0	4
syscilia	ENSG00000032742	IFT88	ENSG00000100427	MLC1	0.02940691554989839	-0.16774135772972976	0.03563358607950118	omit_animal_and_literature	0.562143198644197	0.5657922238721358	0.0	6
syscilia	ENSG00000032742	IFT88	ENSG00000120693	SMAD9	0.04351521846509199	-0.09372021713027578	0.18636453355224525	omit_animal_and_literature	0.562143198644197	0.47665979806185815	1.0	6
syscilia	ENSG00000046651	OFD1	ENSG00000106327	TFR2	0.002777337926906311	0.02446761245755269	0.04667626664090996	omit_animal_and_literature	0.6104936146039865	0.5857132911892929	1.0	5
syscilia	ENSG00000046651	OFD1	ENSG00000125505	MBOAT7	0.0015620508134909024	-0.03952278853384339	0.0	omit_animal_and_literature	0.6104936146039865	0.46609835733267413	1.0	5
syscilia	ENSG00000046651	OFD1	ENSG00000134755	DSC2	0.0015620508134909024	-0.03952278853384339	0.0	omit_animal_and_literature	0.6104936146039865	0.4529261155681087	1.0	5
syscilia	ENSG00000048342	CC2D2A	ENSG00000140326	CDAN1	0.05676426027386997	-0.13667112235993795	0.19515446340461917	omit_animal_and_literature	0.530700732447675	0.402789753651872	1.0	6
syscilia	ENSG00000048342	CC2D2A	ENSG00000147180	ZNF711	0.05486010210812104	-0.23422233477642784	0.0	omit_animal_and_literature	0.530700732447675	0.43843000550260125	1.0	5
syscilia	ENSG00000048342	CC2D2A	ENSG00000147251	DOCK11	0.01867899568712513	-0.13667112235993795	0.0	omit_animal_and_literature	0.530700732447675	0.5669468958292614	0.0	4
syscilia	ENSG00000103494	RPGRIP1L	ENSG00000083720	OXCT1	0.0	0.0	0.0	omit_animal_and_literature	0.5222744431416162	0.6189427319206333	0.0	6
syscilia	ENSG00000103494	RPGRIP1L	ENSG00000139718	SETD1B	0.0	0.0	0.0	omit_animal_and_literature	0.5222744431416162	0.6381163927763829	0.0	6
syscilia	ENSG00000103494	RPGRIP1L	ENSG00000143390	RFX5	0.018333785657409084	0.027295298794193457	0.1326225935545855	omit_animal_and_literature	0.5222744431416162	0.4881346399416613	1.0	6
syscilia	ENSG00000110274	CEP164	ENSG00000134759	ELP2	0.03444491784134633	-0.06300530654991832	0.17457161621494244	omit_animal_and_literature	0.7074233633132738	0.4898527074983354	1.0	6
syscilia	ENSG00000110274	CEP164	ENSG00000166228	PCBD1	0.03149844205020073	-0.03198738598734785	0.17457161621494244	omit_animal_and_literature	0.7074233633132738	0.40229113887455253	1.0	6
syscilia	ENSG00000110274	CEP164	ENSG00000184752	NDUFA12	0.01497099593335489	-0.12235602123865785	0.0	omit_animal_and_literature	0.7074233633132738	0.4474155772425169	1.0	6
syscilia	ENSG00000113971	NPHP3	ENSG00000111877	MCM9	0.056764260273869625	0.13667112235993795	-0.19515446340461828	omit_animal_and_literature	0.538341628008209	0.443630796453279	1.0	6
syscilia	ENSG00000113971	NPHP3	ENSG00000135241	PNPLA8	0.00034011383517263495	0.01844217544577198	0.0	omit_animal_and_literature	0.538341628008209	0.5353890194786874	1.0	6
syscilia	ENSG00000113971	NPHP3	ENSG00000137090	DMRT1	0.015128350866724375	0.11599338786226276	-0.04091313773055116	omit_animal_and_literature	0.538341628008209	0.6444575659057808	0.0	5
syscilia	ENSG00000122507	BBS9	ENSG00000068831	RASGRP2	0.00044538343545660224	0.021104109444764596	0.0	omit_animal_and_literature	0.5371052608378305	0.49839755723034485	1.0	6
syscilia	ENSG00000122507	BBS9	ENSG00000122787	AKR1D1	0.0	0.0	0.0	omit_animal_and_literature	0.5371052608378305	0.3963320609461643	1.0	6
syscilia	ENSG00000122507	BBS9	ENSG00000163389	POGLUT1	0.0018192398862880085	0.04265254841493071	0.0	omit_animal_and_literature	0.5371052608378305	0.4753842025535494	1.0	6
syscilia	ENSG00000125124	BBS2	ENSG00000087053	MTMR2	0.07889047356051841	-0.028833260083853673	-0.279390616652484	omit_animal_and_literature	0.5061149918278359	0.48083640972137137	1.0	6
syscilia	ENSG00000125124	BBS2	ENSG00000132740	IGHMBP2	0.01532559190060963	-0.12379657467236171	0.0	omit_animal_and_literature	0.5061149918278359	0.4617826711479177	1.0	6
syscilia	ENSG00000125124	BBS2	ENSG00000172575	RASGRP1	0.026798168895239616	0.02966912215210371	-0.16099040991923452	omit_animal_and_literature	0.5061149918278359	0.6616675353591797	0.0	6
syscilia	ENSG00000131697	NPHP4	ENSG00000117305	HMGCL	0.032514764849206575	-0.17340168870522632	0.049463311690407075	omit_animal_and_literature	0.49660840209737017	0.5356678116724033	0.0	5
syscilia	ENSG00000131697	NPHP4	ENSG00000160688	FLAD1	0.024387380977918007	-0.031017920562570467	0.15305315933325936	omit_animal_and_literature	0.49660840209737017	0.5194666303004455	0.0	6
syscilia	ENSG00000131697	NPHP4	ENSG00000169692	AGPAT2	0.027651153541387617	0.06500679933280473	0.15305315933325936	omit_animal_and_literature	0.49660840209737017	0.5004520447295101	0.0	5
syscilia	ENSG00000138002	IFT172	ENSG00000101577	LPIN2	0.004416291164497938	0.022495697756601984	-0.06253186985003367	omit_animal_and_literature	0.5770540120021268	0.5450815725553895	1.0	6
syscilia	ENSG00000138002	IFT172	ENSG00000139132	FGD4	0.0004845229318751042	-0.022011881606875505	0.0	omit_animal_and_literature	0.5770540120021268	0.5733231269799601	1.0	6
syscilia	ENSG00000138002	IFT172	ENSG00000165970	SLC6A5	0.008669621408653726	0.09311080178289588	0.0	omit_animal_and_literature	0.5770540120021268	0.6705131809333424	0.0	5
syscilia	ENSG00000138686	BBS7	ENSG00000068438	FTSJ1	0.06536180099852128	-0.12810610965259972	0.22124788285585328	omit_animal_and_literature	0.5646068221177277	0.4583704717750453	1.0	5
syscilia	ENSG00000138686	BBS7	ENSG00000145414	NAF1	0.05329826993106004	-0.21465169940853102	0.08498775130623049	omit_animal_and_literature	0.5646068221177277	0.47785838366345273	1.0	6
syscilia	ENSG00000138686	BBS7	ENSG00000146021	KLHL3	0.0067116655663509665	-0.08192475551596701	0.0	omit_animal_and_literature	0.5646068221177277	0.8500606755850811	0.0	5
syscilia	ENSG00000140463	BBS4	ENSG00000129159	KCNC1	0.16101498514040422	0.34438372369325965	0.20594862465083086	omit_animal_and_literature	0.5362484630894732	0.7122423906682402	0.0	6
syscilia	ENSG00000140463	BBS4	ENSG00000131183	SLC34A1	0.10550839130333503	0.10783786227608427	0.3063974326965866	omit_animal_and_literature	0.5362484630894732	0.4151390623610821	1.0	6
syscilia	ENSG00000140463	BBS4	ENSG00000164532	TBX20	0.07100740408077921	0.2656130940807859	-0.021379624262618968	omit_animal_and_literature	0.5362484630894732	0.525947859939509	1.0	6
syscilia	ENSG00000144061	NPHP1	ENSG00000108375	RNF43	0.00480943506373498	0.04310165462910742	-0.05432938829002332	omit_animal_and_literature	0.5262075804314169	0.7594421832128161	0.0	5
syscilia	ENSG00000144061	NPHP1	ENSG00000177646	ACAD9	0.006928775813055342	-0.06142921593098283	0.05617140948169297	omit_animal_and_literature	0.5262075804314169	0.5047558974675391	1.0	6
syscilia	ENSG00000144061	NPHP1	ENSG00000243646	IL10RB	0.013036844094402384	-0.10042490558837613	-0.05432938829002332	omit_animal_and_literature	0.5262075804314169	0.4445694750661801	1.0	6
syscilia	ENSG00000148384	INPP5E	ENSG00000105552	BCAT2	0.06266108348494989	-0.16940618703133747	0.18428952026757628	omit_animal_and_literature	0.5367689228635762	0.45596020252044006	1.0	6
syscilia	ENSG00000148384	INPP5E	ENSG00000110066	KMT5B	0.06266108348494989	-0.16940618703133747	0.18428952026757628	omit_animal_and_literature	0.5367689228635762	0.6284728884781597	0.0	6
syscilia	ENSG00000148384	INPP5E	ENSG00000186439	TRDN	0.011468691336581393	-0.09755121241649078	0.044186562353888625	omit_animal_and_literature	0.5367689228635762	0.3859923533324932	1.0	6
syscilia	ENSG00000149483	TMEM138	ENSG00000122122	SASH3	0.2395548922665922	0.257223595914851	-0.41640234626047157	omit_animal_and_literature	0.4874164447670079	0.448859550215256	1.0	5
syscilia	ENSG00000149483	TMEM138	ENSG00000165288	BRWD3	0.5685477233242766	-0.7094451818841936	0.25541193634123704	omit_animal_and_literature	0.4874164447670079	0.3281848126156245	1.0	5
syscilia	ENSG00000149483	TMEM138	ENSG00000166415	WDR72	0.5284678453223315	-0.6806119218003395	0.25541193634123704	omit_animal_and_literature	0.4874164447670079	0.29452291628779337	1.0	6
syscilia	ENSG00000156313	RPGR	ENSG00000106105	GARS1	0.0035213466114296975	-0.03821559278848685	-0.045397302554824215	omit_animal_and_literature	0.4102144674948625	0.560342092118331	0.0	5
syscilia	ENSG00000156313	RPGR	ENSG00000135636	DYSF	0.0026346619129872743	0.05132895784045566	0.0	omit_animal_and_literature	0.4102144674948625	0.5762674713137105	0.0	5
syscilia	ENSG00000156313	RPGR	ENSG00000173599	PC	0.00873936283001437	0.08099807999255937	0.04667626664090996	omit_animal_and_literature	0.4102144674948625	0.6125819239440409	0.0	5
syscilia	ENSG00000163093	BBS5	ENSG00000156873	PHKG2	0.03956303755551256	-0.11384088855012475	-0.1631051490592208	omit_animal_and_literature	0.5364279376498068	0.5010620335612688	1.0	6
syscilia	ENSG00000163093	BBS5	ENSG00000187566	NHLRC1	0.006577755970442193	-0.05850238223595827	-0.05617140948169297	omit_animal_and_literature	0.5364279376498068	0.4175001096103888	1.0	6
syscilia	ENSG00000163093	BBS5	ENSG00000217128	FNIP1	0.009353234178716016	-0.07728296503997534	0.058142733796631596	omit_animal_and_literature	0.5364279376498068	0.6938346698773713	0.0	5
syscilia	ENSG00000164953	TMEM67	ENSG00000129667	RHBDF2	0.0042163579043935934	-0.017496375551869114	-0.06253186985003367	omit_animal_and_literature	0.49944718756078454	0.6246668691024976	0.0	5
syscilia	ENSG00000164953	TMEM67	ENSG00000163625	WDFY3	0.017490034152376804	-0.13224989282557775	0.0	omit_animal_and_literature	0.49944718756078454	0.5747966855403884	0.0	6
syscilia	ENSG00000164953	TMEM67	ENSG00000163754	GYG1	0.008569592972402265	-0.06825949183418167	-0.06253186985003367	omit_animal_and_literature	0.49944718756078454	0.4301442182666704	1.0	6
syscilia	ENSG00000168778	TCTN2	ENSG00000116704	SLC35D1	0.06089563647825075	0.16411279413195468	0.18428952026757628	omit_animal_and_literature	0.4595281970477449	0.564892669368512	0.0	5
syscilia	ENSG00000168778	TCTN2	ENSG00000131061	ZNF341	0.08107591561067035	0.0	0.2847383283133311	omit_animal_and_literature	0.4595281970477449	0.4518984747643672	1.0	6
syscilia	ENSG00000168778	TCTN2	ENSG00000144741	SLC25A26	0.0014921006008963178	0.038627718038946046	0.0	omit_animal_and_literature	0.4595281970477449	0.42081206279866573	1.0	6
syscilia	ENSG00000169379	ARL13B	ENSG00000105146	AURKC	0.022890815399108356	-0.07877062961247372	0.1291743136601191	omit_animal_and_literature	0.5787141253967767	0.5749296919775269	1.0	5
syscilia	ENSG00000169379	ARL13B	ENSG00000118729	CASQ2	0.021381330956927493	-0.14007715893309758	0.041949022660357826	omit_animal_and_literature	0.5787141253967767	0.5141194574615494	1.0	5
syscilia	ENSG00000169379	ARL13B	ENSG00000173175	ADCY5	0.05009685964266575	-0.14007715893309758	0.17457161621494333	omit_animal_and_literature	0.5787141253967767	0.5293844285349564	1.0	6
syscilia	ENSG00000174483	BBS1	ENSG00000059377	TBXAS1	0.017243601777468344	-0.1018698392696269	0.08286216039090899	omit_animal_and_literature	0.5537916872322155	0.5445425900466621	1.0	6
syscilia	ENSG00000174483	BBS1	ENSG00000066777	ARFGEF1	0.0005536642797149101	-0.023530071817036813	0.0	omit_animal_and_literature	0.5537916872322155	0.6143353601667502	0.0	6
syscilia	ENSG00000174483	BBS1	ENSG00000154124	OTULIN	0.00808863643043431	-0.08009214438055245	0.04091313773055116	omit_animal_and_literature	0.5537916872322155	0.5260168649164456	1.0	6
syscilia	ENSG00000179941	BBS10	ENSG00000100523	DDHD1	0.019855830355695624	0.04761384288787074	0.1326225935545855	omit_animal_and_literature	0.4018917191945011	0.7055633661700413	0.0	5
syscilia	ENSG00000179941	BBS10	ENSG00000133111	RFXAP	0.017344300736528435	0.04761384288787074	-0.12278934278665066	omit_animal_and_literature	0.4018917191945011	0.3741133868706305	1.0	6
syscilia	ENSG00000179941	BBS10	ENSG00000144036	EXOC6B	0.005224109471655676	0.0722780012981521	0.0	omit_animal_and_literature	0.4018917191945011	0.5000076107159548	0.0	6
syscilia	ENSG00000187049	TMEM216	ENSG00000165186	PTCHD1	0.09044275112434844	0.25088603358759887	0.1658280714325251	omit_animal_and_literature	0.4266350533408303	0.7502224700658664	0.0	4
syscilia	ENSG00000187049	TMEM216	ENSG00000167680	SEMA6B	0.01520477876677552	0.09311080178289588	0.08084032012629461	omit_animal_and_literature	0.4266350533408303	0.764458442952377	0.0	5
syscilia	ENSG00000187049	TMEM216	ENSG00000204420	MPIG6B	0.02693300919779734	-0.16411279413195468	0.0	omit_animal_and_literature	0.4266350533408303	0.37342583946510816	1.0	6
syscilia	ENSG00000187535	IFT140	ENSG00000066629	EML1	0.07740551324663937	0.13978684180005274	0.2405517659594425	omit_animal_and_literature	0.5011236923403073	0.6784108445609338	0.0	5
syscilia	ENSG00000187535	IFT140	ENSG00000102034	ELF4	0.023598983640456532	-0.12296927053542639	0.09207356919573417	omit_animal_and_literature	0.5011236923403073	0.3130819700058701	1.0	5
syscilia	ENSG00000187535	IFT140	ENSG00000159753	CARMIL2	0.06318019164103422	0.16506005291839054	0.18956626960409473	omit_animal_and_literature	0.5011236923403073	0.7214417916467054	0.0	5
syscilia	ENSG00000198707	CEP290	ENSG00000120251	GRIA2	0.0115051216123199	0.10117000126240328	-0.03563358607950118	omit_animal_and_literature	0.6613989624959244	0.9035653647566334	0.0	5
syscilia	ENSG00000198707	CEP290	ENSG00000130702	LAMA5	0.01095810943048555	0.0	-0.10468098886849297	omit_animal_and_literature	0.6613989624959244	0.6039279736406727	1.0	6
syscilia	ENSG00000198707	CEP290	ENSG00000138193	PLCE1	0.019636521546499718	-0.11921367278104622	0.07365203166616219	omit_animal_and_literature	0.6613989624959244	0.6116997995380002	1.0	6
syscilia	ENSG00000204852	TCTN1	ENSG00000067836	ROGDI	0.010025099628981479	-0.032495206908550234	0.09470565535886433	omit_animal_and_literature	0.48434234467445597	0.6087059079046961	0.0	5
syscilia	ENSG00000204852	TCTN1	ENSG00000075643	MOCOS	0.010025099628981479	-0.032495206908550234	0.09470565535886433	omit_animal_and_literature	0.48434234467445597	0.3815767081303294	1.0	6
syscilia	ENSG00000204852	TCTN1	ENSG00000161653	NAGS	0.05145007169170392	-0.20838618677763066	-0.08958386490871195	omit_animal_and_literature	0.48434234467445597	0.3884925886481721	1.0	6
syscilia	ENSG00000205084	TMEM231	ENSG00000119686	FLVCR2	0.01738777871825638	-0.10417591545138727	-0.08084032012629461	omit_animal_and_literature	0.4073726726350635	0.64401623124149	0.0	5
syscilia	ENSG00000205084	TMEM231	ENSG00000171680	PLEKHG5	0.06442860584363583	-0.19872121367889317	-0.1579192359328765	omit_animal_and_literature	0.4073726726350635	0.6316568000395256	0.0	6
syscilia	ENSG00000205084	TMEM231	ENSG00000241935	HOGA1	0.07269913565348812	-0.25722359591485056	-0.08084032012629461	omit_animal_and_literature	0.4073726726350635	0.6290477874625129	0.0	5
usher	ENSG00000006611	USH1C	ENSG00000076351	SLC46A1	0.03959077072048705	-0.15061776875074262	-0.13001945414834992	omit_animal_and_literature	0.4606815557970802	0.5718903876331056	0.0	6
usher	ENSG00000006611	USH1C	ENSG00000135924	DNAJB2	0.037239623775965916	-0.024664158410280912	-0.19139305908490645	omit_animal_and_literature	0.4606815557970802	0.5975519228605617	0.0	6
usher	ENSG00000006611	USH1C	ENSG00000186111	PIP5K1C	0.010245320401009943	-0.09527926243657525	0.03416405348538376	omit_animal_and_literature	0.4606815557970802	0.5902955108186987	0.0	6
usher	ENSG00000042781	USH2A	ENSG00000066926	FECH	0.0028860540377633193	-0.030554897236109824	0.044186562353888625	omit_animal_and_literature	0.6242015616901052	0.6542430250485252	0.0	5
usher	ENSG00000042781	USH2A	ENSG00000177469	CAVIN1	0.0028860540377633193	-0.030554897236109824	0.044186562353888625	omit_animal_and_literature	0.6242015616901052	0.4658999158894895	1.0	5
usher	ENSG00000042781	USH2A	ENSG00000185551	NR2F2	0.0022050424539116014	0.018780582804017065	-0.04303872864587266	omit_animal_and_literature	0.6242015616901052	0.5616758968505254	1.0	5
usher	ENSG00000095397	WHRN	ENSG00000103150	MLYCD	0.03116378375775936	0.17305182951682951	0.034883349303608036	omit_animal_and_literature	0.6867209899426123	0.5322458431021732	1.0	5
usher	ENSG00000095397	WHRN	ENSG00000158014	SLC30A2	0.007596887874348445	-0.0871601277784082	0.0	omit_animal_and_literature	0.6867209899426123	0.46307218239447956	1.0	5
usher	ENSG00000095397	WHRN	ENSG00000198963	RORB	0.012070887658608972	-0.04450757936347749	-0.10044880804575396	omit_animal_and_literature	0.6867209899426123	0.6638506958907501	1.0	5
usher	ENSG00000107736	CDH23	ENSG00000149781	FERMT3	0.001611453349599955	-0.04014291157352634	0.0	omit_animal_and_literature	0.7088673619926277	0.5244178732165888	1.0	5
usher	ENSG00000107736	CDH23	ENSG00000168509	HJV	0.00275618237641606	0.052499355961916905	0.0	omit_animal_and_literature	0.7088673619926277	0.5198970207576257	1.0	5
usher	ENSG00000107736	CDH23	ENSG00000189067	LITAF	0.00241263734595417	0.010286649859594377	-0.04802938871795348	omit_animal_and_literature	0.7088673619926277	0.5017350371424025	1.0	5
usher	ENSG00000137474	MYO7A	ENSG00000110195	FOLR1	0.0023763606286958316	-0.048747929481115726	0.0	omit_animal_and_literature	0.6296659129108315	0.6077596985874942	1.0	5
usher	ENSG00000137474	MYO7A	ENSG00000132855	ANGPTL3	0.0032649878749918472	0.0	0.05714007240975327	omit_animal_and_literature	0.6296659129108315	0.5003929595652065	1.0	5
usher	ENSG00000137474	MYO7A	ENSG00000147168	IL2RG	0.006255038466015333	-0.05468135505840621	0.05714007240975327	omit_animal_and_literature	0.6296659129108315	0.4079474191223214	1.0	4
usher	ENSG00000150275	PCDH15	ENSG00000107099	DOCK8	0.002376360628696005	0.0487479294811175	0.0	omit_animal_and_literature	0.7245735154027846	0.5254590894611657	1.0	5
usher	ENSG00000150275	PCDH15	ENSG00000131844	MCCC2	0.010395325286962914	-0.08375409120524768	0.058142733796631596	omit_animal_and_literature	0.7245735154027846	0.46713015917091183	1.0	5
usher	ENSG00000150275	PCDH15	ENSG00000187045	TMPRSS6	0.0015148859240494868	-0.038921535479082614	0.0	omit_animal_and_literature	0.7245735154027846	0.5667911396967173	1.0	5
usher	ENSG00000163646	CLRN1	ENSG00000088682	COQ9	0.025782168807114005	-0.05533850631416737	0.15073094747274318	omit_animal_and_literature	0.4522534675718641	0.5021268592835041	0.0	5
usher	ENSG00000163646	CLRN1	ENSG00000130475	FCHO1	0.008395166903107662	0.058502382235957384	-0.07051693538310921	omit_animal_and_literature	0.4522534675718641	0.6154801963126514	0.0	5
usher	ENSG00000163646	CLRN1	ENSG00000174080	CTSF	0.030715756624701898	-0.10783786227608383	-0.13815481202052382	omit_animal_and_literature	0.4522534675718641	0.45841624841427336	0.0	5
usher	ENSG00000164199	ADGRV1	ENSG00000099822	HCN2	0.031125778671746554	0.11384088855012475	0.13478141847400416	omit_animal_and_literature	0.6354531627347758	0.8276127296416022	0.0	5
usher	ENSG00000164199	ADGRV1	ENSG00000134240	HMGCS2	0.03726526242073056	0.17589097986908087	0.07954637403065679	omit_animal_and_literature	0.6354531627347758	0.4190673070492576	1.0	6
usher	ENSG00000164199	ADGRV1	ENSG00000146938	NLGN4X	0.011434824660034352	0.0	0.10693373957752694	omit_animal_and_literature	0.6354531627347758	0.8811292274880004	0.0	4
usher	ENSG00000182040	USH1G	ENSG00000109101	FOXN1	0.08781208780532823	0.17305182951682951	0.2405517659594425	omit_animal_and_literature	0.5289246678262408	0.5831366074666035	0.0	5
usher	ENSG00000182040	USH1G	ENSG00000121905	HPCA	0.029929708361460118	0.14646558031502988	0.09207356919573417	omit_animal_and_literature	0.5289246678262408	0.775862985368347	0.0	5
usher	ENSG00000182040	USH1G	ENSG00000145794	MEGF10	0.04663293900868466	0.17305182951682951	-0.1291743136601191	omit_animal_and_literature	0.5289246678262408	0.5425744910555323	0.0	5
